t,real_gdp,unemployment_rate,policy_rate,gov_deficit,gov_debt,benefit_paid,total_credit,price_index,energy_bought,e_capacity_utilization,energy_unfilled
0,116.9935042291531,0.8547059637172626,0.000134,211.3013534807589,4988.8013534808415,35.59999999999997,913.574933382918,1.1999999999999997,34.63693739999999,0.0711843662806987,0.0
1,221.96155053625483,0.7103349951082073,0.00012543699283404827,196.1660888645881,5185.12950635483,35.652817850599604,1067.7202715792623,1.1999999999999995,33.30333012536535,0.18564989453317388,0.0
2,273.4254741452596,0.6308297558475194,0.00011847423581617185,185.0678765345574,5370.380701463754,35.73505587198728,1077.1265186411815,1.2,31.95525657609178,0.21477751722223862,0.0
3,309.20476380005533,0.5713424143025964,0.00011240939934126135,177.5444907625848,5548.114021253368,35.63027987385096,1077.4278047154503,1.1999999999999997,30.733476428474948,0.23141602343870732,0.0
4,341.43823074749406,0.5159465789259617,0.0001070226705525911,161.49362556487606,5709.803393234611,35.62425657231651,1077.9094601778118,1.1999999999999997,29.72663999200025,0.23143467784853813,0.0
5,391.98275277233955,0.4314107824936718,0.00010226538894619929,159.94052223207174,5869.946254485417,35.620564134615435,1078.5687276485562,1.1999999999999997,28.588601256160995,0.23145842104936556,0.0
6,416.3830853583264,0.387004231750291,9.844258621900544e-05,152.91784863957338,6023.073466867392,35.623987211538406,1078.9838712222695,1.2,27.533525440176273,0.23149603732103216,0.0
7,466.76908946065635,0.30666380046002095,9.512055378656393e-05,142.84736540044912,6166.138118876608,35.62741028846152,1079.3108264535572,1.2000000000000002,26.577988140455858,0.26364921192297136,0.0
8,479.8746501167981,0.289833903960628,9.267770179333629e-05,139.30881132021236,6305.672250534624,35.63083336538464,1079.5259090090624,1.1999999999999997,25.722742477081425,0.2636476686411534,0.0
9,499.9780566063875,0.2522114114434397,9.043160687037703e-05,133.71104091660283,6439.616321932352,35.63083336538464,1079.7225721982632,1.2,24.89710365977641,0.26366538618849966,0.0
10,514.0860454129667,0.2323799113477476,8.860116959041361e-05,130.57035672283598,6570.427459464114,35.63083336538464,1079.8639652381655,1.1999999999999997,24.14034279223176,0.2971214343033289,0.0
11,533.1212010911767,0.18704866095061845,8.699456995963442e-05,124.88780943080954,6695.563657307748,35.63083336538464,1079.987049391098,1.1999999999999997,23.427677330084776,0.2971101026045597,0.0
12,544.6771821934965,0.1605546915943038,8.588142396116117e-05,120.62725902756449,6816.446673384987,35.64110259615388,1080.0707467421737,1.2000000000000002,22.767892718271366,0.2971081297385952,0.0
13,561.8271292691701,0.1323575000505277,8.505755520229284e-05,117.13958376120189,6933.849132902709,35.64110259615388,1080.1311963051858,1.2,22.160013136472735,0.297145800113272,0.0
14,571.3169883801276,0.11406140444420099,8.453888704934416e-05,114.3444935823595,7048.463438087369,35.6479744230769,1080.1673506037112,1.2,21.59753622087359,0.29713023546801,0.0
15,579.3506937762036,0.09834210225762519,8.421774107430871e-05,110.88156874721491,7159.621731183681,35.6479744230769,1080.185229442806,1.2000000000000002,21.07159675252458,0.33078494657341057,0.0
16,584.1395947720061,0.08881698930008808,8.406519172520805e-05,110.40502266498613,7270.310310468105,35.6479744230769,1080.189663514566,1.2001511798014688,10.415718366974254,0.3307822581306972,16.838806325255593
17,586.0564191452548,0.08271874951279579,8.401479813996869e-05,109.6309582841112,7380.231714153679,35.65139750000001,1080.1904376997334,1.2000810023541226,8.193864704890398,0.34169432224437407,21.794517514562905
18,590.9055514817834,0.07619496970100315,8.402858122966392e-05,108.32546641615733,7488.854023408763,35.65482057692313,1080.1904376997334,1.2,8.84784818627168,0.34169221967801366,21.90884708298584
19,594.1337090171554,0.06825390401569442,8.411059824969747e-05,106.10960787956657,7597.522279138289,35.66166673076921,1080.1904376997334,1.2059053036392378,9.498042989224796,0.34169029594655626,21.996742564125647
20,594.3750996262877,0.06359126733902276,8.437667376256033e-05,105.7391934480107,7703.570651070232,35.66166673076921,1080.1904376997334,1.2059525761962528,8.707017861689726,0.3416868946729515,22.09133986769133
21,596.0107965537418,0.06109770448866203,8.468924768232848e-05,104.56417442929639,7808.768762806654,35.66166673076921,1080.1904376997334,1.2059528738100325,7.974448520574619,0.34168356650875825,22.230187834869213
22,596.1735050233074,0.06098587950220402,8.502488974635701e-05,104.53934650472341,7916.422452909129,35.66508980769233,1080.1904376997334,1.2057404805407943,7.858352762044212,0.3416798103437449,22.412919317778453
23,594.3835384655941,0.06296174790355058,8.535808501270272e-05,105.1627981131502,8024.959155858886,35.66508980769233,1082.602245224262,1.2063243203609548,9.375615189754551,0.3416758816717914,22.608507862552116
24,595.3663858778189,0.06113893827790806,8.566867492735921e-05,104.41031752460604,8135.45584505081,35.66508980769233,1093.0416218156258,1.2058348314163756,7.976229952165628,0.3416716133017059,22.68369994462345
25,601.6222252516687,0.04703786025554635,8.599524682842405e-05,102.86791039140506,8247.00970546373,35.66851288461536,1102.994419090712,1.2071609948664093,10.284069086845285,0.37727884212085006,21.28275164914812
26,604.9944814033448,0.043518336935945645,8.646840184017957e-05,102.03802517332417,8363.560922238523,35.66851288461536,1111.5891684678586,1.206852359434838,9.448160680182683,0.3772728050489907,21.323992959872342
27,605.8951497023348,0.041255124882974226,8.697452385830597e-05,101.34701632159822,8482.367748788849,35.66851288461536,1119.9851458964945,1.2055934007277533,9.17713285872233,0.37726693527116795,21.41434059715339
28,606.310037199118,0.041072852362234125,8.750008189706743e-05,23.538118165397577,8525.797244022402,35.271127692307694,1128.5622122807188,1.2068092494176068,9.411201380597664,0.3772609648499992,21.464493172080896
29,609.0037267052626,0.034281172809063065,8.802250663635217e-05,99.16324703875652,8647.069289889567,35.27451230769234,1135.6593042618465,1.2066256807247384,10.911925646939588,0.39120770999918886,20.95481650891614
30,609.1526691851844,0.034065676745703044,8.86121480290935e-05,99.22367803475862,8770.063448915824,35.27451230769234,1141.7828002392714,1.2057834118606208,9.144760531434015,0.39120131327738916,21.040684401319123
31,602.916913877146,0.045203140057757274,8.91985266815326e-05,100.49396724153625,8894.336049473892,35.281306923076905,1150.790746191728,1.2057751008279092,10.253918124958227,0.3911947370611321,21.08449369797665
32,608.1272067821972,0.03571170009703406,8.966087394399465e-05,99.23867810887253,9017.087675157261,35.281306923076905,1168.435136330006,1.2073302225793532,11.013097252380641,0.3911880324172744,21.34357234838767
33,608.2916756310279,0.03559646525814353,9.021962602324072e-05,99.0124777060157,9139.824467403969,35.281306923076905,1185.4513336006094,1.212526582715517,9.380613063642063,0.3911807835867235,21.43171916628664
34,608.4560050116692,0.03548124134366437,9.083138073398819e-05,98.81114690396873,9262.420450501239,35.281306923076905,1200.567719986769,1.2117401808986832,10.548141776213875,0.3911723632042934,21.601261075989072
35,607.540061922146,0.03814123877978448,9.143853741589217e-05,98.653350793984,9384.86668977241,35.281306923076905,1222.208074890667,1.212288422840366,10.315699314212125,0.3911639844003196,21.719039152779374
36,607.0648621072075,0.03870145164861938,9.201200275462156e-05,98.89532076602254,9507.5776064317,35.28469153846155,1246.8190820573907,1.216697129453825,9.908271421704033,0.3911553071751284,21.850117890829228
37,608.8670486769165,0.03497297941558408,9.257397811994517e-05,98.12551980072406,9629.502055711495,35.28469153846155,1262.3883582215146,1.2134612927467072,10.725856355758788,0.39114629360363734,21.878245588471874
38,609.0689150564921,0.034815488803630945,9.31701846699914e-05,99.25388092605196,9752.628407879016,35.28469153846155,1283.4431234347082,1.2117455434148694,9.268451060752264,0.39113688244424183,22.11286659497748
39,606.944280209791,0.03919776578915568,9.37567458530538e-05,93.93676140500413,9870.448503014619,35.288076153846205,1312.5272032714563,1.2080862720901058,9.094408411595374,0.3911276004087077,22.276315298404125
40,606.7440708335643,0.04078787247173321,9.429097752917308e-05,94.76652725729431,9989.016314302373,35.29828095961541,1326.4066266816105,1.2082922222959882,9.97036257505019,0.3911176027499148,22.483511606644072
41,602.4681359878975,0.04990766913486977,9.480293411579047e-05,96.67076468090251,10109.483778726219,35.29828095961541,1334.1569199201203,1.2089391694193492,10.087997134826903,0.39110726873617585,22.61246130107993
42,594.1855250817224,0.05360976091858127,9.521262084711511e-05,97.09120767762205,10230.030018751238,35.305075575000025,1334.1060894567138,1.2089106516339683,11.791760226985811,0.4203501607775966,21.550871572241387
43,593.8353378530821,0.05157395274016796,9.565777525484736e-05,96.23467340379274,10349.505762810342,35.305075575000025,1337.8898389180376,1.2100651948445234,10.251859985360255,0.4242698668287217,21.622089039709778
44,596.1976473049222,0.05039715090573749,9.611961592016018e-05,-226.41498236949354,10146.31308204457,34.903881534375024,1348.4838125991932,1.2109758520048868,11.361258732204117,0.42425581347565844,21.6934803976585
45,600.2504960418713,0.04239707010293925,9.666676249221889e-05,94.47160323168268,10264.128140812172,34.90722768822117,1354.509160674167,1.2112332321347425,10.787340935326613,0.42424000249471255,22.2695816009419
46,601.6484272877128,0.03616841372732438,9.729303191680553e-05,94.27083710344691,10381.907794594572,34.90722768822117,1358.0737763869286,1.21234021953389,10.88523482537566,0.4360112862213731,21.907670261331724
47,596.162906604682,0.03955450601822341,9.797893281673942e-05,99.22183969630436,10504.70091545873,34.91057384206732,1369.7882373062675,1.2186506912633683,10.828019660226818,0.43599435617784077,21.91499330207496
48,596.6530629317477,0.039086338513345975,9.862167406182304e-05,99.17596191652515,10627.236159073045,34.91057384206732,1377.6307251361607,1.2168187817637253,11.35797158604196,0.43626647838565197,21.95481319785605
49,596.6996360939926,0.03908633851334575,9.926262582361905e-05,98.8742930918333,10749.490824045817,34.91057384206732,1387.3393184563558,1.2147590313520802,11.82545539224722,0.4362489410451659,21.981298747738155
50,596.626302426515,0.039205629319455704,9.989685031414298e-05,99.21022767863951,10872.086262180379,34.91057384206732,1401.8700824621756,1.215635684003056,11.544025680195803,0.436231133466258,21.97889451939183
51,595.9101362524239,0.039515573395053405,0.00010052316102983923,99.14708707422358,10994.619173753903,34.91391999591346,1424.9654081666154,1.2168971022073827,12.164619639692258,0.4370416160233227,21.957977418678713
52,595.3591125937116,0.039528794397783895,0.00010113978881543808,99.28334046048602,11117.279918956105,34.9172912459135,1447.5354705140942,1.2163264544108516,11.991511422304573,0.43997962107221944,21.805098074711054
53,592.92169724509,0.04562850159974052,0.00010174982840671447,99.6655500981237,11240.303659413978,34.92066249591347,1462.9442419434492,1.2173352989871185,11.318057416575467,0.44295617130570036,21.7508508816813
54,587.608507857081,0.05865986217121344,0.00010228860626061728,101.40988061188123,11364.977567297414,34.92403374591347,1474.0997390590783,1.2169142254958476,10.995762620140455,0.45200946475980075,21.14947735031832
55,593.9281294277976,0.04172928291421618,0.00010268523822584909,99.33449745376566,11487.320483250069,34.927404995913435,1488.1698862618168,1.2156043149791407,12.465001720150894,0.45578913563123524,21.36177791356857
56,590.4422330978269,0.04850534951179997,0.00010325742838474241,99.2638752552449,11609.801308205448,34.927404995913435,1492.8782119907025,1.2166980584367657,12.571178684728432,0.462188577306454,20.536268986739614
57,588.7712949143454,0.05342575849120412,0.00010375176906250456,101.8271248707145,11734.677138309757,34.97531646172774,1494.6128651970878,1.2175337197127598,12.455738301830833,0.46216711947062394,20.556888546974225
58,585.452193354982,0.055725491433033625,0.00010418510896628466,101.93143681000024,11859.573380736716,34.964192976021636,1498.7179700891727,1.217467933011297,12.456971840380614,0.46214558041096154,20.5295571725143
59,585.9929275459709,0.05048973474301188,0.00010458893427416081,101.17036734937221,11983.573306317658,34.96919661973296,1506.276192188602,1.2174593573071477,11.490444469230718,0.4666836093409617,20.1885031499376
60,586.4725424327415,0.04660251501957413,0.00010504371182194963,100.32425025173657,12106.7605493607,34.974581772341814,1510.4796871438589,1.2204576340239892,13.134796901609972,0.4707968751077773,20.13932856486219
61,585.444627863343,0.04902981243038129,0.0001055347727336587,100.61574932953175,12230.259986955278,34.97816275340358,1515.3949587721957,1.2184484363683847,13.190083629054316,0.47077511469264866,20.255226494690234
62,584.0112709185711,0.04522724067263084,0.00010599474842016918,100.66195696244516,12353.76051611848,34.98733960317541,1517.0400532151539,1.2170753361874593,12.940397852510173,0.4743588381992388,20.03865618240419
63,571.0714936904873,0.04628208610724516,0.00010649024347045981,101.33313216124232,12477.856769233522,34.99653525800303,1522.3972984958843,1.2164455885708412,12.241694959508742,0.47433577650609715,20.005410729279497
64,590.2026576473202,0.043799445110369595,0.00010696938081763155,100.37431513498501,12600.479697424606,35.04406149296672,1524.662066495298,1.2212980141279517,12.598622208347132,0.47431261587172385,19.75495214958867
65,588.6560621844341,0.042876631746741944,0.00010747000528196073,100.71595511302053,12724.202576439304,35.067122099663756,1528.7226328652123,1.2184035589870437,12.594309931768858,0.47428913208933104,19.814512216343882
66,573.3952039862533,0.04530411918506805,0.00010797541988814461,101.09133003321469,12848.23909950999,35.05626545069929,1533.6782741336135,1.2151019790113358,12.583729380162454,0.46196684044917463,20.377379461194696
67,589.6317561333765,0.043301346146114916,0.00010845000768998291,100.81196699157391,12971.391502364786,35.100855726821244,1539.8201472996375,1.2193902949283952,13.277206266565296,0.4619439365562841,20.342532301447527
68,566.7062730235536,0.03972086309931089,0.00010894252791286714,98.56590360728092,13092.99093398347,34.9475068269231,1540.9586335821175,1.2186109666487328,12.119636427895024,0.4619202293198312,20.18295047301228
69,562.799578700372,0.04630191898719216,0.00010946803418312722,99.87912438624627,13214.969573298604,34.9475068269231,1541.962774099935,1.218277334698183,11.770939391804646,0.46189689740673345,20.42115783315897
70,566.8883129422669,0.05222605254044865,0.00010992451838117882,101.81566713962162,13338.815399883519,34.95080597836514,1543.3277018046908,1.224197899883988,12.297225742983825,0.4618727768202081,20.088110985554934
71,581.8105802931135,0.04993839530123978,0.00011031312648833443,102.22064881474657,13463.229278045337,34.968437583058765,1543.2011435769398,1.2235193240726876,12.473521156003375,0.46184860331210303,20.300105808200552
72,581.9100602873086,0.04927162923581574,0.00011072175042757366,101.94133309706187,13587.914197737606,34.95662099538712,1542.9066509715665,1.2245242113742925,12.766484711282834,0.46182419680579384,20.08729920151347
73,582.4419916279812,0.04583287835431782,0.00011113299440218034,100.81139695743317,13711.461867148151,34.95754528846154,1542.7412710484805,1.2236451516193376,12.845950300813522,0.461799697883614,20.552498478227754
74,583.1688691253845,0.04269403381264536,0.00011157633501907457,101.44939028031871,13835.649327041168,34.97209785964909,1545.0049279945615,1.2236277385972365,12.360806398331635,0.46177601481963665,20.258338383584054
75,583.5154991428939,0.03927890810079426,0.00011204833993612372,100.30582713556481,13958.723774797632,34.967744667959366,1548.8723744230992,1.2248972914845453,12.595447329784013,0.46175108972981704,20.252972346084025
76,581.5588199117095,0.037859252330443516,0.00011261024185961038,99.61410686292045,14081.106130014738,34.96110796595157,1551.5911270335775,1.2254098766305659,13.839824986763672,0.474150209871096,19.97221043683232
77,581.3287384717272,0.03770988532995634,0.00011318153413376365,99.47416988106215,14203.27454157585,34.96182735060153,1560.6357218895569,1.2249506157856505,12.318594288151354,0.47412284812169525,19.89334157566702
78,576.577642979154,0.038997999053758,0.00011374860698966011,100.07250555105506,14326.01448290826,35.359962031915025,1564.8036554374028,1.2247762007609118,12.034191442333116,0.4740957445232246,19.893916278760226
79,578.2034209655166,0.03489217865003247,0.00011429620048700958,100.06780859315617,14448.519827172215,35.369043543207354,1566.1520201099765,1.223389668970021,11.66473697937128,0.47406851196990724,19.906784904404812
80,573.6339383143929,0.041905530767571864,0.00011488185690979606,102.16993297898445,14573.197927698318,35.38271428448714,1569.3274168482055,1.2229793188328382,12.053611106070655,0.4610827790061794,20.22107036631097
81,572.7804356833635,0.04561081260511357,0.00011538698176061684,102.31961907597866,14697.84596142258,35.373257510411925,1571.370773869786,1.2242349875355119,12.11324761286936,0.46105557605364755,20.216186542466122
82,568.3910645480107,0.05059841442794033,0.00011584738771837958,103.32915384035914,14823.462976737912,35.3815449320228,1575.8777058830035,1.225022329846519,14.039572911521603,0.46102876610352694,20.21189546963617
83,568.8338052094177,0.0528168870040201,0.00011624977352794447,103.4565979110638,14949.032090878933,35.39576116057612,1579.860134598492,1.2252085189074449,12.057551762017994,0.46100153350152434,20.104998374711847
84,565.8091489205158,0.05430016253050984,0.00011662404643828428,103.90630493195113,15075.04946046973,35.384105837018794,1579.56343987551,1.2282967832199911,11.457460107336003,0.4609743342400659,19.44364556328954
85,572.7847977981755,0.04661922445691602,0.00011697824535945658,102.7939146227157,15199.835709664709,35.385670795298516,1579.3631533776174,1.2287409174563322,12.404005339973171,0.46094777231421413,19.73552873105999
86,574.0875456413036,0.04611237206666419,0.0001174100328366645,103.0967931172369,15325.205637336167,34.99592266137376,1581.6478411807966,1.2292118119754587,12.703271060332703,0.46092187394008416,19.442537040194274
87,571.570610490662,0.05504533703474179,0.00011784248967016661,104.42579489836871,15451.938435912218,34.99665488450591,1582.6111906262447,1.2304563505077557,12.237942518471897,0.4608948788816362,18.492131277167243
88,570.1766165983315,0.06704658755321447,0.00011817517385590225,105.75593069570864,15579.728069287667,35.00495769825374,1582.3643783797131,1.232918338663232,11.597746700468388,0.4608708867243154,19.03397723143513
89,557.3856190335949,0.0890623321412124,0.00011837619984227251,110.98281276199174,15712.675222557475,35.02523055435208,1582.1183795750544,1.2376227176893415,11.424110404572033,0.4608443597312219,18.482432398418148
90,551.613107662318,0.09428559193720665,0.0001183400167440315,112.70412037487608,15846.964944199943,35.041795482412425,1582.6370018092982,1.241189651730391,14.09912277616082,0.5004848189542912,16.743102145685043
91,554.5923828610844,0.0896636825580337,0.00011824710211256212,112.9454510003284,15981.257652981123,35.08588812856033,1587.1313666490812,1.2412375840302257,11.71852533631235,0.4607913527631837,18.337483657060886
92,560.8316248825054,0.07703428094753939,0.0001182026424265177,110.98386316637965,16113.663195488672,35.19820368025634,1591.9036826605613,1.2411992407780048,11.66992446716812,0.46076446638787877,18.310762800013578
93,561.6247059565669,0.07877061282623143,0.00011829147185946526,111.00743628396478,16246.353996581984,35.02122756093205,1591.6858232020709,1.2425978677979812,12.077427790319739,0.46073758637483425,17.800797469421802
94,551.6396910591119,0.09190610284346656,0.00011835972871843028,113.97795228362601,16381.932446139457,35.18570205200936,1591.321854551214,1.2426288336243962,12.079704927255374,0.46071279412153016,17.7791963227349
95,548.5733178563343,0.09511448639999587,0.0001182862850158892,104.29437670855489,16507.460506773692,35.19250660032372,1590.9951191476778,1.2396365079373504,11.78243632447573,0.46068605053781514,17.71356878436382
96,546.6019769009146,0.09983409012332589,0.000118177844787223,72.38510276705206,16600.96196066429,35.22797204345257,1590.6679104596071,1.2260620080777944,11.083836527685051,0.46065971211344464,17.288081137924202
97,552.0462544305115,0.09087627855712976,0.0001180185973167002,73.68285455347927,16695.753290663142,35.253377874704555,1590.3392510703575,1.2269183880863848,10.326902244847986,0.4606332977431439,17.236276168901234
98,553.6521081815508,0.08385668815147262,0.00011795445912616705,72.8248431673506,16789.77926389147,35.08289743284798,1590.009401853582,1.2272812594718643,12.346817523124848,0.4745023353831083,16.619714549708934
99,555.7084578751266,0.07602415007640384,0.00011795700785288021,73.1762356056584,16884.17496687115,35.108348711682844,1589.6803717892176,1.2271245899565815,12.169502290050529,0.4744758581706342,16.522884101931496
100,554.6815597065469,0.07310626877607562,0.00011804148211061089,73.7462438836082,16979.226380454304,35.12289743820574,1589.3602786216914,1.227671455928575,11.698532677496823,0.4744490415466074,16.43478238136494
101,550.7344959247719,0.07328952068645311,0.00011815496996451727,74.93545366229756,17075.433541831146,35.050476527657835,1589.0392252424933,1.2270757949228575,10.708274592505143,0.47442143087943844,16.36099607485504
102,554.3608611758158,0.07166124143164754,0.00011826425749615387,78.11251880313351,17174.657389863874,35.1465804107583,1588.721086562336,1.2273702161395725,11.2347583940172,0.47439562464805407,16.359848127636436
103,562.8486273602302,0.058519786932426876,0.00011838865395679458,80.95220360478332,17276.300430843054,35.196481563155785,1588.3982235002957,1.227238771574302,12.052953945746896,0.47437093801368013,16.35234404248413
104,558.5751998789345,0.06528225658244868,0.00011865054733539588,79.81187771480673,17376.939828135724,35.110691936288575,1588.0740782843227,1.2280636360052575,11.691365759574168,0.4743459944198351,16.30183024365279
105,555.427124709576,0.0651726317814445,0.00011883711752964848,81.91917246315701,17479.53439518576,35.20510178799695,1587.7517023125815,1.2325018299078645,11.53098080259234,0.4743212063296388,16.26868311361412
106,552.2922841738185,0.06137548049632069,0.00011902270331963463,84.89789605627288,17585.05270209138,35.16175230054447,1587.4268238621619,1.2325702608640914,11.957665145368072,0.4742964996698601,16.828131364154547
107,558.648623419155,0.045645727965371585,0.00011924590424438839,86.36286195536357,17692.02918804471,35.18968267957019,1587.10217162856,1.231613223501802,12.391563244686559,0.4934245321340563,14.958225560874371
108,551.2026759371622,0.05915965702592818,0.00011960534910410182,83.2868759841195,17796.18046075697,35.185766350349546,1586.7766442901786,1.231320266488748,11.734263569196356,0.49339991319196735,14.902161200013971
109,550.7852807581017,0.06083095076249523,0.0001198169563955498,83.3979345293838,17900.129064225075,35.2561801805903,1586.5097693173634,1.2316255406340664,12.669186509948915,0.4933754744585871,16.17369187728658
110,541.1960830956814,0.07151808235198853,0.00012000785782750446,86.27258371173721,18006.879454885606,35.447650513231245,1586.2377860537374,1.2305068955366791,12.851358885443044,0.4933509324815028,14.656567139132441
111,540.3577198116287,0.0675793173121575,0.00012008228474839235,87.1955968382744,18114.254400178495,35.36849463126249,1585.9405798466244,1.2307795177603218,12.380695021076452,0.49332658457697776,16.516224013355647
112,536.8364121524597,0.06802579111388529,0.00012019674439853577,87.53936652939379,18221.946131567194,35.38285251680326,1585.6437577054312,1.2300204854392338,12.038757278295995,0.5107226770932763,16.133939757705278
113,538.3752510599793,0.0661382632727262,0.0001203042760770819,87.41373724028006,18329.366775999417,35.31696484018162,1585.346600373519,1.229996951427441,11.814725066661188,0.5106974107241377,16.065111195763887
114,538.1987488468986,0.06128630610328034,0.0001204297686985295,88.15826618439297,18437.496529036343,35.39367493185358,1585.0489121833057,1.2287658270693869,12.800387710097542,0.5106719612140009,16.00538132899877
115,536.3876894820323,0.060473033410534116,0.00012060429210114117,88.71080710162433,18546.163378478643,35.1544690439084,1584.7504320323296,1.2286541217143985,12.080191563261337,0.5106463053627702,14.866213600551173
116,537.5374975775038,0.05093577463759591,0.00012078484283105465,89.40729672922375,18655.457544467266,35.13368371283125,1584.4541717241775,1.2285601421160297,12.278671143047276,0.5106206583442194,14.800676183644295
117,533.4851538983427,0.05965346283940609,0.00012106420076155666,89.46483313117133,18764.859604975845,35.162528404519314,1584.1844023036995,1.2287158865330985,13.005137739866614,0.5105949574135951,12.866852068871246
118,534.4047958334452,0.051310558494898295,0.00012124738478650108,92.51673198617227,18876.997502427126,35.241233619381354,1583.8569999109998,1.2291301434695139,12.223961068730711,0.5105695439564277,15.165273189068877
119,533.6717632949914,0.04927689748233166,0.00012151665299197034,94.13421026610274,18990.799792629005,35.21530368952671,1583.5279759843386,1.2289480962708403,12.750259789473551,0.510543879938897,15.328220287299317
120,532.4196918028707,0.047231642526669004,0.00012180422324417449,95.9702298268691,19106.404397223818,35.19092690985801,1584.0853987043113,1.2287957355874006,13.976892907942723,0.5105181297248536,15.53894886355737
121,532.4066702919346,0.043389437235660244,0.00012211008225748225,-156.30728103281155,18969.696605936337,35.203666436697006,1585.0556230626037,1.235657352581662,11.761858423777069,0.5104923318611205,14.00636648705149
122,525.9857465484048,0.062153915988277464,0.0001225171905544336,102.4804861310585,19091.86150321529,35.2721874443799,1584.8500809629745,1.2355034873633597,11.596413625547433,0.5104650863172047,14.141266897165135
123,529.1082709403387,0.05288247441364469,0.00012272014688618514,105.37419737638665,19216.66048102547,35.269573448186705,1584.5207111901177,1.2383486576429978,12.547057220786462,0.510438762748719,14.534761942824705
124,526.4452658341904,0.05807611255302658,0.00012301905218054207,105.94305111990589,19342.13043057182,34.805347660498576,1584.1909655784207,1.2384332119570227,12.243547490230727,0.5104121175456554,13.470937519105131
125,532.403697588267,0.05829473691130349,0.0001232590264617758,106.33001797291892,19467.89210759118,35.11520956423137,1584.1533848981487,1.2381765540894842,11.768472472323392,0.510385748717513,13.74354519081843
126,533.16922559758,0.05968608524987473,0.0001234934544103609,103.58633105970762,19590.914264990177,34.89934170509434,1584.8227720873472,1.2385591724135228,13.109111395313723,0.5222358271995828,14.137575170346103
127,533.7375042034929,0.05532768187958337,0.00012370990304836854,105.16633984543427,19715.416001157544,34.88357409336964,1585.551830189975,1.2383284887901922,11.185820090536307,0.5222091257348463,13.925233496362594
128,526.0458177359754,0.07686696276587923,0.0001239696890247939,98.55337364020184,19833.1727205552,35.16803018453972,1585.669438019973,1.2395253546979235,13.134049956635941,0.522182314963412,13.281457257525147
129,524.85502379969,0.072918567529767,0.00012399693425839615,101.40319079415517,19953.38183983768,35.205945631348655,1585.3311309028445,1.2393562988471816,11.283568850566846,0.5221558328669842,14.252609497960403
130,532.8354871348865,0.061038236230463894,0.0001241062184021625,100.96954674965835,20073.124008438925,34.90890290080927,1584.9923948126893,1.2398572339875087,11.36595072763215,0.5221280947819271,14.2053386303694
131,535.8902853844048,0.05036493416423993,0.0001243396164820958,105.69812146672744,20197.74060019111,35.24610011212725,1584.665169398424,1.2392095099646694,12.126001773067411,0.5221005370121689,13.23797497703011
132,534.6250144507402,0.0506191156647432,0.00012468334521947697,105.27756891000327,20322.063755343952,35.00715237585621,1584.334126742777,1.2392677147320081,13.278729231220582,0.5331935098399083,13.589773402283992
133,533.8030405725274,0.050866274045378024,0.0001250203004491166,105.59092301578085,20446.643450809494,34.854260518783704,1584.0049611055629,1.239195897066499,12.910544515414614,0.5331647558552706,13.037724447872495
134,518.2799645016036,0.06417540994963156,0.00012535061114335742,105.4143697556471,20571.02317802873,34.95357736664231,1583.6773705329856,1.2395534658448926,11.121906826808917,0.5331360863597865,10.180690500262894
135,521.9954321114873,0.05329196072760645,0.00012553535112224713,108.96970161966169,20698.682848426408,34.94449769506994,1584.0142998937574,1.2394019126939908,11.929879444977475,0.5331077490763817,12.907621829941746
136,520.1234827265217,0.05616838584166006,0.00012583330962714987,109.09167350630123,20826.629268890378,34.97124480912375,1584.6881242983477,1.2395334960536417,11.165689139380444,0.533079135723776,13.322830206095063
137,520.7468601820174,0.05143420611874017,0.00012609695233029423,108.92905343769763,20954.336182204057,34.97470064841526,1585.36093359378,1.2391031301783995,12.781272229680111,0.5330506978346942,12.324764083939812
138,522.1341292524259,0.04878067804123842,0.00012640751961493142,108.43999923562451,21081.589478249967,34.79018988358888,1585.057558952059,1.2401326144685985,13.458284367997948,0.5330223921945499,12.060394326421864
139,520.3329717695931,0.06147090426223867,0.0001267433660035989,110.4556716214567,21210.92730338533,35.038273045307854,1584.7419782986267,1.2432830442941603,11.04525756844995,0.5329941460409854,9.960146880381341
140,522.2961201965161,0.05509657345640828,0.00012694019641781206,108.63909166409738,21338.26071278995,35.04879349566172,1589.128707070986,1.241394280046832,11.172518990761732,0.532966350858525,12.737692289451026
141,522.2588338244449,0.05372888999407355,0.0001272019170008586,108.74618044935417,21465.802759124344,34.971743063279675,1588.804453368221,1.2410476806302395,13.099224100734377,0.5329385515025773,12.691916647295958
142,517.4052864950147,0.058519399261131144,0.00012747476658964016,109.93375936199669,21594.548294173677,34.98862896050959,1588.4244319321913,1.2431631360017694,12.030046351343364,0.5390555682469863,11.890777598511
143,516.4908957637434,0.06097419507802215,0.00012773633149290147,110.49444156653621,21723.630089961,35.01638629285622,1588.043910000059,1.2436611141042286,11.040109904843217,0.5390267422915466,11.353724058643657
144,518.8339934498653,0.05622968211711055,0.00012796827878628508,110.01762138245356,21852.1889552543,35.033794591678245,1587.6625931863312,1.2441924303752974,12.415431127603979,0.5397223433428754,12.783801480129014
145,513.586027993351,0.059418624614910986,0.00012824743707933118,47.74767583398366,21918.58431835462,34.453702680311544,1587.2807554643741,1.244121164399635,13.174266745583646,0.5396939268979188,11.958385184652652
146,509.5367886438685,0.06478197571495103,0.00012848903846721742,111.74756458378266,22048.88715625463,34.46220848579457,1586.9039977176724,1.250343428485115,13.275548712826925,0.5327979312000615,9.572322322118442
147,512.7052571525351,0.04974424498096597,0.0001286705485146822,109.63555250672802,22177.038041002743,34.40701166297128,1586.520547163215,1.2481904253167297,11.476159706866962,0.5327701437410344,12.601004769226172
148,511.1161511221319,0.05010750392024188,0.00012900918070556913,109.27017817731807,22305.012162083967,34.474683150392636,1586.1401137794892,1.2479927633512835,11.944521301106038,0.5327421285390942,9.41724349770498
149,511.11834946569854,0.049328086576003294,0.00012933987723115167,108.71845749284876,22432.430946644545,34.43876020256389,1585.7576621286057,1.2482809434411557,12.89041475898335,0.5435412395713587,11.528084547661951
150,510.01873802499165,0.04727865457658853,0.0001296748593224152,109.10267254325333,22560.267952199632,34.47196982259591,1585.3760367221823,1.2482013606510394,12.95739230361056,0.5324124282326043,10.563668854773816
151,506.9975635719548,0.05349778755426515,0.0001300276102038601,110.89826147191177,22689.908042672243,34.57271927673269,1584.9918532851834,1.2492941445783927,12.579189294778079,0.5323857685573214,11.30861459882069
152,506.0522435061191,0.050549603496153006,0.00013031002013479923,-146.5445462781415,22562.0147648396,34.82238234425845,1584.6071175324068,1.248614435098805,11.539261874996031,0.532359244402835,11.60318346495296
153,501.2037107175228,0.0691966364298553,0.00013062016678780822,111.60313850743579,22692.254336668593,34.89621533451488,1593.8023372795549,1.2482748439017441,11.648131746138676,0.5323327352923681,8.969563320615517
154,499.1301696194073,0.0702776313616933,0.000130728069077724,112.55261987500262,22823.207919978646,34.99661207284014,1596.9305590222023,1.2491708637738177,11.924471376120731,0.5451113506942571,10.468867018110881
155,499.235659714336,0.06693680396547219,0.00013082216952340034,112.47921210185334,22954.000644942927,35.010864029817114,1596.6464673440223,1.2496956658365954,12.421788780256389,0.5629196491562363,10.355801142335839
156,496.09781908579527,0.06640593317257526,0.00013101346799074723,112.54111292478774,23084.84349577822,34.879676656661566,1596.2946553560857,1.2489601108853061,12.773664141645439,0.5628916601797253,10.231372135023161
157,498.4815933584967,0.06029009108614036,0.00013120736536933387,110.59075070398976,23213.61092084477,35.073110458726944,1595.8856880718067,1.2492023928914489,12.552181660846118,0.5628643505694327,7.90784439041952
158,498.0341772511841,0.06024384009275596,0.00013146326903380084,112.22198438009808,23344.07468320044,35.28020519762259,1595.5890449621888,1.2482687703797726,14.632284783687162,0.5628370383478714,9.561021263555784
159,496.5091406740181,0.06092487957032644,0.00013171613031318763,111.32466162908435,23473.663299590942,34.99165328442329,1595.2358010095368,1.2483649801767789,12.6626879911475,0.5628097886883483,9.729245242035486
160,494.7274183042275,0.060744973938364866,0.00013195823697930274,110.1852173523782,23602.078641274424,35.00750858207579,1594.8276858017696,1.2489690723062827,11.461866831715637,0.5627826217017668,7.069023897808094
161,492.2549266976887,0.05475618128978543,0.0001321988342377267,111.25356652172768,23731.534829412245,35.38843683114014,1594.4742244330696,1.2475377856824084,13.393875656714954,0.5627555596758937,6.894415136494409
162,493.6607883238244,0.04668943411574644,0.00013249974312664142,109.02307245574079,23858.744811207314,35.40585359781625,1594.1775745821062,1.2471592805068106,13.548051787653582,0.5627285063941275,7.917535112276489
163,491.01973497764556,0.048934597887351106,0.00013288261771691586,110.38382986793333,23987.4067898383,35.52154721596579,1593.7751104037238,1.2475263332098638,12.806894619147677,0.5627013770637889,7.119642966783431
164,490.1515467519597,0.05040601988856397,0.000133237119334162,109.98777514046385,24115.62962090285,35.330348502610356,1593.483069043595,1.244632304845996,12.4387182529297,0.5626745397275652,8.310400610322187
165,487.2796852809113,0.056711496398043515,0.00013351375707632574,111.37423789765022,24245.186285912212,35.50694201030681,1593.080404542909,1.2449635575916158,12.386879881350078,0.5645279397652943,6.296971484362988
166,487.9678357043567,0.05216991978239505,0.0001337197435857768,111.16908187411113,24374.462413345693,35.66689106593913,1592.7319293618064,1.2443814346536946,12.175429952910049,0.5645023424296792,7.988664691460759
167,488.8162318985711,0.04903789052269114,0.00013397103122831522,110.26172603339884,24502.87175418693,35.371578036372654,1592.4428413683843,1.2433729963905453,12.35233510527053,0.5653548657136274,8.527954646951486
168,488.65454386095314,0.04735364099528405,0.00013425228089737707,110.54608508392712,24631.61098596161,35.56646346860134,1592.0991595702226,1.243201278765324,12.747112183714258,0.565329099550566,5.999632173578991
169,487.2954289376874,0.05135914291384591,0.0001345478632658687,110.979804279963,24760.796268668946,35.33075962259629,1591.7531465942398,1.2429930081175697,13.205932452047229,0.5474727068680403,8.37472681005574
170,487.98964547153184,0.04815503355948059,0.00013479713320530367,109.29325807634864,24888.247631616592,35.33227602059167,1591.409730270724,1.2428138709522498,11.3530058250996,0.5474476969859959,6.329036768080925
171,485.92081675318747,0.05113415926756937,0.00013507715570426575,-148.04506321785544,24758.38991553376,35.38730628208302,1591.0663022832796,1.243650938348118,11.143092605895127,0.5474228926682008,6.278935814211994
172,479.4449671902988,0.06882126690099388,0.00013532191016719166,112.49893346779083,24889.038994714792,35.56893759572918,1590.7219178390167,1.2528185583786053,11.02814065871731,0.5473983800108273,6.234274194585595
173,480.3744765195431,0.06283923544035885,0.00013543312092310523,111.85375102464305,25018.894993048852,35.29637368646914,1590.3759260376437,1.2522107033097205,10.913196549542109,0.5473730178660509,8.675183261063204
174,480.74292533330504,0.05666203268993375,0.0001356055887004643,110.8833179361945,25147.833766004653,35.47941143288358,1589.9752258629214,1.2527170418067548,11.206598761626674,0.5473481719840574,6.179868972737886
175,487.2064541813204,0.04304504805953002,0.00013584092750695324,108.12164957327681,25274.11397581175,35.485837582463134,1589.6244621432422,1.2513505097188988,11.091658847982274,0.5473235398785584,6.811350032391296
176,478.989771210932,0.06293872125610944,0.0001362178217348943,111.35312994317549,25403.84328798967,35.47409992683566,1589.276633621541,1.2527519767497242,12.116659988126095,0.548613095511494,5.903298590101052
177,475.70207836711654,0.07083103817525072,0.00013637926630623285,113.08302555955302,25534.980659703164,35.63467931390245,1588.9302903978844,1.253388990376516,12.583782502010354,0.5505971428467595,5.726813997277407
178,482.31807136068585,0.058289212686729486,0.00013645397359558924,112.09501601091777,25665.02310818753,35.50688743097771,1588.5825206779496,1.253006075599507,11.535499486948744,0.5505731086139478,5.615277173726277
179,483.402473688784,0.05317161014606708,0.00013666002500002143,110.55082689017995,25793.716061349503,35.445922698853686,1588.291704520407,1.2532414591410164,11.909604216954088,0.5708221968211771,4.658154527759578
180,481.3533469664677,0.057328553613722466,0.00013691743148504175,110.77406340595483,25922.697258181874,35.586011837316526,1587.944636460181,1.2536770915019884,10.871261074836552,0.570796847311774,4.399956810285701
181,481.9559554963525,0.05363573787494069,0.0001371271244899268,110.08257825162043,26050.928913889253,35.48689610619227,1587.5400330476857,1.2536191636589031,12.468400664038052,0.5951728284683943,3.2903020175739037
182,481.91679450649997,0.05269740677867085,0.00013737299097697558,108.84885181813226,26177.96725494852,35.41366146894131,1587.1925825720757,1.2542610762424597,12.586795520525863,0.5951462476521598,3.3644363607814647
183,480.8931423030591,0.05687432050962349,0.0001376254512075072,111.79053163730848,26307.964681322643,35.75967849044342,1586.847334658204,1.2528840624261364,12.451838836053739,0.5951200571848029,3.250378374025349
184,478.9894003213791,0.06376431742044242,0.0001378300317549863,111.9321467974152,26438.06747692293,35.70166538823528,1586.9561317777868,1.252836312443213,12.181886864372315,0.5950943562672322,4.465225765547675
185,479.5039828696729,0.06106606110761148,0.00013795823218535437,-146.5300735888533,26309.633782160206,35.53954041477017,1587.3506720844864,1.2519929740286024,12.300259302272943,0.595069140574978,4.482272849421083
186,473.8169456721416,0.07495647182449006,0.00013811265488170295,113.62352284338316,26441.37778016997,35.59504979208936,1587.7129100399954,1.250605827436537,12.494082723481041,0.6113594667695562,2.2383881857009307
187,472.2496379444703,0.08333237380833924,0.00013811660001204453,112.73757391973189,26571.98857816341,35.3739226352078,1588.268459481124,1.2530590052094819,12.736265996456194,0.6113339931540054,2.1267577119003356
188,471.6974438508048,0.08375068302074151,0.00013805669982552368,113.64696806354229,26703.444190785725,35.561215796036336,1590.747259420783,1.2523014272042625,12.222046637490687,0.6113084016010527,1.8558046980637677
189,477.14185911006484,0.074364379142839,0.00013799124887778173,113.20744616639742,26834.452757614305,35.609201908201115,1594.852875428031,1.250443326106693,12.191842667358353,0.6112834850698484,1.8992005256751447
190,480.76564557486984,0.06680191583221284,0.00013802461339275078,112.11817189706895,26964.49382148514,35.36806915269588,1597.561553753944,1.2503395862354691,12.87761988753934,0.6233515679274158,1.12702888951058
191,478.49569233761764,0.06970188886212225,0.00013813663965853013,111.41357812165609,27093.96007594963,35.29332664290764,1600.7488037210871,1.252621276286362,13.365236560886611,0.623327271921065,1.9722378358935444
192,481.602474563584,0.06956947321684892,0.0001382548683778707,112.2541507626666,27224.213699000567,35.41986822706057,1602.4559465560876,1.252520890902239,13.528097137549832,0.6328642434548913,1.5604031749117553
193,481.21822913105626,0.07156635250246002,0.00013837198908838135,111.5268724277184,27353.771724175665,35.468439406352886,1603.9035365112381,1.2507077937176043,12.692100875754251,0.6336801746256694,0.5269587752543998
194,479.7898185211594,0.08045664622939441,0.00013846504444156037,112.98342484938121,27484.75403444014,35.673807978035185,1605.6766126016494,1.2488946256916424,12.433451548088394,0.6343617060959565,0.37407951990102006
195,484.82162360723765,0.07765079016716647,0.00013844344870744344,112.50921769374568,27615.100342075442,35.49449391211559,1605.9835554286271,1.2469998912735691,12.510509803008057,0.6473692567118807,0.0
196,485.3659561282608,0.07299480255911683,0.0001384502820943932,112.23178357771899,27745.208246131475,35.458191180829985,1605.6204486886888,1.2448828465649777,12.374268712707464,0.648930326541061,0.0
197,490.8604028219563,0.061153806031741254,0.000138515665214394,110.358973008809,27873.48984752749,35.46777016280177,1605.254058336258,1.2445618928435547,12.139925307083011,0.6489067014171875,0.0
198,500.8316807589184,0.04519927544154523,0.0001387111904288546,109.16845286138246,28000.762913108236,35.65357136767172,1606.3758783995584,1.2432039706305649,12.120456861214235,0.6504604540829368,0.0
199,501.2345012970991,0.04440575499825816,0.00013907627965156522,108.74438451678651,28127.81394481602,35.5846663173074,1605.956980746803,1.2438609723191625,12.004691786981974,0.650437576209077,0.0
200,497.93484762290774,0.04654486823793569,0.0001394553543311205,109.35008518996457,28255.472288886504,35.609629723707464,1605.5386942915547,1.2458464605056692,11.898849320899496,0.6504153100718527,0.0
201,499.27102911203036,0.04643878430406023,0.0001398071717161286,109.75523041705132,28383.491631845896,35.79035684168195,1605.124145481314,1.243696572849323,11.819139900514294,0.6503937582549778,0.0
202,498.118717574187,0.047922082405652655,0.0001402057889963433,109.10583403409935,28510.869581094215,35.647330773792945,1604.707788010164,1.2463163681150122,11.738142408703657,0.6855641695555883,1.1694814243945046
203,497.9734646341707,0.048236360747099694,0.0001405838895465719,108.52843188044449,28637.620589882594,35.53341181142272,1604.7339713478202,1.242541797931677,11.667675323898555,0.6855637551309398,0.0
204,494.7412701477431,0.05407422303350651,0.00014087521961670443,110.43191732168017,28766.28931629471,35.68426347427688,1604.3765565596152,1.2425158790236317,11.582072810969251,0.6855455943597536,0.0
205,497.8574676653447,0.04634875214632306,0.00014112916857569416,107.10551750768619,28891.54758184102,35.38383780663138,1605.539968188848,1.2449809817083652,11.428112938398284,0.6855268040908785,0.0
206,496.0435673617746,0.04933184217916986,0.00014147264313362949,107.53797228821847,29017.375773046875,35.497608030389486,1607.2373518627624,1.2450520494875306,11.33405200149737,0.6855084161246662,0.0
207,501.2632431861763,0.04462941579075763,0.00014179023058116043,108.35954690995842,29143.97031548627,35.834912089885705,1607.9066090275696,1.242503176823223,11.25541505850558,0.685490731973873,0.0
208,500.0602794537776,0.04588723713158738,0.00014215260059002082,107.79300644249487,29270.044001344635,35.680573675528095,1608.826466527151,1.2437896811291287,11.185181213094939,0.6854736808938209,0.0
209,497.9431715438979,0.05010340732725538,0.00014259484816479194,109.7197569184755,29398.11937782099,35.8631738215007,1609.3288539869557,1.2432231026184992,11.113961759956293,0.685837832432797,0.0
210,498.0062830948203,0.047616484971016115,0.0001429872954278605,108.86994783980653,29525.29199868198,35.618853022425405,1608.9517790565885,1.24401208972651,11.082289661609442,0.6858208638726128,0.029491845249392412
211,488.9522285161565,0.061030471262147334,0.000143401803365381,109.906568492869,29653.520645414952,35.52162944919648,1608.6065432625528,1.2436771088102787,11.006691202788263,0.6858046402855023,0.0
212,497.91089161107607,0.05437891309322118,0.00014376081187016752,109.42485146443656,29781.105608293998,35.60833579355575,1608.753437733666,1.2446772153592174,10.957360223132103,0.6860653060271541,0.0
213,496.90127710119475,0.05483384484977438,0.00014418613265924536,110.88067255189037,29910.247623683255,35.72559354712566,1608.937206090972,1.2486742396070691,10.907912631834497,0.6860491946933301,0.0
214,500.2946832312127,0.05164561669339285,0.0001447025580876529,110.12430490933278,30038.67922437752,35.63822557606297,1609.1874773637448,1.2483995245053667,10.860630831684272,0.6864523280794537,0.035434854691192896
215,501.0817691026526,0.04908514877384562,0.00014524707990051807,108.51164420356815,30165.547570747563,35.399026240053985,1609.3941895350656,1.2486456281429947,10.817135332468878,0.6877640763690251,0.0
216,498.55288354479194,0.05645005167346273,0.00014581282577890147,110.98625207411527,30294.938088848816,35.86299528050202,1609.5096402971199,1.2472908065519765,10.75999393362511,0.6890033420871183,0.0
217,498.33625303785004,0.05296092082057402,0.00014629406876887435,109.66752535873897,30422.914285147064,35.64017380758788,1609.7675651790746,1.2493859081772296,10.727688990784973,0.688988606376789,0.026570383568895295
218,498.7391528340431,0.04668842031404241,0.00014680697697843154,108.13466813339942,30549.386908354736,35.61984421580771,1609.653467138623,1.2509644863019682,10.69923593266158,0.6892523425410133,0.0
219,496.95133506325993,0.049624573132287964,0.00014738286085767328,108.38808512862202,30676.17376571873,35.70931819592237,1609.306924517121,1.2510079059231978,10.670294879119988,0.6762226670322047,0.0
220,492.1053111637586,0.050983364739780046,0.00014792084694651418,109.08243656788441,30803.607531703892,35.496968699387445,1608.9567031553202,1.246637840970851,10.653887007202089,0.6762106600621202,0.017497945361164113
221,491.1143530005766,0.051986394519292656,0.00014843814325392611,108.15791737194724,30930.073076563072,35.45747134338617,1608.6075285511681,1.2502136442125042,10.642096265370792,0.6761994551008402,0.0
222,488.80409892396625,0.05364355210585714,0.00014893869640083215,109.04008897336416,31057.402040132612,35.214374825831065,1608.257637832114,1.247557794821311,10.620359232404535,0.6796314465207929,0.0
223,490.1946232458582,0.049996218146357685,0.00014941567778038134,108.08580234287456,31183.733718779004,35.249356435817525,1607.9023201102727,1.2487729243659786,10.610967754697837,0.6796215988487488,0.0
224,487.88382994513404,0.05543073262723863,0.00014992571038532852,108.9696701239029,31310.98089400292,35.36923118787288,1607.5433887500335,1.249203425404382,10.590495091870874,0.6776532380407587,0.0
225,486.5638727598818,0.05882796618997388,0.0001503719162085189,104.44213124112406,31433.63251799687,35.29724295935808,1607.2435679358068,1.2560172005890153,10.70323670273258,0.6800975976877218,0.0
226,484.19282830465096,0.05689472031381693,0.00015077646104433274,110.59418896571142,31562.36772032819,35.27711769336811,1607.3571648738857,1.241428575972125,10.710850303520232,0.6800901564305534,0.0
227,482.55272835498874,0.061385651882369885,0.00015119916265714375,105.01755305937354,31685.543713828745,35.29872040063947,1607.4506587828091,1.2597915244769746,10.778976942700007,0.6806256798523422,0.0
228,481.68374597215364,0.06810768434486136,0.000151553658400063,110.96840852510314,31814.5828363933,35.437159556118814,1607.4305743038365,1.243615062851446,10.774407733749658,0.6820151395776067,0.0
229,480.1127213947348,0.07036888489980986,0.0001518474079967525,106.82283850220864,31939.38398737987,35.37221542462434,1607.0870349440484,1.2574862408038203,10.848162506115266,0.6820096598700277,0.0
230,486.9528824964934,0.055917516309778925,0.00015211300660589048,108.74246399956421,32066.048884721313,35.40252888549243,1606.7426634098913,1.2447841778470838,10.828603288780918,0.6835894261349916,0.0
231,488.08203625490256,0.05071788760487528,0.00015250728430926677,104.43689712961464,32188.609795575434,35.338566029132835,1608.3012719347425,1.2603414290009205,11.03811715716379,0.6878941142777607,0.0
232,487.59259091556197,0.050608382889701375,0.0001530694990584307,103.98617176477636,32310.83697058711,35.1437674710145,1613.4233894097058,1.2613611747263243,11.097467791262122,0.6886843158835725,0.0
233,487.00935560966474,0.051582194021077665,0.0001536392939303461,104.62189484936857,32433.687203697995,35.22397559020605,1613.217306815675,1.2634606284964116,11.153915939486946,0.6886793233825986,0.0
234,487.263510614235,0.055247374879540345,0.00015416862756885983,106.86020153633238,32558.76715157125,35.34590445521709,1613.03288930093,1.2597516421283554,11.200542689729607,0.6817689254284575,0.0
235,485.60224268576286,0.06224163395549298,0.00015466270054973385,106.8267385967987,32683.820969011154,35.09024292127208,1612.8034606835079,1.2608940508216107,11.24644590497755,0.6844050044352101,0.0
236,491.82849057562595,0.0567815364097618,0.00015508519254903638,106.31083209504321,32808.27887122231,35.18976769863697,1612.5773694081379,1.259957552716095,11.28628443143532,0.6867343810444934,0.0
237,489.5467469006899,0.061891939462561774,0.00015556461624944136,59.66880210775801,32886.23712372973,34.76411994704628,1612.328091781253,1.2622862504548302,11.320115591813718,0.6867323583425781,0.0
238,489.1321617839247,0.061127922317383065,0.00015598442979195026,106.68596719251813,33011.12757684299,34.77896303986806,1612.053947702197,1.2594071564659148,11.344342744943095,0.6894651342987717,0.0
239,488.80892366866624,0.06030380296719928,0.0001564067388737889,105.80429464115238,33135.146310594195,34.74794313978281,1611.7709700606606,1.260452027409349,11.375689859566634,0.6850346615867643,0.0
240,489.30238924076394,0.05158089724540005,0.00015683299693587904,103.77738027777828,33257.216635350786,34.64146044595615,1614.8745818013078,1.2622649474398828,11.452043614674738,0.7144979542809332,0.0
241,489.03529663912434,0.0518826771978822,0.00015734632114805752,103.54592775202389,33379.162532858056,34.7284558349958,1618.5603632938453,1.2651874540439871,11.475820217352164,0.7119414801651782,0.0
242,488.57954105487727,0.05188549825112454,0.00015784998434662138,106.82768745052451,33504.38573543911,34.71751519511901,1618.6024264729049,1.2493922551076524,11.416890058600531,0.7072712161469359,0.0
243,488.5650723332981,0.05193911812340446,0.00015834720699170015,104.04984931548019,33626.82939416567,34.82354473284784,1618.5922657087935,1.2564170262605474,11.404788315021822,0.7043969064911476,0.0
244,486.63201674353894,0.05509308099108001,0.000158838616000659,108.19358387694523,33753.45608691558,35.08822531777209,1618.3610737289619,1.2469548402668822,11.347555425110839,0.7015953052039465,0.0
245,487.68898569249194,0.05261223601922693,0.00015929013136317948,104.73734559365434,33876.570747089616,34.62604095881446,1618.055820450094,1.2598011567273042,11.358766912364473,0.6998087086654549,0.0
246,489.7994217363613,0.04773033741261401,0.00015976202194683907,-152.39062043139776,33742.62032687055,34.83403991991562,1617.7379999183354,1.2519725085329245,11.310565244933313,0.6993348474237112,0.0
247,487.3437453655901,0.055439702738564134,0.0001602796477261505,108.91041369378911,33870.06257117312,35.00668547422482,1617.4070667730143,1.2492350905520764,11.247812518678312,0.6958761948606809,0.0
248,485.73555610065165,0.06484292899220223,0.00016070869875582086,109.0229021807967,33997.529622204165,34.647182166635055,1617.0714595131199,1.247411151631954,11.174736765309891,0.6915597173382017,0.0
249,493.11845981638,0.055861548570565356,0.0001610316097909293,105.95412484245489,34121.78543483387,34.72019341747939,1622.109841602947,1.2528776784025815,11.333464589900109,0.6888239092764395,0.0
250,496.1826437592159,0.05114453003346853,0.00016144504120577547,107.74673094075176,34248.043724118674,34.95803003092182,1623.0400896566573,1.2486433502038354,11.265815099546952,0.687474854839641,0.0
251,492.27599016337433,0.0610913508889277,0.00016190291328488593,109.2688439203229,34375.94138181876,34.88820765432041,1622.8264915770937,1.2434048811435008,11.206853513058869,0.6847225703838637,0.0
252,493.08298000239165,0.05512758107649751,0.00016224887311444634,106.23430169997289,34500.66579858544,34.85672178460705,1622.625275757341,1.2567603016309838,11.204895853345208,0.6921326140636407,0.0
253,494.1922456894221,0.05366437849233019,0.000162653075216451,107.83482663967388,34627.038219038455,34.84189610595563,1622.4238702424298,1.2437214328682569,11.142583153098107,0.6881324951247129,0.0
254,494.25484664715424,0.0520451277940569,0.00016306716645494366,106.49371126468233,34752.09114510543,34.790185268303304,1622.1947853428755,1.2566167064557592,11.137288140629021,0.6851357474594345,0.0
255,495.97203129009233,0.05349873337003053,0.00016349274233963093,107.72206376113795,34878.367443444586,34.784874721750676,1621.9450325169416,1.2472355814603775,11.06989300980573,0.6812612788890724,0.0
256,494.207619309753,0.05877859007976638,0.00016389700909736436,108.96566250205674,35005.89192840662,35.018811987048664,1621.7090545230294,1.248850388921337,11.014015985220531,0.6788469536522064,0.0
257,490.0843944288535,0.07212302621877531,0.00016423942712994645,110.23808296170236,35134.587039200276,34.818926246103324,1621.4640767983888,1.2450057673723256,10.960976766289,0.645003885503859,0.0
258,490.7974566712916,0.0698438962487995,0.00016443467004496654,110.34704282129852,35263.225121887204,35.12080594109447,1621.217886255172,1.2468924831022428,10.897513091389296,0.6440633659394571,0.0
259,493.6038494832476,0.06485770869936125,0.0001646501034887878,110.0510098272738,35391.582051670994,35.07450729441974,1622.7527714922624,1.2512377006388946,10.978924336800608,0.6419187392044898,0.0
260,489.89783602668354,0.07006269920150299,0.00016497890743016712,110.12585181140298,35520.14047634881,35.001643672888086,1627.4090343659036,1.2579241166276567,10.895554947342552,0.640365622412941,0.0
261,493.3509728389034,0.058268616405801055,0.00016524716435232947,109.07187371476073,35647.59660730067,35.00795568597451,1627.2586642343886,1.25685233715669,10.823817508187748,0.6376266841484717,0.0
262,495.1567276950231,0.054872788430097574,0.00016563621882135745,108.6955295645451,35774.83364764768,35.04228607440639,1627.080118986906,1.2571845078594028,10.760086860643174,0.653651224416386,0.0
263,495.2951232091318,0.05494006849337274,0.0001660558108927238,108.7823338704437,35902.25050320737,35.00726642708117,1626.7909031521967,1.2548638509217507,10.709911863006198,0.6485823884929874,0.0
264,494.42170627577417,0.05632301732626377,0.00016646887272049444,109.91004455613283,36030.783895194065,35.36237191339731,1626.4939483802277,1.2495058870230515,10.660987041100931,0.6431463128544287,0.0
265,500.1618903638738,0.04589997851665217,0.00016686146704005138,107.29310688111684,36156.673577653906,35.06334173696728,1626.197823045604,1.2591018660123838,10.617260283384956,0.6431592907353171,0.0
266,497.9550481482758,0.05039443269311028,0.0001673593784953935,107.81383874588555,36283.26301242122,35.01604033029539,1625.8972285864688,1.249767411807845,10.564392900222046,0.6424472779551751,0.0
267,495.84665940435866,0.05608310680709305,0.00016780309904584613,108.58998757787731,36410.55426824223,34.93519751497106,1625.5964203285448,1.2548014542814474,10.518692917300347,0.6404455319537932,0.0
268,500.84576663163784,0.05189784591555879,0.00016818034638364532,108.15873073402793,36537.33661478993,34.988350668423855,1625.2720234701696,1.2469882863564492,10.477582348220366,0.6382812824763389,0.0
269,497.5083946401735,0.06222387817909247,0.00016855341331899274,109.65464899436543,36665.66742205114,35.02638254124129,1627.040377549238,1.2456880569538913,10.436625098062338,0.6378425681347611,0.0
270,493.9763193599819,0.06829977887818972,0.00016881131311036207,110.46478170611672,36794.652808250125,34.93242155459089,1629.7530551717127,1.2505773817901185,10.391877185185548,0.6366692100146283,0.0
271,500.8524575443928,0.06105181431351703,0.00016913182665587382,110.14381650419165,36923.26361437872,35.40232057404112,1630.07353453395,1.2518300448226551,10.358620136638196,0.6373311007951379,0.0
272,501.55252110759216,0.06020746968686652,0.00016953820148372936,109.29299185182145,37051.18279054186,34.99790205820445,1631.2300065119985,1.2459715435612464,10.329011387164357,0.6364024429194879,0.0
273,500.8712339848074,0.05931878692221548,0.00016988559771313156,108.7787810123467,37178.620782264414,35.001421649492165,1632.0345544201734,1.249622288470593,10.287125548550392,0.6364179952516393,0.0
274,495.99430503890926,0.07214516163597351,0.0001702391505471546,111.62726452510137,37308.8958911795,35.49215237869236,1633.7465018423677,1.2459624889866678,10.267535160031414,0.6345984357583364,0.0
275,493.07125953906626,0.07114906362702433,0.0001705723481347737,110.93913929454102,37438.40553509114,35.17487597240042,1633.5008848170353,1.2499631554727118,10.245562794209981,0.6713472759854148,0.0
276,497.6918959191074,0.06282007839318371,0.0001709108296851683,110.07679686587338,37567.05600792126,35.06408954334006,1633.1261765030824,1.2490151782057337,10.162728365138172,0.6656005369504503,0.05083318370200374
277,498.1547292564796,0.05820541753136543,0.00017133258815162195,109.13393195540647,37694.82100183645,34.953300087178164,1632.8696023455564,1.2459360294433135,10.183876497697165,0.6643177373227249,0.0
278,500.51862517971693,0.04946333093751831,0.0001718339083020647,107.65568794021526,37821.169364660054,34.85073261009273,1632.5536271941135,1.2501443600419206,10.10667072109346,0.6820949656311108,0.0488405728540009
279,500.0105429161305,0.048939581511765806,0.000172421617445333,107.84987606809189,37947.83232680248,34.823754483073095,1632.23513775605,1.2524422037195464,10.078581648139055,0.6891030526010914,0.0
280,501.51203167768585,0.046510482997094926,0.00017300762805420126,107.47185555644609,38074.106927928566,34.84253448131584,1631.8511854599299,1.2471004274847635,10.050192200822924,0.6978406205066434,0.045050993064140954
281,497.15141636866736,0.05676344283666068,0.0001736122401792273,108.77068238810293,38201.69338689735,34.67509640398243,1631.519267553315,1.251292288163431,10.064658103455413,0.6978588056239208,0.0
282,493.38438392296814,0.06620572995299823,0.00017410038621012058,110.26708465948813,38330.61482975841,34.82728290742862,1631.1892290531996,1.2480520409356064,10.025446086409632,0.7006783542635183,0.0
283,493.95498692286185,0.062200024925341935,0.0001744814927838786,110.12675012080935,38459.250369395064,34.916965994189404,1630.8562270656516,1.2493573271199274,9.991412766295703,0.7145911241774716,0.0
284,491.85839271849574,0.06528770333765532,0.0001748995793517932,110.4064922640946,38588.17927467125,35.02567742227657,1630.5231031391852,1.252933698222225,9.952871938456411,0.7190766774890615,0.008337273275330404
285,490.03415151323736,0.06849160886903538,0.00017527890553134358,110.70109280665017,38717.341034485245,34.983112570156855,1630.3672230815312,1.258179080675559,9.93465861702708,0.7207472715075658,0.0
286,488.1739174782749,0.07449011342793876,0.00017561854330451623,110.65457082179043,38846.401990862694,34.84376831791785,1631.585473909222,1.2428173559721898,10.124388305775408,0.7215280481946367,0.0
287,488.9589497077315,0.06795029058840374,0.0001758890694585545,110.84023311346036,38975.62582492962,34.904910082333224,1636.4618157301463,1.2517833581868254,10.080382193217392,0.721190360889462,0.0
288,484.0572593252988,0.08011260542560716,0.0001762244313545921,112.5408618970198,39106.59307110606,34.89853182680426,1636.9470399329618,1.24799497532301,10.036157133601368,0.6866437361266371,0.0
289,480.484051464034,0.08678229631041778,0.00017642515285909468,114.1032539468348,39238.882996392276,34.933435926348764,1637.0340330671238,1.2487099153224335,10.033049717881942,0.6916417610962071,0.0
290,475.8941242944684,0.0845102641840495,0.00017655071189964008,113.13251637945253,39370.08250641166,34.916058687898456,1637.0761852108888,1.2562038647625007,9.985349524872294,0.7315119090317825,0.0
291,473.5170401350241,0.09796268944654007,0.0001766965846131501,114.86663148418691,39502.99466834552,34.98150548404872,1636.9348896984125,1.249418476284929,9.954935810330252,0.7092109798501075,0.0
292,473.06675740018454,0.10413841148632696,0.00017669705633903093,115.33949253533916,39636.20747330639,34.948244700908106,1643.1326982696698,1.251063565754516,10.061746892701585,0.6906933426338407,0.0
293,475.97899430063813,0.0988431056292165,0.00017663345219832435,115.54617464627333,39769.56272775092,35.07494924054213,1643.1634790137725,1.2537408881772145,9.654592559656297,0.6903860522559403,0.38466532691234434
294,479.1080338331416,0.08974488467887021,0.00017662757390579873,113.79751541236507,39901.360163053214,35.09080310031907,1643.0620183784408,1.2481364313596541,9.617005957992415,0.715919313092683,0.40901358707263924
295,482.27647851716955,0.08187346397863582,0.00017671676658786097,112.01957048897401,40031.510195536786,35.03404420422544,1642.7892791201998,1.2452327320832715,10.029662799004603,0.7219900019497346,0.0
296,479.38284019245924,0.09202626357298338,0.00017688721535884957,114.14211824212379,40163.86078863723,35.296954938678205,1642.4926480682466,1.2535975216126172,10.00410078792705,0.7086078856341976,0.0
297,476.43197882852485,0.09747347819827301,0.00017699506561507972,114.28029254049673,40296.17664319844,35.00276342143399,1643.5914720649969,1.2475739595966846,9.971793998809702,0.697165927852624,0.0
298,477.69315323657185,0.08840978944507083,0.00017704317475189112,113.88114233658507,40427.98701046378,35.072893285903156,1647.4887105516934,1.248155317132988,9.94018306238178,0.7363168363285273,0.0
299,481.86157957377895,0.08124830948441164,0.00017713616376844934,113.19934963472622,40559.169983233856,35.254628331953604,1647.142487602577,1.2525959875489745,9.916153520433703,0.7311676396318657,0.0
300,479.2036216747032,0.0860695325439752,0.0001774449382292884,113.83080903281022,40691.13380475197,35.493576528309625,1646.6983334340257,1.2534836557912257,9.809213049044812,0.7280979145106159,0.0720831993194615
301,479.3844907917579,0.08888897363850312,0.00017765321602496544,114.25356811159465,40823.43613553808,35.34940410264541,1646.2516003650048,1.2566571317112292,9.572670130570929,0.694911509042637,0.3017838138590605
302,488.9255939687651,0.07759722164459837,0.00017782783481938048,114.0487548795628,40955.515647553344,35.60562402355039,1645.8067918214535,1.2533674868709492,9.421732119003208,0.7030687883956553,0.4479726646458104
303,494.02718591916243,0.06589462110219502,0.00017816563841428236,112.46697890850685,41086.29114323755,35.572898084152115,1645.3324722189968,1.2607138237872162,9.406989968987721,0.7051074438250439,0.4666364499588518
304,493.5439961277117,0.06174043249144845,0.00017858809390715343,110.83588309846026,41215.578933861056,35.23024537023335,1644.8578881116327,1.259208790014784,9.375622950981617,0.7038723398859408,0.49374301709162793
305,492.5197934836555,0.060587493347982524,0.0001790485976001686,111.23131579435073,41345.25107599465,35.226471806373276,1644.3872747674436,1.247727786740135,9.529856478627543,0.7157222784061736,0.34701176877720386
306,486.44370276742944,0.07731852811748663,0.00017951423086094272,114.05051281694165,41477.721470754055,35.567401074949736,1645.0844332142392,1.2510858827490585,9.37540175906981,0.7142862257004672,0.472960910514427
307,483.13771201000156,0.08228513532643844,0.00017979499299552076,113.69753300161742,41609.6524569717,35.46748581559323,1649.371325861763,1.2586999261996843,9.408890984061976,0.7338244468911207,0.4382459415418758
308,475.79305765122746,0.10763653582422428,0.0001800180369187788,115.63608728787474,41743.44536610246,35.369490550615986,1648.8900647482867,1.2563300037254317,9.11914260204547,0.722317315244521,0.7273662772905283
309,479.66138728522566,0.10296446598359654,0.00017996653541657066,115.23611532834262,41876.4527637571,35.28225176338172,1648.4111389590098,1.2524424998919823,8.812532847010262,0.7213967841268488,0.9773709097228789
310,481.46894558490203,0.10464797187489483,0.00017992824734019153,115.48419650072498,42009.774851212765,35.428550422097516,1647.9329864819604,1.2507216847404166,8.853436048823173,0.7197146478689376,0.9165346678346218
311,484.42077328633934,0.10071701377932951,0.0001800359227747351,114.30223292940241,42142.24875709208,35.227786256490575,1647.454662839694,1.255881134047154,8.999110227100406,0.7265830483345717,0.743636885149094
312,482.8629663817184,0.10076570144606267,0.00018018196437153373,114.91175801389636,42275.44795183746,35.7030439563282,1649.7563522603502,1.2632851002112817,8.4326326565783,0.735838921134769,1.2593175575320892
313,481.63988634234903,0.09452546594357858,0.0001803237083996678,114.04002809332809,42407.81724102702,35.3780621191937,1666.1077390258904,1.2662131220699946,8.659294635486592,0.7261483041895233,0.4267536550821447
314,482.2629459686071,0.09236773514173902,0.0001805279816527191,114.99593640112603,42541.11654863458,35.57623046196203,1675.436730466304,1.2671342693171705,8.495908617299916,0.7150191625756877,0.5692683735458637
315,473.77040463830593,0.10902309684230649,0.00018070169260042524,117.98427676886709,42677.479920928075,35.8679696244707,1682.9058410482542,1.2653433542425063,8.382826133937002,0.7057733738226986,0.6702981777079451
316,470.80699944387743,0.10804637617315482,0.00018069419135877937,117.6766296888362,42813.182189759755,35.718890838420194,1692.4330020510106,1.2571111179004573,8.362465668600867,0.696596736942011,0.0
317,469.97512885727144,0.11106568673537442,0.0001806946487704656,118.61762715574112,42949.72239698011,35.673011656782734,1701.3621923243609,1.256900194197881,8.343791882047407,0.6874369363026711,0.0
318,471.6394161594695,0.10071834590695272,0.00018066055001836017,118.90251412172626,43086.513501087706,35.66538896123121,1710.7828866896066,1.2559694886908286,8.328679459691214,0.6774541727239956,0.0
319,464.57936252638945,0.11765470362937513,0.0001807343517686826,120.85001751282489,43225.3146329767,35.686716412377656,1712.3352901244168,1.260422423135104,7.936129439690204,0.6689744989976963,0.0
320,456.95382467499456,0.1389891563692317,0.00018062486920152987,124.74222626152721,43367.71420481915,36.07823847385527,1712.9609815927292,1.259856251856662,7.931230277331836,0.6604910628037751,0.0
321,452.12692664032573,0.15659830194848123,0.00018028672494209568,126.45795317346558,43511.505848066765,36.08449116790226,1712.4655245524812,1.2573268646208804,7.919758591018226,0.6523100345273024,0.0
322,451.4694132229235,0.151716731250636,0.0001797614787166806,124.75559915461926,43653.418663499106,35.903169479935634,1711.972096631009,1.2652436183513813,7.922679401135341,0.6450921435000048,0.0
323,450.4698116434415,0.15308037063177637,0.0001792899146541834,93.301355956554,43763.856290395095,35.40123447416738,1711.4884116342712,1.261600377524669,8.316522964570991,0.636715535687748,0.0
324,452.7580647400194,0.1431426598837442,0.00017880509260639627,122.07160929917718,43903.05884016188,35.5183996281518,1712.9072280266273,1.262386997313263,8.309541655325965,0.631374408959043,0.0
325,448.44524369026743,0.14594641763827743,0.00017844196987503003,122.60989161150327,44042.930146685234,35.733353536887755,1714.4371354813486,1.2632626276045118,7.9203839401993275,0.6238007277397871,0.0
326,445.0329749281236,0.1528676837729962,0.0001780359958011202,122.04696851655024,44182.0276686166,35.322550424072595,1716.09987572224,1.2568113904600187,7.916369112038809,0.598660158800142,0.0
327,442.93139212828527,0.15504844575850685,0.00017757444532092486,123.05773092469668,44322.013151766085,35.289424052491555,1717.2435014903579,1.261878120455264,7.893262121832065,0.594100598583218,0.0
328,446.25304308361905,0.1468858081570572,0.00017707377756873475,121.99088891891421,44460.83717314137,35.09180248692294,1717.5658432050377,1.2551865107432156,8.24723968895078,0.5905194907250063,0.026841670510872717
329,452.7144383523228,0.12978745032382266,0.00017668443847914937,118.84975004024602,44596.748456142566,34.81312210797813,1719.5722622230057,1.2579448219054628,7.89539768976377,0.5949929907546158,0.0
330,453.86377838778924,0.13510124023929038,0.00017645825400330705,119.77852851406058,44733.76527100909,34.926626238122736,1721.274667158618,1.2625426001416835,8.289972609580024,0.5904708621258107,0.0
331,451.02643441312125,0.13564344856744204,0.00017619677708472496,118.94819562837438,44870.030217830776,34.76442829125418,1722.4442714892666,1.263366347151186,8.292184486116843,0.5868786834078847,0.0
332,448.64647941666954,0.14156955196566834,0.0001759076586832465,120.50695447733099,45007.78774607192,34.926878735384676,1724.3413527358375,1.2636259691665457,7.943168716193679,0.5954130480785754,0.0
333,442.2532234704534,0.15058723513940464,0.00017557428509166765,121.43248401861774,45146.72788034928,35.25605755717969,1724.4183732385181,1.2612190406959873,8.325592051445984,0.5907849214707331,0.0
334,446.6194287888281,0.1414816612908395,0.00017512399869393152,121.02406468831198,45285.00392576448,35.357057654112616,1725.920610583873,1.2603967027871166,8.309940049459314,0.586878135882443,0.0
335,442.95918285201645,0.14696199574618396,0.00017479543425091032,121.76516892887025,45424.12962039402,35.47914565030768,1726.3721023090247,1.2581784000455825,7.9608292151244235,0.5831514548805145,0.0
336,440.1475095348963,0.15331841616377595,0.00017439059567167056,123.20073139322514,45564.51600378221,35.60366741952689,1726.4947844741534,1.2596596282707309,7.979799037368729,0.579172887296511,0.0
337,436.3635634481087,0.1590428260297585,0.00017393670508340035,122.7898267943732,45704.344454109254,35.27627036752468,1727.7373451961305,1.26458592092165,8.19292791841699,0.5744444083096955,0.15611344697418517
338,430.3394707065832,0.16911688360707977,0.00017342483758735336,124.13445997080183,45845.41342474453,35.19057626974132,1729.4684148226183,1.2613782405205654,7.99411960593958,0.5722053997749984,0.0
339,432.9543245309,0.16267052607955923,0.00017281386325338106,123.84710176985473,45985.91612528804,35.22938453650739,1731.495709993758,1.2598626785005822,8.355225683132984,0.568766301375562,0.0
340,435.415901593122,0.15842255380930403,0.0001722693641015007,123.37629548414367,46126.09984484749,35.361258675664196,1732.9046275018172,1.2597871586611322,8.032808632577956,0.5659880809066874,0.0
341,432.0184465745198,0.16924666093656537,0.00017177605373006212,125.24457398572872,46268.26688010668,35.230573073495705,1734.204799303749,1.2592559107426327,7.628880682376869,0.5630843838118941,0.42130058152034167
342,424.18723517318176,0.18290478253425002,0.00017116888232567655,126.96779094906114,46412.00098949679,35.473779746421485,1735.3980475537119,1.2617266480878373,7.815926381163559,0.5597769645875503,0.6097542460034759
343,428.8186542361911,0.17393639930573057,0.0001704190285587354,125.83707455811064,46554.4691463518,35.40609490735904,1734.8830610093216,1.2614901667274903,7.638939147643217,0.5569040526656666,0.4748645372447413
344,420.62244738938,0.19031170137186582,0.00016976809171977917,127.4137247651702,46698.58432838577,35.386225902540474,1734.3688302256674,1.261289416979363,7.6356581332160856,0.553935190077264,0.5014300651861312
345,423.99601387755087,0.18457451378105005,0.00016896517552669456,127.12986381203896,46842.03754484902,35.84843389456722,1734.2612068690207,1.2632558059541936,7.646595403422162,0.5511190110302753,0.5308855634277627
346,423.23143366570724,0.18592195673838052,0.00016822664196881114,127.28728278964047,46985.835305909415,35.58017828639489,1735.2748549293046,1.2630353191804744,7.682127643570749,0.5484663042976271,0.5460407316163192
347,419.88647628072545,0.1886511333471953,0.00016740295953785814,127.56591913116736,47129.878638369344,35.39817869923233,1739.8039216674736,1.2577626642117048,7.696840565561469,0.5459979868420514,0.5751067657387168
348,414.29073009663574,0.2095520702821424,0.00016658633498491912,130.38385049613143,47276.61249709966,35.55676962882094,1746.3618503124253,1.2651571424028711,7.66287208294779,0.5436803971254405,0.6294643967285651
349,416.1318651447293,0.20317094912440292,0.00016554654536030195,129.53814643701136,47422.308005145635,35.67220334493277,1752.9877116789876,1.2636248270189248,7.660706018192718,0.5414478643792209,0.6484439362554326
350,417.344260237138,0.2023762831428254,0.0001645895977086961,129.9457785058845,47568.52588701658,35.63542730065746,1758.3148520207426,1.264242392267189,7.695165990918655,0.5393313327522223,0.6503610062397129
351,424.62252227700384,0.18389178640861759,0.0001636564230895128,115.66471412804324,47700.527677534265,35.06128490761639,1762.5294210259601,1.2341728992622876,7.850299871334871,0.5362646196106278,0.6670968621410189
352,427.7280757508883,0.17678880996042035,0.00016292464876062625,5.687018433555181,47722.800917189765,34.81482758957696,1766.9064032774227,1.227421303337366,8.596830111938603,0.5357634538440691,0.6899060631921792
353,426.45704924646657,0.17677348865194253,0.00016217718456825643,114.90470379633115,47854.37528982071,34.875812940293585,1771.127856122368,1.2428574037060316,8.94577252955917,0.5346136059663452,0.6997651060562511
354,416.06787706051585,0.20647945968648362,0.0001614336333555099,118.70256729010265,47989.715491213574,34.95428442299014,1774.853255487328,1.248556257736593,9.148274052026505,0.5327506086374386,0.7802926025754822
355,411.517061097343,0.21524004292888332,0.0001603779931022053,129.6964861839181,48135.64599047588,35.31634791217202,1777.011665409521,1.2601059047844276,9.017414660264603,0.5314646149197255,0.7981155426368218
356,412.4376901505488,0.2074725489781839,0.000159304899543864,130.57696517262093,48282.22377189923,35.61443834814999,1782.7085479028833,1.2651244958728598,9.179544195954355,0.5298597074849748,0.22230081183877815
357,415.6979504300144,0.19597097808181463,0.00015831149388845003,128.89597896648908,48427.18582033472,36.03875010140518,1787.1815374339958,1.2607031202684722,8.877810238547843,0.5294896895737141,0.0
358,423.3636803883034,0.16984574798253105,0.00015747194520570015,126.61990114124931,48570.02854051372,36.05514288322091,1789.2035212921814,1.2624347713104835,9.302192992109344,0.53264916465999,0.0
359,419.63230599893427,0.1794846013272,0.00015689701918713615,127.98577913429818,48714.575567101674,35.9024543761795,1789.532556241458,1.2618978054105587,8.734623988742994,0.5339740621197707,0.07526568997735694
360,424.1789620644921,0.16061171929472762,0.0001562402360494822,102.8631582439399,48833.84564328176,35.18338881075359,1789.010438459531,1.249545866780701,9.81127984946967,0.5344801912656971,0.08389357805692299
361,427.20705225921563,0.14996550377958473,0.00015575577257925804,124.01948671140227,48974.52755355989,35.72992565934184,1788.438795384657,1.2696567450568237,9.692819854701844,0.5348599373414449,0.08067837419552504
362,426.03013829366864,0.14731688845320834,0.00015545090289722165,124.47736300380058,49115.77711234515,35.455828478122136,1787.963404972912,1.26458149405776,9.191514487757376,0.5335925371308162,0.07875139649751972
363,431.40731980089186,0.13295334649665902,0.00015516555320051884,112.01097931452591,49244.542986805645,35.238934011922005,1787.4302512040297,1.2505210405398635,9.800390776694375,0.5339950582224542,0.07723250991203301
364,437.78473377041587,0.12628010727953076,0.00015505405880577,98.96344353346672,49360.48889446457,35.22974156197046,1791.3994449418433,1.2689386204964606,10.460644759714217,0.5346079036224937,0.07407240492380396
365,436.3830149543227,0.12970779117954212,0.00015497531023934047,121.78581549302105,49499.63043271544,35.91565473654588,1791.6438854576577,1.2648202476097545,10.30221626618937,0.5369226162131001,0.0706823298639172
366,436.86682445526617,0.12699674888067936,0.00015488203607101655,110.38537165110779,49627.3744962911,35.33424838322585,1791.104654433593,1.2663271165774814,10.478629265325221,0.5383892871731847,0.0
367,430.9935569687886,0.14411606810993194,0.0001548174642077061,123.02837882473538,49767.7949535128,35.67028551825133,1790.64481997832,1.2640674280127258,10.425563358571566,0.5392789288684817,0.0
368,434.02115952214535,0.13487013210338694,0.00015457538697535817,110.91671767683954,49895.904402530476,35.28964644267624,1790.173245069584,1.2679837069162885,10.604745212238301,0.5379773288609224,0.0622404384181543
369,433.22386724395597,0.1332831821053747,0.00015442738669136621,121.37095217866128,50034.59882477194,35.672090209623285,1789.649505989383,1.2630236778654105,10.534081513569932,0.5419362676208508,0.06011959865626437
370,438.4699442466728,0.11889636252786318,0.00015429642061508565,120.02177719776321,50171.91629073423,35.73784195507277,1789.1254632906168,1.2687908872143023,10.41862538503586,0.5437004692882534,0.0
371,440.3005897448489,0.11582708175881606,0.00015431602802243896,119.10378072854601,50308.518835383205,35.67796174148231,1788.6008040288136,1.2626492117262522,10.298976781136234,0.5455405454194435,0.0
372,440.28643351000835,0.11564653367081046,0.0001543644120872253,118.83991797929154,50444.90822208922,35.74730252913107,1788.077488868091,1.2620351883865395,10.207543698835769,0.5487262652755607,0.0
373,442.2916030584932,0.11499728428225975,0.00015441295498887602,118.6922606669612,50581.144081757535,35.63361280514519,1787.552767212689,1.256695758427782,9.805565881775632,0.5487677514496858,0.04848079313594056
374,437.5501324743611,0.12500051823369374,0.00015446848513420548,120.59426562768357,50719.30256623069,35.59785904471005,1787.0316026667122,1.258478277887096,9.675878531910506,0.5485936109794358,0.045813915954528994
375,437.6895839010631,0.13110556638911097,0.00015441543248685368,121.5213003063618,50858.1728017452,35.80583098174441,1786.5109360736353,1.2570250833847842,9.574162937243978,0.5477969551785408,0.04259783358750724
376,434.75991698016065,0.13960747640251847,0.00015429394878318473,123.1615727559825,50998.72426136478,36.01244746267346,1785.9295239242467,1.2614866839403989,9.817502864895543,0.5473685129287386,0.04019112967647942
377,431.88808125517363,0.1490572743893095,0.0001540804372486243,122.89201496084053,51138.876860827295,35.87009965834794,1785.4361218759793,1.2652922687265191,9.452345887023403,0.5491928474693636,0.0
378,432.50889693314747,0.1460470858155063,0.00015377392736219401,123.56945614200312,51279.54726234401,35.97205581651164,1784.9812421875927,1.2621618777130053,9.679182642619855,0.5484841288723666,0.0
379,435.8770230171916,0.13416925575931793,0.00015351450391380215,120.48322704726164,51417.14961751743,35.5528128346199,1784.5066447687207,1.2588226591788405,9.560517697246624,0.5480224000207087,0.0
380,435.8572982859109,0.13818531143748114,0.00015338180267691044,121.65707340119052,51556.058308614105,35.70718581171863,1783.8909595558544,1.2577171301573156,9.476701777551405,0.5479517961718329,0.0
381,437.01407795095565,0.13205527931279093,0.00015320419485111419,121.56507941742133,51694.85921573216,35.69301034512916,1783.3725509752269,1.25955739791053,9.44645030362802,0.5488458908120756,0.0
382,435.55855503954984,0.13890618484694828,0.00015301681565135824,123.02244651301895,51835.29882509535,35.729107336223166,1782.7945928364704,1.2621765174587025,9.065234585804692,0.5483713614731212,0.0
383,439.7579538816799,0.12748101352337526,0.00015279323478383788,121.02228425151709,51973.580683461725,35.62522764914018,1782.201797480247,1.2596835864390603,8.960677520892348,0.5481321810489489,0.0
384,438.48551703502096,0.1331657570226238,0.00015270049376408585,122.14282096001635,52113.146102980114,35.713066601671734,1781.647797965844,1.25989019018911,9.102830112015779,0.5472784795601536,0.09491771294954887
385,442.5541154073791,0.12087849817557905,0.00015257170914425414,120.3656832643716,52250.85274227032,35.71346064891851,1781.0692316776094,1.260162530505454,8.91573582065455,0.5452932486794706,0.22440989151322555
386,440.81180304097745,0.12548427403509443,0.0001526839984508196,111.82991281057268,52380.215322887605,35.6019783339804,1780.4327365278114,1.2254965425854518,9.074533499801923,0.545935790606712,0.0
387,449.69116735497744,0.13269753504005022,0.00015265029800629507,113.71837505728848,52511.33146216086,35.81781734315436,1779.9116861630307,1.226251864751737,8.747897410319219,0.5446062737297572,0.0
388,441.2926628791799,0.15022039594859316,0.00015245060025323443,121.10158459513273,52649.94784597479,35.77510955042161,1779.9748271272617,1.255810213383871,8.701099178804911,0.5444134641778244,0.0
389,439.4172745231451,0.1468836516200338,0.00015210599075330642,113.86707917700562,52780.95110067206,35.74857661318977,1779.479730984301,1.2242539030006474,8.659276710085777,0.5420096505920668,0.0
390,440.16456519607294,0.14829827021288966,0.0001516753315411236,116.93614437973793,52914.873308833354,36.011462306920734,1778.9618314101292,1.21945320791277,8.617374268531789,0.5425254256562977,0.0
391,444.1614551612514,0.13777557754910952,0.0001512420210700449,119.92441575149103,53051.67069536701,35.857966631812715,1778.4429296282838,1.2406190356695024,8.600556727086303,0.541541535348757,0.0
392,435.3383452664609,0.15114641670116435,0.00015088465772421383,122.52842572443306,53191.2645745291,35.70694129490687,1777.914937127847,1.2432963212532335,8.572330882172297,0.5405891852371548,0.0
393,430.3760637820779,0.16112222136971133,0.00015046327558879103,124.74233005442585,53332.68692774954,35.86445840860115,1777.4429443438987,1.2386196467591324,8.533710433359452,0.5395849525866847,0.0
394,430.6509443188373,0.15875190954603413,0.00014988897088732668,124.6502251977367,53473.80464509722,36.08685407982131,1776.9127042070797,1.2440442250862704,8.515843975540266,0.5386883242066781,0.0
395,423.8503076295803,0.1770276903048943,0.00014930808735209565,126.73175052586649,53617.05031439708,35.498812413541835,1778.3456337351909,1.2357533213564968,8.811502874265562,0.5378142449827619,0.0
396,422.91086111936636,0.1703601629746615,0.000148612821784883,122.00028947226374,53755.283699119886,35.595981709224816,1779.940070423281,1.2341809959055803,8.773640943259247,0.5373305431150142,0.0
397,419.0973726064684,0.18466873491083569,0.00014790293476452476,125.50391033633107,53896.97109992144,35.910448465108985,1781.4004046851016,1.239547206818739,8.721304215979389,0.5368265012609866,0.0
398,427.9663317506299,0.16022917333750863,0.00014703226254800207,125.32625418666447,54038.358972739545,36.061890036378244,1781.1546132844378,1.23775852906299,8.681407345424885,0.5362847833913813,0.0
399,430.44508591130085,0.15235739975756546,0.00014644333455632273,124.29014972447159,54179.180454997986,35.76434676355709,1781.9778542560075,1.2369122973659132,8.648070196784278,0.5357230682179377,0.0
400,428.45340232407415,0.15502526821903662,0.00014592003875353406,124.42890242310548,54320.23184526076,35.77824608684211,1783.4244200861933,1.2374139994230766,8.462601880899209,0.5351506849196375,0.15660423711332783
401,412.69384904254844,0.18973407841036594,0.00014539490891511954,127.15908511378184,54463.930822282375,35.51661000124593,1784.4815011123997,1.229738667750405,8.319542607383697,0.5343978426300309,0.0
402,412.9195217335811,0.18973778303123523,0.0001444718613393075,127.06311371526411,54606.78782724472,35.76189367429169,1785.492332432779,1.2378712102883878,8.279009555113975,0.5334820768487515,0.0
403,411.3237825157506,0.1903241406041002,0.00014352474726246904,127.45521542094974,54750.08711585175,35.729700714707214,1784.9045108556163,1.2360919989481693,8.234842514189069,0.5325643770527428,0.0
404,411.9325207969436,0.18672532040534617,0.00014259446498144897,127.29197483172184,54893.18724266559,35.85450705520839,1785.5086254027105,1.23500180639876,8.20451543322575,0.5316402387218062,0.0
405,411.01710294082864,0.1873764064775656,0.00014171637351343677,126.77198011361864,55035.820067470806,35.5956148493419,1784.918900696635,1.2391006977756247,8.18580917532413,0.5307275494253316,0.0
406,409.6186912066694,0.18954527719074543,0.00014081021204712332,127.79630866170714,55179.45152940882,35.77858611334018,1784.3304172830585,1.2361029299677988,8.150470127849255,0.5298404798103596,0.0
407,409.1644034119451,0.18932485289507495,0.00013988008328486983,127.74299300327151,55323.01108779333,35.68965304385511,1784.0722419366782,1.2376502054027965,8.129005518618783,0.5289566471791997,0.0
408,409.94465309740053,0.18401904339614739,0.0001389706729031826,127.43218114922857,55466.26180043746,35.886823215395424,1784.7216683007978,1.236953460920641,8.112601765922866,0.5280934941560275,0.0
409,408.4843766371284,0.18568102280137888,0.00013812175686460265,127.63034589005723,55609.76751227639,35.85888542776341,1784.3363419908221,1.236976643757276,8.378546798760802,0.5272564039430356,0.055929826731436094
410,402.8483191316635,0.19719519753650716,0.0001372570106706571,129.81901550089702,55755.40416295767,35.94106601750977,1784.9040058449639,1.2390101034833003,8.082970154655206,0.5268103010584957,0.0
411,401.684686560749,0.19792185703047582,0.0001362733502868355,131.249608509314,55902.203273499195,35.967468459702104,1785.3893680258002,1.2329891650923654,8.076319943647201,0.5260070076834891,0.0
412,401.52409066633317,0.19608553229884418,0.00013529736639656791,129.89910423300944,56047.61801739004,35.86358393725939,1785.7529615541032,1.2383854880821428,8.067579476661091,0.5252391398819407,0.0
413,397.5003576384756,0.20809189816044127,0.0001343451706524001,131.3501172548172,56194.48564589977,36.03399149940682,1786.0556384738413,1.2374482065462173,8.068615600450741,0.5245022646040471,0.0
414,399.60229627817205,0.2001399754450044,0.00013326988508602562,130.0755363733158,56339.89794649402,35.94445293182803,1786.2779962297486,1.2350215116251244,8.056304176032071,0.5238072241878615,0.0
415,394.4281686607536,0.21236157489763818,0.00013228530997427758,132.07554261011245,56487.42515249506,35.94572800022941,1785.6335503971443,1.2344360609579972,8.047136125625132,0.5231349816028805,0.0
416,394.97380131527933,0.2088275287007375,0.00013117530964120266,132.01769481146937,56634.65566800534,35.923234898981704,1785.0576059679836,1.229709021744401,8.054248970962284,0.5224883770544235,0.0
417,395.20373379877816,0.2061294253772833,0.0001300848366841805,85.31468612648825,56735.20440818603,35.63021619483355,1784.4666088321246,1.0355246698360372,8.052133788941964,0.5218867713662855,0.0
418,400.95903244008167,0.19585989364318113,0.0001279282315741727,124.82099733419584,56875.272920135125,35.89971308299006,1784.3308232196714,1.171508537225771,8.175272961654418,0.5213161914931874,0.0
419,388.23454259853816,0.23064117690890862,0.00012580642401066323,89.6380045321714,56980.19534016982,35.88589818455238,1784.5555028826943,1.0290443181060207,7.925038845614511,0.5209339528454329,0.0
420,409.6521622844614,0.16879600694687835,0.00012359406853815823,113.99257011294115,57109.12300130489,35.335985334085855,1783.9987972482547,1.1640709103838816,8.468696682213217,0.5202569500594117,0.0
421,397.55301742073095,0.1967264184608909,0.00012205054926753706,124.29060394525439,57249.138265436544,35.64407135162837,1783.375855074307,1.2178803445922322,8.171596147715304,0.5203070609326251,0.0
422,396.9665037478154,0.19719615896381337,0.00012040988528266942,124.52026600856053,57388.90617893494,35.658502456512316,1782.7986430496621,1.2158826847263078,8.207885497491977,0.5199811531610413,0.34406262420144884
423,394.74518532780485,0.20232408871263907,0.00011879411445534422,127.1831115877728,57531.5033749838,35.75080355767038,1782.2043305823331,1.212483345223055,8.125664466334689,0.5197708134696899,0.0
424,393.86221228487136,0.20397319005588066,0.00011702507083252973,127.842879776548,57674.663307775525,35.67321476188027,1781.6146189885872,1.2060646278120115,8.513965494648295,0.5194202260367412,0.0
425,392.21210042680235,0.2074364165578334,0.00011525071881024757,126.21769496139264,57816.14664688654,35.598363987169414,1781.0510450708407,1.2092799235021734,8.480143604843787,0.5195832056224737,0.0
426,400.97994911935587,0.18898201478828502,0.00011345169982066609,122.5111160108077,57953.840808281304,35.69408289734942,1789.109619892095,1.215456583239954,8.67242064177475,0.5196984031543153,0.0
427,399.01257309466547,0.1941429185351985,0.00011193311034776464,123.46108508246243,58093.07795344846,35.524998215088786,1789.4111104150795,1.2326969169627635,8.615588671095447,0.475158845681335,0.0
428,398.3915114335018,0.19565698943947396,0.0001104578476672618,122.83362225833305,58231.73471924204,35.61185791215485,1794.0063718916292,1.229743346906358,8.564258726819409,0.5064702551899491,0.0
429,398.5487085961597,0.19404825158207595,0.0001089777773558461,124.26062745948093,58371.78479241725,35.630099972408715,1794.0633276370277,1.2286546605151436,8.316141689262167,0.523456809563711,0.0
430,396.34150424103774,0.2002006954966673,0.00010747394489362762,123.84872610249607,58511.382483501126,35.39212021901761,1794.192527110744,1.2281261822746412,8.285788767669885,0.523183096191142,0.0
431,394.3462436878381,0.20512561241435745,0.0001059131123660916,125.88896608180593,58652.90018773981,35.69921966077805,1794.1307051933575,1.2327215591211529,8.230384212951243,0.5228878836855698,0.0
432,392.3937615013649,0.21031348918636172,0.00010431266060805475,126.08857685430777,58794.52891043926,35.58716315418114,1793.5814502785445,1.2238357106022943,8.435135068737152,0.5225404743094842,0.0
433,390.63276884273773,0.21473828188043054,0.00010263736665879962,126.3802442069539,58936.31790534723,35.42097039477206,1793.0728766288419,1.2344627989039227,8.408826935120373,0.5224734908815436,0.0
434,388.9617467111283,0.2196164758282937,0.00010110195193852126,126.67401232598014,59078.61046379421,35.186908684288966,1795.3547762251533,1.2335366324383619,8.15264694693141,0.5223796989159483,0.0
435,387.5806168995194,0.22354460169222135,9.95260203811684e-05,128.55591301002636,59222.686960255036,35.269583584963485,1794.6678402465986,1.237314801410808,8.368769906061791,0.5219688593840984,0.0
436,386.42229639150037,0.226936050546373,9.792157072910322e-05,127.49165598912349,59365.61785614924,35.262284668031796,1794.264872526961,1.2315728069168037,8.358240245107105,0.5218560480513379,0.0
437,385.21795634598374,0.23232296948423448,9.63731523285052e-05,128.06096456584993,59509.06390176461,35.43201669157673,1794.1750025573097,1.2405720997069092,8.091530540271071,0.5217387333001832,0.0
438,384.0896881238553,0.23732224538237356,9.4778635953087e-05,129.9902186423117,59654.35998837909,35.29800900963734,1793.8629362689546,1.2294962476397608,8.111553228272516,0.5212921814317337,0.0
439,382.9676506048243,0.24210138809650128,9.315400405705527e-05,130.0156037987858,59799.59791478765,35.29574642112524,1793.2162353120366,1.234710024249236,8.350272296758213,0.5208966959143254,0.0
440,382.5068815767875,0.24369603658657424,9.14897998235417e-05,132.0752082971809,59946.82619183885,35.01226652578707,1792.8896071991064,1.244506313902946,8.367330399739101,0.5208271058786674,0.0
441,381.5496069742428,0.24698599810420407,8.994907733635237e-05,130.9275738975386,60092.889925663825,34.952312878186746,1792.3398802740792,1.2406009708576737,8.360250107619377,0.5207858056660177,0.0
442,380.5994004376478,0.25073446754975315,8.838612246377913e-05,133.35047870239364,60241.316189399,34.98212600251861,1791.748784835871,1.2358930023877133,8.357774363174428,0.5207407408891009,0.0
443,379.71700636840205,0.254767242253062,8.679356706906273e-05,131.54034112622224,60387.871203675786,35.032918138106986,1791.2035133559705,1.237394055854438,8.355323614585815,0.5206979323600067,0.0
444,378.86189869279224,0.25853269787024635,8.51692794952196e-05,133.24166025887533,60536.062517512786,35.222737856955234,1792.8705373796704,1.245576188179186,8.320862027381056,0.5206572883929833,0.0
445,378.1353180221328,0.2613632331995861,8.35426040655381e-05,133.9228635982443,60684.93488872193,34.98473733559421,1801.256126642488,1.2412082977625007,8.299019473515209,0.5205780859470506,0.0
446,377.16038119975786,0.2640878525023139,8.18971639193996e-05,136.66660991512748,60836.49453026664,34.850289171972044,1802.9843475889484,1.2315015986282163,8.235441701865456,0.5204782667442189,0.0
447,376.0680914476108,0.2674644992528369,8.02331918052515e-05,134.42719481208928,60985.75061190167,34.63997071834286,1809.9015388026146,1.2303704632384944,8.190934338591052,0.5203059225944462,0.0
448,375.764830620729,0.2686817399678013,7.854248919659103e-05,133.1923150159891,61133.695434472516,34.675514492221254,1818.1968463002836,1.2393600960405051,8.1476491087539,0.5200888928423123,0.0
449,375.13800902055664,0.27050717103765565,7.685027748873536e-05,133.55793595423603,61281.97182895246,34.688014376809825,1823.708360981802,1.2377425793309351,8.146579564649898,0.5198309745531078,0.0
450,374.6640311979876,0.27194405153289614,7.521593295192979e-05,134.55981332853497,61431.20774505386,34.57652329313021,1829.9860701906969,1.2412784798998866,8.167413017274962,0.5195877726314347,0.0
451,374.1276033863163,0.27327990221009035,7.358526624987646e-05,134.3729918014901,61580.20081995519,34.49643749123354,1830.9408583671488,1.2387469168486689,8.183212388112302,0.5193863227082884,0.0
452,374.09891831672957,0.2727584434301429,7.195130373926967e-05,132.06030066244716,61726.83803747269,34.64194094934268,1837.071887956708,1.2306444162503116,8.218273900518344,0.519218128165965,0.0
453,373.62119672422074,0.27357106919281793,7.031529499064758e-05,132.92622984617685,61874.27754392889,34.75649943772222,1837.87545907746,1.2255946081599831,8.235311264203558,0.5191059387125703,0.0
454,371.5210045988253,0.2792560160070876,6.868133877165555e-05,133.97415635528648,62022.72825182553,34.683002650174195,1837.306398248945,1.2312419236409247,7.988223806354514,0.5190240601011913,0.24761454511063619
455,362.1767936312412,0.29800971372996665,6.699784773211668e-05,135.121551898406,62172.210520228975,34.797580647071804,1836.5524105717382,1.2328629388242456,7.967950493226359,0.5186717260822566,0.0
456,365.9434860318928,0.29326425095068775,6.512654775732741e-05,135.31172793426776,62321.39456434178,34.84964239808526,1836.0035335344644,1.2322227850103142,7.970745601071157,0.5182785502193532,0.0
457,361.38400551778,0.3000357138162739,6.323241253165729e-05,135.33373379348495,62470.73948733331,34.475239076426725,1835.333597841578,1.2300280817519895,7.990200615866207,0.5179117719096562,0.0
458,365.13172309797005,0.2946710276339236,6.141246896756093e-05,138.31528060073342,62622.82170582006,34.72734379008448,1834.636376390723,1.2271142957653645,7.975883989029167,0.5175911899165222,0.0
459,363.2222146855258,0.29795920583471824,5.967524466466791e-05,135.33723812968267,62772.1376271845,34.760047124545636,1834.0310143329748,1.2290614850917758,7.994987637842649,0.5172716338554445,0.0
460,361.65973164614957,0.2995851986855087,5.791567706916752e-05,136.82930378724944,62922.82374458459,34.6883724675467,1833.354981316722,1.2346397990149622,8.027418067185858,0.5169954403948216,0.0
461,371.81227011722973,0.2832458379629281,5.615109886913555e-05,135.50346930893633,63072.08179027235,34.633300220992965,1834.7495870132148,1.2360711034264535,8.017840913601956,0.5167773232898051,0.0
462,384.6175903063973,0.2461365779710336,5.457251386172812e-05,131.09419367235597,63217.44258021321,34.68143078689903,1841.1590797062538,1.2342191477242683,8.136495832187961,0.5165610642773008,0.33960344160075806
463,383.89707210746207,0.24841582133629514,5.339941598790545e-05,130.78412750497884,63363.1166872404,34.69143503475302,1840.4526958802905,1.2230385723713557,8.325447157492956,0.5165583207472307,0.1526217026264618
464,378.69803564621105,0.2615530531690087,5.220954542114977e-05,93.94310418158348,63471.90140360987,34.64080096429593,1848.5045719444693,1.0674905250670303,8.164219867757447,0.516771186394919,0.31804138606994314
465,361.42244690543595,0.32578386215918,5.068550517856251e-05,114.30030841991243,63600.75646303044,34.933149710096664,1847.7291590400835,1.0911892048169467,7.742870696649725,0.5167956339701674,0.0
466,355.5172126279815,0.34621508163222336,4.848873217937422e-05,140.3567565509283,63754.860195511304,35.10725273102507,1851.4121630670966,1.2022795258154342,7.393815360243262,0.5162412196688014,0.3525864513745418
467,361.3509670896777,0.33140689935619994,4.609044055462659e-05,143.81474444498156,63912.11182195509,35.04518349934592,1855.2678712573147,1.2114668160633582,7.420654918779345,0.5153259447819725,0.3527143755462703
468,360.9826379196601,0.3248748598591087,4.386796361288692e-05,137.70774241742674,64063.48634464556,34.51837571051117,1854.4789245262916,1.2250873947007486,7.776918573025471,0.5144936851713745,0.0
469,364.4215398172521,0.32168546674557297,4.173099810631271e-05,137.33684382831854,64214.42552394856,34.697066503890504,1855.8227660527978,1.2203728147283848,7.43530657905023,0.5141071077587839,0.3601348666565336
470,356.8274960505725,0.33382889430464335,3.964307783921749e-05,141.29086070346568,64369.51623624191,34.97183798920953,1856.214090316512,1.218486655130543,7.474386211262123,0.5133617557386264,0.37588381070422017
471,354.5269888705258,0.34081474761037367,3.744109402213449e-05,142.97893373453854,64525.9184975498,35.41870887626863,1856.056968815457,1.2151301001670667,7.494870189218867,0.5127086442105181,0.3972845662976674
472,348.5451016258201,0.3491862798405313,3.5134144412973665e-05,141.55802010074405,64680.81027788612,35.31541000550019,1855.266250179528,1.2201995873470854,7.706823321781502,0.5121203484938043,0.22589520217395886
473,351.7739021319133,0.3444884458610057,3.27539277544082e-05,142.2582313239428,64836.1560066727,35.57614820961083,1856.5559884397837,1.2163924733754916,7.522874507202152,0.5118085888592151,0.0
474,348.35433446333354,0.34846637234908406,3.044018910304165e-05,142.90907487239627,64992.346265832784,35.53716897471744,1855.9367875270211,1.2186831725793958,7.537568738141066,0.5112494404475642,0.0
475,349.46163623618475,0.3455627869881196,2.8116836765455174e-05,144.46046462453418,65149.92802389304,35.60526269241428,1855.201415837055,1.2194339396644982,7.997136136278657,0.5107401165332032,0.0
476,349.0077043585799,0.3449405266182223,2.5823974231259125e-05,142.85757359362833,65305.97707742833,35.67605125828015,1854.5242895187082,1.2221725007766588,7.9346404946000595,0.5108424064404713,0.07109760333229076
477,347.9054468609169,0.3445229784204953,2.3551299584008085e-05,143.56858355648393,65462.724433992655,35.48980211017058,1853.731475598093,1.219885425599222,8.012239743886193,0.5108735305499872,0.0
478,352.16957057668986,0.3376824781682122,2.1301097821745758e-05,140.29532068274492,65616.1535166352,35.44122887348542,1852.9984489121632,1.2187628840770952,7.998335944804044,0.5109941764331133,0.0
479,354.6726393298808,0.3304830456494159,1.912857663011498e-05,140.89776942659248,65770.42877574236,35.551915957620025,1852.2666792249986,1.2239398430254709,7.981923183926361,0.511094065183831,0.0
480,353.1479537938777,0.33275384464144586,1.7052150376245885e-05,141.39203505286122,65925.35239390176,35.70790412845702,1851.5347317975436,1.2207199306336425,7.985026249603762,0.5111710487618045,0.0
481,349.9525478465796,0.33859099575345963,1.4972746030662863e-05,140.83327562568925,66079.6407382474,35.403441684074664,1850.8023986088092,1.2249854004779432,7.991938479228641,0.5112510253448989,0.0
482,348.1175476851573,0.34099056691448604,1.2896134660368456e-05,140.90909549489805,66233.84382324689,35.45073416387523,1850.0729041991863,1.2274524340801154,7.975514957922448,0.5113386642756508,0.0
483,350.5404123832953,0.33572346560868593,1.0758488213712126e-05,133.88399887122137,66380.94367163313,35.44411961053469,1849.6161800005832,1.198480772318315,7.978667695015221,0.5114039673152406,0.0
484,349.4716512872901,0.3395689609233632,8.610939393090673e-06,136.4984401664192,66530.7315715105,35.47730626511672,1848.8879886195111,1.1935778616286066,7.993690189577738,0.5114728809507012,0.0
485,354.3265040082752,0.32783578163445215,6.4446919103268285e-06,138.5212696593298,66682.48424950337,35.36139616617988,1848.5141382020868,1.1944629903610886,8.007597555440803,0.5115602682174749,0.0
486,351.5384396174079,0.3315337364130827,4.616345360896066e-06,139.13038760640455,66835.12194029301,35.357842802343946,1847.7830053602213,1.2164118547764036,8.022752469183681,0.5116637717770078,0.0
487,354.2457793943388,0.3238268738459612,2.8813939752068106e-06,138.32675059179184,66986.81878396448,35.39002683821746,1847.3451930540446,1.2130875533948224,8.035074997500704,0.5117841497908563,0.0
488,353.3673851137999,0.324319804836281,1.2404987900179983e-06,136.70055006327757,67137.03086648844,35.567502333285816,1846.7849605879812,1.205762325901911,8.051140836382581,0.5119169466890678,0.0
489,354.029179205601,0.3217847474075386,0.0,139.48391365863696,67289.97245046933,35.223518620372715,1846.0553923030272,1.2044314725312693,8.048497920258905,0.5120662722793429,0.0
490,353.86619463603745,0.31948748368055,0.0,137.86166211989635,67441.31386570749,35.33126568111761,1845.3313521264297,1.2067003073623548,8.049335854341493,0.5122075494800467,0.0
491,355.6755581900656,0.31419898484399045,0.0,137.26112328809484,67592.0395652541,35.18262187080055,1844.60670460233,1.2120110294092208,8.079370426970332,0.5123455869376575,0.0
492,355.8536317243001,0.31341436180331395,0.0,135.81493450768357,67741.39822352224,35.310662358080364,1843.9093070666609,1.2127643324819268,8.107070923545217,0.5125175702624678,0.0
493,357.78553124553315,0.3082823904178752,0.0,138.09192233555177,67893.02929239134,35.17270220727285,1843.1861185565956,1.216308956049005,8.104575637588692,0.5127188144789091,0.0
494,356.02980470226044,0.3117560578264025,0.0,135.93184574968413,68042.59432330065,35.10263383708776,1842.464147118295,1.2079905784330214,8.12351545917314,0.5129095289713794,0.0
495,358.15733249718056,0.3062338875021561,0.0,135.81462134402395,68191.94156222184,35.126765666220095,1841.7432690320618,1.2118570917414928,8.109307400543615,0.5131174207881022,0.0
496,356.0429315963591,0.3107238517790668,0.0,138.34261172500175,68343.9255415159,35.06831591183271,1841.0283733539384,1.2172455790125676,8.122699822034557,0.5132995638559071,0.0
497,360.57475247107124,0.2993783472207542,0.0,137.77708001422675,68495.22426396355,35.208992561585575,1840.314311824349,1.2072871934021696,8.155341909836404,0.5134922532345102,0.0
498,360.9586665177931,0.29822044298973016,0.0,120.52843233787635,68629.50020665197,34.518892248578766,1839.6598420873902,1.2225430818036749,8.169482604857551,0.5137193613986848,0.0
499,353.1305377137103,0.3089229077161101,0.0,136.43945978965766,68779.7026608722,34.518488447201904,1839.3412147877484,1.2112182296404035,8.183084360016402,0.5138816780671501,0.0
500,358.1822355151325,0.30116182007149883,0.0,134.29474384526003,68927.35685959843,34.59789790183103,1838.6289258874765,1.203394164656455,8.172648650559504,0.514055766730246,0.0
501,357.50425957287507,0.30196168884831276,0.0,135.82437470932564,69076.797366517,34.52893839975089,1838.262688554204,1.2033443838865157,8.190139731645127,0.5142105308693873,0.0
502,360.0688811082607,0.29595827084534676,0.0,132.992329702917,69223.36658080161,34.56092111789016,1838.161098671579,1.210614568020803,8.208084555015622,0.5143823563558957,0.0
503,359.6951510846129,0.29644421150178846,0.0,133.819605807186,69370.8906901114,34.47283790441985,1838.0130997866354,1.207537536420265,8.21703425833809,0.5145709460978196,0.0
504,357.06474044115896,0.29932064188037655,0.0,132.8522449505293,69517.4187168784,34.60535668064183,1837.8187778707465,1.2080612544529545,8.231749783718668,0.514764032239581,0.0
505,357.84188747902124,0.2966205625214672,0.0,133.30767415831554,69664.25789345,34.39399279743404,1837.395677470053,1.2168454608846153,8.258349735390986,0.5149686889227739,0.0
506,358.6564164975443,0.29516673247632375,0.0,132.661510665596,69810.47625627488,34.46271598183602,1837.1920454055435,1.2068770674211873,8.248380562839136,0.515199394622822,0.0
507,359.1570992345511,0.29329027638172445,0.0,132.72193529910453,69956.78781492016,34.423906382484176,1836.8316042045897,1.2111383107723546,8.262439530859941,0.515408436329752,0.0
508,363.033163802219,0.28759337387798756,0.0,130.87699007001729,70101.26675722937,34.433253369485755,1836.3779797720174,1.214487672669198,8.285744957333254,0.5156273717564094,0.0
509,365.87835012873023,0.282461046885244,0.0,96.5293429198377,70211.58010544284,34.47631754188679,1835.6682458351781,1.0340935120056745,8.283706315719419,0.5158674176175729,0.0
510,364.58206438723744,0.2949456025896504,0.0,98.61774055788808,70324.11148715863,34.94399008408928,1834.9599010762752,1.0573337400430103,8.155398099077685,0.5160213551645106,0.0
511,369.79982556466507,0.29028976997819944,0.0,103.17858750473495,70441.08288197969,35.050538740666155,1834.2492092455977,1.0664741477778046,8.179974854393082,0.5160073397482802,0.0
512,371.6986963373471,0.2868901159260838,0.0,125.90809222236835,70580.95589757836,34.60825554992162,1833.5354248404224,1.1698012361685328,8.190689337411094,0.5160277577671567,0.0
513,370.46578192073025,0.28998980918952943,0.0,125.30268337260249,70720.24506506555,34.65206229461432,1832.8249530491007,1.1758304999201679,8.227362100088788,0.5160632806264086,0.0
514,371.36856200469174,0.2866775123595223,0.0,131.26074772816557,70865.40537146338,34.79425592432551,1832.1094273815345,1.1727399245275962,8.245995516341091,0.5161460644125738,0.0
515,370.3799604109367,0.28746945070886043,0.0,129.09709506325453,71008.43446690096,35.08451675888413,1831.5080302093727,1.171360363369435,8.286200080507859,0.5162508342085804,0.0
516,367.28524513055413,0.292629047637077,0.0,127.55048598801574,71149.84499296245,34.719246417666426,1831.1140327873122,1.1897382298661816,8.311641448052569,0.5164038329748947,0.0
517,368.78573037532817,0.2890702038858285,0.0,129.53810948054303,71293.0667973976,34.98041065690778,1830.4371995548208,1.1761460751133126,8.320799316155584,0.516583891276343,0.0
518,370.3837828740112,0.2859156150517753,0.0,125.26638247953781,71432.09534875445,34.78113988830999,1829.8462276183607,1.1887316029307429,8.314832075114493,0.5167689779780035,0.0
519,371.4408366555666,0.28415648067786303,0.0,128.93751953946662,71574.87788096131,34.68913686353961,1829.5666478275934,1.1784834518248783,8.324031120932796,0.5169396419348772,0.0
520,370.13161327344955,0.2860497658645832,0.0,125.279939430651,71714.04905720163,34.56296767582089,1829.261219849827,1.19414575347525,8.367071185516645,0.5171158361817345,0.0
521,374.1225095627626,0.2772006142777764,0.0,124.32282995708898,71852.172395896,34.69049180988892,1828.65010621544,1.1933646101258022,8.36838862183932,0.517340195788278,0.0
522,376.02619811534043,0.2726874350557714,0.0,124.67077324617364,71990.8472502812,34.520402919925694,1828.1298417548094,1.1783583471214125,8.394610227008116,0.5175573564895471,0.0
523,373.566271247863,0.2785952587826781,0.0,126.48130939522528,72131.42172900897,34.63973988820064,1827.6249238601758,1.1821144428709045,8.407120040839159,0.5177992583617572,0.0
524,374.9503436686846,0.275529557208368,0.0,111.49635553358925,72256.85813559826,34.628799720572054,1827.114403363955,1.1168491914223724,8.438190394085769,0.518047248229859,0.0
525,376.84125317929784,0.274418108332091,0.0,116.96747832467985,72387.77341393734,34.292475238391184,1826.6288899980566,1.140117946206448,8.476424710823427,0.5183245491788679,0.0
526,377.36416698561897,0.273960151523594,0.0,119.64677609291316,72521.4202849644,34.38744875193656,1826.0437582203067,1.178919338703838,8.46473100858621,0.5186387569364879,0.0
527,371.8990922587358,0.2843524673077581,0.0,128.60131306668052,72664.04724579342,34.59001043768221,1825.397255963718,1.1637097561989662,8.457668458403633,0.5189246650671725,0.0
528,379.1545281047533,0.26698059262963203,0.0,121.24914743905255,72799.04073929273,34.67227096695284,1824.7503314769656,1.177396263871799,8.810841428774172,0.5191895608764019,0.19395258920294367
529,379.29040506496324,0.2665775633038495,0.0,123.75166949551215,72936.91090806447,34.65200877979426,1824.2116730004204,1.1759125917081845,8.996532409136115,0.5199194743156537,0.003731754087549888
530,379.59148876011795,0.26327895991131356,0.0,123.50311570687317,73074.53353107462,34.48983258249066,1822.3524067492046,1.1800794166132973,9.001302068658706,0.5208228571822905,0.0
531,379.65545888106533,0.2615704295226603,0.0,121.88399252586765,73210.54318928116,34.6030496058798,1821.71850883509,1.1796730205307973,8.994171149154319,0.5216885033723628,0.0
532,382.5221874962327,0.21612717318475083,0.0,115.91733998727585,73340.58779393541,34.411607841506594,1834.1501450234566,1.176861795588396,8.509710636582128,0.5225037360478256,0.0
533,379.36170435560035,0.24198846598955415,0.0,101.93324824004691,73457.67110617126,34.394782794569224,1840.5447066675836,1.0994456526943577,8.530141247226128,0.5226656021572227,0.0
534,380.5484621167051,0.2518993507760686,0.0,103.93058890395461,73576.1549521331,34.55608923968413,1844.4333808491579,1.0720003021520594,8.547744065214331,0.5228474608564293,0.0
535,382.3276256941055,0.2532156572805955,0.0,107.46487796121895,73697.93932909741,34.38883995757999,1846.6862481674602,1.108407602841541,8.578602008011847,0.5230447060765678,0.0
536,383.5077056619692,0.24935770948299563,0.0,113.26201155259824,73825.40740853285,34.467379525231436,1849.583583310863,1.1320310431787381,9.065529896217377,0.5232733641186423,0.0
537,383.10182882822465,0.25817106989428285,0.0,118.27588476892215,73957.96972055717,34.59552177642005,1850.4874746072726,1.1263244054390325,9.06571740679949,0.5241103427294028,0.0
538,384.0445505395216,0.25128010119703725,0.0,117.59476033624955,74089.66152414054,34.41756818585837,1852.7642783555764,1.1231464462590626,9.046077784338584,0.5249075417972121,0.0
539,384.2528853855624,0.25275381491346893,0.0,87.53632226593022,74191.46637141175,34.40800995082101,1801.0537126043662,1.0059926469840896,9.041412548044427,0.5256417934399179,0.0
540,384.3375538483796,0.2611892869015755,0.0,90.93945371143198,74296.5763350596,34.13442104635278,1802.2100444506102,1.008318149941465,8.945357694813522,0.5262612501194154,0.0
541,384.3345907250242,0.26521353223047706,0.0,111.55391676052008,74422.22138236646,34.09035059088322,1802.299629564113,1.0975415452338149,8.963367197404612,0.5267297490219044,0.0
542,382.91770834571145,0.2678785525936438,0.0,114.87277697646243,74551.00728254601,34.0636919806612,1802.918685495418,1.1154603171786093,8.579906378822825,0.5271995692874017,0.0
543,380.4004966320895,0.27145252563436584,0.0,120.27592956942249,74685.22990138378,34.089814614022494,1804.6437505521155,1.1194622999291128,8.566782880530225,0.5271613812588023,0.0
544,378.13164201867636,0.2831169888965821,0.0,122.66268762399069,74821.939438212,33.95203527751524,1803.882896989786,1.122729699784075,8.578383981900872,0.5271105453339401,0.0
545,380.8384798371636,0.27519197373689597,0.0,117.7661204434543,74953.38950679179,34.28643019662332,1805.2811520342907,1.1114401950706865,8.593867034523402,0.5270790552108087,0.0
546,386.8504219070613,0.26637557571492887,0.0,109.55475286064984,75076.89315358346,34.64188622386734,1807.9403189154477,1.0505711476630348,8.619447040890256,0.5270708533393695,0.0
547,387.688336487733,0.26234696773053057,0.0,109.6818547881537,75200.48511170897,34.79435275138698,1808.5900734556442,1.0617357272873156,8.69088627743806,0.5270975664022203,0.0
548,386.2434588814,0.26796246352424247,0.0,116.02218130522365,75330.61731476359,34.674454387272654,1807.8256099625285,1.0929872677767605,8.706026172381057,0.5272155970259402,0.0
549,386.57643988424985,0.2649287904226889,0.0,118.1810227566533,75462.63993813282,34.63754419555162,1807.6646188032992,1.1043321999764475,8.711237513615428,0.5273489191009179,0.0
550,387.3489866172544,0.2646382506221657,0.0,122.63613569416694,75599.2378607385,34.29502234773461,1806.900471658668,1.0940196697364486,8.73474696701575,0.5274841582391137,0.0
551,387.692374463049,0.25682036075452086,0.0,121.09397792220578,75734.20567287705,34.3013374866775,1807.296771896907,1.0943984760002088,8.746637571461847,0.5276444185207316,0.0
552,387.8118017636578,0.2558891519188452,0.0,119.37113943475805,75867.63894326339,34.1748221562279,1806.539005279007,1.102586677314079,8.777311606472946,0.527813690496225,0.0
553,388.234493986671,0.2538153835103356,0.0,116.74365737360057,75998.25923198406,34.27396299508294,1805.7826918461633,1.1190600313701595,8.800292446831428,0.5280153355514468,0.0
554,391.51141393838856,0.24588873714143555,0.0,120.5297666761797,76132.6820231121,34.615837386568536,1805.0244429766171,1.1125361780562255,8.81428235021008,0.5282379523291842,0.0
555,394.03672454111427,0.2399186223978088,0.0,121.56826003752644,76268.37355911288,34.723529758201316,1804.2666417694354,1.1276764452289545,8.844390684920354,0.5284690677492705,0.0
556,396.586775347707,0.23266689612961555,0.0,121.16061645522288,76403.9351616515,34.63761025562752,1803.5091252505722,1.1233637761851758,8.872883334694334,0.5287286874855319,0.0
557,396.524447633164,0.2295743395405503,0.0,118.74522587250911,76537.17179952003,34.65732309566507,1802.753446957778,1.1377646709054232,8.871500840350986,0.5290133131936117,0.0
558,398.24965834276054,0.22394735657158205,0.0,117.24586730100307,76669.02597744614,34.64975127274022,1801.9987423792845,1.1377555172475833,8.891806920092218,0.5292837766179901,0.0
559,404.15749043923705,0.19950754947108518,0.0,110.85579617087504,76794.56174856047,34.46612349553431,1813.887697039439,1.151558845656527,9.405060511136394,0.5295682906567231,0.0
560,403.5454561474094,0.201821078169669,0.0,112.37134805942004,76921.94326808711,34.38093139519834,1822.8035178448288,1.1481612290335734,9.381934014266655,0.530491415667037,0.0
561,402.8137828818084,0.20520830937028278,0.0,112.6556325337342,77049.6451489438,34.431957449585425,1829.9830834837521,1.1506753995840344,9.376785057100737,0.5313405580117508,0.0
562,402.28736510542717,0.20763992089811378,0.0,112.83005628888944,77177.409029022,34.35666221447039,1834.9398408614304,1.154312167572202,9.362946160037227,0.5321422275192633,0.0
563,402.00952174613815,0.21258145625968228,0.0,111.43761391833188,77303.73470132222,34.61106077389037,1836.5356158727714,1.1488014775827486,9.363792751900908,0.5328877721276787,0.0
564,401.2952461977526,0.21658714905529763,0.0,105.60487340825085,77424.1953157371,34.645170464127254,1841.867086683951,1.0970002281078548,9.34377170872597,0.5335986278260315,0.0
565,400.94761606982297,0.22049642069944841,0.0,107.24861204231138,77546.18548875883,34.71636363579782,1846.2241524701938,1.0989072862172118,9.33822492856875,0.5342500532135624,0.0
566,400.4380487083236,0.22242069153159494,0.0,107.99095735587201,77668.87061070418,34.63840563641858,1847.370326207967,1.1087145734085497,9.333454887410443,0.5348633850456201,0.0
567,398.6908008378942,0.2277722459664201,0.0,111.650733526453,77795.17204906896,34.64955906024999,1848.3869560366877,1.1064533560875751,8.936234850063142,0.5354415105648725,0.0
568,393.63246940514796,0.2424965239474195,0.0,118.87542441994836,77928.60662411383,34.5653372388061,1847.8317151367705,1.1178716428652002,8.930882501007039,0.5354883824104256,0.0
569,395.2800839640168,0.2357240072248603,0.0,119.61388603196411,78062.50456310253,34.681318416214225,1847.3016081518758,1.1231589965492315,8.921993307508865,0.5355278425410522,0.0
570,396.89385819299497,0.2294920544775505,0.0,115.03711349476986,78191.89331862408,34.82337848881235,1846.8034064585859,1.121253958298318,8.93414469274892,0.535555771631568,0.0
571,390.2249959956291,0.24556824619003126,0.0,118.52014325832916,78324.83234318501,34.65798631668351,1846.3039721199689,1.110959318826843,8.94829764530995,0.5355994336053969,0.0
572,393.7399222758665,0.235742575758784,0.0,117.66252149589945,78456.57068845935,34.49329879053168,1845.783922481173,1.125832561307972,8.969462582299995,0.5356605674915567,0.0
573,398.4595891411787,0.22154880682395828,0.0,114.72610445988714,78585.53383631073,34.39127289003673,1845.2058918847247,1.122271762232747,8.956048761778634,0.5357471797950315,0.0
574,399.12530775044536,0.21955693685092648,0.0,113.96078609148718,78713.96685663593,34.4969074970106,1844.6189487801944,1.1247311804097155,8.949191157447867,0.53581411696103,0.0
575,398.88390582852736,0.22045189169730117,0.0,114.50948259590066,78842.84786160878,34.69791382230292,1843.890596464996,1.1106365142396726,9.368781354056843,0.5358706800524238,0.0
576,398.48659645532643,0.2211766035812479,0.0,116.09014909618567,78973.29939011618,34.61619848989748,1843.1625322100836,1.115395956806602,8.965183935418766,0.5364583144038378,0.0
577,393.8153069066705,0.23419829376317625,0.0,115.140291461292,79102.76631840858,34.53595139081792,1842.4351663467535,1.1306039933339755,8.986114711369995,0.5365060535039827,0.0
578,396.91220019339704,0.2250771184348992,0.0,114.0126068708971,79230.85557224556,34.552235944064314,1841.7065758844392,1.111388546445779,8.974333221088715,0.5365796035323114,0.0
579,391.8113029518645,0.23806532622828658,0.0,115.34273355302162,79360.46939811383,34.41812147903478,1840.9803687950791,1.119904502231015,8.994586977834917,0.5366361621477836,0.0
580,393.2564953581429,0.2349746205188994,0.0,116.14312597117089,79490.57268900878,34.531339279512885,1840.2547189271877,1.1037968954048925,9.004313858451548,0.5367172144440137,0.0
581,395.4542179405806,0.22913570088826796,0.0,115.13403513825834,79619.74000466047,34.39627042580868,1839.5299233941987,1.1093217768606787,9.008838380323928,0.5368081655176565,0.0
582,397.00525872742264,0.2245226200216417,0.0,116.19785740163147,79750.0631250735,34.69399191420013,1838.806129217362,1.1064793903243895,9.007193849493918,0.5369019099847995,0.0
583,391.18927093772777,0.2388970591430537,0.0,116.90642017395304,79881.15979637872,34.546566908383376,1838.082603139555,1.0955591169165746,9.032214183352401,0.5369904744372135,0.0
584,388.5478965013821,0.24158925787708319,0.0,117.78426301356531,80012.81776538256,34.81081049790546,1837.3603404797113,1.1025396090844417,9.013150285494927,0.5371079358689531,0.0
585,393.0142398324079,0.23103745008053234,0.0,114.98074346458108,80141.52455563293,34.45104000426274,1836.6385206961868,1.1209674034301824,9.015141578231392,0.5371969108001023,0.0
586,396.4314709505127,0.2222260943769372,0.0,114.82964096308493,80270.29501394676,34.93310273307968,1836.4309909517522,1.1077301051967903,8.996115901293457,0.5372855356401474,0.0
587,397.6388165547969,0.21834380563394007,0.0,114.06693214442386,80398.58608158433,34.63945321313547,1835.7101331866184,1.1121716052540056,9.357678806450059,0.5373471617703582,0.11378798291074688
588,397.54490349084176,0.21787123438721956,0.0,112.53080404882198,80525.29068026967,34.51162948909341,1834.9325249300473,1.1150623724993987,9.467786938288738,0.5378823542205148,0.0
589,397.10800382411037,0.2188241884246136,0.0,115.92908756081331,80655.36921789219,34.50902100426425,1834.2718057824732,1.1069679452462,9.003850799057163,0.5385153048289049,0.0
590,397.22946375823255,0.21765559902765796,0.0,113.7786577747213,80783.28037963418,34.66926102401045,1833.5537018257069,1.1043406500076558,9.44621378353014,0.5385294257097948,0.0
591,397.048088521698,0.21746626397218893,0.0,113.6684917574093,80911.07585808568,34.48075441119531,1832.835962408261,1.137320214309519,9.328126201072672,0.5391055075592224,0.1108638843965899
592,396.34614477278774,0.219600438928218,0.0,112.16015956194664,81037.3474963029,34.39669262743034,1832.119763734138,1.1107877028064799,9.207042840795603,0.5395203258637055,0.1979070907034206
593,396.1058384491799,0.22041357090254687,0.0,114.24363463148485,81165.67868736236,34.406358720054726,1831.4048530276832,1.1162878392996731,9.006664677521478,0.5397746990414459,0.3909408725771506
594,391.2008400248577,0.23174204056419023,0.0,115.98537971415924,81295.72975269414,34.75208469753354,1830.6908632322832,1.1071171004725233,8.982765094243641,0.5397914058733334,0.0
595,393.39840697584543,0.22618450213412056,0.0,114.6574477853197,81424.20357060958,34.57836030845951,1829.9761022782473,1.1173367520637394,8.997042293205226,0.5397217520782925,0.0
596,391.16025541404673,0.23064779603910235,0.0,116.77170037188752,81554.88653175415,34.703961708411214,1829.2624180294188,1.1187797564641409,8.994036817882586,0.5396752269561341,0.0
597,394.38961695250003,0.22380210198495587,0.0,112.76674273834064,81681.45323047995,34.69787038772,1828.5490183391862,1.1148883840441735,9.007326822210446,0.53962873809393,0.0
598,395.60135653268867,0.22090898185808427,0.0,114.25448756815732,81809.66434749993,34.47091830851667,1827.7780690641112,1.1189437689117663,9.42254675024096,0.5396029496094215,0.0
599,395.42420299091776,0.22110019910426648,0.0,113.26702869503681,81936.94414853283,34.626565977093684,1827.0084667209894,1.1157303248411568,9.4041953484023,0.5401066427982206,0.0
600,395.11517180698127,0.22151534478920354,0.0,114.56015729042092,82065.50921981316,34.576473997945605,1826.2392984022315,1.1026895840275488,9.396011412920416,0.5405631437962295,0.0
601,395.1946030117218,0.21965017224566352,0.0,111.83464826884496,82191.32756279224,34.59898933546455,1826.5588627511625,1.1111110305107061,9.372560805159617,0.540987714464636,0.0
602,395.03837446772036,0.2195898236672802,0.0,117.04630848065341,82322.34697955761,34.53317622704978,1828.421992022011,1.1070657386930784,9.363559600701892,0.5413625859222088,0.0
603,395.28112502499147,0.2183685869367218,0.0,112.56113067429217,82448.86536403708,34.28664326225853,1828.9214595722337,1.1022861138006113,9.37514262484981,0.5417085796123811,0.0
604,395.19695282269277,0.21843576431102496,0.0,114.818006581688,82577.63818678157,34.0820592774895,1829.1564025462094,1.1003097087733205,8.945101049402643,0.5420532496473042,0.0
605,391.9283135068986,0.2297232133228574,0.0,117.33710830776225,82708.81188702212,34.3719296016514,1831.4185163542852,1.1159326672089056,8.949592528808564,0.5418364706811974,0.0
606,389.83227052096686,0.23541585584862934,0.0,115.19918428613815,82837.77521613748,34.28222323509786,1830.5936260271108,1.1328569725384254,8.948381879855194,0.5416377324683569,0.0
607,388.4859089437611,0.23766888306841527,0.0,120.47438922763337,82971.96113530832,34.87585871384028,1829.8241380875138,1.1197859527059604,8.949089285687045,0.5414488918920706,0.0
608,387.87336318709777,0.2384028536074525,0.0,120.48954049231175,83106.12634556968,34.96572301092072,1829.0550496266294,1.127038838275147,8.96480781675361,0.5412718820152344,0.0
609,387.62314627920864,0.23788818844477777,0.0,117.60844800020621,83237.38923108857,34.80467594938789,1828.3477168576837,1.1412493802552364,8.98050477761915,0.5411251461597152,0.0
610,387.2116797446044,0.23908525282515913,0.0,119.2722852029673,83370.3112001433,34.8104043614179,1827.5836216360187,1.1334560718141429,8.971333610862272,0.5410071289506473,0.0
611,386.7368276177043,0.24046099327567083,0.0,119.34860087439742,83503.31268805932,34.90501973701079,1826.8200873329456,1.1319738923952518,8.705547706463621,0.5408848361458033,0.0
612,385.99501531355276,0.24216131489523407,0.0,121.7234217843807,83638.68649230152,34.77145965823437,1826.0574384806898,1.1235553354658736,8.720259442445188,0.5404329771886185,0.0
613,386.11218106654366,0.24176726004491467,0.0,120.27640888124259,83772.55169644393,34.8155640345401,1825.295285132607,1.1311356171296056,8.719630527445673,0.5400239696452025,0.0
614,385.9079505482669,0.24203661052595105,0.0,121.13737761825573,83907.28501107648,34.90778945768131,1824.5339435241867,1.1351629942356711,8.719969727397165,0.5396361978592511,0.0
615,385.95322226207514,0.24181442463954106,0.0,120.91649128589461,84041.8030629242,35.101506661994385,1825.2081078748506,1.1247454954341431,8.711442146903428,0.5392698223826329,0.0
616,386.06610303118885,0.2406317662713514,0.0,119.5603617338891,84174.97922049141,35.04935323116945,1824.534417874306,1.1294974244342213,8.72255950853455,0.5389125201198893,0.0
617,386.36486279069607,0.2404386955956881,0.0,120.60643442511214,84309.21152016806,34.993900528870654,1823.7724858343645,1.1234063710492541,8.735032995647371,0.5385887548378052,0.0
618,386.8918443657533,0.23867652253988259,0.0,120.06968901748664,84442.91704897925,34.88638770969531,1823.0120476829284,1.1253100695278109,8.7622014600708,0.5382985577721147,0.0
619,387.38210592334235,0.23725236613787848,0.0,121.54718389208274,84578.11235320066,35.1177227281487,1822.2532425491045,1.1311392917536738,8.767879287462499,0.538058877607934,0.0
620,387.7765258215688,0.23658074573612076,0.0,120.14388950853038,84711.92248051787,34.64921231306026,1821.4938855821395,1.1258178185464356,8.771653371804963,0.5378399077717237,0.0
621,386.8045736882426,0.2383164013193606,0.0,119.40560167168874,84845.00660763461,34.67939192931843,1820.7378705184196,1.1249538312090972,8.732010550671333,0.5376381890140367,0.0
622,387.75115270299494,0.23595505718716459,0.0,119.7091104460475,84978.38061065326,34.6745562377849,1819.9819423505855,1.1313989781188845,8.678277524031635,0.5373977786161113,0.0
623,388.4457296614697,0.23433881357853403,0.0,109.76909063508452,85101.83293748143,34.308255591987674,1819.2271584365972,1.0841235068326516,8.662303809693112,0.5371027545244021,0.0
624,390.1274032588608,0.2291386115453563,0.0,110.88097855446728,85226.36392464756,34.74165733276767,1820.8394636523863,1.0840242184513793,8.659175250943713,0.536803767199196,0.0
625,389.8216202436835,0.2371023590207625,0.0,119.74683458100836,85360.16777184524,34.8268023816547,1820.0844607516347,1.112905503056184,8.676243089401757,0.5365173112137437,0.0
626,390.84080186652443,0.23469494817680525,0.0,118.54496399439884,85492.37976077336,34.98301104386394,1819.3305612619718,1.1165800704231905,8.698592956609584,0.5362683740253918,0.0
627,391.4587449264675,0.23299543528289868,0.0,119.56439478722612,85625.63809387884,34.81418853777648,1818.5770309701775,1.1301733790000938,8.700722583933041,0.5360617644133574,0.0
628,391.87263303633927,0.23196814493121376,0.0,119.65172402829035,85759.00148787367,34.981654846748036,1817.8244354161648,1.1189778252958447,8.706158100587363,0.5358696994213599,0.0
629,392.43911820618786,0.2299286781775991,0.0,118.216840267159,85890.9441829025,34.85262910182482,1817.015333142711,1.1205966847665092,8.724930526048212,0.535695638262081,0.0
630,393.25823597724644,0.22806227594098172,0.0,116.27180939641735,86020.95716010271,34.782068809872,1816.26367774096,1.1255774060573067,8.747701491158832,0.5355555892722885,0.0
631,393.73169223729224,0.22769935507959826,0.0,117.45656309643574,86152.16299497275,34.54789780277451,1815.5127983746772,1.117926765957432,8.74469700096349,0.5354529077627548,0.0
632,394.19456295036713,0.22716001553756404,0.0,116.60848789532979,86282.52790920352,34.77901271024589,1814.7639778908147,1.124917535675401,8.74448781493935,0.535353012206745,0.0
633,388.8457721253433,0.22659618754282673,0.0,118.44172279956716,86414.75197238757,34.68200860966337,1814.0142569742497,1.1286087726446443,8.74633348328004,0.5352593051177484,0.0
634,388.0655453915315,0.23591375171997586,0.0,119.14835138115106,86547.6074120784,34.773874648310695,1813.2239730380495,1.142441546084634,8.756456731748738,0.5351740781306434,0.0
635,388.7566702077187,0.23712987264383534,0.0,118.07335142465172,86679.3796684936,34.212830395568155,1812.4915419041897,1.131797722284236,8.762326580474644,0.5351074004241223,0.0
636,389.365686058253,0.2358649007692688,0.0,117.69104951110857,86810.79062472144,34.34826376780634,1811.7598587208024,1.124987640861429,8.751287554929064,0.5350529382125623,0.0
637,389.8884511578228,0.23437842550111398,0.0,119.72438099652351,86944.26577295859,34.3705760423672,1811.0269278853589,1.1299677748210653,8.764226077868253,0.534988623906715,0.0
638,390.58197990474576,0.2322123463798721,0.0,118.09562756866745,87076.1226402214,34.25175365578812,1810.2949493236981,1.1262975766372634,8.786244278599735,0.5349453651806686,0.0
639,390.3445626540518,0.23309951420971609,0.0,119.02535244018375,87208.92500298224,34.31499657221963,1809.5643099940248,1.1315440368763776,8.796358130071724,0.5349336138425103,0.0
640,391.13974390318066,0.23034623044560265,0.0,117.04736911973406,87339.75383342349,34.22153513429164,1808.8333316831408,1.1346065143992528,8.818716929622745,0.5349366768878897,0.0
641,391.7341726624515,0.22943999243137192,0.0,117.877222901163,87471.44014848843,34.53545331109084,1808.099692900451,1.1293848423458472,8.830035977973836,0.5349693348549777,0.0
642,392.49706541221167,0.2270139197662776,0.0,116.58395938072948,87601.85712673859,34.086738057973214,1807.3655471726786,1.1295192497436868,8.848725487062655,0.5350160869852771,0.0
643,393.2028342766342,0.22560859740822292,0.0,115.55911628026712,87731.26608384252,34.326473342583164,1806.6338850856835,1.1283583868152423,8.854076711316639,0.5350855662111058,0.0
644,393.8620299751086,0.22430196528198076,0.0,116.06979890215035,87861.20740663512,34.084359640835395,1805.901332779057,1.1358763909526706,8.874087849841617,0.5351597017162871,0.0
645,393.5268516815335,0.2249839015365136,0.0,116.01910718409317,87991.10624404595,34.367752609690065,1805.1706789281714,1.1407296081165994,8.889996492623947,0.5352568480536404,0.0
646,394.2092237517622,0.22342555098245598,0.0,117.08752112779,88122.0778957836,34.3415774191871,1804.4394480945152,1.1133144521216272,8.894588647888847,0.5353706347495231,0.0
647,395.1662819251236,0.22033620832803436,0.0,115.02244145461736,88250.99788989993,34.444891116651625,1803.7335764244337,1.1374516139700892,8.918817251380192,0.5354858615647107,0.0
648,395.5656161444216,0.2200474229088376,0.0,115.90575230078159,88380.82010285715,34.37638573578372,1803.0098216077238,1.1381366948200602,8.938368534147752,0.5356273569246855,0.6757995159841599
649,396.1521565086017,0.21936318509294195,0.0,114.1694445152278,88508.9221709224,34.38237428354759,1802.287389885986,1.1371138781911683,8.943638956824978,0.5358855642556803,0.6821901527321081
650,396.5608999282513,0.21970427108173018,0.0,117.00966467871238,88639.8824324749,34.50646391829537,1801.5659718437319,1.1191078576183602,8.943252910892113,0.5361393622793992,0.6897652594416677
651,394.52617115897664,0.21735209396418098,0.0,116.23825229157129,88770.08589583747,34.56837993079597,1800.8448882972268,1.1223147992901934,8.944779232807258,0.5363819579397149,0.6967801043156072
652,391.60077931999206,0.2204680121881929,0.0,115.91548701150859,88899.93801453352,34.14993103794794,1800.1190568793054,1.1326859231829065,8.965012956526555,0.5366162488004393,0.0
653,392.5734058747929,0.22439789859534465,0.0,115.81829356838303,89029.62506120594,34.045654218297855,1799.395126605581,1.1332092031117529,8.93149504843895,0.5367646158210315,0.0
654,393.5148701692694,0.2227643197000958,0.0,115.30885317345839,89158.81879402079,34.21685530857897,1798.686825970317,1.139469376795932,8.905124710818976,0.5368642836271973,0.0
655,394.2583748555225,0.22160456088364822,0.0,114.70014168181488,89287.42137682156,34.25830548849311,1797.969663305826,1.1429811124180518,8.88945470938276,0.5369267673324796,0.0
656,394.668429927635,0.22075721266959458,0.0,108.5298089524131,89409.85279959116,33.716352660784054,1797.2527880125979,1.1362619175082802,8.906882688378069,0.5369675088184696,0.0
657,395.1593161855326,0.2197026645696586,0.0,114.7334471125695,89538.49937721567,33.98189239410227,1796.5381347852547,1.1279119875829324,8.894903286668157,0.5369555891840395,0.0
658,395.82034108551926,0.21764755326161023,0.0,112.7520390896298,89665.19111877697,33.69281108662328,1795.8214688792618,1.1454783954722554,8.916309353623776,0.5369303504727259,0.0
659,396.0792860797864,0.21753200364083047,0.0,113.64013682995159,89792.77837739747,33.88788378183275,1795.107270940599,1.136249356734053,8.91050029903665,0.5369348082942391,0.0
660,397.1260278403907,0.16310592376500577,0.0,106.79233441850627,89913.53442747358,33.698117979662534,1794.3872898481425,1.133613130058186,8.90134158497891,0.5369329400289777,0.0
661,397.589236731391,0.21460480743081867,0.0,114.95538588034057,90042.4578685748,34.139668391397876,1793.6686991780118,1.135338300597354,8.906594901298796,0.5369208114895554,0.0
662,400.0635603445231,0.20686447139002717,0.0,111.26788502057613,90167.70428138366,34.0154424994392,1792.9488734782656,1.143205265283776,8.979229153887399,0.5369172169288243,0.0
663,400.23843443335767,0.20709536116236948,0.0,114.04935543305055,90295.81057931198,34.23111750943573,1792.2311052118487,1.133196859957395,8.985231421708654,0.5370071915310952,0.0
664,400.62695342395295,0.20559883711414617,0.0,113.93146096996918,90423.8048217874,34.12561713297149,1791.5138401534507,1.1389273770471247,9.00543838931354,0.5371014924328315,0.0
665,400.97539266617855,0.20498330017724764,0.0,114.5969906210781,90552.46804663888,34.07603215635915,1790.7409127066915,1.131378741972506,9.011442416013178,0.5372179134063019,0.0
666,403.63149140179536,0.19649553757908933,0.0,101.68854508274413,90668.2318537533,33.67362398942241,1790.0252904101205,1.0966765649336816,9.079695572727024,0.5373373169603863,0.0
667,406.51273522755537,0.19368637179350023,0.0,100.86365674498208,90783.20555168153,33.91419656607077,1789.3222331556203,1.0789329760824071,9.144236213159143,0.5375385062671643,0.0
668,409.70205470854813,0.18612904223874072,0.0,100.7813524691652,90898.17396668156,33.83670269680218,1788.6203287073445,1.070510758844927,9.231386976524496,0.537812640758885,0.0
669,417.85945863087534,0.1572725235630561,0.0,100.85979658714231,91013.3020643137,33.508441837303685,1787.9268305779367,1.1020326704398702,9.790410946863352,0.5381847131472264,0.0
670,422.61196921165316,0.13906671929996484,0.0,91.05068971406016,91118.89430006186,33.44518491724458,1787.2346218122486,1.0936536884082064,9.704732989670603,0.5392483235157289,0.0
671,424.9273477911328,0.12928942944597854,0.0,99.89183760540037,91233.48841303441,33.76186925314899,1786.5439363800194,1.1241665794153062,9.773077523072837,0.5385505716712127,0.0
672,427.5444762059922,0.12371437023509568,0.0,98.27762917972692,91346.5504772911,33.653796168206085,1785.8658598547188,1.1193455866685207,9.807715098716944,0.5376458276879804,0.0
673,427.03932597655563,0.12401946894942817,0.0,99.0756515079917,91460.46833133072,33.55070705889054,1785.254038408501,1.1194400933608337,9.846351647805312,0.5384232114455278,0.0
674,426.83875978327535,0.12246957164701466,0.0,99.52656281410493,91574.82421515435,33.638848366860294,1785.645070105774,1.1183957968876181,9.955113902481603,0.5399769711284413,0.0
675,429.2197754390357,0.11393207673062888,0.0,98.00198073165672,91687.6828721424,33.62199526242082,1785.0292458840765,1.1053530237176052,9.997567644114994,0.5441105164541779,0.0
676,427.80177671169406,0.1215997890047873,0.0,98.14240630934589,91800.76860219605,33.71708734068041,1784.375026164545,1.1145208958205708,9.999904894746509,0.5453841111317931,0.0
677,429.00123296702293,0.11705609368271719,0.0,97.63551647659457,91913.28921876627,33.74074802987625,1783.7424859614002,1.10708222013031,10.044224576767856,0.5466112144666841,0.0
678,431.21809934729197,0.11174753009701432,0.0,98.21652957464757,92026.41766099336,33.794975703379265,1783.1701098150638,1.1009217340910429,10.075291459850556,0.5462558349503557,0.0
679,432.9566309586274,0.10542723676698273,0.0,96.8835938630002,92138.26014716389,33.62346351836527,1782.4876359735963,1.1075490648066928,10.09092957893288,0.5464601892984255,0.0
680,433.72846272413085,0.1043127258067047,0.0,97.46483571057719,92250.75428036155,33.71086008789044,1781.8070375806585,1.1120038632986493,10.128593392385588,0.5454690087956655,0.0
681,434.184580462795,0.10766603195534452,0.0,96.93105621498012,92362.73181790006,33.59296006205208,1781.0688130507153,1.1214836609005208,10.156248518187931,0.5496233576131923,0.0
682,434.27473006364687,0.10432204932715639,0.0,97.5459764841782,92475.30179506469,33.57547680678429,1780.350109190563,1.1145256905766838,10.16794213892739,0.5500654246306723,0.0
683,437.45230388560196,0.09945038663659889,0.0,97.05041528320058,92587.3930822291,33.53453550167317,1779.6683299461977,1.1187305857171645,10.192849688295485,0.5516293648188149,0.0
684,437.8540884520262,0.09810810477258325,0.0,94.55494272133086,92697.033178399,33.54043825799939,1778.9877309167682,1.1138245901811306,10.226662051439673,0.553612124360419,0.0
685,438.5943707817936,0.09604454459982781,0.0,96.16240397178666,92808.29731533921,33.57030528744496,1778.307352399321,1.1028316015544979,10.255986594748311,0.5544668777545324,0.0
686,437.00368948176526,0.09993120948609258,0.0,94.04623418064017,92917.46842226721,33.53091951864027,1777.6266879350317,1.1169235724568125,10.297387825962318,0.5553165483526594,0.0
687,438.2969269432288,0.09724136580750153,0.0,92.66174442783674,93025.19494082802,33.33770809837649,1776.889676292295,1.1462272054019005,10.323190997653231,0.556176691098228,0.0
688,439.35240729942126,0.09682309301024405,0.0,94.2655191788781,93134.56373451905,33.352680521270656,1776.1566930311096,1.1064752574764636,10.384110807291982,0.5570269724653389,0.0
689,438.41122189023616,0.09802500650515,0.0,93.94436204436245,93243.62275027987,33.415628432364905,1775.4801650324093,1.1214553942202843,10.386749669345406,0.5579124135347537,0.0
690,438.52155191364903,0.09866350935386381,0.0,96.04827090658746,93354.9623562058,33.38955857089065,1774.803027065545,1.1017413062126216,10.413207727913775,0.5587572945332459,0.0
691,439.4051797886317,0.09814736031799975,0.0,92.91061830415701,93462.98850566616,33.35243225446899,1774.0700871757922,1.1120391086336305,10.476557628193957,0.5559124444949679,0.0
692,442.44128909163106,0.09229543950259755,0.0,90.8363961369346,93568.93986345467,33.3154500590526,1773.3943404027686,1.1180630403856233,10.968445211023532,0.5563852996144577,0.0
693,443.23419036598045,0.0894765813210412,0.0,93.1993235442629,93677.3135590048,33.601217898454586,1772.7198126946416,1.116261945427178,10.571843012330248,0.5576471067119757,0.0
694,442.8126516264485,0.09031145849245314,0.0,93.31484431720614,93785.838223525,33.40229760443052,1776.848615343103,1.1020172178269094,10.83022088258416,0.5574446453276473,0.0
695,443.89384574310475,0.08730102151761188,0.0,92.07400130175047,93893.10427156718,33.323554528928334,1776.3316246925644,1.1008804305971711,10.856266017408366,0.5551152538116121,0.0
696,443.5683114225865,0.08867516314888702,0.0,91.86864043179372,94000.18088925167,33.41973833352466,1776.2441831298545,1.1086020468559392,10.927341353510213,0.5551586266539338,0.0
697,445.4911823379945,0.08665160065075173,0.0,92.27762095557902,94107.63187027327,33.835963581861556,1775.6598830359048,1.1183250853641087,10.918988716959124,0.5563307299252305,0.0
698,444.4615943772416,0.09028283780701063,0.0,93.6227191234133,94216.46286288845,33.80768577878114,1775.2393897208137,1.1052991036912085,10.956372580285064,0.5560715479216874,0.0
699,447.4865618101227,0.08362109951843388,0.0,92.49274618758065,94324.12793543049,33.8543609516601,1774.7224973391628,1.1032988136778372,11.002664864093175,0.5574581823144664,0.0
700,446.63083802657155,0.08543104984975147,0.0,89.51031796200371,94428.89066540854,33.69107628604874,1774.21761931983,1.1226320124210372,11.052348475510126,0.5563473142110515,0.0
701,448.35569650517107,0.08297456304068229,0.0,92.21447831991871,94536.32005787888,33.843860024100266,1773.7555510703153,1.109495358205899,11.018217379629949,0.5419137870080292,0.8117882785024335
702,445.62718413668506,0.0926475679980312,0.0,95.69338470216809,94647.18345859867,33.872683255379826,1773.3583520956597,1.1041226471060641,10.954918775178434,0.5408907234416033,0.0
703,451.638629992199,0.08590204131609025,0.0,93.01141601966464,94755.22814328945,33.86062163222665,1772.9750677666311,1.1153545959613338,10.89123135216449,0.5424662531762164,0.0
704,450.9954545541069,0.0879264183585825,0.0,94.15040280874072,94864.52031204088,33.983683828443425,1772.5273325152866,1.1152459831284525,10.89963879661467,0.528396462913785,0.8076811641682227
705,452.73382566473674,0.08462211204445647,0.0,94.25139074390273,94973.89612448656,33.84057760187559,1772.0839734548838,1.10312392672333,10.865265638305125,0.5297862147658774,0.7987898722464628
706,452.871121383811,0.0828278870968564,0.0,71.32607130063626,95060.37388868391,33.625900080674,1771.7340729033008,1.0531738096311065,11.06613099045329,0.5314744325091149,0.0
707,452.0211090384874,0.08630979851081344,0.0,92.09644363371446,95167.54849546953,33.74299216134945,1771.2050192357938,1.0650598879804518,11.702493311896882,0.5300280907329539,0.748901546945369
708,450.60887871278925,0.08129976209785161,0.0,90.49695179175099,95273.09994751547,33.81969414833057,1770.7045923869282,1.0910041449766827,11.132743483487141,0.5300807907145452,0.0
709,452.873858710382,0.07494096764269553,0.0,90.38558091763875,95378.55359136101,33.95144325594868,1770.205173985057,1.1082329606270294,11.065479524214501,0.529318878334739,0.0
710,451.19981761875346,0.08171668858861403,0.0,93.05721044473191,95486.75477036246,33.954111592581285,1769.8201124804775,1.0975933211023776,10.986475000432565,0.5299516079417316,0.0
711,454.02076328046047,0.0798693471256845,0.0,92.2138989831575,95594.04595420689,33.88414989225356,1769.450769817685,1.0998607054898148,10.931004676457428,0.5297692666882728,0.0
712,455.2629471547596,0.08219267529442598,0.0,93.00111242251754,95702.22365446699,33.96657835195644,1769.0513380940858,1.0925623684226387,10.857072018794671,0.529662011508712,0.0
713,450.98707597249853,0.0894727943709126,0.0,93.59715120428949,95810.99202531425,33.912485205625046,1768.668702462012,1.0934224340334002,10.795366311439576,0.5288749142505837,0.0
714,450.7191464648717,0.08987559740127593,0.0,93.97816122454608,95920.04799207037,33.94720717928638,1768.3026974262468,1.0984709043597338,10.750360736819985,0.5732805729594092,0.0
715,448.8325997976502,0.09743430502000028,0.0,95.04319286876856,96030.15217886196,33.895584057716746,1767.9164351228942,1.0828005226462085,10.701177377351804,0.5626933780012561,0.0
716,453.30912103836897,0.09539301097354214,0.0,94.42844650887373,96139.5735297892,33.97765123028702,1767.652297674742,1.0929842643089827,10.691605719391289,0.5745587558093895,0.0
717,451.0734325384298,0.09959206195310455,0.0,96.51817576944904,96251.23895900993,34.08584740944062,1767.236252662355,1.095689740872891,10.625039148201084,0.5738503203553269,0.0
718,454.04771843335743,0.096861255409878,0.0,93.9897876742044,96360.33694292369,33.853526316918646,1766.8336222473645,1.1132349176836152,10.580998069842527,0.5736946958463126,0.0
719,448.24971667409164,0.10884687786092484,0.0,97.52911430429415,96473.0779022359,34.10203616800991,1766.1975563905867,1.0993239923935088,10.52972431089989,0.5760801364528537,0.031703277508182026
720,450.15896043047275,0.10836125760273219,0.0,89.45529270632423,96577.62315965406,33.90897379451221,1766.2793301590132,1.0712865493484265,10.517315257502455,0.5763424708691653,0.0
721,453.3129835479932,0.10404220535704323,0.0,93.53297777850983,96686.2522606951,34.03218067017618,1765.7455037770553,1.0744486350460483,10.479219563644849,0.5766984579765075,0.0
722,456.6771588330871,0.09218281622949454,0.0,89.53767224269453,96790.96921288612,33.6642301685123,1765.0877699058017,1.0686264921977955,11.031747997407383,0.5775659563631641,0.0
723,455.3969964407219,0.0911771815780672,0.0,93.17571700218063,96899.3702089078,33.802058927847206,1764.4932868870555,1.082861879134439,10.604065732482619,0.5960753446143507,0.0
724,450.1147302316194,0.10094677262370877,0.0,95.23184305731073,97009.82745085398,33.95700348391186,1763.9216021218838,1.094678214442805,10.504790454637622,0.5940873737771385,0.0
725,449.68191242153574,0.10003470290603278,0.0,93.3747209145611,97118.31800941261,33.68537116855531,1763.2702236495186,1.0734417061146844,10.52375527579138,0.5972728567510249,0.0
726,449.8795309404455,0.0932513980285864,0.0,95.26514002242492,97228.68429831242,33.746494746713424,1762.6111781250956,1.0752964236731555,10.49822755887715,0.595630133619838,0.0
727,448.81981638557846,0.09621199329797192,0.0,95.40465212006731,97339.20791537534,33.66870415302476,1761.9655617998858,1.0833130084131923,10.482329983077726,0.5944930050644088,0.0
728,449.9296525410408,0.09553572523665499,0.0,93.5827803494454,97447.87692533163,33.63861328592062,1764.800597755783,1.0947974541086052,10.989814840268107,0.6075882871064622,0.0
729,452.7785047847103,0.0978618705354829,0.0,95.67812415743458,97558.62791165202,33.708067104110135,1768.7384356789887,1.0655800113451812,10.880989276851839,0.6111065577609043,0.0
730,453.36881581780955,0.11093744840500097,0.0,95.86656242954015,97669.63598781326,33.72706603468561,1768.8418728975166,1.094977700824319,10.82804810161021,0.9244036942004994,0.0
731,455.58617973378006,0.10415210925465013,0.0,94.2848739660992,97778.9434998461,33.68198160066124,1768.7042489479888,1.0726111176689777,10.773451419885527,0.9232020800744463,0.0
732,456.35037748456614,0.10243844760246545,0.0,93.38108371884758,97887.4247424822,33.76850029163117,1769.6188614675443,1.0884569397660209,10.717306857590051,0.9233340138548913,0.0
733,449.9756445224581,0.12008767533995712,0.0,94.99061892830264,97997.50958753009,33.53730261108765,1770.5408935542198,1.0622867964404314,10.665704739908197,0.9219710992034607,0.0
734,451.0531332106188,0.12342106183023716,0.0,95.77699898742449,98108.18177734515,33.72339792721069,1772.4131482976356,1.0809367066241449,10.66546705811492,0.9221589921451693,0.0
735,458.0029513882664,0.12087074199780334,0.0,95.72894838038502,98218.78941924704,33.79986045584201,1771.7665468614443,1.0642994064432976,10.64770544258815,0.9221337936141045,0.02219859745387609
736,457.37757374694627,0.1268572311609859,0.0,96.66017244347941,98330.37984029151,33.61376759004563,1771.7487452816686,1.0662103498506907,10.562208195925047,0.9214830441626048,0.0
737,458.99901582651574,0.12649899815536159,0.0,96.98748116238004,98442.2173252521,33.72327722300812,1771.4374078789328,1.0814538905761215,10.527893000716144,0.9215997269859229,0.0
738,460.5808343808528,0.12663984650779603,0.0,98.34854127970732,98555.38591153879,33.570218475010606,1772.4560688506624,1.0607709279971442,10.481554476002291,0.9223833927659547,0.0
739,456.6613353621115,0.13720896253615777,0.0,100.42502726706536,98670.61376753518,33.56496693918618,1772.2534274380228,1.0700358177890263,10.505193313388284,0.9208531323868824,0.0
740,460.49821288259955,0.12409071562500673,0.0,97.92090157278709,98783.25210648538,33.48305529609555,1772.8271144959847,1.0684778125852294,10.18745163190283,0.9217955878514115,0.0
741,454.82833841212886,0.13134811359208054,0.0,96.49133211868234,98894.60074259191,33.43684114123566,1773.8843655585283,1.0911648913075582,10.18876480514038,0.924243407242779,0.6836285380894438
742,447.6553567597446,0.16854208788542024,0.0,102.15113003912514,99011.56350956025,33.67176990925506,1776.5813995643853,1.0769308043399561,9.566391866869042,0.9225577183030644,0.5766187942232186
743,445.9301273625672,0.17258185258707526,0.0,103.00975528627981,99129.1658104288,33.569710595520476,1777.0462799420147,1.0818704316844132,9.458067374042882,0.9256093198951777,0.6735789003320747
744,448.7548353236546,0.1730381782405046,0.0,105.63731321518448,99249.31577825849,33.90634840371002,1776.4248439430426,1.0707931207573453,9.800107900714451,0.9237452657342321,0.6293248875900197
745,448.4606422366788,0.16813263188995897,0.0,104.88181607527116,99368.71336098906,33.776312300128346,1777.794683121333,1.0726081980888362,9.436877795537805,0.9209533581606603,0.0
746,447.5264464386839,0.16991675221708036,0.0,103.28693757722246,99486.53237620028,33.72694946135669,1779.323970609883,1.0776169176353179,9.446054025332156,0.9132485357311002,0.0
747,448.95767991167486,0.1653755536100835,0.0,105.02900423594184,99606.05949746132,34.04298509162929,1780.9982130681767,1.0771310508575629,9.43481547912128,0.9208317756054585,0.016261764574341697
748,443.4973910880009,0.17180603555354734,0.0,104.50162429282409,99725.0693607675,34.12057150312599,1781.6543093609275,1.0925679636417676,9.45442539933367,0.9185944785124126,0.0
749,440.01466784116633,0.1762406807518584,0.0,103.61656582028807,99843.05328764085,33.65035919809924,1783.1546107093864,1.0991664599705102,10.427315431959682,0.9202750479833729,0.0
750,442.9224232715667,0.16459731371923236,0.0,104.28298807910691,99961.6378056245,33.737884112918785,1782.5209110039236,1.087359150635303,10.35933107947087,0.9246045282595157,0.0
751,443.1282394063046,0.1659834211290928,0.0,104.37741290428607,100080.35084497381,34.17814001563735,1783.11956453719,1.0859373283444347,9.464884201011554,0.9278305013404411,0.01459985053603674
752,438.00979497161956,0.17351498561678436,0.0,105.25470040446746,100200.00490583142,34.11233995012619,1782.4231544704903,1.0855620718004921,9.668997740413388,0.9078951428868696,0.09023225915510835
753,436.0014737203903,0.17247482182405927,0.0,105.90917831425017,100320.16049243588,33.9328709739663,1783.1580671838617,1.08327252792715,9.5206076303742,0.9182862842509434,0.6229431799610872
754,442.6151724194961,0.16646070667230273,0.0,105.78800621469122,100440.19233704323,34.07211020664905,1784.1014103227662,1.0771802636704393,9.685283878316897,0.9277584735881039,0.05359065563985155
755,441.64726177107866,0.16688623507819977,0.0,105.25421095448587,100559.80045316339,33.94035959726336,1784.0915194148688,1.081633185442142,9.470080572795716,0.927789383864976,0.0
756,440.5102257103304,0.16855928777959117,0.0,105.38333608050021,100679.52244229347,33.79028273857429,1784.055504144132,1.0873772485051205,9.467989634563935,0.926216730730147,0.0
757,439.15137308243015,0.17011249114043914,0.0,105.55913619774455,100799.38378437866,33.959312675082636,1783.3591144318698,1.076615544571709,9.729608503503208,0.92488537769285,0.012207470822144018
758,437.63072966529637,0.1724482830468902,0.0,107.35098497352627,100921.01844104037,34.009347078968744,1782.660096976484,1.0857217305283224,9.69377482654673,0.923502279212389,0.0
759,436.04333959568004,0.17468426123847902,0.0,107.2369271845452,101042.50777478697,33.83837306382024,1781.9625648733047,1.0788343218619785,9.669339487782304,0.9221639405378736,0.0
760,435.01928171735494,0.17560020470642423,0.0,107.94200483696949,101164.65702739064,34.119829015703104,1781.2660451154402,1.069567609888483,9.658859076881853,0.9204549105867267,0.015118219743776251
761,433.9071852204954,0.17672926900338182,0.0,108.82360500075048,101287.66674191979,34.22261892040811,1780.5832338228652,1.0635915384766919,9.644371015378795,0.9237282779989786,0.0
762,432.78614182993346,0.1774644234452053,0.0,106.84200460002924,101408.66139385535,34.15305402545409,1780.3172896938956,1.0808310752564627,9.422264958445346,0.9226814282890513,0.0
763,431.198139106514,0.1800156459104243,0.0,106.14880236657604,101528.92272230992,34.125697121826285,1780.2373562723997,1.0822639934050928,9.405884647072448,0.9221472084699286,0.0
764,429.8588994225525,0.18316689102309536,0.0,106.62703182187035,101649.61463765719,34.26589357959707,1779.543103093292,1.0792846903816051,9.603432725474544,0.9205305500004047,0.0
765,428.8892075668232,0.18500401268707478,0.0,110.13494506609148,101773.77203120738,34.102261761979044,1778.8505202638103,1.0999824898532815,9.590542903493802,0.9202719199260491,0.0
766,427.4850820334101,0.1882110534568705,0.0,111.9568204971248,101900.12135876698,34.18002169180386,1778.1567391059586,1.078384906875553,9.565862170645078,0.9190350405626728,0.0
767,427.03607686175184,0.18866430049621408,0.0,108.63065552441246,102023.09200813755,33.75789705783123,1777.4638541998215,1.103236684889113,9.565349872305339,0.9180413510562224,0.0
768,425.84015891486126,0.19224842165579892,0.0,109.89864061969311,102147.29079527175,33.855580039885645,1776.7724152567848,1.0979789135006126,9.528531032347848,0.9204092125125701,0.007697651787662352
769,425.1527129786404,0.19360839936448004,0.0,109.5867344181199,102271.14870678264,34.14195249849797,1776.0235406367813,1.0960643832916823,9.521129122831686,0.9203505780018436,0.0
770,424.36121686575706,0.19636278845675903,0.0,108.41982869516951,102393.81185564722,34.08985554476125,1775.3324113992412,1.0939665271878976,9.506413002290202,0.9200688000128018,0.0
771,423.3967878636453,0.20240920915289762,0.0,109.41820025418687,102517.46880383065,34.217649557699716,1774.6421084211347,1.0742063985496022,9.45085112819051,0.9210392750945956,0.0
772,422.92184561154903,0.20568097061040225,0.0,109.7993783330046,102641.40649412057,34.043821602464114,1773.9521027638004,1.0853724283145163,9.448589102298996,0.9219875543790097,0.0
773,422.23773569786806,0.20891363364830218,0.0,111.81693007195209,102767.32649183429,33.81201642662971,1773.2629253805273,1.083566749540615,9.44127945589062,0.9226057183779731,0.0
774,421.7760179939339,0.20958575133036228,0.0,111.81926018812926,102893.21376316664,33.69194296920908,1772.574707110499,1.08882691287563,9.438624638485893,0.9239767675572278,0.0
775,421.2483500220253,0.21045240408046795,0.0,111.67124806307828,103018.92480293434,33.543312113352826,1780.9237678492,1.0917567169455897,9.389700967776657,0.9235399680273795,0.0
776,420.8031864287302,0.21165673530434137,0.0,112.01006755465326,103144.94847138527,33.715117755902966,1788.0207449673428,1.0894966801014847,9.342860593736027,0.9269262365831986,0.0
777,420.3311126150102,0.2124037449512337,0.0,112.45813677947925,103271.445121038,33.74473663868415,1794.6524583609735,1.0886515611110779,9.300357940443705,0.9295663839058502,0.0
778,419.80012563463896,0.21258010032899388,0.0,112.25315599968646,103397.6780848347,33.72383578804529,1798.7445313344388,1.1031429341479662,9.268522251507243,0.9295302635704137,0.0
779,419.05469878142736,0.21482175042640705,0.0,112.12830284932362,103523.75612550155,33.46744060764733,1804.892343129601,1.0883493930203698,9.216772409081907,0.9305014263741871,0.0
780,418.3594668534329,0.21610043574673665,0.0,111.8638395428876,103649.63299580355,33.77623775404802,1809.0522283475384,1.096075489439809,9.202609392580861,0.9282677917461136,0.0
781,418.1107108675047,0.21646656465365566,0.0,113.81413285040948,103777.42991344415,33.8250479843309,1814.7775339510547,1.096864497781736,9.162454911928052,0.9292975143100017,0.0
782,417.841246129649,0.21650421358908645,0.0,112.82382935173153,103904.22128012848,33.86012013369599,1819.0414548082017,1.0962846229193368,9.160396744676767,0.9290514531054433,0.0
783,415.28840580709533,0.2231696962415508,0.0,113.68560077299283,104031.85457375734,33.9653989270674,1818.7315717238193,1.0746867263014614,8.829235950606233,0.9281369823462748,0.0
784,408.6907496903962,0.23863944771417855,0.0,114.17422284186769,104159.86143317686,33.73359608469608,1818.0611473518934,1.0924300228369535,8.831067207303654,0.9262680158059312,0.0
785,404.665431002917,0.24293534082022095,0.0,114.46747799232861,104287.8704676268,33.63923590258256,1817.322725634258,1.1048358853775397,8.841065768797158,0.9262455956606666,0.0
786,406.79766055911654,0.24062338196342137,0.0,114.06893383988148,104415.2884216259,33.69462730618365,1816.6426317006187,1.0941826658436393,8.834260110749199,0.9251278452405047,0.0
787,408.2253668127388,0.23747938885349673,0.0,115.54293217801778,104544.28407627612,33.55265741349402,1815.9628818504266,1.0779423130564683,8.833173186515637,0.927599350478417,0.0
788,406.0397252966943,0.23975851676142057,0.0,113.47099590124887,104671.27204563173,33.41657949574021,1815.3884302082863,1.091965218549551,8.84124305752502,0.9269184026212375,0.0
789,404.1734847092066,0.2410991139045644,0.0,114.37295339724955,104799.07767332922,33.5822737472847,1814.6555078190415,1.0940288654288532,8.847826579332164,0.9266509262567142,0.0
790,407.9069430823989,0.23469817215262267,0.0,114.38883064020013,104926.78947476608,33.67948078021154,1813.9821633709048,1.0940140428367275,8.843125905506398,0.9285954085485154,0.0
791,404.5547806302182,0.23870854618756732,0.0,115.44644475479677,105055.732350623,33.760444601546084,1813.3106006704127,1.0803523223315137,8.841244487982483,0.9279450796663345,0.0
792,404.2144635553568,0.23880529296158015,0.0,115.8077641335935,105184.88144560733,33.87076419071475,1812.64188179973,1.0787843309646217,8.833656971023904,0.9278999653209999,0.0
793,406.72764861492294,0.23454622139770687,0.0,114.78428796953436,105313.0255510561,33.73018104496681,1811.9735214998025,1.0779434366410356,8.818654180801806,0.9260539897025065,0.0
794,411.2782001230749,0.22193101843967367,0.0,112.1618086180042,105438.66506696689,33.56176149507661,1811.306133332976,1.095236548307983,8.810396021978255,0.9274153238054026,0.0
795,407.3128725464054,0.2273914851892277,0.0,111.99437230572404,105564.32200803775,33.904131627913756,1810.6402872214474,1.0738426098903346,8.815710479531907,0.9263838612687686,0.0
796,408.22935960042315,0.22648549015529995,0.0,111.85938660146441,105689.62539549255,34.02662271336608,1809.9744946362246,1.0674112052092724,8.825919466378426,0.9268211519356415,0.0
797,406.6258884660417,0.23042493874253667,0.0,110.25271949892577,105813.35519997952,33.92409943744794,1809.3094901284508,1.1066087318830777,8.851169338296888,0.9252716141015416,0.0
798,404.2719922899091,0.23572059959647063,0.0,113.74680167410875,105940.48926331867,33.978210294541455,1808.7028659500425,1.0709385284539683,8.85615176132579,0.9234553243687914,0.0
799,402.7567552083729,0.23697388545770215,0.0,106.91970056579416,106060.70625918309,33.97459846540094,1807.9236458829673,1.0436571491681,8.881468471442723,0.923896943127701,0.0
800,405.2011549724133,0.23898076578787564,0.0,109.14919382984925,106183.00052654678,33.96576565300806,1807.2606102633124,1.0591059506188616,8.89953067383313,0.923990049290059,0.0
801,409.03531243027504,0.2311331976809191,0.0,109.82293344517988,106306.05830769658,33.80468259482492,1806.6558393425262,1.0699728625702414,8.902324114515565,0.9208952281547759,0.0
802,406.91403603940415,0.2336301532441487,0.0,104.739629744491,106424.27028124315,33.779045139304415,1805.9342627178116,1.0395836424707545,8.938941885304832,0.9195531476761144,0.0
803,404.655972147886,0.2451692908683375,0.0,112.85949077218427,106550.45302104836,34.07621847328835,1805.328305306986,1.0500381666449359,8.96055052088727,0.9240550073255073,0.0
804,403.13279092318356,0.24359650525394838,0.0,112.93981725112393,106676.57506479544,34.14657913454815,1804.607490629389,1.0631306809702559,8.92524094555759,0.9264176636879611,0.3822851243303944
805,403.7203253979748,0.2412891054121632,0.0,113.0335356964301,106802.74881087197,34.253544734507734,1803.9441128972694,1.0620667258402827,8.94270295374885,0.9264768241882823,0.0
806,403.89711690180957,0.23970500807924977,0.0,112.48167208669726,106928.35758822791,34.25986861678767,1803.2809276278156,1.0768471753705329,8.943615854197905,0.9295855609365371,0.0
807,403.6308810914226,0.23972217629726555,0.0,113.03066552914373,107054.54355684332,34.24182262290708,1802.6182656359367,1.0710708674255698,8.944260889810572,0.9326784111683434,0.0
808,405.47236968351007,0.23760299491943182,0.0,113.41053391927395,107181.08079327155,33.83616529402482,1801.9562388831755,1.0644591513112573,8.91756310183026,0.9326459827080861,0.0
809,408.98272598371364,0.23019621178366656,0.0,113.71677391555137,107308.0117967313,34.09862934840584,1801.2948984698803,1.062269586756002,8.926894841352205,0.9348347840404736,0.0
810,409.0910951748387,0.22819124203039876,0.0,113.42575161633471,107434.7847875054,33.783052327820954,1800.6339476346893,1.0747488511750012,8.939373602373598,0.9341443104251451,0.0
811,403.698398049488,0.23715918205056585,0.0,113.19663821549213,107561.45052590051,33.8116220568119,1800.027789794455,1.0804861998974802,8.947718013631553,0.932310833892296,0.0
812,404.1519093896978,0.2367794407362256,0.0,113.79089918475228,107688.49834531706,33.94256447414949,1799.3646841748905,1.0782708845138838,8.93534732665973,0.9316795250065184,0.0
813,404.2844675847961,0.23620686226541154,0.0,113.54945088695376,107815.29193601369,34.05136186996234,1798.7595545673562,1.083940401410424,8.92886091628345,0.9298703505245837,0.0
814,403.1976636148605,0.18738427934710977,0.0,107.6995815890011,107936.23376781475,33.66158557114066,1798.0398855417773,1.086397361693555,8.947527042529472,0.9311503591489031,0.0
815,403.35216567353217,0.23790486469845762,0.0,115.56443989821464,108064.97398560245,33.8276990452502,1797.3214273567341,1.0751300408878635,8.919851435891083,0.9342296692858677,0.0
816,403.58381528164426,0.23652782254668436,0.0,113.09863740053238,108191.25491285085,33.79127811043654,1796.7186702726265,1.0985057616083862,8.931021376325088,0.9352775626148654,0.0
817,406.930302980972,0.23224356909734045,0.0,114.57278065690186,108319.04214786158,34.01622849501111,1796.001198835969,1.0908352018137575,8.91154121301699,0.9335155056510757,0.0
818,409.77994408671793,0.22426193712483233,0.0,113.24250817535605,108445.63892873048,33.97119225048782,1795.3433231118827,1.0808465997730305,8.897859494812664,0.9344093132213912,0.0
819,409.2569807136894,0.2261335261067472,0.0,112.45135289716477,108571.74062925104,33.77930277594882,1794.8236636535041,1.0802373191198498,8.88437877498554,0.9349560727507259,0.0
820,401.34834580277305,0.2405773317233606,0.0,114.56388342367066,108699.75695378298,33.89726707919458,1794.1150527496354,1.089471567635885,8.89277780466714,0.9352339653850724,0.0
821,403.60848831015636,0.2379381999350373,0.0,114.7427488417346,108827.59018765045,33.9826336564819,1793.4642905195112,1.0882360548648684,8.892475126504099,0.9365135734030612,0.0
822,401.45664378697654,0.2399970763133551,0.0,112.54304190469107,108953.33143950513,33.71785790634806,1792.8121101867464,1.0805789319522114,8.875806425468294,0.936017677003939,0.0
823,403.3224188367596,0.2378161967229735,0.0,113.50777331898261,109079.86250656424,34.01875901354805,1792.217190163572,1.0650782218092913,8.889191257956776,0.9346419620061649,0.0
824,402.2421211393744,0.23912940829878826,0.0,112.49466567194554,109205.50593513646,33.965260243930516,1791.5649041486945,1.0783546864135907,8.890226684131393,0.9347603697762862,0.0
825,403.88727024250716,0.23677999965066132,0.0,112.26350909773475,109330.83795500135,33.86097099828339,1790.9119450194592,1.077524140985525,8.86159583926524,0.9358009292870034,0.0
826,406.2701820326503,0.23170044871742979,0.0,112.83471877936873,109456.8297285764,34.02512473835125,1790.2127039334869,1.0539593766734585,8.834320544307786,0.9354178060407288,0.0
827,407.164170258971,0.22596994630707778,0.0,112.28209061868631,109582.39145839847,34.37943660438857,1789.5595526910886,1.066750336104554,8.836350741553945,0.935864446553937,0.0
828,406.1514639466326,0.22825974025798157,0.0,113.15544483954227,109708.86728421698,34.454103459868435,1788.907003626936,1.0630727909115893,7.977320048382875,0.9345167940106458,0.0
829,395.7851612412652,0.27383277545862383,0.0,120.29352338814371,109842.88827605032,34.77171582637333,1788.3252006912028,1.0687229383338452,7.381953088298246,0.9352167000581062,0.0
830,396.218011227354,0.26992834883173045,0.0,120.4400083173642,109976.66426862296,34.58838657220409,1807.5301856464168,1.088478435386105,8.010421743995224,0.934485770229859,0.0376680633239701
831,366.5074587089548,0.35277023207648683,0.0,130.57502753222332,110121.08986249616,34.44796631584825,1817.233742359811,1.0892101602894229,7.488643311885386,0.934814113937183,0.0
832,356.88709129069196,0.38332201540419786,0.0,135.72672616344002,110269.16088940398,34.50520809194854,1816.67093723559,1.0979471167208437,7.534112219737898,0.9340837975234285,0.0
833,351.67895309451,0.38849689548810984,0.0,137.219287170921,110418.19369138096,34.416242275673866,1815.9927424135183,1.0836242177474087,7.594860949205249,0.9329259213784462,0.0
834,353.80909947886295,0.3816937730017802,0.0,136.34667377679935,110566.10706600937,34.11235790199658,1815.4307388025609,1.0829538403666803,7.63656602894145,0.9346369422079656,0.5605144572139196
835,355.04112634696395,0.3757551152807481,0.0,134.9590154670712,110712.76145177703,34.40943600587825,1814.803332962006,1.0881067991816964,7.688108960908938,0.9353668636460539,0.5568869159809999
836,358.85194779652926,0.3668194416585354,0.0,134.64735736824255,110859.15030401379,34.409380727365054,1814.184966146148,1.0942687684124586,7.742856192263276,0.931671867762575,0.0
837,362.224652032718,0.3562108240057955,0.0,133.71866844502605,111004.77331529323,34.417381296099585,1813.5672334238673,1.1111032547257929,7.778004589951839,0.9305762214375636,0.5503206964062741
838,362.5166347464749,0.3527378736153799,0.0,133.31011422160447,111150.16029242244,34.7286530350566,1812.9500476594026,1.0801497030161036,7.818950767964445,0.9286692631995086,0.548310193299308
839,361.98629608831703,0.3476393074858697,0.0,133.48310260063062,111295.73434787366,34.639334636390146,1812.3331416249591,1.0980344592328124,7.8468589313998205,0.9286341600569847,0.0
840,353.42676984044465,0.35619413238600295,0.0,134.8277638262973,111442.68253517944,34.806253303621666,1811.8133224067044,1.0934828941410455,7.881446866427619,0.9284274744770775,0.0
841,359.1824166422306,0.3462113724710435,0.0,132.34695481940574,111586.96729049651,34.64703566569496,1811.2600258071302,1.087625000604954,7.912230355530345,0.9299050291257216,0.0
842,362.47906908217664,0.33879499825254555,0.0,124.91966716813607,111723.974030667,34.85527084174508,1810.6540926119676,1.0458259863195076,7.956782488571352,0.9289352052882741,0.0
843,365.7554563730187,0.32150084668779866,0.0,128.91909473011705,111864.92509846651,34.63344143971559,1810.044217729789,1.083331416269445,8.002569185256013,0.9288384682064189,0.0
844,362.77812438216733,0.32916988423655025,0.0,130.87651484867476,112008.14440612966,34.69491580000727,1809.4348389947163,1.0833254060667725,8.044884905195463,0.9287978125616929,0.0
845,369.89169271556,0.3156739335495531,0.0,129.66579395974853,112149.94876566724,34.620099780593854,1808.8262732396208,1.0728816965377355,8.071909913624843,0.927459060950559,0.0
846,368.7964343731414,0.30962392315132414,0.0,128.31867102433944,112290.62363210054,34.27913964988828,1808.2259085808253,1.0881491780006523,8.124878303958727,0.9285109743889983,0.0
847,364.98906679513186,0.31546787018422984,0.0,128.40293164555544,112431.45935146885,34.02920647153854,1807.62906537491,1.0832678009458816,8.164578805432486,0.9281252253180599,0.5344993000551028
848,368.29686421139445,0.3059960146830927,0.0,127.00964390558804,112570.7539158126,34.17575133073639,1806.9756945708625,1.0815340970623282,8.213908381709759,0.9301426994413338,0.0
849,366.7687273025366,0.3074547355390469,0.0,126.28270251894452,112709.4583955089,33.935632789580076,1806.3811605955918,1.0911942580992662,8.267077334021637,0.9286743596099505,0.0
850,371.4229169682592,0.2962930079984657,0.0,125.80005258778544,112847.59492142932,34.11295311915952,1805.786960321058,1.0873118974741498,8.308068608085167,0.9270252535259452,0.0
851,374.8900061189394,0.2858660138740696,0.0,124.01583855540338,112984.1817954253,34.10572368734462,1805.1346076830762,1.0799623993112064,8.34918764225256,0.9274472268849961,0.0
852,375.1716442033979,0.285009798755133,0.0,124.2786730087588,113121.1440833194,34.20785345326591,1804.5413760265235,1.0804541605576155,8.374242456901833,0.9261170578236685,0.0
853,376.5475558805987,0.27878773747900265,0.0,123.4989483962588,113257.32388231995,34.083486299959766,1804.0018566417064,1.0887993928882342,8.42278726036015,0.9267063823371995,0.0
854,378.17195843192053,0.27426746961017445,0.0,120.38185266481216,113390.40220291914,33.938638533071405,1803.4080599175015,1.084793862242707,8.457618140692608,0.9278175141079704,0.0
855,378.62100406375004,0.2699671803290963,0.0,120.08182124919853,113523.1898626639,33.906816091243215,1802.7535477693689,1.0910654949891687,8.493868027880342,0.9302289489669741,0.5296285822650972
856,382.9112447199773,0.26784917854027956,0.0,120.41733308797038,113656.39296624082,33.85814894867024,1802.2733781974036,1.0785307747532193,8.510127888178662,0.92977564283777,0.0
857,383.6015205523466,0.2633076046996704,0.0,118.81714925373831,113788.00945897328,33.72861748216539,1801.6779316551554,1.0895444887510246,8.542100824924333,0.9298361214518004,0.0
858,381.1434610177072,0.2637722965466677,0.0,120.32104710574191,113921.1329744565,33.80445848066115,1801.0884032809238,1.0812581781775519,8.583199493712788,0.931948074238264,0.5262910383024355
859,379.6587109312241,0.2627888229048939,0.0,118.65686063734066,114052.58860431492,33.67047112721629,1800.4467957913582,1.0872756208578007,8.621845872661675,0.9308807710513629,0.524051265002953
860,382.9165138062086,0.2534065728875676,0.0,118.13879526962745,114183.50404032733,33.57408755277849,1799.802007426034,1.1067211635536063,8.660622847220177,0.9294292605481611,0.0
861,385.4194965007937,0.24946823030962528,0.0,116.98088418558541,114313.46707226738,33.67357658461549,1799.219604987783,1.0788704570891972,8.692802684193092,0.9290092049426847,0.0
862,385.61346485103826,0.24595897839691405,0.0,116.88766048585468,114443.52428905212,33.6512024609189,1798.7444752270485,1.0843796545098006,8.733852927105385,0.9315333189300473,0.0
863,385.1399943693587,0.24568324042556444,0.0,117.24632059068028,114573.98099556865,33.71408124087616,1798.154152988572,1.08474158311308,8.779986391401021,0.931814117235348,0.0
864,393.1746030400901,0.18945985617364003,0.0,109.7503824448208,114696.78436722416,33.82982387496695,1808.933792355585,1.0849058365039308,9.023613998535362,0.9326423715452344,0.8688868643027483
865,384.95142061087483,0.21023967417447653,0.0,113.85822353092036,114825.02529900377,33.82224602642213,1817.2460836558041,1.0790701600479418,8.852482609497109,0.9316080464225746,0.5130104664413864
866,389.0561321267416,0.23287262939754216,0.0,115.42715947710717,114953.47493702127,33.845992516296285,1816.6525658375099,1.083579454137261,8.889013670730794,0.9303077612946351,0.0
867,391.16725170959364,0.22909361655401883,0.0,116.62625421169342,115083.15943677777,33.977903842801425,1816.0594490356707,1.079054562360811,8.926568931780327,0.9345363611986439,0.509478793045421
868,391.2437431338326,0.2273075608228421,0.0,114.7419511345714,115211.00572471233,33.91668299121559,1815.4701643511773,1.0870940716854318,8.967506668825546,0.9388234306190913,0.5076714825126025
869,393.9903371685192,0.21908908088941614,0.0,114.84227169624677,115338.96489414723,33.965348077501424,1814.8240305360055,1.08247903435411,9.559507235756259,0.9461830466251152,0.5065779887485391
870,394.8573136156864,0.2163744324974739,0.0,114.66463470157146,115466.86836691429,33.96946606917896,1814.2897567395034,1.0845767369888906,9.000166075258393,0.9523195885082799,0.0
871,393.0838656961628,0.2244821822549572,0.0,115.7155656014794,115595.96757734881,33.950607889901484,1813.6564612948446,1.076123579760265,9.024075455044224,0.9608349892148869,0.0
872,392.7831509735539,0.21986824395379811,0.0,91.99675346736036,115700.98959456247,33.89800968701697,1813.4422158155685,0.9640610509463126,9.064402424042015,0.9657164147005045,0.0
873,417.2932090007068,0.15975976587196405,0.0,97.44866475461362,115811.5704768977,33.64187706514959,1812.8565064421757,1.019055958974553,9.439101315994224,0.9751845500833809,0.0
874,399.27360190117275,0.20818942894574233,0.0,113.31910127713644,115938.57761245828,34.08654502427627,1812.2669621133002,1.0519633345285615,9.154584143607078,0.9815968239070029,0.0
875,402.169132123778,0.20442762534272108,0.0,111.6866129365317,116063.46356054352,34.06846176829974,1811.6235344041747,1.0403438331929196,9.179283967105336,0.9843613905866002,0.0
876,399.2630675437997,0.20636884377654896,0.0,113.65586011786468,116190.3483988125,34.02495401023643,1811.2360012358417,1.047398709908341,9.206595700894947,0.9884928760151126,0.0
877,401.2441749404112,0.19664843314895353,0.0,111.85026218459717,116315.3768971982,34.1657120147994,1811.444671603456,1.0575143705447652,9.221318777901548,0.9893550787984049,0.0
878,404.86541340290825,0.19375014037156768,0.0,111.00917849333197,116439.64493667669,34.07503981845749,1810.799745219525,1.0580225874506104,9.790015527733654,0.9895315683856322,0.0
879,409.97760083831724,0.18657676594777217,0.0,110.26001320572821,116563.25485632315,34.11660546404834,1810.1024341710379,1.044299895629483,9.785729472470267,0.9917608172444826,0.0
880,405.3181655666277,0.18843645756204896,0.0,110.84163949416784,116687.59375080767,34.27112857108609,1809.4593367787004,1.0563857929118874,9.80190649498191,0.9972515935288374,0.0
881,405.011766883106,0.187042160864469,0.0,111.13377713815488,116812.15200181799,34.093640073711235,1808.7009352486546,1.0601785880954615,9.805082909191919,1.0,0.0
882,405.8529833539591,0.1849371107411022,0.0,111.03689681772258,116936.57121725078,34.130767184692,1808.0621957103967,1.0600248038504563,9.80996268670535,1.0,0.0
883,405.9232766771078,0.1838553722021068,0.0,86.1065103874862,117036.08460706886,33.70756601715669,1807.3628579953486,0.9680629835373922,9.817598783863572,1.0,0.0
884,410.8345027676995,0.17804844201090753,0.0,106.02408698493194,117155.42800915212,33.64858456044262,1806.7269999569223,0.9956769285090218,9.89460568045803,1.0,0.0
885,412.69466652242966,0.1649745670431677,0.0,105.07818347469174,117273.88995702531,33.84620847453082,1806.1460702614932,1.0249733867708222,9.988979284981117,1.0,0.0
886,412.90480523926277,0.16251721416619314,0.0,108.22606111911755,117395.63299850974,34.09771378627149,1805.454213466061,1.0382005245043475,9.999922158939137,1.0,0.0
887,417.31966252129524,0.1574692364435526,0.0,106.73404734250074,117515.86451858847,34.02637401791568,1804.8824200239926,1.034770426862311,9.994402175981213,1.0,0.0
888,412.7461671604361,0.1659037148282454,0.0,108.07288299659236,117637.59022557926,34.10938194946897,1804.248925563509,1.0485819444104032,9.985848822160976,1.0,0.0
889,413.88827876051965,0.16537564526769244,0.0,108.46031799119595,117759.62135309499,34.052289908973876,1803.616193930724,1.0327088646858837,9.976535947880814,1.0,0.0
890,414.60215454294826,0.16383192866025598,0.0,107.32467696020015,117880.52524095042,34.057288141804975,1802.9872609269314,1.0448744786827995,9.963568039492605,1.0,0.0
891,410.66795318850757,0.171101254986344,0.0,109.5763707802356,118003.68510786424,34.04485954940178,1802.3597479220198,1.036825849285326,9.939153493996516,0.9970819789878659,0.0
892,410.92289671508803,0.16953060157798128,0.0,110.1818747912255,118127.35323626945,33.984560863960276,1801.6710554333931,1.0379707654683417,9.93869130151819,0.9783086478732541,0.0
893,413.32460702784675,0.16467824658789199,0.0,108.6657353876656,118249.5344150896,34.16411079196624,1801.0983242461114,1.039438030024967,9.944836297960816,1.0,0.0
894,416.25496995343764,0.15956953238505578,0.0,107.19138002159947,118370.32524158139,33.985748625901834,1800.4684613625916,1.0464407307845913,9.945183167432472,1.0,0.0
895,421.04212791701156,0.15531494297018866,0.0,106.84652060989562,118490.78860065305,34.1329215367182,1799.8394004074569,1.0319695521346066,9.914339593580596,1.0,0.0
896,418.8845035524991,0.15595951615322634,0.0,107.55468472684448,118612.01895023543,33.91474224432891,1799.2149034376762,1.0389511060777925,9.904259790202579,1.0,0.0
897,413.67758182136765,0.15987836774472985,0.0,104.89291068917521,118730.56783557193,33.87032178519337,1798.5868903401122,1.0542176223072994,9.916705651741822,1.0,0.0
898,417.37537914404646,0.15847545203494584,0.0,105.3230843005169,118849.48413009627,33.857399489170675,1797.959378589831,1.0432460278569977,9.899417032128879,1.0,0.0
899,415.44040676581454,0.1618832427519129,0.0,106.81065372226327,118970.13015816601,34.01383286644645,1797.3320635327411,1.0396625542573241,9.869961819048308,1.0,0.0
900,415.85723554219226,0.16145656467156644,0.0,107.92836848986225,119091.86887332662,33.74774017573423,1796.7080883966003,1.0376235819625987,9.879264858780452,1.0,0.0
901,414.89475498991226,0.15245505711644547,0.0,103.36295106040006,119209.04100362092,33.86187260127141,1798.8180107455569,1.052880284767664,9.871347808678198,1.0,0.0
902,415.3165910448361,0.16334212146200766,0.0,108.64568386275398,119331.50197634881,33.93225871148296,1798.1925138059983,1.042868562037251,9.87967723737211,1.0,0.0
903,415.97091156858863,0.16166470866132143,0.0,105.50547908417076,119450.82691510057,33.88322162624278,1797.5634038629214,1.0498672178184787,9.886732460502616,1.0,0.0
904,417.243486090951,0.16107688204270054,0.0,107.03722838597517,119571.691898573,33.84256625982485,1796.88168613799,1.0550853148094284,9.88721697009744,1.0,0.0
905,416.73981337839433,0.1607668647789796,0.0,90.51018910310665,119676.0457703236,34.12481066159354,1796.2537903610487,0.9968585078515971,9.902405596069602,1.0,0.0
906,419.5473686452721,0.1543406803893902,0.0,103.1847441324856,119793.02903104674,33.777722932648835,1795.6842131389662,1.000808130104278,9.989954178501776,1.0,0.0
907,422.5074418483707,0.14941274669493476,0.0,104.75478123302875,119911.67592992444,33.98508971651813,1795.057570684252,1.0304415105383018,10.004642859107541,1.0,0.0
908,423.73749238797797,0.14274548168079537,0.0,100.79758318541522,120026.33159932,33.8892421936956,1794.4320354175622,1.0389209547944802,10.11502623321515,1.0,0.6575485745325977
909,423.610933193991,0.14137650362892085,0.0,103.76400330264133,120143.99433649375,34.1279678649637,1793.8104521041819,1.034598453444464,10.111028507708905,0.9845682441180069,0.0
910,426.83897367131885,0.12798932104652572,0.0,99.67063365881666,120257.60016466718,33.65239476960134,1793.1321938395524,1.0292062561089517,10.204596114456647,0.9845739308063249,0.0
911,425.4290874561646,0.1308259479226126,0.0,102.60429555748232,120374.24026533273,33.89977401452375,1800.72011513122,1.0256252981167597,10.78920973579574,0.9845795160451163,0.6565777896466578
912,430.39221787295605,0.12782611754462003,0.0,97.71371441425823,120485.9985634097,33.673794516233166,1813.2282812788496,1.032555583031572,10.86327457121048,0.984585146245163,0.6520902259857273
913,434.996225205173,0.11477023042003631,0.0,101.79032571296368,120602.00518586447,33.785879950369136,1813.4066836773666,1.036241574875114,10.926554717910898,0.9845907399682109,0.2859779014640793
914,438.90224764887256,0.103721288702605,0.0,95.60643123215951,120712.04277029821,33.60137783402197,1815.9645870497002,1.0328724187739964,10.965857654025212,0.9845962629385256,0.24569894871999054
915,437.1725326210338,0.10888181644026007,0.0,97.73729671613151,120824.37065466211,33.78172473593531,1822.0172633540103,1.0424760763117067,11.079417355508038,0.9846017393436305,0.10550795215317166
916,436.77363857374786,0.1097720235065186,0.0,96.21268922353542,120935.07286030565,33.66653436114924,1824.0632139008212,1.0498721251145389,10.822396868140764,0.9846072955185912,0.0
917,437.9603716845604,0.1086931560413803,0.0,100.4227953765959,121049.99940040636,33.80599620356626,1823.82516069402,1.031036069672773,10.770767944480118,0.9846127927554919,0.0
918,432.2036821635852,0.10802150434422231,0.0,93.74688352241807,121158.28110832204,33.56996154187014,1828.690259355371,1.0331939134746608,10.925837296821175,1.0,0.24311397274398416
919,436.34884391094255,0.10030672327213297,0.0,96.38149393852176,121269.18704354363,33.45184704555623,1831.3009787787078,1.0314331163525865,10.923708541757202,1.0,0.20263915903270302
920,437.8839763942861,0.09775307520646181,0.0,94.14023892889098,121377.9399094127,33.50109701613498,1833.9660433007325,1.0283379509023964,11.201962238309786,1.0,0.0
921,442.5477657623049,0.09098263925018146,0.0,93.05935197087851,121485.64918817942,33.50894785104997,1833.3557098326462,1.03637234708976,11.311749540948473,1.0,0.616798123792897
922,446.50336801695005,0.08787410581043331,0.0,97.27742672967797,121597.6282186158,33.771621905156415,1832.745928200518,1.0277197911444227,10.67114237714156,1.0,0.6149080039650272
923,440.7589555455629,0.100724702138003,0.0,93.48547425240997,121705.8574680725,33.32452729376421,1832.1360709896942,1.0443161658796238,10.755256710494669,1.0,0.6165960346620736
924,437.94408168652103,0.10610243271158026,0.0,99.32511983414615,121820.10885276675,33.47157068895686,1831.5278846753142,1.0439230528450552,11.084565264923208,1.0,0.6095707710117573
925,443.5446905867126,0.10144138576015305,0.0,99.16993165019463,121934.21001365865,33.619428745229946,1832.1502074898222,1.0396771116526502,10.918102793429258,1.0,0.6147073948099511
926,440.9399438108934,0.11665602134816144,0.0,95.84181836158565,122045.06903741832,33.52799420373229,1831.6209150217646,1.0484488955604185,11.272195135864877,1.0,0.0
927,442.51700570645977,0.11389212901129186,0.0,100.22888155824722,122160.16062485563,33.70995916572834,1830.9985023638114,1.042658011194258,11.26244174476454,1.0,0.0
928,435.7732664814397,0.12684683224456061,0.0,96.7385692826793,122271.76801421966,33.58047010279953,1830.3743976374603,1.0448553901328077,11.346642910458518,1.0,0.23350221183927644
929,445.5706241669621,0.10504564062839727,0.0,92.68812549463384,122379.16062498973,33.344451124056675,1829.8699945281667,1.0571486092984128,11.347613412743435,1.0,0.0
930,444.96798092399945,0.10031147319908618,0.0,95.71816469998753,122489.8482430747,33.67974585104617,1829.4589475069752,1.051209557802972,11.603875746775548,1.0,0.0
931,441.6571824641932,0.10991049850884493,0.0,96.67373382623603,122601.5134334526,33.43262665277114,1828.9060205180133,1.0448957874261942,11.473365475953777,1.0,0.18064359082156045
932,445.96172652567475,0.10413039009384228,0.0,95.47357007832514,122711.88017494068,33.52950887863576,1829.4161779207536,1.047407558985533,11.474145714376489,1.0,0.0
933,449.91643711759076,0.09500611587489782,0.0,93.91833454140034,122820.95575297328,33.482764156857606,1829.6860888188874,1.047561926407676,11.517711548321657,1.0,0.0
934,446.6602409286421,0.10681445825690461,0.0,93.72553958008737,122929.94448969545,33.5047251285291,1829.1827288212824,1.050131415994829,11.521077170887153,1.0,0.0
935,446.5793307944367,0.10996467791070841,0.0,97.16271295639561,123042.07543349781,33.54974957841052,1829.3445633108981,1.045119802103877,11.469774843955824,0.988275212544736,0.0
936,452.4940420384786,0.10094776783064752,0.0,94.75043550843655,123151.87777228172,33.43680592743378,1831.2239243468146,1.0517338834763756,11.751291810891122,0.988280817796608,0.0
937,454.2724987233673,0.10049293895817568,0.0,93.88332713464915,123260.94403191893,33.481451551730686,1830.8317210235502,1.0652773605655708,11.568069714397362,0.9882864353494644,0.0
938,451.5417407351404,0.10826690404271544,0.0,95.59363027064649,123371.5803523593,33.315077778066446,1830.5017977152686,1.0638691607225597,11.608747131400419,0.988292032593544,0.0
939,451.82716258896977,0.10601115111894466,0.0,94.07681234688889,123480.70449527884,33.28851908250224,1831.121165028982,1.0770856746371469,11.660313038022869,0.9882976654624472,0.0
940,446.38114107009574,0.11627505073459665,0.0,97.74779128788626,123593.66808804506,33.60624918657099,1831.3609572065945,1.0474319691475007,11.4387693619982,0.9883032624122705,0.0
941,449.6793869140508,0.10351090965260279,0.0,93.44766106230034,123702.10557622266,33.34465494253167,1832.1427871404117,1.0635540873028935,11.567718816404511,0.9883089438201014,0.05984695324945477
942,449.0867815425879,0.10308305957879216,0.0,97.135817233225,123814.37617150591,33.52184879395105,1833.9976872221157,1.0489621206686226,12.13417846953011,0.9883145513444588,0.0
943,453.36774098106235,0.09854341178845039,0.0,94.00993952622005,123923.51877120572,33.470751654898216,1834.373366076207,1.0559603088678728,11.623620273914801,0.9883201521846976,0.28520833739110074
944,453.7216911397591,0.10000784991413803,0.0,96.1171207944974,124034.75896135917,33.57808066532693,1834.5474313020272,1.0607598976469577,11.570064664262292,0.9883257066970753,0.28232029803915637
945,457.2812923747996,0.09459013268403405,0.0,96.53537012894924,124146.37207449938,33.64005236136913,1835.2603496132842,1.0415641799139668,11.709372218330241,0.9883312717592178,0.27944319973756393
946,456.37000584636127,0.08925231605392703,0.0,92.13939817770424,124253.67638177217,33.42206769461765,1835.3302142068403,1.041142142443434,11.518923837693288,0.9883367989945536,0.276577041082664
947,456.75322623021987,0.0871806544591176,0.0,91.68177173520577,124360.44057853777,33.3922948543174,1836.5245904318847,1.0690480038608132,11.778416388100736,0.9883423358451441,0.2737217814813597
948,451.6086665460013,0.09959278417324713,0.0,83.59299160044597,124459.12706044504,33.515742951219536,1836.7085819425872,1.0165178475295824,11.561033928247836,0.9883478197311477,0.27087732226056715
949,457.1048406855597,0.08543330774646696,0.0,92.8353236186812,124566.89255155844,33.422659892670154,1846.1481447255503,1.0048353778440384,11.86165422563705,0.9883533307691276,0.2680437593314977
950,458.51982808488617,0.08686308196358805,0.0,90.1684306763029,124672.15107232687,33.468748096709525,1846.8243658084061,1.0391506979683143,11.920163508598037,0.9883587596677462,0.8153499663966066
951,459.0117206596094,0.08469946718185872,0.0,94.99966888840268,124782.26797580285,33.54025472479149,1846.196321593314,1.0408914540774596,11.681581582088006,0.9883642524705848,0.2624087998716469
952,462.3848198347051,0.07983866505065318,0.0,95.11178206781616,124892.3590489639,33.474843751527594,1845.5062764357306,1.0300702834010604,11.638753238349883,0.9883697950432689,0.5528162369798473
953,463.36607829775494,0.07502198395808723,0.0,91.10474182883655,124998.58417813231,33.467444746690965,1844.7850618974487,1.0439315526256883,11.68152002949071,0.9883753100770541,0.807617890962085
954,465.34560133938584,0.06697803653851242,0.0,92.85673782223873,125106.59761032875,33.61968062613924,1844.206473916653,1.026053660400751,11.65767742284151,1.0,0.7924312003081901
955,462.8878566445774,0.07443564575940365,0.0,89.6534381710285,125211.48041084099,33.39290225447912,1843.6296493036893,1.0445960441285498,11.673098208941232,1.0,0.5417662859384471
956,462.33212312238635,0.07213696133902037,0.0,93.21055085287023,125319.82473616496,33.602697886897744,1846.2468001138525,1.031466300475509,11.755581703639933,1.0,0.24850763076360138
957,468.8722787665141,0.06538180381402436,0.0,92.266337713822,125427.22503959789,33.50855590731316,1845.646234718609,1.0195580673872278,11.709359955399854,1.0,0.7743548767432351
958,468.7549674713179,0.06507897261526252,0.0,87.6423103089062,125530.07798112211,33.47261375529185,1844.9900237494155,1.043810905304,11.594139746153369,1.0,0.3877112208484945
959,469.18443576610065,0.06600338573211695,0.0,90.47505680971308,125635.75836705086,33.62339378727683,1844.3326842814567,1.034122311238502,11.573588666801008,1.0,0.7565736934030802
960,470.778416082709,0.06476690634213766,0.0,89.12417374990254,125740.08799805722,33.51596075050015,1843.6758219260673,1.0283813606112278,11.588722621311392,1.0,0.7617179157610039
961,473.60392115519846,0.05746123223883437,0.0,86.4463807247816,125841.74494929294,33.47165024826623,1843.1372439113334,1.045927130730507,11.530474383740504,1.0,0.23486875861464185
962,473.87081228291896,0.05779384888432959,0.0,89.49042150383625,125946.54498781303,34.035527634784586,1842.8519871116391,1.0319629050615056,11.452230283286015,1.0,0.14001357190531394
963,472.65883557884354,0.06158880922150867,0.0,88.64676090630655,126050.51778212562,33.87325891138804,1842.2386017715332,1.028977641652334,11.496250734487793,1.0,0.7485032278443029
964,474.7788964047759,0.05215265440040551,0.0,90.14347351227681,126155.94870107352,33.889031870365514,1841.6450867686387,1.0309818447782246,11.528855344160153,1.0,0.7466169767378545
965,474.0919618445087,0.05341805511217268,0.0,88.2689996814932,126259.57835482195,33.92121707716548,1841.0785228287803,1.0405052999546942,11.488883330550939,1.0,0.7386387706914022
966,473.7960176898299,0.05573965497311251,0.0,93.47401196152799,126368.40820296314,33.980913401746925,1840.9851541060984,1.0221271883444853,11.37781107095927,1.0,0.22148698670428146
967,472.6278126596968,0.057536249249403926,0.0,91.54839524518233,126475.28378158003,33.93669866409216,1840.8739398380978,1.026374563655725,11.327764379394416,1.0,0.21884106165121864
968,475.4149376028248,0.050757546481090876,0.0,88.00162322184057,126578.58196624719,33.76062614666728,1812.5347660290754,1.0296662472756553,11.293498948123244,1.0,0.21620519577494335
969,474.08390402660893,0.054608390445198385,0.0,89.79685875962767,126683.74412489234,34.13862099441526,1812.2075774145417,1.0302148589593867,11.236041489611633,1.0,0.21357934052842253
970,475.419836429552,0.05386656390925826,0.0,91.12712321177136,126790.22969096251,34.201593558179816,1812.294384859628,1.0232750688520242,11.216673528931057,1.0,0.7072543260164608
971,475.176042063183,0.05589873182013416,0.0,88.37436680803332,126893.98365578974,33.82828322216471,1812.291288532778,1.0243563984411554,10.433748964347036,1.0,1.7741965153243022
972,475.38690857528553,0.05858156918136115,0.0,94.06820002032845,127003.4077570106,34.23626816658055,1812.0049387707882,1.0314992214311414,10.555985660172439,1.0,2.4893100433659363
973,473.94878957466597,0.06379614591853133,0.0,88.96957482878513,127107.70274380594,33.75699899878459,1811.3308546069954,1.0517306202084422,10.014325602617049,1.0,2.405562273236786
974,472.4785337697509,0.0661436717270879,0.0,91.90307810069234,127215.03562370219,33.623798153028595,1810.6576959280712,1.0348778537545709,10.655992269283725,1.0,2.1947774940355202
975,469.4147545836325,0.07283989668150936,0.0,94.2882894482326,127324.72428115868,33.66215725498667,1809.9856579692487,1.0384379162839603,10.335724421606672,1.0,1.6715622341533987
976,472.02031697064126,0.06508149862314838,0.0,93.20178864780489,127433.26347152595,33.731178146049416,1809.3137338361048,1.037819034478315,10.772658935950393,1.0,1.6682241753290121
977,477.41735365325366,0.06089543767063632,0.0,92.82152207700955,127541.51913527353,33.751216479422546,1808.6423581535034,1.036234722856132,10.709914145534626,1.0,1.6430606378139103
978,473.48981271041254,0.06718558915037398,0.0,93.49228664091002,127650.47465088057,33.651408941065306,1807.9713638266503,1.031956654685503,10.655992269283717,1.0,1.6346493638580384
979,470.18367187526735,0.07066356004703245,0.0,90.74113668647327,127756.57632835304,33.65652530007691,1807.3013132720398,1.0458042727475707,10.264312071406454,1.0,1.6287969944345164
980,475.3288686774381,0.06415224292213395,0.0,89.51789604082529,127861.35862076592,33.57561610038026,1806.635972393956,1.0303612550728365,10.130992269283725,1.0,1.615056551604539
981,474.01261655863635,0.06620837972208926,0.0,82.39153361621123,127959.08113306924,33.51525592853791,1806.1668896189938,0.9941162289354895,10.539325602617055,1.0,1.6130888389141163
982,472.6700188886093,0.0737511852431072,0.0,88.58867443564695,128062.87588451554,33.44159891684712,1805.7121324797536,1.0034221673500054,10.381200111957158,1.0,2.205163868178982
983,466.2551590952844,0.08800590640623518,0.0,92.77801731170587,128170.79257928411,33.618265130463406,1805.0469690744626,1.0248620824811816,10.422658935950388,1.0,1.8499740847510964
984,467.5992326047324,0.08866374939776456,0.0,81.49656550906982,128267.22952640959,33.567130315514945,1804.3816611779248,0.9814232032613508,10.830992269283723,1.0,2.210912622276652
985,468.74485516742783,0.09062589836663237,0.0,85.97200197735899,128368.04240954251,33.504750118031964,1803.7163718019176,0.9488079996811247,10.422658935950391,1.0,2.315074456894717
986,471.7226643224973,0.09281354059346447,0.0,91.60566457830666,128474.52909281298,33.65110904269563,1803.0520764484443,1.0026382787940484,10.830992269283726,1.0,1.9402415731055953
987,471.22211198451214,0.09291473700626207,0.0,94.49831165355792,128583.88861123676,33.8298553738919,1802.3876952670648,1.0076669284978603,10.970248238686498,1.0,1.9228581684820902
988,473.7976135340726,0.08558479333710234,0.0,94.58220106639573,128693.33763267903,33.87692275203334,1801.72511986295,1.006443992632272,10.539325602617051,1.0,1.8930852839504482
989,474.10737398041897,0.0841161880034621,0.0,92.33218117301121,128800.62571935053,33.723144384387865,1801.0623096561515,1.0047523494282375,10.942688322713439,1.0,1.8092511358481005
990,469.13113090559574,0.09318829212145019,0.0,94.42560587541777,128910.03791666694,33.80782392741085,1800.3991998732956,1.0074208232627033,10.871828366542482,1.0,1.7763014469586693
991,479.0370322903913,0.08276363195951575,0.0,93.95898022002973,129018.86616545753,33.81172402411369,1800.335690019139,1.0114653829218985,10.597658935950385,1.0,2.5133667389334313
992,473.7940903960428,0.08864381301671598,0.0,93.68863709993498,129127.62166953844,34.006564633271836,1800.3997092923996,1.0088793841178139,10.539325602617064,1.0,2.208231903846844
993,472.8367079846735,0.09031217599209551,0.0,95.59866523075254,129238.14821021145,33.91948364702912,1800.0088242379659,1.0047745690781396,10.772658935950393,1.0,2.4790688290476552
994,478.67440110347036,0.08364914402171353,0.0,94.0098820952254,129346.99325097857,33.81221252283851,1799.412421401805,0.9987002028057564,10.228930826428432,1.0,1.6978737962634547
995,476.24163859871544,0.09146223845733781,0.0,92.09494673840312,129454.05698478845,33.80730654853194,1799.170126170903,1.0138061692667155,10.772658935950393,1.0,1.8653115830646492
996,481.63741390573813,0.08029116795523039,0.0,93.0992529018461,129561.98829479684,33.70867070072888,1798.611666004732,1.0083911220642525,10.305992269283717,1.0,1.8437527179469342
997,475.55741528816714,0.09076433463134681,0.0,96.09472227394261,129673.06389774993,34.053117845668865,1798.2179693723122,0.9967822969544289,10.546599120832203,1.0,2.103642024369055
998,473.5318394609743,0.09628031697010642,0.0,94.97369655252362,129782.87324711483,33.87084343969649,1797.552957663816,1.0066825305338059,10.597658935950388,1.0,2.133208444308952
999,473.54292246913695,0.0979904972707405,0.0,96.3340633727001,129893.98054815034,33.82950513945515,1796.8891905315631,1.0129107006227591,11.064325602617053,1.0,2.2629339482470066
1000,473.7288614819785,0.09836814665758087,0.0,95.91801591873039,130004.71512583682,33.981032953467235,1796.2262203094667,1.0102298036479143,10.548261095898006,1.0,2.2432786771388216
1001,473.88075544868514,0.0954799943404645,0.0,96.07225775497447,130115.56476446435,34.034312317896386,1795.5632862269324,0.9955201987091457,10.970633804307681,1.0,2.109167606810459
1002,474.44211065248646,0.09196395596812812,0.0,94.79261605841072,130225.11599882504,34.05714425358069,1794.8434302805788,0.9956400045221869,10.247658935950389,1.0,2.05960910985824
1003,475.5353402974046,0.08975657446938012,0.0,94.85060557549858,130334.65402478857,34.030883519217255,1794.1815673022463,0.9859802598797632,10.30599226928373,1.0,2.054496829488471
1004,475.36046421678253,0.08538728364862758,0.0,91.57460794844533,130441.00156354097,33.9912561406011,1793.5781198981936,0.9904214912311202,10.948898977086518,1.0,2.0045991781585286
1005,471.6263403370718,0.0984088048549373,0.0,92.69521694478334,130548.48456409707,33.78520887945186,1792.9176212713203,0.9926350225643261,10.583573366470333,1.0,2.0516911146557106
1006,463.91696675332,0.10948496069301061,0.0,95.99474894639587,130659.11922535364,33.89522383264113,1792.5931739594373,0.9941173114773022,10.364325602617058,1.0,1.9912390159410442
1007,464.6561862171116,0.10958424397700262,0.0,95.15272711622278,130768.75550990885,34.013100954592595,1791.975413368409,0.9886575608477434,10.815113881126,1.0,1.8438104637938224
1008,465.4789068076701,0.11264124677918885,0.0,97.3369529139549,130880.57801057136,33.945965435181144,1792.0201254438875,0.9867518099004902,11.001973534005714,1.0,2.2218325873013676
1009,467.5276983482291,0.11445909617534233,0.0,96.35728684121162,130991.36842380607,33.92512268479412,1772.8662123656904,0.9913432072547497,10.621915509349813,0.9771628227408339,2.784813658430455
1010,467.36988900078364,0.11223689358982636,0.0,95.29332721353715,131101.0864456707,33.897951507755984,1772.5394527704,0.9851010883628241,10.525685394165786,0.9779976153529079,2.68352814011849
1011,465.23552693805743,0.10948465161467169,0.0,95.16594274607567,131210.60420657072,33.976890037780656,1772.1644355236833,0.9883346787790667,11.026649344500994,0.9780032489064453,2.384605346827577
1012,460.1428090330508,0.11595483238830318,0.0,96.59890783373264,131321.55161912704,33.878783955858864,1771.7012894981215,0.9888317990082068,9.88429327152759,0.9780088299321803,1.9948210473003734
1013,448.8347278547559,0.1477351283530508,0.0,100.09787309789488,131435.97044809995,34.31374428770488,1771.0651428711676,0.9923391080029255,10.001098148322919,0.9780144755419311,2.050273175430192
1014,446.77824452681256,0.15357536619872136,0.0,100.25699440374922,131550.22143748228,33.756858596242544,1770.387151476719,0.9977564237654665,10.001242125942237,0.978020356742241,1.5694886215812005
1015,435.6978715048141,0.1875724302308298,0.0,104.16591008324338,131668.32788609614,34.109549549541214,1769.814915782943,1.0009401125401014,9.885110770403758,0.9780262283822481,1.6211699378372124
1016,435.23541363493666,0.18256779757189878,0.0,107.20486206685028,131789.08387094951,34.09951386134011,1769.1827649662496,0.9803391888086367,10.294358436232434,1.0,1.3259696529804934
1017,443.000356250128,0.16191068903932704,0.0,102.64379291527432,131905.29653888402,34.06854236781481,1768.5636125591175,0.9941635608214898,10.526682189109088,0.9780383324501701,2.0282419755241214
1018,435.8554437241304,0.17185027069676995,0.0,103.2985210929369,132022.3680995442,34.042582448027616,1768.202701825114,1.0042219095949636,10.090984305206572,0.9780441810992272,1.785269566422933
1019,439.4068078794605,0.16078065072393855,0.0,101.97062896243295,132138.0062578151,33.947297922875954,1714.7317031620503,0.9895136661477335,10.235615895452515,1.0,1.3093790117336148
1020,438.55919915592875,0.16796395222921745,0.0,101.63460759587538,132253.38526823756,33.595709143447635,1714.1054428800444,0.9971366289413598,10.305992269283719,1.0,1.3934158322162098
1021,443.07507586091884,0.16396150334079862,0.0,100.74386104078235,132367.83474623735,33.43909419925213,1713.6093305525992,0.992598937714116,10.080804320184875,1.0,1.4041687647896346
1022,440.2833903762213,0.1688550517962838,0.0,104.31356527206717,132485.90838540648,33.495927642904604,1713.2551363413577,0.9857453791903639,10.24765893595039,1.0,0.9006482421590682
1023,440.79604208117723,0.15828134728063703,0.0,101.89841530874449,132601.52719948147,33.49755130093945,1712.799616328578,0.9963429906047832,10.247658935950389,1.0,0.8270220651372249
1024,443.01067460471006,0.15713617621702491,0.0,102.11670125289706,132717.47247738644,33.590949711637826,1712.3433632944939,0.982680624528728,10.072658935950388,1.0,0.8051424781078538
1025,445.53459379843054,0.1516318021218238,0.0,100.61912191160954,132831.92658795352,33.860812737574356,1711.8586608403277,0.9937434602409961,10.539325602617057,1.0,0.9465085007312304
1026,448.5722270990603,0.14606516763140254,0.0,100.4471834828139,132946.2359089626,33.97857262157774,1711.2315218497574,0.9935680541665828,10.364325602617052,1.0,0.9268754709048395
1027,444.2016488789428,0.1378532105389848,0.0,98.2233046542574,133058.3853342378,33.901578658024654,1710.604680243971,0.9954560451730133,10.1316852454928,1.0,0.7658510369349152
1028,444.19093183684674,0.1375343878684484,0.0,99.41902536666932,133171.76355364703,33.933524323250666,1710.1245378311983,0.9958730374218299,10.072658935950393,1.0,1.153079843151673
1029,445.3038439955473,0.13250346336908547,0.0,98.22904876412635,133284.09733124683,33.40794448342914,1709.6136001738396,1.0005333070672173,9.97304693969286,1.0,0.8288839707764915
1030,448.34632929051133,0.12014048165567004,0.0,97.70749025716545,133396.01499751318,33.485789316188516,1709.1643686643306,0.9909635268264184,10.130992269283722,1.0,0.8350636589836533
1031,442.7836106955283,0.13699120172055324,0.0,98.36996517102719,133508.69368654655,33.3626083288903,1708.5977775064134,0.9995270772377843,10.273718577811977,1.0,0.8348096746712557
1032,441.12954296442723,0.13949692417561832,0.0,97.08105424368934,133619.8990743957,33.45075156900413,1708.0318146364395,0.9992107611925934,10.331466401222242,1.0,0.6759580282314275
1033,446.18957274191655,0.13881735433401543,0.0,97.87289299522152,133731.85274488892,33.469183020844,1707.4084312148177,0.9884272579445817,9.964491247034157,1.0,0.79256399416645
1034,450.14310651272433,0.13744172267832055,0.0,96.23060366886548,133842.1764474594,33.47488570456572,1706.7916012944686,1.0149325318040845,10.271244653630973,1.0,0.9300557200950159
1035,443.6066093462982,0.1401041646831137,0.0,97.98128966407197,133954.2642852873,33.54166809411659,1706.2923211040018,1.0007664803356409,9.897658935950385,1.0,0.7084550114451496
1036,443.7313585767813,0.13641981160891548,0.0,95.29549039807453,134063.63639039313,33.41820307578181,1705.799660758919,1.018858055633349,9.897658935950384,1.0,0.7208039862073576
1037,442.29990361026887,0.13956123479113713,0.0,99.96672040019872,134177.72390258557,33.57112575573038,1705.2495158144447,0.9909095837569939,10.364325602617058,1.0,0.7795085812385416
1038,443.32447195067414,0.1341675185454082,0.0,98.82346476473627,134290.61755230714,33.606021641163515,1704.6401295031446,0.9940622737480596,10.054477090316038,0.9782788902063911,1.3040065921519997
1039,440.6476285044577,0.13670885212629658,0.0,97.25767002492343,134401.9594639056,33.591974568630405,1704.0713191306845,1.0037448188922955,9.813507440824532,0.9787424388698277,1.2963278100559208
1040,440.18279158863294,0.1379858525241734,0.0,93.4489153704941,134509.42804656093,32.93478419978222,1703.573196061212,0.9883045333656145,10.194051707911752,0.9787478428577385,1.1130217160267684
1041,439.13158626127824,0.14544852098098937,0.0,93.53149083423875,134616.9191321624,32.85737965421669,1703.0134371241459,0.9977736811633124,9.96085046369907,0.9787532384364472,1.205034690087821
1042,447.75321811297806,0.13558729829310734,0.0,92.97020454588069,134723.80935389243,32.873598170161024,1702.452837525963,0.9900362010019118,10.326770698265724,1.0,0.6885129448226621
1043,442.6796151450497,0.15050959522485485,0.0,95.98707578182108,134833.83920513454,33.166551786135024,1701.893802578978,0.9791275213444592,10.222314139155019,0.9628981843974582,1.9010979404153687
1044,440.9651978238386,0.14988619133132974,0.0,96.87787820232245,134944.60502198237,32.87502787048517,1701.3481665696374,0.96613215149724,10.462550268100106,1.0,0.7063381163779638
1045,435.03491028422417,0.15878915289878304,0.0,96.52621992786713,135055.0394744272,32.79525261452967,1700.8030761600562,0.9553845727682589,10.531826176636896,1.0,1.1071834597855137
1046,437.2757128514623,0.1509001523171326,0.0,95.22657821974713,135164.0528712343,32.821149540436195,1702.9553775355062,0.9626458503146039,10.178101408364817,0.9629137505122752,2.0850207241651404
1047,439.80188739305027,0.14724280715112525,0.0,95.23031897733934,135273.0965483599,32.93751789227602,1704.5719809749378,0.9739891360036411,10.587180888017786,1.0,1.2861484834087449
1048,437.0991638017456,0.1434412639940248,0.0,96.18431653817191,135383.11516868733,32.92472746040268,1707.5318512083252,0.9738784638964125,10.313212113069115,1.0,1.3600944499002523
1049,441.7366335069895,0.13434819453097058,0.0,91.32567727130112,135488.27778070842,32.93524730586224,1710.041938998022,0.9779407913324181,10.851240776963817,1.0,1.4537227338596672
1050,442.5311264198544,0.13125567675159266,0.0,93.32390057728027,135595.68099932285,32.85470962564438,1711.5815386061952,0.9739522445589526,10.710607482571728,1.0,1.2093877724000421
1051,442.2912829333511,0.12838829575371835,0.0,93.52903565996031,135703.31693170982,32.906998163876466,1713.2730051194444,0.975226109683745,11.239325602617058,1.0,1.5063336065660344
1052,442.16972370275477,0.13156039271128506,0.0,94.25855885881217,135811.69918522824,33.015567642442655,1714.1939850222857,0.970132308754732,10.4320107285011,1.0,1.48312141409032
1053,439.2798525499019,0.13857718974156086,0.0,94.39276869293883,135920.15819004545,32.97474796533769,1714.569049452241,0.9804973121255521,10.499405857092388,1.0,1.1182191605058804
1054,440.4890709304439,0.14268395483626906,0.0,94.2751766474804,136028.48002285426,33.00958428868611,1714.0610007891373,0.9896208566132304,10.721125213148536,1.0,1.0721005018579568
1055,447.6770839446665,0.13280713773533215,0.0,93.05847775840269,136135.55838043592,32.92907489500759,1713.4491200406485,0.9785409215947674,10.217970308674209,0.979724870279641,1.4967954769008607
1056,448.271349408234,0.12364480784730181,0.0,93.72705261711977,136243.20810966755,33.09678218436242,1712.835390341276,0.9695071271351351,10.075070752401839,0.9815257637435008,1.4762508643744994
1057,450.34058131557094,0.1096876003578392,0.0,91.0687946039993,136348.23425774393,33.07546575471894,1712.2253497898967,0.9898806176274086,10.023377346559398,0.9877326650773636,1.3292845126279005
1058,449.0461423276361,0.11717576898594129,0.0,92.03858019091481,136454.31157969733,32.864391440015666,1711.6285485940548,0.9856210145127458,10.801411942157438,0.993053646758272,1.5692075614658485
1059,438.22536673736465,0.13541530917737588,0.0,96.40927756398304,136564.9141849838,33.111318150311924,1711.0213977335623,0.9804216947834681,10.838068573810414,0.998015857403256,1.4353762465792634
1060,437.7422121733146,0.13714433731956377,0.0,96.17996658070088,136675.0885745551,33.10567251584667,1710.4480338387696,0.9810861419106203,10.315123627031056,0.9953317535882059,1.0507918042005713
1061,436.4725136243427,0.14223398960986677,0.0,97.15566295010998,136786.22572058684,33.09098448559182,1709.9503112419557,0.9823916961331828,10.329819217506074,1.0,0.9302148984197629
1062,433.3484018235714,0.1489638655806278,0.0,97.733342914224,136897.8905356272,33.14186523784774,1709.3417212877603,0.9773330186713965,10.334879405310419,1.0,1.2902110832535563
1063,437.6431123784334,0.14392825220779448,0.0,88.95340523487033,137000.6769084466,32.852029575223646,1708.8620358546634,0.9464476861207326,10.48099226928372,1.0,1.2770205385565099
1064,439.75366391261224,0.14568976431408143,0.0,96.46035317918565,137110.98149059174,32.95336194030957,1708.4192001853448,0.9678995697091384,10.364325602617047,1.0,0.9116661184654511
1065,436.6809028274844,0.14521831766737314,0.0,96.53214130712986,137221.31797361607,33.16004498419753,1708.478152688977,0.9787033929038058,10.597658935950392,1.0,0.9028587894376194
1066,436.27491998246694,0.14591548541415233,0.0,98.19095688885075,137333.36177104892,33.17182118245532,1708.1284794758026,0.9745786627581927,10.480992269283721,1.0,1.215326661322134
1067,432.1257185790614,0.1567435590155476,0.0,98.70764635327156,137445.90619141114,33.13383640302426,1707.696338067127,0.9695773724141291,10.627877655406058,1.0,1.1997303482024577
1068,434.446927193313,0.15384716998662507,0.0,95.03642989292622,137554.6168293895,32.78565168931778,1707.6145821771997,0.9615757584093021,10.422658935950386,1.0,1.2901440966932114
1069,438.5353249074629,0.14708107202916731,0.0,94.2234814176315,137662.55091645024,32.97245281194451,1707.163540642907,0.9586775668114856,10.692700790304716,0.9999999999999999,1.4176665573622955
1070,439.8425379964976,0.13293220486582025,0.0,90.55880403590265,137766.87552369878,32.8623050453784,1706.8622747242225,0.9723637908868767,10.575168811523197,1.0,1.6070685329239751
1071,439.8232523889097,0.14199481098196043,0.0,96.66810828178785,137877.43501076417,33.18075337722641,1706.420170322134,0.9755693817226927,10.305992269283719,1.0,1.3048231606138287
1072,443.4780030896783,0.12193635929695268,0.0,93.05159520435818,137984.29162072108,32.92175366818849,1705.9142362709233,0.9730129018473966,10.67312368349322,1.0,1.2977000227074313
1073,445.5712954661924,0.11520285276289821,0.0,91.96183531904228,138090.17652838532,32.96289985737494,1705.3111358650517,0.9706376500318371,10.247658935950385,1.0,1.2728855764085694
1074,448.9994457886893,0.10875907537528862,0.0,90.74914431465935,138194.90233113794,32.85427032203688,1706.242885866858,0.9625979386630817,10.633148212859286,1.0,1.2821029224648868
1075,444.19849442344673,0.11405679008980707,0.0,91.28583928226925,138300.3014393602,33.0552087306001,1706.0529376716904,0.9846588027456717,10.988975476737624,1.0,1.2670852237145986
1076,444.1856586552024,0.11397697780720828,0.0,92.11372500487647,138406.3852818605,32.98039722686233,1705.609725763402,0.9734025435176148,10.387778883118466,1.0,1.541978419838994
1077,441.25359382462824,0.1152795894628309,0.0,93.3424762657928,138513.65039082625,33.12198589728228,1706.8180680112002,0.9698343759316149,10.640763904404055,1.0,1.2162774211415623
1078,442.08228505344726,0.11603933602895422,0.0,91.13219080463244,138618.73589754003,33.04099851770275,1706.299068103522,0.9862068172384627,10.176284634012799,1.0,1.5171665973076678
1079,444.48702541065256,0.11274157564657172,0.0,91.48473667656471,138724.15638744476,32.85284030290961,1705.699200166802,0.9858029012113684,10.30599226928372,1.0,1.1722209996384194
1080,443.4732009580417,0.11391459754921018,0.0,91.88465672281336,138830.01445134304,32.81892185653893,1705.1001646218422,0.989072980550522,10.305992269283717,1.0,1.1436776259231252
1081,443.3026433286215,0.11579257494843087,0.0,92.2512367591417,138936.21719846674,32.82608933511883,1705.0479340774198,0.9886512095303456,10.2814418625125,1.0,1.1334760091914013
1082,442.598233193043,0.11770580427602417,0.0,91.43887346761747,139041.73463846257,32.80968356398408,1704.374474036421,1.0052973573532873,10.65599226928372,1.0,1.4230444660109463
1083,447.28534965046515,0.11999742852737327,0.0,93.8675909195054,139149.7100677707,32.90672721895368,1704.3696925326053,0.9757203502016171,10.414484189032976,1.0,1.0662062720282783
1084,441.7211910946147,0.12952557149584965,0.0,95.78137343211945,139259.68274788078,33.04623435698691,1704.289116264401,0.9810591140890862,10.4133911244012,1.0,1.0569692852373578
1085,439.4531131491264,0.1328245368042249,0.0,95.6072286682517,139369.29292555817,33.104143858326225,1703.8356154509709,0.9750602785663965,9.998919499082044,1.0,1.04564746134173
1086,442.53787963812493,0.13037058934358503,0.0,95.16219358593493,139478.35628724642,33.09096165157621,1703.3621882050975,0.9675217655806466,10.539325602617051,1.0,1.0436861479195514
1087,441.5253403612189,0.14528216909185865,0.0,96.20142856047518,139588.4683730901,33.119986967249595,1702.8061953033919,0.9872405529961854,10.364325602617056,1.0,1.028011295642198
1088,439.5213369763394,0.15146392664676855,0.0,96.52355813495419,139698.759490052,33.224086933771076,1703.2914529747811,0.9769013166038744,10.422658935950384,1.0,1.0204867644920697
1089,433.17167362248034,0.1547588622623759,0.0,96.87242630419289,139809.34939679698,33.08184248091075,1702.8266257013142,0.9790647506277305,10.364325602617058,1.0,1.0067158370905709
1090,438.26750669883114,0.14722141169215175,0.0,94.781389795136,139917.8381820962,32.74488942919535,1702.4087074395106,0.9811257155554622,10.014325602617058,1.0,0.9173237784773534
1091,439.10813950275525,0.13413865065039166,0.0,95.03039937833601,140026.59340633408,32.65287722697697,1702.1304579809564,0.984533518119423,10.607841765632699,1.0,0.9133474763386822
1092,437.2735295547081,0.13693523363087168,0.0,96.13184523697791,140136.52356126683,32.73872581724231,1701.6659205479866,0.9734480172938504,10.525070853389426,1.0,0.8844098369413445
1093,437.4716418970461,0.1384973795049077,0.0,95.03605111362153,140245.33515511296,32.52485627770458,1701.1936907830197,0.9863622527662608,10.608787494167883,1.0,0.8611622067990581
1094,440.79339672991523,0.13348014995526125,0.0,96.38838754340097,140355.46520103564,32.44709608446917,1703.2479793209711,0.9754709685617681,10.43580015903202,1.0,0.8201942483121805
1095,442.9014079691662,0.1240816353863563,0.0,92.44649433700252,140461.8443107672,32.49323142503045,1702.6635082664363,0.9968286064556198,10.665871156896555,0.660802805163638,0.0
1096,440.5525768841169,0.13241597005461414,0.0,93.31033705151484,140568.99045398162,32.41639535432714,1702.5878708304751,0.9860889484290494,10.623935431773107,0.6457962635439445,0.2991841160654367
1097,439.97969738421364,0.13958610026550977,0.0,94.51836099040045,140677.2956410331,32.53913639242396,1702.3451239634974,0.997388890770844,10.584113491402482,0.625820480889426,0.29716090643502824
1098,439.8367147592589,0.13861760106768561,0.0,94.00732253973202,140784.95344801186,32.78924332967848,1701.7611029422508,0.9820787261447371,10.529169900221154,0.6456278966948231,0.0
1099,435.4529816842937,0.1326253773260686,0.0,95.00265142868453,140893.71227145504,32.74351629855432,1701.4266714639336,0.9788372224816138,10.508928861157393,0.7297508573408131,0.0
1100,434.2340062587656,0.1324329789740598,0.0,94.5224260685505,141002.01000731857,32.92140812556124,1700.7546690454585,0.9814199744888045,10.485798522655903,0.7282614035894666,0.0
1101,428.7528105322339,0.14398440599564488,0.0,94.85187347465654,141110.62506719766,32.841404326932725,1700.9326463298175,0.9753334441790452,10.460322899537774,0.7274339790700219,0.29159757835192934
1102,429.8216428706856,0.13972922922717523,0.0,96.62090339541786,141220.85574902102,32.86023931440295,1702.1077451136127,0.9598520206996559,10.423465645552788,0.7112087175345229,0.0
1103,432.6409386343617,0.1341544112748223,0.0,95.09272940679149,141329.70230593815,32.95476224175304,1703.0092243152474,0.9888601930965314,10.411831564514445,0.7376747866995409,0.0
1104,433.752418156039,0.1346332363737045,0.0,94.65089499839335,141438.09851805746,32.76774461729549,1702.4757749016371,0.9861013799208183,10.392472785112476,0.7455058911758732,0.28884743531192214
1105,434.5634911764201,0.13583644488920443,0.0,92.50242533676492,141544.19885323851,32.56625025214436,1702.0523629498614,0.9952728061562818,10.37150436479365,0.7334113195331012,0.0
1106,431.89410354781785,0.14416604128225985,0.0,95.19445749053556,141652.98961876758,32.56496078856596,1702.4838148699157,0.9655276670932321,10.340811702775145,0.7338470706618362,0.0
1107,435.5367913558693,0.13162398270472875,0.0,94.09424589718067,141760.55459616514,32.812098190648925,1702.0069823007213,0.9623588835068317,10.33159998970487,0.7719575333164754,0.2815545988946866
1108,428.6763165490964,0.14292467835339495,0.0,93.11581700004635,141867.27424604268,32.488525646313725,1701.5303009739835,0.9741867607518621,10.363978136658867,0.7572010256786428,0.0
1109,427.8212956617676,0.14431900265971365,0.0,95.47104419036843,141976.2214597564,32.74231409574792,1701.9215242204048,0.9669163530192488,10.354573991037025,0.7551371455193093,0.0
1110,431.31013980027546,0.1377588216765252,0.0,93.94465811175016,142083.63130496853,32.67555632804117,1701.4406976318571,0.96075786873564,10.411598328075677,0.7533259345330191,0.0
1111,437.927831662644,0.12879956532177683,0.0,91.33009043426748,142188.49373767438,32.67428950397529,1700.9608783026065,0.9532186225716086,10.397922309741569,0.750477006123819,0.0
1112,436.51727808699576,0.1214452205877512,0.0,91.80246007122989,142293.9095575871,32.48923893654438,1700.4899995184237,0.9698895786268849,10.425049217081966,0.8264825998476025,0.0
1113,435.6996180017563,0.12200123299214072,0.0,93.37165441559924,142400.94320829085,32.640779517663404,1701.5046309566367,0.9700671064930653,10.41622738755797,0.8342434900529215,0.0
1114,436.57510372534614,0.12996780915856754,0.0,94.85537082497058,142509.54340207973,33.01236459981766,1701.0244857202676,0.9634604131178566,10.396678305684734,0.7984562590332914,0.0
1115,437.5396392455543,0.13123351502258085,0.0,91.39585735570965,142614.53545865114,32.848495669454074,1700.6848362203739,0.9544326942650903,10.438998218136927,0.786863124979721,0.0
1116,443.1272894865162,0.12446485974371124,0.0,90.37307370948169,142718.49380734857,32.84671024486506,1700.2025866881843,0.9543492493848628,10.513476717234312,0.7914069462028092,0.0
1117,440.3351075265854,0.12936260347250983,0.0,91.97431722825904,142824.12595019635,32.69564488913813,1699.6246506791963,0.9573672746925604,10.562287963722893,0.7725610343354712,0.0
1118,435.7309077664868,0.13226341028997368,0.0,92.52628544762683,142930.2428065049,32.68005604836749,1699.0452141373562,0.9470380218044957,10.591109195332617,0.7668055051592849,0.0
1119,439.86013547956037,0.12357869680101274,0.0,91.66182621220015,143035.4421455088,32.652149122897356,1698.5610423868193,0.9497812746414536,10.658443897917214,0.7650490557988887,0.0
1120,444.3490615823488,0.11011771765672596,0.0,88.8885293176145,143137.9444877108,32.36070778928751,1698.076450558561,0.9558978560372385,10.702285905196142,0.7552285215677534,0.26397410687764733
1121,446.0194883054855,0.10240200830145352,0.0,88.12082751963896,143239.792804004,32.3455322238913,1699.6036412554347,0.9597619495450752,10.733065802365203,0.7458567484010253,0.0
1122,445.17441208654736,0.10975091253312985,0.0,87.42738666671818,143341.00438583456,32.402012176164355,1699.6373360928858,0.9517511591949694,10.776494168906284,0.7157278419041782,0.0
1123,442.58080607553075,0.11585636732259974,0.0,88.7726356122637,143443.5099485218,32.37857217847169,1698.9973584182217,0.9555125391986667,10.816503494229131,0.710654639972567,0.0
1124,444.77046125104766,0.11006682211258823,0.0,88.15816448451237,143545.39152549303,32.35172982344468,1699.2646110561122,0.9530047595153561,10.84695100972515,0.7052949426460808,0.0
1125,443.5967350735318,0.10098553931136134,0.0,86.291229293164,143645.45545336496,32.260282105300554,1698.5823086517983,0.9664849432151529,10.886738043162834,0.6921882219386656,0.0
1126,447.7964779371436,0.09914716847775717,0.0,87.04698114898079,143746.5033102858,32.421688797453214,1698.000383893312,0.9471620129929909,10.88721485810118,0.6894774526730444,0.2649194329679716
1127,447.08135548494323,0.08889353876964079,0.0,84.29616314709719,143844.72614519595,32.8167229889107,1697.3672538641063,0.9542402469836568,10.933131912244441,0.6824761574550733,0.0
1128,451.2942685587155,0.08254163363945022,0.0,85.90316066521632,143944.45583600423,32.841071115114715,1696.7826606276199,0.9388126972866828,10.998176532509753,0.6960006885027643,0.0
1129,456.1988764081426,0.06716553288115135,0.0,84.95978015682829,144043.34554522805,32.66823428613062,1696.1985396704029,0.9436916076587514,11.047945624188833,0.6924253898116798,0.25981319243413736
1130,448.9841102038407,0.08068396252656618,0.0,83.62772573030588,144141.0350823058,32.57864750139861,1696.6236415730934,0.9583779259474715,11.089245782800953,0.6727503281299811,0.0
1131,450.1150565667352,0.08009164057294527,0.0,85.45023891891225,144240.40337582983,32.6606393273293,1695.9409277204138,0.9571780790504975,11.142285958895554,0.6591281629508736,0.2532554571304324
1132,451.6178467544606,0.0774855857565272,0.0,82.21552086879673,144336.53753415783,32.548625892806896,1697.1307997550082,0.970019830474424,11.1742199410718,0.6477642039221639,0.0
1133,443.8831111325801,0.09468338089773987,0.0,86.4320129495664,144437.42616064256,32.82314594331004,1697.5279177898938,0.9637283156908271,11.213277167445638,0.6437048638792675,0.0
1134,444.5306919964381,0.10162755263544443,0.0,87.43900698492547,144539.10774409192,32.79715284775463,1697.0417851593295,0.9674436486251964,11.23738165523707,0.6423179488558014,0.0
1135,443.7000859597109,0.10426524539440873,0.0,86.95726167473396,144640.1904573605,32.94546901376368,1696.987396781514,0.9832848088224174,11.273653380013828,0.652731668827777,0.0
1136,441.19542802844416,0.11161458814860747,0.0,90.31037934518795,144744.57787929563,33.08089835519701,1699.299787996771,0.9704361756561862,11.237351597067711,0.6521855683750487,0.0
1137,440.5657624350543,0.1106981401310867,0.0,89.0583558564265,144847.64742090533,33.04294375998949,1699.5280066023824,0.9593616958302951,11.259852238148438,0.6582673656146079,0.0
1138,444.85019675097453,0.11175733593138593,0.0,88.09019960029934,144949.73430617954,32.820005753823246,1699.7715244045185,0.9778848430546118,11.325162457334086,0.6550052539795949,0.0
1139,448.103089632169,0.10639265598437586,0.0,87.88901337729882,145051.75254503058,32.85794644443744,1699.1200785394417,0.9931836542165451,11.310804838830027,0.6505588717832032,0.24393370397377367
1140,453.1822175650155,0.09516057683633083,0.0,88.04439273456352,145154.001331771,32.92056828687998,1699.7400316430046,0.9632875100859006,11.24787661752904,0.6495761305731016,0.0
1141,450.95866291741635,0.09976419871192954,0.0,86.2305922977142,145254.55341081688,32.6614628603363,1699.076999470449,0.9551588131744253,11.281081041347365,0.6467121822161565,0.0
1142,455.9890624265029,0.09441025699834316,0.0,85.31292690088993,145354.13725833443,32.66404960611004,1698.501388776167,0.9783980152600544,11.346634624755547,0.6434616055828528,0.2443577921539557
1143,449.59906009391364,0.1006682404724395,0.0,88.42713320613562,145456.8165576327,32.93886628244896,1697.9498606970876,0.9677055681241921,11.31943548021651,0.640491921245783,0.0
1144,450.88044877313604,0.10020592623290348,0.0,89.21940462342181,145560.14776314728,32.863886774605355,1697.4779020245307,0.9603756897002449,11.274608685793533,0.6376006028784298,0.0
1145,443.4761534039364,0.10961062142060751,0.0,87.69967832117518,145661.9327439539,32.75739973823587,1699.4915715412685,0.9603303885491078,11.313061654985066,0.6347968522912247,0.0
1146,445.6779456391082,0.10867083418798151,0.0,89.20654753087973,145765.10724152296,32.87446254464217,1699.3316725016193,0.9779803726524608,11.343876414967173,0.6318846882530589,0.0
1147,445.44870456617605,0.11142270733466542,0.0,90.66024070645724,145870.0280647538,32.8644028308529,1698.6458284079558,0.9966292724087193,11.304614504605178,0.6297516157219644,0.0
1148,453.83444631735875,0.10136966464865271,0.0,87.70549811800795,145971.97647367264,32.7965972774457,1697.9608684223087,1.0009498636559684,11.255999537444156,0.6273779808572543,0.0
1149,455.05664251340283,0.09527926675398124,0.0,88.0844303863165,146074.43779781563,32.72926355287006,1697.2757333668126,0.9850994518908082,11.226056659066577,0.6250612346723015,0.0
1150,452.95500937043494,0.10125689164856844,0.0,88.3574841347273,146177.25598187515,32.7084733836281,1696.603925348183,0.9886777289669475,11.186405365352416,0.6228222447041641,0.0
1151,450.8932954492806,0.10583926272511834,0.0,87.55137486876409,146279.1699781936,32.568682673214695,1695.9202785570976,0.9891080489145689,11.15944092433213,0.6131180965658425,0.0
1152,453.1661333423868,0.1015276738132006,0.0,88.87556306238835,146382.52099077852,32.59729749144256,1695.3981761989673,0.976807302066931,11.125416422640585,0.618313607087261,0.0
1153,452.1614946470424,0.10176922704349411,0.0,90.09100348116402,146487.13609021835,32.70973561410507,1697.1865032433557,0.9688781627795172,11.0993150818251,0.6158434390441864,0.0
1154,455.5366865027293,0.10184072077394368,0.0,77.83934300987015,146579.4816483867,32.57435958387908,1697.4435625323292,0.926478232854206,11.075692637147073,0.6134516648368304,0.0
1155,455.4779532883753,0.10321712567514096,0.0,87.30365662870562,146681.1402300628,32.67381060439625,1696.8744466365818,0.9441889766612666,11.180121440343523,0.5771389138353384,0.2289483337503455
1156,455.3404076378669,0.10427429770593832,0.0,87.06396780883274,146782.49116052795,32.66425472091108,1696.3061426001395,0.9452369759172922,11.23173450843494,0.5776750478255398,0.22711241771323998
1157,460.5787578235294,0.09390695290336648,0.0,86.42340691814685,146883.14490732094,32.62075055276551,1695.6353976398393,0.960146116155924,11.291271800951952,0.5987665481637362,0.22733556179414904
1158,454.8344940904725,0.10021809310241037,0.0,89.41412575775236,146986.85179775849,32.75373973671422,1696.7844854220539,0.951043789479934,11.223907934064467,0.5971674673450759,0.0
1159,460.67515443322173,0.09314766969566912,0.0,86.77088938144664,147087.7966634007,32.29776009487615,1696.179215167933,0.9522486349788463,11.210991520437513,0.5757287294263925,0.2271378059486473
1160,460.6452600743538,0.0906751681430844,0.0,87.1995625521935,147189.21800330025,32.294023621628945,1695.9539887040107,0.9507471479778603,11.180134367490613,0.5771879470424244,0.0
1161,463.2578907964344,0.09073838798820377,0.0,87.5601253429122,147290.99427582207,32.35100609679777,1695.5609662700836,0.9666675876354991,11.164147126330596,0.5772570156588203,0.0
1162,466.7222942251162,0.08499274065694029,0.0,85.4637577094418,147390.62243188324,32.20059848710882,1695.3010292848192,0.967622487650379,11.144865795020317,0.5815935374901102,0.0
1163,463.66481031331585,0.0879210882833229,0.0,87.02739562498888,147491.8757880065,32.291073025780015,1695.5119639648024,0.9508641314467536,11.116207740709628,0.5828103541025978,0.0
1164,463.9618492921051,0.0938362137424279,0.0,87.1088500475239,147593.223072658,32.31410302040083,1695.0249603734128,0.964839446451496,11.106323336499598,0.5834362077308161,0.2214970120683759
1165,460.53310797170076,0.09944355620101653,0.0,87.9997133054384,147695.39334178553,32.239998498438965,1694.5364489215851,0.9548024655370143,11.087096188395282,0.5824367691538861,0.21870670907817313
1166,465.43537486948907,0.0925275001634207,0.0,85.54440436234307,147795.0175470983,32.26142763054157,1694.5896751734615,0.9696940746745975,11.062241673358134,0.5862004525200512,0.0
1167,458.4679854288595,0.09719508961773904,0.0,87.39059529264497,147896.5482609027,32.287259213053474,1693.9078080680706,0.9627056707444207,11.039940096581589,0.5898776052714835,0.0
1168,462.0104595240331,0.09854597517728858,0.0,87.71726105514503,147998.254921244,32.35160091626604,1693.2267866477312,0.9693301386643087,11.025586779953011,0.5659735692241163,0.21838307708571847
1169,459.2152709935005,0.09849276970945031,0.0,87.54742866653304,148099.7676687867,32.30101424759396,1692.5462178561304,0.9822065376522268,11.004049114944289,0.5625077588477589,0.21661808628229906
1170,463.71151198859803,0.09021468287937251,0.0,85.758075226443,148199.49389688027,32.238048743044075,1691.8666088388559,0.9724253865959316,10.976365188485296,0.5727437251608682,0.21556534156189855
1171,464.0114547739322,0.08931157405810608,0.0,77.99248653073468,148291.53545094514,32.04914309796452,1691.1875180490176,0.9216444751888452,10.954199216567728,0.5721883662792719,0.21428017430595503
1172,459.8645712817481,0.10298735127887171,0.0,87.41498126129285,148392.9034580957,32.191915357400404,1701.1309951387595,0.9536187537836789,11.126132013653434,0.5729593141132185,0.0
1173,459.19193050577184,0.10465767437279638,0.0,88.76926479223954,148495.52950038575,32.172432124360775,1700.9546754327564,0.9540170038552869,11.102753947384159,0.5718993565072568,0.2084997009533538
1174,458.2836613669488,0.10712437396843111,0.0,88.95188366552436,148598.3406885829,32.26311432368811,1700.7395842218777,0.947921446728552,11.06525544770467,0.5698291391685306,0.0
1175,458.2826763999346,0.10839088591412804,0.0,88.67332297447513,148700.84375565083,32.28441458352982,1700.4690659508756,0.9455253100777337,11.052633310551352,0.5701363692868374,0.20772254172814186
1176,461.585422377666,0.10447064733366429,0.0,89.030654163548,148803.72605785102,32.243206664903695,1700.1824719215922,0.9431728490129629,11.028549576737912,0.5702364341333275,0.20685546796283205
1177,460.7037372000551,0.10724745057878238,0.0,76.49866463478064,148894.23482563611,32.22588052389382,1699.4942865422986,0.8821091636238876,11.014888897171643,0.5699450950523598,0.0
1178,471.61176749974726,0.08861339306612048,0.0,83.89917636181072,148992.01585082267,32.199525578408924,1698.8069294855716,0.9340921178073711,11.182801745394022,0.572191920803847,0.0
1179,470.25021785400827,0.08887772255073956,0.0,84.11549557562444,149090.3629791174,32.15342380864934,1698.1202853386644,0.9332276493867531,11.227832799866787,0.570122312020518,0.0
1180,467.9656636576548,0.10288084876338677,0.0,86.32272423787887,149190.91698407728,32.15576999782748,1697.4347880877842,0.9272390465368939,11.264314650063902,0.5486208694754217,0.0
1181,468.3714725353048,0.10238219948322969,0.0,87.09570140550038,149292.11333872206,32.298027891627214,1696.7499617028861,0.9411183935569148,11.308815056209866,0.5714446269705177,0.0
1182,465.43682697554163,0.1063237110886106,0.0,87.70903803951059,149393.94750558332,32.17827714894351,1696.075945771265,0.9419153404113764,11.359810603172887,0.581647482554321,0.0
1183,459.5752607227566,0.10767378413574547,0.0,86.38225913316504,149494.42585721676,32.41573427816154,1695.3923179817791,0.9350349934238132,11.37014399697679,0.5697674157106661,0.0
1184,460.6878114092016,0.10736386878911364,0.0,88.67412400954676,149597.13532399558,32.3655271452086,1694.7200884122933,0.9299845297384639,11.405797473927544,0.5696464565631479,0.0
1185,463.0165494659085,0.10338865672833364,0.0,88.52664220825203,149699.68939741375,32.39175593663566,1694.0485999345428,0.9391398221842061,11.439607389292124,0.5703534521639256,0.0
1186,464.62063035710133,0.09718576445745253,0.0,86.88366077006343,149800.84169316545,32.471321114794776,1693.3675542280769,0.9334366383642201,11.466431044957341,0.5696717017537153,0.0
1187,464.82685094434333,0.09563046146792065,0.0,87.03200672377291,149902.18313798445,32.492959627834004,1692.6873203381679,0.9224534508923334,11.504649593653536,0.5714076856262776,0.0
1188,461.88516315385505,0.10735772436565305,0.0,89.231016611559,150005.73928676176,32.76925945540935,1692.0651028558918,0.9295268244345368,11.526409960891472,0.560581672129826,0.0
1189,462.23961180546803,0.10460009135270765,0.0,90.31712204788215,150110.25965816856,32.70715664965801,1691.4081306260648,0.9273188883631506,11.54137928623172,0.5794349292314378,0.0
1190,466.6838012770251,0.09887191384764626,0.0,88.71692087341026,150213.19395310504,32.5392926121315,1690.7546288024528,0.9407055202737931,11.584302357630984,0.5606909942397459,0.0
1191,466.1021939057887,0.09496030140987433,0.0,87.50172313188321,150314.9159155908,32.85163098545244,1690.084517302787,0.9361600314562925,11.576753773682592,0.5858914537559184,0.19623309525291788
1192,472.3728430460908,0.078700214594417,0.0,83.2457253528254,150412.3755997027,32.61748370603334,1689.414409988086,0.9607115914905701,11.594900909446444,0.5880432905984179,0.0
1193,467.94269085577497,0.0806600764822416,0.0,87.5024637362553,150514.3728484597,32.853431387731284,1688.7506116410768,0.9391802891435268,11.450472450410361,0.6095871493090478,0.0
1194,469.08968157219465,0.07991452040569469,0.0,86.08365698700598,150614.9270735044,32.655351774294644,1688.0869672144909,0.9283670241714362,11.590586934150462,0.6096361721363899,0.1903267652523546
1195,468.0806790803835,0.08034320995536526,0.0,86.23426961639457,150715.6948672191,32.707133775447474,1687.4246392608259,0.9511124597312911,11.597796975753818,0.5983004161381436,0.0
1196,466.6399745100607,0.08412537181170177,0.0,87.68871764515066,150817.863910868,32.830366072973725,1686.7627842340555,0.9570342865503464,11.454763233557335,0.5970246116591372,0.18799709195503667
1197,469.1119319161346,0.07877691543672838,0.0,87.1256678327598,150919.4346219106,32.779197621467276,1686.1013250638337,0.9532158133371011,11.41221000139129,0.5957113115524281,0.18830336741615739
1198,470.371038076645,0.07581952982483342,0.0,85.25273609050562,151019.1632896933,32.6967516769594,1685.4406047224002,0.943861605612451,11.38631446870934,0.6090363297912148,0.18668035418588502
1199,472.9410644874984,0.07003733049646188,0.0,86.3709358825175,151120.0384836764,32.83492675661491,1684.7808712609722,0.9398547217466957,11.356650333607508,0.613261871897494,0.0
1200,473.7567157220384,0.06583076744640748,0.0,84.69140084286198,151219.29916974693,32.65307000645458,1684.131682616443,0.9362978827925889,11.512527450197835,0.6126696238204882,0.18499283213973428
1201,471.97192479135975,0.07134503021227434,0.0,86.10144371990276,151319.99063150532,32.67033875402509,1683.4828061804174,0.9552150572148017,11.34090294024254,0.6119787639613659,0.0
1202,471.11395653563676,0.07544087756754614,0.0,82.8961506847969,151417.3829806956,32.6288248627965,1682.8342087490262,0.9315981252405036,11.335613541607247,0.6082684740062817,0.18388539239938595
1203,468.9840866598276,0.08309082556043934,0.0,82.90571539965421,151514.6957365276,32.6246027786387,1682.1869974552112,0.9548650057152663,11.31612412851182,0.608156880410584,0.0
1204,467.6965495863218,0.08692533793730861,0.0,84.61376788939712,151613.62974826983,32.71155374013021,1681.5982214705025,0.9329807468713764,11.29131963379825,0.6075897213505737,0.0
1205,465.93132672113944,0.09606650441135223,0.0,84.989727304445,151712.9144832991,32.63276247382583,1680.9944688986961,0.9348844960506945,11.286625969574896,0.6068311983132886,0.18037050076420513
1206,476.42135890570984,0.08672872139347121,0.0,84.5789760082313,151811.73710273218,32.67630776141147,1680.342597625556,0.9367048786087656,11.27640985548257,0.6059971778046899,0.0
1207,473.17818981318374,0.09635613572933599,0.0,87.63094527342304,151913.711530525,32.713642368602585,1679.6907793256098,0.9576115197272254,11.272174449144863,0.6030486707785516,0.0
1208,471.5230631063301,0.09951587796613792,0.0,88.56964967208059,152016.531030364,32.69084389734312,1679.0407062043391,0.9506561961941673,11.261350840324434,0.6029803076886622,0.0
1209,470.2592580471997,0.10794152724653927,0.0,89.32384198850285,152120.08110043546,32.61390648192516,1678.391279998331,0.9531802430507386,11.253792460537307,0.6020480376157653,0.0
1210,473.82465541680403,0.09989642223513229,0.0,88.95794876002279,152223.21276730634,32.78762569242444,1677.7424470008998,0.9562186406673906,11.245196334818576,0.5998859518679841,0.17827929305844137
1211,474.76523207317996,0.10062157407798411,0.0,88.19802681486917,152325.86194106395,32.73832451882191,1677.0959041543388,0.9587843254090492,11.231136835936725,0.5988881760504414,0.0
1212,475.2819535001047,0.09885453088422225,0.0,88.96474996922234,152429.27680254873,32.725692900085974,1676.4585003832474,0.945251801107432,11.224849498022957,0.5962816476826994,0.0
1213,474.3783544026532,0.09487117824668434,0.0,87.56634624061401,152531.29556378274,32.711160883428455,1675.8216053348133,0.9562545930202178,11.088953830245876,0.5955308813433807,0.0
1214,474.04333408530437,0.09702241090741637,0.0,89.08722851857534,152634.77869232956,32.75841792742435,1675.1857493078307,0.9429723542124007,11.089822298078621,0.5770614337897172,0.1741022941744177
1215,472.0009033077251,0.10039214923006556,0.0,88.94009019485772,152738.07230863624,33.05344817367408,1674.5500352939657,0.9268803680810667,11.094112802606038,0.5919170735850099,0.17457585038560808
1216,468.3637562109413,0.10683643867218773,0.0,91.0048383702096,152843.38258478796,33.02583947195267,1673.9149054841873,0.9372229340134316,11.104218649568644,0.5912169354412398,0.17414259871476645
1217,469.66902132527423,0.10353460810671378,0.0,90.59005233226948,152948.20475536035,32.84798520691227,1673.2806154674645,0.9278016759155425,11.11189146189337,0.5890670922897432,0.0
1218,466.5098527522596,0.10361844085029326,0.0,89.79210429601225,153052.26196022925,32.73942311633701,1621.9007758341986,0.9240836115879753,11.258336555534393,0.5877612362799463,0.0
1219,467.5213069733354,0.10351806483712533,0.0,89.76524947434149,153156.24128658895,32.86011318595674,1621.3238550385145,0.9288465905555552,11.268111530272815,0.5848612486829867,0.16894542478543073
1220,465.43452505098645,0.10891592473175549,0.0,90.21541829370449,153260.63007752688,32.86887347477854,1620.7472975116996,0.9456589861925714,11.267246295674395,0.5841341712498705,0.0
1221,466.52002314299614,0.11119360722815308,0.0,90.24482440320406,153364.98292201775,32.742259124576435,1620.1713343908177,0.9534114348876488,11.261932212029254,0.5843834455401133,0.0
1222,472.12490940362505,0.09398239075966752,0.0,89.18711993236565,153468.2821406976,32.810281446245256,1619.5962358473387,0.9555016550781287,11.252640758969452,0.5881306451688882,0.0
1223,476.8436845265991,0.09190510255175177,0.0,89.23050195424835,153571.77583586323,32.779403778490924,1619.0216010211439,0.9413475336872876,11.249190525642392,0.5923426188464058,0.16631585025295337
1224,479.18394640501066,0.08855166400981362,0.0,88.87157967405307,153674.98082451362,32.82647296977803,1618.4478340635148,0.9412047528938591,11.223513572518298,0.5907689268565826,0.023490318446981462
1225,476.96738948151653,0.08298228748262915,0.0,87.83222403889116,153777.19135282148,32.816314961599936,1617.8743321410052,0.9356977042161195,11.11790531228744,0.5909595985283758,0.1646814371567764
1226,477.61930633246055,0.07976670985359247,0.0,87.62979508908451,153879.2562448147,32.935175192966064,1617.3016193287276,0.9290856583675897,11.260099212001728,0.5901576875774428,0.0
1227,474.4584815483762,0.09144443819034709,0.0,90.2951746645307,153983.95075317565,32.90197558378463,1616.7285012598345,0.9231878359185373,11.268595235584474,0.5700982873263407,0.0
1228,474.36191784227015,0.0899734361339587,0.0,87.05189586040245,154085.26679322319,32.656576368888445,1616.1542082786957,0.9271580572182933,11.511683348836819,0.572903942755635,0.0
1229,474.79068186082753,0.08824330462669527,0.0,86.93571606241454,154186.49653105525,32.64824468474895,1562.7258768304,0.9443017730100411,11.32162477312148,0.5727050589444381,0.1599260037824699
1230,471.42064871055356,0.09214716610924434,0.0,88.62402778326523,154289.38847399302,32.823412419082146,1562.1533741231535,0.9353975723839536,11.18415166969505,0.5705643563878077,0.16090847138006836
1231,474.56111779917774,0.08490462283097899,0.0,88.2198095016087,154391.78409148683,32.79798170052975,1561.5809917096738,0.9311456095805891,11.190352081367466,0.5716593961417923,0.16271250063306653
1232,473.61056765725937,0.08711422300276161,0.0,86.51074823760219,154492.54434274635,32.25745814975469,1561.009337549489,0.946091885829161,11.201508409703854,0.5731198106990383,0.0
1233,473.9827968946828,0.08056301560331292,0.0,84.92745323008998,154591.69540375003,32.31105958291296,1560.4385242955407,0.9402316607810057,10.757599957971546,0.5711233895742869,0.5720782248536587
1234,459.6762329287167,0.12786544478703288,0.0,91.19369445766031,154697.10633529347,32.50721979184738,1559.8680107493867,0.942677736682802,10.609953515814068,0.5910545504248448,0.7442638129664765
1235,459.0819733415703,0.12467787292761034,0.0,91.48464660038404,154802.41142715188,32.5000362925048,1559.2976986297786,0.939489622470214,10.611811507685585,0.5896130596298991,0.773320308721317
1236,462.0488518784695,0.12709757315582904,0.0,90.09798460186406,154906.378689379,32.51458059208065,1558.7284896515648,0.9384220418855933,10.494605639254875,0.5618956353792788,0.8041545551692728
1237,463.08044696768167,0.12106160566139201,0.0,90.6478410277121,155010.850844108,32.670815516936344,1558.1600327642266,0.9230894511658022,10.507731945612974,0.586919717707672,0.8249366991687239
1238,463.67607289192534,0.11640360347649326,0.0,89.88196095305344,155114.57742024437,32.67355104054687,1557.5916837491395,0.946904527290838,11.163441641190344,0.5867760752330378,0.20911292609056176
1239,461.43910091933947,0.11744957185340221,0.0,90.53316175618684,155219.01059374906,32.70062036125688,1557.0241278468209,0.9261409843368578,10.56144823854104,0.5856391437547276,1.081876028415138
1240,457.43799494745497,0.12825482834872515,0.0,91.57322194751403,155324.38191789773,32.72990263022424,1556.4572167487881,0.9292970212745559,10.61716048986804,0.5849895538150509,0.03712668362395988
1241,458.14117500424857,0.12404043013132382,0.0,82.81501758995685,155420.90658246167,32.41095378252894,1555.8908361501706,0.8898637180435136,11.507808728577324,0.5837578977674942,0.20460876995012
1242,445.3600706347591,0.13559959853697112,0.0,86.06401804001892,155520.62485880163,32.4988884019028,1555.3257531893921,0.9083381339768387,10.813628029908188,0.5837421417442324,0.042012642785014265
1243,440.60083095585884,0.14563458449465372,0.0,91.18670515630139,155625.24929192232,32.549017340844934,1554.7616641389648,0.9132796542327325,11.793541307755222,0.5826365156482626,0.0
1244,447.1103131207042,0.13804471663366225,0.0,90.84373848321691,155729.4633680569,32.59629505934473,1554.2006376649683,0.9153961543247252,11.803974336218252,0.581776632949871,0.0
1245,447.57471711033213,0.1321986172640247,0.0,89.98708688467097,155832.91568403118,32.5823796937207,1553.6402670112993,0.9134242998706219,11.934325323445343,0.5819803259381887,0.15046782014763238
1246,455.73466910197345,0.12380312253249937,0.0,89.10139475599323,155935.52084707157,32.647650609058964,1553.080165953067,0.9157680518495851,11.96042818968699,0.5814357980928656,0.1465151961550859
1247,454.8084478900481,0.11911676552513573,0.0,87.4784453045274,156036.60803933968,32.53792368148734,1552.5205611382728,0.9207020407093145,11.731776374829803,0.5826061016239757,0.36998241008596366
1248,454.5173606785588,0.12005033433897938,0.0,88.763371157822,156139.0362890845,32.46702315842413,1499.2035232736578,0.9176006007817268,11.40583442682963,0.5612587552458017,0.4785862638815175
1249,454.3173519115082,0.11564325603507164,0.0,89.4178698181322,156242.0785862792,32.45350429203801,1498.6455193743498,0.9138847404201068,11.110851423741977,0.5732010360710865,0.0
1250,459.24353397245477,0.10804426238511411,0.0,87.06031420821334,156342.78040514284,32.41126607283588,1498.0875022654525,0.927551435834767,11.368414941966606,0.5744333766853756,0.5758995910844042
1251,454.4780239044706,0.11179880649814822,0.0,87.95237824396327,156444.4688726396,32.35419880930146,1497.5761590536101,0.91569552998847,11.421305234402887,0.5744459493618267,0.5613322049312011
1252,456.29094988549895,0.10743033377323907,0.0,85.98849800129715,156544.15043839347,32.25537788184573,1497.0652872142332,0.9299741865242248,11.258560738590914,0.5398499965348471,0.0
1253,455.9912695893864,0.10349115823220534,0.0,87.06589638027785,156644.87398784613,32.37135389938686,1496.5309985471383,0.9186864458782965,11.283076594775759,0.5390755226596928,0.0
1254,458.97464268374364,0.09618386719551764,0.0,85.0181983218082,156743.55014267738,32.23089820647006,1495.9767532814244,0.9174433730489737,11.333076919318376,0.5420439138408535,0.14054316394728872
1255,456.09189712779965,0.10118877200390086,0.0,86.07449888058565,156843.36351156046,32.22633121399106,1495.4234592919395,0.925177430081427,11.33458661323877,0.5428833424478455,0.0
1256,456.0171095477872,0.09891745391554585,0.0,83.77512048211356,156940.8228151517,32.149201324496026,1494.8709246581584,0.9305882086285879,11.380770717634618,0.5417263450233889,0.0
1257,456.47303979944036,0.09366377276592108,0.0,85.27957315062706,157039.79699290846,32.23068099040127,1494.318996141633,0.9197093082043748,11.398427945648697,0.5416394258740577,0.13187334202036638
1258,458.125393484068,0.08942092774227828,0.0,85.18836640305791,157138.71337592087,32.302114210979575,1493.7675460482142,0.9290901916644393,11.424138800221558,0.5414783191954229,0.0
1259,463.1491060573402,0.08443774423307904,0.0,84.01620257467745,157236.4970934297,32.19336867346619,1493.216195329736,0.9248105845893031,11.434617984896553,0.5409891846111471,0.0
1260,457.8787099606694,0.08791826730452079,0.0,82.27304730628336,157332.56759139165,32.13983111521348,1492.6656396691044,0.9279203383107951,11.459144679386986,0.5424265542865377,0.1308373307612598
1261,465.1685317407747,0.08009016454621898,0.0,83.12323124580855,157429.4522071459,32.193360555956865,1492.1158441295377,0.9195586153064667,11.473519150080508,0.5414992685713732,0.0
1262,470.68581254648944,0.07052409980954744,0.0,82.0325061575202,157525.32960948994,32.18326666548042,1491.5665756854328,0.9196245596323794,11.52120343158682,0.5396510020110212,0.0
1263,468.97886533504555,0.07262465097162474,0.0,82.52586377225605,157621.79983913468,32.21879717308799,1491.0180413379148,0.9298887756545015,11.552180493588224,0.5433177366779084,0.0
1264,469.1782170445791,0.0707510945678943,0.0,82.52395217804516,157718.25117345338,32.233351567146904,1490.4698287217705,0.9221829423087339,11.571984690236762,0.5441802405111285,0.0
1265,468.0570248562883,0.0699715340266468,0.0,82.12414501867364,157814.31029077485,32.2466019225716,1489.9223710483254,0.9522046957154814,11.593549063894798,0.5447277422527852,0.12624293081024263
1266,470.4984900735028,0.08375332435297955,0.0,86.21632124820343,157915.01136433132,32.201381018527826,1489.3751001484466,0.9272890043324882,11.267321094275593,0.5596789872746362,0.0
1267,466.0243723981457,0.084501484561044,0.0,85.36230905704026,158014.8082042959,32.2908332547341,1488.8293515249343,0.9398604549352025,11.616455864425436,0.5557043397929387,0.0
1268,464.29590240160604,0.09144247546775675,0.0,86.64588531803498,158115.81435791828,32.323446470119656,1488.2827265008289,0.9594699609099595,11.310578863945617,0.558578646553819,0.12049625657143537
1269,457.3342203254666,0.098686466400429,0.0,87.22628770828908,158217.35211013287,32.32655697130025,1487.73715102227,0.9431477798226134,11.297342157051167,0.5551549085282241,0.12309292423496387
1270,457.02822203067376,0.09982767776085566,0.0,89.11558136497145,158320.68076993362,32.37113497882188,1487.191659556571,0.9481198964730225,11.628052524582285,0.5555808679435916,0.12158235635334336
1271,452.6230529741048,0.10829729627253204,0.0,90.01348760630081,158424.90135400934,32.36703724090994,1486.646806648462,0.9451406697847005,11.637545604948668,0.5560232364886417,0.0
1272,453.0492000880388,0.10896698398461524,0.0,88.94648681911157,158527.9604740811,32.58675169804987,1486.1026883555048,0.9315274606400307,11.320078750863841,0.5550658876533756,0.12079039098209066
1273,459.70634478376735,0.09436502648122302,0.0,89.6887649144669,158631.7547884767,32.46976561291396,1485.558741240697,0.9400593530925783,11.658082276351221,0.5823560030327749,0.11861396946994418
1274,461.2558315130809,0.09240479659315504,0.0,88.7634921557547,158734.7616679386,32.46502052677527,1485.0155149840673,0.9483770690011448,11.670097069145207,0.58380292181009,0.0
1275,460.576095860524,0.09290608255151056,0.0,87.41509432967942,158836.4576273314,32.50682634783944,1484.473040100468,0.9458934648547166,11.692308934803675,0.5858373728002612,0.11788388467847355
1276,463.96895943805015,0.09164497141352934,0.0,86.78311322944116,158937.493698738,32.501343697548165,1483.930501933311,0.945708360048613,11.700855660031948,0.5776124485406653,0.0
1277,459.51466052574455,0.10440450588402539,0.0,88.36223288015914,159040.14463681853,32.41357658863773,1483.3885067707447,0.9467460761115098,11.703641360273204,0.5139863663073551,0.0
1278,462.6937781435411,0.09905248493498531,0.0,88.32200343736436,159142.59739994575,32.39554292301337,1482.8480742852237,0.9464139242927933,11.719466180523304,0.5358790571882258,0.0
1279,463.5170005116188,0.09583909223624854,0.0,87.75475186882181,159244.5428608392,32.25816393603929,1482.3075530760575,0.9452882284738736,11.677842280250006,0.5475231050710708,0.0
1280,470.06742618357816,0.07675423668334691,0.0,85.29041587594266,159344.04724976746,32.273619227375164,1481.8238985736941,0.9440753340345818,11.758624061995745,0.5287382352963197,0.0
1281,464.2736406907457,0.08677264685183939,0.0,86.05749782789546,159444.51930092942,32.2755258915505,1481.509154903594,0.948942424387735,11.782356910221361,0.5290020984321836,0.11932858839035276
1282,468.8104278309064,0.08150089821823003,0.0,87.66211581816502,159546.48804686562,32.29684221559607,1480.9729699175741,0.9438331242926501,11.806929378294337,0.5299443856057001,0.11248863856302904
1283,469.8079648071422,0.07931992572877833,0.0,85.00189248529554,159645.8313125081,32.32394678163806,1480.4373062737448,0.9439456929376363,11.838534949068944,0.5335522575192171,0.11493212533496333
1284,469.18296462400673,0.08027229217530518,0.0,84.69146302970202,159744.86005261025,32.31560628326352,1479.9029789686997,0.9463638934849968,11.858507512343735,0.5330092857762005,0.10906049189705769
1285,471.35885408500576,0.07784248318374853,0.0,85.45053726752886,159844.6355828419,32.323979709903426,1479.807344645723,0.9402763756965241,11.865172173948812,0.5336606455796699,0.11216389443282182
1286,470.69858160246184,0.0767687574729441,0.0,84.86725803712551,159943.85178436735,32.30084442692615,1479.812472591186,0.9463025471601672,11.88848402869179,0.5312749431064625,0.10930306906202247
1287,468.95714779328296,0.07611504523013157,0.0,83.20773640324688,160041.4680519282,32.20812606946505,1479.2837767338508,0.9532921957652273,11.896728356925518,0.5296135345631477,0.10915170478392966
1288,469.64936442656153,0.0776188415156549,0.0,85.98759057173407,160141.85563484475,32.286657780666324,1478.756033864905,0.9446511197142413,11.894842507060478,0.5296250683953673,0.11583215246188772
1289,470.10156367529925,0.07698237882849979,0.0,89.59634763235361,160245.81377583783,32.307423777661384,1478.2284454308283,0.9903792805602104,11.920618251262285,0.5296366542201195,0.10459175251375541
1290,471.0737063689188,0.07687058121733403,1.4318089230801315e-07,86.98447208910443,160347.8721994609,32.27417255810311,1477.7005157353374,0.9677662683063114,11.575875486547329,0.5430418934000476,0.1071297332080654
1291,468.96368554116873,0.07816550904673836,2.8664486495150117e-07,89.94759975485678,160452.8980129683,32.171031368425204,1477.1734817996498,0.9890392705801078,11.912870587289804,0.5436241268354765,0.11008209202296015
1292,473.9008887948129,0.0760079516987443,4.824870651956077e-07,86.93247911945404,160554.9567897777,32.29159929057097,1476.647496511539,0.9721361282016154,11.585473315396516,0.5436362505556929,0.0
1293,474.586538403043,0.07780741366454236,6.998508896373132e-07,88.85462267342551,160658.9372268569,32.277507324140764,1476.1216971837036,0.9726064484481846,11.587509779231537,0.5436483647968519,0.0
1294,479.331842663364,0.070060681281087,8.964699865659678e-07,87.90316116240535,160761.9389924353,32.07751686102308,1475.5964107995678,0.9657166465755238,11.592462241294825,0.5436605313725326,0.11132988006093214
1295,476.108108778059,0.07845347675844327,1.174073422112277e-06,89.3165645432922,160866.4005326625,32.271384336168,1475.0719375637182,0.9669414070480566,11.609848887585082,0.543672558172265,0.10359554604084309
1296,477.4255138299195,0.07288224656886955,1.3603210373824442e-06,86.40544863745377,160967.83437627796,32.1515011411518,1474.5469329988289,0.9872783731996309,11.954636669279884,0.5436846723933583,0.10521845625035553
1297,474.7986307204531,0.07974896920754981,1.6059867951154282e-06,90.9810393464115,161073.88118300232,32.19938968100152,1474.0208031747625,0.9593847116234508,11.638213246019578,0.5436965751114339,0.10356311673664464
1298,475.47956353442504,0.07722805485477391,1.7767738167419741e-06,89.88619124667787,161178.7551114433,32.15965905397128,1473.4948071434405,0.973538015882149,11.985091148388435,0.5508203770220582,0.0
1299,472.5930281690849,0.08617401176553963,1.9731355427657785e-06,90.7354679545111,161284.48014359263,32.2067532218801,1472.9689117853088,0.9715351941572887,11.667223429521847,0.5499109431322954,0.10134263088835382
1300,477.1836770190674,0.07986983309899987,2.0728699998909548e-06,87.14100274129581,161386.50094794016,32.254024734614134,1472.4439124586759,0.9739988195812669,11.663532079055951,0.556842430468516,0.0
1301,473.3668865373939,0.08739970725578083,2.238972902786332e-06,90.26524767720751,161491.69659067606,32.24859765021256,1471.9189540098605,0.9658445719946832,11.658790646892948,0.5569290251826143,0.0
1302,477.5679719458997,0.07515443486253426,2.3237454342873328e-06,88.19836153003794,161594.7394086265,32.17183014620886,1471.3947068032942,0.9823904754580097,12.002144255977313,0.6034294185933806,0.0
1303,476.8220211950278,0.07747775968389581,2.538213169752612e-06,72.85105186017728,161682.54666287743,32.10982154424329,1470.870825767801,0.9002925978906204,11.675506570909047,0.6031668020913543,0.0
1304,481.1710383563263,0.06620286815235632,2.5259398813514547e-06,87.3295021368368,161784.70339799815,32.145856060898076,1470.3480667789752,0.961620719882347,12.023496608142603,0.6115761391219195,0.0
1305,481.5540532081308,0.06342255397642971,2.5381186241309383e-06,84.36772922391573,161883.99315036822,32.21120214137565,1470.021496709453,0.9712077132653056,12.040940332990306,0.6188224001021523,0.0
1306,483.1077661477799,0.06431976630246072,2.580399427931425e-06,84.42229367869855,161983.36415485266,32.20549342616702,1469.736290281698,0.9567932706476935,11.717595953040776,0.5984542319452979,0.0
1307,479.6568186698174,0.06867000801156453,2.613423472162713e-06,85.51445470057104,162083.79441602633,32.20318299323105,1469.4355748018677,0.971774446083306,11.708094511936325,0.6017409500730972,0.0
1308,481.34139019107977,0.06693161810129311,2.6437715133465236e-06,86.77583217732685,162185.4962966559,32.202357547081334,1469.1380641064843,0.9573687568802544,11.694228143653438,0.6002559846811532,0.0
1309,479.04596006120573,0.06470509404579605,2.6929117940674762e-06,90.22893030603976,162290.6594347462,32.24241653288938,1468.8531017509397,0.9701863155522096,11.932793284422779,0.5965010915521476,0.0
1310,474.33657970297844,0.07450867583475307,2.76589424041988e-06,87.56821932606967,162393.1303946895,32.12579097437709,1468.5819824450095,0.9495549636531926,11.624934997809444,0.5965528115768969,0.0
1311,473.1786564263066,0.07753580792509907,2.7345363274698966e-06,88.59917141503014,162496.62177204032,32.11793456885808,1468.2787038587958,0.9749058222389549,11.968898698514963,0.5968326139984046,0.0
1312,473.12002156827486,0.07481982875792992,2.6717314703481494e-06,77.39680466048749,162588.87353227093,32.16023119598038,1467.9944890320287,0.9219086389810397,11.731369208014659,0.6365487571271445,0.0
1313,470.7577072088483,0.07000531037577062,2.4583574969117844e-06,87.78229646979425,162691.44687625658,32.150183027515894,1467.528349191887,0.962536070662343,12.066260861474861,0.6361520507970903,0.0
1314,470.60807659799065,0.07256429120354513,2.298695962348638e-06,85.95770198435271,162792.22657577053,32.19752792972259,1467.0128372972683,0.9721450209649006,11.736740296010199,0.6364780173050085,0.0
1315,476.3890666140729,0.07180716222714467,2.2728292819937038e-06,87.76782577990052,162895.34124969385,32.177323836060545,1466.4976347899383,0.9644442136014418,11.716361686553107,0.627256661921135,0.0
1316,470.7316621289941,0.07945675292758081,2.2557740825303755e-06,92.39725971310592,163003.07493778522,32.16741852869869,1477.060549319644,0.9576751677015202,11.713272995666243,0.6217072505234336,0.0
1317,473.10069433933785,0.07640151433684195,2.2122855714124507e-06,89.34703909519745,163107.68145506445,32.05380893593033,1494.3948620301599,0.9857258939492739,12.05568868807084,0.6206406699013582,0.0
1318,462.3519348244195,0.11117496968255236,2.202239430260939e-06,92.50858785610043,163215.49200359505,32.17537924516675,1498.0808505997911,0.9632342460274538,11.278935944903893,0.6300692013531272,0.4439061745659565
1319,457.5302523664609,0.12306301709791123,1.8227327321545211e-06,97.30371514780349,163327.5695581396,32.32191831236721,1497.5861542160048,0.9705957795692338,11.260473428680983,0.6180084735373186,0.0
1320,463.6294143313539,0.11186960594266737,1.3200732576562195e-06,93.54887193277439,163435.489095651,32.31110801600539,1497.088620165609,0.9649471449537432,11.266904034406029,0.62138845967317,0.0
1321,468.29287431627847,0.10619973492362644,9.407828286431434e-07,93.79807014144923,163543.74715607878,32.24237777947389,1496.5915854355515,0.9673015528930541,11.278088322909312,0.6206991460513418,0.0
1322,466.6400629060552,0.10454345408858023,6.251525165367099e-07,93.8463344194174,163652.07865544542,32.163505416667704,1496.0949298575913,0.9622400722944134,11.288306268234551,0.6205585619207011,0.0
1323,468.74166270578246,0.10317385450065542,3.299930497349176e-07,91.65987187932588,163758.207778257,32.284584844749,1495.599408175001,0.9645537646942335,11.300557583013783,0.620932054206294,0.0
1324,473.8192038635452,0.09987650450796148,5.209770781306914e-08,93.01887132419716,163865.70326146606,32.16957268059971,1495.0459269114888,0.9640117931219929,11.30254401309348,0.6202478622555173,0.0
1325,481.9229214675264,0.08691586559614517,0.0,92.27612329583573,163972.50083421505,32.43123555087939,1494.6092812356371,0.9619792210073743,11.295679833425378,0.6187784903152571,0.41677040285723876
1326,476.77258462716753,0.09012899072381741,0.0,94.12083983486059,164081.27672077387,32.40282955927357,1494.1141657913488,0.954625917980204,11.324257208716167,0.6179389326368419,0.0
1327,469.9807994515727,0.09495283939206878,0.0,87.60980192366445,164183.48835602813,32.13774431466699,1493.5627070288162,0.9535150104781341,11.608734075902051,0.6143754440377674,0.0
1328,465.77028234751845,0.10595092508071002,0.0,89.16620998586606,164286.99258130626,32.428452926308545,1493.1309393059087,0.952063365853023,11.753528647994782,0.5790233886483398,0.0
1329,462.5701893942233,0.10657777353485809,0.0,90.90463357249138,164392.1088433655,32.35081278139055,1503.8732776164607,0.9597048156311352,12.002030785223136,0.5704653670022634,0.03677288632742304
1330,473.348976274585,0.08588820685955878,0.0,85.91640679759475,164492.2246835103,32.34653906958062,1516.4270655095042,0.9615380808258981,11.703139665571758,0.6143759906356808,0.0
1331,473.50744937218934,0.09199954378074049,0.0,87.86321774235753,164594.61301066438,32.29788360751935,1517.7067677790988,0.9471091925236416,11.605721600679018,0.6123491453091174,0.0
1332,471.9458222109311,0.0887481444196403,0.0,88.72914077551846,164697.82596729184,32.295083225461525,1518.9457563875158,0.9636436046418355,11.959363633233124,0.5970324675663901,0.0572191523000285
1333,475.68375358635706,0.08535070830858593,0.0,87.22079766982513,164799.57213429498,32.303647956653286,1520.033594331587,0.9577013082003037,11.749752544385277,0.5958558110750379,0.37475289074969353
1334,471.2398020495593,0.09161085543305136,0.0,88.96461775761956,164903.15642649692,32.30087230216016,1521.4125068824712,0.9515283241102656,11.638388063364765,0.5954615248648134,0.3816412633031163
1335,474.0678528051592,0.08544641236028494,0.0,87.97167083421505,165005.70542199787,32.229536902856076,1522.5808305410371,0.9713712737849429,11.969493442182952,0.6147915188037476,0.3790252809112431
1336,474.8363798899899,0.08799873078583409,0.0,88.6900217898035,165109.0367281252,32.40463489569906,1523.779408259592,0.9578971148705705,11.597502485700264,0.6000237687816371,0.0
1337,474.63680042875933,0.08349728197059825,0.0,92.42575881521863,165216.13046201575,32.20555222001469,1524.7300853610568,0.9678835262972613,11.928635415679384,0.608935703137202,0.0
1338,471.1288950857243,0.09551020571131208,0.0,88.28149717371876,165319.09728488955,32.32842362287248,1525.768917770585,0.9323606256599607,11.611967966768239,0.6069333061279522,0.0
1339,474.5085405366373,0.09266734998452342,0.0,86.05260726179625,165419.66870414908,32.196138970387686,1526.525693380939,0.9400506378190949,11.951736151739716,0.5951138868897622,0.0
1340,475.4335983159096,0.09017864282485133,0.0,88.12210675450066,165522.32724922596,31.88604625847615,1527.451365960307,0.9361118829643443,12.066474305679167,0.5933199360373825,0.10072507133350328
1341,471.04847578033093,0.09511431809776094,0.0,90.87690722573808,165627.7736038622,31.929614178064575,1528.1009090156301,0.9361839291438596,12.006511038811185,0.5935337052750316,0.0
1342,468.1562279503684,0.10016003906048532,0.0,93.47217381572409,165735.78574395407,31.8435651770255,1528.8009809439168,0.9376793594936529,12.110222147239314,0.5924256734566237,0.0
1343,471.576889498231,0.09301303464597033,0.0,91.39268140489523,165841.65440478115,31.788106468942743,1529.5866506567145,0.9581091551073798,12.097146994896175,0.5936117813647502,0.03853433974883558
1344,471.9199062272471,0.0920216227265428,0.0,89.89088508402385,165946.2637404765,31.787385712179862,1530.1276516407943,0.9573088505998909,12.069337798270489,0.591565742537006,0.0
1345,475.67639924020796,0.0840888560809605,0.0,85.93105073364354,166046.92290005792,31.812338315815758,1529.645908501594,0.9501060277428569,11.750526258900322,0.593350720215851,0.0
1346,478.1470798029132,0.082254230328347,0.0,89.38018328890635,166151.08722275653,31.93138952385945,1529.163346798575,0.9652284921060222,12.073634851639696,0.593588200715613,0.0
1347,478.2055378550859,0.08221220274063201,0.0,86.06077071997598,166251.9419314135,31.82907886036958,1528.6836069908434,0.9456017580538782,11.738387991107656,0.5871980284422815,0.3954429882103767
1348,477.7898374380943,0.08402296615021254,0.0,87.39407134126184,166354.05744664877,31.792712916759466,1528.1453324075324,0.9561748419251316,12.0668815471857,0.5872106879944761,0.0
1349,476.03355362589906,0.0789867958490783,0.0,86.93826488039232,166455.6876368919,31.985394109213697,1527.6701229819935,0.942261128784022,11.29771409979334,0.6129476087674213,0.34807295457609655
1350,484.6143732032852,0.06882860851413608,0.0,88.0358741084267,166558.4346939614,31.95684112284678,1527.2500862544612,0.9513125354994822,11.629736932304922,0.6180010133212706,0.3395284626202617
1351,486.2787249093315,0.0618871374775013,0.0,86.55992871954508,166659.9710245194,31.90244002302984,1526.772274539747,0.9564840461508255,12.114815977038234,0.616227427834249,0.0
1352,484.7619670041933,0.05740235902455393,0.0,87.48846772148036,166762.4797203376,31.88584120164526,1526.2379487503545,0.9538208342228592,11.582926437093437,0.6141391692799117,0.0
1353,484.1699124033781,0.0666311378806117,0.0,85.08104116199607,166862.5987184852,31.824990438977835,1525.7622571208642,0.9506583528523108,11.324017981273354,0.6138952581831202,0.3268631250505578
1354,484.8909433216143,0.06626330334554964,0.0,78.60507375044094,166956.17361023257,31.938814254389992,1525.3429102634389,0.914333231053298,11.652047703531814,0.6134250760630375,0.32808661299753084
1355,484.8828570436271,0.06750915235109123,0.0,86.162776538071,167057.27479767665,31.84520488709204,1524.810095610311,0.965486640148515,12.045197324444837,0.6112057303068564,0.0
1356,484.4866457960135,0.07611482033567363,0.0,83.16796022334776,167155.3679987531,31.94536650032513,1524.392949246516,0.9336014431729477,11.420383200322732,0.6110231195285619,0.3228738811159495
1357,480.1243240962448,0.07135660188377424,0.0,84.89504346962755,167255.1523231143,31.41163051266289,1523.8690252135505,0.9604318128468706,11.96646960379542,0.6101136009456918,0.0
1358,478.46804595445263,0.06579026316095471,0.0,83.35409988495874,167353.43283044404,31.45880901838411,1523.2884007882692,0.9692925238114942,12.169197071975349,0.6097898743113644,0.0
1359,481.90985944916457,0.06876054694045897,0.0,85.78173040239619,167454.16040249958,31.589576506365596,1522.8223566518993,0.9434177719108785,11.495784197760548,0.6098172840840159,0.318170315643556
1360,471.4629706179621,0.08049306084267582,0.0,85.03487419282561,167554.24904362226,31.46231398672884,1522.2407016825268,0.9775779993861069,12.037897385179908,0.6095876155198496,0.0
1361,472.17342846814216,0.0810812036181906,0.0,87.39914864693213,167656.72223611377,31.54263496688021,1521.717729524722,0.9609819392376662,11.518980794961527,0.6134174269126791,0.3134324033954208
1362,464.71947213824,0.09339083625273414,0.0,87.72568141965999,167759.51001710363,31.491475026524483,1521.2535767989052,0.954573543171691,11.47950264818615,0.6015910348922432,0.0
1363,462.4765063402235,0.0994403552410622,0.0,89.6063012176296,167864.06288483794,31.539267850394502,1520.7640957149129,0.9563760795236839,11.486361226592242,0.6127449732672824,0.0
1364,458.0437065427132,0.10518048491412635,0.0,89.94062318787395,167968.85037948747,31.511950526062215,1520.251957245892,0.9615133411398189,11.498182022755849,0.6118298410544588,0.0
1365,454.0563700037989,0.1103612292057623,0.0,92.11386122275833,168075.68859786727,31.564964379623802,1519.7337796957547,0.9394632252772919,11.445828919493554,0.6125308198106925,0.0
1366,455.3511230690423,0.10473700638128025,0.0,90.30126079888586,168180.60834041372,31.465585877615492,1519.2473379972375,0.9560340890766386,12.061355638625962,0.6115751775103165,0.0
1367,461.53100307676107,0.10005239074457195,0.0,90.85096510707098,168286.1254427584,31.770843991818012,1518.8192117842116,0.9605448105234118,11.475363457848573,0.6089069022201462,0.0
1368,460.4686518581318,0.1036863720274469,0.0,91.16484492538709,168392.05143248665,31.6217976250212,1518.332717038764,0.9487218841935001,11.647847665682557,0.608165039181439,0.0
1369,461.48488724462345,0.09927296948978259,0.0,91.97397769509672,168498.74433485972,31.5139122629478,1517.8471705481907,0.9538346701224274,11.469281245127156,0.6078017009708445,0.0
1370,457.1582370336653,0.1006976514520922,0.0,88.16027525641198,168601.6424150248,31.392490027253892,1517.3048144396482,0.9729435059551984,12.272084590643104,0.6093215437306447,0.0
1371,466.0640059387751,0.08915741487091466,0.0,88.78601165294242,168705.2054500539,31.672028776272846,1516.8788470344768,0.9625999829420807,11.528391138551722,0.6190207495639205,0.290842282199133
1372,471.10754788911703,0.07725902764568626,0.0,86.78168544387829,168806.87564601956,31.476279538729756,1516.337199482406,0.9672309167795328,12.077126128260968,0.6071872404893011,0.0
1373,471.8220757582065,0.07604622828369301,0.0,88.94490829710563,168910.91306231677,31.742878233453347,1515.8557093744523,0.9499570577078817,11.50141440969199,0.6057842087394211,0.29103615992965004
1374,473.77646885975145,0.07178497540817153,0.0,83.6397489139662,169009.653455577,31.403146781204875,1515.3778806655182,0.977069448954464,12.331409326007742,0.604797974777178,0.28873961963266126
1375,478.66442977918416,0.057540055115783084,0.0,85.44564018805066,169110.2640956329,31.62541355200138,1514.9590224171518,0.9536251978843243,11.548543338129624,0.6042239211079543,0.27597552959173655
1376,477.1363011283121,0.056786670442446674,0.0,81.50910294024244,169207.0335495601,31.414929577894064,1514.424862802287,0.976385034012384,12.092708715731291,0.6045001737033544,0.0
1377,475.2697639154475,0.06067937037956228,0.0,86.28576305844217,169308.58139433444,31.672879892363635,1514.0071554046353,0.9604177958710443,11.524981012361339,0.6034863815194315,0.27934098703593335
1378,476.382694694944,0.059567834787800256,0.0,86.01959301570925,169409.81693698463,31.690510890872236,1513.530883372722,0.9471552852220514,11.456920708310397,0.6024865543315109,0.0
1379,472.86704601290495,0.06715764002078639,0.0,87.30576633574935,169512.35523155692,31.68719164648847,1512.998225755457,0.9603032173977128,11.518546345550073,0.6006062515906828,0.0
1380,472.7392522981567,0.06733483389417882,0.0,84.80832095188794,169612.29445155268,31.382996641064256,1512.5237125175142,0.9622569912967159,12.588036278849776,0.5986223231271856,0.02010044686692325
1381,476.1297335237939,0.07045358281050462,0.0,86.67712893326845,169714.09196500387,31.498768997945238,1512.1087062421484,0.9619221053538621,12.32587161707271,0.5280657064926224,0.0
1382,477.36197627510165,0.07395617577892055,0.0,86.77907944591846,169815.9697219664,31.419171762495242,1511.5715064690114,0.957541526552338,12.50011748682344,0.5270678283672571,0.0
1383,478.6933015260957,0.07122231186921324,0.0,85.9606665694482,169916.95463902247,31.51259945092908,1511.1409401188498,0.9507920463332546,12.68497856035451,0.5271147886466859,0.0
1384,479.3116745610328,0.07001247622577245,0.0,84.20765830647642,170016.22253017343,31.504754248187606,1510.7243911040232,0.956279405082061,12.299102688318474,0.5247558620242494,0.8375884695949836
1385,475.8801072701956,0.07566758569308074,0.0,87.10765408326431,170118.39905965704,31.687663061962553,1510.191510320693,0.9566644033802538,11.694247792545719,0.5242564440911716,0.7924973693716986
1386,475.07309882712093,0.07393419513428079,0.0,86.86888078383504,170220.2832499105,31.65059601384377,1509.7167875444022,0.9531152254109512,11.676246391786444,0.5390168418403966,1.0312608929965563
1387,478.22348585161785,0.07339877859344879,0.0,86.50485066807437,170321.87319499807,31.668090785600615,1509.3004082650534,0.9565242107679625,11.769141036100933,0.5387520643394255,0.9740875045156194
1388,473.72009130119903,0.08099876911171344,0.0,87.15894595583433,170424.1299192133,31.60441951209637,1508.826711270493,0.9500137591340349,11.7327473279027,0.520508670601669,0.6944832183637821
1389,474.4899226785108,0.06856460589759217,0.0,86.89736351026161,170525.99249165328,31.599836165773937,1508.3534479926675,0.967420523782267,11.782819093768005,0.5388422565449106,0.6294788777535203
1390,479.51631834747684,0.06647375535092481,0.0,86.73662443165396,170627.99642358304,31.70179222077569,1507.8806084972973,0.9614527989480565,11.634593964242484,0.5374885060738079,0.6783382340290771
1391,477.77310076732203,0.06989476617248469,0.0,86.9842007146373,170730.26340820373,31.700522602318593,1507.4098898791935,0.9617866909373434,11.679669696177148,0.5365275810021242,0.6603758056125386
1392,479.1838495059964,0.06654316139153016,0.0,87.52040127823521,170833.02339160742,31.686922847897865,1506.9402395626078,0.9635365954183237,11.638011474006055,0.5374400861489964,0.6023106769616575
1393,485.04770308366835,0.06152573199220024,1.6438649230308801e-07,86.81830028841185,170935.09579084042,31.749368508887617,1506.4710896347544,0.9635666416113977,11.657274215914093,0.5779537671550371,0.5478642727280238
1394,484.3919269208179,0.06486701099512748,2.675470154049937e-07,86.1844455172677,171036.63710676815,31.68987546579012,1506.0018687012578,0.9626857263810068,11.661417152234376,0.5934560113244385,0.5189868089727767
1395,488.31613490011114,0.060519337482700886,3.481152882956999e-07,86.42180453311016,171138.3878216406,31.81372804112938,1505.5335826905407,0.9564199601307366,11.64857641640035,0.59352340428973,0.49999218645990595
1396,491.6379410426256,0.05991883563642142,4.4128254030262364e-07,87.2047579770346,171241.01770312083,31.788607317806147,1505.0652750830711,0.9630193081998734,11.662781949247272,0.5923775826347457,0.5136109128353432
1397,491.3314130769207,0.06242697375355788,5.409958966933824e-07,84.83595375709552,171341.3098948063,31.706958941851056,1504.596902484579,0.973926108624995,11.68847256912334,0.5912078294370524,0.4532254612849691
1398,492.06240401974236,0.06526686642385116,7.3493037167571e-07,86.18429543899771,171442.91394103755,31.69338947252472,1504.1293823720218,0.9644435439414797,11.619067278042724,0.5889804730556119,0.47915189432142924
1399,494.57991883288634,0.06688396162671795,7.764866589512433e-07,85.86090771230644,171544.15329025942,31.651510252311148,1503.6627516373464,0.958403650709821,11.337258791519519,0.5887821062237506,0.0
1400,498.81931134681037,0.05915096115925478,8.012563598495332e-07,86.23481237775881,171645.7440433509,31.663937327860634,1503.196404999178,0.9597841308613895,11.36816377622063,0.5888574093386532,0.6319114801833159
1401,494.7117273183726,0.06996398167596307,8.910171039691329e-07,87.81635582564905,171748.96114677214,31.719919283381227,1502.7302784000856,0.9579644449736382,11.241779477425538,0.586263635167817,0.7383729267225441
1402,497.09158175211445,0.06758824950588627,8.837077439493046e-07,87.39690900775882,171851.63293116033,31.891341463654022,1502.2646879416145,0.9548316028532156,10.96324966948892,0.5888633670580159,1.0143460197318035
1403,494.43733504550096,0.08126466993497805,7.974886809137257e-07,88.12423222611885,171955.01672386692,31.814250939415032,1501.799614863419,0.9701750916334534,10.964768514152416,0.5896758316498881,1.0184805913231187
1404,483.6040206784958,0.10550969025732104,6.018610198773331e-07,91.43687480565076,172061.6349744239,31.910896212722196,1501.3349007950444,0.9584793646084618,10.937500503811313,0.5877662593206767,1.0491107291923392
1405,491.7335075545225,0.08840242759110084,1.5071673391688995e-07,88.85982541955745,172165.4610061604,31.885947571232837,1500.870021797265,0.9628592263647379,11.158090868533577,0.586114269641783,1.072785665632729
1406,476.577461345442,0.11679600245661015,0.0,92.30138501932637,172272.89235000126,31.831605368754072,1500.4062758084046,0.9737942685383163,10.947604488491217,0.5839725541188189,1.058475975496723
1407,480.09372735002273,0.11485053387454636,0.0,92.19139706006905,172379.8997964948,32.05992723922577,1499.9434493333583,0.9558553734709909,10.9853186098757,0.5812403255240288,1.0435506003776425
1408,479.4678926749822,0.10804206829379548,0.0,90.06414129307174,172484.7794542775,31.76853236356568,1499.4805310381175,0.9640560226029324,10.966251449895507,0.5791978987726344,1.071345696912207
1409,476.54777004055535,0.11486214978061493,0.0,91.90863616413438,172591.53267222934,31.625710288881656,1499.018859306305,0.9472251758211956,10.812268986751324,0.5817417682894224,0.6309973918148089
1410,477.56342916772115,0.11354024538318441,0.0,-482.0793505393867,172124.07870598868,31.805796783491303,1836.8737194149219,0.9543370502183268,11.053519555850794,0.5837770632841918,0.6403680372664979
1411,472.8736363923441,0.120364346201003,0.0,92.68895609191839,172231.4521021501,31.717098124267725,1836.2367890819564,0.9606035304915925,10.833099379463189,0.5849577533693022,0.0
1412,476.8098825009138,0.10552626723507164,0.0,90.47767128371132,172336.49050718578,31.599628241560236,1835.6007811298969,0.9482723441032846,11.095248606670888,0.5565944401694527,0.0489386785865733
1413,481.697978781357,0.09226159366623699,0.0,89.7316042643296,172440.86060472342,31.477895190852706,1838.2776232695533,0.9590008740736419,11.153888039600462,0.5607584549823468,0.0
1414,475.38196238093695,0.11062833989579768,0.0,88.56981029109896,172544.1991443651,31.324522851076107,1841.7493349100369,0.9641948416744516,11.179482901243052,0.5612164465402459,0.0
1415,470.86143149761523,0.11367740973493579,0.0,90.5662458469513,172649.3695395283,31.49545150105699,1843.1177168664371,0.96973294108814,11.223350314634565,0.5647280188137718,0.5568302805862437
1416,473.1638895006444,0.11642022763461046,0.0,92.95334547220637,172756.87269108352,31.68789706070149,1842.927557812062,0.9587610401643418,10.993874969566976,0.5903138396598478,0.0
1417,477.31956686958097,0.10876540752192387,0.0,88.939788628103,172860.35844086847,31.676347220958526,1829.9957524785061,0.963512840718488,10.964153518170564,0.6159474143913831,0.0
1418,478.0372090827694,0.1088633518095311,0.0,91.43656311534455,172966.4152076625,31.869003597535606,1829.8804958286576,0.9535332656823557,11.184438256329868,0.6168600460590372,0.0
1419,478.7123135240379,0.10521445422506792,0.0,90.03626745149396,173070.96382755344,31.57294424047866,1829.792514553691,0.9515224535027065,11.176977103347504,0.6202168654255943,0.0
1420,479.3858338003068,0.10043570714637962,0.0,88.59571090126002,173174.11649225448,31.542669195609257,1829.6372619374756,0.9655667945926619,11.213416599639922,0.6241273196079332,0.0
1421,480.26221092736284,0.09229065644151868,0.0,88.53027056977908,173277.24410994316,31.569087267888953,1829.4741344721776,0.9642322018657283,11.273953237542955,0.6063077967230648,0.5161158364842251
1422,478.8082279474793,0.09013985664172686,0.0,88.95962701867415,173380.84140393126,31.5109693055238,1829.3030181631113,0.9572973195526657,11.286583178826003,0.6080090730829836,0.5224890717978035
1423,479.62901210486405,0.08335958979527724,0.0,86.99558904843349,173482.7101068796,31.592059235982866,1829.614143957087,0.9643361826946583,11.275776547842069,0.6256113103589421,0.0
1424,480.5431594306943,0.07883840946068377,0.0,86.5378393929225,173584.18435520428,31.538333960379777,1828.9960230760219,0.955791539241355,11.273329955838928,0.6315543441461438,0.0
1425,481.7234457538842,0.07794072082741554,0.0,86.08170197538155,173685.13795431447,31.651068347532014,1828.3785635690738,0.9623456394667667,11.307502252415398,0.6196617658761989,0.5336695426305624
1426,482.5883554994571,0.07500884711694311,0.0,86.03192189190617,173785.9300678155,31.704993941635887,1827.7614436370625,0.9490814689742991,11.327489512284556,0.622262026435903,0.5275812349225291
1427,483.29699590898804,0.07230004301271087,0.0,85.40406568835829,173886.1301303981,31.4798831187276,1827.1297682631134,0.9606329930894761,11.839261095980136,0.6222411866300266,0.5355948277817646
1428,482.0270180853388,0.06973877245606575,0.0,87.33747820321535,173988.2760339987,31.63670537965523,1826.5095097596,0.9355392139564752,11.400885009278602,0.6206363574796443,0.5162739314241804
1429,480.66348746766386,0.07130381686991505,0.0,83.45076564275942,174086.59143627755,31.438146970321725,1825.8896305819835,0.952967487004942,11.903465290815545,0.6184331629558881,0.0
1430,482.29131876135943,0.061864858856913174,0.0,86.24532208467049,174187.67452689458,31.62788928004641,1825.34432017475,0.9407125453546196,11.520833864531014,0.6175801170999667,0.0
1431,483.79661685859907,0.06023770130471706,0.0,82.34082833881509,174284.9249158899,31.408890949316397,1824.7255795162832,0.959766463213129,11.994418318688686,0.6156567488841406,0.0
1432,481.815846469838,0.06330162265875361,0.0,86.85233097450353,174386.69969336526,31.681466252509708,1824.2132765182016,0.954953003491148,11.585638716131491,0.614087641587248,0.0
1433,481.9389180934306,0.0644278857755669,0.0,87.089577999779,174488.68453680057,31.723729275587015,1823.595606112786,0.9432902963325922,11.553510965869357,0.6120894860535194,0.0
1434,480.72067415983463,0.06549999812146279,0.0,85.39172617856374,174588.9651117124,31.4937929162516,1822.9781160715004,0.9484788759953392,12.038842845256447,0.6107786490725735,0.0
1435,482.14779981458776,0.0641333463838113,0.0,83.18943279307658,174687.02106844497,31.52141523328945,1822.361804624745,0.961836589668981,12.150934851261812,0.6081257015344352,0.47270584920998715
1436,480.2129952632835,0.06670263701204027,0.0,85.40946871202762,174787.35303662342,31.64797088878209,1821.745912930004,0.9481517277593546,11.67018048771639,0.610071604824581,0.0
1437,477.9870350431179,0.06965652980501491,0.0,84.60906901434393,174886.8427424043,31.554526628941296,1821.1304620847548,0.9595552138846757,12.120828985103817,0.6088337688368736,0.0
1438,479.87581302882126,0.0647377779973416,0.0,86.69100886430193,174988.4104122526,31.59613248172642,1820.5157160563597,0.9502687706497764,11.700225611749039,0.6063730072811321,0.0
1439,477.1140100429768,0.06892400790501252,0.0,85.62268455996782,175088.97009608726,31.512883752598242,1820.0316404981486,0.9547094927775015,11.674070340961597,0.5836530556793448,0.0
1440,478.6229835543466,0.06335811631626986,0.0,-4967.962074368551,170135.90304637657,31.13340200922439,3954.727112844364,0.9556865545909894,12.099047762067661,0.5635351749447364,0.0
1441,474.28605715499293,0.06763644526619905,0.0,86.52214227997466,170237.44003839217,31.51100623658624,3952.9147193406425,0.9523114384466566,11.732027119594541,0.5640955513678891,0.0
1442,470.9330836591363,0.07309236069125902,0.0,87.43409697304672,170339.81384297324,31.499465444413786,3951.2845304067723,0.9501720640295608,11.725858657480103,0.5642351188220577,0.0
1443,473.8036959948585,0.06958515053624392,0.0,86.061805191656,170440.8027232591,31.53778100543713,3949.4898209264097,0.9491382089474816,11.723212626700665,0.5634402247963273,0.0
1444,475.83784872512825,0.0626640645140275,0.0,86.12315093510828,170541.82608766248,31.092478932618462,3947.696320530055,0.9507328610097259,11.719844239628705,0.5845971518470168,0.0
1445,479.31555322217486,0.056960915458811656,0.0,-421.9328267528897,170134.88169901745,30.717702954966683,3946.4326028826313,0.9632185953237357,12.132975798910632,0.5864635935861198,0.0
1446,479.78069680769187,0.05722792189884962,0.0,83.3686527063168,170233.27739947353,30.767442488451977,3944.74269282242,0.9576695017107939,11.804655843991865,0.6061254401953939,0.0
1447,479.76668466278613,0.05715248030961473,0.0,83.62824609445934,170331.93696511938,30.761907634070074,3943.2636772892224,0.9556000647022668,11.785554519085155,0.6042184033906876,0.0
1448,480.2319664495404,0.055148352777999454,0.0,82.82701342677937,170429.7917711396,30.626098600366202,3941.4750041446887,0.9521318263497487,12.14750883228551,0.6038277929652918,0.0
1449,478.91282318048286,0.05770944421337332,0.0,82.7823238523081,170527.61918891256,30.772737637631412,3939.6875355458956,0.9658392276717134,12.202370845705714,0.6059321734873009,0.0
1450,480.1635446240836,0.05758484375317008,0.0,82.16312606479153,170624.8135620834,30.73270108680163,3937.88480727485,0.9656518826087744,11.63704612390688,0.6042841730512446,0.0
1451,477.1893367625067,0.06669272368019918,0.0,85.21506057438162,170725.05116115714,30.801026772260467,3936.1997568402558,0.9424709906399695,11.635581378715603,0.6030408601724893,0.0
1452,478.8171592626439,0.06172598973203558,0.0,81.50427766776451,170821.50526928535,30.591514909177345,3934.5601992854417,0.9619433967743776,12.232451496381278,0.6018716626684933,0.0
1453,476.43340745126886,0.07254518514523756,0.0,88.00720976987465,170924.51787941155,30.799942563497208,3932.878871560698,0.9527200779578309,11.68322237980463,0.6019067320385287,0.0
1454,477.53367007810937,0.06891299034562337,0.0,83.02603440268804,171022.63242574266,30.62966038152321,3931.0974121256,0.9724546265719071,12.272787722593584,0.6016964117250402,0.0
1455,476.2333791604156,0.07085010282045512,0.0,86.28491664506818,171124.04813931955,30.785192624278444,3929.317151815585,0.9657204376170637,11.722650983371912,0.6020130857395453,0.0
1456,478.5020868339401,0.060208539499894465,0.0,83.30545817664226,171222.42769591958,30.72351878187658,3927.640040883821,0.968938442771796,11.714581187840428,0.6017421975124078,0.0
1457,476.29589474152476,0.06455754577666406,3.922883540622817e-09,85.21300630270622,171322.81296701697,30.783375354451742,3926.3334685711234,0.9691362835771552,11.721304271865394,0.6022566784206729,0.42741578090454624
1458,476.4162428807391,0.06560104098545216,0.0,84.73178528402897,171422.66641951652,30.737731921674943,3924.55680023476,0.9643274268976602,11.66668045336704,0.5997106794607541,0.0
1459,474.5824335035985,0.06499374485078868,0.0,85.48441633289713,171523.2596714871,30.73012578383871,3922.826216029745,0.9642600555083004,11.659524786286173,0.6019575708367021,0.0
1460,476.8258398500484,0.06410973516269225,0.0,86.0609755692793,171624.45577872373,30.84435694674666,3921.131814250065,0.969500237966472,11.654131782547994,0.5880392983723246,0.0
1461,477.23087961828367,0.06300716610296864,0.0,85.3086158868601,171724.97142380528,30.731089015950793,3919.35872980091,0.9732357865355544,11.619450379379366,0.6094809698683163,0.0
1462,476.8716627825915,0.06231229886201883,0.0,84.3269497157602,171824.52772956138,30.865633205511823,3917.746348941917,0.9741536012072789,11.631812406635516,0.6089709854426336,0.42072290252585987
1463,475.45704864733733,0.0649220639477941,0.0,84.76608470743058,171924.5260992106,30.785528335660683,3915.9756492685424,0.9685865736231828,11.605688471595181,0.6068147676565712,0.4244649270185157
1464,472.0169424278764,0.06558492708746022,0.0,85.82981239329837,172025.54124309504,30.786089937208356,3914.2148372528754,0.9551989611944007,11.610202340194622,0.6067784760412929,0.40940065390076086
1465,474.29558105774277,0.05953025084482799,0.0,84.00893739788754,172124.72342927524,30.701445781952568,3912.4752081957804,0.9574449484418363,11.84746751498189,0.6057248430079993,0.4031451379074511
1466,471.5062666233897,0.06587966073910179,0.0,86.40342981646579,172226.3241651172,30.82674614616003,3911.3196193057825,0.9554572522700132,11.710870464925318,0.6050237261129571,0.3707036957243268
1467,472.8535941543265,0.06869810105016694,0.0,86.653266299257,172328.1661151303,30.67371518644527,3909.5536784535216,0.9544236215397988,11.821555500329284,0.6041793601294332,0.4175466284187621
1468,472.1296729579523,0.0693354192774771,0.0,86.24649245869871,172429.49531784898,30.802026779373122,3908.211554576611,0.9590768072982541,11.67024309566609,0.6035241308673766,0.36211192965199146
1469,470.00869462558546,0.06567868026679857,0.0,84.94972548544906,172529.517039465,30.75553518656558,3906.740980378946,0.9627967117950799,11.887713078270636,0.5996831666154808,0.35777522027307285
1470,471.8679421841024,0.0637989260254036,0.0,-908.3914172902558,171636.21266289646,30.793996213773145,7078.342075793613,0.98405903176186,11.623640039099003,0.5980953619007512,0.3808802076305966
1471,470.67391575088766,0.06868592926456141,0.0,85.49838147272696,171736.86170852877,30.97156419646174,7074.833499993133,0.9491538658442513,11.60435346181428,0.5965576920225397,0.3804642775790299
1472,472.3930661847577,0.06631044449693968,0.0,85.57509262740146,171837.5481022963,30.772227547355058,7071.327069166302,0.9496654249368538,11.662821473472935,0.5748793675772764,0.32394767497466503
1473,471.16745319156087,0.06821380579093295,0.0,84.60964911413306,171937.32679706588,30.736026003169084,7067.822781896602,0.9626442977398504,11.846243137767177,0.5764579822525718,0.3654935213337609
1474,471.225898506721,0.06807093114028095,0.0,84.70239279450223,172037.17726653293,30.723908605264686,7064.320636768554,0.9572352464775562,11.844709965631871,0.5786328362467132,0.35622365446138815
1475,469.8906343811543,0.07050380501972264,0.0,84.06166672143775,172136.39990237224,30.723705104652602,7060.82063236772,0.9698777694828434,11.70407051683196,0.5789079555230239,0.328362356017049
1476,471.5586958036382,0.0622915583007051,0.0,84.62867345289028,172236.1660729669,30.752450930716062,7057.322767280695,0.9578139124755324,11.860344035773235,0.5758589341131725,0.3175829821211309
1477,473.0401514475145,0.058786312158905174,0.0,84.25741252801619,172335.62459292408,30.73203388560365,7053.807770406521,0.9518038162110202,11.696241705504416,0.5755888726516133,0.32482729156613743
1478,476.20252727976424,0.057317100413117994,0.0,82.08012852653442,172432.98786235228,30.933156682235083,7050.2949312191195,0.9580720546895368,11.867233341659903,0.5745491317950226,0.3186661886468727
1479,479.8519043754016,0.04821930409902009,0.0,82.2853228423349,172530.6120591373,30.704759926925277,7046.8034756034795,0.9633770054280854,11.612404074301724,0.5719647252240848,0.32672416319812214
1480,476.7397124902683,0.05344965074434216,3.189871748822071e-07,82.5258100487102,172628.64173448348,30.69021914013877,7043.3141536584035,0.9667721425882702,11.837600637377356,0.5559744155659218,0.3259390055251288
1481,474.97589523510885,0.05695482724219758,5.083161160887331e-07,83.56125671205307,172727.63557949234,30.658891537392634,7039.836379493064,0.9609144935815264,11.60769696921925,0.5551217732910595,0.31533381559680507
1482,474.6942395752846,0.057767854057069856,6.422260120453369e-07,83.23947550124151,172826.24206050494,30.671202401932554,7036.377282781113,0.9633299993480827,11.826751617947922,0.554780724269482,0.32072870010334853
1483,474.9058951545827,0.05714755034141561,7.6811318191003e-07,81.89888811739505,172923.5481438587,30.721543854894563,7032.924792087428,0.9652973794980632,11.604310052074277,0.5545471712172734,0.30122600913257713
1484,473.9655153119348,0.058329193462425044,8.479103805766196e-07,82.29348748805236,173021.2718724739,30.731424299167536,7029.467131889289,0.9709853365456477,11.677174393396438,0.5524725329138719,0.28933695891135613
1485,473.6095890900189,0.06067286683570372,1.028005955150662e-06,84.01001361262047,173120.6962794341,30.760974408621987,7026.0096304120225,0.962539551050542,11.591525842529435,0.5543626209745948,0.2903161092286801
1486,478.167844386632,0.05557511101297152,1.1850902867603095e-06,84.02068443924426,173220.1428960183,30.708844146631066,7022.5542322948095,0.9588680953000908,11.667987410297199,0.5541335402768505,0.29089011865760384
1487,477.52438691164116,0.057794237101168044,1.3979911528934314e-06,84.27743668146604,173319.89255570312,30.758223395495957,7019.09700881719,0.9446298783012398,11.806716602437726,0.5530658857361139,0.3143540021857518
1488,474.32769612668045,0.055055466605931636,1.4813332077101856e-06,83.79352746411513,173419.13384074593,30.738639593134042,7015.640755581876,0.952253097778589,11.704562192506707,0.5858787118058965,0.25886129641157396
1489,473.4795694998327,0.05499395325376977,1.6571231728288166e-06,83.25832459823273,173517.86271862077,30.735242018684982,7012.182599901583,0.9539368159331371,11.643873250028761,0.5842710172387428,0.25690897277620905
1490,472.8521020211192,0.05587743080971097,1.7705634995416042e-06,81.92938867975076,173615.24941933763,30.724486249861418,7008.72937313174,0.9586664568984409,11.623879033283737,0.5827654549567898,0.27151878916320626
1491,472.37711866730547,0.06275207274293315,1.7981988601958494e-06,83.55535410840373,173714.19816297197,30.795913551697545,7005.27974821009,0.9565348207774612,11.640347507876719,0.5815473944324911,0.24394844642402091
1492,475.4468593160295,0.05599094698256035,1.8172267281815788e-06,83.38801613259065,173812.93938632833,30.72961872608465,7001.829841656794,0.9557401165087119,11.711324791150798,0.5795944928622697,0.23591991989441397
1493,476.1050044283803,0.055904797678970386,1.9273325920047246e-06,80.4440481716463,173908.83654987844,30.690277531966828,6998.374524895739,0.9531582981878921,12.28533942610573,0.5774989764071589,0.24255471825091846
1494,472.56197153136384,0.05883256329693731,1.9543748476452005e-06,82.98467413636845,174007.28408144176,30.774850357763114,6994.921618340974,0.9515767852658749,11.773072298232861,0.5778342402612463,0.2344035563091218
1495,473.0822520404487,0.057836807068459506,2.0352952818909338e-06,83.48290770249326,174106.17242812618,30.7048880453409,6991.469086167115,0.9543513740954572,12.35033953276577,0.5762718991954805,0.2440813161183506
1496,471.1103326932321,0.06334907190031125,2.060346775890481e-06,83.82159192313664,174205.41670753702,30.7496909477328,6988.020695963302,0.957950098303118,11.812884032947293,0.5778581911659377,0.24044799033184105
1497,470.9701334304724,0.06402634042035604,2.094443306347665e-06,83.61896933013902,174304.34630793973,30.786448723997896,6984.571445682532,0.949948761954229,11.96779187474036,0.577309692361865,0.2371688824548599
1498,471.60842558888,0.06002508144388441,2.0597460349775047e-06,82.30488849641407,174401.9445587073,30.766139171352915,6981.114764810629,0.9550970619623214,12.36006171086189,0.5775110149609891,0.2591454105828923
1499,475.2890786716137,0.053949366831390955,2.074590972790393e-06,82.21017131979418,174499.52950417943,30.779267478027744,6977.650222058328,0.9515926537346152,12.432536130398905,0.5785707680197174,0.21925906786769644
1500,476.38603710885866,0.048324755819419196,2.1561255157282763e-06,-1096.0328504921724,173418.9446379237,30.89441995822006,9505.485386791033,0.9455947787260528,11.92949976545111,0.5784737606002266,0.2144927705621278
1501,475.6001792775309,0.052307773056544216,2.3534059104655025e-06,74.55835215079857,173509.02447562615,30.681159512732716,9500.648332491042,0.9204580532015922,12.533484579978868,0.542497845689277,0.19249548208748024
1502,478.12855418139736,0.05144043120742936,2.372177711305591e-06,81.76263248597267,173606.2330601988,30.728006605046428,9495.814146836541,0.9599197347015584,12.586259288467001,0.5425087978711534,0.20433837265539978
1503,475.41949921117447,0.053446916732418526,2.408651811960796e-06,82.82117493517951,173704.52050422665,30.79403071059386,9490.982828020684,0.9468003770817629,12.075425872242395,0.5283597814062619,0.17877200758681866
1504,480.8635709499092,0.0472775394004018,2.4798394758853965e-06,79.69284926785787,173799.63775930885,30.724658043547645,9486.154374237869,0.9552674450662925,12.647019554506846,0.5276136518674733,0.17857628641804624
1505,485.82511444596565,0.03817314262574667,2.441878920490044e-06,78.70395381463568,173893.79163409775,30.779658904113727,9481.309629891113,0.966947836155926,12.694395292797017,0.527023245171041,0.1773455582055199
1506,485.72508029541007,0.03694042819929977,2.6488183589173492e-06,81.07381784913439,173990.48055800525,30.80254590093828,9476.467768039101,0.9439793548697081,12.127881815789666,0.5267333797987047,0.1823059196234489
1507,485.30317364514667,0.03781193827891549,2.9002621586832944e-06,78.6820206681362,174084.7809622272,30.70673751508031,9471.647898534246,0.9517100145435058,12.727207854009267,0.5270438525202928,0.1749645580803758
1508,485.0018957044524,0.037724501704953006,3.091798442404042e-06,77.72213058506738,174178.11123989313,30.715189081009786,9466.830886852464,0.9640900680884936,12.783843763258801,0.5270541287674011,0.16451329858040964
1509,484.6448416921014,0.042063389216513536,3.2843829413570753e-06,81.4377987076314,174275.15322085243,30.800919874760314,9462.016731194368,0.9536628291358326,12.211494896908928,0.5270642713626124,0.16918052917002413
1510,486.05873275859926,0.037424791074662234,3.485849880092552e-06,77.9287351422,174368.67868471352,30.71093719242875,9457.205429761814,0.9609628283975019,12.802559248489796,0.5270748040982337,0.14784390134563452
1511,486.7050093948211,0.0374092400673125,3.6818903925883344e-06,80.38915260105055,174464.70868008,30.74580774754695,9452.396980757892,0.9475359970181204,12.184460011487523,0.5270852686150336,0.0
1512,486.6882350867648,0.03956960997151471,3.931563126360392e-06,79.88419586276429,174560.23608705075,30.7741280504836,9449.368671940405,0.9492946660820425,12.962627143518192,0.5270960046313982,0.0
1513,483.77140446628187,0.046067559239932665,4.052717301208106e-06,80.10146824902871,174655.9628012288,30.77294149462849,9450.350778717117,0.9590293102427188,13.037526059352746,0.5271062857562007,0.1516438277074421
1514,484.99786999005664,0.04212184233000349,4.116971259610386e-06,80.38446242521093,174751.89696274942,30.874821855674067,9445.680547935328,0.9519669938913548,12.43542184835612,0.5125516099411421,0.0
1515,484.79985911723185,0.042079495259942035,4.319328186875779e-06,78.22982141314006,174845.696281153,30.709897960591906,9441.063770684144,0.9637638832714416,13.031794983416338,0.5125611513498668,0.15934331923946843
1516,484.5145807184452,0.042502724010250015,4.434491811323776e-06,80.94205231231122,174942.20299257236,30.841620033741982,9436.425224094799,0.9466093657015492,12.233003340314593,0.5125711600882935,0.4057815519336465
1517,490.9668022356923,0.04005023278657349,4.637606903163289e-06,78.52213919001808,175036.28503023196,30.807620225946295,9431.767888896726,0.9605904196430753,12.737183386773111,0.5125810749764372,0.4717432564865476
1518,490.30616110611,0.04165240672353321,4.783437484905582e-06,81.36843871659778,175133.264377488,30.911590074076802,9426.917521765281,0.9554005260577613,12.173081652560468,0.5125910227376188,0.4954096724134267
1519,490.1916048943755,0.04135322136353914,4.978243957804344e-06,81.04148673736736,175229.94243230598,30.898593378359195,9422.070060750108,0.950395944035972,12.140840142588026,0.5153692696966865,0.5247562579168346
1520,491.0476106524558,0.039612648113585,5.182364584465456e-06,79.68041932110955,175325.27992335882,30.838335999755284,9417.225503990583,0.9625412726565423,12.63728319925181,0.49940269855490904,0.6113633710353277
1521,484.78384756515294,0.05103787377849622,5.2755567756254385e-06,83.95352007795704,175424.90217436643,30.935556447870482,9412.383849627402,0.9473950062843101,12.025310813105548,0.49941252047118323,0.6850204395641768
1522,481.6017472347968,0.05402715982224238,5.369277783024073e-06,79.551799187466,175519.99629724593,30.79303590876516,9407.545095802565,0.9704406777100919,12.558830494085454,0.4994224674520357,0.7433879821010372
1523,481.7895100919018,0.05656114381813859,5.2836181905871216e-06,83.23792885274543,175618.68194582043,30.972397792767755,9402.709240659387,0.9580633035288325,11.98320553074377,0.4782302700528781,0.0
1524,488.5313222025155,0.052521884331097834,5.328310248977934e-06,81.48725028600192,175715.58258455372,30.880121175088664,9397.876282342488,0.9654039356040826,12.592577023217851,0.4782401965146101,0.1316993942313225
1525,488.6903734082387,0.05249325113733905,5.2939163605404505e-06,82.32287874871699,175813.39014842102,30.900098199850508,9393.046218997797,0.9720144316781623,12.033646188027703,0.47825001595443256,0.12506817501599343
1526,488.0805097876175,0.05845894235790594,5.554150133076774e-06,82.03304193299215,175911.01284464332,31.061690907897486,9388.21904877255,0.9577479309908918,12.028291390077767,0.47009720329841437,0.10626589966828348
1527,494.0674747942588,0.04914277283426616,5.758011557380221e-06,81.91880751674674,176008.4313442584,31.04168895965638,9383.394769815286,0.9543743849026461,12.288249950057908,0.4701067944516317,0.11662251439037519
1528,491.3805043635761,0.0521814735308711,5.9488359495822364e-06,81.89737438432235,176105.966653508,31.023046482172518,9378.573380275855,0.9557208424543955,12.043822543439454,0.4701161427229686,0.11157600833790937
1529,495.832018425171,0.043312137699120346,6.238926098102172e-06,81.43467510289584,176203.02428969246,30.94687071793655,9373.754878305403,0.9810845457816397,12.628477054649764,0.4701258270538389,0.1104156852607332
1530,494.3458060160313,0.0443741070197321,6.723570067309149e-06,-489.02260546976856,175729.93444706802,30.832519659686167,11388.884228744158,0.9743349088656448,12.112144992191492,0.4701354351184138,0.08835950795401715
1531,497.8784794248313,0.040856892471050066,7.255446304721287e-06,81.07811957538019,175826.9767076276,30.760647942284816,11382.960526638644,0.9662655547668225,12.074613530756858,0.4831622099445673,0.10867680827939452
1532,497.8609979559184,0.041022008880742145,7.82394670063689e-06,81.31259935985122,175924.29584016555,30.764000450420497,11377.040317596724,0.9666465081343474,12.102589150637632,0.4831720207247097,0.09151829317903548
1533,496.8170307590507,0.045670624829180495,8.401096026906365e-06,82.3102290466058,176022.5601638262,30.838604388021608,11371.123599438679,0.9721949981816438,12.118471399598814,0.48344333208400375,0.07698260230340281
1534,495.2410931640425,0.05410960103408624,8.944924651781438e-06,83.23824974973465,176121.7036508663,30.823132520877483,11365.210369986278,0.9822258078529561,11.371349036364569,0.4834531256183043,0.8260732272576057
1535,482.34005471036255,0.09031287100671614,9.434444190314897e-06,89.34003256962175,176226.92451582119,30.751445698666778,11359.300627062772,0.973068407698807,11.30287467339634,0.4834630829364367,0.9335179779170417
1536,485.10306631986737,0.09017388763932643,9.590637953530739e-06,92.77970314936442,176335.59878133915,31.01540893516353,11353.964450504658,0.9789927193637245,11.181103412085713,0.5018034716691473,0.0
1537,483.40983086171207,0.10663018002560032,9.747215603088066e-06,93.6256605985928,176445.2689376381,31.162886876597334,11349.360880751701,0.9906962669098013,11.220827312831235,0.5254414182022327,0.0
1538,485.9782872267423,0.10096717119517229,9.786133238609083e-06,93.08369334672005,176554.09348162657,31.158866739577785,11343.514618586394,0.9986402865389291,11.314096858948808,0.5289007391190828,0.06505054949014522
1539,488.32143639834,0.08635919250919133,9.891010273972564e-06,90.24457981221371,176660.24516164867,30.990913288648553,11337.64194913012,1.000473322347965,11.290371358941673,0.5569175441385827,0.0
1540,485.6366300543268,0.08770629725901968,1.0164359632976429e-05,93.25428059330713,176769.5280016975,31.052694223050967,11331.772729877186,0.9974101246588709,11.306771224195543,0.5774093063830938,0.0
1541,488.68072859046345,0.07666885742100749,1.2204531445682965e-05,90.16609836017379,176875.6629914448,30.85412101515859,11325.90695868772,0.9967807314249071,11.96313941835187,0.5484783775364106,0.056346020561552024
1542,487.85666193463965,0.07865510625145578,1.2341954494321903e-05,90.06779098614005,176981.80515017716,30.896572997385302,11320.044633423295,0.9953855385728934,11.416495561795925,0.5495537970253556,0.0
1543,487.0013556812952,0.07962380335753416,1.4458117909251948e-05,89.15727657244423,177086.9993454187,30.842132778167326,11314.185751946925,0.9929495541574834,11.489255652257,0.5495656250338764,0.0521953885768589
1544,494.08915895326993,0.06337944872904966,1.6544112573080607e-05,88.00822570208204,177191.03196868184,30.84455845916233,11308.330312123071,0.9989611099670749,12.063403980783276,0.5503214430536865,0.0
1545,495.97064680106075,0.06152159676238678,1.6792684684770947e-05,88.44931825126707,177295.70772978515,31.034294120458387,11302.478311817626,0.9984906357470662,11.538150919778536,0.550332998965798,0.0
1546,495.76724124187734,0.06120437325908845,1.705915277840446e-05,88.65204391365839,177400.60097964687,30.948163629592155,11296.629748897925,0.9959327201405134,11.61362838022875,0.5510809306164858,0.04115535024930139
1547,497.50822982846415,0.05809666958780424,1.7326988524256558e-05,86.70122898842487,177503.53304189767,30.91167497879468,11290.784621232746,0.9944330097890306,11.645361501868715,0.5510925774084958,0.0372621163787592
1548,497.91119744751194,0.058665626606606125,1.7552485245815474e-05,87.91465098857607,177607.7004614057,31.016129573364786,11284.942926692294,0.9935888519926251,11.666300569133083,0.5514694748472185,0.034813549559356005
1549,497.17121145233216,0.05862955623313437,1.777037140985285e-05,86.87055932824293,177710.87444288516,30.93838369076278,11279.10466314822,0.9962811838304474,11.697706447399554,0.5520950575447451,0.028232774597746868
1550,497.0530670928265,0.06310456348607063,1.798714204991118e-05,86.12796881776353,177813.28227196904,30.85506628440839,11273.251153453284,1.0034284228654118,11.694351944404044,0.5549396943790326,0.049967778528607454
1551,496.5670366719693,0.06627460322836165,1.8154807480445748e-05,86.74084978123011,177916.29975964167,30.880429075053875,11267.419745522639,1.0006801623798065,11.733529642929922,0.5601737665775388,0.03582084220200343
1552,493.99582272984344,0.06803261639262037,1.8371744298788415e-05,90.52620413217667,178023.15927517536,31.26782967799494,11261.573107734117,1.006913485418248,12.33782947709733,0.5601856056772148,0.021734082845917158
1553,493.47870353800715,0.06799702125269069,1.8586735989276242e-05,88.194690193102,178127.5878611887,31.319680662304297,11255.74854692069,0.9995804366268467,11.78035557729094,0.562604566240375,0.03810938711192691
1554,498.95234351438216,0.06198726586986614,1.8800433403632623e-05,88.1061170651061,178231.91874130975,31.38832465290522,11249.927406483372,0.9990949134520174,11.78356811109821,0.5649018841675891,0.0
1555,498.6425454445246,0.06217721581327518,1.9076411517576537e-05,87.66045016584386,178335.8972659666,31.226192288402622,11244.1096843024,1.0093131326039952,11.86402416463418,0.5652531533815456,0.0011694639706334442
1556,502.76971175349377,0.051169605450795075,1.934823220721494e-05,89.41219542798923,178441.6366907277,31.36542256569614,11238.295378259443,0.9930035913577956,11.865616443805248,0.5963448700458583,0.013780720964948756
1557,503.97644924127894,0.04511299223810927,1.973506918458138e-05,89.26113829511053,178547.36218900117,31.190979287175054,11232.484486237594,1.0247495947433365,12.493121295415484,0.6168486375485895,0.02157932994720113
1558,503.3988588523832,0.04322628299511966,2.027124198112444e-05,84.6022271177224,178648.52704728607,31.293566062260993,11226.6583721635,1.0084469446031115,11.88081086270726,0.6171941977226469,0.026602290497201864
1559,502.95420848751206,0.04365516564833738,2.082320879179564e-05,83.85477849787117,178748.96561567567,31.23454387686331,11220.835688378333,1.0104632863275722,11.96294158404912,0.605564474778297,0.007242349216507904
1560,501.78161928724853,0.04396589767876835,2.1366212075063987e-05,88.24443669061625,178853.80370859161,31.18984383847975,12178.530307463965,1.0028109852021472,11.98266853722666,0.6062363047301179,0.0
1561,498.524834660545,0.051238190699006814,2.1966091587626598e-05,88.80349852034509,178959.26450517733,31.075231748500176,12172.184534995331,1.0537523415541177,12.624876732552321,0.6071504809651911,0.0
1562,498.67868623537703,0.04967819134655549,2.264266352359755e-05,89.52227292351816,179065.6048259674,31.229231015527624,12165.86105042768,1.008471418948203,11.943536808735129,0.6076750893239639,0.0
1563,496.32483558226215,0.053005924460992615,2.3330063445661165e-05,89.26382471584087,179171.69432335056,31.202018311972274,12159.541258506637,1.0247664855525302,12.054864023305703,0.6076878214976851,0.0
1564,494.71105937031604,0.050451687557485525,2.3976204781750024e-05,88.15653381488885,179276.58836186168,31.098029582630247,12153.22515696504,1.0226992493044516,12.076147706460782,0.6097593656664274,0.0
1565,493.4629224239636,0.04819125480243602,2.464398644991429e-05,89.68967294169582,179383.01718346725,31.492746797464388,12146.912743537237,1.0212068139551698,12.092049279666,0.6263973588966932,0.0
1566,495.0390773844254,0.04555877854380652,2.533011909703201e-05,91.63638422401067,179491.3702747648,31.54687700190078,12140.604015959083,1.0297637589794222,12.113005958300837,0.6087397673602489,0.0
1567,494.4642254796815,0.04619922066364612,2.6038422985822506e-05,90.90142104594145,179599.00310514393,31.54904206864894,12134.298971967935,1.0330867485692088,12.113113363136515,0.6108532051320011,0.0
1568,493.4339248874102,0.050141735299099155,2.67339069483276e-05,94.19584129806499,179709.92854494328,31.46415596827841,12127.997609302656,1.026661100320219,12.13227835678986,0.6122247716214231,0.015025129329742981
1569,494.1934662282064,0.04659208160877537,2.7379621039290232e-05,91.56682362602159,179818.19863102687,31.51953498590229,12121.69992570361,1.032098030787291,12.151003278909888,0.595755110607202,0.0
1570,492.5114825137665,0.04900200202322269,2.805757950671663e-05,94.75468743690544,179929.67598179096,31.570948840125716,12115.387346379233,1.0394563577046922,12.182738090000939,0.5979919499277828,0.0
1571,495.6993852429833,0.04685886721445043,2.8732452600722734e-05,94.152100709998,180040.55803442298,31.530482732823213,12109.097014139747,1.0330412516912655,12.199598426963805,0.59832710301933,0.0
1572,493.65453087200854,0.050055791399201244,2.9424331626780146e-05,90.675848009288,180147.96798153582,31.554357386192194,12102.810354196587,1.0239610180375016,12.136433741894711,0.5989802372420397,0.0
1573,490.05413826492116,0.055031720987926525,3.00762703812891e-05,97.96767108436505,180262.63652664298,31.510080571922273,12096.527364296115,1.0425415102918758,12.210809996724747,0.600466716876171,0.0
1574,491.9943315504413,0.053750480641316156,3.066964505957856e-05,93.67239439674633,180372.95460022448,31.52730364329427,12090.248042186191,1.0370322501017328,12.160979542555825,0.5693000746232915,0.0
1575,492.6630979749423,0.05119191551297242,3.1531216890075365e-05,91.73252622770265,180481.47867863512,31.556061419473465,12083.953833512529,1.0403336828864793,12.152083973323743,0.5693117616708081,0.0
1576,491.9240884303053,0.05291226494143364,3.2381013867672236e-05,91.25276371290273,180589.52918154252,31.555578613313667,12077.663308536932,1.0358148912156793,12.148956423886778,0.5693236150632053,0.0
1577,488.90104765335127,0.0587774737362009,3.320495309752721e-05,91.93018648851489,180698.2452043157,31.56941218208375,12071.394976300757,1.0340286844850306,12.146516492622956,0.5693354467027133,0.0
1578,486.85794642182213,0.062232875470420224,3.3959131874933924e-05,94.88858927121235,180809.83938748355,31.548539932478338,12065.13030286151,1.034156298743915,12.141248792808105,0.5693474489489165,0.0
1579,487.54605244732636,0.06048678635225824,3.4669722802571407e-05,93.76233566444516,180920.2618446695,31.456805939443218,12058.869285974515,1.043882990636684,12.214906150835512,0.5693594350833631,0.0
1580,484.87626554426504,0.06819840589248782,3.5392403082938795e-05,90.29514448888094,181027.23562963874,31.548749540982076,12052.611923396593,1.0363994204185032,12.155403731905187,0.5693714261442988,0.0
1581,485.1859601606294,0.07338278916736984,3.602645288506448e-05,99.15345101376074,181142.98944130738,31.490059766332546,12046.358212886047,1.042973777294618,12.215954438902546,0.569383537064454,0.0
1582,487.55715799733736,0.07021932200646963,3.659943765875119e-05,93.4701390556244,181253.00692204977,31.56064169713843,12040.10815220267,1.0356055008865424,12.158524858758447,0.569395816817054,0.0
1583,486.69437203020505,0.06647085331539282,3.7200644687234386e-05,92.52952703709025,181362.10047493497,31.577383808027207,12033.861739107742,1.0327843693029777,12.146116619057738,0.5694079278572957,0.0
1584,488.426441512187,0.06584001348193247,3.7836085954126576e-05,96.44872306265557,181475.1575714678,31.56427413577229,12027.61897136403,1.0314850903688653,12.139353013287497,0.5694198948567729,0.0
1585,488.32392426412747,0.06059580722729585,3.8472331760731395e-05,95.83591931947144,181587.6550737376,31.58338833839022,12021.361335424323,1.0375708413071738,12.12911872621705,0.5694317000008325,0.0
1586,488.2722487690351,0.05817514756898223,3.9158464259929085e-05,96.58326888976956,181700.99446058946,31.5683576163597,12015.125851677274,1.0329266680316231,12.120620838169009,0.5694433169484975,0.0
1587,486.3079037345521,0.062415189520089065,3.986406382183931e-05,96.99220086940274,181814.86913831564,31.525036399374752,12008.894006578643,1.0488841499926147,12.198126390424376,0.5694553502478891,0.0
1588,489.69152598861757,0.0573427829582297,4.051811467254445e-05,96.60610292432627,181928.1429597643,31.558441573303995,12002.665797897125,1.0302569780354613,12.140682476912517,0.5694674131808894,0.0
1589,489.38339687754024,0.05794776537091895,4.122009507143315e-05,92.93802874482628,182037.8025731097,31.539884594448125,11996.441223402899,1.0327938328957138,12.218627715481334,0.5694793228969782,0.0
1590,490.41047312230694,0.056137858945657926,4.194211241646436e-05,92.05773216704796,182146.57465805317,31.57004947042716,13097.950911681839,1.0306716241578333,12.149822586274862,0.5694911729771642,0.0
1591,491.8235596944079,0.05184530978533908,4.267677135888498e-05,94.96639416213749,182258.2889748682,31.52769488906597,13091.124336861674,1.0312382252738261,12.21857583047585,0.5695031189628873,0.0
1592,492.6192049123435,0.0481273240149197,4.345039328535866e-05,91.66287105548165,182366.76400771574,31.519712851652386,13084.301724642319,1.0276800725850472,12.168001466301957,0.5695149360900734,0.0
1593,490.47742300804686,0.04905496328720438,4.4256570862767056e-05,89.88714110707433,182473.5258178376,31.51674726637253,13077.483072615552,1.0338581418894701,12.245926146830879,0.5695267131686514,0.0
1594,493.1927478988839,0.044919720964971765,4.504562935367164e-05,91.44611468557163,182581.8311444049,31.518306898054107,13070.668378374743,1.0198808338906082,12.182497730856689,0.5695383079437669,0.0
1595,492.65638655263984,0.04539174168111815,4.588518411367634e-05,93.54160186747558,182692.29643235396,31.519374551403075,13063.857639514825,1.0329892707832253,12.24614810161747,0.5695497578427123,0.0
1596,491.20106885777,0.044787092786192195,4.6712192295074316e-05,91.47141088881094,182800.68179179152,31.544639459292178,13057.050853632312,1.0263548792985502,12.196026008743592,0.5695611692359167,0.0
1597,491.12216026959925,0.04546874302077808,4.7538207189482596e-05,94.90285682603903,182912.50768932106,31.49871936675471,13050.248018325286,1.046079031735749,12.199769179797359,0.5695726918526518,0.0
1598,491.4395922448141,0.04534366066140061,4.851126871355896e-05,94.08053121783855,183023.754263394,31.53386091516648,13043.449131193405,1.0507521042990775,12.202918261328877,0.5695843844510392,0.0
1599,487.49318623687657,0.048170129502906334,4.947682142963965e-05,94.38773769783128,183135.31535776562,31.524498221493392,13036.654189837896,1.049909269461852,12.207700759943497,0.5585948787630984,0.0
1600,491.99598136192526,0.04273004003955694,5.04035206442798e-05,92.58088591345515,183245.0339333508,31.525588922148255,13029.844721252577,1.049156010789798,12.207957861082082,0.5586059105296162,0.0
1601,493.14796505644506,0.04184994214615079,5.137962056363144e-05,94.24622007251412,183356.50411129626,31.55570638692088,13023.057664259764,1.0531249065429802,12.208682144771196,0.5586168667766983,0.0
1602,492.8012374276953,0.044024633743102726,5.235623016600753e-05,92.3554304826827,183466.0910824278,31.56662312493941,13016.274545856411,1.0424751446895804,12.212751278723545,0.5586280945320987,0.0
1603,489.1120558694515,0.04862708334143395,5.328432937736443e-05,91.47957551067535,183574.7701367209,31.588412065445386,13009.495363650018,1.044880711017391,12.188446411318726,0.5586389829579362,0.0
1604,479.7154682512104,0.080228767972372,5.398111140686891e-05,94.62853571808472,183686.40679534053,31.619033579704595,13002.720115249642,1.0287102490194653,11.852759928382172,0.5586499627205981,0.33128767617948895
1605,474.4399484617564,0.1051824253452458,5.435841999536765e-05,105.20339405819811,183808.35065895834,31.531516866425722,12995.948798265912,1.0563580619942223,12.54619773558638,0.5586615280640117,0.594802241105203
1606,476.378030554539,0.10973410817905382,5.446624589380623e-05,108.02830399466504,183932.92421092256,31.663295044008574,12989.162960019712,1.0652890679065565,12.502124526953724,0.5996330200748246,0.6540168457825537
1607,471.6769685466521,0.11175184286266893,5.452371628536241e-05,107.83573401357285,184057.33655034547,31.832886934053402,12982.399498707397,1.0661500998231426,11.734176658155413,0.5996459611337273,0.5961953388187773
1608,484.2230285907466,0.09543062174341965,5.45489548078125e-05,108.61817515440625,184182.4311506597,31.806208743292807,12975.639961652974,1.074980531994593,12.001920158786518,0.5996591389918547,0.2913644433181908
1609,488.615104297413,0.08306339392062523,5.474657490728965e-05,107.35101640959486,184306.46066205762,31.865344231539176,12968.88434647331,1.0615581380523509,12.268268352763087,0.5996719650978445,0.0
1610,491.0091403857378,0.07604734285446613,5.5071226053767124e-05,101.88256629741832,184425.21339881307,31.74538692163024,12962.11422079085,1.0737453215898751,12.218580349813523,0.601778098442818,0.0
1611,491.3186790787321,0.07151638161126228,5.5466984095583825e-05,101.24262084476223,184543.37630033732,31.792032806406738,12955.366442217544,1.0588269651903381,12.141695431833808,0.6025361548201383,0.044990076199926676
1612,489.41287571150133,0.07598081390482025,5.590539019992634e-05,103.11983742100941,184663.44846504205,31.712011100323796,12948.622578378947,1.075001995794508,12.126933937286216,0.5775767322853719,0.0
1613,489.48965008490006,0.07585448869012423,5.629189321625316e-05,103.02358215431394,184783.34746096743,31.793271004750633,12941.864217175164,1.0605264264261491,12.106423703773705,0.5788260396582524,0.0
1614,485.1738599030464,0.08825208160023712,5.667359773831268e-05,107.70779977082313,184907.94070056206,31.741825133423756,12935.12817567682,1.0717000732870718,12.063772954263573,0.5788384752572338,0.0
1615,488.60722635732105,0.07684569599992885,5.691928472231271e-05,104.54245786676378,185029.25010561428,31.885736822446244,12928.377652314834,1.0612002175246513,12.045254656645726,0.5895831300576423,0.0
1616,488.47836979797,0.07619092746852607,5.728164056006375e-05,101.40393771060147,185147.5841699855,31.82931751364359,12921.64942366154,1.0613515481097813,12.006189473528561,0.593378350477148,0.0
1617,488.7759882962037,0.07345064448134186,5.9543787035676216e-05,99.98812663438866,185264.51059419088,31.773372323123134,12914.925097873947,1.0517309081318458,11.976146086078673,0.5799448757640236,0.0
1618,489.44530423891763,0.07075619353798934,5.990230780876167e-05,103.94361622748377,185385.4004779655,31.77283835621783,12908.204672582908,1.0664257235053411,11.96689970556994,0.5799570760424433,0.0
1619,490.3128775740537,0.06768532034398211,6.219419481635713e-05,97.8070360278452,185500.18664990683,31.711334205595072,12901.469776176944,1.0520222922881763,11.95218889145842,0.5799693053735151,0.0
1620,489.24083716031464,0.06931878956085247,6.258841452134472e-05,104.72319514173725,185621.93292901514,31.780052227745088,13690.201147721458,1.064573412491675,11.944713603532119,0.5799815369649214,0.0
1621,492.86250923896563,0.061697307735666396,6.486953578234482e-05,97.03066462251059,185735.99626827604,31.786478618738226,13683.054915519027,1.0633949519669263,11.938949404091064,0.5799938595531617,0.0
1622,490.5107935202042,0.05959148762788313,6.529845808291924e-05,101.39110896120138,185854.52436789646,31.809895593912188,13675.912814973824,1.0596388371070435,11.938359777550241,0.5800059474338706,0.0
1623,488.9889100909936,0.06505112174516336,6.765686340442585e-05,100.95210214619483,185972.64706326445,31.657602567248773,13668.774843592088,1.0581367157723274,11.93482665518924,0.5583009757519137,0.0
1624,489.3992042371272,0.06464683391095682,6.80227149701857e-05,98.77209903000335,186088.52333396798,31.773796987825506,13661.640998881669,1.0650787602637093,11.95586726469107,0.5583127476620322,0.0
1625,491.00224498801293,0.06204188700240798,7.030103141297802e-05,99.10842101066942,186204.7386603167,31.751909710073328,13654.511278352029,1.0571382271218948,11.931609730302798,0.5583244669370253,0.0
1626,488.441268866579,0.06797780381046437,7.069262981649898e-05,101.87353572456804,186323.74452716584,31.786010691270402,13647.385679514251,1.0609397545478614,11.934126028585267,0.5583361293158877,0.0
1627,491.19882659537495,0.061232350413190195,7.29096021104408e-05,100.91344480742033,186441.71165822563,31.710141670610472,13640.245850843316,1.0607433103510269,11.926413496658803,0.5583477627465835,0.0
1628,490.3426786223766,0.0617570538339175,7.326459064827214e-05,98.5789011596342,186557.4378753982,31.824557799879432,13633.110159075171,1.0573017693464846,11.937242612942933,0.5587593032767956,0.0
1629,490.94105445904086,0.05988487835026701,7.546639507349323e-05,92.4975578141231,186666.98822702022,31.73314206189969,13625.996910395548,1.0492649493020874,11.921579024595818,0.5587709224946552,0.0
1630,490.8561642289492,0.056752232506301126,7.574574936978805e-05,96.55905087120914,186780.6292753146,31.842048209715646,13618.8877734682,1.0515237398737025,11.917304828391709,0.5731973465716007,0.0
1631,492.225097303622,0.05545727555510627,7.797664739334573e-05,100.35405245759094,186898.10340696512,31.691827448563533,13611.78274581225,1.0535957119245856,11.89701005316939,0.5732091773307534,0.0
1632,492.40935590266355,0.05250524781214716,7.830279738990062e-05,99.47473097812576,187014.75750161996,31.802623369851066,13604.68182494843,1.0724570813150323,11.927851976594892,0.5899045045558154,0.0
1633,490.26347119855814,0.061468092940881625,8.070151322172011e-05,100.14990634628555,187132.40511113819,31.70529181041321,13597.585008399074,1.067658990209981,11.918080124215342,0.5899166131455276,0.0
1634,489.0893475340492,0.06495018460138768,8.107465894032245e-05,102.07440412059519,187251.94442124246,31.83868875630961,13590.49229368812,1.063557566063103,11.934837251917218,0.5899288962638498,0.0
1635,486.64092230594304,0.07135690390128668,8.140482261658319e-05,103.01531693561103,187372.3441919911,31.83693555066193,13583.403678341108,1.0760709007491556,11.901318904645857,0.5899413908643051,0.0
1636,482.851811198641,0.09037092679834302,8.166320854156152e-05,105.56936636618725,187495.21177325814,31.92834693603889,13576.319159885183,1.069019489824257,11.897592738864105,0.5921180349933264,0.0
1637,489.85126829298986,0.08121025411425764,8.171702330373254e-05,107.80185280230475,187620.15257853616,31.865943418772126,13559.934603994017,1.071791515650545,11.877366388711648,0.5908641847817141,0.0
1638,494.25230692433496,0.06784942922526993,8.377522491181194e-05,103.46229111300067,187740.84533640163,31.799250826447313,13552.858271908084,1.0631794507375727,11.871246147365216,0.5915824334810619,0.0
1639,496.17753217789806,0.059102586458484874,8.404606269429751e-05,101.73369655493117,187859.93416498232,31.903625439203502,13545.78602930426,1.0598809858724005,11.873944951894323,0.6148936393145998,0.0
1640,496.43873605973823,0.05820579758290845,8.44047625295985e-05,101.09086901506477,187978.49488932302,31.993432273386254,13538.717873716074,1.068281170605381,11.85305321976091,0.6228616157663704,0.0
1641,494.996347866467,0.06366825409294552,8.476877067960543e-05,102.09654550341884,188098.054624914,31.885674519733247,13531.653802678664,1.0599457888423724,11.837999335890192,0.609146577607235,0.0
1642,496.91054129874567,0.06054975959561548,8.507700579851739e-05,101.85623245977496,188217.3064533443,31.839906325886844,13524.59381372875,1.0620040352016713,11.812143163429212,0.6091596411610449,0.0
1643,492.42457355355026,0.07051616127571747,8.541418167280242e-05,103.97535044030928,188338.71223792218,32.01759844193575,13453.384266687588,1.068458435763372,11.774382068179984,0.6075434319913146,0.0
1644,492.2267054546689,0.06697172236934279,8.566147807696488e-05,103.47319059803067,188459.55568381934,32.106333080159466,13446.384694838684,1.066514806714617,11.758655171140262,0.6371025018905189,0.0
1645,493.6626145567683,0.06559959088735012,8.594321056392589e-05,106.78001701515099,188583.70911614734,32.07739446015165,13439.407408645724,1.0695992568424872,11.745155202079165,0.6352033297446812,0.0
1646,492.9174351422285,0.06688422839260388,8.623566166995907e-05,103.18871163576982,188704.34147347178,32.122456231979434,13432.415848749644,1.0672595162474314,11.739287596488493,0.6472879782421854,0.0
1647,494.0208177049264,0.06588597522395734,8.651086994368006e-05,97.61349885556513,188819.35996966637,32.109370826629885,13425.42830131073,1.0756893607538822,11.72193862560793,0.6459787731835789,0.0
1648,490.01394115224764,0.06794809993357975,8.679311972653569e-05,103.28082114909468,188940.0205873737,32.06774914985194,13418.444763938323,1.069333331256212,11.697022022327502,0.6465790476034207,0.0
1649,490.00677538365727,0.0658656766675042,8.704997041991582e-05,100.63873115381381,189058.10064044362,31.99262496200682,13411.483442458786,1.0633635596179303,11.695672268706634,0.6445809609590899,0.0
1650,491.4675002853596,0.062118632340069646,8.732680672943652e-05,-606.4214755025612,188469.0402540365,32.05239165797189,14289.56435445707,1.0662610667679193,11.679193460796892,0.64299485661996,0.0
1651,494.4854560412805,0.060371762330070466,8.765816164487837e-05,99.2318145524753,188585.67310214657,31.998097056362266,14282.106021882817,1.0665833088552708,11.66549779684921,0.6396888905447076,0.0
1652,493.9990984997533,0.057720911227380545,8.800347799859199e-05,94.48135343897354,188697.56539421622,31.90068841806951,14274.651957595697,1.0574570723232097,11.653262697037066,0.6659363525573448,0.0
1653,496.2785448433566,0.054921101161068075,8.837371763500633e-05,99.92341452389358,188814.9453856045,31.92207765488661,14267.202159065328,1.0618739368242762,11.631523579276548,0.665792086858209,0.0
1654,496.39928801351454,0.0530773730885854,8.877266302361768e-05,97.76223869091393,188930.1774968683,31.996573953123495,14259.774771957387,1.0583394189031359,11.614640931607546,0.6659262592875484,0.0
1655,496.02182123374274,0.054118359679701356,8.920578815453584e-05,96.45121932959873,189044.09831882486,32.02036347154095,14252.333477392725,1.0617190082205432,11.592304900576192,0.6486199516790628,0.0023664338910904803
1656,495.7567718813544,0.05466751235792677,8.961904634063979e-05,98.67316443814796,189160.39936382923,31.948198932542283,14244.914569256634,1.0578757355356054,11.565508208680281,0.6504554217506718,0.0
1657,495.80097365463007,0.05625230179379659,9.0020081800224e-05,97.19181472669621,189275.210661044,31.86696190437381,14237.499896852562,1.0616276943551066,11.548544350712017,0.6519771877353251,0.0
1658,494.435995998759,0.05953106162007893,9.039955281082994e-05,99.78850468871681,189392.5936983961,31.989976158755717,14230.089457679987,1.0626244174275024,11.506748048375629,0.6594305847688482,0.0
1659,493.0723162534257,0.058878320714516486,9.073993606375557e-05,101.276489622123,189511.39550058334,32.05297346950878,14222.683249239957,1.058478912052865,11.49856375621912,0.6598456510521187,0.0
1660,494.677419843023,0.060843495556912375,9.108337436506297e-05,101.1155055694146,189630.0342820473,31.996875282515564,14215.281269035077,1.0549508603100526,11.473041127652301,0.659298882011837,0.0
1661,490.8399062092502,0.0675281385171369,9.140200297806466e-05,97.27071709034088,189744.7741315402,31.963501020594403,14207.883514569518,1.0587403563440003,11.462646709672592,0.6617512581914584,0.0
1662,483.8485890231195,0.07718610649293811,9.162887655444997e-05,104.12918172296438,189866.19102296978,31.977877017051735,14200.489983349004,1.0589497606635287,11.45411157420698,0.6318863059535686,0.0
1663,490.24285674676156,0.06307552796865223,9.176696247861931e-05,95.82710756968761,189979.11898902262,32.00472066587502,14193.100672880824,1.0538440886937364,11.445211330019564,0.6318569415395968,0.0
1664,488.1444075508796,0.06653731837610088,9.205128257371481e-05,99.16338887758519,190095.79398404527,31.91448626520741,14185.715580673825,1.0492586884927557,11.419073937382409,0.6306067996308743,0.0
1665,490.32601621892167,0.06585472610105192,9.228834397693137e-05,95.81520937890653,190208.86141584584,31.978784784142572,14178.334704238407,1.0490087028900206,11.402358279739108,0.6317764185676263,0.0
1666,492.4403196352055,0.06615002949209325,9.25287562701087e-05,98.73717878905683,190324.9236642857,31.887209557418835,14170.958041086526,1.0525435889410195,11.376965745573456,0.6135217507396257,0.0
1667,490.25756853440356,0.07525335616198348,9.27601912924685e-05,97.67226818356573,190439.93043333958,31.80611914091573,14163.585588731697,1.0577363677434644,11.366042759740026,0.6140242528579802,0.0
1668,487.24946167483654,0.07856957856645153,9.289053350728594e-05,99.9587219529306,190557.12157493236,31.903000263497557,14156.217344688986,1.0535859890847044,11.334865230287988,0.6120880985867427,0.0
1669,486.52963311934667,0.07838751728568294,9.298102062105176e-05,101.20829795271972,190675.55683417877,31.894921515847553,14148.853306475012,1.0540646298971081,11.290956128627352,0.609879868718922,0.0
1670,487.53117103894647,0.07454293751089158,9.307138460042702e-05,103.40523495683283,190796.15529858955,31.864885302812247,14141.493471607942,1.0723813372195208,11.282158563006323,0.6065999545293436,0.0
1671,487.8078732095268,0.07260709477981886,9.345251549146272e-05,97.60282088123692,190911.32560997258,31.80589452265161,14134.1378376075,1.077992521988694,11.265705840272615,0.6055714067276281,0.0
1672,485.67056663582855,0.07770783382899094,9.395040843899716e-05,99.6651911096349,191028.6911036485,31.847734425785305,14126.786403618866,1.0727695143498694,11.247783510974582,0.6054364610547596,0.0
1673,487.3095534024001,0.07553294497791763,9.438846866644743e-05,100.49531203514381,191146.82024475123,31.82369308297618,14119.439169774509,1.0665907154857543,11.22092246522484,0.6038930466867544,0.0
1674,485.5746950212236,0.08140342791767974,9.48433973665297e-05,100.89627509455,191265.35511973014,31.923685258096405,14112.096133685522,1.075176613628427,11.201717555764965,0.6025083327905794,0.0
1675,479.75477798269014,0.08746216230697301,9.523187176301896e-05,103.49194215614152,191386.4114153022,31.914017320243282,14104.757291634416,1.071537284012744,11.18227783688851,0.5977670667654725,0.0
1676,481.36307221658154,0.0838051128847731,9.555121083863897e-05,103.86576841149194,191507.74438524325,31.536536141178107,13858.438844375818,1.0722243727619534,11.178909429693336,0.5974955303772895,0.0
1677,481.9217537439454,0.08068447900401221,9.590533298267812e-05,99.91558340754841,191625.15210882464,31.48518200527672,13851.239814439099,1.079733159089348,11.182583986930762,0.5974123041610142,0.0
1678,480.95097618452445,0.08150670133925719,9.633163925351824e-05,100.51510483482178,191743.25467512713,31.50574552296111,13844.044898623059,1.0750999368056855,11.17541285286471,0.597090782526587,0.0
1679,478.74378989892705,0.08616245357164898,9.675537172432118e-05,105.15660010156529,191865.99103050245,31.37376353097604,13836.835986039594,1.072504113247833,11.18262331978739,0.5917394315507991,0.0
1680,478.7784368196521,0.08502398261465327,9.712443259407868e-05,-544.1589847138769,191339.35872039606,31.32013325443103,14146.633743410865,1.0731255951073908,11.191756484842294,0.5743660325344314,0.0
1681,483.6126830144871,0.07587346569054731,9.75009687891481e-05,98.11102885129743,191455.0165243544,31.245662037575237,14139.276818227663,1.0743855225734766,11.195844575963628,0.5739731619947003,0.0
1682,484.6218429755022,0.07695601065509028,9.79702713369791e-05,103.36592809320791,191576.00504511636,31.358674496708495,14131.906006970345,1.0729573146665539,11.205554542092969,0.5739853043012603,0.0
1683,485.67253958919605,0.06987468831465526,9.843161807632805e-05,96.99684947228953,191690.72591869588,31.281072365981522,14124.547101816264,1.0601502931224482,11.220041949908685,0.5734532884818075,0.0
1684,484.6908068289907,0.07931676868695847,9.897021221112391e-05,94.55457797607878,191803.038837924,31.331000411090507,14117.184722094542,1.0699937122915923,11.210555350352342,0.5734653967053871,0.0
1685,482.6329982385674,0.08400857154306163,9.939637580869958e-05,103.04679756365879,191923.68409509686,31.30034611043059,14109.843037745693,1.0632846581427668,11.2090737642386,0.5734776472768726,0.0
1686,481.9037034027436,0.08868689462584434,9.975791727539781e-05,95.21281469630898,192036.37238461414,31.410484106802855,14102.507105147466,1.070163221489771,11.217405986070945,0.5734899002927799,0.0
1687,485.614426849782,0.0711711667685827,0.00010006520531913124,94.62641043947818,192148.3459307571,31.38917800401463,14095.175362003934,1.0545389277952875,11.219613129697057,0.5735021958693043,0.0
1688,484.01669028196306,0.0683446422854408,0.0001005548768635469,93.06374596599582,192258.96223679985,31.404281943169558,14087.847801361579,1.062985972419265,11.21277341660012,0.5735139799371232,0.0
1689,483.33636626040595,0.07287637534410718,0.00010106927113292929,94.23998897682813,192370.77181261615,31.381483097050296,14080.52442074048,1.0634907832225449,11.213179983566468,0.572996411878224,0.0
1690,484.8238336386695,0.07713367775713575,0.00010151030243416711,95.04938203150566,192483.32358250653,31.549946408402572,14073.20521765877,1.0606223677110418,11.223826977031726,0.5727766002897374,0.0
1691,485.90882611738664,0.07304444392865828,0.0001019009262032043,93.67493206822445,192594.4669503305,31.01577479918277,14065.890238284695,1.0646961120978133,11.226554537594627,0.5549524220257676,0.0
1692,489.5200072852404,0.06354575111565153,0.000102330338652278,91.62503856774272,192703.717535672,31.03242856087112,14058.56139596234,1.0659583528206074,11.22441940380025,0.5748347259897627,0.0
1693,483.2829798376701,0.0758412645694625,0.00010285622197137957,92.89494880194603,192814.31691888825,31.121978042790325,14051.236743516383,1.060204578276792,11.225637145344736,0.5839819360559753,0.0
1694,480.91622812304416,0.08411317425820608,0.00010324410612720598,97.51495271102343,192929.3432527743,31.039765654873598,14043.916278435689,1.0545915646817676,11.213890036072188,0.5825746187920535,0.0
1695,480.81517499108685,0.08433203314518911,0.0001035395255585999,95.30379340390179,193042.0329642827,30.997938362763573,14036.599998234728,1.0581612645935323,11.214495377290925,0.5651006821489842,0.0
1696,483.2144538986285,0.07705293349068076,0.00010385141376298434,94.25431346883074,193153.66214103778,31.122891097979505,14029.287900387953,1.0477918915411086,11.216645348395184,0.5651125326329053,0.0
1697,482.6629903484949,0.07926366153836362,0.00010423686633430308,94.78646301352025,193265.95779820098,31.028747189899843,14021.979982446417,1.054714466716997,11.20192235451022,0.5644508477028211,0.0
1698,486.3982307847566,0.07895839955651307,0.00010459437148440595,89.41475453683809,193372.87110653054,30.926989570259963,14014.694158688895,1.0644375458043558,11.20298939949505,0.5618361716843342,0.0
1699,487.50255918909335,0.07647716291112872,0.00010495370387247887,93.0412331577823,193483.3224058489,31.121762668240823,14007.394573701835,1.0640439035903113,11.194042485670485,0.5611033682218337,0.0
1700,484.9039531167032,0.07986116364023665,0.00010533245580956606,93.81192853803637,193594.57110196722,31.249400692868942,14000.105600887573,1.0569210030165186,11.198128588399939,0.5612006647612523,0.0
1701,482.4266715643101,0.0788951427736474,0.00010567086816275929,94.04598783232393,193706.00099251984,31.381050728669997,13992.832235709171,1.061278348677622,11.214155302749136,0.5612122861189461,0.0
1702,484.2410842531971,0.07470051306682535,0.00010601521863467165,95.41391474867709,193818.8318294246,31.21786354259241,13985.563018381232,1.0479289248817187,11.227478562428947,0.56122360374291,0.0
1703,487.3098953111675,0.07417148957838693,0.00010639981785363885,95.13421265325456,193931.40546098416,31.236772218639285,13978.28006199969,1.0628985276211314,11.256436787707774,0.561235061214834,0.0
1704,491.13128319936357,0.07075018160744029,0.0001067853612326136,90.4990728473478,194039.34658268897,31.051925608313685,13971.001268263179,1.063853883480858,11.274144202158245,0.5612465216411584,0.0
1705,489.282593558097,0.07789163037318181,0.00010720261885009585,90.29007620352817,194147.10171932116,31.18810709788836,13963.726669145113,1.0720209507956302,11.287560117546985,0.5814608680695238,0.0
1706,489.80478826828784,0.07664998173172488,0.00010753896528705694,94.55167474516158,194259.06647707697,31.03262396710212,13956.456078838733,1.056609603897466,11.286848535303552,0.581472641834159,0.0
1707,493.45254385879434,0.07321743294433747,0.00010788421495939619,92.90072487323616,194369.39469789513,31.0928006591651,13949.189644176544,1.0564941641602839,11.307132910000083,0.5814846034387012,0.0
1708,496.6855475944634,0.06531643273916421,0.00010826161470825659,91.22381301373538,194478.06259194785,30.95037912375036,13941.927362700439,1.0586490318929682,11.324402648216767,0.5862119630696997,0.0
1709,492.8519933450086,0.06997569106593382,0.00010871846783799744,91.54956463855424,194587.1644098833,31.079669586946107,13934.669231953852,1.0576049450554121,11.340839135611533,0.5855579114887159,0.0
1710,495.3029841311099,0.061595932331614534,0.00010912053266768828,90.01345079500233,194694.65796577424,31.07663907155587,13927.415249481764,1.064589909679733,11.350817590951833,0.5858394973200632,0.0
1711,499.10647662593897,0.055355393060780966,0.00010960696403918405,89.80811164457342,194802.14374855778,31.18521602204498,13920.16541283069,1.0556844205801639,11.360504223130246,0.5854333266387602,0.0
1712,498.1412379636501,0.057649181066214306,0.00011015436277463253,93.01893402845705,194912.9082471335,31.15841807939771,13912.919719548683,1.049332863175602,11.370372657096066,0.584853899996471,0.0
1713,498.05297969203934,0.06151971555690705,0.0001106714635765296,92.51218965212732,195023.12398914865,31.206456416653015,13905.678167185335,1.0657876536062778,11.391786508740207,0.5846133197608586,0.0
1714,498.3842178700761,0.0628052893575024,0.000111239186934397,89.31504235086804,195130.2786546386,31.100826611445964,13898.440753291776,1.0856925036739888,11.398125927538098,0.5838811237158409,0.0
1715,496.62720677066864,0.06860918343623501,0.00011178700668462255,92.85473085407355,195240.93719029694,30.931120616709013,13891.20747542067,1.0649802082288633,11.399200467792333,0.5840775996017961,0.0
1716,494.7887209844912,0.0713311787726999,0.00011226700279663428,92.45431542534286,195351.12268419494,31.072154452019408,13883.995961518134,1.0710216896682785,11.411312015359831,0.5844747627522502,0.0
1717,483.0324561552064,0.09577013113838684,0.00011264857689557674,97.09438358002696,195465.82604492042,31.167394138719473,13876.788559354549,1.063026642579434,11.415090274749737,0.5831761686190559,0.0
1718,484.8374038041919,0.08816607688537226,0.0001127654424687779,96.02596280988783,195579.10778245848,31.290044421979804,13869.585266508513,1.0711081871922135,11.423985439273991,0.6376626529059397,0.0
1719,487.65761680327654,0.09259881419518434,0.00011296055226986424,97.52177046249786,195693.98462074753,31.155964554597617,13862.386080560129,1.0639465797513348,11.426066017174664,0.5826252197189482,0.0
1720,485.3457579221737,0.09078498323344841,0.0001131052435524643,94.54585278667986,195805.80184054977,31.177462896289093,13855.190999091008,1.070963807695256,11.43005168839649,0.5949185917287725,0.0
1721,488.09899230320974,0.0855057919825184,0.00011326636634930999,93.42133616602307,195916.49932585278,31.012724742567947,13848.000019684268,1.0648997464678402,11.428293258696018,0.5922961183355806,0.0
1722,485.1302377697201,0.08693593564141366,0.00011348067057355758,93.79866638397758,196027.6436371537,31.01716422995415,13840.813139924529,1.0638594009514288,11.428500941979037,0.5923085686690214,0.0
1723,484.7271810511228,0.08855281618844468,0.00011367636807572338,96.03537450137195,196140.97590082485,31.078267237088745,13833.630357397917,1.0705334557812394,11.430240387399495,0.5961961931718666,0.0
1724,482.6587282991288,0.09422492656369286,0.00011385161673284019,94.71792945131322,196252.97607082018,31.074118894121288,13826.45166969206,1.080002747788599,11.435227310332479,0.5953409970796363,0.0
1725,485.31018033587145,0.08942529649685271,0.00011396342765083467,95.65455407373874,196365.82516854565,31.18560220730407,13819.277074396085,1.0664967007491915,11.428700416797025,0.5953535872749931,0.0
1726,487.95340868446317,0.08165884691218661,0.00011412370560855836,92.85460712708098,196476.0314915362,31.00173841816209,13812.106569100624,1.0766022169691096,11.430299982792672,0.5941684086126495,0.0
1727,487.70823512879326,0.0820384213141403,0.00011436365254357525,95.07562401513181,196588.512997792,31.051136711404883,13804.940151397806,1.0645690817049769,11.423172929314385,0.5947173054937723,0.0
1728,490.26560946126665,0.07723756460137055,0.00011459599259751453,93.6364424923287,196699.5529476551,31.118420812404068,13797.777818881257,1.0603115378182646,11.423255681678565,0.5942113636330706,0.0
1729,490.4753055133437,0.07856336719061296,0.00011487590668449724,92.92598516265667,196809.90917402226,31.14230761363589,13779.837044706539,1.101077054145524,11.423332977853494,0.5944222439851606,0.0
1730,490.1638324282066,0.07868619957620449,0.00011555578094378131,92.8941349411689,196920.82487102336,30.933324186753875,13772.682875349405,1.0841937679004332,11.402945732663369,0.5937335273877298,0.0
1731,495.52381311870016,0.0681903510579196,0.00011622665246389583,90.09681438569775,197028.93396062223,30.87302441585776,13794.419445215932,1.089033506197282,11.412065124552333,0.5940809466513273,0.0
1732,498.9508963275318,0.060985287727414184,0.00011700157723511634,91.05408494854173,197138.10982161196,30.825372031634586,13800.376889085475,1.0931965142754636,11.437051391726138,0.5949590184467265,0.0
1733,497.9867551200191,0.06480503948398875,0.00011808143627661235,91.62240723804388,197248.06950285885,30.858439497853684,13797.286830086781,1.0829680126684493,11.452312998819353,0.5952093162666743,0.0
1734,497.50543618281796,0.06790614634424452,0.00011910948216517224,92.91288740782966,197359.27644811597,30.914004941656632,13795.976170505513,1.0848951094341255,11.482178922273132,0.5963851945079761,0.0
1735,496.60119252152896,0.0690438022867561,0.00012009376069417963,93.39316698715031,197470.91970537006,30.957988315894085,13794.500827673935,1.0868317800532954,11.510173979852754,0.5955565968018041,0.0
1736,503.2573707809323,0.05829952338672373,0.00012105550123435617,91.22566535726433,197580.45807192242,30.97835832381273,13792.536155876409,1.094331833499759,11.534741657196129,0.5795472104392617,0.0
1737,505.81749929200697,0.05763462235975658,0.00012212130447148594,92.01748349709275,197690.97569117145,30.935251390361714,13790.107753024247,1.079825623424732,11.55306706756191,0.5789906443853868,0.0
1738,501.93384466566,0.07041728333426511,0.00012318314054818728,94.19524103857191,197803.67037961562,30.953867727206504,13782.949747657773,1.1070606955247249,11.58255820587409,0.5788573637816709,0.0
1739,497.17954319513,0.07305530427932772,0.00012418197568727832,97.79941171635693,197919.99407045808,30.899756436557894,13775.79653555824,1.103571199271518,11.590079044805076,0.5929128930954772,0.0
1740,496.37623541045775,0.0742500887673353,0.00012522645177895364,96.75680702448263,198035.27104048722,30.89807873099608,13768.647006494879,1.1029302297480703,11.606979158152077,0.593533277559783,0.0
1741,495.3425880533138,0.07806137014615178,0.00012627659806241422,97.11952320237292,198150.91498806686,30.92371260964929,13761.567366523685,1.1033605194315617,11.625718973250702,0.5950772530175563,0.0
1742,489.65982388953,0.08897096762575085,0.00012728077652184172,96.49416463781039,198265.86635387212,30.933940189034658,13754.436101582487,1.1015970362508687,11.630790540123792,0.5930205395274987,0.0
1743,494.28046421430145,0.08247842547382889,0.00012815794569398682,95.67233997729112,198379.7077033288,31.30427799287642,13747.308914371633,1.0960672097255368,11.630056399884277,0.5749343037828543,0.0
1744,492.73293191702123,0.08882325195539498,0.00012909458561138564,94.93081106133117,198492.85088705295,31.19499455424161,13740.185802477283,1.1068796573222868,12.607245834725438,0.5901525783522615,0.0
1745,492.6084826584241,0.08956685927746888,0.0001299533105592201,100.16462494103703,198611.17236524684,31.381761633831964,13733.066763487113,1.0915939700481563,12.584730327609469,0.5947877626177384,0.0
1746,494.8255826436576,0.08744852249428037,0.00013079470817795383,99.77356348284833,198729.06756597824,31.386689563034302,13725.951794990313,1.0993111507556328,11.679933507315436,0.5948005309993135,0.0
1747,490.9676966767637,0.08705026781112091,0.00013164897446125105,98.3628755841403,198845.5062180497,31.344154924981748,13718.840894577588,1.098686567752253,11.672319399572759,0.6181334537732771,0.0
1748,496.7604910655952,0.08220049874104796,0.00013253763687874569,97.63810801751863,198961.23633814356,31.37802082177322,13711.734059841156,1.1023740734797376,11.662411363788634,0.6161361352644142,0.0
1749,501.28198613891277,0.07753360050032443,0.00013346780777477438,94.43368113460363,199073.79668307342,31.340010757208056,13704.631288374745,1.0996504946936088,11.654076727517358,0.6152010066690075,0.0
1750,499.787284078575,0.07816667404078836,0.00013443769303491635,97.88024022648165,199189.828846084,31.36729335389597,13697.532577773596,1.0979066090844054,11.63820768338797,0.6334157821750694,0.0
1751,496.3103872659259,0.08882244557489172,0.00013539014383620444,94.45360799512711,199302.3962426167,31.232103333572496,13637.821570870974,1.1072861852553846,11.630722343121397,0.619053382452104,0.0
1752,495.13828152711,0.09767466686002968,0.0001362186574959876,97.94698548432613,199418.31682465423,31.32841780484071,13629.81762988892,1.1036914041073023,11.610294904226546,0.5990092384451863,0.0
1753,499.53506254466527,0.08886187950678348,0.00013694411324372766,95.5465085785885,199531.71277492732,31.392739459023446,13622.731087470078,1.094368469754496,11.593942882035117,0.6075733583252338,0.0
1754,499.3779214076944,0.08847629059386297,0.00013774370040189725,98.7510864012158,199648.41659787713,31.382784548025317,13615.665861854535,1.1078941199301504,11.580355895712856,0.6081730389821796,0.0
1755,497.45365472839876,0.09639133491263585,0.00013869861364071483,98.96499596513178,199765.50760686153,31.285974353497082,13608.604666110976,1.0980443530657529,11.56560276794542,0.6132316991900724,0.0
1756,502.35689016018756,0.09093534785266455,0.00013955373444366148,98.05635921473228,199881.64969074656,31.55761328541062,13601.547497864574,1.1021894449951484,11.555693364753234,0.6129292496321983,0.0
1757,500.8974642964365,0.08893204870394744,0.00014045684189409067,98.35590589216255,199998.00133080393,31.607713749746697,13594.47708919999,1.1024447499408858,11.555892644566342,0.6150034409726067,0.0
1758,498.8139372708182,0.09429082476536876,0.0001413708414697656,94.24516613009956,200110.23535798813,31.2413494449486,13311.72148404814,1.1001860314566774,11.545959963403757,0.6148061185004327,0.0
1759,500.2608570986737,0.08905310752436191,0.0001422290205978287,92.362337722149,200220.50126531877,31.17489980214424,13304.828022625674,1.1093148406031996,11.52505975955648,0.6305207704020024,0.0
1760,497.3810288036468,0.09582254042887572,0.00014313283880535525,96.10167681301051,200334.53516266838,31.169422415508468,13297.921249264744,1.1006596467339216,11.504454994365707,0.630983134940431,0.0
1761,496.42368029927377,0.10019248336070263,0.00014395649100300127,97.2146633579876,200449.58721886252,31.183477237722638,13291.018427164885,1.103830817303719,11.491783818475955,0.6154526575982249,0.0
1762,506.1185555174087,0.09214107748338818,0.00014472382837330534,97.92784103714271,200565.30329855005,31.28164890866465,13284.13676261347,1.101056178674508,11.479709261720462,0.6154486706189088,0.0
1763,505.3377477592571,0.09535413339354404,0.00014557628978989587,97.91537335494343,200681.10400160647,31.159484661321972,13277.259025713141,1.1045606407672597,11.461794414537632,0.617092854234731,0.0
1764,504.71727294027096,0.08672314286028548,0.00014638452342004065,94.8505190428179,200793.81115680918,31.280532036345463,13285.618064633089,1.1066892388373815,11.444867207332926,0.6474356657439111,0.0
1765,505.0072788176942,0.08873323198569472,0.00014726838562032713,93.42382479533892,200905.16196411455,31.16019677438107,13280.236911339764,1.1026927006366538,11.415734708834385,0.6308287395459112,0.0
1766,499.70972271872404,0.09129173998095941,0.00014812060684184228,84.25385805702757,201007.34213218166,31.01223441219613,13275.417433878012,1.062254804704713,11.405163817533877,0.632323903944536,0.0
1767,497.90033992511013,0.09612994102806993,0.0001487912862889996,92.14156075218648,201117.28595559392,30.93188914936882,13270.011217958288,1.0936514819241716,11.402070501392425,0.6311480220139511,0.0
1768,495.8208160482697,0.10008010552211033,0.0001494021414548894,96.1046469522932,201231.2252975566,31.23596304453256,13264.748111395935,1.0854961037363808,11.381746846600574,0.6198099262049713,0.0
1769,493.52388264139364,0.10168844339324112,0.00014990200736151192,94.88829890404315,201343.77061403356,30.99525614715555,13259.120815872777,1.095457583313532,11.375803560482332,0.6135030474832951,0.0
1770,489.4141991759366,0.09808891141280296,0.00015037784128873685,-482.0166015419349,200879.35613218189,30.901280054879663,13527.00451620178,1.0905286952034143,11.357978660404912,0.6135164122998895,0.0
1771,493.87511252179877,0.09201848633209608,0.0001509258704102849,95.17038144601919,200992.49428591636,30.973059667430004,13524.829840846563,1.0929412818221975,11.348531467650798,0.6135296387532082,0.0
1772,491.2014792536733,0.08871941115463067,0.00015153113820457568,96.47806820338087,201106.972793635,30.980210248227902,13524.399015008152,1.0856957630772857,11.33344721302482,0.6284491861791761,0.0
1773,490.69330769800627,0.08389450190673031,0.00015210068497749265,96.98386625360425,201221.94709961885,30.97403473295314,13524.308130678113,1.0796645782504684,11.32465704201006,0.6440347330358055,0.0
1774,490.21573945938513,0.08305710270431266,0.000152714186477213,95.96278273611365,201335.89874937324,31.058514163110104,13522.951938763867,1.0958309990642483,11.318592361041272,0.6443726221158191,0.0
1775,494.1755435727408,0.0775905501390064,0.00015332888734305813,95.71607951751156,201449.69393489734,30.970586602758218,13510.636996899224,1.080592370592727,11.29709181472578,0.6426779777442729,0.0
1776,490.65401353634667,0.08596064758890032,0.00015399403844273155,92.24617343986337,201560.1418143211,30.98625382069446,13509.349214986376,1.099203231339608,11.288719617828917,0.6399511112347126,0.0
1777,484.9324566394138,0.1006712191152288,0.00015456204017839638,95.8110563772335,201674.00967934585,31.02588502610809,13504.762707904645,1.0843248272046497,11.264930932856565,0.6382914249904925,0.0
1778,485.39635230314576,0.10223008656166188,0.00015496617401016547,98.37476146619886,201790.15180861522,31.07676531151208,13498.924967263274,1.084235969740314,11.243334184566528,0.6353408317131886,0.0
1779,481.96650522939444,0.11021612353142773,0.00015534762522367688,99.65028332403548,201907.48861775783,31.02345276676666,13492.89704336578,1.0894766525824717,11.22574128576737,0.6309290567013783,0.0
1780,488.7167796829493,0.10857915549485209,0.00015561647522464213,99.15718192058517,202024.18060038137,31.055676095193984,13487.085277098311,1.079741179200565,11.212638920222737,0.6308447676966493,0.0
1781,488.28021645464275,0.11020395866924615,0.00015589772718964582,99.0177750272567,202140.8090270001,31.095116077166182,13480.111361565936,1.0874294104173354,11.19329165843664,0.6294896851294303,0.0
1782,489.4551852665819,0.10797751578412274,0.0001561565872650967,98.96023145966102,202257.15295917183,31.166421047701768,13473.158507429698,1.090518826984594,11.174027118997795,0.6264260850254633,0.0
1783,489.7709058850626,0.10389145523184962,0.00015643420852371945,98.31303317539243,202372.86202891302,31.04331416594519,13466.209616991237,1.0802225285377358,11.151941270894383,0.6247907660235682,0.0
1784,488.9270440951888,0.10056041363287749,0.00015675024033808227,97.57581441053695,202487.932271895,31.117957780027716,13459.604688842537,1.0802694346449473,11.134905047819917,0.6214464248389818,0.0
1785,488.5725579301283,0.09948451634631028,0.00015709636300119165,97.67273458155142,202603.01844284346,31.094449109818555,13452.663718800202,1.081741189519956,11.119755313843994,0.6204774092353813,0.0
1786,484.4859165708235,0.10616110226877151,0.00015744835869133808,101.94130901764728,202722.38101841498,31.133488877719074,13445.726705459123,1.0796295767473392,11.1082064560735,0.6183076303100618,0.0
1787,482.5760669359389,0.10509119960645574,0.00015772370194574894,99.1514224070338,202838.8272153036,31.054560712021836,13439.401714215337,1.083709673435054,11.10190070390571,0.6163504408811818,0.0
1788,478.2654271604846,0.11068489891839206,0.00015800540354442698,97.05881558650846,202953.26814643186,31.049238065534137,13433.207694340828,1.0849864286791098,11.082879459291632,0.6136584586595148,0.0
1789,481.2248149275992,0.1059199412078301,0.00015822252001129123,100.55869365209425,203071.07099051625,31.1204121792626,13427.030195880632,1.0825144693041593,11.064421078031568,0.6134024497788004,0.0
1790,481.2315362912722,0.10453760294085934,0.0001584857638658169,96.39673313741157,203184.88529933608,31.129548075571734,13420.108986066369,1.080069560924085,11.058408463585753,0.6117508006692695,0.0
1791,480.14794646388617,0.10679804701482143,0.00015875879902016476,96.17463020084053,203298.32175052358,31.053910291179225,13413.398074880184,1.0857675154211712,11.043756263922319,0.6103635011211508,0.0
1792,483.59556956402713,0.10458574527858677,0.00015900279739698809,94.75900882760155,203410.3530497508,31.058235616397724,13406.501048899543,1.0849008034598169,11.028333831853068,0.6080778713691992,0.0
1793,478.9609751241614,0.10866299097525567,0.0001592655752213288,97.91988994226331,203525.59425851208,31.044975751137088,13399.57464706109,1.0708087697277804,11.004146167077062,0.6069852628336094,0.0
1794,481.41510241121694,0.10491467631865103,0.00015948007450430478,97.2713696493338,203640.18803875567,30.992673180450808,13392.652202052557,1.074546780132718,10.993648954867043,0.6059985817572657,0.0
1795,478.6039247511776,0.11197719838902087,0.00015972993163410702,99.23414723084167,203756.75376911112,30.984975272909196,13385.935644705649,1.0800789950596363,10.97963212119722,0.6046238435054136,0.0
1796,472.5341128564297,0.12114529124285311,0.00015989985608697507,99.99970572505342,203874.00933000463,30.961396764214694,13379.031767475806,1.0767851368206898,10.971860649760778,0.6177860368888325,0.0
1797,472.79789883991856,0.11973526117236932,0.00015996805756632069,97.42618785356218,203988.51362920075,31.058666357418787,13373.261017159772,1.0767489228855145,10.962271299735281,0.6372393828576209,0.0
1798,471.15083148001537,0.12594587928036882,0.0001600478658724328,101.46097512930645,204107.04898825334,31.02660021794027,13366.861737016514,1.076324267019986,10.956046464027139,0.6336287318142071,0.0
1799,478.61660461562144,0.11002418572909745,0.00016005811456417662,97.82462411069027,204221.88421534578,31.13837867793941,13359.99420094534,1.081141498856536,10.947896736214707,0.6198820104439355,0.0
1800,484.88006908308785,0.10633141069730245,0.00016023482554765567,98.06753748504804,204337.1231557401,31.067178605754748,13353.095380277411,1.0773272121371993,10.933378263599227,0.6173421479681357,0.0
1801,485.2867110248942,0.10314579708429239,0.00016044662346301696,94.93266752507546,204449.23949341272,30.9832071515521,13346.20050017639,1.0638823080722637,10.919043230746036,0.6135846946516428,0.0
1802,485.9433879458153,0.09806673334166816,0.0001606980890854368,93.28180781044428,204559.72918283875,31.053043709764857,13339.309558314126,1.0717717335047738,10.912373990631696,0.6108175360106969,0.0
1803,480.1357684661484,0.11188848634798043,0.00016099881502598857,96.59837922741464,204673.56853781865,30.951946337550876,13332.94319662757,1.0670289515926337,10.906136932743777,0.6189014840859419,0.0
1804,476.403350932981,0.12083959187342075,0.0001611750305521885,97.01857269166923,204787.7000501817,31.046531495430038,13326.1162031016,1.0693959667276223,10.908859516579259,0.6151384253496172,0.0
1805,477.6408874360091,0.11887922699339715,0.00016125175555556986,98.87992094651499,204903.55952236935,31.08505528138678,13319.237062001284,1.0737618158383488,10.90918332611394,0.6122364795044607,0.0
1806,476.0539854220652,0.12180409749129228,0.00016134584974111205,98.49639166277336,205019.06443935412,31.108415422774552,13312.361849841694,1.0717566858118546,10.898513242392218,0.6085427828702825,0.0
1807,476.1811962040672,0.12113570270885055,0.00016140520771999086,99.74037304797906,205135.7732994266,31.112846863683078,13306.054068036628,1.0867843152188958,10.895892008492527,0.5873869680190754,0.0
1808,474.34934174243034,0.12391720831863129,0.00016146833134085038,100.72815479770495,205253.57264898403,31.40580045916697,13299.299214164092,1.0599717526874504,10.879100793827858,0.5828235490424079,0.0
1809,468.89911320344174,0.1299872712190574,0.0001614984905450582,100.53056494599673,205371.0578867637,31.78700804546241,13292.435774907259,1.075039952641337,10.877986682721808,0.5802455610605813,0.0
1810,468.9745881185167,0.12915900077832587,0.0001614609511025776,100.6838877921088,205488.52240213082,31.740131772181048,13285.576255316375,1.0684791418325508,10.873360602521949,0.5759436738527168,0.0
1811,472.8238006324221,0.1185515661425175,0.00016142963126941152,100.32907463686992,205605.65359507973,31.90723428405207,13278.720653076374,1.0694145727793514,10.867140962316189,0.6032195650473406,0.0
1812,475.59947358019707,0.10997790358920201,0.00016151776914155328,97.79239516572534,205720.4090795102,31.873377277202135,13271.868965873635,1.0757227407210153,10.86242332908072,0.6012839839697253,0.0
1813,467.3290735473582,0.12274240106436562,0.0001616935758391403,98.81847441859298,205836.27673798957,31.762566680171446,13265.021191395985,1.0690866679403257,10.849745373443259,0.5991425593936048,0.0
1814,469.884902374321,0.11314866767845222,0.00016172935253807916,98.79300664563634,205951.98693969625,31.63141833416784,13258.177327332698,1.0776594491288873,11.634156593846278,0.5952915682598624,0.0
1815,465.3854112842014,0.12426470920055788,0.00016186406051398915,101.37736369309633,206070.3463423966,31.820525816947058,13251.337371374497,1.069515351328357,10.877191247983204,0.595911561471009,0.0
1816,470.925971594688,0.10576604619318897,0.00016187660134501635,97.82576791309654,206185.05712967267,31.773254510303822,13244.883372355207,1.081557192501569,11.663805431783045,0.5932537231098133,0.0
1817,474.89657630142466,0.10674150900375945,0.0001620830094081522,98.66426533171008,206300.7651291621,31.859053315625673,13238.582949432213,1.0717685624926032,10.921559103737138,0.5913137761549482,0.0
1818,473.64687167774946,0.1043142423942025,0.00016227461205387052,95.77621295270663,206413.56025347332,31.875786137066854,13231.754703948023,1.06855058804035,10.909806236793852,0.5899310018518499,0.0
1819,468.12405388273737,0.10524800002931334,0.0001624877322741783,95.98881719720303,206526.51029456305,31.891998471994423,13224.930357346231,1.0643039991619088,10.888866001891031,0.5908003156783845,0.0
1820,468.82830654207316,0.10532096259156587,0.0001626864506570333,100.05425074485794,206643.5372315254,31.854674152205607,13218.126495367836,1.0605148852517299,10.87752897605143,0.5892931914908743,0.0
1821,471.8049961935478,0.10194943980366367,0.00016285771473232747,96.66863299112516,206757.14283921372,31.841073560384753,13211.74199549293,1.0800163019307538,10.872765487572941,0.5878475060999243,0.0
1822,473.2265249864073,0.10672456749710013,0.00016306075648844236,99.22549952341518,206873.3377418537,31.980555764146356,13204.94588330113,1.0583586912943774,10.855993652663974,0.5863704101918339,0.0
1823,477.49087505877645,0.09726870226472828,0.0001632086593619402,95.74151835387482,206986.0494135101,31.824521970061298,13198.153642585368,1.0658402256670525,10.849012106784304,0.5851426033928739,0.0
1824,477.13275310211225,0.09286909978472324,0.00016345326547103205,96.26275459847939,207099.3302960352,31.789452716634074,13191.348683026286,1.0713844250475948,10.84285212720822,0.5835447947840641,0.0
1825,471.4762909723596,0.09960605944756962,0.0001637400465233486,96.51127065152679,207212.96148765003,31.738616814049855,13185.077828486805,1.0797961522551043,10.831322108315513,0.5826693252511673,0.0
1826,470.41893966932855,0.10348168333417795,0.000163973566934659,97.81793785537768,207327.76493217857,31.852052493011605,13178.297188547078,1.0734054496973515,10.819929512806674,0.5807822494040059,0.0
1827,471.1706616686716,0.10743867552888986,0.00016416126426953886,99.12600270152285,207443.83731786348,31.82725071130037,13171.520410986715,1.0862958086267458,10.809437716330448,0.579524090043999,0.0
1828,468.76133281897006,0.11087773278921909,0.00016430262636676882,98.704241672476,207559.44194219084,31.82128222286455,13164.950277288333,1.0728190619393314,10.788891926301266,0.577992304906706,0.0
1829,469.29314432026484,0.11128194183873796,0.00016440352153390464,-135.39100180354603,207440.96385077958,31.43830534490984,13158.164684313473,1.0723543122631305,10.781469657400898,0.563573349482155,0.0
1830,468.68434604342934,0.11091245808922079,0.00016449418721442812,97.686871095214,207555.47238107515,31.40687864889556,13151.301480548875,1.0742350480209102,10.768758218073406,0.5645359533128265,0.0
1831,467.20803339114804,0.11228038035344912,0.00016458530926349434,96.49675663365139,207668.7131690138,31.34550865330282,13145.074480106858,1.0707007386434888,10.77012397152636,0.5636317896971956,0.0
1832,464.4948321745286,0.1222463632613563,0.00016465840350588691,99.20657178899924,207784.63832961017,31.384614770748477,13138.696001576016,1.0611952691156152,10.769602369998031,0.5623591219044813,0.0
1833,470.1306654632864,0.11437614148166764,0.00016462212887080165,95.74857857366464,207897.09844538354,31.332945456668284,13131.942894890679,1.0699885172706105,10.770123249152991,0.5769412785230458,0.0
1834,470.06976262059624,0.11137141185663679,0.00016466709905265926,94.20539895585873,208008.10233363463,31.329830808396373,13126.515709518266,1.0629879571917005,10.76331793725824,0.5754707262433302,0.0
1835,469.4471448989768,0.11632407000667944,0.00016474093301738248,98.36199928250872,208123.29724011276,31.39318823928905,13119.669397255491,1.0673805559418519,10.752770890825733,0.5749430415286487,0.0
1836,468.2448432967407,0.11769981118237838,0.00016475875004735196,98.12375587399343,208238.12327100994,31.346800074053878,13113.918104092261,1.0586226340129727,10.751186811423732,0.5701215187899473,0.0
1837,466.58647464691575,0.11357240459386775,0.00016475903951095524,96.0417102510994,208350.8789473381,31.316910863448616,13107.338146237173,1.0578257479058544,10.755538062523028,0.56976636523896,0.0
1838,470.0855408973005,0.11028063517328845,0.00016480049334302252,96.19768636596424,208463.77006754937,31.2302177756113,13100.587334896563,1.0592529266229829,11.719234031682484,0.5714752085647283,0.0
1839,470.5198341866265,0.09990954367110838,0.00016487391273805832,94.50480937776655,208574.98084569076,31.432831423023988,13093.840376787934,1.061059295145675,11.70268547091485,0.5694223723950346,0.0
1840,469.7422654238125,0.10559413841197052,0.00016505438395797992,95.03617826907664,208686.77354003006,31.37463496484664,13087.097269637687,1.0665018163132474,10.798820957272344,0.5686150395680317,0.0
1841,471.65857567137937,0.1024827267772982,0.00016517026611063471,94.81171287628673,208798.3105564699,31.421911055264022,13081.50385999726,1.0714563263156056,10.794311687028756,0.5658414796491367,0.8497065986904531
1842,472.47816157660077,0.10583952474091451,0.0001653156447742257,98.34825219745,208913.41914033852,31.491055306673605,13083.787695334595,1.0612889819525195,10.97327811831987,0.5375415342233802,0.6715002717948515
1843,469.4949050548229,0.11441121756657324,0.00016555057743626012,95.66434956909123,209025.92207108735,31.43644109411412,13077.046206260027,1.0745343000499665,10.794321568859772,0.536065545180999,0.0
1844,471.5024220888384,0.11086146510770845,0.0001656895586645975,96.91891458071686,209139.5642586468,31.420691922258484,13070.308569976962,1.0602252565887227,10.779936013451161,0.5362902753657293,0.0
1845,471.56536759314383,0.10743530056167816,0.00016586229549791552,95.54567630075906,209251.89453718733,31.42833712552067,13063.57478420689,1.0496638060442616,10.810691670426856,0.5365615174248118,0.8088099097250989
1846,471.95596852438734,0.1100386667569837,0.00016606722203748103,94.83520853811079,209363.6143714746,31.350568567309082,13056.844846672737,1.0665400980136963,10.955697830115241,0.5354218015652533,0.6667588330425467
1847,469.18763756903184,0.11633965584161354,0.00016623994504301947,96.31617331151745,209476.8313310076,31.401290839346228,13050.118755098854,1.0638004892464856,11.09065046359989,0.5337926405070034,0.5192444248355841
1848,469.4972472992881,0.11515531838790338,0.00016634137215177145,96.57840415587773,209590.24660493745,31.397278546965886,13043.396507211019,1.0706833183022293,10.778202940617716,0.5340739522905545,0.0
1849,463.23654373166534,0.12244441635841496,0.00016645169467420883,97.43140937819369,209704.48928503424,31.359176967242078,13036.678100736433,1.0657125911419716,11.573606579946599,0.5323739105311904,0.0
1850,464.9117705663231,0.11815779751807642,0.00016648069322894643,96.48914439086633,209817.73799334824,31.372548572977788,13029.963533403728,1.062420454415465,11.528030952283967,0.5317952828984851,0.0
1851,463.49272659388333,0.1145310051837437,0.00016655215707108302,95.41504990272558,209929.97596039096,31.25833977582965,13023.290331779575,1.0615897764272262,11.477974788735596,0.5316166848027664,0.0
1852,468.1190258726022,0.10609351598009276,0.0001666885241842732,96.1188282401624,210043.001306612,31.323638261628258,13017.660175363897,1.0525177768895633,11.435518056200323,0.5286863167712129,0.0
1853,466.7224676688236,0.11400421454157572,0.00016691066037106603,97.40049395730067,210157.44253408466,31.26248452634935,13010.957111842828,1.0626502875587025,11.400481916348756,0.5219537909257,0.0
1854,465.64723921506254,0.11661657126431668,0.00016704397471058185,94.27033926622292,210268.59400141134,31.30593267779165,13004.25787839238,1.0807036157159866,11.366027473862854,0.5653667366424924,0.0
1855,466.6826942929598,0.11245136010737611,0.00016714552223720538,95.31569768311425,210380.7709634055,31.38529895412765,12997.562472748285,1.0577503183956223,11.308499325614363,0.5653787215151749,0.0
1856,472.5195604394303,0.1073715421838104,0.00016728766332143637,94.94509308889242,210492.5668935937,31.318807249047683,12990.870892647703,1.0782663305988889,11.28060144170316,0.5704405857633068,0.0
1857,472.21445915042966,0.10992318624131414,0.00016747982647803683,93.7920893784447,210603.22563652883,31.382871647812163,12985.254917057535,1.0615592650244667,11.257187884270033,0.5287557863495927,0.0
1858,473.28363965165784,0.10408913206048165,0.00016751402926961227,93.61280864253281,210713.6183054017,31.339272189981365,12978.570981261111,1.0600035352959905,10.74725908111713,0.523557303354541,0.0
1859,472.94107183657815,0.09864428834048344,0.0001676073509033244,90.17446548847259,210820.59457701477,31.382309434877065,12971.890864228171,1.0735683931391,10.740099913154411,0.5227856308134344,0.0
1860,470.937762672792,0.10697025984735575,0.00016775520599822066,92.9883480918883,210930.42152855743,31.32403456256503,12965.214563701535,1.066659186193088,10.724257857243535,0.5259099231303185,0.0
1861,473.1488590988757,0.10785336427989534,0.00016781066373780214,92.71559089691887,211039.8541965013,31.366839011841154,12958.542077425436,1.0816022316008544,10.708425143086343,0.5286417797463874,0.0
1862,468.4816081012586,0.12680325821719196,0.00016785362354974768,97.97691738966724,211154.55058480706,31.383453168074517,12951.873403145524,1.0650177827171015,10.194556744885793,0.541796096676976,0.4936010678087328
1863,464.2387133746871,0.14453915975627707,0.00016769195487039025,102.36140718037328,211273.51975598533,31.615270225008334,12945.208538608862,1.063884084151185,10.191467185371165,0.5527056086686004,0.5116210601480908
1864,461.9893937486734,0.15282529064883887,0.00016734013483811868,106.05659721312489,211396.10668923156,31.46359479345971,12924.101036809003,1.076152358731141,10.63800646374671,0.5526320795390821,0.5546781819764917
1865,456.7841638210187,0.16208691154079946,0.00016687713180747594,106.46272489326606,211518.95093352243,31.739446225062935,12917.467964096819,1.0726638882326973,10.588744794102574,0.5988593952736385,0.015047761463787168
1866,453.6134313682205,0.16273872586668048,0.000166316487799711,104.5115016787657,211639.72350218843,31.736700142163656,12910.749867307717,1.0779449437788213,10.15551533982874,0.598506222491552,0.0
1867,457.1111501914131,0.15162104666302034,0.00016575055819880545,102.7829754803966,211758.6646443789,31.72018821525768,12904.365393511996,1.082716913166273,10.159089155402134,0.5956270516406225,0.0
1868,458.8776531478201,0.1474885007530936,0.0001653046155476695,102.37220056350543,211877.3561731816,31.652617597754215,12897.743643334728,1.0709728332372088,10.156984625763947,0.592897205886814,0.0
1869,457.5288179729599,0.14947484890207385,0.00016490343107906122,104.91761811766321,211998.69521494728,31.68890969434991,12891.125662903345,1.0705820131734656,10.161819233713379,0.5903020111208346,0.0
1870,453.8969277304106,0.15204614826919138,0.00016448156454041985,103.45294668590985,212118.5315469663,31.674089476957718,12884.422482058457,1.0703224853508373,10.171906759430723,0.5878435347800661,0.0
1871,454.02460086042737,0.15061435430136916,0.00016400893516222554,102.48007018263834,212237.29937619725,31.613182418663435,12877.812034478446,1.0741519701853677,10.164735282953217,0.5855215982191896,0.0
1872,455.9929962818793,0.14705483032227873,0.0001635525912202163,101.26266189020453,212354.8356806621,31.65063227388797,12871.205350006669,1.0693605001314448,10.165969353464902,0.5833074735268338,0.0
1873,454.2743087369465,0.14789671073863775,0.00016313505281998338,101.03672736539255,212472.18712285438,31.742678371390628,12864.602426433315,1.0782973460492007,10.16711831675227,0.5749714467590289,0.0
1874,450.1637702557956,0.1546884540101363,0.0001627091989150556,103.61102031641826,212592.05314336787,32.03060419043631,12858.110384583611,1.082843903016646,10.281994250062864,0.5724515060935459,0.3037141876076639
1875,449.6970429152444,0.1544947043833793,0.0001624266284330612,103.15886480735016,212711.75120286478,31.992036602412927,12851.514976183164,1.074758662938285,10.169584255415856,0.574843611627049,0.39878608061961174
1876,454.2593131501239,0.14564154511996197,0.00016214533721205582,101.1860014456156,212829.5101417395,31.89727143403136,12845.461284313555,1.0899176727615962,10.170405405330161,0.576545496357884,0.0
1877,454.2915108123187,0.14868814070947756,0.00016204847166728087,103.4983887267234,212949.79462782017,31.870459438149275,12838.873382263204,1.0770387973536744,10.170963658119707,0.5747909468594635,0.0
1878,454.6976166199909,0.14884746818057437,0.00016191683494796335,101.11708968041881,213067.6842075179,31.780209499343623,12832.289230082763,1.0907840793835848,10.18752416536502,0.5731256288262365,0.0
1879,451.4358978987764,0.15256345901055413,0.00016178141772180338,102.63112124682522,213187.07088448558,31.81675951665828,12826.139616738115,1.091469571336328,10.24593186469312,0.5715653754682061,0.36581232408949305
1880,452.9477630621228,0.15467467274287539,0.0001617091339460155,100.78960887572859,213304.68512375955,31.6291887021709,12819.562957694046,1.0961677807777659,10.205249594864839,0.5628154102418215,0.0
1881,453.331275359948,0.15073425413717123,0.00016161166325342647,101.10642078238779,213422.59211663544,31.634666518380346,12815.113889083688,1.0972268844709239,10.347361558982282,0.5688315650914828,0.27190262217678196
1882,448.53465470898317,0.16297144502325178,0.00016155359265130337,103.75333800329085,213543.20480269514,31.766470985155955,12808.54471438048,1.0849354880281465,10.204436575175926,0.5680885568406521,0.0
1883,444.4250390615577,0.16738120749125984,0.00016136249914077354,102.75454292337054,213662.59663192226,31.753497590329236,12801.97927855279,1.0878959020474455,10.220358432606531,0.5650746255252727,0.0
1884,436.7561342603761,0.17984676985254366,0.00016112268372932363,104.41104763544286,213783.5638538293,31.68361205976628,12795.417579405823,1.0890860413879095,10.224953472056459,0.5656915665962498,0.0
1885,440.0414563221923,0.17566412774429319,0.00016080241406797206,104.9962735467664,213904.9751866903,31.61821281383348,12788.859614746147,1.0953761527570012,10.32062092852986,0.5645546293309192,0.29673526341731815
1886,436.41091913438254,0.1776605987959058,0.00016052573793458273,106.77422269472481,214028.18829322004,31.69262717991631,12782.575280750181,1.0950412136161978,10.23700145515384,0.5636395351148538,0.0
1887,444.07495630511823,0.17358281670254294,0.0001602265846076058,106.63999853289204,214151.2291926105,31.7180197945782,12776.024778490213,1.0936714813412731,10.242947397949358,0.5626217511872511,0.0
1888,451.05673346130715,0.16779851657162015,0.00015996494453756946,105.59667013195462,214273.28439491813,31.72716697053797,12769.47800414538,1.0898657513093297,10.253896804880727,0.5616631311770263,0.0
1889,450.13409684795425,0.1698154181553948,0.00015976352222748727,105.31767857875849,214395.1292715039,31.749772582532007,12762.842268862762,1.084312729293466,10.273621147480966,0.5607670574868565,0.0
1890,450.9093071895142,0.16566279583863175,0.00015953886153588937,-409.48786326721347,214002.1372196389,31.646191142240767,13096.457791511804,1.0839800414670189,10.285804997785583,0.5599415245991023,0.0
1891,450.9919676411335,0.15935318401031773,0.0001593567890965576,104.60212811182363,214123.1931400431,31.688112102146235,13090.5599615459,1.0847713903674474,10.424581170048887,0.5591734271045321,0.26317816336757716
1892,452.11524367731465,0.15964748773100934,0.00015923993788301153,103.90088732656017,214243.68222542817,31.682904999207892,13083.841094725674,1.0929738330138346,10.320050314022602,0.5568306950548356,0.0
1893,456.6452440797026,0.15135979782053843,0.00015911755281640348,102.92867681187437,214363.13094457018,31.623447933180735,13078.38429861666,1.0800979251405456,10.329791699791492,0.5572971067589668,0.0
1894,456.2017082304434,0.15376647693279633,0.0001590809946182606,105.44671503510395,214485.2405926397,31.65839535100492,13071.673069216411,1.0843356022538677,10.333211033784934,0.5575123147399664,0.0
1895,455.4845363021083,0.15322344027970747,0.00015901582915811026,102.05643668253846,214603.86363603603,31.551731750303226,13064.965655170829,1.092321048522876,10.44941730041319,0.5569283105915163,0.27128535555088007
1896,455.4977338261442,0.1548775094757111,0.00015895366505516023,103.56906766580545,214723.99162295848,31.55595771122038,13058.26205424487,1.0897112448306499,10.426603980743486,0.5565607907981345,0.28890251805868417
1897,455.56932035236224,0.15345277939930146,0.000158871108509301,103.0499177275347,214843.57348266686,31.546292378233044,13051.8063918256,1.0853073179373134,10.443630914695326,0.5529621532292428,0.27992567907680055
1898,457.3836754350285,0.1482735874987584,0.0001588010791319855,104.66173855147056,214964.76853538054,31.56623682761225,13045.660327102516,1.074535125288024,10.370159042805767,0.5560112854979272,0.0
1899,456.4981439901254,0.14828459644369485,0.00015878343538338105,102.20567633194078,215083.59216716493,31.64860681678634,13039.965620049272,1.0886983743573166,10.404426516885822,0.5555511852497856,0.3286838642134491
1900,457.2042685119612,0.1497182911310293,0.00015876256157678668,103.71057333573316,215203.9129876992,31.540297403738347,13033.180402485192,1.095379440037911,10.39368206462592,0.5552057094547824,0.0
1901,455.9672377469567,0.15190596582596172,0.00015872335105367307,101.51705807178323,215322.00877522596,31.569033989192814,13026.495833679981,1.0827079915196451,10.392206408522666,0.554816786263568,0.0
1902,456.1238710816584,0.15129384519171818,0.0001586579269834123,101.70075899429152,215440.24148110484,31.495030090005095,13013.728665821625,1.0924771602288335,10.396650540956545,0.5544460515656322,0.0
1903,454.7079390622417,0.15192040943523688,0.000158596284557173,103.63250893670616,215560.38304350147,31.43513563851367,13007.740757228057,1.0810906475969866,10.418630355072287,0.5541001033928413,0.0
1904,452.660646147806,0.15767814591054585,0.00015852522156159187,102.83005683672768,215679.7372950326,31.444911489840056,13003.571167303777,1.0964727931787255,10.468584635908012,0.5537999408366074,0.0
1905,454.10835693354875,0.1567459860301712,0.00015839022004302537,104.87354002363418,215801.05630403792,31.529784207943365,12997.164393721054,1.082535259898558,10.461446298889715,0.5535787444941866,0.0
1906,454.28496816646515,0.1476051761538799,0.00015826295254241533,103.11612598527225,215920.67141337332,31.45522915975399,12991.229158849137,1.0896356154683173,10.529553033314633,0.5533601169197176,0.0
1907,451.9693614154029,0.15790894650457854,0.00015823070641651383,104.98064952823158,216042.29763612404,31.44756651789974,12984.56735512019,1.0906314179337493,10.492806634571899,0.5532393763431803,0.0
1908,456.84648002849315,0.1472517603164314,0.00015808587525700113,101.33082607189148,216160.0799758416,31.453362947028975,12979.506791458572,1.0898851713336102,10.50432212329376,0.5530785873825959,0.0
1909,454.6262076041193,0.16085997728638146,0.00015805234536388248,105.7900672860611,216282.4033779237,31.549141379802382,12972.749563100297,1.0887453821748307,9.997036684656369,0.5529409886848287,0.0
1910,452.15546136412576,0.17189560327101605,0.00015787109302256293,106.61729081170104,216405.55101101086,31.5310141758928,12966.099111940579,1.0984689093358495,10.020630625407687,0.5521673374736888,0.5199130314182412
1911,451.93426413833885,0.17182670138081968,0.00015757061934484152,105.30876654762605,216527.33976155118,31.473444912845732,12959.349558609556,1.0984951368213474,10.225266907029468,0.5515382797165412,0.5341578446122597
1912,450.93246819934757,0.16957165816476405,0.0001572699886310712,108.75661928896758,216652.60892459293,31.505420737608127,12952.71101395551,1.0931436184280765,10.231392901941385,0.5502315786094254,0.5479777564446593
1913,447.0242907200508,0.17409064481652803,0.00015699246864856202,107.29983115466007,216776.43885958623,31.487674960575607,12947.888289835628,1.1022795206367284,10.276130419951865,0.549003733294292,0.0
1914,450.36166797845914,0.16426506435819954,0.00015666581409663465,107.06156670456075,216899.96995877006,31.483019007315043,12941.257284076724,1.114821928520052,10.325206181262574,0.5507221670138809,0.0
1915,443.600147824282,0.1870311092440985,0.00015644303059930432,110.26723419807632,217026.7252887963,31.463294224500657,12934.630044459116,1.102229943034474,10.093694377011388,0.5504784661690537,0.0
1916,443.63710817712445,0.1855464844029283,0.00015597655983871602,110.24303676852699,217153.21336415657,31.488758209460798,12928.006568780429,1.1081376368183262,10.104077348859338,0.5499539102767889,0.0
1917,443.79121704821716,0.18417745878043446,0.00015552628694839705,111.05827432813732,217280.5151328347,31.442537915443058,12921.386854839646,1.0960161329979852,10.114215069082396,0.5494694996785241,0.0
1918,443.82749105152857,0.18167438016865256,0.0001550908648219067,110.825566412234,217407.59483470552,31.45877442357302,12914.773678573725,1.1029130378968088,10.118157211334783,0.5490229074537213,0.0
1919,443.82903130486187,0.18024680216916944,0.0001546822528789571,109.76199132474716,217533.6244500628,31.511494054549008,12908.161481511104,1.0973163186529453,10.126344256534031,0.548604375483477,0.0
1920,443.9583422922163,0.1785478772718102,0.00015428880998602252,108.11648348583095,217658.0137868307,31.438841363720115,12901.448274520306,1.1082160538976904,10.135144338708606,0.5482178802680606,0.0
1921,453.6087672256766,0.1484667937219435,0.00015391331392839447,105.02212828135043,217779.27768338105,31.452129587362368,12894.847662598513,1.102326907468954,10.386425933355596,0.5478625903073925,0.0
1922,453.787690134368,0.14552738320198688,0.00015385762040598136,104.47728030706311,217900.33861109993,31.464970111777358,12889.582503348833,1.1103939372472833,10.391878893535802,0.5478445142769833,0.0
1923,445.5766933463441,0.1688328927648839,0.00015383051743500853,107.44992036317232,218024.44730767142,31.836632861030164,12882.985313689845,1.1115650161100425,10.154234906436065,0.5478348280090707,0.0
1924,445.42288264204666,0.1680479796132709,0.00015355254768289323,108.65376579146003,218149.48720456174,31.820552326049782,12877.706903279319,1.1039741851535594,10.150222468413974,0.5475247496751158,0.0
1925,442.07368249538933,0.17909358649582896,0.00015328194572892428,110.10592973236426,218275.98425435065,31.836737451905655,12871.117204167407,1.0955267106205187,10.162085360834064,0.5470146291372832,0.0
1926,444.11072738087813,0.1742686007879628,0.0001528927847275432,108.63256531680072,218400.82416726768,31.817695629047567,12864.531247045068,1.0926676250468057,10.417042284047193,0.5469680534430406,0.0
1927,447.357708582798,0.15573189553527256,0.00015255483470436604,107.80463429015991,218524.904902208,31.83421804274394,12857.949029724787,1.0992833241610716,10.434385553898572,0.5470367414082361,0.0
1928,451.3102081126141,0.15169509985069818,0.00015241360501245266,106.60553002385494,218647.97062803892,31.81354117441444,12851.26297981304,1.1077670388494205,10.44456525902065,0.5471245341892287,0.0
1929,446.5404406686183,0.16442114951482045,0.00015231332738888307,108.38359227712863,218772.87024002758,31.96149936021553,12844.688235539712,1.0995035944889147,10.210455097177364,0.5472213782793481,0.0
1930,446.66535898481237,0.16347054410265638,0.0001521096620311426,108.34678106673411,218897.58519141548,31.965708076371858,12838.117224513966,1.1019303827154858,10.220642467568808,0.5470169431573064,0.0
1931,451.5812493836442,0.15023703823588574,0.00015191453264147998,105.38681866451353,219019.33705711793,31.91545631233526,12831.442492673537,1.1063350715630778,10.467514651842167,0.5468362999740677,0.0
1932,446.8543034274876,0.16318774344948195,0.0001518585703474023,108.33967237089897,219144.26593103583,31.920785081435067,12824.771607914827,1.1030448654459901,10.229203957972919,0.546978474729388,0.0
1933,446.4018383512289,0.16088192537846546,0.0001516621234018294,105.99385803445007,219266.6545252926,31.904948365405826,12818.624315925721,1.1008027000401552,10.235724747443975,0.5468117560299536,0.0
1934,450.8183426544881,0.145854808735,0.00015148859481333763,102.72216834143589,219385.78770630655,31.900888326516426,12813.173048681147,1.1033632584141557,10.486263523993447,0.5466622754218291,0.0
1935,445.70358970816994,0.1662952709830734,0.00015147317092545763,109.33789338808154,219511.6894450913,31.90423225882408,12806.620671188068,1.107059224114612,10.257278698743997,0.5456297857062665,0.0
1936,450.09503589040804,0.15499640208901055,0.00015123728099807052,105.45502089264897,219633.5015236065,31.904265342217503,12799.963129152366,1.106697053558895,10.504764175664375,0.5467767577078798,0.0
1937,448.1391033313996,0.16066356058869802,0.00015112031294024005,105.56998243981324,219755.54290295992,31.867166442087683,12793.418189834916,1.1071816637061551,10.26018880333562,0.5469720089011484,0.0
1938,449.0294516759883,0.1602336922255434,0.00015094085028692007,109.11463370666993,219881.05469346227,31.922750478989038,12786.878046050198,1.0814549317948134,10.268738223262984,0.5469217281111314,0.0
1939,446.68952902572346,0.15662613538156578,0.00015076424622433086,105.59151495716756,220003.06216613346,31.91287750098543,12781.748999114954,1.1084596725413924,10.519586209939872,0.5468853767699503,0.0
1940,450.3670502165692,0.1549618169127437,0.000150624295482956,105.41390951089082,220124.8314460157,31.93321375405296,12775.21708963037,1.1040544624917459,10.283116467017235,0.5471695959826117,0.0
1941,450.0658437745999,0.15516885954390558,0.00015050004928046412,107.118916790861,220248.44719430822,31.899504006020205,12768.688813646026,1.0875602339990926,10.283624818613246,0.5471400768610567,0.0
1942,456.9216275519666,0.12809405973613475,0.00015037148280838285,103.19131391812793,220368.09758642124,32.0054794204436,12762.164256274507,1.1017710472586177,10.538073786889694,0.547113230817302,0.0
1943,459.50358998745145,0.12331580145754606,0.0001505289135213649,101.97873826245174,220486.77362365162,31.831324005180544,12755.64217786958,1.0946072438037617,10.544068340757418,0.5474110336789771,0.0
1944,459.3694498217652,0.1260080967676357,0.00015073293844493444,103.97979578482436,220607.5084698558,31.852839561622798,12749.041550443699,1.094788835423132,10.54718365218472,0.5477019577128963,0.0
1945,459.82439380392145,0.1253795891087537,0.00015090125741852904,102.08155479561185,220726.31813067297,31.819624151461237,12742.526849828007,1.0938478812434596,10.564025395360307,0.5479826898207961,0.0
1946,461.1551326426311,0.12118886025909437,0.00015107195076804957,100.59416421737164,220843.63988776976,31.795908850936488,12738.093963120373,1.095684645511669,10.57468566763469,0.5482711476910141,0.0
1947,458.75848237256855,0.12512281578633222,0.00015128290824577948,102.41200008544216,220962.86836102328,31.82100644180168,12731.594934412642,1.1030716920819246,10.5891281577584,0.5485590933210848,0.0
1948,450.8311019679777,0.1406022786678629,0.00015144738295569306,107.4934361153812,221087.2381381189,31.829971981140492,12724.978852998369,1.098113838681432,10.598784882941517,0.5488513425345792,0.0
1949,453.72323525079224,0.1350722072222913,0.00015144288971076397,98.28031447860964,221202.11230712122,31.85723883727628,12718.47968062629,1.0712713522573922,10.615626687792975,0.5481287043233587,0.0
1950,457.7197765402796,0.12261141377468865,0.00015143176390867223,99.1556088450155,221317.83479330986,31.778505429815453,12713.757814070825,1.0917541982898364,11.34330572705673,0.5470867826833735,0.0
1951,468.9568660838982,0.09701741042444001,0.00015155041923691422,90.279999240788,221424.80481455187,31.738007627940252,12707.1511788136,1.0807486071473433,11.443019300614202,0.5443919978074506,0.0
1952,471.180547641502,0.09153314905552468,0.00015178356512769324,94.69162061038821,221536.5110406559,31.751472206454157,12700.54790425536,1.0859476838123445,11.51309310988592,0.5523980814264079,0.0
1953,471.63315492774444,0.08754692229879035,0.00015207117840123794,94.45679481682687,221648.10439419484,31.751666313535285,12694.101751013526,1.072559212936036,11.56268024199657,0.5536271519824352,0.0
1954,471.15907197199687,0.08718493693197915,0.00015239689399255485,93.47684302286922,221758.69009359926,31.758413771337114,12687.61972396862,1.089548585738276,11.631192693059013,0.5549458782932793,0.0
1955,473.53506998190466,0.0873815202432473,0.00015273825982881355,92.5841995675402,221868.39989042518,31.666787319525387,12681.259629971497,1.0935241592005895,11.676313149311142,0.5547531978839744,0.0
1956,474.9054360392307,0.08345887632972593,0.00015307213928299107,93.37954129127425,221978.8807558071,31.666216305459212,12674.95827727075,1.0820195814612728,11.714814418198818,0.5566565521298258,0.0
1957,476.0437741809991,0.07492071192279925,0.00015344239831891407,90.3663227628538,222086.39312982236,31.66651245424941,12669.34222011161,1.0937542438235772,11.704947959517087,0.5558399927208503,0.0
1958,463.71940519350426,0.11942212118554596,0.0001538095480168048,94.66272832700824,222198.36238463997,31.658268659522005,12662.874858952264,1.0724005586179122,10.887123766241904,0.5513742902756287,0.0
1959,467.261611891298,0.10915875139385844,0.00015381341788860646,96.91110773388407,222312.06773912872,31.670123088455036,12658.080280641963,1.0822959882240852,11.641369098972216,0.5513223269253905,0.0
1960,468.31231563236025,0.11018279236000661,0.0001538166043016486,95.35731073649798,222424.3281564149,31.677782242366185,12651.50438697617,1.085022888116583,10.913861044972705,0.5179177619194605,0.0
1961,468.1011982603391,0.10941202821601126,0.00015388851394898518,96.03846528014218,222537.26897183928,31.686143915894665,12645.284957528442,1.0843460524035007,10.870803565453553,0.5320185685308723,0.0
1962,462.39858424668586,0.12068468166132296,0.0001539651625976913,98.60231509532902,222652.78081524002,31.674481475097664,12638.715994283715,1.0838690911833302,10.854129600809342,0.5253606239930996,0.0
1963,465.552136240645,0.11780665744491803,0.00015392820155597008,99.24819541440604,222768.8114774575,31.678487836280944,12632.151244307313,1.0821222195754057,10.850678671567415,0.531221148504089,0.0
1964,463.6090077240943,0.12264668639151965,0.00015391563097335144,99.47668688029464,222885.09981944654,31.66624962152386,12625.84138812007,1.0839157767100494,10.843926847581322,0.5283377459853512,0.0
1965,461.449999026805,0.12445831207030811,0.00015385238751271544,98.73218151055764,223000.60932564814,31.67030296194862,12620.688807816487,1.086555679240965,10.87613118820152,0.5244625204366835,0.0
1966,465.8057995993005,0.11304003453579614,0.0001537681028104311,96.91751249340952,223114.20418466392,31.678313945247403,12614.252427918405,1.0853010738081679,10.857409588990006,0.5418413715280751,0.0
1967,465.60382985355693,0.1124464694536953,0.00015382095894941354,97.72396894673923,223228.7737660431,31.68024171671508,12608.568713910206,1.0884496045081302,10.846991555539768,0.5737306333565727,0.0
1968,462.38539795859276,0.11760618304607617,0.00015389217329456697,101.75603140150814,223347.35621695785,31.675307392802505,12602.31748634206,1.081143394367766,10.828575848535152,0.5730926185223703,0.0
1969,465.9083563916576,0.11039355649765858,0.0001540148351682434,98.21796386855259,223462.50354252593,31.66864222372802,12596.085175496735,1.0989173772189715,10.827526927001008,0.5724633699173487,0.0
1970,467.2150921954489,0.11743030326762649,0.0001542107797637328,100.51374608512592,223580.02942137848,31.667280907647235,12590.594867076446,1.092079689531365,10.82593076540556,0.5718644874911628,0.0
1971,468.75977113417946,0.11332554519119742,0.00015432762117716903,99.05147434368035,223696.0501189402,31.6807587149688,12585.261550772999,1.109923104499306,10.8182875817352,0.5712937584746175,0.0
1972,462.7899973054748,0.12858208642254765,0.00015448458848137486,101.974953295337,223815.0448743021,31.674804688791575,12578.724114513268,1.1036935817572682,10.801646131352511,0.5674735387599007,0.0
1973,462.26119854122214,0.12815190405240373,0.00015447683582808764,102.82999299380086,223934.75828684657,31.683413121675358,12572.191019783559,1.093480811853585,10.796942711290745,0.5522875295516377,0.0
1974,460.2634833816861,0.1341615318883459,0.00015447269016893056,103.32037734496632,224054.98565920835,31.681405357964106,12565.6616853705,1.0902432447027728,10.793084344581363,0.5536027637444859,0.0
1975,459.2804488237693,0.1311253736337017,0.00015440247147547508,101.27024866184973,224173.08583570065,31.67595715898125,12559.136340942689,1.0951918922442343,10.787080842194246,0.5563985134611351,0.0
1976,458.4276702366916,0.13266416594456465,0.00015436424234704357,101.99791388748582,224291.888072183,31.67341094006717,12552.614655326646,1.1014120852611724,10.785088265961,0.5609127824609674,0.0
1977,460.4769246305463,0.13161812728467814,0.0001543073391374989,100.91682916894057,224409.56362466785,31.68112851063128,12546.096794507792,1.089482670363725,10.78280215259865,0.5645170589741205,0.0
1978,462.0847079949714,0.1272001677207174,0.00015426006945938904,100.24659891948072,224526.606641771,31.67445306206458,12540.320337283316,1.0940363031491747,10.845312341571203,0.563916455439879,0.17076557191057518
1979,462.11344394192946,0.13110521515560924,0.00015425854583381372,105.20245187988588,224648.66028202762,31.658053982001547,12534.54196696841,1.1312710622831856,10.752611841597442,0.5636977712422576,0.0
1980,463.87022725004516,0.128693441320208,0.0001546396978988782,105.09137549133892,224771.2737665007,31.65536245806275,12528.780483753197,1.1382500330214087,10.740431270108541,0.570483582285312,0.0
1981,467.45707612689057,0.12566913802993596,0.00015504304818879787,104.70760817331198,224893.5845354491,31.665261358191266,12522.987003525257,1.1507928921475437,10.665770981930416,0.5435357323393327,0.0
1982,468.6326876729838,0.12460402690877037,0.0001554747704188856,105.41018292467027,225016.6621458391,31.666020229558473,12517.272463101017,1.1330479614882523,10.664570595004411,0.5591200480659582,0.0
1983,470.02747473690545,0.1257764303865302,0.00015591800824920065,106.14047788198843,225140.45198624284,31.772051040143978,12511.107506504673,1.1352850501393865,10.73859904165688,0.5591211277840598,0.0
1984,466.75438742486574,0.13332427477266406,0.00015634577329487294,105.43930911714082,225263.53225196706,31.7700668293669,12504.61004621132,1.1331816637555865,10.754496556499301,0.5576406784870814,0.0
1985,468.77008512137513,0.12916960120352905,0.00015664394915892166,104.38207870663615,225385.44302202176,31.813195131678746,12498.116756622749,1.1229992128015835,10.75597569401575,0.5703980148732241,0.0
1986,471.72795890976926,0.12614356291771667,0.00015698502424725284,105.18006219391003,225508.16837285634,31.840210307293567,12491.627106455742,1.1259085228206756,10.755900937661519,0.5698156542319351,0.0
1987,475.5846212508638,0.11461803586858144,0.00015735397204192614,103.77121207156655,225629.5192321912,31.8176735291745,12485.141141893344,1.1263418210836111,10.768153158654574,0.5692625749526314,0.0
1988,473.0112857385076,0.12313806583287024,0.00015784184006078827,103.52263674151614,225750.70283410276,31.835226425867223,12478.658595313933,1.1254218576538275,10.999994117339966,0.5687529482248498,0.0
1989,470.498488374886,0.12927697449439113,0.00015814447432614106,106.47362850895337,225874.69016917716,31.690846723457394,12472.180360743043,1.1251010947978861,10.789037428263414,0.5671757344923757,0.0
1990,474.018043140008,0.13139498120034887,0.00015837650402061697,105.4251485533874,225997.50461649572,31.666918951456157,12465.706089108877,1.1198230489381589,11.002845299372455,0.5658436125490922,0.0
1991,477.4165838428961,0.12101897096775027,0.00015858127432056787,102.64593963959342,226117.5387807269,31.778937187706035,12459.235648246911,1.1290953554684804,11.543893000787705,0.5656406084103013,0.0
1992,472.7209095289929,0.1356270418276928,0.0001587851736328875,108.21757987063896,226243.36231507274,31.657041681355118,12452.768958982395,1.118769400875626,10.82937383970518,0.5620649518291376,0.0
1993,470.29606509746264,0.13729294147944482,0.00015893614645672217,106.25069722602808,226366.95299669664,31.665681440409926,12446.306164460417,1.126240274988696,11.77228063729536,0.5619152375488895,0.31129401911704946
1994,473.2896391423135,0.13892608731817357,0.0001589594130040537,107.30933749704849,226491.6084101036,31.732942372368488,12439.847464536828,1.125990162702111,10.854341498019803,0.5699061649478628,0.0
1995,478.9221734705205,0.1288063288077932,0.00015906832630953254,105.85795918507125,226614.88022236328,31.638331770134545,12433.392262026136,1.1179850658993016,11.598103268501445,0.5668003751130588,0.0
1996,471.2997965837391,0.14782625840884478,0.00015917791955239843,108.91317595513927,226741.28950417435,31.769808963579457,12426.940792186891,1.1209160144170014,10.893816193318079,0.5374089384884143,0.0
1997,479.50440011156775,0.12462202792631827,0.0001591848551903418,102.76224905454285,226861.20941640603,31.73469814671158,12420.493329456645,1.137191310302857,11.724556277406194,0.559052596627527,0.07474585089839536
1998,478.75797035675424,0.12498407253973809,0.00015933264486833287,104.68474980176532,226983.40920237286,31.78215640392753,12414.049217847549,1.1298880168259156,10.881839681279121,0.5600887415614384,0.0
1999,486.7088385728437,0.10701685472396083,0.00015957586668647304,100.65859115907998,227101.53290810218,31.754268668799323,12407.608586476264,1.1270652965754,11.641183874680065,0.5578152133345904,0.1342880949372791
2000,489.40072142888164,0.11100411545138245,0.00015990276812941867,104.35982259868442,227223.6034438981,31.74803904588005,12401.171471965858,1.129202722892617,11.017184786642442,0.5576587975869053,0.0
2001,490.5553547243193,0.10871695492470579,0.00016031430554251753,102.97912780631886,227344.26745655452,31.754193445451804,12394.737877040183,1.1232328093663562,11.579246641396205,0.5545597090966623,0.0
2002,484.92370317093685,0.11913757769287914,0.00016063222345616377,104.9965218758344,227466.9750467472,31.795823689216437,12388.30825784785,1.124947864347502,11.015925823887917,0.5391702113533969,0.2884037647667981
2003,473.9577337732651,0.12112088024149581,0.00016094608717190674,103.54880082683121,227588.08919550362,31.73223836737071,12381.882379961666,1.1301781347031097,11.706155735576004,0.5561913785138223,0.0
2004,478.32628570092805,0.12120385260694788,0.00016112131541925104,106.06402552200447,227711.73975958143,31.77429461491262,12375.476278760178,1.134862083563723,10.896841731405061,0.5567837769101545,0.0
2005,478.6600499023987,0.1180033461934834,0.00016140275571462762,105.06406258069192,227834.3898903465,31.79162894179467,12369.57045473165,1.1306403249268548,10.820463957271453,0.5696773716158777,0.0
2006,484.12210922917313,0.10684482143294205,0.00016169410385946816,102.03541689444903,227953.99030011494,31.76284064278163,12363.155224459153,1.1340916147675564,11.703729324704137,0.5690470777169985,0.0
2007,483.1739466425535,0.10571706389342739,0.00016199927027771294,100.94805472145062,228072.67597843654,31.7664267545372,12356.74368260157,1.1247442643498,11.599950974298668,0.5754560237819104,0.0
2008,486.960514933229,0.10292129428714158,0.00016231467833821954,103.1786209652825,228193.58040627875,31.792700249233235,12350.33583657137,1.1415100450463525,10.888365011467151,0.5768043961866297,0.0
2009,485.278901616333,0.10341186090839927,0.00016274307369639138,100.56434625760555,228311.87626312108,31.784306231909046,12345.468822408795,1.1232475406018112,11.642079702340254,0.5611755711092167,0.0
2010,485.8587196751808,0.09595491129223555,0.00016307182506585392,99.66594695280595,228429.2614256007,31.76217886824027,12340.440612851593,1.1265052224121639,11.671387678314115,0.5600445244408756,0.0
2011,486.8783219629433,0.09681595140958443,0.00016347603497273938,100.25142608619899,228547.29017074907,31.643448523526718,12336.368482211117,1.1285523895325433,11.938791480900552,0.5738922778681556,0.0
2012,490.3717297020391,0.08524809760842322,0.0001639485873629487,97.6683680877814,228662.7014272781,31.638148473949624,12331.907232766827,1.1235482029660004,12.647091138927447,0.5732112143097252,0.0
2013,493.3532130692976,0.0852203206006662,0.00016445763266986985,98.34015595136283,228778.90926743313,31.6422914681924,12327.094584961855,1.1349115659423503,12.0596058582471,0.5714762573536457,0.6735621164966865
2014,485.6030213100475,0.10051568962804647,0.0001649579432057313,101.23080872216474,228898.0152614333,31.667925240528444,12321.796316984006,1.1400348335515678,11.291936478824567,0.5720516120763937,0.6903856898605056
2015,490.7830721113172,0.09433358011948023,0.0001653671299463341,100.8925278520655,229016.60706731206,31.742880652765994,12318.350680408179,1.1242230415627303,11.839377262990261,0.5706320531277599,0.7678965522534682
2016,495.6170128036271,0.08230785888092285,0.0001657446420585979,98.33633605133694,229132.7158898603,32.13764424951619,12314.332973872117,1.1206423125663232,11.861249951532738,0.5711189288551527,0.03506635336815478
2017,492.64081923829065,0.08187096859345089,0.00016624346707024872,99.65028609580655,229250.24288302468,32.17801317356991,12310.937184881264,1.1334876517362384,11.929629229712935,0.5715942689695465,0.0
2018,489.7793898594251,0.08782028088883531,0.00016674031812060654,101.8287672546971,229369.9587485274,32.178062049456656,12305.77789268311,1.1239039497713235,11.023870348350078,0.5735721607287445,0.0
2019,492.5729019503526,0.08160811307180837,0.000167171804706571,98.60100020024709,229486.35337784726,32.09857316425588,12300.065759606257,1.1375449985275985,11.892476041664272,0.5592658475738935,0.0
2020,495.82754218590065,0.08562450140965172,0.00016765896468833074,99.98619429119782,229604.19950809525,32.029372308583326,12293.854445161985,1.1274681366690729,11.98487885987563,0.5606890400571022,0.0
2021,497.47064856937885,0.0793003870872564,0.00016810018141796094,97.75992757622214,229719.7761823137,32.032248050643446,12288.561955470355,1.1209540974941932,12.780149059715917,0.5599677481907576,0.0
2022,497.3618475214733,0.08021175077512621,0.00016856919348867035,98.54882530311833,229836.19075263184,32.05927906681058,12284.148854295045,1.1307832531293005,11.913178677640765,0.5614514646174784,0.0
2023,502.0448816562204,0.07112674229086391,0.0001691347964824822,98.52574360342379,229952.64294322737,32.13025189175378,12278.812013552959,1.1349110784614742,12.003446351711885,0.5602247252288255,0.0
2024,497.71039170428537,0.07966023107071396,0.0001697897018836152,98.07291574938424,230068.80409395316,32.067301864175384,12274.665269330922,1.139068994281558,11.944604970416528,0.5586925363345498,0.0
2025,497.028359872782,0.07900925766407496,0.00017034137959283672,97.02472633794996,230183.80049949247,32.04502546749495,12269.229480405882,1.126461602092875,12.03249908727868,0.5591281562804631,0.7754372967514342
2026,496.1346932748139,0.07848292819635139,0.000170892812481156,99.37414718846084,230301.16727574295,32.07134779079719,12264.16608136984,1.1221251639633314,12.090493129207362,0.5581809655575831,0.774096521012126
2027,496.3243728768904,0.07586725052485743,0.0001714427298497778,98.6131305776245,230417.7579275675,32.10280804596261,12258.581827619051,1.134803949953274,12.054232021624342,0.5579910723950303,0.8027678325840277
2028,496.3707281542471,0.0731264373236662,0.00017201333218397748,96.78837081169007,230532.54245370417,32.09236429234425,12253.564340032086,1.1270522910854912,12.115816592803887,0.5572824043642409,0.7570923205398223
2029,489.21256044924485,0.08331375103103966,0.0001726056042725014,97.57117664870856,230648.1230045347,32.048846783367296,12247.96008942375,1.1406556792989941,12.092543803915943,0.5402420612153019,0.0
2030,488.7833355129946,0.08266555321076385,0.00017308191321841441,100.90518750987721,230766.9269388985,32.10563374115212,12241.984845277922,1.1171484626565293,11.372322337303947,0.5426092558206533,0.0
2031,485.5829969592492,0.08499958616463721,0.00017361680293449767,97.44413788988146,230882.30844833134,32.05441529119431,12235.8257283396,1.126349596099648,12.069821232027545,0.5422425218114577,0.0
2032,484.02884817586653,0.09013558949052303,0.00017405031351231632,97.67473574176604,230997.85766837175,32.08367419554247,12229.559297882828,1.1349867258536026,12.124808849413016,0.526047991564527,0.0
2033,484.67381284861773,0.08442357341072859,0.0001744336649208269,99.61193175611474,231115.2677449706,32.0894805806438,12223.47911623389,1.125121514816109,12.116445045626199,0.5523727347247481,0.0
2034,479.9879604620681,0.09066418026678424,0.00017487159382040702,100.13235038569083,231233.29842810097,32.24631229660264,12217.447668007027,1.1305625211563886,12.121968458909897,0.5352601060051767,0.0
2035,480.3467641497417,0.08384484257078173,0.00017523666581521766,99.6616293052393,231350.8380415183,32.171181230888415,12211.362315909515,1.1234215720654288,12.160837033340695,0.5352713145186634,0.19678080581540414
2036,477.85203155072446,0.08414937703899028,0.00017566855748348825,98.30307887082276,231467.145231739,32.61111520194492,12205.102095085153,1.1398715571485185,12.137243437447623,0.5352823744325962,0.0
2037,474.8967603082182,0.09169557942396123,0.00017609047187419264,102.01954021205339,231587.0176603828,32.575372941224856,12198.816152185414,1.1242507553093681,11.37701124828254,0.5520050584052444,0.0
2038,483.3364807692651,0.07894280291989741,0.00017647770328193347,98.08199044280106,231702.81911142473,32.53630562726737,12192.861097874838,1.1299283745793758,12.099759348672574,0.5619806316888907,0.0
2039,486.0359246982566,0.07214250136096867,0.00017694293181999736,96.5261007728628,231817.2613870808,32.513959562324665,12186.822940531454,1.1318433542424957,12.104214208643006,0.5619922841567674,0.0
2040,488.1167567475054,0.06277844347791206,0.00017746341391906367,95.5780882719286,231930.97869014408,32.503304673310744,12180.85407775509,1.1319668461069128,12.087278516399637,0.5620036822949172,0.0
2041,486.9801975804552,0.06849645766405843,0.00017808653969287572,97.1307835803,232046.32349901655,32.55811695636007,12175.233436999371,1.1184961990449984,12.09382914378499,0.5620150198203852,0.0
2042,486.04153229644646,0.07433371095681707,0.00017864115886998043,98.5908143539075,232163.1030107545,32.423806895031014,12169.623504688649,1.1299554580627191,11.543653849809168,0.5620263836635161,0.0
2043,486.1041078166433,0.07653456837116523,0.0001791347934445229,99.50882066897387,232280.7128338981,32.4523624303555,12163.777507349525,1.1369254555959272,11.336250583380922,0.5638962472829671,0.0
2044,490.19738459978964,0.06639135490450288,0.0001797697177972293,96.11988639169802,232395.11807030058,32.42883543155634,12157.462955360841,1.1354085367675821,12.024362505035567,0.5639078363142059,0.0
2045,490.26872858945495,0.06874050861206715,0.00018046188769241044,95.45405484734981,232509.0029720398,32.428903150484885,12151.503711178137,1.1370997358800958,12.01653214138949,0.563919160498478,0.7325802260068137
2046,498.72849192238897,0.06720405301709276,0.00018110471743743037,98.29299100200427,232625.6682073985,32.48009270282657,12145.791813066047,1.1309279437407769,11.28804844257161,0.5639307105260817,0.7314768988450915
2047,492.0092710837539,0.07424234583738054,0.00018181287500512288,98.34026857670543,232742.4270925379,32.45874753736995,12140.07921762765,1.1366731047002452,11.419253825781231,0.5639420188695928,0.7240524957940231
2048,489.68508891284125,0.0753373016441573,0.00018239619855562705,99.79916322306903,232860.51048505006,32.460737931474085,12134.356077906878,1.1317783646036172,11.215998680881516,0.5504442049290519,0.0
2049,488.854405860206,0.07726078049141061,0.00018300272115327748,99.54226363043576,232978.3224796281,32.45635807251264,12146.459383217092,1.1375446364121782,11.344532987381868,0.5504552957902035,0.0
2050,489.4693664354815,0.07771545459576945,0.00018353462420784883,99.60927265978029,233096.13934767316,32.470855654823126,12146.38542622626,1.1384254861305347,11.078444085404815,0.5504663871681217,0.0
2051,491.09809941423504,0.07299082893654985,0.0001840521607702008,97.61867300108176,233211.955488974,32.502706581002414,12143.323461884465,1.1428192127235526,11.013253713985527,0.5641619238699871,0.0
2052,490.0170978196093,0.08008973226124771,0.0001847795825996415,98.19326237376448,233328.48252151214,32.49959030951342,12141.032334902815,1.1437515755953969,11.055045436609564,0.5641733135447192,0.7507472105028761
2053,489.5379315984307,0.07990378689479194,0.00018542778871969828,98.01677262147061,233444.76660616987,32.49286009151775,12137.958584745997,1.1406532102597076,11.780262304111352,0.5874053840751483,0.0
2054,486.4550201857813,0.08755927036538902,0.00018599932100162687,100.66614561883846,233563.7281160538,32.5877704245393,12135.646170050943,1.1379489275527093,10.947506393607771,0.5872521558128381,0.7471012465680857
2055,486.0023550205519,0.08839610431085643,0.0001865944734696866,100.54327235406393,233682.47630243644,32.56141718085516,12133.251963217443,1.142144410325711,11.003031843964564,0.5850540259327445,0.7419930394203966
2056,483.5921226300733,0.0946031624054573,0.00018713006488851373,102.63160607186892,233803.30258916356,32.65288605212446,12130.551099090186,1.13454522550675,10.922632941109514,0.5834618410167511,0.0
2057,489.3854089235107,0.08066403840734226,0.00018753563715228795,101.37589097491329,233922.78726583786,32.875346415817006,12127.970653859058,1.134224681472177,11.121605997209764,0.5820897139376499,0.0
2058,490.06131340159595,0.08044078011212519,0.0001880829603983015,102.38931707131067,234043.402904232,32.913594371693485,12123.570999390684,1.141760242676835,10.87993300657526,0.580695633320695,0.0
2059,492.70538590746725,0.0725626934042154,0.00018868271519209483,99.4610504802671,234161.11871557508,32.88110231263008,12121.730431598948,1.1565199954562568,11.654288458431074,0.5819434828327193,0.7196741028626583
2060,491.1369282381822,0.07547127696468925,0.00018948498435087516,100.3584379932998,234280.26690047336,32.91590704945409,12119.640331524502,1.1741658192727027,10.895596003588071,0.5814603343887734,1.3332772798491952
2061,499.80269544019785,0.0708507477439666,0.00019025736257662732,100.80991519517518,234399.7513704874,32.87778511217259,12117.001488848276,1.1722213050521348,10.896730350815606,0.5808249641063428,1.3098444970753569
2062,494.34467848133806,0.07640485626955362,0.0001910721292855928,100.75470085819147,234519.2553015255,32.87998686196441,12114.657095993507,1.1704426538455937,10.882580675589685,0.5787713762794751,0.5789775981388416
2063,493.9752727463539,0.07823197376591173,0.0001918708038019052,101.44927998011825,234639.36726830297,33.05394535433202,12108.825219358907,1.161769254880168,10.784061750483142,0.5787922289539783,0.0
2064,502.02122678610226,0.0681749469712487,0.0001926447707699657,100.54846180244957,234758.56685505938,32.93206667283325,12102.973760239993,1.1694032423871865,10.802442732620145,0.6060658381468789,0.6975541014194029
2065,500.9372440414301,0.07353012381304713,0.0001934568467831317,101.87704048326837,234879.21300806032,32.994004184561994,12096.800545196713,1.1536249541857062,10.845148742310686,0.6013108081026467,0.5841986405549129
2066,501.30259938489513,0.07825895005594485,0.0001942033704243354,102.20513613864284,235000.1501024273,33.133358032113264,12091.987657897373,1.1821400688037649,10.819720098100106,0.5819399814494297,1.2893030607928715
2067,497.3470665205961,0.08744267910950909,0.0001949420616561845,102.75158054494922,235121.53249674698,33.070585562196285,12086.920447543536,1.1571455334434264,10.776644874018688,0.5811867174649835,0.5859463266409861
2068,497.77146868002217,0.09389742495944453,0.00019557975897380387,103.90297512354553,235243.92753523667,32.942538645120955,12081.035775865204,1.1615014960677348,10.684411360610804,0.5647539459138013,0.6861502549307339
2069,496.06873527960323,0.09534679020889902,0.0001961442232940135,103.60979871575604,235365.85060776517,33.022105859075204,12076.065577491969,1.168016121997479,10.665020313789109,0.5728307622912379,0.0
2070,495.9662163916825,0.09604454075966473,0.00019661615063891165,104.17566722899237,235488.32063570476,33.09871436021842,12387.57424418742,1.1684342153819476,10.660174166446902,0.5806352742769268,0.0
2071,502.4257663443111,0.09780691029103561,0.00019714295995212948,103.66231996111279,235610.26619866767,32.96687875956508,12381.299824072332,1.1706326721099092,10.642228729894738,0.5795275610630932,0.0
2072,498.5925686598024,0.0996104458554008,0.000197577119994735,105.00049163899881,235733.5240033237,33.120747528619255,12376.202265256588,1.1619197519816096,10.60132080886563,0.5784987303908729,0.0
2073,497.9074504545019,0.1060360320818039,0.00019798832469460756,104.70728958418513,235856.4333090568,32.97723836494512,12370.508747227417,1.1770198159312262,10.587933846379569,0.5793309341858767,0.0
2074,489.0775193605344,0.11790173281334804,0.00019838657769392706,107.2063544563412,235981.74281189358,33.03403396671182,12364.440614085812,1.167575651007579,10.64755112734978,0.578475388750798,0.0
2075,488.4984563141477,0.11709914537604404,0.00019858862483829084,107.07581688030434,236106.75385825982,33.03914410809132,12364.2760426919,1.1649692853749982,10.626258587266376,0.5749550805549738,0.0
2076,491.864398793296,0.10610479491804681,0.0001990841940778683,105.99531007376447,236230.67717341444,32.95989115662277,12358.024746137757,1.1754838541728834,10.586453268197078,0.5995030632335169,0.0
2077,498.4031188546787,0.10126181617638474,0.0001996417555030555,103.92236662977277,236352.68532641497,33.02136265933261,12351.990220998887,1.1815066627620887,10.565111296936584,0.5968003980741237,0.0
2078,500.7372728387312,0.10009657969334484,0.00020024123282237174,103.48161729177599,236474.31191455486,33.023285638937686,12345.591522154764,1.17655542452132,10.535058412086622,0.5937963405895532,0.0
2079,499.82827359041374,0.10472232575960594,0.00020084319674183585,104.25620550309908,236596.7230323662,33.02377836083444,12339.196542812735,1.1693688894808194,10.528754289019986,0.5910761115602123,0.664142099648199
2080,499.87948233566095,0.09997525478242975,0.00020137850368632474,104.1671317727213,236718.98303604827,33.052012358789106,12332.805280706832,1.168947079500198,10.510886794711043,0.6149310624871468,0.6602859659301572
2081,501.5367010579136,0.10168871896863274,0.00020195495178656757,105.51141467526801,236842.64707043738,33.085224837018096,12326.417733572578,1.1514476374261184,10.488239054403557,0.6118293645969736,0.0
2082,500.769683899155,0.10026394288021001,0.00020251028364941424,104.20659040874176,236964.98879428548,33.092775628124045,12320.033899146983,1.1784886066309381,10.563107575402825,0.5967089488236744,0.5072147599538042
2083,496.3629123546184,0.11137436992118721,0.00020306949460393057,104.97598479342881,237088.1001060268,33.10881219920076,12313.653775168545,1.177414374410829,10.457311581004896,0.5905676992195363,0.6470033442554133
2084,503.777757626286,0.1050911588726322,0.00020349607895206258,104.02922104278254,237210.08855797522,33.14792754967942,12307.277359377245,1.1751720306943867,10.412636499325837,0.6000338533949098,0.0
2085,504.1365413156213,0.10567209267825073,0.0002039826932233434,105.25530450567837,237333.49952519435,33.11188544350787,12300.90520499585,1.1561203049685604,10.368267576102152,0.5994429305629155,0.6450823828715144
2086,506.3177786275844,0.09658395570652589,0.00020425639304119398,104.22364127429196,237455.83337789634,33.00646665708836,12294.537910131865,1.1597487195266394,10.391355735081834,0.5819915858087252,0.5402220308462837
2087,508.8937760735034,0.09766047577294101,0.00020461990377164432,104.77016962552433,237578.80705970654,33.01367050624414,12288.174005865982,1.1461083187238519,10.345240788021686,0.5848051380105181,0.6321874368845108
2088,500.2796501121275,0.10642425999425542,0.00020496432407619112,105.88056776369478,237702.81479619863,33.09185904225552,12281.74791971731,1.1610773308237885,10.362820347620096,0.5871253327267285,0.5414268608064212
2089,497.41566334666925,0.109828864288528,0.00020520814933134548,106.7421457098676,237827.65142668842,33.028835278868236,12275.391913564328,1.155764875412777,10.323785829954678,0.5873370282003623,1.1708642069724995
2090,495.01246399177785,0.1144180809201727,0.00020560397608948742,106.90927880894424,237952.6085985983,33.0529138921364,12268.989968529911,1.1512077661035154,10.2634022216603,0.5872977386718559,0.0
2091,495.7735105718619,0.10426635584192068,0.0002059430074355508,106.04121211263237,238076.57405551386,33.06832775166827,12262.592008075959,1.1517651594459637,10.250174054599622,0.5852456085070642,0.0
2092,496.4613869899089,0.1039976067704923,0.00020638258362762132,105.27237794382368,238199.82236114575,32.94881291261145,12256.263144076938,1.158206495472294,10.259816535878544,0.5897846359253557,0.6173898130024078
2093,494.66756441947314,0.10954889431431447,0.00020681671638867692,106.12991547890043,238323.94743460455,32.93406939603367,12249.921203973054,1.1549128806843132,10.230316940162792,0.5877524709191184,0.6209224514910403
2094,490.428121442438,0.11905384041988964,0.00020718322628527516,107.74393763957238,238449.75076866816,33.046517267946314,12244.16896409138,1.1541322071630213,10.10241847852014,0.5857852210946731,0.6112971479961438
2095,486.488166232643,0.12263467152759677,0.00020751545313135806,107.72445614874991,238575.35155219535,32.94828471419508,12237.915299364078,1.167021642826345,10.219366784261373,0.583614021509255,0.5372944874333818
2096,484.89701723373696,0.12413606427707713,0.00020788674113584587,108.02761305411833,238701.22321558036,33.20656798165963,12232.943024071446,1.1659935780125874,10.186847244977123,0.5809022200160032,0.0
2097,479.5885759774078,0.13191808520538895,0.0002082501843024792,108.85451022606645,238827.91109670585,33.085840208273645,12227.898775222668,1.1714614624080377,10.167656892280206,0.5634027468911642,0.6136764894847069
2098,482.83742125223426,0.12763637983286613,0.0002085196324816496,109.02507868369449,238954.65498746172,33.103528085572115,12222.721223920855,1.1686577034536187,10.177333954909571,0.5655549642892307,0.0
2099,481.1416794307925,0.13308232157025424,0.0002088273880712275,109.38620197789481,239081.85691036363,33.12374223693984,12217.522701293114,1.164019230020975,10.176019218688591,0.561760610694722,0.0
2100,477.3104573332177,0.13985481388965604,0.0002090696806652491,109.18019833511767,239208.7827931036,33.10400097172619,12706.422392305767,1.164664607470785,10.109369223900105,0.5603172792085751,0.590106903845367
2101,477.5897991598742,0.14027070586535406,0.00020910597797517508,109.80019555945947,239336.265527106,33.197844752828935,12700.268083209683,1.1610644035624256,10.058206612226025,0.5680876017880755,0.6023623702724343
2102,484.5065806079064,0.13075172505497545,0.0002091326689591308,107.47642205185976,239461.40250309318,33.08745085604623,12696.741217719049,1.1758743234631752,10.142008117106483,0.5663681180228792,0.4545641135456613
2103,479.17941847749717,0.13750745619617422,0.0002092566670113356,108.12812695890699,239587.54041513245,33.06684997660385,12691.963948304889,1.1772992882823132,10.132670111790135,0.5672609220049323,0.45159328617265615
2104,476.5006133998783,0.14728150765823356,0.0002093053863714432,108.57268946627774,239713.96342259954,32.946310008408645,12685.695155654295,1.170049969075015,10.041452658809591,0.5489210043072004,0.0
2105,475.69811058766146,0.1503940206286808,0.00020924345058384784,110.0652018149452,239841.61091653808,32.916561336781236,12682.148520577895,1.166561883891906,10.010797201026172,0.5475562062015473,0.0
2106,479.77132541236614,0.14459932686344923,0.00020914215843699163,109.50366917360954,239968.69802066396,32.92082957049223,12677.332804531288,1.1629805144887142,10.008505402604868,0.545443263587116,0.0
2107,485.5959530004896,0.1390140171696186,0.00020909658252016744,109.72633628852867,240096.05934145136,33.03833244809196,12672.04205551798,1.1585827690377446,9.966779107593347,0.5735328816434758,0.0
2108,484.18751950184827,0.13804498843066682,0.00020910622534279485,109.63980128161997,240223.42498949525,33.091667437881526,12666.610438307325,1.1535872268042042,9.85587387233122,0.5719323236126244,0.0
2109,475.9753822352973,0.15065906534989937,0.00020912141209042913,110.07536440626183,240351.27327618565,33.07087158730787,12660.043156795307,1.1627922822652497,9.9169810300162,0.5702717762580315,0.5720946745185742
2110,474.8728793103052,0.14743661829326615,0.00020899727959484754,109.6965908993545,240478.54065293298,32.93417912049538,12653.4660902169,1.1623497898445603,9.885763032377962,0.5688552017254155,0.0
2111,475.4156693521472,0.1449268894141208,0.0002089036575809065,110.16232701745452,240606.38290321236,32.900890910396285,12647.267740414207,1.1510834157772762,9.857718895732514,0.5673875118457551,0.0
2112,467.4446916564072,0.15825256157328715,0.00020883264584626714,112.27634314489941,240736.34250783594,32.93734515425198,12640.941358893617,1.1512119593917294,9.705043681902602,0.5647274288460997,0.0
2113,473.835907484808,0.1519683374857873,0.00020861578190887954,110.85682179782634,240864.52450595063,33.069243010668224,12634.875111880869,1.1711616106854341,9.785234587559009,0.5615887975967055,0.0
2114,472.95700014001267,0.15691901300169864,0.00020846274343257497,111.602108937888,240993.56497240596,33.18874705250278,12628.607392639293,1.1724233418941303,9.719175992722903,0.5613021653783508,0.4382762903492896
2115,476.88204645312925,0.1529873244222979,0.00020825338062260035,111.87806714636613,241122.85833019874,33.17702242793484,12622.048677781504,1.1469195582539566,9.774071873965308,0.5616534742207039,0.0
2116,475.70843603794856,0.15509583234561908,0.00020808285644493394,111.74979985625154,241252.10332717287,33.04699460526794,12615.854494525185,1.1493952801048448,9.75399281802438,0.5607587075253213,0.5501464368676814
2117,472.3538922775538,0.1603627438900016,0.0002078866397468913,111.74300209160032,241381.2640593049,33.0574031150694,12610.697759941473,1.1664918751424487,9.535832830370225,0.5596124750051731,0.0
2118,468.61691252533996,0.16114465992117222,0.0002076312823652022,112.43919307438534,241511.02581934177,32.939971351851625,12605.77917814609,1.151051990861896,9.523930177214382,0.5581677405764862,0.0
2119,468.51825367476164,0.15807020445512732,0.0002073651150634399,112.02735310687545,241640.56232512585,32.88948690275362,12600.710811264427,1.1633874054942202,9.540239702882431,0.5567810190170193,0.47571122829376833
2120,471.87784051891947,0.1517351080698206,0.00020712913378254105,111.90352346241451,241769.92873387327,33.03032726783863,12595.627643117423,1.151603278410182,9.515930060402159,0.5555539778059354,0.0
2121,466.06984675081696,0.15674548241426867,0.00020695782195560524,112.77380163824346,241900.09407903973,33.15032391229874,12590.459063824344,1.1457238169561943,9.518925478466336,0.554289277624721,0.0
2122,469.2049814915567,0.15031244327818793,0.0002067299920382987,110.78455634211068,242028.31175421423,32.8224340951483,12583.852385983695,1.1670261463472609,9.68543776547924,0.5530924881377447,0.0
2123,468.8430158533034,0.1601528734164993,0.0002065678507764042,112.17255360735615,242158.0591371739,32.868098375370764,12577.314695574629,1.1637250153286487,9.682274975709955,0.5493703042937873,0.0
2124,466.38848952209634,0.15753013920459769,0.00020646331702167054,112.27296368786607,242287.81075837713,32.87126353061646,12570.796924120605,1.1610840454739073,9.670297979206248,0.5514256299583561,0.0
2125,459.0524031395878,0.17122250935778338,0.0002063827204980422,113.58956307124024,242418.954781471,32.970782762973954,12564.266567950162,1.1756988945117137,9.670714088078151,0.5498001275658109,0.0
2126,459.2089898170882,0.17702072652249867,0.00020612173813437564,114.26648082023642,242550.4997873129,33.098326265006484,12557.740512621369,1.1679829439919789,9.65517894955513,0.549789859059124,0.0
2127,457.56790264685856,0.17282995955031744,0.00020580970991460764,114.42505675549147,242682.11611562734,33.119812065994275,12551.218385179007,1.1565353747503833,9.655215264476102,0.5487136562603392,0.5345561575731175
2128,459.4404297907122,0.17083425198799818,0.0002055475825144393,113.56901957273374,242812.92520974544,33.01804959160334,12545.119313949654,1.1689761735275372,9.43519390311611,0.5483317598139728,0.5316424926468244
2129,454.684945633542,0.18295123390142964,0.00020530646880916465,114.74248163049967,242945.0770332128,33.02042053939579,12540.03396081464,1.1787384913072287,9.445586793041464,0.5474087431331471,0.0
2130,461.5809110652935,0.17077115369607465,0.00020493397038046681,114.04686995597027,243076.17342587517,33.18045600106791,13347.34580062179,1.1685154490612848,9.391815892731195,0.5464687998434288,0.0
2131,454.7061401501825,0.17711751487640415,0.0002046911317732456,114.1961416471436,243207.62536831232,33.06787344704983,13340.665258426567,1.1710735278600435,9.386861545498213,0.5455085372187838,0.0
2132,455.81955739654546,0.17548406670968175,0.00020437838253171948,114.107012046638,243338.90430568875,33.0675830739972,13334.989657762942,1.1734930143720024,9.399511268943247,0.5429901519669699,0.0
2133,456.29188919038353,0.17689946430396242,0.00020408080538803972,114.12961030233924,243470.3426551851,32.98383551131488,13328.03859506902,1.1536230947262653,9.59200999278519,0.543816180600667,0.0
2134,445.6852325440789,0.188955373031911,0.00020376586310381844,114.46548375168268,243602.12204724102,32.96278678927138,13321.67719467713,1.1741843994769912,9.407249079783464,0.5432452208804953,0.0
2135,446.52774299974084,0.18777917583569637,0.0002033112547816877,115.29930815452127,243734.38631897877,32.94042522267786,13315.931399671654,1.1573319285789945,9.425808367205207,0.5424692433826058,0.0
2136,444.7418351783761,0.19109150715614298,0.00020286810413694143,115.94721205859747,243867.43303297728,32.94249634690476,13309.671620013614,1.1532604801410127,9.434887385068546,0.5417565000891883,0.0
2137,442.98653193383285,0.19143256844446932,0.00020238858438886219,115.27137470936366,243999.60135191237,32.965007723139784,13302.836300038034,1.1592159865444056,9.448000711860189,0.541091790377296,0.5126263346533086
2138,439.4747848188846,0.20678901516539694,0.00020190060679000686,117.13349900762452,244133.5965962085,33.01453437011823,13296.444521741221,1.1560985879734427,8.640107565113516,0.5405519378342961,0.8005026678781739
2139,440.4098228157568,0.21991768285290525,0.000201249967975048,118.39067096076505,244268.70726407802,33.030800542851274,13289.816799670467,1.160663382353067,8.654657080468256,0.5390565041987464,0.8235184618166684
2140,427.4837552423324,0.24616691931351775,0.00020046014854858377,121.62230780104044,244406.9869742835,33.037469773331274,13283.086034971948,1.1704301270479656,8.629804554892967,0.5376584900463764,0.8882963131649575
2141,422.83077631501817,0.26091348292922645,0.00019939185333513513,123.61327744110588,244546.96174454136,33.037812755394114,13276.267430437876,1.1497642144774687,8.602338926133367,0.5363090588124355,0.9606351612843973
2142,420.79107173762014,0.26241988229129876,0.00019817013195226477,122.9442147343927,244686.08975185003,33.024813497881176,13269.405134137929,1.1679509349836503,8.611390222801987,0.5350035348530823,0.9976829011859323
2143,426.0242677002782,0.26586586542436963,0.00019693717138191607,124.47988824870271,244826.71296747916,33.254384093111575,13262.492129002048,1.1596201958392944,8.713158749764181,0.5337809126886,1.0801590930581462
2144,423.8783007318342,0.27606683079738215,0.00019567262195205714,126.64444078777149,244969.5045353815,33.218095872970466,13255.531656396435,1.1581596010134747,8.507758004675601,0.5327611944962979,1.090651680086058
2145,414.61193271699454,0.288857528894393,0.00019430523541184256,128.0328111810933,245113.6853449316,33.36305002886205,13248.626818792982,1.1653713493861435,8.683259860652232,0.5315340933199036,0.0
2146,412.4839381477909,0.2861606380808718,0.00019280730344925235,127.39481270601954,245256.82928795036,33.2584230110519,13241.679080930671,1.1683731552053147,8.459727737982274,0.5304340354749366,0.0
2147,413.76445228223133,0.28242400280945534,0.0001913454081524396,127.63009290552368,245400.3452942158,33.27404411567778,13234.798277405283,1.1675999088314002,8.402311138103121,0.5291067003448515,0.0
2148,416.2730111887936,0.2777797545577756,0.00018992986420014892,127.40242784877265,245543.70248847606,33.81029544498781,13227.936586023749,1.1710308625860424,8.582380363586758,0.527774280099441,0.0
2149,414.8454125074823,0.27331731069009624,0.00018857019914609655,126.88491448179657,245686.38278314332,33.747539201529214,13221.078097214673,1.1600603393403526,8.543449127203306,0.5267382951452679,0.0
2150,413.0202907484573,0.27568880139584684,0.0001872640983509445,127.00833492797015,245829.40650311578,33.604193193676934,13214.206890998676,1.1701423477902504,8.526332767647407,0.5257060271707885,0.01281398226619146
2151,417.51985810895167,0.27022828318231773,0.00018593845812039396,125.78883187216265,245970.97905693206,33.69865407203614,13207.373878553924,1.1688368998330088,8.531827283812277,0.5247068306784245,0.0
2152,404.1583429676522,0.27975072866065154,0.00018467677604662745,128.2362734186646,246115.06123547917,33.61000619455226,13200.545991339472,1.1630994558329053,8.33324392246175,0.5237640250047284,0.0
2153,402.43115214403946,0.28009734898406113,0.00018331956399172166,127.23586520367272,246258.0497654633,33.67310045801163,13193.704903642592,1.1751377757039725,8.342061326234777,0.5226177789944874,0.0
2154,405.38912599623444,0.2738615494177312,0.00018196552653966338,127.25338365609193,246400.9751493737,33.53893497548488,13186.820433269497,1.1547683350198263,8.34053095019212,0.5215414474180587,0.0
2155,403.26094401274844,0.27553373089592925,0.00018068398050263514,126.19397893487246,246543.0282392104,33.45576983105856,13180.051565687983,1.1787143679045193,8.340285566930348,0.5205183986263863,0.0
2156,408.2484731061837,0.269725742409627,0.00017939023024083232,127.07824164482815,246685.83250292935,33.53152627185544,13173.155924379073,1.159450796082717,8.332862762843806,0.5195475939296326,0.0
2157,412.9174010514441,0.26396261245127783,0.000178163974050011,126.98368367560937,246828.6244707674,33.547432867564694,13166.39396006461,1.1615396816316728,8.279068363808989,0.5186173117028435,0.0
2158,407.1886952667055,0.26776981333906447,0.00017700423954875434,126.26594432131316,246970.77460492027,33.45101036087378,13159.585655245171,1.1782104061098775,8.242794185997615,0.5176667043936212,0.0
2159,406.08663316110324,0.26720415743362,0.00017580871127465192,126.6967697663126,247113.28631868112,33.57640468142752,13152.764679647535,1.1618866654186986,8.235957767510946,0.5167190362029902,0.0
2160,405.69749945986956,0.2666904090674116,0.00017462420628024529,-320.7682171005619,246808.3910325829,33.45043943151778,15684.281314381258,1.1614642205331698,8.231754379396111,0.5158115152096113,0.0
2161,405.68616296062703,0.2656096373656458,0.00017345010762491174,126.13610981287691,246950.4261785063,33.556384036035645,15676.140368421966,1.164960123712414,8.2452545294904,0.5149556731871454,0.0
2162,407.9178179533738,0.25902818464427435,0.00017229304094738793,124.95454735184957,247091.26314374982,33.50977338788966,15667.903665085416,1.1647419927852094,8.260622287502263,0.5141509728535707,0.0
2163,413.91460491650884,0.25033354204799485,0.0001712125531240786,125.02017389781324,247232.39408605942,33.686095766942785,15659.70441486212,1.1633543408210931,8.454661254904233,0.5134074186098305,0.0
2164,410.3981628739526,0.25302105097683103,0.00017022878885278146,124.47714478737518,247373.12453826994,33.668733055937174,15651.491936073375,1.1629156789855617,8.284434658953757,0.5129485754069515,0.0
2165,411.16831350449957,0.25244480744008413,0.0001692199254103419,124.20779167607333,247513.49502565176,33.654786455670106,15643.23469651926,1.1677472178317907,8.258776745951865,0.512298041420545,0.0
2166,407.89043908921684,0.2540917328550242,0.00016822089756848466,123.09564751228953,247652.61391440217,33.61590691412431,15635.065239651647,1.169487162903441,8.26304015699889,0.5116488688126343,0.0
2167,405.3157703394519,0.2559326892385455,0.00016720716928358297,123.34853509538794,247792.00468481882,33.52605016428611,15626.93232609795,1.1697463134707788,8.274166472475054,0.5110389522265033,0.0
2168,411.3178669218192,0.2493203694147743,0.00016617666128093534,121.05041841223682,247929.02137474925,33.386993752323505,15618.738769364232,1.17182340976001,8.263019651273954,0.5104750265048995,0.0
2169,408.00004697645596,0.2508507259891536,0.0001652198534996858,122.65219634258352,248067.7244515779,33.49855283690235,15610.56476786913,1.1570215065217344,8.279320173000679,0.509926528279575,0.0
2170,408.488329626438,0.2494899112221991,0.00016425013990262275,121.31466514070245,248205.07133318816,33.44534033888003,15602.33124762395,1.1743311931917972,8.272913873320196,0.5094275027934327,0.0
2171,405.0705151824315,0.2518911615809879,0.00016329842032131688,122.67727511611068,248343.78167126,33.52997890101999,15594.168495829354,1.1703339392529333,8.282981973074591,0.508946659661681,0.0
2172,410.75578368940484,0.24336893312281827,0.00016232454967463636,121.46288503296486,248481.25364595524,33.460272022640645,15585.94892425433,1.1617355367052358,8.290391144950888,0.5085039851518541,0.0
2173,404.667766370907,0.24676232174745183,0.0001614449418291221,122.23249178472219,248619.73365130954,33.37923289159838,15577.720051658009,1.16853117406464,8.301049742343137,0.5080941874028202,0.0
2174,407.1029770060216,0.24429891315706265,0.00016053211948999108,120.68990349184455,248756.63428556308,33.30666465772888,15569.495898501305,1.1680887183734676,8.312810543477015,0.5077197351250535,0.0
2175,403.8439254037717,0.24916249304228977,0.00015964867318664917,122.57850852191744,248895.40911074524,33.389579196635225,15561.595894250962,1.1567890047663794,8.326064599763015,0.5073802481854304,0.0
2176,402.17587525312285,0.24984317938738276,0.00015871644241867991,123.23844842587813,249034.67214309445,33.39770495950341,15553.516473156527,1.1578959562036104,8.341517212581044,0.5070758609217608,0.0
2177,410.933530673148,0.23969509088269958,0.00015778032529386264,120.62512656612125,249171.29660597476,33.35183195974426,15545.33105476628,1.165190248300997,8.33304124871896,0.5068075948171965,0.0
2178,403.65181439122523,0.2458503896623514,0.00015695559125582592,121.89881213686722,249309.33216656922,33.354926378061585,15537.139735342902,1.17143310294761,8.349076389005804,0.5065432780617365,0.0
2179,408.845908063344,0.2377369854166993,0.00015606794772576012,120.38085071994465,249445.80731947126,33.273736819033815,15529.150286831396,1.1665160809022828,8.322791167318163,0.5063138041658272,0.0
2180,407.77380213311807,0.24146681044153484,0.00015527117531531845,121.75812324219807,249583.88191702674,33.36722097380178,15520.943774999256,1.1657420795606195,8.340086802299771,0.5060637358409918,0.0
2181,408.5392433739668,0.23725527437445038,0.00015443805586795326,121.61374246442972,249721.60061879669,33.38148305053444,15512.843178072295,1.1562769564281181,8.35465786482209,0.5058493927555737,0.0
2182,402.97914219856045,0.24115691382767546,0.00015365245455646725,121.72457622543112,249859.58251348286,33.568172727460905,15504.79248128974,1.1647189028596656,8.363293153046376,0.5056655182396937,0.0
2183,412.71677305779605,0.22989526394525817,0.00015282770926973904,116.82332386728471,249992.45572427296,33.519062446625824,15496.68114449593,1.1529374298332136,8.349776820138239,0.5055030467541903,0.0
2184,412.48323022243034,0.22846548536085687,0.00015218936001507564,117.49868441569458,250126.22227288006,33.5897674524454,15488.57463025241,1.1677672430031263,8.583667982411185,0.5053328003118724,0.0
2185,406.4284605720673,0.2373104801615713,0.00015139255970053484,119.6537677775828,250262.17761223065,33.58842988183234,15480.489821731619,1.1815232381654817,8.382286171316496,0.505468995278819,0.0
2186,405.54807750930894,0.23758246409324701,0.00015050437474374063,120.37365563719159,250398.59934822886,33.673963474091686,15472.336057542616,1.1521607365899675,8.381894912526477,0.505344052325319,0.0
2187,403.77628012995115,0.23906980836420133,0.00014961673694453492,120.7313669863156,250535.48045434,33.691213845299124,15464.153735741293,1.1554699792844094,8.382571475732997,0.5052260823393087,0.0
2188,413.9574430989094,0.22696427371961914,0.00014871673369350714,119.76151474095056,250671.28101286033,33.686576630124655,15455.991676007221,1.1499072321983064,8.369191510725795,0.505116086726699,0.0
2189,407.35843473900826,0.23354101819717055,0.00014794910830108623,120.97601153519139,250808.5521678281,33.66229815449293,15447.851755855825,1.1581345780986183,8.372530788156782,0.5049958317162658,0.0
2190,405.9261934481289,0.23435930423732643,0.00014711409734496892,120.73376766642721,250945.4278444349,33.77393485173576,16032.647469052321,1.1590869546167486,8.387708491546118,0.5048870406301857,0.0
2191,406.83681748929047,0.23252360632796543,0.0001462735193471424,119.66084580191132,251081.18949423858,33.66032487766323,16024.157624605952,1.175665090782136,8.403598385198832,0.5048041503045625,0.0
2192,407.7059000993673,0.23280416675444227,0.00014545568180548298,119.60839794140797,251216.97833437845,33.68170833486819,16015.69016506971,1.1566354169523463,8.412344152329096,0.5047467561168277,0.0
2193,416.4638417235246,0.22368186953848312,0.0001446379259188913,118.71531693323055,251351.82322704437,33.812186225471685,16007.227540429792,1.1456311851354355,8.583677796429205,0.5047045079596123,0.0
2194,413.5527766272462,0.2250725299035864,0.00014391743994382247,118.33705204406729,251486.4219548034,33.67125514626898,15998.769653021125,1.1591387814973482,8.375652059942706,0.5048828743731323,0.0
2195,413.1702173312746,0.2262920794010166,0.00014318454355943108,118.88700069249842,251621.5976933383,33.67170592196699,15990.299442845577,1.1474854380613024,8.373728074805731,0.504789525949491,0.0
2196,421.6380720575889,0.21766787200050053,0.000142441180287935,117.20642062105269,251755.0320342039,33.62905349161138,15981.833744356403,1.164346396299933,8.348252996108906,0.5046995895600405,0.0
2197,417.69768079884835,0.21932532142682182,0.0001417921973879699,116.73221449017956,251888.10755316986,33.60069713297241,15973.372816485253,1.1639359569681018,8.360986105898332,0.504583017694045,0.0
2198,417.89621559747115,0.19227249993488238,0.00014112750700849403,112.50545919664934,252017.06163386034,33.52826760615937,15964.91675932151,1.1539674861764346,9.565399294402855,0.5044896169945842,0.0
2199,415.4103814882893,0.22111738114496515,0.00014075273162794487,117.26790557251186,252150.79236663465,33.59095634366947,15956.482816386173,1.1516258412231404,8.410564729869536,0.50592980810512,0.0
2200,415.3181194100698,0.2199073304195137,0.00014007094209426407,105.07714141594364,252272.1654125418,33.57155488931824,15948.053883959321,1.135188899812431,8.416695440206587,0.505833646673862,0.0
2201,413.77512247144074,0.23018751033809137,0.00013925377229843884,109.92175326046632,252398.48211797248,33.569593281462154,15939.627800732724,1.1116812366263091,8.43337412198329,0.5057512157345981,0.0
2202,415.09308768263696,0.22962184327276014,0.00013833081778508397,117.50648202252978,252532.2999781694,33.57662541208699,15931.24139404202,1.1343292211957927,8.449294411270607,0.5056952006383406,0.0
2203,410.1695347200967,0.2333071817169089,0.0001373942154906128,117.97118764883625,252666.58238628315,33.60295992964578,15922.776352588859,1.138165817802667,8.477754881502008,0.5056633050839348,0.0
2204,416.3928472049232,0.22522610894515493,0.00013642300183902602,116.08124981331238,252798.8272761394,33.420379385794945,15914.433111092489,1.1404119706639606,8.721335180230621,0.5056702166767694,0.0
2205,419.1210501389604,0.22163408542697405,0.00013554229693570237,116.6618308454449,252931.76303668824,33.641237535204624,15906.043573050616,1.1238709299210372,8.718673305264218,0.5059868446358483,0.0
2206,416.941041905754,0.2205357441042919,0.00013470446943728232,115.89926511615847,253063.95578448384,33.58255372048799,15897.64342142674,1.1218501393809481,8.737207687757238,0.5062852179148926,0.0
2207,418.56027990527315,0.21572205915210751,0.00013388230219045602,115.5487222007235,253195.7697946941,33.55085559230625,15889.248056429766,1.1291182081518003,8.754403054980578,0.5065931335605267,0.0
2208,421.8661779689497,0.21008229192994576,0.00013311523399138673,115.15839596310327,253327.22010937225,33.577793291978615,15880.855421615866,1.1370800133895502,8.775391345483557,0.5069084021401132,0.0
2209,421.4466489308055,0.20717715484356414,0.0001324116585306373,114.56385317792977,253458.13005596574,33.594354239729135,15872.486136354593,1.130641721884132,8.539936587266915,0.5072354541090427,0.22627282813237315
2210,412.88154120434103,0.21607282287300555,0.00013174201746254198,116.04677788872749,253590.67159626877,33.66379504023972,15864.087698430121,1.1447200547214769,8.555113752916327,0.5072811139967104,0.0
2211,415.6778328993137,0.21121029841433614,0.0001309495054893358,114.88157844301864,253721.7782777376,33.615461395973135,15855.694094579205,1.1433491621718885,8.55712778404201,0.5073119386984223,0.0
2212,428.92764244462916,0.21149150765207858,0.00013021252842210934,114.79388479296486,253852.98192142963,33.632744927153276,15847.32256790333,1.1375728718148954,7.296802675698643,0.5073448004984933,1.4865818900320278
2213,411.93068261215456,0.25703295495425016,0.00012947595219792241,120.23283671556737,253989.6085490411,34.0165523068516,15838.955822576085,1.1316679533720733,7.242833100641752,0.5059933062992237,1.31700451973283
2214,398.9113210030482,0.29013286930555604,0.0001282582215780799,124.26696999511056,254129.8678401255,33.93294813587478,15830.5766657506,1.1433058334850759,7.270798671882633,0.5046173042545232,1.367000733964666
2215,401.0827388138785,0.3069579592129906,0.0001266953901332926,126.85723865764916,254272.3993045715,33.97617448988971,15822.202329502587,1.1284752593733793,7.5104640774984155,0.5033538164952394,0.0
2216,388.758049371604,0.3326939888118754,0.00012496326169010686,133.3106493637464,254421.26839659407,34.30379029016715,15813.847147927385,1.1668979321795134,7.531272676878415,0.5022608304153678,1.4511239372158649
2217,382.2344145473739,0.3333481298815435,0.00012296832780968453,132.75206017668367,254569.16689761975,34.06689214384962,15805.511185336441,1.1721630275794455,7.276284024066021,0.5014602751423248,0.0
2218,369.4901655398397,0.3424114816720464,0.00012097947378010659,133.78063522347514,254718.09842923563,34.055959642606126,15797.164816640021,1.1712735638554106,7.348536734838209,0.5001672670508917,0.0
2219,372.36576108337766,0.33553570216059025,0.00011890719578075976,132.79819680878623,254865.89832399908,34.1002082659941,15788.855973662667,1.1625897925317592,7.4331195019055425,0.4990322598841876,0.0
2220,373.51832363263117,0.3278101351339229,0.00011692173658959792,131.53991353543643,255012.4706539227,34.142412961988256,15780.519538047267,1.1545397679170055,7.534199225725172,0.49806294738610624,0.0
2221,377.25828226036873,0.32111232608682516,0.00011499948135999043,132.60375546794504,255160.24174293608,34.154889212604374,15772.204725138468,1.1566022238960865,7.57538299009943,0.49727191750865607,0.0
2222,376.8412077587873,0.31864347726221554,0.000113161103638163,131.2071653335271,255306.6810301575,33.99258142600866,15763.892682228872,1.162045693674745,7.591262668235267,0.4965742190483393,0.0
2223,379.9217239848298,0.3089796715987795,0.0001113609891409811,130.63637649238197,255452.4982083909,33.93995374030673,15755.570269028673,1.1504591565150801,7.597621269911992,0.4959330598119268,0.0
2224,381.72940008296484,0.3036184422167061,0.00010967541780577386,130.42197760523686,255598.3275904526,33.78513861481158,15747.269781602334,1.158090589218343,7.639220552088583,0.49533352129352615,0.0
2225,382.5340981207644,0.29861595791309326,0.00010805775521644243,128.61556554558155,255742.39562536933,33.72060461894758,15738.972060039121,1.168616734067601,7.667674042130257,0.49481821442525475,0.0
2226,381.7743499853419,0.29789064460822934,0.00010650368225799812,129.68383309219803,255887.54634956995,33.75492677010727,15730.76560449274,1.1589754120972886,7.569748761811793,0.49436622420222354,0.10463598717880629
2227,379.6409552294536,0.29636986653677766,0.00010497084858558924,128.43161224526307,256031.3967187076,33.86013936163262,15723.528127210757,1.157879999623635,7.6122028844527225,0.4938291863904494,0.10296031190235766
2228,380.0843912516739,0.29330012877658496,0.00010346394795587566,127.57043341505575,256174.4218711738,33.80241989363231,15715.907803902619,1.1718890728768154,7.624274388421337,0.49337403846619027,0.102066857927543
2229,383.7869942921119,0.2876106455207793,0.00010199928250811454,127.55569550515887,256317.42789559223,33.92223318012541,15708.62211948872,1.1567471707279766,7.6485701351600355,0.4929582321672489,0.10122978221722789
2230,385.6736857774893,0.28166756947958216,0.00010060442114847563,128.78553512320502,256461.7707329478,33.863190326705826,15700.729761789224,1.1492617382982353,7.672412196219423,0.49259530295554266,0.10228013768410449
2231,385.08757662141295,0.28093595174786445,9.928154774515807e-05,127.3361344221795,256604.8471086901,33.84593829816575,15693.320219962461,1.165139255257167,7.697270987390631,0.4922822861646833,0.10050377496579088
2232,381.35674518627184,0.2841632211875821,9.797468095832542e-05,118.64381769428098,256739.22481994197,33.77247498868933,15685.380520754034,1.1245503767470892,7.7409159423919744,0.4920175482193242,0.10196938377012543
2233,379.49870909576805,0.28939560626153427,9.637654192304969e-05,119.98443805494128,256874.71559661208,33.86119761288021,15677.15033215541,1.1239717086966063,7.799124610066582,0.4918229554075656,0.10437300411477324
2234,382.41013793006533,0.2851054902942055,9.473359323239687e-05,121.98006681365806,257012.20012516156,33.784447789707556,15668.914736095769,1.1160227459100753,7.939661306760057,0.49171357953629663,0.0
2235,387.78220934435166,0.2758397463891086,9.314751180327299e-05,121.78743515418608,257149.62255413338,33.705705631303246,15661.19494990894,1.1340673621756379,7.868907185825683,0.4917741127281661,0.0
2236,386.700142791151,0.27251120002857676,9.167082122861692e-05,121.88490017832939,257287.1618084396,33.72454509881048,15653.66466074572,1.1340644374946267,7.892069668155861,0.4917431123856928,0.0
2237,395.8407873060864,0.2585219215622304,9.023953366716867e-05,120.47877357747512,257423.30034038372,33.73481022941532,15645.42714503652,1.132092518245701,8.297972566229891,0.49174431833227905,0.0
2238,391.6202681443551,0.2605005181737682,8.896615341420497e-05,122.20080664344977,257561.4565794235,33.73314144085525,15637.209109865173,1.1320888429476719,8.02111035034731,0.4922615910462459,0.0
2239,388.6679273941046,0.2618921514276391,8.768020686539337e-05,122.95338341913813,257700.28094166348,33.71382530606107,15628.979153213397,1.141938388117008,8.040554422915328,0.49240284276138085,0.0
2240,399.35224408972806,0.24815028571927533,8.638862739454619e-05,121.21376153981957,257837.23203386896,33.944580044528365,15620.756033204261,1.132687932064483,8.352858039916446,0.4925628740513093,0.0
2241,395.7705295630661,0.24914280955658208,8.525190623709775e-05,119.65604663384738,257972.90805712316,33.74303443019269,15612.705257043426,1.1442002410314192,8.366241158250943,0.4931122094466236,0.0
2242,390.24340870629857,0.25223707371990534,8.411139424251179e-05,120.02263619458009,258108.89873752603,33.724108760073456,15604.49530732926,1.1410245972469295,8.036644409085827,0.4936520403365384,0.10214454919165661
2243,393.9546213652095,0.24562216258642622,8.294392806022238e-05,119.9896839778515,258244.75581291172,33.8052976784972,15597.118283221851,1.1349217657831256,8.105337463553273,0.49376254502057154,0.0
2244,393.2622726854921,0.246133398448934,8.185501744709528e-05,119.11704307853755,258379.80113624575,33.834699067930806,15589.23498728946,1.1461492185657671,8.188348488705659,0.4939409874238627,0.0
2245,394.93175923674596,0.24139606159304028,8.076385435021026e-05,117.89040863015114,258513.6120575541,33.794112692311074,15581.184514792942,1.1538078916445085,8.213783252610444,0.4942169146176659,0.0
2246,392.3291039513265,0.2435042334048575,7.972906911190315e-05,118.95897865454975,258648.6277405604,33.90207063329908,15573.946025690486,1.1506311284454576,8.268181405840147,0.4945123695492105,0.0
2247,396.93262191031505,0.2376925057846503,7.867863679499665e-05,110.11757094835455,258774.7561749345,33.76199811527042,15567.27957273681,1.1236870643223953,8.284261175506696,0.4948630964834995,0.0
2248,423.69489483665336,0.17500851460424727,7.765082096183454e-05,106.95795713318228,258897.79069704603,33.62807007286302,15581.590263735383,1.1335144016999201,8.847020589691514,0.4841849359370231,0.0
2249,418.5504350018996,0.18665334781716192,7.745697331140176e-05,109.33188246766312,259024.6957997612,33.5864211751603,15594.541817324009,1.132241085161114,8.85966855781128,0.49567892705737504,0.0
2250,424.06821554346874,0.18216813089971873,7.713943386967243e-05,108.46114700916905,259150.5923609422,33.58470712163614,15731.040931167478,1.1338704040292094,8.83521331727122,0.4978136791894764,0.0
2251,426.9012112789208,0.20313864502218193,7.687078015515635e-05,100.2916027941425,259268.28884195475,33.68762367806609,15723.670474489734,1.0910622521406523,8.788223188990276,0.49877466509056406,0.0
2252,413.51105636870545,0.22545115631772472,7.634459753060804e-05,107.17264187241832,259392.2494864128,33.592806813816665,15715.464266139159,1.106655738921781,8.469489970578895,0.4995759708711464,0.0
2253,409.9354714132475,0.23159963005522166,7.552164174658035e-05,113.94307033137073,259522.41572939194,33.62873900567789,15708.182164594149,1.1147001465223538,8.516480367436394,0.49993362018143034,0.0
2254,415.06442890281573,0.22350640332293403,7.463851978960361e-05,113.56357882076995,259652.07175164254,33.666378400107526,15700.903163738587,1.1108414266344078,8.446522513138268,0.5003338723360503,0.0
2255,411.3516847589661,0.22467571681260878,7.384723299593049e-05,114.75668764094868,259783.06088622505,33.5877965242074,15693.614118893378,1.1156531431236985,8.506990370960787,0.5006262245157251,0.0
2256,405.2264350664939,0.2310490507500389,7.304854365678949e-05,114.4348008296649,259913.6244200564,33.58963956083121,15686.299796510573,1.1212711460226557,8.538705725552601,0.5009815460171381,0.4443135341733573
2257,411.68142765116875,0.218011985515024,7.217988706759372e-05,112.38093452532144,260042.0454819707,33.71059250005746,15679.36898748344,1.1129361292610782,9.846904276577197,0.5014244199626048,0.0
2258,409.41262751488864,0.2166593674566516,7.145559459422723e-05,113.25563542498948,260171.62186429766,33.71420256784173,15685.416830802373,1.1122884738043264,9.244651123537226,0.5034408844263396,0.0
2259,420.8814618127213,0.2045467157128068,7.074997647058833e-05,111.42355995373671,260299.2520533768,33.568466238259404,15690.19334880951,1.1145109486560705,9.317677464919278,0.5045927006845524,0.38526273163707714
2260,427.7221243228124,0.19785054770190313,7.01776890111193e-05,109.4103339167913,260425.29870450147,33.56500083369936,15693.915846520667,1.1444763469118289,8.972434274414002,0.5058356953869418,0.38907339898992177
2261,423.58852096529506,0.20078754432922175,6.972342034934314e-05,112.46119453118828,260554.54767451674,33.56186046902128,15694.422596380824,1.1162904813935532,9.01621337229855,0.5065793496517087,0.3852940058747123
2262,433.9637053321556,0.18407491865882342,6.927350663573919e-05,109.98081549660264,260681.28803044886,33.56414166278521,15689.493590720325,1.135032283199991,9.380101619619845,0.5073411774099164,0.03234484567717644
2263,428.6366423229756,0.1772806487243993,6.897045891626396e-05,107.44826763056997,260805.7358251629,33.56577864008142,15686.430755444671,1.1282087452892855,9.151736146066158,0.5084758065873378,0.37632019322967025
2264,425.39345365634836,0.18249212643298318,6.87410756923596e-05,107.49811991043883,260930.54602424885,33.55814238795121,15681.720252207617,1.1396319779846895,9.144212920382596,0.5087029651457408,0.0
2265,425.2395484107402,0.1848260179893948,6.84570542792886e-05,108.86036312142278,261056.65404733794,33.54548171063733,15675.414571750369,1.1214381445572277,9.35702116160006,0.5095160405289064,1.2783796164558403
2266,430.5206885983678,0.17603425516784144,6.814938970089612e-05,109.11135552177892,261183.03192056782,33.55807816367834,15667.290488115146,1.121927482118597,9.269314797383128,0.5112552311681255,0.9170045132386733
2267,421.07939311583266,0.1979228480258165,6.793669330778566e-05,112.03081409840263,261312.53363996642,33.56205620543431,15659.068687659545,1.1210854255155662,9.104268423940365,0.5121822975897224,0.0
2268,418.36915708069876,0.19981695767480512,6.753235379344044e-05,111.50809989537514,261440.54306079602,33.59213627929797,15650.953268776342,1.1167612644997533,9.179448323980148,0.5127209866329056,0.0
2269,426.5171379151489,0.1898776342166516,6.706765065295995e-05,110.05083828599746,261567.04784022336,33.555670979388815,15642.79330360144,1.1086953448608592,9.218995018055741,0.5133286100809378,0.0
2270,419.90419645617317,0.19583555358958937,6.671135519837374e-05,109.09255897406038,261692.72092910513,33.5804541699218,15634.622264898393,1.130060142963916,9.261460677073753,0.5139564787618366,0.0
2271,422.46586204999363,0.19279563683092094,6.633458462716157e-05,108.37219406730817,261817.53340066553,33.555008160531436,15626.388479079285,1.1382080921360131,9.310758765660955,0.5146072594146003,0.0
2272,418.9161031367842,0.19875199325235526,6.595101811198924e-05,109.97237920748722,261944.02928962157,33.57924214092694,15618.278233764933,1.129975441157881,9.363442222797158,0.5149308134084889,0.0
2273,430.99857649886854,0.19136566731971305,6.55498313180294e-05,108.76568647378168,262069.25073098202,33.518972797564075,15609.972649932168,1.1221611329214454,9.654133820441407,0.5160206711764839,0.0
2274,432.09143204148205,0.18768002294991637,6.518568979175482e-05,109.43823926286919,262195.2710202312,33.515727730557394,15601.93644281329,1.1109603344508323,9.335276234416249,0.516450177473849,0.0
2275,433.338307125473,0.18165901143775742,6.486271675299901e-05,108.58427996306283,262320.46193092,33.555586640733175,15593.639307616966,1.1321801405321126,9.39423098851445,0.517688562306481,0.0
2276,436.0832067864071,0.1826580967346072,6.465367842685202e-05,109.0317067029499,262446.1050008736,33.620281929894446,15585.477753778821,1.1274018184187595,9.535481357564995,0.5183228699160859,0.102960827108042
2277,433.78299892287913,0.18405691037102112,6.43865021836713e-05,108.07329678113145,262570.8637946291,33.51377504664406,15577.271504290771,1.1180836054003545,9.435877180020716,0.5191198527484145,0.0
2278,436.46581916026776,0.18183026754493836,6.410570099813042e-05,109.95189535432881,262697.4452035031,33.595133128896144,15569.053612094425,1.1037670115186982,9.449971188909881,0.5197359560506989,0.0
2279,428.1172331431512,0.18656146319805467,6.384996802021988e-05,111.5081505198572,262825.5964035731,33.950787846330144,15560.87136872295,1.1081283593178188,9.634261454783648,0.5203394416346463,0.1307954177035633
2280,425.84831564184174,0.1866158188022996,6.361430807445469e-05,109.36216470448204,262951.4750228566,33.910539706667414,16304.383770856213,1.139610626204571,9.502174335336385,0.5211657280691676,0.19650402223742702
2281,428.8731977490906,0.18622129738583482,6.330660857826845e-05,110.45107071446257,263078.4222700507,34.13941959886773,16295.864154139597,1.1144106698583776,9.929785365296468,0.518891995835055,0.12770549900818295
2282,430.7787196052713,0.18271714069468625,6.300472912134314e-05,110.3784919914024,263205.32535432273,34.15442675720041,16287.268567296229,1.1304594465520093,9.494435200190996,0.5230661394262948,0.0
2283,435.3249379543224,0.17775022916903893,6.274172380921683e-05,109.6740752299672,263331.57646049187,34.05110656966117,16278.677696336968,1.1146352154025305,9.509694721142393,0.5235600699392936,0.0
2284,434.18375243136313,0.17861714441829146,6.263487737816107e-05,109.78877154505005,263458.0064827898,34.0604789011941,16270.09102519369,1.116343921904332,9.534432229783954,0.5240489341951983,0.0
2285,433.28874338497656,0.1790505346976834,6.241674144872947e-05,110.13859697617184,263584.76374062,33.91834512728072,16261.457773992288,1.1162313648834925,9.545679747590603,0.5245449984354377,0.0
2286,433.54577837745546,0.17779006103056572,6.219498760231035e-05,109.74208231564606,263711.0962552561,34.00973619892369,16252.962347005066,1.1225001681215807,9.580158503777591,0.5250307765857075,0.0
2287,432.51019812645865,0.17915831488601563,6.212734128744165e-05,110.30039582204319,263838.0623389661,33.94914133885994,16244.324211995063,1.1030984460366724,9.59297550061964,0.5255362435421195,0.0
2288,439.91681599873925,0.1709856190348834,6.190508684420481e-05,108.4312379634269,263963.079053194,33.91338086451399,16235.80926758333,1.1309238562101136,9.626769621670183,0.5260329179915203,0.0
2289,436.968732217185,0.17497950952334917,6.177085470761734e-05,108.98837559128947,264088.7650700882,33.96273619992136,16227.664142928072,1.121326013539043,9.643068876923241,0.5265478401492686,0.0
2290,434.58909023974775,0.17688975248186534,6.175599784093977e-05,110.08301439590525,264215.4944920454,33.94380440249505,16219.629595818025,1.1184754000160406,9.652309845570912,0.5270578867511783,0.0
2291,435.0349911475791,0.17626159239616868,6.155856218767992e-05,109.78640817245173,264341.89875068836,33.91435374419602,16211.142487833144,1.1182510493895872,9.672978314707654,0.5275543387339808,0.0
2292,436.3142788224139,0.17395360289400363,6.153769207830523e-05,108.64446538625515,264467.1800781422,33.90280651044581,16202.659067837129,1.135680139907132,9.668952667480239,0.5280523652783322,0.0
2293,442.19115216518986,0.16829811562216124,6.137167515141446e-05,108.40474457050938,264592.24926162866,33.95645088137258,16194.12516703835,1.121759555352763,9.673254472235664,0.5285205522347389,0.0
2294,442.47598868050966,0.16752268659706748,6.142653381386245e-05,106.04690908092401,264715.1747223441,33.85233880622141,16185.722016524212,1.1243180452513688,9.653177133299428,0.5289709561495417,0.0
2295,438.27356507274146,0.1714576954651218,6.14103366700948e-05,106.98758334591999,264839.42398663453,33.849148951171884,16177.32095318871,1.1345762967860178,9.484256222818189,0.5293735393478011,0.0
2296,431.49206657429704,0.17966924419518926,6.151028681945568e-05,110.0176247510324,264966.64863717806,33.85208969582612,16168.740277955196,1.1216634357672344,9.518604369691234,0.5295419021575483,0.0
2297,439.1866520242383,0.17173340625809108,6.13625204611475e-05,109.0034731015181,265092.5761471231,33.890054630009985,16160.281224276494,1.12759439939731,9.812704627162786,0.5297456854305922,0.0
2298,435.82245905279717,0.17575117924359596,6.132526147963865e-05,109.22189598881826,265218.8234390552,33.86695933940508,16151.709250319296,1.1277307667532566,9.599041571152341,0.5303125816465322,0.0
2299,434.03420514911596,0.17929954349919341,6.1452083467332e-05,111.51300616382338,265347.2973266877,33.96416633158433,16143.220532345302,1.122953383544124,9.6305688343735,0.5305801978664539,0.0
2300,434.2777255490566,0.17863138302254178,6.13291824311501e-05,108.45569279811494,265472.69648601126,33.98452284398063,16134.725618508099,1.1255050880685393,9.65855663982778,0.5308746281132484,0.0
2301,443.246928952301,0.17081602169679377,6.142327999421446e-05,107.37696187722293,265597.02987867285,33.88925593529279,16126.219952024789,1.1396044571774189,9.707149971669141,0.531190023885481,0.20488586468681547
2302,449.7600094386791,0.16327198536379606,6.138648541293158e-05,107.13465889162276,265721.2309078533,33.98625716086076,16117.786289590378,1.1405500561351503,9.688329994089477,0.5315810806229516,0.0
2303,439.7309307641961,0.17504751275233088,6.164163121981542e-05,110.5714810073631,265849.1022745136,33.9127211317421,16109.305133864842,1.119873886547944,9.681832377323817,0.5318991192079545,0.0
2304,436.94998037932703,0.17870100226148478,6.157568630409867e-05,109.12471780567648,265975.1839035499,33.92877626259095,16100.763673944466,1.124978850767178,9.725905628748166,0.5321931664283395,0.0
2305,440.30858927561354,0.1725437629027461,6.146942374367373e-05,108.9097742824701,266101.006668129,33.89301640492355,16092.290214913024,1.1266618326059934,9.732887009227248,0.5325285716504261,0.0
2306,447.42447907355955,0.16608911605471444,6.162264966045259e-05,109.41103183996648,266227.4882484248,33.95434389362158,16083.889365425584,1.121298813233298,9.9903049175627,0.5328561927635918,0.0
2307,447.1814791788551,0.1652047232718764,6.184073165829541e-05,107.63027326411168,266352.2487841769,33.88020958786564,16075.348256037505,1.122462299522835,10.018921245217799,0.5334940817136871,0.0
2308,444.88530433735093,0.16659863838726596,6.206391437573685e-05,107.79846027484004,266477.07617146487,33.95390553183019,16066.874008793797,1.1245120688958994,9.967718505248124,0.5341363584989868,0.0
2309,448.593781116884,0.16452628512380896,6.227255276385383e-05,107.08070126022484,266601.25619387743,33.91783129091451,16058.473214515083,1.1232430737782855,10.01597879797572,0.5333367877402967,0.8329235900677965
2310,448.9100898326272,0.1646266742162873,6.249900481300966e-05,108.9760502742585,266727.35980167566,33.96140031602861,16049.946803912177,1.1223432196367829,10.082473928988534,0.5345317989183928,0.6841023664893768
2311,448.6689978063472,0.16211329021517984,6.272002219671258e-05,107.24904244852686,266851.59766832564,33.87498976418764,16041.514630319502,1.130179376941053,9.877807504985778,0.5362177300659277,0.0
2312,445.03911924390195,0.16536921052290254,6.296346179056664e-05,108.70203135633997,266977.4966580794,33.865811525368116,16033.062009475192,1.1219523258613748,10.085577054429413,0.5365438641316603,0.11747981565562426
2313,447.93539959202036,0.1624600342208744,6.31677728048094e-05,106.45843950886018,267101.12990825967,33.89972680200714,16024.614505383812,1.134650735080946,10.25304407705621,0.5371342724816905,0.0
2314,449.3226034997191,0.1589243814225907,6.332896308697844e-05,106.2251279344324,267224.51070017356,33.87953042072346,16016.184821960567,1.1329626500325753,10.03306828431091,0.5378904693861024,0.9297315681336258
2315,443.08306273962717,0.16461667933835333,6.35240550205495e-05,106.71858744689959,267348.50395942613,33.86129249802625,16007.74713319269,1.122848003598462,9.927458544708252,0.5384640922991547,0.0
2316,451.65147633482877,0.15583052380022355,6.365461029340611e-05,106.25713402333093,267471.7485705075,33.878802214319556,15999.327682820083,1.1315035288304205,9.968229030690019,0.5387401050797723,0.0
2317,452.5088256911462,0.1523552416072288,6.387517485595229e-05,107.30658736998774,267596.1493861141,33.9078978812709,15990.926855969557,1.1219909036602282,10.015983410125612,0.5390540578499594,0.0
2318,453.0713536175867,0.15056332018237284,6.412856166324595e-05,88.03845731575836,267701.4701772873,33.877730921079895,15982.516497597673,1.0636380959578682,10.061548730556511,0.5394128897734737,0.0
2319,455.7473122943052,0.15193636967124213,6.422935598431314e-05,100.75800074564717,267819.45409688033,33.84453461006393,15974.111846918375,1.1030677691166746,10.106520752914223,0.5398115538265084,0.0
2320,452.6764547244215,0.15559752383410175,6.43126237562574e-05,105.39103756327412,267942.1279663906,33.886548414105036,15965.713260403525,1.1034622399091665,10.12778642006869,0.5402472807923592,0.0
2321,457.5879101180182,0.15250945783166958,6.435415683452566e-05,106.93348509329455,268066.2964422778,33.91840951077953,15957.3186255577,1.103963688166788,10.351288680488784,0.5406881224996102,0.541342190555433
2322,450.64615156561126,0.159545394465737,6.44260881849874e-05,106.70364646821301,268190.19679963146,33.87250305616265,15948.98190527298,1.1056434887792652,10.157254983915138,0.5414686075401896,0.0
2323,446.81871168148155,0.16464174578676916,6.442047146460905e-05,107.85200073065015,268315.03795212787,33.85110408865587,15940.532868376473,1.1195633975937347,10.478264066973962,0.5418851723155683,0.0
2324,453.0291763976103,0.15906280854265098,6.43585372906106e-05,99.11380743221397,268430.95649996476,33.831547702215815,15932.139482422519,1.0701847264185491,10.47452514653994,0.5412239735330744,0.676909315316351
2325,448.5073823986793,0.16639883668712252,6.415638528508168e-05,100.5957365768017,268548.5312587141,33.889597481336395,15923.766639677217,1.0649355497948514,10.766255945183062,0.5413757703307122,0.0
2326,446.52362263896225,0.17799772802471103,6.404907700172846e-05,102.80937153267324,268668.48178528907,33.81495230960691,15915.383988342914,1.070708324224466,10.397454274382845,0.5319251084096625,0.11925554824502171
2327,447.7242506797926,0.1799640877098424,6.375394754199804e-05,108.18042101756413,268793.7645767442,33.53307867675571,15694.267682424672,1.0733397959788615,10.265444300373225,0.5416185044483677,0.0
2328,453.479220273346,0.17288249498692787,6.343818652234362e-05,107.88817170751621,268918.75868755445,33.46332881720646,15686.02692498077,1.0962302328942921,10.798397461383978,0.5464941882180283,0.5900522254723874
2329,454.57166192708996,0.16249822546434223,6.319822466594808e-05,105.77419873693097,269041.7051270916,33.57190844364664,15677.790509555172,1.0827508091389109,10.305010506500235,0.5474821901384818,0.5140886236407205
2330,450.2445438357888,0.16368007217528213,6.306863008297656e-05,-376.68911954090476,268682.2004576407,33.429239794724,15669.558254058451,1.0990374692616751,10.561243878170844,0.5432312636422376,0.6370944402146499
2331,450.1089936340789,0.16746388394177225,6.292550420104871e-05,106.89272452006519,268806.18252905936,33.54621932544582,15661.343730021366,1.0900089669809772,10.295124619926682,0.5437101674852083,0.0
2332,455.9253257053377,0.16920597419876282,6.274126863844623e-05,106.34462314552454,268929.58732298756,33.54787022073776,15653.13415301372,1.0999871023745227,10.525952843105063,0.5441021469903865,0.6544313875311651
2333,447.8803554639118,0.1769896711182335,6.253119749635539e-05,106.72552545968567,269053.38669522357,33.43623498134338,15644.916525585108,1.1077754035638623,10.334338312715618,0.5457002981478993,0.127134936105886
2334,460.3319223861484,0.14502015033654425,6.22379868909977e-05,105.66506509656156,269175.9680154094,33.46417570738525,15636.7040694294,1.0912798801329247,10.291216188624697,0.5447526386729231,0.2577780825155571
2335,457.01343950055724,0.15211300916635717,6.228524656182492e-05,106.10313077709327,269299.3243391743,33.407036462139274,15628.494567912443,1.0899751754973965,10.484921174871273,0.5435696842137692,0.2438583283906226
2336,462.6368972000781,0.13956038063062248,6.225476885194015e-05,102.50461306647009,269419.0062541275,33.41375659392329,15620.29021082405,1.1088117190506894,10.34284051606918,0.5458531182127582,0.6332262492525338
2337,466.4372442225594,0.14025074339657284,6.235617618036584e-05,102.34063022893824,269538.73416049295,33.394120953308196,15612.102761239814,1.105386915727825,10.282769517219883,0.5407263059955153,0.516297703153171
2338,465.8266983515986,0.13904511606427017,6.234306368465153e-05,104.03107638733064,269660.03574123455,33.542931506446266,15603.920624876104,1.1009098181925019,10.480142477340031,0.5405974335426408,0.5029496594109233
2339,462.9580201293385,0.14434995758794578,6.234117794824966e-05,106.10267343960874,269783.42234641383,33.46340135869055,15595.763550729873,1.074103626897584,10.52826962086467,0.5524948065327027,0.46810189839237637
2340,454.5835085729432,0.15114977613184866,6.216114973438773e-05,-1033.3994697454884,268767.2249249679,33.40505301071202,16167.921496720208,1.0883375782884062,10.568265936890386,0.5526896717226981,0.4679233237305098
2341,454.3025641420841,0.15466557795137925,6.19086733818982e-05,104.66833421272977,268889.0366798484,33.41969832121306,16159.422651196874,1.1025707026644853,10.87205960184796,0.5530337357751445,0.4571068330729098
2342,458.3511581951633,0.14749902495770106,6.161924422052107e-05,104.20775866195416,269010.3142520104,33.45720394950145,16151.015748783797,1.0895764902389113,10.698809843422698,0.553689535151476,0.03415058873784815
2343,459.98546029162657,0.15252955098411436,6.140954660316728e-05,106.3339709111595,269133.7917631066,33.05385294989949,16031.911762798927,1.0884854162059072,10.548977259060692,0.554030981528018,1.0818532523656685
2344,456.04082350007764,0.15637871426080618,6.114645474208223e-05,107.06750693084592,269257.8950370158,33.02527600201766,16023.501246091751,1.102288028205654,10.644964671095547,0.5517415231418297,1.1067450328099362
2345,452.32363924763337,0.16149216297823066,6.084294691315785e-05,107.19885321454467,269382.0660724293,33.03990130930822,16015.255288091077,1.0895686817864916,10.562813439672272,0.5380419243554179,1.118186708234795
2346,449.3985780548329,0.16064778563118565,6.048870520055101e-05,105.93699222815056,269504.9131702281,33.02282078369918,16007.311592212493,1.0837381020710384,10.773898762211049,0.5494188571386269,1.0918683839308194
2347,453.1187906044572,0.15363556535561307,6.01446797094663e-05,104.01659251471375,269625.8364620444,33.00877612129239,15999.529260938174,1.0912452509472996,10.782276459770397,0.5377567047039868,1.0586211065055018
2348,457.60187278639836,0.1454365551401724,5.983989447416898e-05,103.27120559649231,269746.19518888515,33.07711098545301,15991.124257481453,1.0887666479334377,10.60334619266454,0.5400453936052477,0.4276061949482184
2349,449.3271297783239,0.15527340625838948,5.962327782953504e-05,104.25188674366169,269867.5738274845,32.99947197157452,15982.73455846371,1.0950579345068165,10.588738145464962,0.5395160546949299,0.4235050345125764
2350,448.07791087540556,0.1622528704506978,5.930226076165237e-05,106.40324504513771,269990.8847698279,33.01053203490382,15974.362482586395,1.0948322318059587,10.286775996302785,0.5413455237427398,0.06412524571644695
2351,450.5760328863053,0.15023129896104226,5.890804193759564e-05,104.32367925394928,270112.01499411295,33.023247812371196,15965.989339735504,1.087313795097407,10.406574679804061,0.542440377092853,0.0
2352,456.5970780504155,0.133266761227543,5.864335133234295e-05,86.70425411203595,270215.7023175138,33.045595524040905,15957.619759492962,1.027530558226333,10.533503411814117,0.5523181306629033,1.0490367183093703
2353,465.27697628663515,0.11529554994888092,5.840329828995761e-05,97.20197877563399,270329.97031209565,33.016018636464516,15949.668731294194,1.0828185094215588,11.555790014207618,0.5521376838073596,1.0592619909681105
2354,468.0950578150981,0.12356484046070515,5.8355208556641676e-05,102.37859390224527,270449.67114062654,33.098426480652485,15942.340711157784,1.071765599845763,10.81206850783295,0.5607959288627887,1.1522741773186027
2355,477.17087808058835,0.1056306229565025,5.803306410440769e-05,101.76157982711305,270568.6085249692,33.063100034346526,15934.333185284606,1.0695699422262304,10.854154049087487,0.5602163150926217,1.022098883025798
2356,472.25020877353415,0.1102400422554054,5.7903469510688335e-05,103.02627361718103,270689.1666646768,32.99182128724162,15927.173843136517,1.069545173874964,10.680164345863114,0.548198611781753,1.0876740351033298
2357,475.3175462127706,0.1095271009317923,5.779132629379876e-05,100.29979029422594,270806.94339542347,33.069121143971984,15919.32240899261,1.0956235954346214,10.639581908323763,0.549038761523748,0.0
2358,465.9609773301209,0.12441010423746657,5.765845319174573e-05,98.38319852250686,270922.85603788204,33.028241581816296,15912.584406277898,1.0567439184339793,10.730614607430851,0.5328014103265313,0.5936401001339568
2359,467.165655865991,0.1175216196755885,5.729501295801831e-05,98.80264743978711,271038.8908993576,33.02723529222662,15905.674249429805,1.1028235298616371,11.555679852932341,0.5296417469651011,0.6510716648466115
2360,463.8641580668341,0.13319221203179377,5.700698126751833e-05,100.47873336262828,271156.6895370473,33.0123807313848,15898.200737278177,1.0737285261191338,11.575543304231438,0.5470373001598842,0.590001919761459
2361,470.31681644671005,0.11006415300233474,5.65590871801296e-05,100.57207785309028,271274.5102483184,33.023787385646195,15891.18726580105,1.0985326925358885,11.701145084778675,0.5456218699926664,0.0
2362,471.6192040692739,0.11893398451512416,5.659449081946341e-05,103.17955698952636,271395.83892084175,33.06800813806104,15882.788514363425,1.0973677085543223,10.529755642756355,0.5493210198440075,0.0
2363,470.38411117324995,0.11574152853007569,5.653415139479149e-05,105.77849788848039,271519.6269790595,33.06010520207218,15876.72072776627,1.0915918759746392,10.868226177696156,0.5491763118251465,0.3952524107409978
2364,476.60838228241465,0.1054898241038359,5.650989576125019e-05,104.07741898219736,271641.7031989873,33.061161761897644,15871.15280057315,1.0965051995881192,10.853535837324472,0.5501364486922709,0.38919558692525413
2365,479.98359585145965,0.09397628774070976,5.659380255543583e-05,102.90697294070003,271762.6955408728,33.04154840747774,15866.53175796324,1.0978277336253979,10.794160976932673,0.5494331570742786,0.07335565639603203
2366,476.70665745727905,0.09783071338401339,5.679847772480149e-05,99.16661986320803,271880.0568162934,33.04463778944532,15862.015714500563,1.0873130401302893,10.826395185086117,0.5471361650801906,0.434015874890072
2367,474.3278163553946,0.1015710692138031,5.695949040007156e-05,99.99525986826012,271998.1800127838,33.03602466760979,15856.18293232384,1.0948611415846206,10.755017582264108,0.5490264009833019,0.0
2368,475.694515940888,0.10393853130880337,5.707838820117748e-05,102.57081062428993,272118.8267392491,33.03756497336507,15850.989919475807,1.0887214678915196,10.779099241978136,0.549888861008516,0.426995233514198
2369,476.8038225931202,0.1105553818754248,5.717010086870549e-05,99.5295503288945,272236.46972508595,33.04046077367462,15845.098481627541,1.1003482347332096,10.803518589137914,0.5491492374954644,0.0
2370,480.10208517509614,0.10256749741539517,5.718962359058857e-05,-423.5020925686262,271831.0238492702,33.03772973834411,16485.97340134037,1.0931363590301817,11.213432133528862,0.5491666143318045,0.0
2371,477.47420549520285,0.0968690240911757,5.7718752789367306e-05,102.57663392208107,271951.72510248376,33.032278936857,16480.964630247694,1.09703376157757,11.204741040109848,0.5487022687722287,0.0
2372,482.26142962002723,0.09152123145011393,5.830259774223495e-05,98.15948006323404,272068.0165476992,33.033282856152475,16477.4529339882,1.098247736609495,11.30349880096804,0.5494377331687611,0.951067203017228
2373,485.98147201203733,0.09516484960469107,5.8937014966769945e-05,101.190522226526,272187.40283964225,33.15557918321571,16472.516717300736,1.106630763041072,11.204693358979842,0.55030000290001,0.0
2374,482.5614021066258,0.09495558735569887,5.9525955095780774e-05,100.72223413167006,272306.5149904351,33.16141303268205,16465.306509261438,1.1019554242403906,11.300520363458988,0.550435239219702,0.9275331931237183
2375,482.4484233054001,0.09580134833902876,6.011076198879954e-05,101.09399023194148,272425.9748241924,33.2001803858771,16458.894558192944,1.1034511345476639,11.22017753621753,0.5694359437813346,0.0
2376,479.3001587190637,0.1019830835177099,6.0680245190526426e-05,101.04464853236165,272545.3889845193,33.18966094542941,16451.972127263223,1.100034091161231,11.31582901613127,0.5705618213152156,0.911118678038104
2377,476.1688903386777,0.1129472309331162,6.117774996807461e-05,102.91668414563463,272666.58884671435,33.196110319575006,16444.678337634366,1.100419371288391,11.17276117376817,0.5706307157721677,0.0
2378,472.8087319072206,0.11562512523915036,6.15529420569792e-05,104.27328988652967,272789.053816709,33.18947879791887,16437.232920664737,1.104285176057556,11.158922958449446,0.5703538437815657,0.0
2379,479.06141732952995,0.10792737714301959,6.174319650529157e-05,100.39280282181976,272907.3935415112,33.176468668007615,16429.3868591655,1.0961233931301415,11.161540475746376,0.5689595495270734,0.0
2380,481.71380644718636,0.10705844930895914,6.202529257777713e-05,103.88406084058988,273029.28153154545,33.18158811350442,16420.941259142193,1.0894687873602649,11.15579098586086,0.5518994371030861,0.0
2381,482.9822897998382,0.10156316778847152,6.231289074611463e-05,103.51495021927849,273150.80071222625,33.200746472518034,16412.438163279847,1.0980264244361742,11.180233162968708,0.55064368849414,0.8618208027387908
2382,481.8527505937556,0.09265815954042955,6.271760617906256e-05,100.54479136160333,273269.4969394212,33.20962894909276,16404.0968165922,1.0946937615051158,11.09705081442079,0.5612839228644613,0.0
2383,471.62403409007106,0.10882096758529103,6.321228315201425e-05,104.8701603607696,273392.59555871226,33.16328192602163,16395.613666622634,1.0975705808867173,11.096368960749604,0.5552214877393347,0.0
2384,475.7886284670591,0.10492245859458826,6.353356542574719e-05,101.54269244566177,273512.1721560685,33.1627384804988,16387.667685986486,1.0996160557623957,11.100649886441145,0.5522931139573389,0.0
2385,477.61116951330024,0.10119304097849435,6.389027520457278e-05,101.68334680750772,273631.9293058117,33.19057611562,16379.27537622709,1.0890975028266432,11.155617009422176,0.5529993452013419,0.8396435834319611
2386,480.6113311710106,0.09836502543927628,6.428505344243201e-05,100.68829884199401,273750.7237345798,33.07998930881119,16370.815648925545,1.0955031652130154,11.058725462816735,0.5521481072813188,0.0
2387,485.92085748407504,0.09358143773900862,6.470568520885184e-05,100.96410989313138,273869.8122329434,33.06497968997899,16362.383779861517,1.0945451540140865,11.121210308415062,0.5510871849812704,1.6139088986628494
2388,480.6549303662788,0.0943889868531329,6.517279253921796e-05,98.48541532838152,273986.51058867667,33.04032998371542,16353.689311926804,1.1012037424833192,11.05041712085949,0.5518531372485616,1.086559553930588
2389,481.45508408110436,0.09156861439707986,6.562419071134513e-05,99.94364672816184,274104.6452851506,33.137161728558475,16345.000047477859,1.1063017901927226,10.99629183410437,0.5510983795900732,0.0
2390,484.86741018238973,0.0890413506315213,6.610321318182338e-05,102.00383821445546,274224.9192103221,33.108457650772415,16336.315674786114,1.0961218444468763,11.039155376364391,0.5786675629801245,1.5778511319185036
2391,488.53301601125077,0.08523273685250443,6.660206354962982e-05,98.48748003307634,274341.7055145078,33.147718903892454,16327.636439496613,1.099423042598826,10.958201673907888,0.5820538060267179,0.8454962495496581
2392,480.73583165917466,0.09788960138975789,6.713648144246535e-05,100.86157599288683,274460.94623774866,32.71043428227524,16318.9621219308,1.0985171982430435,10.960101553234331,0.5804533837955423,1.5611692099493304
2393,481.3827504736239,0.10282599350452881,6.753102030206168e-05,102.80918297942422,274581.9552684107,32.720089158688744,16310.29300144687,1.0917791879494405,10.867931395537722,0.5782073733795734,0.0
2394,482.2485348170093,0.1008207223553732,6.785898243476692e-05,100.92770751142929,274701.07951326796,32.35486940648992,16118.767945787336,1.0984234508406612,10.855622780016455,0.5783605998998681,0.3408088594857155
2395,486.26191767626835,0.09757567386249888,6.820468003664063e-05,102.17828334424487,274821.5554734277,32.37283343073381,16110.209351940663,1.090854761505213,10.903465413942286,0.5780780995367562,1.530371758880836
2396,487.5545768693294,0.09244317265789348,6.858118121596393e-05,94.30900609780815,274934.1951086552,32.30087487228294,16101.655769522986,1.0582510205462299,10.918710606310794,0.5782959831279245,0.7826104789434574
2397,489.7233818541006,0.08737240296301507,6.892125209351616e-05,95.97383720253323,275048.4782119379,32.271593569030685,16093.107217945662,1.1067315927416619,11.694775338579051,0.57822984223012,1.5084215625774426
2398,485.7859052184051,0.09585920116239244,6.927777376078206e-05,99.10408915524633,275165.96897027164,32.30694949128741,16084.563805829479,1.104234603361581,11.02821375326875,0.5803916323021912,1.5002850621179284
2399,485.771678046679,0.08870079269403974,6.957260498742025e-05,98.66683374081055,275282.90354649903,32.31531055351611,16076.025249109183,1.104987523445732,11.022302261368583,0.5788919352089524,0.7804816229092388
2400,490.7891287980097,0.0790229515137113,6.993763994247994e-05,99.54988664489514,275400.8414876806,32.31845984635862,16067.489629034511,1.079175373789722,10.9356939708658,0.577724034678418,0.49144771720679614
2401,491.68845987579164,0.07651831277701626,7.040091594863827e-05,93.59763917346181,275513.01753159607,32.27983486396647,16058.958987609774,1.1073406262780705,11.698159944621782,0.5760555241971366,0.0
2402,491.2793382955889,0.07825124165017927,7.08649049727549e-05,96.93025524306893,275628.5377753861,32.29381829263118,16050.433321784249,1.0922276717329384,11.030546154261863,0.5747139133637917,0.0
2403,491.5054399285667,0.07721045908000879,7.132672546469105e-05,99.57257133452809,275746.6837628285,32.29944118429243,16042.208010096168,1.074409975247991,11.008858203553174,0.5752180052196328,0.0
2404,492.77164994111524,0.07081008768495578,7.174571533276217e-05,93.54664537967922,275858.73819789785,32.274361213056196,16033.696640988566,1.0955137979362677,11.743334299721374,0.5736584407059478,0.0
2405,492.2142019661834,0.06842425811226294,7.215910089273896e-05,97.2820324598419,275974.5813578455,32.325323655175204,16025.184955746194,1.092479080462226,11.040665372209103,0.571878563181114,0.0
2406,487.2199066456432,0.06770761065768538,7.265553745536579e-05,95.55671275090798,276088.7823120097,32.31460963580803,16016.695769703016,1.0855154121402957,11.076131874729558,0.5732150757165156,1.4467524360258643
2407,485.58387202550887,0.06519979658800057,7.315315241385542e-05,100.09536451466813,276207.52489899535,32.32152411538408,16013.933923679035,1.0751612672852808,11.002635379294036,0.5730632842738985,0.0
2408,490.96421174163004,0.06182819715761678,7.36731014860109e-05,93.21565417349781,276319.3992685756,32.292301508215616,16013.317989247615,1.101069193979857,11.819951232109704,0.572823142527223,1.4050005944259958
2409,491.4500891555468,0.06301763800064464,7.41378934810451e-05,92.57227856158146,276430.66591269383,32.32627615346432,16009.673679283458,1.0913660490857506,11.135404428890551,0.5720118278764613,1.416861403109035
2410,486.4397074289564,0.08772368337689584,7.467271169555167e-05,98.1864357356205,276547.49365072703,32.318973258333095,16003.810245805795,1.0826136187240267,10.876990927200339,0.5709032180718119,1.3819758279827816
2411,487.8451503938823,0.08092012731002907,7.50683266374044e-05,92.6978513055424,276658.5227195672,32.26976396354857,15997.626357817677,1.0978116140949539,11.78012488477908,0.5702752662793416,0.0
2412,491.0582128594352,0.081217278260728,7.534479915348727e-05,98.94881578022128,276775.84343868605,32.2679805466143,15990.550742106707,1.0759534915775397,10.856437021602057,0.5710270558374477,0.0
2413,499.8696493353251,0.06859363856555234,7.580299620119012e-05,92.1593767686773,276886.37769233715,32.27316376339182,15985.142755480763,1.1024999506941604,11.82450316002951,0.5699182713886637,0.0
2414,494.3369474637821,0.07877499085727846,7.621551733745567e-05,98.01960010084024,277002.9198234538,32.2723258144843,15978.07300487563,1.085409563982162,11.242788864419692,0.5714328603936085,0.6924048413637927
2415,498.65843318316143,0.07481654896742052,7.656220262668478e-05,94.23467391827926,277115.5561364966,32.275196563975975,15970.798191163874,1.095782324198338,11.080979768730373,0.5715933530775276,0.7377194105475624
2416,497.6090768714668,0.06906198926654805,7.707697241836323e-05,91.88235971048658,277225.8695995071,32.272125294233966,15963.44981433899,1.1003779347525038,11.975398842570225,0.5715289263636003,0.8845211161276509
2417,503.0679457158723,0.06504234392809838,7.751249642708734e-05,92.00344411588381,277336.36599297513,32.272125294233966,15956.104910690621,1.105189779247181,11.98594453250872,0.5704102661222406,0.6438872860671907
2418,503.66154586138583,0.061638841636647346,7.798717490923882e-05,93.19414148128747,277448.1030500332,32.272125294233966,15948.763622142049,1.0960308405606325,12.059736779128475,0.5699194128668681,0.6434111523581798
2419,503.95015269481866,0.06265724324737365,7.849381237973574e-05,92.22205980940502,277558.8905822354,32.277975190316575,15941.571331732768,1.10534625741799,12.128992374767321,0.568769990863258,0.6573417042601193
2420,504.06478533204273,0.06292670759145802,7.898514633530762e-05,95.6515314463271,277673.0745267856,32.29177684331066,15935.309632359324,1.0815513614447865,11.498697279300119,0.5658203923327083,1.0713200356860497
2421,500.0907994355372,0.0671768315290383,7.949140733106326e-05,94.84624907748898,277786.46339684504,32.298296543330636,15928.420630648607,1.0927593180898973,11.35966423144552,0.5647491090039501,1.073551212605775
2422,507.7621570851567,0.05946165837673478,8.00407824819458e-05,95.13754771823184,277900.06484245055,32.295532134692756,15921.730231271755,1.08811241296637,11.312412541288621,0.5632914230567427,1.0804649636703303
2423,506.1921451009151,0.05975341715581106,8.066885071651798e-05,90.68264876964938,278009.3101957755,32.295532134692756,15915.275968884342,1.1099274445316,12.122711780112574,0.5630360941935231,0.622439877193699
2424,504.53378116839843,0.06581741883293868,8.096424452603399e-05,95.07353558003894,278122.94067685824,32.29886435956813,15909.016300286086,1.0764531022181378,11.338575497403768,0.5622317244105836,0.0
2425,502.49618436811727,0.07195153249786423,8.151724116086912e-05,91.87587458704155,278233.27761547547,32.29842405628815,15903.098935724705,1.1244594799204282,12.041634579507768,0.5624368123274137,1.2912121752545005
2426,491.5614536588077,0.09036727922463572,8.18882729338232e-05,98.85956934713471,278350.4962227127,32.304319671086006,15895.81261626114,1.0877941298534874,11.095368494090506,0.5456090810053813,1.3949521913034566
2427,493.08420687907255,0.08176367618724245,8.218549296272273e-05,96.40136550160526,278465.01086098887,32.301427390973075,15888.548733728867,1.1047978407145687,11.897878476495157,0.5440428076989843,0.0
2428,488.2959936198914,0.08427841182565399,8.244761637643064e-05,95.41053336107277,278578.63980941445,32.30142822285764,15881.28825271446,1.1083191070977045,11.999849949193509,0.5547548962726766,1.0260017183829895
2429,487.8966625650812,0.08385542673697,8.268137619468597e-05,94.6061639000308,278691.54284390586,32.30142822285764,15874.142004056623,1.1071007066347025,12.046225815166025,0.5348783043785883,0.6090021646029591
2430,489.29082371363614,0.07453080274782031,8.292109177783082e-05,98.88178636662336,278808.68161794974,32.298601200773255,15866.695223335637,1.1267217966166558,12.10510782357233,0.5363098309804046,0.6046618865625994
2431,484.46735899881867,0.08479802758925759,8.337624176009234e-05,102.35779684330322,278929.6386623617,32.298601200773255,15859.985219135755,1.1003975366760173,11.384844397741363,0.5579737548352437,0.5898095587104173
2432,480.6931540631599,0.08898020969636988,8.372754552733471e-05,101.7195650272468,279049.82678201096,32.30442958114107,15853.797532070752,1.1099713185194109,11.366274031663457,0.5622034753944033,0.5998479212255532
2433,484.72137662435244,0.07465336687046598,8.403211056459804e-05,99.26969159500297,279167.49471490056,32.30442958114107,15847.517537610307,1.1057665940228034,11.325566765831793,0.572465034025098,0.599736668351948
2434,488.9044793316397,0.07182134408687146,8.448550899798414e-05,99.83153954706991,279285.8891473471,32.30157939948968,15839.969879053479,1.0992867313992098,11.317217474218051,0.5518664228505538,1.226059946034887
2435,491.6330635378005,0.06065484954380551,8.494843074779941e-05,91.82938644965652,279396.2953580149,32.30157939948968,15834.434542127183,1.1175629942700853,11.932338047240314,0.5556887688054524,0.5913116087077697
2436,485.57985043150853,0.07236153601959194,8.535972218739728e-05,98.04387602730073,279513.047992264,32.30157939948968,15828.885687115178,1.1079548444975098,11.27963940964293,0.5551085482344832,0.5854265610923619
2437,494.57422395304417,0.059385167611759826,8.565273039624639e-05,94.90548344533832,279626.4802416353,32.30157939948968,15823.330939972773,1.1229585873205912,11.95391772858432,0.5542767321812998,0.5874433508576793
2438,494.06958379754116,0.056894225740560356,8.607076027869232e-05,94.19626973213694,279739.36476533633,32.30157939948968,15817.770600064538,1.123222546777587,12.005368721786589,0.5531470913571161,0.0
2439,485.74512295520327,0.07384308612278401,8.65113230515288e-05,100.1177752333096,279858.1951106736,32.30157939948968,15812.204530521558,1.1121800244252384,11.327017759696705,0.5515895447055886,0.5719715320099645
2440,486.9437425633353,0.07191049643387304,8.685555472354559e-05,96.4188736122233,279973.18531689694,32.30157939948968,15806.632742103307,1.1275515322613703,12.021998620003297,0.5511906030362439,0.5741530075091958
2441,476.78545072459445,0.09490577646240572,8.720716143179624e-05,101.71877984186091,280093.50174431165,32.30157939948968,15801.897221680872,1.1099553167227607,11.376520825997321,0.5508876600808507,0.0
2442,489.07577199884213,0.08241421922633574,8.731918923167697e-05,97.12462058072211,280208.90157356474,32.2986434060845,15796.550778740231,1.1313430180451745,12.126419918965654,0.5490879336742192,1.1659318017875187
2443,485.9894942053617,0.09651790194075194,8.755343432441486e-05,102.06534284876318,280329.4222280965,32.30157936458952,15790.143659239646,1.1122138762136509,11.426389819707781,0.5490987676068936,0.2147560679492564
2444,484.3061630234111,0.10271862287368294,8.76405958584727e-05,104.19334387320538,280451.95317410905,32.304745201817795,15782.110865086428,1.1104723276431963,11.365905448114832,0.5491100321027992,0.6206987121274317
2445,489.02707925437534,0.0913289634016583,8.766045807073964e-05,97.92087350589021,280568.1533514995,32.304788901075575,15774.10008060886,1.1377288386403237,12.079849000271716,0.5491212550864348,0.6222518844655589
2446,493.3268967304056,0.08392781536187288,8.783624753735566e-05,101.8274726931008,280688.41933149454,32.310508374671564,15766.077489459443,1.1088486792655483,11.126577669374573,0.5797735663502122,0.0
2447,503.2454398668916,0.07086287128788116,8.814551939161139e-05,97.84367158706263,280804.8113815068,32.31961227732735,15757.880644747704,1.13543415532272,12.084658783850251,0.5771214217770668,0.0
2448,502.76323200312873,0.06837114665981148,8.848293709327682e-05,98.85294199087994,280922.3860463296,32.3221000109351,15749.618627345586,1.1069186841048753,11.21786172746556,0.5782865355262734,0.0
2449,496.8588334425435,0.05893387495728797,8.895035040291618e-05,94.75932790534054,281035.86797162273,32.3221000109351,15741.349837169075,1.1209426434417369,12.273356781034137,0.5789281327222174,1.1080872191668867
2450,494.5067659179573,0.05983881214466191,8.926113815401675e-05,95.16195434886829,281149.71713822766,32.3221000109351,15733.085804894174,1.1117414339972915,12.270346592075063,0.5556406626341683,0.9318366756944911
2451,492.096589614701,0.06504939150631983,8.957035529890394e-05,96.83450019735545,281265.2186755668,32.31902718592532,15724.826605147911,1.1164815642783044,12.312097879685805,0.557398166117588,1.1351458639752927
2452,488.7659452845169,0.06723411515522482,8.982156024598383e-05,96.12801790987868,281379.9733713981,32.31902718592532,15716.572260268546,1.122246837308161,12.360751159310855,0.5585311567423454,0.5436883430688155
2453,493.0092433657444,0.06044332216950643,9.009604598507308e-05,98.1608054331898,281496.7766839626,32.31902718592532,15708.322605407657,1.1054357839962,11.680554856461724,0.5744989792812746,1.0946229344737723
2454,493.0236539411199,0.059502610034165127,9.040844933526625e-05,96.6965672765285,281612.19990636676,32.32485604219562,15700.07777279217,1.1214862976452544,12.372899910591677,0.5736069514725642,0.0
2455,494.5959459656372,0.05555818301797799,9.077203247345774e-05,99.76267292717492,281730.6940020786,32.32180763550381,15691.837806298725,1.0898987854539897,11.672551354756992,0.5788734825805718,0.19309870702151954
2456,496.9336605452886,0.05508412145376462,9.11501668240545e-05,95.59707094545047,281845.08542329917,32.32180763550381,15683.602510480252,1.1291154722819055,12.375409978436211,0.577822074312862,0.5327534406266743
2457,493.9449224667264,0.062047764170529485,9.151863755830488e-05,94.74253847075344,281958.6810522211,32.321934437898065,15675.372065455545,1.0836091551828426,11.416997951472306,0.5784409422099605,1.0715092969639421
2458,492.978524971762,0.05774762473440209,9.183448941492656e-05,94.6347494905674,282072.09064300597,32.32784972875926,15667.146271010131,1.1226650097937254,12.398682752414807,0.5772398523450896,1.0721842387901468
2459,492.3331983372758,0.06011917411899492,9.222273687272453e-05,98.14701085922034,282189.0714789916,32.33082989178952,15658.925295221197,1.0957783120573958,11.678235940281033,0.5758605108880182,0.8715707312639509
2460,494.37546079621296,0.05206723295865656,9.25514867681657e-05,-390.44892368082026,281817.42204380815,32.33082989178952,16007.670184210134,1.1286531615798008,12.402344673656483,0.5736381236086077,0.52579027479225
2461,494.8205895355225,0.05314332688734458,9.299856167462596e-05,99.52597701929842,281935.8224534767,32.33381139623272,15999.26247102225,1.0914107949723177,11.52486632896611,0.5740213362500358,1.0186885451361256
2462,493.13449723250113,0.0490585853775819,9.342738788603315e-05,93.4108935275891,282048.084286989,32.33381139623272,15990.859568400121,1.1217957935393894,12.510346049905316,0.5719262762588693,1.0518958907268185
2463,489.5670810453367,0.058489407628558365,9.386027520574757e-05,100.10904953669035,282167.08902758395,32.33381139623272,15982.461652765798,1.0874352392662026,11.543169733663458,0.5713235766962553,0.9928265227763866
2464,492.8809225633812,0.04991495857393313,9.441625328303612e-05,94.68316964294021,282280.5706602488,32.33381139623272,15974.068516401272,1.1206908561994995,12.45923639749608,0.5710677297782493,1.0152079085032675
2465,492.9904653799103,0.04623144527651313,9.502060904532244e-05,95.66168971736225,282395.1329382144,32.33381139623272,15965.680379570893,1.1149494987088442,12.376061840488381,0.5686596125892092,0.0
2466,493.74884831837414,0.04562302343511804,9.565741387648425e-05,93.90685348773117,282507.9636835861,32.33381139623272,15957.297028065525,1.1242212550273087,12.507407982645931,0.5656863199390071,0.9812292348068716
2467,496.70329883064375,0.04665660302949737,9.626368701565565e-05,97.81285741482313,282624.698153537,32.33381139623272,15948.91859842657,1.1010940190958876,11.718039017536316,0.565531926923686,0.848093879217398
2468,490.4798084092428,0.0533323299017322,9.692012288802811e-05,97.06443044498668,282740.6585792751,32.33381139623272,15940.545028750725,1.0989385219707088,11.466019628220145,0.5665080416049659,0.0
2469,491.75199046318045,0.04137231903660288,9.752407102092766e-05,93.88807780891912,282853.34310846037,32.33381139623272,15932.176228770593,1.1172562982529812,12.561439167506883,0.567760052025164,0.9660043865848387
2470,487.3851000265327,0.053819492596001606,9.816192035594652e-05,96.21948184958089,282968.4965012521,32.336414473261556,15923.812299207013,1.1033769763796968,11.598824296045196,0.5675891200117216,0.9640984691531251
2471,489.8963493143224,0.04691464108520993,9.875991848459232e-05,92.22019376811294,283079.48172381875,32.34233165152372,15915.453255470347,1.1133903933494464,12.59406546775476,0.5643407537141961,0.9420936679921752
2472,486.0245089981677,0.05693150116981405,9.934197228458135e-05,98.35876616104832,283196.701317595,32.34520204516676,15907.09911282608,1.0967465200233886,11.55261900527358,0.5641551623768719,0.9489983430706452
2473,489.9926519493186,0.04513286562678265,9.989692367756389e-05,92.99254400800656,283308.43245805765,32.34520204516676,15898.749707701472,1.1220754517845133,12.52934916174856,0.5637488616687891,0.8232508875079851
2474,496.879326427466,0.044750075071275264,0.00010048351823526418,95.37116811049714,283422.7062525078,32.347967023648174,15890.405229592541,1.1025520379485196,11.488833149662451,0.5637770794700149,0.0
2475,497.2441600315903,0.044620684160214474,0.00010116195155262393,91.40331132288506,283532.9908391672,32.35669153374332,15882.065371884282,1.1159758446153447,12.347927423294637,0.5632268049790131,0.9298046932474548
2476,500.2602011777213,0.04295572433858741,0.00010173594370173094,97.83640976944248,283649.70618102374,32.35669153374332,15873.730478905693,1.1093415575000682,11.534073001005844,0.5636968624147736,0.0
2477,500.4053559142447,0.04225211968130527,0.00010250572610584628,95.4123859787887,283764.13328018587,32.35669153374332,15865.400365647498,1.116356655878157,12.358028867726336,0.5627738057100113,0.9281202847464591
2478,498.4228199258227,0.0477264786631878,0.00010317154045090967,97.15407195134907,283880.3040397653,32.35661121099649,15857.07512828481,1.1016113950234778,11.623842130306237,0.5626628998117668,0.8973421901592147
2479,495.1053585482525,0.04832623536542402,0.00010387996187589706,92.46744119950495,283991.7305837601,32.35965944621546,15849.05141959769,1.1178722287341176,12.431288743199296,0.5660715855467795,0.4148248355829445
2480,497.0744787898186,0.0491936951436176,0.00010447370313015215,98.4222621678494,284109.08848464635,32.35965944621546,15841.03138785359,1.1082836081139487,11.660078960799773,0.5658424808637386,0.8886752865290362
2481,498.2290845711985,0.0512842879553288,0.00010513463096535531,97.09753924008626,284225.11001558433,32.35965944621546,15833.014993325745,1.1144854549803633,11.550429508337286,0.5657974591109155,0.0
2482,495.4672927384617,0.060652932063808174,0.0001056849190219145,100.55680100498134,284344.5847946024,32.3626175908049,15825.00233378994,1.093506897455418,11.590179339461129,0.5631850105941912,0.4013824146211462
2483,497.76876209312735,0.061264437054717624,0.00010622625501964045,98.92664728374427,284462.3469453077,32.3626175908049,15816.993398377012,1.1110690300248411,11.664985357386175,0.5627751285700514,0.0
2484,495.32427958453195,0.05905057345810805,0.00010665613585337295,102.484015926011,284583.66113501135,32.3626175908049,15808.988175437142,1.0939140624663597,11.581201562071334,0.562558126504215,0.3946893320606577
2485,497.92606734281577,0.05601480537131165,0.00010721765006900468,96.7969956086227,284699.2599004213,32.35978945533004,15800.986557588934,1.1095526838074965,11.656362220317806,0.5623663927316253,0.0
2486,498.80184097836974,0.05363882657315955,0.00010769004255751901,97.74081614407132,284815.80950236385,32.35978945533004,15792.98863743593,1.0975929825987576,11.568285268806292,0.5699248883566558,0.38850883052750973
2487,508.3551269173404,0.043835961905360876,0.00010818135261681667,97.92493484220651,284932.5995474172,32.35978945533004,15784.994449396649,1.1123527298189384,11.45820042608299,0.5696421410156797,0.0
2488,503.5556120935733,0.05026748489321664,0.00010877047890900176,-514.7407064849905,284436.8428103549,32.3564027890709,15777.001752301125,1.104010980467603,11.480008548576937,0.5696248199663487,0.8467135845424032
2489,505.4450443306818,0.04537867232980042,0.00010928396036827087,97.33243784889729,284553.02980419726,32.3564027890709,15768.946396699503,1.1052068050688508,11.43704328503989,0.5684579772604504,0.8368396393645838
2490,498.39004926544374,0.06460622082326894,0.00010994516931571992,-335.6977081328872,284236.25514148653,32.3564027890709,16046.72828211273,1.0976538665124602,11.376085102138163,0.5670126722030289,0.0
2491,498.76150214478037,0.06149644623651995,0.00011029093505341617,97.9142283871469,284352.86514439865,32.3564027890709,16038.52331158053,1.1133178426196277,11.44091275933633,0.5663685771570568,0.3483390560631179
2492,498.23298946666506,0.06558743873931272,0.00011076855140303895,100.83627664496879,284472.4442563622,32.353352667119694,16030.388401040118,1.103485248558429,11.343847479397047,0.565312488050818,0.41125962846598085
2493,496.509095788777,0.07578086919542437,0.00011111244672651489,98.987148477508,284590.1226028078,32.350235330932605,16022.25722981506,1.0958190396333174,11.354393077881257,0.5530615981217541,0.8119067255858532
2494,497.8146635172913,0.0763948419183047,0.00011143116719574654,99.10254443974833,284707.7781979056,32.353148778049345,16014.06375689361,1.1125684381072996,11.309967648499272,0.5522428991553827,0.0
2495,500.8909145805855,0.07737487016352573,0.00011164941904460623,99.12105550155685,284825.43591021537,32.35286092460114,16005.94033440478,1.115930485922778,11.332323603074043,0.5533438743941755,0.36385668388611236
2496,500.05876887256983,0.07825312644583626,0.00011178613329946994,99.91208339654696,284943.8703266201,32.35286092460114,15997.82057421536,1.1003831257533492,11.30774803084993,0.5524866678236591,0.4969938359985413
2497,495.7767526159288,0.08514833682027345,0.00011195194910794412,100.34423267654816,285062.75985281507,32.355731512613225,15989.638541005188,1.1098915729981018,11.301420221176299,0.5634219824846556,0.782548784292814
2498,495.5068931025635,0.0881717286531889,0.00011205029608693543,101.73108175294284,285182.9430775245,32.37636445689836,15981.404771965232,1.0992795503450452,11.258208661437324,0.5608457984220915,0.07316910694650858
2499,493.13933015092437,0.09186924295410637,0.00011211386547424845,101.13548728594509,285302.5101058606,32.3556637883987,15973.02366511182,1.0977339803090802,11.25613101848664,0.5589683161910121,0.3585483697121603
2500,493.31604827262214,0.0871561699928084,0.00011213506252978091,100.02366841694975,285420.9217445924,32.3556637883987,15964.64729674136,1.104220184522896,11.240412666062152,0.5588772246668873,0.32834528952555075
2501,502.81605925594874,0.07471679169917655,0.00011220371732871503,89.551414272781,285528.9044923657,32.35871202361767,15956.275893857592,1.0555809520090438,11.144703323401902,0.5569054675742791,0.7546424694552272
2502,496.9176213835294,0.09513035522672642,0.00011226274812101652,100.7251584219353,285648.13270501385,32.44773906590771,15947.843301674853,1.088359365473055,11.062448854124368,0.5555692603500808,0.4999559387788537
2503,506.38811312537234,0.08202113907071851,0.00011210189194216726,99.31830460345945,285765.73640441743,32.44622764843311,15939.488576281,1.104828954074942,11.091332253529545,0.5555691861533519,0.7366404500438328
2504,502.2085369993998,0.08393270286125942,0.00011207952131502927,100.09854408276048,285884.30385471927,32.44266275488106,15931.06583097708,1.0988727702840009,11.031893948024788,0.5556183766755002,0.3205486591257909
2505,497.6726382574566,0.08886605851563567,0.00011203477981099661,99.49304814438952,286002.22768700594,32.440587558820226,15922.780055039248,1.0994611977579363,10.971395135963279,0.556204588876268,0.0
2506,496.7275019719625,0.09405726386135516,0.00011193570343601457,101.58809036399842,286122.38874825154,32.3528334395065,15914.367436282095,1.0909836222569673,10.95992808420617,0.554877308793149,0.0
2507,495.5177611530256,0.09454773758241186,0.00011180151357701719,102.57464849794427,286243.28027958656,32.3528334395065,15906.091792666672,1.0891914458794805,10.95871664205511,0.5551131783011348,0.6765447382049565
2508,501.38870472235254,0.08095825877118734,0.00011159163746753915,99.85559841430944,286361.4574296406,32.355661097760354,15897.755321568446,1.0937472467166867,10.908887512593644,0.5549480970741746,0.0
2509,498.2954199728873,0.08813999770059378,0.00011152589355148416,100.78826876537217,286480.7742774904,32.355661097760354,15889.42295359844,1.0758242379719116,10.890885829771122,0.5562057881209946,0.0
2510,497.30159157942467,0.09272921344251495,0.00011138219599125136,101.82695531864707,286600.94649301626,32.355661097760354,15881.095880625337,1.0855575112218279,10.868490289578073,0.5572443742967137,0.0
2511,496.61051932301484,0.09285263887638417,0.00011118873868188738,100.99782112686609,286720.2672106973,32.35279038117078,15873.005263744328,1.0857172776531516,10.846610942465349,0.5586189887156054,0.0
2512,504.5613767139246,0.09406851448383458,0.00011097854950499226,101.94652326189683,286840.52979969746,32.35279038117078,15864.71544299864,1.0872307092515692,10.895167122886331,0.543746374489728,0.6807540767532778
2513,502.76902856984776,0.09584802481442234,0.00011078376995023103,100.66182638515915,286959.6145222095,32.35279038117078,15856.635508086425,1.1035820258431772,10.881023438337042,0.5437978957622682,0.6723500003480005
2514,503.72977514173107,0.09489929724074742,0.00011056953631948212,100.44073910364844,287078.4477178461,32.35283248266044,15848.559551195169,1.0885597864161585,10.778366680444204,0.549936434439427,0.0
2515,502.6080863529075,0.08435498513671003,0.00011036504113741416,99.26124830121658,287196.03972777026,32.35283248266044,15840.4874434358,1.0936091464111584,10.833853564730369,0.5495160256399348,0.6547109766863386
2516,492.40862665823056,0.09571207630861478,0.00011027232210429066,100.71341138528075,287315.3211490626,32.35283248266044,15832.418842229563,1.084417872983521,10.759029962112473,0.5505836510159506,0.0
2517,500.86348943129576,0.07692101291730657,0.00011005751317681599,98.3339604484543,287431.9081667047,32.35326268341274,15824.35478313198,1.0817818745886376,10.782147407318439,0.5506995251912253,0.3023605868149737
2518,503.02347249977674,0.07296312543995154,0.00011004235123351002,97.37983400060067,287547.8018642974,32.355767780630515,15816.293351417646,1.097947463891759,10.793016433540565,0.5519516660504001,0.6691688628210564
2519,510.18828974546955,0.06923868353086204,0.000110054018561264,96.34556543861322,287662.7917395972,32.355767780630515,15808.235866460238,1.0974618424080584,10.806426629964061,0.5520557355340796,0.26721532465476017
2520,511.61381749376756,0.06914637640265386,0.00011010806477824952,100.94443693289759,287782.32822883374,32.355767780630515,16090.702229934268,1.0849720660379345,10.74332095930641,0.5550756369369176,0.0
2521,506.1195674522474,0.08260731311706981,0.00011016189820896721,96.71381315058875,287897.55511619255,32.355767780630515,16082.492708016953,1.0953962920115676,10.768359627641997,0.5569512033291814,0.615378994949868
2522,496.91321739832887,0.09908591914807041,0.00011006836133697173,102.25677164233855,288018.13617822004,32.43360832133243,16074.287466276783,1.0784566259079038,10.110913515492246,0.6378043927838584,0.6263468239158811
2523,496.45110512719714,0.11355315407502797,0.00010980128620105784,98.73129240054553,288135.1032828043,32.43988019056853,16066.08724981983,1.0607117164660398,10.101361521973137,0.6366898909957973,0.6889131877160537
2524,495.94911853269326,0.11733389799477523,0.00010929958346199409,98.0412557327128,288251.2184294238,32.67001020860672,16057.892096884214,1.0942823068627692,10.124642200586198,0.631340767715132,0.2381286604286572
2525,494.043511141958,0.13388949304320175,0.00010876061731786493,101.21541915972895,288370.5624841879,32.352673358625594,16049.639230441533,1.0700035752298187,10.085911714932038,0.5854815602836244,0.0
2526,483.2825792797449,0.15297615179583535,0.00010804945382044494,103.93672388535646,288492.48727867776,32.3512425993429,16041.523275649555,1.0538172736620153,10.112692784989155,0.5817958429881747,0.24514665751558695
2527,489.54292054731906,0.14792719392914588,0.00010713596700332875,104.34754125701372,288614.59661979286,32.36556068409965,16033.345987046627,1.0640341622012877,10.092808294169327,0.5853720344007165,0.0
2528,487.23239169052937,0.16186984217697098,0.00010627841532252622,105.79176979152581,288738.0233218205,32.628575478973374,16025.172377122382,1.0834852977107707,10.064377853952836,0.560011975612842,0.2889444298751549
2529,501.7406350723929,0.14754189397088402,0.00010525792687390232,105.87840474280547,288861.36778739805,32.53165733737584,16017.003478731252,1.0914498162108057,10.41145205005311,0.556762709544652,0.36983502680812563
2530,495.92299148952003,0.15306575645721632,0.0001043961460212386,108.9598670323333,288988.00449418795,32.46495768828995,16008.83781304183,1.0812226598390111,10.038339158841318,0.5563465660161023,0.008768685486664651
2531,497.4963960231792,0.141770073039153,0.00010348065613854243,109.37416918753635,289115.074522891,32.54531477023591,16000.691316208924,1.0789723759303753,10.030601034671559,0.614555193369622,0.007940379788735186
2532,488.7284026668992,0.1405551721299112,0.00010269083621666906,108.51399777746235,289241.2733319351,32.7343480506419,15992.549776845746,1.0855164305312546,10.03404432656846,0.6048849306080589,0.0
2533,488.6712853360299,0.13713618864258503,0.000101960112970154,105.14575066177873,289364.08633432875,32.64314103308413,15984.412063285408,1.0942900430247446,9.978976728785957,0.5934091289140411,0.0
2534,487.3411474986767,0.1444846982352611,0.00010126979246555983,105.18818815500208,289486.9632101248,32.538827210347705,15976.261488347734,1.0859031505527055,10.038220568305114,0.5913149841439822,0.0
2535,480.19646981531105,0.1463638178967407,0.00010050501408050408,107.26362171038227,289611.84549627104,32.612710538312534,15968.125268880518,1.0837730834695642,9.93947320117566,0.5788814003914877,0.0
2536,478.9457861951392,0.12984307848032817,9.97245513129261e-05,107.2680127090659,289736.6678325105,32.576519803570214,15960.202494524825,1.0664220151402746,9.945938295087357,0.5768758281761487,0.009110989775059863
2537,474.77713508504314,0.12984086165850472,9.912431064229449e-05,105.74881351504001,289860.10232589004,32.46943922323921,15952.063287840116,1.0796800710514527,9.893263682730456,0.6293695053805873,0.0
2538,476.1132873932598,0.12843137194854815,9.852717983604624e-05,104.72781265512928,289982.47878765996,32.35628435893755,15943.946600123012,1.093592927089472,9.878688329583829,0.6064031420628959,0.010204616211542117
2539,473.35857412921894,0.1273875145825839,9.794812198814022e-05,103.2885886930548,290103.45393428847,32.35624836128303,15935.833800310942,1.0794605079430049,9.854124926598613,0.6177973768534061,0.0
2540,484.22330164306754,0.10099025277418905,9.738312096983715e-05,102.3355179753856,290223.4660769643,32.35179630379027,15927.72282009468,1.082157697214571,9.883125016106355,0.616904566776412,0.22773148992131453
2541,480.5682147146066,0.11626404608356733,9.710184192602329e-05,102.3116507516586,290343.7508828454,32.3612350235361,15919.59808259664,1.083698001995682,9.861397618432566,0.6013980323621578,0.0
2542,476.54050572380896,0.12319152451015014,9.66587599515173e-05,104.70370087785378,290466.27800611465,32.4042830105801,15911.624328229409,1.0757897029124592,9.86367190531178,0.6365337303820279,0.2269150605842576
2543,475.2862420643073,0.12418149910011156,9.614391890241318e-05,102.34061807411766,290586.36464869254,32.39200967350079,15903.788867937636,1.0768220927458798,9.84936593427897,0.6160911084269693,0.0
2544,477.3168332686919,0.12751450110352014,9.562104970052355e-05,104.92730927336841,290708.9888947233,32.39874157419724,15895.89038277372,1.078318813785466,9.842332924440372,0.6155503842630403,0.0
2545,483.76913247944015,0.11801390772073261,9.506517806923519e-05,101.65109492704644,290828.33929668524,32.40584209583268,15888.011696776315,1.0883854605692203,9.85269588396901,0.6226029790030074,0.0
2546,469.6900327183865,0.1358906091394796,9.461335398936679e-05,104.36807744053877,290950.4715319449,32.3953016838337,15880.119225577157,1.075515310189041,9.833905523752767,0.6180810416226304,0.0
2547,469.79754094658176,0.1376166937833151,9.397338730968561e-05,107.77675066127381,291075.7655500792,32.346882097231216,15872.127585710501,1.0737588470818291,9.841532538314015,0.6148995415201494,0.0
2548,472.3376230500321,0.13601346990759122,9.331856134060366e-05,106.76139989259318,291200.03247565986,32.42046762996921,15864.057174265034,1.0758181052027995,9.823865040899353,0.6109029141116372,0.0
2549,469.5673353346196,0.1332433540522182,9.268442281531314e-05,96.98930012276529,291314.6547614997,32.39753614655863,15855.972436847354,1.0425983745018337,9.839260660571991,0.6070843323423252,0.0
2550,466.2897462051984,0.1409647772162077,9.193295944180096e-05,100.0463313972512,291432.2404050253,32.370240705978745,16470.43362860332,1.057992825555752,9.837951309402326,0.6034768403263853,0.0
2551,462.4993571309783,0.14979587777718406,9.110400996278403e-05,106.11999139720756,291555.74727729807,32.374565113954134,16462.0152495239,1.0657658124207612,9.86652446416024,0.60004868320513,0.0
2552,465.61825325821803,0.1427538178504304,9.018636689002135e-05,104.99573418028235,291677.9712018748,32.395676010436986,16453.601338526994,1.0789567524065236,9.961521817658594,0.5965295206984194,0.5258020869627451
2553,468.39833997463,0.14312776503401492,8.934961402247658e-05,103.3912970042919,291798.6571626007,32.53319088491027,16445.19108732622,1.0743041610848278,9.88944037277913,0.5924463763419157,0.0
2554,470.9326960487919,0.13943086586594622,8.851423943460096e-05,105.3106021868085,291921.3819822455,32.55784563773512,16436.80136672243,1.0654996132896524,9.906172818115284,0.5879316990999053,0.0
2555,467.45896729555585,0.13792541421412552,8.772355568013584e-05,107.57987856310744,292046.28867947723,32.54799467266996,16428.43393393466,1.0669988975167888,9.975595384728683,0.5886098478995279,0.5274909018856171
2556,467.63248671721027,0.13180050702379453,8.695379178780296e-05,104.22765936874562,292167.85455196904,32.57791177726478,16420.06563255344,1.0646884482951549,9.939860173376202,0.5861785391999199,0.0
2557,458.81966957612167,0.14017534338383564,8.625250233401397e-05,102.57787734444409,292287.94955639186,32.583195735049806,16411.68976672532,1.063215176889918,9.957386931181356,0.5837474458168966,0.0
2558,467.3050735912253,0.1339950921445765,8.532680936540318e-05,103.35586333286525,292408.51588409627,32.597849180694446,16403.318875746354,1.0501656281363885,9.955215854090245,0.5814606913317815,0.0
2559,463.8238252109014,0.13955673855500628,8.446475925447985e-05,102.20969643090294,292528.02027966763,32.663091296617885,16394.963015492678,1.0561074589338386,9.967361966664068,0.5787246860350032,0.0
2560,451.43524319926587,0.15268918721689684,8.354698983553606e-05,104.60122276840701,292649.9390436191,32.630035887346054,16386.595219571383,1.0594771712948317,9.959044817849538,0.5702242971179554,0.0
2561,454.02921907050705,0.15404993222884722,8.249736306183196e-05,106.6488400123466,292773.75488285214,32.48200513569366,16378.831371716802,1.0503571030313883,9.962990345048299,0.575657295134891,0.0
2562,459.1951481116259,0.14739511027715935,8.143774902283006e-05,106.98856606887247,292897.7850070327,32.46966345830221,16375.381667431595,1.0570605794029522,9.989057036305221,0.5737843006997991,0.0
2563,460.4066233170511,0.1381248102441479,8.046785271013894e-05,104.67942244551618,293019.67193419725,32.434842338241076,16367.669399339939,1.0559506325142833,10.008120606659752,0.5717752848541923,0.2020111871238548
2564,457.4488770422415,0.13999147127519418,7.9601692246951e-05,104.18371005733738,293141.26246535545,32.33372060644774,16362.811684714445,1.069394647700317,10.032712663935182,0.5693582640475593,0.1908149293766499
2565,470.2409475382068,0.12485187529558706,7.871104398552558e-05,101.77750126623681,293260.4175326796,32.31422552626835,16358.179736566592,1.0717475880998897,10.002424632102333,0.569006567579233,0.1902336450393669
2566,468.94366666434047,0.1274605595025774,7.799839137171881e-05,98.92562000926802,293376.870407584,32.34957049946791,16349.950886030922,1.0679172860885813,10.00095905016748,0.5675454467770952,0.0
2567,467.1434216676361,0.13328052109730637,7.726207240236098e-05,105.07362964540059,293499.3873725183,32.3348452727194,16344.662072967876,1.0570420988537699,10.512631002342742,0.5661284149209468,0.16035198890811841
2568,469.2912259870594,0.1302621058190645,7.650223521705259e-05,101.81907751525932,293618.6245220142,32.358836942511125,16339.929350318605,1.056512556416153,9.986083793885637,0.5654549506737635,0.0
2569,465.16624398147803,0.136364451873071,7.57793080410726e-05,103.844550979818,293739.9148141107,32.36939883792451,16334.490954658953,1.0627907658252704,9.963795116519305,0.5641242028896865,0.0
2570,459.49309200663794,0.14526305461243272,7.49729883070867e-05,104.92181879275483,293862.1592524887,32.388998023918475,16329.26936535872,1.0605399566706024,10.027625368128998,0.5628322261755198,0.16253014558921208
2571,467.8937625297347,0.12711937414125984,7.407989403695774e-05,102.73133547478355,293982.12737902417,32.33705443899539,16323.572704434337,1.0648234126748284,9.999677091767941,0.5617098290560121,0.1535780948288128
2572,464.22665015172686,0.13629910574824233,7.33860138687693e-05,104.35822372407131,294103.9907959205,32.33730791205842,16316.006620666516,1.0689627523221235,9.973821850945722,0.5606071961444091,0.18028419982406163
2573,452.9450065248983,0.14598942391903602,7.259912520509377e-05,106.39876878408212,294227.71337775287,32.30811879754963,16309.033514596947,1.0614732594931908,9.95414476304068,0.5567643373110116,0.0
2574,451.8546221482456,0.14654351962724155,7.171229016790328e-05,105.91130297680176,294350.7732461157,32.31586319392653,16301.997136554759,1.0632682801298505,10.347486293098788,0.5585966652111456,0.06706167368944449
2575,451.12054628101026,0.1497423102695672,7.082585260726208e-05,104.09638409225431,294472.02765559615,32.32710792288712,16296.115631718558,1.061306381676845,10.416500449002438,0.556817101202463,0.2752747157327704
2576,456.34374062238277,0.14652509142879633,6.991099757482323e-05,103.0494944870386,294592.18809947034,32.351319810210896,16290.009001989796,1.0602385277268318,9.979945993316393,0.5577696008699381,0.0
2577,459.6911097033368,0.14157611466853992,6.90363114527227e-05,102.95788095171261,294712.28738797054,32.33581577526231,16283.33265620452,1.0537650182488287,9.983775142915386,0.556818442100455,0.0
2578,454.2028827632624,0.14984624596650475,6.821901399151005e-05,104.286513183938,294833.8667327123,32.329285130395796,16276.816823684476,1.0415462275359528,9.981673488948637,0.5559169682037284,0.0
2579,454.59833307208754,0.15029988237609504,6.732111692380659e-05,103.1210263843537,294954.1494062545,32.319995731416206,16270.403258878596,1.0618515112844338,9.983895989220246,0.5547001927621451,0.0
2580,454.8780218999748,0.15409479398371306,6.642604483938073e-05,103.83275395812059,295075.0837929448,32.321846395835024,16263.196005141821,1.055865278618992,9.99654618385902,0.5542047299026784,0.0
2581,455.21410402868713,0.15599210914721007,6.549827184749673e-05,104.86466137276555,295196.92174951313,32.28137861199943,16256.579019458373,1.0535931474450324,10.006998928003954,0.5535205072473066,0.0
2582,457.83837296758713,0.1483697377986869,6.456007084677699e-05,103.10501253590738,295317.00117121893,32.275612733149146,16249.897684577722,1.0524892883842139,9.933353087779343,0.5528218358475651,0.17529538442517634
2583,466.1280880060646,0.1457791646686012,6.371094939790059e-05,102.97946093493067,295437.1024168552,32.27272077840861,16242.7667914103,1.0518479911463288,9.915941345297657,0.5520872358895513,0.0
2584,456.2227965320092,0.15253936198889728,6.289635894789021e-05,103.28895359873559,295557.4866456602,32.2826222622954,16235.865743577915,1.051071558141189,9.930864143201497,0.5513423511483095,0.0
2585,449.9261351915993,0.15895060696734464,6.201451924324701e-05,105.57612961810774,295680.09269164054,32.315026432070354,16228.057220693434,1.0545309679805333,9.916516473178572,0.5506541595253254,0.0
2586,453.54141473677396,0.15501569302805962,6.10683120439208e-05,105.12687381525086,295802.07551645814,32.29160793800675,16220.866851693725,1.0419755389108463,9.919728552269316,0.5499826879315614,0.0
2587,452.55399618274504,0.15757785972975002,6.017854654304705e-05,103.25121253044605,295922.2332301463,32.29762025119218,16213.923484898229,1.0616530387350307,10.288497370575298,0.5493493800661213,0.2649200925883797
2588,457.4090790941406,0.15442286331731514,5.926295654947419e-05,106.1370715091114,296045.21354163595,32.28753277516478,16206.811298005314,1.058151813837678,10.2587210980508,0.5492543182761214,0.0
2589,457.58709070902887,0.14780604477624848,5.8386961384368246e-05,102.55577636174155,296164.6764899965,32.29258838047642,16198.892248694976,1.0546220291905855,9.907945445707496,0.5490880983852233,0.0
2590,454.79123048232873,0.1551599646675894,5.7587983065167596e-05,104.08197086894896,296285.7496489802,32.28934398077956,16191.904844660236,1.064578685474468,9.902352287434397,0.5484855694194745,0.0
2591,455.5951471576919,0.1506107916915006,5.6719051177773665e-05,103.93739316786848,296406.5534515292,32.28208542387265,16186.05683672797,1.0531034211130255,9.939759647394355,0.547906586999804,0.0
2592,457.48963873051036,0.1507732410251269,5.5905228863141086e-05,104.96621209551523,296528.5347943639,32.28660852325032,16179.945421174489,1.0384314610735144,9.924188669756107,0.54740451908476,0.0
2593,455.31420969619205,0.15776926790450208,5.4967725837539396e-05,103.57590229029663,296649.0858244188,32.269490646269894,16173.101236450004,1.0758183215515849,9.91387044455428,0.5469082968013355,0.0
2594,455.72289945563233,0.15913993751834932,5.3962595053608475e-05,106.85853463195505,296772.7611047582,32.30753029350729,16165.94500315887,1.0339204238651836,9.902512722485337,0.5464242974530424,0.0
2595,448.58413094004817,0.16591375085026727,5.295061056152792e-05,106.3174494774482,296895.9465033506,32.29533917306959,16158.326188114444,1.033217303967415,9.921248795075467,0.5459505951302195,0.0
2596,448.45786478429926,0.16616260231946567,5.187388903876683e-05,106.74486396391931,297019.41836926615,32.412814838385366,16152.026723176356,1.04383896373337,9.918960613472962,0.5455248519097585,0.0
2597,452.8496323504673,0.1618833417563762,5.0802274433777575e-05,106.5136025844702,297142.6370899522,32.395142377838305,16145.045515150561,1.0205768871860885,10.209819089444043,0.5451179892839926,0.0
2598,448.4482371170813,0.16526373124236304,4.9777872586397054e-05,106.65422277009347,297266.09703411284,32.36927227058056,16138.14751105617,1.0448317565198169,9.91747729311899,0.5451009055006583,0.0
2599,446.74452533390263,0.1665286020532466,4.872743615460069e-05,106.4530591199888,297389.2228758669,32.33783714532615,16130.0858178382,1.0461252749207537,10.212670772944126,0.5447141869068124,0.0
2600,450.6181717821566,0.16862558491815482,4.7754366886284195e-05,106.87165278952631,297512.83631919394,32.235062817430126,16122.86813805395,1.047473519199566,9.915367875728082,0.5441731332091874,0.0
2601,444.32460658267695,0.1731553178684413,4.676331609140789e-05,105.82105407683531,297635.45835824724,32.2573170200588,16116.31371308329,1.054437801557692,9.926002492744873,0.5443795518921574,0.0
2602,441.67044753711843,0.1756879978161442,4.572884351315239e-05,108.62393388757816,297760.7141862231,32.2482865138011,16109.513740869095,1.035342348486011,10.200311914952847,0.5440142604232773,0.0
2603,441.21615652750666,0.17484730929507253,4.468236892534806e-05,107.38045338952095,297884.6971587666,32.25201226470186,16102.41129224722,1.0440690432434376,9.953404796150817,0.5440691986076025,0.0
2604,441.02738113080443,0.17541575942789378,4.36588281679629e-05,108.4478682747579,298009.74033470167,32.263038522892515,16095.348926492,1.03822640080539,9.955622474454598,0.5437817632681662,0.0
2605,444.66487991642344,0.16817365976393872,4.2630907074264804e-05,103.90795137464174,298130.2408629566,32.26024257447273,16088.305072616562,1.0391596562384737,9.9664024202439,0.543511977760153,0.0
2606,443.84001739204746,0.17028699627515476,4.16877431776723e-05,104.97503082880935,298251.92036333017,32.24310394047153,16080.2361679698,1.0539398660431551,10.128712405286622,0.5430238908723097,0.0490864550094976
2607,443.02860877882216,0.17275265356345015,4.0727758877063726e-05,105.7626873086083,298374.3430469549,32.24427753025597,16072.470001646734,1.0527485567984431,9.934852004927288,0.5432654954750887,0.0
2608,442.6245649336992,0.1746587737194384,3.973351241321304e-05,105.75809110261926,298496.68380446767,32.23601954560341,16064.607847716637,1.0485742706640508,9.94841860640334,0.5429964295276493,0.0
2609,441.13371092308256,0.1782685499883926,3.8729940716830904e-05,106.75080510006546,298619.9829316905,32.249488965952715,16056.248617570263,1.0557608668488687,9.956754694284768,0.5427584942283307,0.0
2610,442.0300978658112,0.17786179028001337,3.76874490071423e-05,107.28124596643048,298743.74147198105,32.19960323119485,16048.222261588644,1.0433191065325391,9.927826684356319,0.542543489118225,0.0
2611,444.6516142480503,0.1726494205611463,3.665701778703079e-05,104.67217674930374,298864.93410341814,32.19390646124248,16040.852183884803,1.0592561863893262,9.9652790816021,0.5419376885615788,0.14515219166711546
2612,444.9717548201457,0.17619671404495751,3.5689842726816956e-05,107.41850262344622,298988.9332892085,32.19955243110773,16033.337161534027,1.0491894805809285,9.947725091922512,0.5421617483675412,0.0
2613,442.07247944783467,0.17439560653435537,3.4697753083255915e-05,89.78607598464433,299095.2071588171,32.60316674200671,16025.476800681345,0.9354496262829793,9.971623765243129,0.5419664126278831,0.0
2614,455.93503545756926,0.136018160268922,3.350081296239653e-05,102.21688479985153,299213.80643413984,32.57777470158225,16018.127345106655,1.0219680174839654,10.364734949571838,0.541740869259291,0.0
2615,444.44463674437554,0.17516369247906893,3.2712513143963235e-05,105.55708822917165,299336.1000682351,32.65239122601103,16009.986107932473,1.001205500014146,10.04276275231414,0.5421671686575755,0.0
2616,443.19187156209625,0.1714056761816718,3.1469406789550436e-05,105.29333871322865,299457.6565358025,32.633648917586726,16002.303078303821,1.0187735312877537,10.065731697689246,0.5420932241871658,0.0
2617,442.02008001345445,0.17156695783301767,3.0282982811573545e-05,105.93594133562502,299579.92287317524,32.618520162619085,15994.313918905944,1.0311972462573695,10.267479433430887,0.5420525085771492,0.0
2618,442.52082228661,0.1733106799045725,2.9105467962626586e-05,94.9914561842757,299691.22720600583,32.57562064065422,15985.906964627813,0.9732948570019422,10.053573284449175,0.5422701187899107,0.0
2619,438.1523385451887,0.19029063561123016,2.7778276582021907e-05,101.3450177077551,299808.85029582423,31.916450315487705,15748.667553371484,0.9786124901890623,9.896119085213158,0.538460934332742,0.0
2620,437.78156202961264,0.19472685194744754,2.6262734460351912e-05,105.53687471839312,299930.57068485016,31.951765843620112,15741.016472785424,1.006874937227846,10.105210361092082,0.5372532267886004,0.0
2621,446.71315432421306,0.18084646556325612,2.471103851380683e-05,104.72598548785045,300051.43104487815,31.864389782876625,15734.37748349933,1.0200615962454016,9.878114724647359,0.5417660037887125,0.0
2622,445.6659782621223,0.18332614019297466,2.3315815571460555e-05,106.52838838832086,300174.32258448185,31.86641936725293,15727.89744576265,1.0162988883926514,9.866961581144956,0.5411892430739306,0.0
2623,447.1333929259508,0.17937224561911502,2.1906144267735436e-05,107.04019208684849,300297.65162889514,31.93121125441453,15721.16435336797,1.0136091083896375,9.830477407607813,0.5415838971389887,0.0
2624,443.60289861019197,0.1819852151544905,2.0548742009288245e-05,106.9979048998757,300420.9575840075,31.888751781453976,15714.85324988324,0.9878026063632377,9.853333775110585,0.5411992012400668,0.20411681852572272
2625,451.32066986264687,0.16883211748000004,1.8968388622039373e-05,105.10637784405864,300542.25005297223,31.864611397398278,15708.545358952553,1.0033313363536605,9.885510956521244,0.5409667701184588,0.0
2626,447.9564283168029,0.15859794238668878,1.7541329125961816e-05,104.09574881417805,300662.65607968374,31.90049339973832,15714.808539498214,0.9946475099318312,10.069847874502818,0.5407576384561511,0.0
2627,447.32428235440455,0.1432109324691665,1.622941406597718e-05,101.77487586075857,300781.1199161764,31.825559429463958,15719.651600277979,1.0075430093377706,10.079934720307696,0.5407932533205464,0.0
2628,451.9501002999173,0.1298187221830539,1.5095500870241968e-05,100.3399314544817,300898.5999231784,31.82698509764151,15721.241439536603,0.995552470304407,10.3053733998442,0.5408402458357816,0.0
2629,446.4917145587136,0.14776930367504992,1.4115872561517512e-05,101.85544324147175,301017.80211701925,31.859357380262836,15718.42154622458,1.009849871558517,9.924677404440386,0.5411712039586544,0.0
2630,452.3794535867207,0.15753639401437858,1.2954119933403568e-05,102.29004592743753,301137.1571637202,31.854138804834342,15712.907394225178,0.9937337087760858,9.92044785946244,0.54100295008067,0.0
2631,460.8226927208843,0.1417633320671643,1.1699060872614052e-05,101.86569708193052,301255.5814137486,31.916398714226375,15707.430540460824,1.0055328158751582,10.008301765865369,0.5408381840613592,0.08289704876720094
2632,459.4045982984639,0.1471586660738895,1.0622794846076443e-05,100.93740284303344,301373.2652544886,31.83673693665358,15701.903019878288,1.007610095011026,10.33290151082044,0.5408055211225267,0.0
2633,460.5515420870804,0.1334938934925558,9.498617754444688e-06,99.02639651193977,301488.98343141517,31.869193647354685,15697.120647118963,1.0090399524920208,9.906710398018609,0.5348654413731571,0.0
2634,463.0476363650251,0.13172895515678373,8.529698477403273e-06,100.46463461618407,301606.3153190818,31.843048944951974,15692.063241102487,0.9879810007872584,9.995917569148972,0.5385107155711166,0.14481868752704585
2635,457.96799115008355,0.1318780238018359,7.662230744656256e-06,98.36049366900717,301721.54790846794,31.82590941043152,15687.142652894341,1.007836907052703,9.867966703601551,0.5374382685065897,0.0
2636,452.0664728940833,0.14420115227483254,6.799160871915328e-06,100.87010686483659,301839.22668051807,31.8137077903169,15682.021991444544,1.0000755953470495,10.179478305418323,0.536439338588634,0.0
2637,454.1701054125972,0.14084044488728054,5.8108697133119075e-06,100.57053861723173,301956.4832561961,31.79011580995266,15677.19609727299,0.9985160620072319,10.184551049963648,0.5360899397971948,0.0
2638,454.11125277234436,0.13789371165061215,4.8651687791066406e-06,100.47669352636214,302073.7067273173,31.810195394818294,15672.346359853767,0.9959389017473729,10.197250813867315,0.5395149994655168,0.0
2639,454.71594738664464,0.1346973676202433,3.957387428247421e-06,98.78284675892273,302189.24867545674,31.86674493345662,15667.30824310067,0.9935418576584599,10.271744950352813,0.5424030107455162,0.07834372866868478
2640,456.18376861616264,0.12884115776277594,3.0899406133684247e-06,-299.82420589197443,301906.235868575,31.87681011914598,15839.944864599383,0.9832051974566728,9.830056733634613,0.5426282435526542,0.32595386687696504
2641,461.648177111027,0.12049194698464682,2.2895634735901677e-06,97.20126175539818,302020.2331861141,31.845550242180074,15834.590336098978,1.0084774898384092,9.826867727320185,0.5423179459581681,0.0
2642,457.1110559232515,0.13006436159763446,1.5838565021209014e-06,99.45397975348703,302136.52401015506,31.86628517107317,15829.606678807517,1.0061029134444692,10.231712094286014,0.541972290412974,0.0
2643,457.1704614249777,0.13354311435055077,7.573644825436757e-07,98.67436611744432,302251.9725854037,31.839711485254114,15823.884615337962,0.9959237230671082,10.085113441758452,0.5421579227729304,0.15959407530388248
2644,453.5259672332708,0.14007988995161214,0.0,99.93866980416944,302368.65678177093,31.841060000464722,15818.017321176596,0.9973059048401752,10.243864402640222,0.5398974559695224,0.0
2645,451.06135239929813,0.1475349107355396,0.0,103.07590584500764,302488.40756171284,32.022294670563035,15812.480350925036,0.9982475981282717,10.237164312431528,0.5235317584793834,0.0
2646,453.62236465020635,0.1426379583960039,0.0,100.53832162925994,302605.53544962854,32.009763974565544,15806.425966914572,0.9997622675591558,9.847505473813184,0.5263976437577906,0.0
2647,454.66749442316853,0.14199555531773334,0.0,100.9559013892447,302723.0736689329,32.03343795974383,15800.689322814642,0.9962079087645358,10.083678247563796,0.5440702657446385,0.20901151142484764
2648,460.901711124403,0.13757069865124505,0.0,100.34066894542079,302840.0530625159,31.872679183082344,15794.876158626364,0.9941795796102385,9.804117320325805,0.5439948992973679,0.0
2649,459.4311957965473,0.14245086998366774,0.0,100.84339581923251,302957.5863369143,31.835848853355913,15788.671908417586,0.9942790298782198,10.341934123800765,0.5435386870073097,0.07736047703949822
2650,458.9099373575251,0.14890582717006484,0.0,102.35201791044472,303076.4871563804,31.865193372726697,15782.126591610262,1.0058149805479002,10.276195203160588,0.5437991490859255,0.0
2651,453.3950894637215,0.1449165310705801,0.0,102.9502007238769,303195.9845288228,31.976392651795113,15775.503913938996,1.0028543368963445,10.276977127542727,0.5439521587165596,0.0
2652,454.15598891448195,0.14485035020366,0.0,101.12572793873446,303313.64553949866,31.97054043555945,15768.64604296922,0.9967550795623878,10.292543577780613,0.5440987302304536,0.0
2653,451.8775548783276,0.1550640249533568,0.0,103.16325778482525,303433.2998046718,31.92699067154885,15762.257131961254,0.985713995730825,10.312279740563929,0.5437637266305255,0.0
2654,454.1421170858207,0.13904686884299888,0.0,101.50216918271802,303551.28302558744,31.9150529730576,15755.848166221702,1.0028417872270692,9.779212691102451,0.5444591396918282,0.0
2655,449.0699561892366,0.14676004560313827,0.0,103.93747448636427,303671.8138149983,32.033375929692966,15748.991504194577,1.0009946072701112,10.29753425197591,0.5439495983861897,0.0
2656,458.69324111644386,0.13880705507141855,0.0,100.17116491475461,303788.42053988023,32.01370956123321,15742.434207712853,1.019759822457989,10.393690310273138,0.5441234923339315,0.0
2657,449.35215803890384,0.17495358779132575,0.0,106.46894004551675,303911.44240623206,32.10236384500411,15734.856972829955,0.9918014243728122,9.178857218469878,0.5444108647442485,1.0566577884081205
2658,446.23070564661873,0.20055983550512135,0.0,109.45255490648456,304037.204871614,32.064010485655785,15726.688208196992,1.0015041577219321,9.169308231193485,0.5432958322998319,1.1040006399276159
2659,436.16454188802254,0.22688792479766529,0.0,113.62271177779395,304166.9774602513,32.1148462243414,15719.21379540552,0.9983085903972411,9.07033796033554,0.5422315226794604,0.0
2660,431.48268947001856,0.244432244793358,0.0,115.7008340011808,304298.6320520721,32.10762994502223,15711.514619099189,1.0114728344596187,9.110481154721505,0.5409354883816787,0.0
2661,419.3024836627573,0.26364436893116083,0.0,119.09391268362198,304433.83006040263,32.205149935259726,15704.098337713622,1.0209137528578396,9.125634257777953,0.5397560529759754,0.0
2662,418.94135353787215,0.26104361068158066,0.0,118.16916165642334,304567.88462360215,32.11125527326656,15696.277449616124,1.0121458148453812,8.939463273479399,0.53865566227595,0.2018417581591443
2663,420.3299655341808,0.25667346518717105,0.0,118.13260130557624,304701.87293187727,32.355590943241616,15688.752789889355,1.0272621546761096,8.629239026869373,0.5374041647957143,0.0
2664,417.8996960813767,0.2560468160798858,0.0,117.84552766718676,304835.58917365107,31.8441849850592,15680.504493333896,1.0187523868515025,9.256276599398564,0.535793383499806,0.0
2665,419.8908318458058,0.2501104405860086,0.0,117.26172123871042,304968.63605602627,31.822671185253494,15672.45728711069,1.0235443424446582,9.274573541486111,0.5350596170199386,0.0
2666,418.4651830418608,0.2503210312802121,0.0,116.61287898845796,305101.0742132391,31.875935334518125,15664.235393886831,1.038242647212508,9.29671293250485,0.5343865054160815,0.0
2667,418.05474904179255,0.2501226482370198,0.0,118.87874325550779,305235.76137923135,31.94139503011909,15656.459238945808,1.0291390904519389,9.312752604412331,0.5337758769419332,0.0
2668,418.50469620451025,0.24741622583213174,0.0,118.29420697543515,305369.86695095303,31.85522343519681,15648.61524083744,1.0181952468761577,9.322124963755172,0.5332168551909456,0.0
2669,420.71472069676645,0.24289242007019896,0.0,115.93196387699533,305501.6325214076,32.038390725689425,15640.94004265793,1.0240916373379823,9.353757263031888,0.532698391032183,0.0
2670,421.3858888903049,0.24108819880608634,0.0,-958.8690935822535,304558.6369831178,31.804326357376567,16350.0917662442,1.0288300354911082,9.360621108761634,0.5322466843867575,0.0
2671,422.86793044766597,0.2372976393914319,0.0,116.10484937671771,304690.5873562866,31.82001598084497,16341.70095902671,1.0334442547200369,9.378455506269344,0.5318269596035787,0.0
2672,425.69401725482885,0.2328409974416813,0.0,116.48931610004176,304822.9735865409,31.848999164313767,16333.652964094435,1.019048466302041,9.410742133453647,0.5314515268165073,0.0
2673,421.60575007153136,0.23428142561201837,0.0,114.99973924929658,304953.9157266002,31.890406791539434,16325.593743403075,1.0253425164088183,9.45150947037136,0.5311364909732117,0.0
2674,422.91811605358413,0.23053751282070456,0.0,115.29961033243825,305085.10722396383,31.785510903608895,16317.454895692732,1.0124700938040785,9.459158962114294,0.5308895692554486,0.0
2675,424.03720461812156,0.22750538762793993,0.0,115.3897242239966,305216.428329545,31.721200650967546,16309.616704183974,1.0205677018088106,9.460819543273184,0.5306653225540747,0.0
2676,422.18253516442024,0.22772093493925416,0.0,115.39468035000027,305347.76694143587,31.59774407164371,16302.46163142408,1.0257421716872543,9.490991406511656,0.5304550138665796,0.0
2677,424.855199725651,0.22389732712870547,0.0,113.00899592733465,305476.70216135733,31.432767037173427,16294.316170200851,1.0199519204198648,9.531426687793362,0.5302941082582384,0.0
2678,424.8658212559614,0.22230336430021347,0.0,113.12866376983942,305605.8000204706,31.407421860915694,16286.154912701975,1.0274138564821187,9.547290561289703,0.5301931352625983,0.0
2679,427.5799775658968,0.21743665951576985,0.0,112.72216463239617,305734.5009150261,31.384703708500332,16277.580910681678,1.0207084206604984,9.566341146097413,0.5301179059920472,0.0
2680,425.1504184535457,0.21934513789455345,0.0,112.92678828000064,305863.46364760835,31.491394137645894,16269.012026836628,1.0238298394580392,9.597789485880474,0.5300711645309314,0.0
2681,427.0674440164738,0.21631068265333886,0.0,112.08467484125626,305991.5527936395,31.560089089045277,16260.635931050658,1.0194231911189333,9.64230131292255,0.5300671998238556,0.0
2682,428.2295063639697,0.21356610541757015,0.0,111.9154463259319,306119.5047587939,31.525558480999464,16252.876440366606,1.014552156214635,9.653784612945678,0.5301204240292351,0.0
2683,426.1557478193782,0.21414502282087622,0.0,112.6139202550082,306248.1725861953,31.573325580724276,16245.752481470598,1.021286124335537,9.662033297770293,0.5301860559905971,0.0
2684,426.5014627573096,0.2123476953199147,0.0,111.66674622783535,306375.8746137456,31.419581946089238,16237.915716567439,1.0132690821734724,9.69547028903765,0.5302593641169634,0.0
2685,432.2362812168717,0.17467509110960389,0.0,108.29821560651398,306500.2108373583,31.055515185391847,16084.194227517524,1.007769993030224,9.715120828461586,0.5303719083661966,0.11416744875411666
2686,432.025407722402,0.16955089739924833,0.0,105.96203010833558,306622.90632678533,31.050705385113734,16085.207865006383,1.017830764240526,9.615372412201868,0.5304467325441854,0.25163627062753235
2687,430.0976073618197,0.19152949055575008,0.0,98.47173209999434,306738.17819468287,31.04951600521089,16081.011653640779,0.9881121298063928,9.14269265140652,0.5304115895312013,0.0
2688,415.34454238812094,0.2447749721924063,0.0,105.31016831627745,306859.8873569964,30.984376040983,16076.371867432801,0.9895805422189395,9.15575356067642,0.5297426520952201,0.0
2689,404.6662748018514,0.2728551136552857,0.0,109.39021809933485,306985.1226800454,31.00593240007377,16068.411668498089,0.9787426776820638,9.202353304830595,0.5291245287602868,0.0
2690,407.859884482616,0.2669585010764578,0.0,113.54004210262738,307113.9689431517,31.132690837453676,16061.566234134993,1.0043203852278888,9.25142480191955,0.5285972110299542,0.0
2691,414.60232726337415,0.2529950928961775,0.0,115.65740910164007,307245.0554506676,31.336636521111892,16054.345970501154,0.9957255737887898,9.27478698110871,0.5281592652262552,0.0
2692,415.6015217730779,0.24444244901390488,0.0,114.58535157692135,307375.3138047036,31.258947273977597,16048.075671889446,1.0043525400070596,9.293606946112298,0.5277735817234441,0.0
2693,414.16628473667413,0.24476400563375666,0.0,115.42007983911415,307506.4864551927,31.149408541539177,16040.992873683308,1.0075626699194211,9.285040801237837,0.5274317701562299,0.0
2694,417.60261731584933,0.23963489159371798,0.0,116.72760676315264,307638.9035091998,31.308787226101074,16033.26917717982,0.9944584316195099,9.289333966322724,0.527096885823021,0.0
2695,421.9274080557634,0.18340946481210096,0.0,106.01301665031087,307760.62603968434,31.181074852648837,16025.537972559505,1.008459296172056,9.300829022841961,0.5267848958537805,0.0
2696,424.7109289548923,0.22230794949505261,0.0,113.48992848156435,307889.96374014387,31.18826375496173,16018.049286596524,0.9963741381665081,9.316294699663915,0.5265037857499316,0.0
2697,425.05214334252173,0.2232590060985804,0.0,111.84203813671964,308017.70831673016,31.066714427833634,16011.24699500511,1.017503002552747,9.323342591003875,0.5262570390679805,0.0
2698,428.8056389991432,0.21383365492070394,0.0,110.70578105583779,308144.3379921533,31.299504736304467,16003.859928634867,1.0052753561006735,9.355092646597521,0.5260322489144682,0.0
2699,430.5666541732435,0.20755382349136486,0.0,110.26455480501289,308270.60837694246,31.20210882937844,15996.216116574069,0.9987331770733194,9.367297480648949,0.5258596445411637,0.0
2700,427.2082968910066,0.21003269624622078,0.0,110.43718340272659,308397.085228644,31.157455389860523,16160.393102449025,1.0142095564843168,9.37081969196948,0.5257118043876622,0.0
2701,435.9572900566361,0.19175882832706292,0.0,107.01106868091328,308520.04823406745,31.091438344843496,16152.631395192366,0.9989367051334621,9.373582490528614,0.5255764675284653,0.0
2702,429.13938791330673,0.1969865270092318,0.0,107.4471511422678,308643.6597338164,31.19993984225554,16144.807011648736,0.9982172513676915,10.205766729916341,0.5254520411311779,0.0
2703,429.8916832893873,0.19701220145386145,0.0,107.5408862257405,308767.268787384,31.075451403761306,16136.497694617887,1.0073476820441662,10.17966529487118,0.5263900582387838,0.0
2704,431.6897750281386,0.2012048600215547,0.0,93.06819976627928,308876.335325789,30.998754466379758,16128.15510980259,0.9302753972103392,10.160921785441296,0.5268196447695535,0.0
2705,423.25694886962077,0.22935111895075255,0.0,111.34962048801624,309003.59472041926,31.014510493269555,16120.039258802834,0.9803419000215513,9.396878224046924,0.5280613544205255,0.0
2706,432.13366820065636,0.2057818943120694,0.0,110.61016713683122,309129.799055499,31.236038883038376,16111.838918380292,0.9832541124135709,9.36356890240619,0.5278434269634259,0.0
2707,436.40998627305095,0.19629957116196117,0.0,108.3821175409792,309254.0307726173,31.055596942813466,16103.757681705112,0.9877732227078481,10.159150295518945,0.5275947623551737,0.0
2708,437.2654684098777,0.1883562574494233,0.0,108.25948643567244,309378.25492657506,31.248390261240623,16095.726673008825,0.9791514491588239,10.576530491374317,0.5283683227931132,0.6369225180112394
2709,442.186843374062,0.1768116172248213,0.0,105.00086381944168,309499.24309730105,31.346621948397328,16087.672557757023,0.9863142716574289,9.336938391434426,0.5297249124351049,0.0
2710,442.3004250876827,0.17340592453411163,0.0,104.63879864576732,309620.00658889307,31.25369472681016,16079.685456070441,0.9978355757949393,9.318638249529743,0.5293488322572704,0.0
2711,437.7312712430015,0.18101606671720472,0.0,97.49072846057015,309733.6261162045,31.00541969129111,16071.659851744278,0.9500342950749917,9.30619613739451,0.5289689900547657,0.0
2712,430.51801465040234,0.21338251710655032,0.0,101.37853690926275,309850.9616309188,31.07825972423933,16063.646073750644,0.9656459302106795,9.315528208898412,0.5285930122017253,0.0
2713,429.3642655969572,0.21802756972077142,0.0,103.68280643403055,309970.35258210695,31.049752456566424,16055.235099611655,0.971729947063448,9.329023770238564,0.5282483293947008,0.0
2714,422.722722261637,0.22713270368280702,0.0,108.01933865359592,310094.0242865171,31.056863619983908,16046.98189103191,0.9663398450710421,9.348736827777811,0.5279386504242545,0.0
2715,422.4865662419081,0.226781125203667,0.0,106.67945699474029,310216.18914115673,31.171297323273542,16038.584276272175,0.9910478694842642,9.318336814594169,0.5276701017858373,0.0
2716,430.1770319021962,0.21417201707775835,0.0,107.54487019890337,310339.1745759477,31.267140071328715,16030.188007775272,0.9944088429195354,9.29743926390286,0.5273770475548153,0.0
2717,432.89755545320463,0.19809845929536463,0.0,106.70170872860878,310461.55288676335,31.246608181522877,16021.796826716927,0.9833179689389024,10.204924247038342,0.5271467739420069,0.0
2718,440.7911879288207,0.1750331717289756,0.0,104.86758164513519,310582.2864814084,31.16472850539049,16013.410513116349,0.9748401908195178,9.251217984879185,0.5280797357714062,0.0
2719,440.8897441584576,0.17469637968290475,0.0,93.8168860030315,310692.17838330835,31.03397431652873,16005.198586913097,0.943743879968384,9.27181075109603,0.5277564339104153,0.864265839225677
2720,437.9800673805691,0.19178577268262997,0.0,106.00057993062798,310814.2382502155,31.183560516142993,15997.161577678628,0.9594630673456348,9.506002019033096,0.5276010169268434,0.0
2721,428.60781839777184,0.2145248346102031,0.0,102.6381545377875,310932.760886403,31.26149887293979,15988.793091164542,0.9541265417483485,9.341582910473807,0.5276256280045193,0.0
2722,430.02256428783215,0.2120182322989569,0.0,102.95058085519447,311051.1361175676,31.675881691232227,15980.564808706033,0.9515054667362108,9.340611909278339,0.5274409489661311,0.0
2723,436.1775450687515,0.20037564834655974,0.0,101.66047897675699,311168.26329201355,31.620436977344024,15972.205805597567,0.9290973335099004,9.33589679786853,0.5272648594231483,0.0
2724,444.3194915463318,0.17062200917015036,0.0,102.63452637127945,311286.52644160786,31.49816251789766,15963.844015569977,0.9431989100750467,9.53749328376178,0.5270921789752466,0.0
2725,437.3835958822056,0.19093628722342593,0.0,104.80041073601541,311407.1607766647,31.62549919311329,15955.500738541377,0.9479180011176133,9.639109407840087,0.5270461346295817,0.7278960005802588
2726,438.3708957991045,0.18776333820911717,0.0,104.21940142337836,311527.00073256344,31.738837162765474,15947.50273859794,0.9535017444585162,9.388324458152288,0.5275135997660367,0.0
2727,449.80789894499475,0.15567992163784306,0.0,101.24887155446578,311643.8963897789,31.511218306091884,15939.467417554768,0.9437746055331053,10.386292023788059,0.5273960574618142,0.0
2728,435.5699710109343,0.17703552064683659,0.0,105.18677721150733,311765.08679563244,31.83926957941005,15931.472428135618,0.9430425752199824,10.365514378558181,0.5282790024021523,0.0
2729,438.0434184412007,0.17440435974060875,0.0,105.03667231112145,311885.8202234847,31.6802534389048,15923.1381441262,0.9535055358370015,11.31602083975649,0.5277229057297981,0.0
2730,443.4803912892037,0.1553012528693939,0.0,100.06278264064214,312001.60462432145,31.54125677195527,15914.808565619103,0.9587557586410077,10.296761007252774,0.5288701009632495,0.0
2731,446.92161156944155,0.15337159784045362,0.0,100.37741395432748,312117.85951062676,31.589369303711095,15906.596213799967,0.9553944700265923,9.507012098665571,0.531330941564377,0.8080828073092476
2732,442.3728094845845,0.15999761072880425,0.0,101.44113159453357,312235.21355268214,31.591236318839204,15898.388398036202,0.9558458419462972,9.337815702372108,0.529909884034014,0.0
2733,450.98589612164125,0.14496233537098746,0.0,97.32664956133057,312348.35903383314,31.12598965358677,15890.185067556871,0.9462426342853585,10.366963330172071,0.5325776289233503,0.0
2734,447.7893995110381,0.15090414418039555,0.0,98.22498216536223,312462.66110783425,31.239683349333777,15881.986368039963,0.9683172865368758,9.322571964050292,0.5334489708248161,0.0
2735,448.9030842132319,0.15539193766026327,0.0,102.22650098853526,312580.82471219543,31.19235580913591,15873.792002992544,0.9509824258934514,9.326052679164208,0.532951994172181,0.0
2736,449.9652504390457,0.14526849743897496,0.0,100.10557070424244,312696.90856762795,31.083762405200336,15865.602161453124,0.9452584347118171,10.643453544406277,0.532484867836071,0.0
2737,449.017198055825,0.15146951894248017,0.0,100.46168897502554,312813.4029101179,31.103208669052428,15857.416692182058,0.9503192027418212,11.555075583107605,0.5337127417484402,0.8036868459997351
2738,450.302752271311,0.14172674216220016,0.0,97.5418349420026,312927.1086382643,31.134426941406993,15849.235720376824,0.9552775501942489,11.030109271598857,0.5361516238136749,0.4350412143653166
2739,444.40862441974997,0.1552265250506205,0.0,100.15904946477656,313043.4237662556,31.17776445394158,15840.950293556143,0.9604857210726437,9.410068945197215,0.5377482767726328,0.0
2740,443.36629774088925,0.15731277527963383,0.0,99.82818390282121,313159.4359313783,31.164111481710563,15832.669681913068,0.955121122230959,9.638550934092873,0.5362415834821703,0.0
2741,446.5651300120089,0.1554719246704216,0.0,101.48929192943986,313277.08084700664,31.185355898396654,15824.39385951576,0.9426808299336507,9.429696851046687,0.5362072613155624,0.0
2742,447.78335575706996,0.15111062707133527,0.0,98.31244281499144,313391.52392130153,31.036327889513526,15816.12310440339,0.959488386432607,10.701138368010024,0.5354443883439053,0.07296658957259439
2743,456.4390804751772,0.1284351759872654,0.0,96.67312535312114,313504.2666323141,31.189830659847814,15807.81502177242,0.9540037673859929,9.712589829299219,0.5357002852012279,0.0
2744,463.48029523101525,0.10787174061619653,0.0,95.99350675047722,313616.5086424575,31.167064329598908,15799.55385965164,0.9489882798747075,10.053854867900641,0.5355538384082618,1.6129415679822365
2745,463.8073851964082,0.10667858995049984,0.0,94.91535078359166,313727.8734650754,31.09217656912578,15791.297578089589,0.9447709311568606,11.108807244179792,0.5349680043464956,1.370488489977049
2746,459.0546381971384,0.11239395968691768,0.0,95.10481606461587,313839.43561045465,31.205894069282124,15783.046185602108,0.9509123932300628,9.783004995544607,0.5315421888927144,0.749594567561978
2747,459.75603011800126,0.11074759882708474,0.0,97.17749995016766,313952.9406700646,31.140722107212323,15774.799490182557,0.9471861035870587,11.71523361146785,0.5384466632320855,0.0
2748,458.37445562247984,0.11333313400866663,0.0,94.71948113794978,314064.0186154471,31.077848308376524,15766.557811378849,0.9601526474352114,11.684955882851122,0.5395957100754303,0.0
2749,459.14863078358434,0.11446433448980042,0.0,94.12916149045458,314174.4462013868,31.12886811660737,15758.320931045204,0.9578156120324491,10.553398429698111,0.5421571978939297,0.7356263992529115
2750,455.0401314218943,0.14527130791241427,0.0,97.87254673284468,314288.6427235669,31.15555094891178,15750.08873566028,0.9511201473412401,9.654994660981357,0.5454122587438921,0.0
2751,458.1906484419337,0.12229760733356387,0.0,93.95569543697174,314398.7823275418,31.29508128766644,15741.861292483063,0.9719063741858127,9.895725981460568,0.5447358866277454,0.0
2752,444.89263126890955,0.15197241275219886,0.0,97.81731727506941,314512.8714854847,31.147868593035433,15733.634192130941,0.9593116540894743,9.683010184834101,0.5443991036223856,0.0
2753,441.01908928393647,0.1408140869729143,0.0,98.51064452989787,314627.2516154301,31.185376531515452,15725.416387055491,0.9571469924033884,9.899446004975418,0.5438096193576677,0.0
2754,444.6802891167582,0.1549339677756909,0.0,98.83810625023247,314741.82875253184,31.238459570930416,15717.203276460332,0.9463001867847579,9.947607722537272,0.5435245440122546,0.0
2755,449.4316467351023,0.15788325268554437,0.0,101.14203251965542,314858.8488028215,31.015980686522177,15708.990870839294,0.9457353989041737,11.777672877370536,0.5433150883979726,0.04370249406382953
2756,451.750225466359,0.13733721908024,0.0,85.81686847864815,314960.7696695034,31.184891197860622,15700.787699620607,0.9002224471130355,10.060850825107178,0.5454440241215779,0.0
2757,449.0490045162273,0.14621850696141014,0.0,99.55192374283861,315076.4516927555,31.13247681840587,15692.589218141446,0.9386675076921495,10.12376430505347,0.5452816987855472,0.0
2758,446.3539204601044,0.150276496333676,0.0,94.7979152182614,315187.3402109441,31.105221219080054,15684.395369982865,0.9305823375232504,11.91159579943409,0.5452074795931605,0.0
2759,451.13908295906737,0.14663285391740144,0.0,99.66911538003902,315302.9411615052,31.303075822620613,15676.20639956805,0.9220606309536202,10.231264164656531,0.5474049040988561,0.0
2760,455.44372928610744,0.1391847771853365,0.0,99.75228411995975,315418.6700602144,31.202076306380718,15668.021985601279,0.9327215300578816,10.272444207061072,0.5395545991727257,0.0
2761,447.9047564680879,0.1466635506215792,0.0,100.98680409807895,315535.8004942458,31.2519353933966,15659.842576972118,0.9277723587648291,10.31348676619106,0.5476123868611953,0.0
2762,447.7232333760237,0.16344499797166645,0.0,93.88255622871891,315645.56225876464,31.049363300152386,15651.667861586222,0.9203918097950147,10.079991537773365,0.5475878420385918,0.0
2763,454.64614526676843,0.14502946848001197,0.0,100.90884671685231,315762.5140420554,31.085589619863093,15643.493787670786,0.9374486558753782,11.371029443603955,0.5472684275230741,0.0
2764,456.32814059522104,0.13924836383042816,0.0,99.13591508180882,315877.7942792345,31.160602453825536,15635.328730153162,0.9329736381947465,10.355741323931404,0.5477577589175587,0.0
2765,458.7177060399968,0.1341754366733513,0.0,98.92820083410786,315992.8011823993,31.03720102215842,15627.164203234492,0.9264133843079445,12.041233284010728,0.5486243859815831,0.6248920523634318
2766,456.05396423022523,0.13421540049249048,0.0,98.63144549643937,316107.59754775313,31.17532387782638,15619.008736587912,0.9393747645022748,10.558590404812033,0.5505444134959013,0.5778875690979248
2767,463.00848694256064,0.12157469682525435,0.0,95.96156228780391,316219.6190251825,31.203148917893973,15610.811467661275,0.938338007656763,11.94031113512036,0.5510529391771681,0.0
2768,465.15313425219784,0.11597673140942544,0.0,94.09812422250613,316330.06000375876,31.07030850100027,15602.588338511181,0.9448657342063927,11.372323195097685,0.5524606058710958,0.0
2769,461.8896392671651,0.12171076861697361,0.0,92.37166570104436,316438.7702330912,31.048782668301808,15594.447058942533,0.9424927301203405,10.4714142478132,0.5536051201046289,0.0
2770,463.24817247362023,0.11798100728013072,0.0,95.647288037598,316550.6373817421,31.06572791569729,15586.31046824652,0.954461182013025,11.827197247734087,0.5538648681055884,0.041375913482987414
2771,464.2436744856048,0.1185210079131982,0.0,95.69728498600642,316662.87601876276,31.075954040530792,15578.178692587288,0.9551155697315346,10.509073395834857,0.5554507190032829,0.0
2772,458.40390445962413,0.13393684515394444,0.0,97.71843588903796,316777.14589192957,31.10524179476534,15570.051645316662,0.9339550999410766,10.298664213680647,0.5552785512476093,0.0
2773,463.6223519004822,0.11858227593806359,0.0,95.0970777075326,316888.568433679,31.011556036547045,15561.929293819521,0.9497745035440652,11.057190410283974,0.5548480850901626,0.3137949959719215
2774,457.3947468907341,0.13214244248933227,0.0,98.63583278801406,317003.7461580247,31.425637064100936,15553.811741546697,0.940623179295741,10.33318725821259,0.5554467699513634,0.0
2775,458.74529690759545,0.1274857422737219,0.0,99.82162514515491,317119.81665273925,31.436908520423724,15545.79492299144,0.9442097094897904,10.628980427091316,0.5447660206934449,1.0918666952643754
2776,465.6161354116857,0.12093739336602694,0.0,96.72706547856174,317232.86570631387,31.422503613767443,15538.2850603808,0.9356002841897816,11.161268271005877,0.55572301655187,0.019709653867529653
2777,464.8507565987913,0.11810630618179363,0.0,96.15330183319892,317345.6388318607,31.36255590409378,15552.823177608505,0.9487113448931518,11.25223254215218,0.5563663745188291,0.0
2778,460.29677551477107,0.11438634401191072,0.0,95.68412399328398,317457.9120312157,31.358435177837347,15563.534278809011,0.9516606113517712,11.000492587027676,0.557089719590555,0.0
2779,459.4077692728597,0.11556420934272715,0.0,96.98614132320085,317571.89170631336,31.335880180420865,15570.810763775173,0.9445631506125213,11.438934667830456,0.5574571597951467,0.0
2780,453.8941869716899,0.09992939805123013,0.0,94.10579260505918,317683.05318144953,31.377082681029755,15574.811941210799,0.9607633907424081,10.93699233348219,0.5578650144404723,0.0
2781,452.5214155060475,0.10529626735705322,0.0,94.35383535788247,317795.6398507319,31.317358871784776,15574.141945561314,0.9541240686748733,10.894877214301294,0.5586094286627767,0.0
2782,450.983380597235,0.10780457733686277,0.0,96.91394645431177,317910.76414905256,31.314111086793943,15567.70429841086,0.9476949503619503,10.899399961997915,0.5587658822081181,0.0
2783,458.1077609257586,0.10495376752496677,0.0,95.69001649092789,318024.7064690633,31.342652742692103,15559.62868238398,0.9575828401628212,10.871868294256586,0.5589200353757199,0.0
2784,459.41092065410885,0.13456279022223339,0.0,99.21684179747491,318142.02910649095,31.466790982887485,15551.557567865402,0.9639949030243615,10.66939894921098,0.5590313419705879,0.575228964685369
2785,459.1707825992809,0.12897976521785182,0.0,100.38553542595969,318258.8519217245,31.526972796147863,15543.490987689176,0.967727755124563,10.652989706738188,0.5587312922375388,0.5840146576532987
2786,464.0578519705284,0.12341756432887041,0.0,98.7025091950083,318374.0568142244,31.406649565147063,15522.605900518174,0.9681345080202445,11.605795020418224,0.5588901674973649,0.0
2787,468.2043730259566,0.11329267206390214,0.0,94.839835373272,318485.4530630031,31.41466275324617,15514.54886805225,0.9630056030740416,11.553764444344337,0.5599329171275218,0.0
2788,467.4045389429122,0.11625695338315001,0.0,94.62596425161112,318596.70530582435,31.414127453256256,15506.49657065242,0.9650082831210576,11.163130306227755,0.5608569296859007,0.0
2789,467.1004864531721,0.11342004661148963,0.0,94.33186389057964,318707.6254813025,31.398589166608645,15498.468564001987,0.9588970138520263,10.378365896953534,0.5612386701370322,0.0
2790,469.07818819569434,0.11349868344799441,0.0,93.36216014595048,318817.5457661727,31.400286991084478,15490.440991696361,0.9666057923899222,11.111061361988769,0.5606055337734209,0.0
2791,469.57432436503893,0.11417280295163257,0.0,94.41971630852606,318928.59768776194,31.24856025189705,15482.418301014102,0.9554649984023103,11.392904310220187,0.5593164879652843,0.01518978440896035
2792,471.09939574672694,0.11506201010255412,0.0,94.09456569029139,319039.3087340225,31.2411527090358,15474.380990633705,0.9543287766318935,11.050676217861637,0.5603293341444862,0.0
2793,470.7732780549453,0.1206943590917735,0.0,96.46180458747602,319152.4193759262,31.22841487734302,15466.348405110008,0.9414264440572153,11.376426011204165,0.5613973100310451,0.010578185907942128
2794,480.8857676644999,0.09844218576242647,0.0,92.79347011774956,319261.83583440195,31.31854213020484,15458.32052621902,0.9523599202128555,11.372872515654691,0.5623823830415607,0.0
2795,477.7917152324826,0.10549165128964255,0.0,94.87886661851425,319373.55115969194,31.28253204409465,15450.297011823977,0.9429748923143327,11.352892184256353,0.5614191770835075,0.0
2796,478.243304370033,0.1075508651806526,0.0,93.18704192739033,319483.46298240905,31.329708018202716,15442.27818222682,0.9562402028918093,11.330356918205243,0.5619701918579785,0.0060952222045536075
2797,476.54134865085155,0.10906224436173673,0.0,93.94227953506518,319594.14921205386,31.307501756768268,15434.263925881345,0.9558760516629657,11.211693012820744,0.5636864972603821,0.05713034611370915
2798,470.0690458967314,0.12289258373130452,0.0,97.3638795449863,319708.2039458015,31.3010283195024,15426.290210387524,0.9430651444871098,11.043201692760238,0.5634618151887676,0.6235995422116076
2799,468.68046788698587,0.12097023422103659,0.0,95.78755508204797,319820.5119331323,31.355281850671027,15418.363115078186,0.9529009942392302,11.199448041320428,0.5645109200542878,0.4410271336390963
2800,470.44391827420196,0.11443760088990729,0.0,91.78632353893217,319928.8520543071,31.30584996174872,15410.440372164625,0.9520926034685357,10.572685108384821,0.5639958341753639,0.0
2801,459.4927834885839,0.1596503420935821,0.0,99.27586110989907,320044.7272254586,31.325284278165334,15402.525168039438,0.9410172002686358,10.531925612548681,0.5623688591307799,0.0
2802,461.7153054641379,0.14678442464772457,0.0,98.99259625710012,320159.93084945885,32.09384279355181,15394.610964604197,0.9468721518133458,10.207754982831487,0.5640425203230873,0.0
2803,470.621361932487,0.12965229873007178,0.0,94.30136626679756,320270.5281049485,32.12240397112015,15386.701113879664,0.9410989667456126,10.177255247306144,0.563048339241715,0.0
2804,468.3660094349277,0.13192410383942665,0.0,96.09572330190505,320383.0014902897,32.1126295298004,15380.005736986632,0.938220751890163,11.126981679295461,0.5620653721849458,0.0
2805,472.9690755751331,0.11530404021676033,0.0,95.20621227137427,320494.5284742476,32.10349350476046,15375.087325656177,0.9543667795894962,11.070302807635732,0.5623364458408113,0.0
2806,474.95684191961874,0.11267645654290659,0.0,95.21234292230943,320606.3045222961,32.070764614078136,15369.028832797414,0.9410650033052026,11.070957655161978,0.5615464838644721,0.0
2807,475.08699004761456,0.11163546979125216,0.0,93.44779009488448,320716.29861609376,32.13666895064683,15362.523167271627,0.9677792072157629,11.202875676650764,0.5615526359631473,0.24015502683372603
2808,473.2089438792726,0.11753936664607578,0.0,95.7304661777446,320828.70911185816,32.0719493632271,15355.898594533572,0.9668727059736751,11.236472318086227,0.5616754908242979,0.1462512962757927
2809,465.09315614818644,0.13212946934829994,0.0,96.75370695306952,320942.12534581305,32.09593234314683,15349.241566529146,0.9642087696751684,11.16372450402283,0.5634742287287094,0.17277332779460153
2810,459.4097354191563,0.13898580786405434,0.0,98.69070666834452,321057.28339766077,31.951481758556362,15342.253904346453,0.9539231999755832,11.256405272005887,0.5638935526082598,0.0
2811,458.4478946458158,0.15224252908063907,0.0,99.4522271737043,321173.15253258415,31.926736634670174,15336.168104901955,0.9624607362681789,11.211013444908097,0.5451438809477672,0.0
2812,460.88850958894017,0.14150101121489433,0.0,100.7406285933511,321290.1771253164,31.972674042181236,15330.125887402728,0.9405209108892203,10.841235931223435,0.5465582758988962,0.0
2813,460.9374599076109,0.12679714459024904,0.0,96.81139276222308,321403.5152422949,31.96513839348479,15322.81610438066,0.9586419413315296,10.520088911842477,0.5658816228058812,0.26974250173381265
2814,469.5989790682681,0.10753184265898208,0.0,92.75462894550041,321512.8703524278,32.3028967408535,15317.150956655862,0.9630536940172749,10.388511531063424,0.5641947391293134,0.0
2815,470.56653674699066,0.10125218544762438,0.0,94.24573918906052,321623.8923332677,32.36588462061792,15310.620885287755,0.9587679657599971,10.380326675113993,0.5448940118401937,0.39991508608909143
2816,468.33955234995585,0.10663336478563579,0.0,94.4520895833463,321734.9548189353,32.48187747814651,15304.723865532147,0.9519897448236089,10.635089634112646,0.54528179284781,0.0
2817,468.9431080470755,0.10614968019957238,0.0,92.19956083610609,321843.7298589935,32.46198994820155,15297.727756351866,0.9553766301660858,11.055586729340465,0.5434483164925829,0.061927123643037874
2818,470.96894877315526,0.11256950539760291,0.0,93.09485002069812,321953.3912214975,32.47190782408771,15291.617790070422,0.9558789084429824,11.0717265070384,0.5432027673962785,0.0
2819,473.3482250369873,0.10897578516572293,0.0,94.28207741066046,322064.1929220082,32.48624604868876,15285.392205137958,0.9467703135248233,10.780328526130981,0.542144345779323,0.0
2820,468.7339531724972,0.12007050965832244,0.0,95.61287971002812,322176.62108131684,32.543160441236225,15278.103565020525,0.9374363315075195,10.782267279612316,0.5404449110975147,0.0
2821,468.5695956647837,0.12663446319163352,0.0,96.40326633180686,322289.6510663822,32.628863827188226,15271.66471013935,0.9493702961439066,10.759575015026885,0.5385691707357398,0.0
2822,472.9558848766522,0.11330510363933866,0.0,94.41940340523917,322400.61868780357,32.592981192502464,15265.131065664375,0.9613335755221452,10.76635417358505,0.5388070710319613,0.0
2823,468.99259356939876,0.11904689766356269,0.0,95.62423463576735,322512.9535955319,32.66340981663343,15258.59190355235,0.9558277671299188,10.74921102955664,0.5366834770678061,0.0
2824,464.3742684630884,0.1247985995202866,0.0,96.03371079094642,322625.62348362646,32.489870059407515,15251.393105163097,0.9644085115586313,10.42001398969354,0.521931437599743,0.0
2825,467.1078366320512,0.11716329757491428,0.0,94.92169509474424,322737.01098747354,32.51744386621037,15244.87313899038,0.9672558078815939,10.554949418325744,0.5208796785274172,0.17783701373106098
2826,468.73733537683864,0.11544519313329049,0.0,94.23413310968581,322847.72045409586,32.49060548205611,15238.10761847516,0.9592420656820696,10.708385851579502,0.5608008991772301,0.0
2827,464.623339691218,0.12491043641759048,0.0,95.22197138936289,322959.4604070725,32.44477821816645,15230.474553659396,0.9730138316267486,10.697456596266685,0.5361567080665133,0.0
2828,460.28150755020596,0.13378623624654562,0.0,97.33624935949344,323073.2959297368,32.42946098321122,15224.508553753329,0.953239351637396,10.678140821800044,0.5509451024878587,0.0
2829,454.72364954248314,0.14498886994393423,0.0,97.89367664675655,323187.807236325,32.474410734242184,15217.686617196996,0.9595131930411549,10.661325625336069,0.5504004285225698,0.0008470916669516271
2830,457.7546379957653,0.13988299760270295,0.0,98.73456244120744,323302.65652868093,32.46310222197164,15211.292019225213,0.9506872178053122,10.900815618844828,0.5509976970680779,0.0
2831,461.0073488614451,0.12983877352342044,0.0,97.76631229536393,323416.5730418646,32.46489883342767,15203.753300661341,0.9548764817197058,10.645659713547449,0.5531624175439306,0.0
2832,467.0606372393801,0.11967217514754203,0.0,95.31524770783452,323528.18275829655,32.50673978705284,15196.765745254834,0.9668838901212431,10.412714677043379,0.5773909070026562,0.24270763380124194
2833,471.87800924001994,0.11231890026361901,0.0,93.52930151353222,323638.2166103313,32.46389160972856,15189.181357631236,0.9555148574658134,10.64547285542746,0.5760199943809791,0.0
2834,478.1905981564843,0.10374244853490822,0.0,94.03372719275407,323748.77150401945,32.478776598055774,15183.098004308777,0.9568108287924033,10.514179261825628,0.5611504723554579,0.1116041434600561
2835,472.817229363794,0.11197039703333111,0.0,94.84913240836849,323860.65427633445,32.5513166725836,15175.742568327567,0.958412301479473,9.782083822878274,0.5745285297192876,0.23366857528801788
2836,471.59101291573916,0.11984479518232072,0.0,96.32540715926754,323973.46601080656,32.54073258095391,15168.748192944742,0.9582789913487456,9.783969727985365,0.5724994128725844,0.23477644063688174
2837,471.41725384935324,0.1234785885681211,0.0,95.88359133129384,324085.9708948023,32.530769691471114,15162.29613905761,0.9613797056342757,9.996617472544395,0.5705746200809838,0.0
2838,474.9159514600132,0.11911865379751796,0.0,95.19262854245602,324197.8404517097,32.480563757741116,15155.055781763216,0.9574029823296074,10.608949167088753,0.5689126154041089,0.05927477512043566
2839,471.5210969654182,0.11695526000984413,0.0,93.98850125364417,324308.5046671356,32.4463065552906,15148.210141803265,0.9571833838411261,10.683621000005843,0.5682075488215029,0.0
2840,472.648221436205,0.11084182764039485,0.0,93.49881687077604,324418.7615594667,32.46742702371497,15143.17100512708,0.9539176917973813,9.98599558528103,0.5673930329411684,0.21839946717325276
2841,472.74076627284006,0.12206521349803423,0.0,94.15808361392207,324529.9301361491,32.391422856037615,15135.905571042096,0.9574813786567494,9.813931095642742,0.5662126067914307,0.22275198705643717
2842,467.7420661666657,0.12789247304579643,0.0,94.91889735940364,324641.4115816682,32.40140346035567,15129.415548737768,0.9696111514944122,10.367762395364158,0.5646675424353328,0.4797107830702778
2843,467.9706071686067,0.1305226300911967,0.0,94.68419194382847,324752.77378956036,32.40064609292693,15123.467840922605,0.9790252342747588,10.049960020603187,0.5619810559569228,0.04879470299669464
2844,465.20874252546923,0.13112149068159795,0.0,96.84127865566327,324866.40039062494,32.43540925888069,15116.688491158631,0.9534905489974262,9.823230452938837,0.5628238363164297,0.22333318680354353
2845,466.51945503378425,0.13763738513996449,0.0,95.25040300412985,324978.251486172,32.427106991560336,15109.638198488181,0.9700963000385705,9.789794522675368,0.5614321268652231,0.22508499378625402
2846,465.5047361244908,0.13400155244467438,0.0,94.7683280886794,325089.3109065915,32.425672253343436,15103.761130730727,0.9592202092462563,9.768873213307348,0.5600681374790446,0.22923451188646382
2847,465.30040994781206,0.1402477011234604,0.0,96.71876735144383,325202.7145649514,32.39843653729899,15096.655036580032,0.9464792078524968,9.758918242983707,0.5587467193971634,0.23089293638327746
2848,458.7172330837858,0.1438787223693082,0.0,96.1442989439099,325315.14206023153,32.41405241165289,15090.704279266814,0.9516508561672963,9.789022982855597,0.5574793022612625,0.23201346795170252
2849,459.4702755076709,0.14211327749007296,0.0,94.90471269788904,325426.5966259571,32.4322957601099,15084.359482649905,0.9612611488570287,10.538721433927417,0.5563139255056239,0.4609907668381368
2850,461.1637591310173,0.140381784924814,0.0,95.43809797638872,325538.51848577504,32.451608441816724,15077.663874572529,0.9568190119154191,10.036772224702844,0.5559264845186627,0.0
2851,457.1678536273588,0.148749569753456,0.0,92.12904596731623,325647.0602616571,32.378923071547135,15071.396714762453,0.9441838307152108,11.040891709694154,0.5548012095247692,0.0
2852,449.9251717226912,0.1724353422068643,0.0,95.47211982156038,325759.00613512064,32.414429336959266,15064.876023286273,0.9448456263954743,9.838164556186937,0.5547092074171939,0.21988903921267422
2853,449.4800172006038,0.18454643234376755,0.0,98.64729260047432,325873.8429951699,32.486841742616186,15025.984921271025,0.9427373486996931,9.817836097236684,0.5539546735993558,0.226223544768974
2854,453.49697110755284,0.16435965054591384,0.0,97.20440308831373,325987.3881405108,32.48245732226004,15019.85514847594,0.9590534246729657,10.094476785133168,0.5540361689992923,1.1973837248867554
2855,456.6893473470023,0.14877356535112962,0.0,95.27393432489828,326098.99571690307,32.474033815659375,15013.154318336703,0.958742199857286,10.810723850463736,0.5532258163123925,0.2647962074661656
2856,455.58161526155715,0.15050104600292225,0.0,95.89875592484192,326211.1633582582,32.4227960221908,15006.533805761012,0.9648947558899902,10.816295929318835,0.5538171588510902,0.22702453814098078
2857,460.67108835026124,0.14957210310054414,0.0,96.13486804902783,326323.57293351216,32.442511782923084,14999.33693236862,0.9539569230697967,11.040654023598796,0.5530659094838103,0.0
2858,464.049193901079,0.14094421939377255,0.0,95.11877795717656,326434.7373808682,32.46394295317636,14992.588028998514,0.9640948882754309,10.990129290337663,0.5548480020766473,0.0
2859,463.76267274776404,0.14150814268310896,0.0,95.63372452426044,326546.65245740465,32.458757760482065,14985.56371785848,0.9648720465287088,10.965812717823349,0.5531364299083767,0.0
2860,462.56388153391725,0.14219589844190306,0.0,95.69176821123298,326658.67157815717,32.43823495231326,14977.836592947353,0.9637021899006721,10.938480826702548,0.5555085994222134,0.0
2861,459.76714115176736,0.14478107358976922,0.0,95.76830606440487,326770.8823885784,32.79725892393231,14970.788552473165,0.9663938832290617,10.72322833162405,0.5542783259695246,0.19244397489154963
2862,456.0260923066105,0.1557982866742511,0.0,98.72844294586744,326885.9887012791,32.762647428531594,14963.588640209437,0.9626775809969338,10.910679174323116,0.5563431783251167,0.19147149017156906
2863,456.54080366652556,0.15109023899634033,0.0,97.60545982893836,326999.90387378866,32.87711523512013,14956.316286742598,0.9683677269824114,10.721826604967491,0.5566501294520327,0.19072723013213988
2864,463.42474594614106,0.1427410258183296,0.0,96.81981092048774,327113.02371788543,32.76681132641887,14948.587765624412,0.9611204343923767,11.122020441999071,0.5567017862700373,0.0
2865,459.8997836999987,0.14873636707583593,0.0,97.33081391431348,327226.74673750263,32.89467612156251,14941.14810143698,0.9617183768173734,10.775906211364639,0.5389168823131992,0.1787208693153488
2866,470.53811081366985,0.11824309440868253,0.0,91.85908411600218,327334.9277319067,32.67496591251203,14933.795202472036,0.958798293044568,11.96160028235772,0.5571083523262236,0.0
2867,465.83727845065187,0.1387491456620925,0.0,97.78291083010696,327449.3509432385,33.2044893562811,14926.267738879746,0.9557381404062424,10.893096603366155,0.5577027805595157,0.3147020653950676
2868,476.3348478425262,0.11568385982651341,0.0,92.42958532597346,327558.2123327798,33.186297274478925,14918.993614764673,0.9576791195723032,11.890238922804844,0.5574393610780886,0.17029259019155063
2869,464.94518301974534,0.14049025287513872,0.0,98.05324691682983,327672.9430989454,33.313666001381065,14911.736936328369,0.9633913611022596,10.916441360179114,0.5615307953993534,0.3116771623689516
2870,465.0689351735929,0.13457678085831726,1.1199277490423957e-06,92.78048143552613,327782.0131632399,33.11766517349349,14904.641193124195,0.9574830995241678,12.128756816589288,0.5616001726376411,0.0
2871,475.3760386411769,0.11772048849988592,1.4114448718261917e-07,93.20612501671872,327891.5396797129,33.32819846729936,14897.21363155373,0.9781934831492626,11.224479146788793,0.563232430433609,0.0
2872,472.0346604279759,0.1156973502230314,0.0,95.32263900255667,328003.37683778873,33.31443840303949,14889.7571459425,0.9566684636320532,11.200338953891864,0.5536488635679666,0.0
2873,475.60630367373506,0.10980150108102826,0.0,89.1241476271724,328109.00408175803,33.23906622683404,14882.345635518954,0.9623061424386684,12.242208273027495,0.5536948780128557,0.0
2874,480.3092322581017,0.10192809268809977,0.0,92.50922131608368,328218.0714921508,33.317120244131154,14874.660960360721,0.9590484164542624,11.318511298474755,0.5546627154401192,0.0
2875,487.08770035853564,0.08354462427326026,0.0,87.2676628054862,328321.97911779414,33.30655868472793,14867.176849170735,0.9604443688103049,12.337238151692665,0.5674301506315128,0.0
2876,486.44144357285256,0.08481785203588765,0.0,90.34856865367499,328429.2512248597,33.37591579354797,14859.702973392208,0.96551275962148,11.199051687141983,0.5692069977282733,0.17459961630067866
2877,485.59804157054964,0.08149714868745028,0.0,87.83872332270035,328534.1939523853,33.184910280510444,14852.08871447241,0.9653972143414206,12.397976774890827,0.5693009359438551,0.0
2878,481.4599569909123,0.0909692863353252,0.0,91.38085054849867,328642.6729324059,33.30668735993288,14844.684148608378,0.963736133015884,11.341364220103564,0.5708852709137313,0.10431105717796996
2879,483.42444044415413,0.08598937014259567,0.0,88.17341070429995,328747.7875764352,33.08303095872295,14837.22766778986,0.969549908671551,12.36496858514262,0.5710641999340964,0.10256258152542586
2880,483.79362587872794,0.08720703891644177,0.0,89.6625341930542,328854.4511201712,33.150392374733705,15038.037896740498,0.9694207016553468,11.423454666968325,0.5725318467046754,0.1033401305781787
2881,486.585977856691,0.07292306323657627,0.0,84.98410187090745,328956.42923610297,33.06764167300729,15030.657803794174,0.9687382171706606,12.56157414266941,0.5727309176683038,0.0
2882,487.77755414246514,0.07107608166268475,0.0,89.46295742285619,329063.0450700782,33.17635819272266,15023.117892214905,0.964775066822659,11.399789584834895,0.57434822912641,0.0990186459917517
2883,484.5724321941024,0.07345027568366191,0.0,85.95805739686367,329166.1493504539,33.03183715489129,15015.357423498039,0.9705366260338293,12.551873104053616,0.5744242361593387,0.03323476730857067
2884,483.8543379550691,0.07702052911731128,0.0,91.08319194555915,329274.3464730805,33.15329547095043,15007.83113835023,0.9660654237845501,11.571933660437365,0.5740534332528224,0.16257838915960932
2885,488.2453068708481,0.07026518758000089,0.0,84.11943151351208,329375.52456791495,33.027922895130075,15000.400964004877,0.9733265743615533,12.691450596697168,0.5762645068803302,0.06532120330330216
2886,489.13696478776507,0.07114222555208927,0.0,90.13754083380489,329482.7939560086,33.14883943044795,14992.962090355799,0.9569690807718566,11.609682110694138,0.577876033758132,0.09142517228528035
2887,492.44952832936355,0.06627316591256505,0.0,84.64882633097676,329584.5348187255,33.042344031239445,14985.591716931176,0.9689608929110617,12.72050561488563,0.5773987643117295,0.07741495344279414
2888,489.0766569731359,0.07344786441690754,0.0,88.03178799382502,329689.7672898349,33.17685031353365,14977.780472624454,0.9635835030074312,11.77899131386097,0.577761911727709,0.0
2889,491.1069979370941,0.06357242451789158,0.0,82.71557619349483,329789.53081433213,33.0516390867887,14970.045964642077,0.9745414559410288,12.741672705122994,0.578131521644062,0.0
2890,487.35764897182435,0.0667169463518712,0.0,87.33996213491895,329894.1630595567,33.16274674921123,14962.243800860522,0.9643824409016143,11.707900229009773,0.5815647137352471,0.0
2891,491.1104515545729,0.057207930228167836,0.0,83.74831264060701,329995.2107516275,33.05660569161257,14954.671871411969,0.9705602242776035,12.765621232947483,0.5781396513264514,0.0
2892,489.2753099416684,0.062468251171957534,0.0,85.75694092236873,330098.1943401641,33.148697082871635,14947.208244760786,0.9656628211678867,11.768796224094253,0.5781433886817073,0.0
2893,488.2996114662522,0.07059853542054839,0.0,84.29500327760155,330199.71654317254,33.052872777584874,14940.46335051257,0.9796485012710334,12.795157754693061,0.5777422141706564,0.02046253137597276
2894,488.57853314758626,0.06906955073777288,0.0,88.47180372761866,330305.37057572784,33.15575036035733,14932.977824300999,0.9509249000695001,11.780243285190249,0.5783152406798575,0.0
2895,490.35332674048345,0.06777296693466517,0.0,85.90924233091073,330408.48571113945,33.08542792981699,14925.269716320057,0.9700977272112211,12.852780249997794,0.5785818189550168,0.0
2896,494.3289054988862,0.05864584771958292,0.0,86.095973811959,330511.7913560568,33.219646892909324,14917.789042710698,0.9742169243290982,12.015569983715267,0.5784081772378383,0.0
2897,489.8485369034059,0.06917513316130564,0.0,88.31158828488962,330617.67736266827,33.17830857252771,14910.130498470113,0.9682074993979174,11.684501755292958,0.5781005992527326,0.0
2898,490.1747420876507,0.06831708996705554,0.0,89.81817636078034,330724.9023872052,33.26863988264573,14903.145995862502,0.9599461590212304,11.90773110215483,0.5775487929424937,0.0
2899,491.3378531419804,0.0662894974052004,0.0,87.46342360027602,330829.6945098739,33.25783874559567,14895.383565291986,0.9567428559234002,11.877015798205075,0.5783285530813725,0.05736999120524544
2900,493.42240958937515,0.060436807288033356,0.0,82.26209140215451,330929.39945502393,33.07967285577845,14887.697590023214,0.9737846384553306,12.709320266444136,0.5791472118128248,0.0
2901,493.571292753435,0.06070584292919823,0.0,86.50177452864716,331033.249262369,33.16490127052503,14868.620924933472,0.9612337245878998,12.006170288892847,0.5871077226673124,0.0
2902,497.2353323618884,0.050005073265154465,0.0,82.75807985985816,331133.36695567035,33.069974248467254,14861.301772111467,0.9635391553065101,12.814969729273612,0.5844734431147628,0.0
2903,496.27438757303264,0.05406059052351497,0.0,87.00941065000448,331237.8451889265,33.138777558187705,14853.751903597564,0.9508572832833558,12.068090416081061,0.58616458990654,0.0
2904,494.76765755131174,0.044425770859293334,0.0,71.72676808021376,331326.99701836315,33.07008728630677,14846.52811710146,0.940023778193903,12.875262463301587,0.5867357521602921,0.0
2905,494.11590926447985,0.0552453145341677,0.0,82.66185015059622,331427.1513637341,33.07123396482764,14839.15585424277,0.9599162146476901,12.569076459195065,0.5795210121063995,0.0
2906,502.60451091655494,0.04659753687129975,0.0,86.94669974242925,331531.5457066801,33.205345196080685,14832.000104858244,0.9529402164829959,12.274457176537812,0.5800752872017503,0.0
2907,501.09310527967955,0.046884999955115414,0.0,85.67554397865372,331634.7656157009,33.22631594483299,14824.610543895516,0.9601247773315724,12.092771741040023,0.5820895558109741,0.14293780406715229
2908,498.7283056108722,0.05342490906540509,0.0,87.55979920209019,331739.88531145884,33.19567110249727,14817.031257581135,0.9510660369396207,11.85151285132892,0.5846986020789351,0.32830346630742824
2909,503.86741510377715,0.04805200255482911,0.0,83.652985166543,331840.9980790765,33.09140477677469,14809.764175175962,0.9557520485597195,12.71285878486305,0.5843737987228351,0.2854470843506398
2910,497.1475780423035,0.05602475037580379,0.0,-254.01328187224675,331604.5190482303,33.198276400882435,15301.006888579428,0.9661566023246416,12.068186392138612,0.5853205864075302,0.15092767794170214
2911,497.54936804416064,0.0536908190345502,0.0,87.82939918984869,331709.7854575318,33.30963856795371,15293.314905371813,0.9500288062468547,11.743958416995797,0.5820839879734062,0.0
2912,498.6912661577063,0.04944602691324507,0.0,81.33984691613873,331808.6475779073,33.21513912162751,15285.61575732605,0.9745119963010266,12.563247207071203,0.5815083281707139,0.0
2913,496.6056524890948,0.05456511879250847,0.0,87.69013842041227,331913.9208321129,33.3289739542186,15277.655232538196,0.9618445424961436,11.86577667468949,0.5830753750254175,0.35197715171695876
2914,499.15355310363606,0.05051228962613419,0.0,87.09517047242593,332018.6093995655,33.28763189908278,15269.809328660793,0.9727470065597038,11.798406536043382,0.5961494734027883,0.4020108392130517
2915,504.82317666167967,0.048366806307810095,0.0,87.67913527436095,332123.9373341457,33.197000959989005,15262.284286792268,0.9659224024255051,11.732551136588281,0.5954604753442324,0.4324684226037405
2916,501.20893528742226,0.05875446188810285,0.0,88.22133253024526,332229.9070657516,33.19797411718419,15214.565594196865,0.9615692410873811,11.70283300013615,0.5943537347687701,0.4239411857576343
2917,493.9328329754229,0.07071821557667601,0.0,91.83292046375198,332339.303489396,33.22245931492707,15206.722703520012,0.959492821019269,11.671486831041035,0.5955910072543666,0.4544743107604532
2918,493.9411351241166,0.07096963474239504,0.0,89.13707546998293,332445.8459869642,33.23332085784481,15198.884255193314,0.9693211890379668,11.64606181063686,0.5957393871272558,0.4660236137842517
2919,496.262461144497,0.06522321828848088,0.0,87.95222295299851,332551.29695629986,33.19636871495515,15191.050335181157,0.973396031173363,11.632095356614602,0.5953506790027472,0.4451970917171266
