t,real_gdp,unemployment_rate,policy_rate,gov_deficit,gov_debt,benefit_paid,total_credit,price_index,energy_bought,e_capacity_utilization,energy_unfilled
0,390.6777155333652,0.8678548103664455,0.000134,277.2201140695398,5054.720114069256,126.80000000000052,11214.938506287153,1.2,246.69239242499995,0.02122577714529174,0.0
1,731.7206936223791,0.7422611582511103,0.00012529708910570097,615.5475419923941,5670.759298749946,135.4782764519168,13427.79521301081,1.2000000000000002,235.31927483956588,0.03945452094988752,0.0
2,1061.1140445308413,0.6086919001128777,0.00011799570063640306,496.63552630479984,6167.946905593957,131.3532848486845,14641.331357202336,1.1999999999999997,224.7361705531315,0.07818339259138299,0.0
3,1273.1191203075437,0.5168668130051861,0.0001121700474706124,507.5525473210903,6676.099816470324,129.79367488877668,15539.404773316859,1.2,215.15744630113525,0.07819767380202657,0.0
4,1454.4210722217779,0.43680649759696843,0.00010736475895862385,479.24560246596207,7155.9972529812185,128.89208508365502,16040.65112435647,1.1999999999999995,205.63816024243715,0.09379965007350964,0.0
5,1631.5978590515867,0.3556890040364621,0.00010348754674137919,457.0274375790246,7613.72443970699,128.2248610173907,16292.853910223836,1.2012075979464165,197.1531504461182,0.09382274527607833,0.0
6,1754.9359654761192,0.29781397767787954,0.00010050118324565408,366.42345291292645,7980.891444277529,127.49190836058456,16541.15189054541,1.2020643211738438,189.27222763411694,0.09384359595127577,0.0
7,1856.3084623650261,0.2486005883722,9.818895144528194e-05,508.8630848593359,8490.534234980256,127.23729589278433,16721.883638862426,1.2024661665344565,181.94279667311753,0.11149022321044064,0.0
8,1940.4509096965585,0.2058555860433079,9.641691041191428e-05,353.5197137719556,8844.883616932177,126.76106681033332,16885.315118408173,1.2013362870684337,175.325393883032,0.11950142633060337,0.0
9,2006.9400935637198,0.17252747727178064,9.515027804534948e-05,491.744768616615,9337.492815817428,126.60631560119748,17039.069076065123,1.201804872871988,169.3235792372494,0.11951675113052239,0.0
10,2047.234267068174,0.1503596558363114,9.420865953954058e-05,390.0196779602977,9728.424537532292,126.71589365547216,17143.530250306365,1.2017622944008832,163.26917303092435,0.1195394345079072,0.0
11,2106.3302991684777,0.12041564335294752,9.354711389596805e-05,321.5664091315582,10050.940964173233,126.65315140743738,17239.143633689313,1.2018853102939566,157.6349894531525,0.11955844194381425,0.0
12,2144.83869184271,0.10053890769329377,9.317001048017793e-05,279.26153617085265,10331.184313545938,126.99385305871046,17315.9222864518,1.2023265870849185,110.88939912403406,0.11957122308059336,61.471379467414465
13,2184.124920097027,0.08106023614024616,9.300603284020092e-05,254.73493887840297,10586.928829790791,127.93163036042418,17384.604760019134,1.2027823361053278,20.679036897928494,0.11957737991247662,186.478762077667
14,2196.6120289325995,0.07440509734580047,9.306719264503813e-05,185.4583780758157,10773.421124266853,128.4801865991067,17442.435073150325,1.2026652284934294,22.780271058743534,0.1196179872700653,187.99007138155375
15,2218.3870836460146,0.0644379399082029,9.317994514788042e-05,166.1218345327856,10940.594311934454,128.10977886583777,17489.52737923273,1.202725279559273,20.5666776546662,0.11961670637192015,188.9699074190815
16,2233.087525264134,0.057585285863382185,9.339685791572697e-05,146.46822290180506,11088.130332986435,127.98143754840785,17523.72356888483,1.2025565078554608,22.845054604117994,0.1196331163573517,190.41372374627255
17,2258.20733184115,0.04576301356318657,9.368400879029463e-05,126.4873330459152,11215.700429774808,127.91978925314032,17553.500156038273,1.2045685719981076,19.81451387402757,0.1196548952169343,191.50483569802086
18,2266.3472778217306,0.04251438719666223,9.411330445514622e-05,108.78726242826855,11325.58289456551,127.90593287990593,17572.47781270022,1.2059163310795942,21.390078191711332,0.12264768068879912,192.19183464929776
19,2275.190990850046,0.03917363580894362,9.45728591656667e-05,101.44911691150793,11428.139067220174,128.01609112125996,17589.560544004158,1.2042299902973133,26.772318180430243,0.1365012704228409,190.03828896269414
20,2286.846460200838,0.035075825573236075,9.50634346591095e-05,93.26394525665586,11522.521048612447,128.0018418427586,17605.406051208436,1.2056104487649615,24.162947100269086,0.13565704221019015,191.3970090591277
21,2291.8780535810906,0.033480371796326014,9.561372076536991e-05,81.54070104862893,11605.190529817202,128.16847210838682,17624.017155686484,1.2053142716936025,23.527843144025397,0.1325050275253557,193.49883874197147
22,2310.098997514591,0.025353378399105786,9.61757595726015e-05,74.23911484288448,11680.567190666825,128.1375054894984,17644.024868505006,1.2067915044258188,25.263949445841348,0.12939494351301178,195.692073131172
23,2300.6601579416356,0.030888063824726086,9.681897328084931e-05,67.39940612170574,11749.112420041725,128.09055885283274,17671.48186815837,1.207040582647453,23.627197911008242,0.12941978361412243,196.79511134167512
24,2292.4222194859276,0.035808398566964605,9.739749625997756e-05,73.6025273116677,11823.868324923207,128.11951211917733,17720.3105205607,1.205707025127991,23.454248879933527,0.12942228261483057,198.01129344275276
25,2308.0368797103047,0.028462841957314744,9.791817138838996e-05,75.78340343532199,11900.813604098335,128.00607223221596,17770.7968180523,1.2078594348896188,23.166258343930817,0.12946628593213405,199.66262503577983
26,2292.263925691682,0.036487126438726314,9.855113025368682e-05,73.9444861052853,11975.926700073192,127.98422937140745,17825.773495067162,1.2091047988952954,22.05886571415561,0.12946406902268187,200.19592699670864
27,2296.2506053879247,0.03701416159049986,9.914160098800089e-05,53.514101566543104,12030.616767022922,127.74273405537284,17873.184709818473,1.2083199521546206,23.812573768984205,0.12948262921746634,202.00221891486717
28,2282.596620107102,0.04364346061786284,9.974017576390368e-05,106.62775790178574,12138.413900874439,127.73194921970799,17934.031218211647,1.2083472019570707,22.75412853757346,0.1295034933214209,202.83123483109307
29,2283.9364880615262,0.043928435721894865,0.00010026289273671753,70.97798574787407,12210.57026720804,127.90940568469995,17994.698938899513,1.2091048544189362,23.351367630962294,0.12950776249980261,206.85699280132508
30,2294.269449129551,0.03975119514214853,0.00010079367302724527,103.20178104452748,12314.957672030072,127.96822045116537,18062.0365097739,1.2091557088086602,23.296807883029512,0.12951597502353954,208.00910169510507
31,2315.318755799589,0.029641753705529572,0.00010136368177221069,116.55974428792666,12432.711828786129,127.89955684764516,18127.89232859371,1.211548910413493,24.46726347120849,0.12953150822270515,209.69322475318006
32,2318.1022723378705,0.028086231803627015,0.0001020572030113116,75.06551823784048,12508.981762761303,127.92691196383977,18229.29975956447,1.2121331784760947,25.2290209700296,0.12953798084816853,211.39205275585053
33,2319.2108906663107,0.029498146600741793,0.00010274613667053721,68.28655548158105,12578.480738571032,127.91237040652366,18334.21848497327,1.210426215031689,24.0120653521072,0.12954591363200033,214.17867346351736
34,2323.426820897011,0.026891777698156205,0.00010341345138100123,66.78055087317284,12646.480603926579,127.90333126552764,18448.411617087877,1.2104176068971129,25.936639013368612,0.12955373426874078,215.70655659553742
35,2318.0087274676894,0.023503177793982366,0.00010410207422043211,59.14331733529099,12706.849614407834,128.32124208534833,18548.20875265516,1.2118358363563906,23.31546015701779,0.12956145003036432,218.63595318074016
36,2316.2419406086847,0.022161002706526545,0.00010482017269283889,60.37220092705479,12768.453496154267,128.33411990271762,18682.92985643647,1.2100602797827111,23.085956736852445,0.1295690512819712,220.87384686866102
37,2314.364503776082,0.024173546289080305,0.00010554575509536275,54.97859720811806,12824.66976190507,128.36985966683554,18826.318344499992,1.2110701532048085,25.00341470303567,0.12957654770823093,222.92706813425855
38,2300.5917487460574,0.030185622705243498,0.00010624307648311102,39.955515988977254,12865.868600570751,128.30445088094322,18976.404544873687,1.2105376351521975,24.260327322590626,0.12959133250584848,225.0726885332803
39,2298.665312499844,0.02999236504410019,0.00010686980164524514,67.41768266441761,12934.534210677435,128.29895690570427,19118.110958083336,1.209692717006431,23.272179773336738,0.1295972145805074,228.14896545864912
40,2292.246762695879,0.03294815882410673,0.00010749248449159442,70.30085094331525,13006.088909771104,128.3449611553771,19249.877804906693,1.2112974572130146,22.401079929794307,0.12960441258486768,230.6985031742957
41,2299.2853783611563,0.02968782434551165,0.00010810583276210016,90.86886122982901,13098.218197218974,128.36437864336463,19389.64138761556,1.2118673451446444,22.580000222450153,0.12962107541911494,233.74216423157515
42,2307.1708119587197,0.025667976990416008,0.00010874770189001586,89.46324702575816,13188.949960046551,128.48634054111102,19517.24274225509,1.211964214639018,24.624807545483666,0.1296247034652353,235.7244655955127
43,2305.7658300758394,0.025875487321194157,0.00010942595625137958,67.77183603698211,13257.998865050471,128.5083510367905,19650.43530692921,1.2131047695544552,24.220438304909152,0.12963136941058714,237.6240156427389
44,2288.7372542114017,0.02336467392335506,0.00011009534894974912,59.112282113935294,13318.39559783053,128.45284126618782,19782.94207090928,1.211830908972014,23.852162786632512,0.12963789459691394,239.9302143259589
45,2282.1412141974174,0.02449579040634553,0.0001107848778720356,52.53480891707966,13372.221278099898,128.5247664637014,19905.653293007243,1.2125075719728415,26.561752233679353,0.12964426624144818,242.61900500464128
46,2289.7400760364585,0.017328445708893914,0.00011145564850681138,46.131386598626136,13419.64920036735,128.51595184811373,20037.89055002979,1.2160672389872638,25.28674704389287,0.1296504869453667,244.44583814784718
47,2290.9373017987,0.015840193333035324,0.00011219610661983679,49.2088656516039,13476.962762850482,128.42768080762488,20167.513392700686,1.2135801246893796,26.549417667072415,0.13600761921372326,245.2894831852965
48,2308.253218714276,0.016633154675212758,0.00011294530198520014,-27.084162111308956,13479.031501207637,128.00834108639575,20278.785618942682,1.2144214423723665,24.162045518939784,0.13601396218426628,247.1564662933023
49,2311.839322235694,0.01866110151550493,0.00011367890345232039,86.88895119916788,13592.318856658945,128.0483935312384,20398.044014575906,1.2124156240180406,27.783070991180185,0.1360202949440282,249.5787850215173
50,2269.2130124585196,0.01942353267333763,0.00011438364183944771,63.270112904701364,13663.94014854705,128.12164006654072,20510.014783843166,1.2130286085721702,26.27078678268613,0.1360264499418262,252.57396623197081
51,2253.0654767614806,0.018166659299558297,0.00011507346171194297,42.7914880258549,13731.439624428844,128.12508143569787,20613.74978231538,1.214164403715497,25.40016614456389,0.1360323096515748,254.2147165062379
52,2271.3862151555136,0.022663538012041462,0.00011576996888836721,52.99763791771284,13820.977979127474,128.12978067290743,20708.929616226706,1.214116982670519,26.571266561947986,0.13603809661522082,254.86080353454264
53,2258.7586889132804,0.025015772224296406,0.00011641189800563214,50.13912435231288,13912.307450991862,128.16710834970146,20806.42811721869,1.214068850743771,26.750754815024475,0.1360438080391944,257.35374492694854
54,2196.70709435639,0.021712165230707403,0.00011702248869714579,58.38043321585485,13973.20648648751,128.21102564447744,20905.83439541615,1.2124215173436017,27.09942081974794,0.13786275948539273,258.6102876477001
55,2174.799837245574,0.016428518017580718,0.00011766216167835904,48.37680564799689,14022.93754361536,128.2552350146139,21012.918473750484,1.2152239258892061,28.17177925830849,0.13786793040307815,261.028398728946
56,2171.503446428338,0.017174825979393793,0.00011840165645405092,42.28455747504614,14066.581932336565,128.30729544765603,21102.473645869824,1.2146025125592357,27.039122790263153,0.13787254603195206,263.35734016408566
57,2151.4150485939945,0.015266585959735512,0.00011912607914277901,51.040071018376864,14118.986564341903,128.41721181339568,21183.42458564151,1.2163135119756765,26.763170485253866,0.13787708840427768,265.75911089541165
58,2152.3153401098166,0.01447466472780623,0.00011986379272572708,41.402882802098645,14161.758969022132,128.46782929063085,21268.042339582906,1.2147523701086316,25.384525768875072,0.13788141994100503,267.6318472534361
59,2172.0426426408617,0.018908934622619333,0.00012060282416581656,32.306053043942256,14211.246106586712,128.36473246401505,21345.164993475773,1.2157156519075514,26.364191697745056,0.13788554654503796,268.2109512531482
60,2183.0153007498484,0.029105852811443844,0.00012128756184911379,44.50810440910885,14311.254674755393,128.31325337329028,21417.72940641639,1.217525019987572,28.87728490223404,0.13788960361657643,269.2119353924834
61,2170.382765216591,0.02214133948535235,0.00012185710951843517,58.64644567674844,14433.810741257566,128.34965173806353,21496.001754951332,1.2161236762794032,26.590882160384563,0.1378937734021971,271.194420778145
62,2121.838694149104,0.022945246113153184,0.00012249494530838776,56.33581320899151,14528.015646492187,128.42768041808796,21571.29942082479,1.2170312126301064,28.945409782991973,0.1378977639774528,273.7999392912458
63,2112.057877381376,0.02467965789483717,0.00012311790099041445,59.80004056091718,14627.680945590515,128.47541077652713,21632.563298142224,1.2181469440046144,27.38120870061922,0.1379013628295277,274.74187890744685
64,2106.4936621108627,0.030601023390556148,0.00012371619375681488,53.50572819169366,14744.533948311153,128.54632515362297,21700.506345337282,1.2188190791014835,27.55526200531439,0.13790476901501916,275.1511399581068
65,2051.2836733455974,0.02624370335333892,0.00012424546801880924,59.50209573260463,14867.309168577805,128.540160616172,21768.9050506729,1.2185613032400415,27.793632710408435,0.13790817732475016,277.0739981906376
66,2026.1779289457827,0.021282672879853304,0.00012481561835335996,56.78271637966475,14959.459011296623,128.7166384280452,21853.966963958377,1.2193053807596197,28.673693499680034,0.13791132014192614,278.9132268052973
67,2020.4806088463913,0.015776690561288276,0.00012543276313603925,54.39778939749215,15024.216292055506,128.7001921205673,21916.205869440935,1.2180023138231206,29.43706353938513,0.13791400955833719,281.0328933508245
68,1994.0166890112237,0.015317379824637323,0.00012610234785774807,41.7854004739537,15067.457685176014,128.75327391754382,21966.04537102128,1.2187996998613493,30.16778685875061,0.14535175747927181,279.12771764107913
69,2014.3481680665816,0.021801629640347486,0.00012677028188021186,45.518479154475244,15144.946849377688,128.73921632041325,22013.67461433664,1.2159712415295818,29.70642916156018,0.1453538252414867,281.2535484454612
70,2001.8804716066422,0.026730311183876032,0.0001273627037481373,55.569736797189194,15230.874568445877,129.39909335576286,22049.624717584946,1.2209881581624047,29.42017695302692,0.14535590698358122,281.5413047032775
71,1992.9996084226286,0.02380517313469388,0.00012789987839476893,57.93966263945612,15322.030588756934,129.5892078791817,22095.204885080806,1.2193777924989702,27.830337564009263,0.1505475896206243,278.85929959311306
72,1975.7533423274535,0.033941371560391786,0.00012846267219980749,47.358996538448764,15411.075368008676,129.47964252782995,22132.568813669594,1.2173967703853814,29.93603838678459,0.1505492556210209,279.6280654274395
73,1924.828893403353,0.031030432264608332,0.0001289119241041354,71.14221518899723,15502.767977892716,129.64371516948626,22178.43607276419,1.217033105131773,29.0219190303808,0.1505507899486058,280.090096223662
74,1936.204151114421,0.03152075215630179,0.00012938732284928874,56.96027398009636,15617.724886316353,129.34586444894614,22222.786404544084,1.2195698820777752,31.69757985527483,0.1505518747535392,280.550787050759
75,1925.6745443723398,0.02839848258322264,0.00012985248745301772,67.04656016956409,15743.175525530634,129.32009619470338,22275.01919796679,1.2203436372963057,30.828469016722963,0.1505530225465915,281.6477783081892
76,1935.0487824126228,0.01875329040617668,0.00013034267846277658,55.491722437127294,15856.691604925396,129.48203149403255,22309.21898517771,1.2191094977402708,31.41773066164439,0.15055393464644198,283.881957998973
77,1898.4708636912642,0.020427218189538854,0.0001309336433525095,39.2312289814854,15953.926286823065,129.6276545770236,22352.067702491393,1.2173923252693009,27.748694525369096,0.15055454297551454,284.5306271429227
78,1895.0045707953436,0.025193223086530825,0.00013150091661204085,46.0397472251405,16056.866977505228,129.45049740476537,22399.00858027148,1.2174457493596846,28.20495410843655,0.15055493716184354,286.3430475933295
79,1847.95176085035,0.022987866702803506,0.00013200841842439038,50.08589435605808,16164.060849603624,129.1769742524171,22444.824610090876,1.2251199444954393,32.60866786945668,0.15584292813452538,283.60840646617726
80,1864.6412628535074,0.031029517391569783,0.00013259694229306233,59.84512270883789,16279.91560041327,129.2690523088121,22493.905831757504,1.2269781418748142,33.25656307499878,0.15584198683162026,283.38256891101935
81,1841.9655650261743,0.03708644336371825,0.0001330939067827997,8.109110662687328,16344.459330275935,129.0990432225198,22538.17141821704,1.2241266972230493,31.16289473064863,0.15584107391888433,283.4577457404971
82,1823.2169762408707,0.03952191446670794,0.00013355662500660873,127.35317125789288,16527.53854858905,129.40516710987328,22595.02360921102,1.2251151871601134,32.10259915798307,0.15583960338386021,280.8593755447473
83,1831.7808480447154,0.048264843043190786,0.0001339883313726125,96.81212037465866,16679.439074531896,129.8680087301998,22650.68678894467,1.2236925385117212,30.95524234963906,0.1492565106655533,281.9945741654467
84,1852.5309343617907,0.04981170365264409,0.00013432215586254263,111.14158918656744,16845.701689334383,129.97270691669715,22698.596721419533,1.2279511669674514,30.49491180058316,0.14925525879647486,280.81631738452126
85,1809.4310845237096,0.05821912661362494,0.00013463541340395384,114.23262505748295,17015.816955335296,130.55044371085603,22732.245195122,1.2294791605724589,29.27630169143899,0.14925381199055726,278.72430381390063
86,1767.0776419500926,0.0563098867102898,0.00013485526875057943,118.67754031842958,17189.255651434694,130.8769636797753,22769.258896680854,1.2293975190330686,28.991090369277817,0.14925222085685033,279.1320735763293
87,1817.0739498495368,0.05400116545408418,0.00013511709973777818,117.169892400148,17360.131025205803,131.28203643094497,22805.625746876274,1.2323808830327314,30.964768402914448,0.14925010039342135,277.1343499934487
88,1792.9296805967324,0.058870132880621484,0.00013539989970325306,119.62688682821022,17534.46179540476,131.66806619365693,22835.72499379686,1.234294410559807,30.695797578423164,0.14924790000382274,275.45344290224625
89,1769.8889272669633,0.05673831532974427,0.00013563077367753006,114.80590447984315,17703.3114853254,131.55558813414632,22861.43129025221,1.230053431775371,29.3607447471251,0.1492455039303905,276.4659698588879
90,1755.3642567520565,0.05002147210214647,0.0001358810104172439,118.85936584641217,17875.50929405157,131.45369994521943,22889.162258575638,1.2333406470125539,29.717389033187526,0.14924285102388407,279.3208691359995
91,1738.6690065648197,0.05191097624809582,0.0001362413118998122,103.63884181459844,18032.096601229357,131.7474483227623,22909.67563915381,1.2421584983959844,29.60739109206945,0.14923950030248403,277.86580307468176
92,1708.2154418356408,0.051088361183392994,0.00013657714419590484,109.11834869394761,18193.46961685588,131.8366602597846,22937.562169609588,1.2408459185831153,30.197496410879495,0.14923618494309437,277.6004837613864
93,1664.4188491306732,0.048073958009015816,0.00013691757897100988,99.21861951856317,18343.739451780108,131.96680506796767,22957.79861967921,1.2478747448817336,30.08763750720912,0.1492326453548118,276.77686705143117
94,1691.355993382362,0.04945102397311696,0.00013728592923189787,106.24606933857166,18499.862636999485,132.45334798607564,22979.79166885402,1.2697985654435444,30.619473381645943,0.149228860862159,277.12750597235436
95,1711.453110763144,0.051851401795923846,0.00013763526788924133,112.03916958779672,18662.655312773386,132.73359169671565,23002.644755921883,1.258781524956386,29.343009350418498,0.14922485202102792,276.868431703948
96,1732.0140656518533,0.05506245880516736,0.00013797500947845218,102.9144102357111,18817.202742430854,132.72650787419775,23016.703201409637,1.2763177874647902,29.75825815779504,0.14922046368953965,276.2714910173073
97,1616.817035432221,0.06585589615258236,0.00013827648005308537,120.65556009021645,18989.830112213676,133.6419202499455,23038.63958036186,1.283514773039643,28.24857542510776,0.14921599281178596,272.8488771307162
98,1537.5982823222187,0.06765260013477659,0.00013845933031718995,58.66832476155025,19097.553801195623,133.40034584213214,23057.47170651293,1.3257895351724052,29.983442915832207,0.1492113761939026,270.99304114685344
99,1535.0859222416943,0.08401894296122348,0.00013868185272366312,151.65898365947737,19295.757893414022,134.24941755435773,23073.429759339673,1.3334061998227729,27.737671923011412,0.14920587763096219,263.9255321407531
100,1496.905282906125,0.0841415174043958,0.00013872676630990728,159.21960061134484,19501.520125791554,135.0585727388408,23084.900118017635,1.2496063052004855,28.444846408456808,0.1492005097114792,263.92826750292176
101,1522.6118965165997,0.07714964034046723,0.00013876825798010255,143.56806835035223,19690.804990226763,134.24673817628147,23081.98148023652,1.2500766940838044,31.723033896817174,0.16652960758036994,259.6720107326894
102,1552.4825762108235,0.08119113689160906,0.00013888461498411995,155.44982771647943,19892.75522357729,135.00607577166502,23080.58329896943,1.2467464628587934,34.69215462695147,0.16652261312435598,258.19526157870433
103,1594.2676433457007,0.07270345658647359,0.00013899997353683093,149.52557473792194,20089.601241448414,134.93163918832474,23079.498832697358,1.2503319489440978,33.814542581822366,0.16651497709090005,257.24430025571843
104,1618.4374081498192,0.07313646844774402,0.00013920290829587403,133.77328417150443,20272.16655911019,134.8752046302112,23076.0992751607,1.2534388641248406,33.618346533885706,0.16650738345004698,255.58043999290928
105,1646.7985918820777,0.06447463747619597,0.00013939784104380609,129.52879626727088,20450.89287666367,134.10373900049078,23073.006233370274,1.2478389932728362,33.038286991265544,0.16649969765138295,256.9689271506447
106,1659.7664268949225,0.06272633143282891,0.00013968160524332812,128.15654164115688,20628.707648137588,134.2323333066492,23070.891226026088,1.2565673991438033,32.653824962978206,0.16649185947038914,254.42473229303246
107,1572.3659901363214,0.08334692073646655,0.0001399789369740082,132.9420501399536,20811.76855646549,134.89538983344943,23068.03827604951,1.2557226587382528,33.859589299189295,0.16648393666539754,251.94852664250948
108,1554.954893154305,0.0787074255661876,0.00014005276595316013,156.341680201592,21016.03283094395,135.2889372236768,23067.022676153363,1.2553992428515,33.23756210562868,0.1664760275033662,254.6687716815735
109,1546.7868746880297,0.07669240013818424,0.0001401735615964224,145.74599292639908,21209.24514766401,134.7272306144488,23065.6147745211,1.2556977527698467,31.02903999102251,0.16646794813162621,250.5512208965436
110,1494.3952009491009,0.07813093142289562,0.00014033735877699721,145.27958260189712,21401.615546272093,134.58350479449936,23064.61892345849,1.2611658931253573,30.162201011377466,0.16645944117094796,251.2734129728975
111,1474.6474173939762,0.0849512237097535,0.0001404827294396966,145.37226699093696,21592.92862108027,134.92915127175078,23061.805308322113,1.2655943811979842,34.657031450738636,0.17097783269214556,244.60425608460474
112,1466.332914525559,0.08271098132143573,0.0001405525552527978,152.52130836324898,21790.80530837964,134.8853124096801,23065.14195018292,1.2652682464205292,29.64888608339239,0.17096927323212688,243.73194854137228
113,1470.2312756831366,0.08240188719600083,0.00014064381800313463,156.15294655209738,21992.06500831163,135.27720903484828,23065.879706161686,1.2731910628146177,36.255511030066,0.17096061733534348,242.055178507508
114,1484.242893167374,0.07833786391153519,0.0001407492914544602,150.16861314553705,22187.48163727117,135.34127263549667,23063.174323168416,1.288848342057948,33.80764955198845,0.17095169860279025,243.92514742156575
115,1444.7860812814936,0.07667473300524297,0.00014089531743046135,125.4110812211548,22358.568924323714,135.38397064367325,23060.161371460516,1.3090028358884367,30.909713461142854,0.17094273362583445,243.50498605033047
116,1436.2529613051593,0.07454072522066812,0.00014105655964539627,124.33603774617325,22526.696535651463,135.30811864555983,23060.463162925742,1.324837540898554,35.51650523891116,0.17093367759192285,244.66119682398107
117,1417.9711915674225,0.08238742054029347,0.0001412612410301052,132.60808935792255,22703.052763163378,135.54090142221125,23058.9107705349,1.3332575782033111,44.02887890268418,0.22444368488712485,228.08483447495166
118,1530.8453689103735,0.098893753276315,0.0001413789553794362,111.06123809540918,22857.74009849916,136.4223443123121,23060.064179019497,1.3282716014481268,51.68303672093984,0.24508643248781062,218.62131838932063
119,1601.667646218436,0.10530979085567593,0.0001413182287537232,222.1939038775035,23126.74934408017,135.95471434162155,22841.241640861153,1.332377487599119,45.360197415620235,0.2270121655872521,221.32823512899915
120,1558.4443378041917,0.11064848416377382,0.00014118778169087815,-51.58657200156824,23123.766969767144,136.55414743870915,22842.973105594756,1.3456820275847476,43.1279059008097,0.23433600345412361,217.32825852191124
121,1583.6741775091555,0.11838856173584023,0.0001409996106483768,409.564443580951,23580.796190853656,137.21162690755924,22845.32101271175,1.4343435643879114,40.0548671101796,0.2278146645951997,217.20225937153958
122,1589.886449701252,0.11745932505965861,0.000140728607232089,14.259688705202848,23643.315332981943,137.16955689351522,22852.14427895158,1.6006914208885406,42.53796676120783,0.2179097420089708,216.80689783595696
123,1567.4978295213523,0.11009315642388395,0.00014049411077081614,429.9941184609594,24121.64680763144,136.56753305562563,22850.95145638488,1.7033382719287347,39.79868622206322,0.2166706539586237,217.01171444060327
124,1664.121441973937,0.0991112668651275,0.0001403378214294062,-0.517380642238777,24169.069663466064,136.42011933810025,22851.905718211674,1.573185919430897,44.34394771530873,0.22277149340172367,215.864734978437
125,1699.0233090017482,0.10457696471516498,0.00014031644159441097,202.9113767017842,24422.913698428787,137.47219579435546,22863.647447590967,1.5022605936826892,43.860764830931075,0.2184161489010835,217.8361391528334
126,1702.1835431181723,0.10164508056830923,0.0001402350897792114,-162.30177222676105,24312.649594934177,137.78198838680882,22870.426094840386,1.2970003828182122,43.91960978982027,0.22032679077765835,212.02573458908188
127,1615.7448350222187,0.11847283430371192,0.00014016826370497821,-17.38419744054977,24347.904294304833,137.52227881240822,22872.914158972726,1.2958039052903043,39.70631445467934,0.2163680426842425,209.1294384631812
128,1652.6820135245277,0.10653666404078765,0.00013994565059944236,48.981152927307846,24447.24004585787,137.63533373481434,22877.73148056568,1.2966297215486218,39.1970004863704,0.2059593275020961,211.56342860252735
129,1534.7848915269976,0.10232981115353545,0.00013988194364666695,-20.13858796841609,24478.68044672752,135.8619532004896,22879.50486935778,1.2949308854231167,37.5913326274009,0.20594667932258218,209.14592737674678
130,1614.495391136547,0.0968603979732624,0.00013986143831226837,17.41678552193065,24544.47976294782,136.54130868175082,22882.393572929977,1.302982737333897,46.02895551931774,0.2448213078003647,196.98060033584883
131,1700.5935047229805,0.10302148266467659,0.00013989688467328082,24.34925792494738,24619.362404813965,136.50327193895853,22884.88404012564,1.3064864755850638,47.9702300142393,0.25337535569498965,190.06192195134423
132,1714.2888493002856,0.11517983540219823,0.00013987673365585274,51.96371281238345,24724.201008975986,137.59506135528244,22881.929855292885,1.3048860251806527,50.62029139713867,0.26238691716281304,186.05996120581443
133,1619.9186080220331,0.12049887435807938,0.00013972531645465477,3.322365828190584,24780.554284026446,137.32449805795176,22891.48882176753,1.3104011219652114,47.265539728054826,0.26232767126162015,183.92591267118289
134,1597.5891834350637,0.11484172735043718,0.00013951640489479113,37.880769309400364,24868.845256533412,137.56587303071342,22894.17821216494,1.317530863029041,50.187148684759386,0.2640181357544341,182.42657120954033
135,1661.9814796238784,0.12214069186567689,0.00013936722644809386,71.89423312080663,24991.365426236207,137.39359196217467,22899.6107912431,1.3267278363174468,50.59664431836295,0.26580915977427433,178.43710938826524
136,1700.2435707296893,0.11472875221219725,0.00013913947800495128,119.55717955283012,25163.729180652237,137.777879079637,22907.620573749773,1.3242809898468877,50.47625721664119,0.2740303191875371,176.32591912585224
137,1660.9860911341636,0.11459918229497312,0.00013899004272743495,95.03277339446794,25312.798530667373,137.75340792033506,22911.933274222003,1.3252320330078238,53.266688071948266,0.28520992046025245,170.090680143893
138,1676.011645517697,0.11595351149365873,0.00013884108722645716,113.82608818797121,25479.345416646152,137.222606894143,22917.52774169588,1.3209577121854261,50.80659699892492,0.2871266669328007,165.90084892586742
139,1709.9343051353678,0.11383546400146882,0.0001386908428480541,134.14716094958902,25666.70017149027,137.0420866446873,22932.164516501518,1.3201923088779248,51.21249156698123,0.2917799201842268,164.10424452163704
140,1662.5909515782387,0.10690077437063183,0.00013858258782153697,106.14880239490145,25826.86341126919,136.2188821749317,22948.965512823375,1.3171309975574337,52.56865542272868,0.2901787014188362,163.1160396868685
141,1591.446080015979,0.11737036751604424,0.00013854728700217112,81.93810294481221,25961.108015172198,136.82030683964916,22967.72293582418,1.3220563463635215,53.68827594678306,0.2995609133624348,156.04260104872367
142,1634.4140257135666,0.12146367755241294,0.00013843262375838868,134.3439149623316,26145.797802436726,137.2480158894171,22979.338675745654,1.3247564829539604,51.52152085339033,0.29026005684013756,157.03324451895634
143,1661.1356756811374,0.1047513488949493,0.00013827466457554734,114.19774863952824,26311.898258980335,135.952183033785,22992.124814308787,1.3249233317021263,63.8761729650206,0.3401818334394159,144.783461624633
144,1720.5936353873644,0.11393487240512556,0.00013829166600347488,173.0585061887519,26537.935859640238,136.08986315753253,22994.766537718813,1.3236387524767186,61.09377421590902,0.3410608562467051,142.09743754740094
145,1705.095285951735,0.11717238125966267,0.0001382093896835762,195.6391962992107,26788.374406974195,136.26466424197574,23000.486969294463,1.3200613001680612,60.631267401188516,0.34571832526152696,140.3354517412479
146,1705.6464671423762,0.11026247015474278,0.00013809133133913342,217.56682291738502,27060.458534531084,135.8108700908765,23005.144008625964,1.3252110006371975,63.281627794340395,0.35068097001338683,134.60062315961127
147,1758.0439494838672,0.10335530520087288,0.00013804519223316902,235.574253779314,27350.9273235451,135.29955055750423,23006.648034739537,1.2919291594830091,59.95461911200139,0.3487801279370388,133.33075261610318
148,1727.9195265511205,0.09526274507337007,0.00013807099311705085,215.94665382398523,27623.738390500053,134.92810062503554,23014.96988040629,1.2923328043740503,67.69237912307493,0.3563418751555746,134.4364428285217
149,1726.510889836425,0.0932343082931586,0.00013818044025513897,201.994588204305,27881.53385805867,134.33517402282087,23023.622669357046,1.2918303084476148,66.40588743550082,0.3523347987461237,132.3949357986562
150,1720.3732152848195,0.09143267910521191,0.00013831736666113355,196.28315957211862,28133.587550262113,134.08862135694625,23030.38808338912,1.2875366752521773,63.833161123841286,0.35289626340908103,130.99210957375493
151,1671.9162174200155,0.0978586162059275,0.00013848986348420113,147.16770814856193,28336.608529705667,133.8961104507409,23040.46522897556,1.2930188818838773,60.866439587487825,0.3519380584433724,124.34310796182415
152,1699.2687286411513,0.09115717460546546,0.00013859051395888255,236.5512841707485,28627.610647997757,134.0328788959712,23048.718596967505,1.2907198735464036,66.6622519913481,0.3780180956229732,121.80716500761329
153,1744.1838008211328,0.08581970462774091,0.00013875954353726946,196.3308266125705,28878.869122254557,134.26349352053475,23049.566301453968,1.2909245567169945,64.79503721802398,0.3644297815414465,122.92968855069431
154,1720.652323664649,0.08320832786133059,0.00013898659305178968,181.7870714380757,29117.451465967253,133.9062667318015,23049.582680349227,1.2932428326675383,64.19949651955564,0.359893555885134,122.95851609597472
155,1655.250034419076,0.09914423254201621,0.00013923754207375913,184.1531969885001,29357.70255981328,134.2818034353958,23051.232996752668,1.2943728621478419,62.141792472310904,0.35784633443295155,122.79578202364355
156,1672.322574102215,0.09127390700088711,0.00013931486999625765,197.44123372806968,29609.112332062556,134.54173668791648,23056.7675816214,1.2947605233294806,63.96856921175377,0.378109407156546,118.01078786070492
157,1665.4460129055076,0.10421073088800448,0.00013949820469409024,-60.27325401273623,29603.47107281391,134.51998906646284,23061.744575599394,1.2936804081938684,62.868359810027435,0.37366569428378804,114.86263187005103
158,1636.2260071983242,0.10371464658631979,0.00013954115599056402,402.6783655451353,30060.527906085357,133.36649894855194,23069.327442559963,1.3225567677206505,63.21298246336397,0.3709113418321675,110.33722000214516
159,1651.2195892599816,0.10830935547569509,0.00013958556804948667,268.1960214100055,30382.379705872143,134.47543320334228,23079.18850875945,1.3043971168627346,68.32694800830834,0.3736639715040776,107.89787634747992
160,1695.3436700286782,0.10646601184735816,0.00013958220625747303,227.98104177636554,30664.335387830106,134.27299132947672,23087.133533709326,1.2881312903563449,68.91292801412114,0.39086560339090637,102.64142040460075
161,1699.4032157115314,0.10535946492753756,0.00013961428026685249,219.94378547814728,30939.705964553417,133.90207156426854,23091.39144155784,1.2841063107268975,71.30712167181369,0.3878618500244406,101.8122309833474
162,1662.7138676276402,0.09695980925700798,0.0001396558303623642,211.57907392131182,31206.774546799203,133.50969118508493,23097.12140448312,1.2897116863369713,69.45513432205875,0.38907133140703415,99.65471452097125
163,1705.9767369400304,0.09529208866686534,0.00013978143641842894,200.30298387463108,31461.3866710706,133.05889206482445,23102.19171555392,1.2896701633789593,75.57644943739015,0.434143639454589,87.64858468154198
164,1662.0173287419625,0.09436551540818139,0.00013992501229090937,194.23422011698557,31711.45897733449,132.7998228800529,23108.642893671906,1.2859930373654078,68.18074180624542,0.41789696595844733,91.4208045674793
165,1700.234104681464,0.09322381485565678,0.0001400884983463556,204.95891575647465,31970.873428453597,133.2568122955984,23112.344347746286,1.2833764458631587,71.07263026983637,0.4137105480119914,91.78764149624935
166,1664.6687925008086,0.08794466741339091,0.0001402835363092074,192.65956466592286,32219.358330528237,133.29344584060698,23123.670618798013,1.2895765861498065,70.2101165945724,0.41276231414029624,87.69683283947033
167,1708.1419581037203,0.09193194697156037,0.00014052627226337995,140.14244701565195,32414.40372894049,132.4351524746577,23136.130006814277,1.2914104599975467,72.19236511845763,0.41646897785017356,85.1783219767471
168,1707.623591965731,0.10013086400212645,0.00014076294918735302,243.4864878205894,32713.920965116293,132.57683364990237,23142.217786074554,1.2933101244463068,67.09571053874951,0.41225355864422336,85.18245368194404
169,1686.8452044085493,0.10286682769367073,0.00014088425559881257,211.20306138558004,32981.16721012034,132.70976875546376,23155.24987044879,1.292971090190439,68.74782837359705,0.4176037183195079,80.58130445487389
170,1643.753894991904,0.11227198291471818,0.0001409901534150709,203.8958627329808,33240.48902813442,132.51479561819966,23170.535818858552,1.2900425019958275,70.37039623337651,0.42866010623829376,77.48964175300885
171,1626.251314988573,0.1127524329620273,0.0001410109642610022,236.39828280814191,33530.90371849987,132.82077408103805,23176.509211655506,1.2925522136825063,68.74849185543508,0.43106589284857716,73.69895321473567
172,1684.0196572105299,0.10440789928306515,0.00014101694350068052,220.47273090515228,33804.87861601376,132.27501455269538,23194.385050905963,1.3015756181518623,83.01030343715384,0.49821955464328743,55.821629137049655
173,1693.7606893614106,0.10349862920031572,0.00014113543612692404,213.1258185515308,34073.27213376231,132.1664851638394,23213.208997476202,1.2991288500072924,89.24468387929642,0.5520027505057991,40.67980354210266
174,1711.7431049504366,0.10236191365575875,0.0001412432231314119,213.10945708888016,34341.92004080226,132.22606032669853,23251.59220973285,1.2965183894747903,89.66360325168483,0.5557198182328877,35.432735654134035
175,1712.1273509745984,0.09869167315117233,0.0001413769648112435,199.69515955489078,34597.599676315054,131.58371567307066,23275.813821459844,1.2943437818718537,102.36643347035007,0.6161517412610017,21.437792598925625
176,1711.5189654172957,0.0970404939688021,0.000141518181204328,208.73000067679448,34862.487847385186,131.93866063220707,23307.028969657782,1.301077341048183,103.74825658549669,0.6342794347766707,13.60578024664207
177,1708.3177098967367,0.09743771396379153,0.0001417049611667032,197.08580928396196,35115.69209468283,131.24191493409293,23331.39904392862,1.296622828297462,102.29501364542894,0.6339343239090732,10.318352304686329
178,1721.2778362716913,0.0882193207021309,0.0001418523981295183,196.07928404776015,35367.851383389876,131.39265179893889,23342.205948880106,1.3019607965552973,103.86273160247686,0.6766975947245664,4.184975366927574
179,1717.5822902527134,0.08854330972002866,0.00014209452684314403,189.4643050515063,35613.76065403596,131.43334757463984,23109.14272404482,1.3048979822393652,100.76407052192516,0.7143368708135536,3.828026814785744
180,1714.1086760780004,0.08905314330884417,0.00014232823357338142,186.70059410756937,35856.74813176519,131.83533284182383,23120.704665017907,1.3010204406309076,100.91610957880847,0.7535399028512716,1.8772808577938633
181,1705.2785725448207,0.09138970128814827,0.00014255259504244435,187.4973829767984,36100.502509595855,131.9916422601026,23150.202069621,1.2997930427334505,99.3772335355816,0.7697749804641875,2.3644691383999543
182,1704.4874535145932,0.09369015364643829,0.00014275076207391775,188.69542596774733,36345.14689248268,131.968493515228,23170.142267728155,1.3054145129190884,95.29714754068459,0.7506896361285664,3.225561122908772
183,1704.9672796881625,0.0923994028670031,0.00014295066284787463,189.94717919313024,36591.036753257875,131.5880345100309,23181.282587865113,1.3010407318957382,92.93580836635063,0.7758828958769135,3.869693812115372
184,1707.1973568003655,0.09148665177082416,0.00014316498571625868,191.9656237431226,36838.95396516597,131.7556497549791,23211.02928340224,1.3065790761475293,92.38797122114246,0.787871859903025,3.0206443494689665
185,1717.932796016399,0.08636436483474375,0.00014338594414461137,184.41799234395359,37079.31846030574,131.13614082631872,23222.012442052044,1.3064559612168107,90.67052517154391,0.7880137294693847,3.092036846091446
186,1704.453241971235,0.09149899280886165,0.0001436762347779953,183.26232261887776,37318.876190308976,131.64943514718007,23240.27739045182,1.3094815011850154,88.93666697671574,0.8054172097854062,3.6139310218248966
187,1708.3369765169966,0.09214909066345278,0.00014390736389914522,190.6420878204686,37565.400563066076,132.14166111265374,23250.079083775592,1.3081719793758304,84.92922705019501,0.7915254784805783,4.588320136471111
188,1697.5830910320904,0.09761185425934149,0.00014412750279090515,198.9502754052923,37820.39530837246,132.45428441850632,23262.94255416321,1.311492353835506,85.39579016433744,0.8075696057402015,4.475411651835714
189,1712.1975436745365,0.09336812127362704,0.0001442762075760795,194.21283026476942,38070.305032867305,132.01772321225565,23285.980894578057,1.3119464925653985,82.65517830305109,0.7986445234027378,3.607989317726492
190,1702.3690991639817,0.09562711801229673,0.00014446680956941988,189.8096182511606,38316.349521382785,131.72225824587053,23291.648404737505,1.3193792525061925,82.40154960079747,0.8053198399717294,4.058896667389462
191,1703.0195674295305,0.09057248689850805,0.00014463388519799045,195.30160899331452,38567.591039047285,131.9614787558888,23297.673926970652,1.311885405046977,82.59497619059003,0.8665137863079854,2.8862889055111793
192,1707.315943757112,0.09055065542548713,0.0001448462340096731,161.5654049198028,38785.10751243286,131.57890164835956,23315.04054782691,1.3108348684876256,79.132866590128,0.861106307362856,2.9501400449981645
193,1688.6039894619753,0.1005686473480708,0.0001450531994907109,199.90786567125747,39041.02112297836,131.57301012998153,23331.307859908313,1.3154807458379445,76.60834887257849,0.879649055307592,4.820876141128338
194,1685.6571748532042,0.10450937621234035,0.00014517839431565428,209.9621871534353,39306.47583036157,131.37067953529362,23351.62783195871,1.3138558034944097,74.49994959918747,0.8776709512729622,4.879061539364216
195,1691.2715486163854,0.09795559667623799,0.00014525840072555525,212.50812697545337,39574.406730558665,131.51784613631153,23363.08483989964,1.3147536650046538,73.07213420115325,0.9190786665416033,4.909639061830973
196,1680.0234371256352,0.10631904503896294,0.00014540522897405053,213.79467824422585,39843.77160945636,131.7779406168353,23370.17297730521,1.315678109542661,71.85210738000372,0.911376370713099,5.6911815972673025
197,1685.7166004835276,0.10054882674184507,0.00014545965742444113,216.472774111847,40115.41526370364,131.6773769468474,23389.490700743725,1.3218399411210446,69.32887306882793,0.9179751528584836,5.814549447854631
198,1677.1707099889009,0.10193833642951677,0.00014557277614796023,207.43638403545532,40378.22246106492,131.89520646528163,23400.320772317442,1.3169129822319618,71.01296674715226,0.9254914611383186,5.233448404827357
199,1680.0775395723642,0.1022756509070466,0.00014566796505965842,214.15421989734398,40647.41918191585,131.79901083881015,23418.053077727556,1.3202767967811135,69.09844220195956,0.9512204849674534,3.615649543914543
200,1697.6775090260621,0.09317563693627684,0.00014579578544127072,190.08366299200827,40892.599316735854,131.18682285856656,23430.480313495304,1.3201026498324122,69.43996532251711,0.9583299977469758,3.9001910137179436
201,1691.0359200551177,0.09309011243755383,0.00014597788223172579,199.0492197951403,41147.20618795855,132.22930811992012,23454.47971243245,1.3181170587542614,69.55618484836162,0.9694976536441772,3.284305074310396
202,1682.6871355306675,0.10090459963979859,0.00014619426241056562,194.55124708527688,41397.24273422363,133.31105154655575,23463.961590797553,1.3247083336549663,67.93420831016992,0.9569172315400755,4.958145996761829
203,1685.3408136812818,0.10040731478165421,0.00014636130975812786,176.99796901829978,41629.43938718455,132.93343139398246,23471.20047640273,1.3148744457366668,65.34264346236769,0.9458840166998034,5.628827581530828
204,1669.0037630185284,0.10956910947740461,0.00014652997689297117,218.13411909062478,41902.84513894372,133.46892419032957,23485.84965743714,1.3177072667701704,65.93605100188205,0.9576873322932972,5.094189097512896
205,1672.3374965835815,0.10707130404301446,0.00014659823168155375,230.10148312994409,42187.72054909343,134.00686517363775,23500.542458698965,1.3173888010627568,66.11297884977151,0.9427505304685709,2.322661702415047
206,1667.0954915912441,0.11116313303950909,0.00014673892692689395,228.68948375829,42471.33342474667,134.80601670179868,23528.153750978,1.3159559881397045,65.397252534571,0.9334548813711264,4.343167314234876
207,1669.8495651776225,0.1084647095317336,0.00014686973224271697,214.19583660825543,42740.26228078263,133.26980432025115,23560.41969305286,1.3188239721005153,65.5255044756559,0.9330309533303138,3.6455266775852806
208,1676.2207757506903,0.11298387147952527,0.00014702570569662446,227.06073841948756,43022.26339103311,134.10515977202192,23582.204504556976,1.3193309178185408,64.67668219957656,0.90652152154379,2.80709022619547
209,1673.0736944445005,0.11617401669407379,0.00014712986547766137,227.34727260567496,43304.575513771044,133.58503895328488,23591.534412070458,1.3226194165874852,63.93239340245239,0.8910784593376462,4.730453647030004
210,1680.8665307110168,0.11377790524999232,0.00014721753309486504,233.2273156960615,43592.78370454474,133.7753862385729,23620.469607743486,1.3219865485505924,64.17877338366807,0.8893500232223387,0.1537585919433866
211,1661.8003984616869,0.12346166400123804,0.00014732745402557857,243.1215155423696,43891.1578864857,133.66560789743,23640.39056913445,1.3197423096396468,65.8734802749123,0.8832372495771884,1.0368887283996173
212,1665.9573745194512,0.12139976769517913,0.000147330934084048,253.41918235158658,44199.22442053965,134.05736218656816,23665.382973468208,1.322817542739697,64.11321294440188,0.8753011781981953,1.69799720129231
213,1651.0958191533314,0.12647080835662627,0.00014735455583798242,248.2481325049563,44502.41529501577,133.86994563779626,23688.388913514056,1.3221351382184,65.20116206360652,0.8778091240822087,0.5410468096517604
214,1666.6838290960293,0.12003243012387954,0.000147321479623424,256.62307240922627,44813.55790090215,133.86570965997987,23721.778895822394,1.322399233439132,64.58814349866208,0.857753170599857,0.6476927135957169
215,1691.311248726918,0.1070143718055796,0.00014735460083452784,241.80137922618354,45110.43972877846,134.38384324389529,23745.465063435007,1.3282121531996538,65.8932707423576,0.8833133174947807,1.1607128587126283
216,1698.6549030074418,0.10145526511275949,0.00014752342852938785,216.77213882934564,45382.989224961166,134.62614193638294,23772.343934882025,1.331855912420786,64.26671159157664,0.854333415600961,2.5181661145278724
217,1689.248057714951,0.12007611348299241,0.000147747572471191,224.7774790946736,45663.776585674554,134.94258618546476,23805.159103530645,1.3306418882368816,66.11965951613371,0.8318803449232401,1.997607854034129
218,1709.2702637456605,0.11013005613489446,0.00014776934204175263,238.69913434586397,45958.132886740335,133.9475625727032,23838.329101877953,1.3334797534229352,66.06076007988153,0.8135617206106461,3.426133936400902
219,1702.225139444988,0.11678612630801677,0.0001479107552615495,238.82369071792994,46253.390894964374,134.5037773149433,23851.86575118487,1.3354001642649074,66.46478741135435,0.8061408236458443,2.4419535585286383
220,1694.2411242723344,0.1239294839361349,0.00014797770611449913,246.13695527427052,46555.67744273206,134.36945979269987,23876.37594983262,1.3338284668377707,67.46396022192471,0.7888611780205244,2.5316034127056923
221,1690.949359993694,0.1274899937336269,0.00014796558014113932,251.2910395794283,46862.9059949504,134.35748393097214,23898.731744935732,1.3361166278956242,65.18113197775737,0.7741637325492522,3.2540838949024646
222,1678.688530278408,0.13498810644382864,0.00014790001530375074,264.4485056657351,47183.40510468127,134.62573603263817,23915.19831406513,1.3385462714528062,64.60971321954239,0.7546837773959877,3.357515955339437
223,1665.5750558309617,0.14184710207987417,0.0001477526369533202,275.2315901949123,47514.339207853496,134.98096090924983,23925.1053533819,1.3364271823394926,63.51822749613145,0.7432994996313209,1.8093505281195519
224,1649.599925910583,0.15071209360605387,0.00014753087219174964,292.4433951468109,47862.220206120044,135.36077495433298,23934.79732999458,1.338103029215889,64.04198951908892,0.7276062265067772,0.3884192099630752
225,1649.5611358026279,0.15028157360936156,0.00014721530808616099,292.06426090899123,48209.172591564224,135.45376837851012,23948.852242379206,1.3376870507132474,61.19129428527155,0.7147753622426019,1.0883734170515424
226,1640.5809990937273,0.158186751724964,0.00014690985742960537,303.15400371045314,48567.29331693966,135.2637846137296,23965.554312239998,1.3371776260293862,60.660748351763665,0.6987438701345259,1.4008381983199456
227,1650.7702609802798,0.15211048998289456,0.0001465235859073966,304.5751552167859,48926.563615388324,134.8537700429287,23979.789847214226,1.3361559130705605,59.02511720382003,0.6852594545305049,2.309414894368061
228,1635.4429991322595,0.1638303195860218,0.00014620416288835348,316.6309361635757,49298.1164719098,135.82267770000277,24003.265953639093,1.3392495667803852,57.28536262244836,0.6738454312430789,2.753605554724814
229,1636.1391820353074,0.15843501101325408,0.00014576087218045182,314.14031285021656,49666.80327293958,135.00827257693882,24025.546933941176,1.3409681110480431,57.28139808353707,0.6627443573070847,3.4167862371763107
230,1639.0975460805664,0.1627569166673516,0.00014537583469560687,316.5168953347284,50037.77022983631,135.19793789324774,24047.67614639288,1.3416895455233337,57.68603767498843,0.650833588077487,3.0024548142365575
231,1617.4748024712123,0.1741119637472851,0.0001449452209916301,325.1282113446463,50417.51701439676,134.7123803676361,24057.75647612819,1.3421261554075796,57.91429263345992,0.6396043270680947,2.37041097880207
232,1610.7922155528447,0.17429370000670896,0.0001443945009440303,338.9721386254019,50810.392254112594,135.03872206845026,24069.560769937063,1.3399565332932903,57.21134262381746,0.6289751729351005,1.6144122278068949
233,1609.5597846687988,0.17035686470374745,0.00014384380363124857,345.48233027578203,51209.76906499212,136.04579925497333,24096.09138809648,1.3430680454061257,57.51609671191234,0.6187337334980524,0.69809292709418
234,1595.1198041271668,0.17509368181947893,0.00014330919714376355,336.2232954599639,51599.79669717831,135.8025215255156,24118.273347102586,1.3512264374601364,55.80538204913628,0.6090478130884407,1.782041474000124
235,1582.1528181001647,0.1810243905539487,0.0001427576570157499,343.4309519024938,51996.85806356136,136.66934192731406,24135.529188545745,1.3519649938383822,54.23103075332769,0.59951541250131,1.329970639455965
236,1572.0835052897223,0.18927747508798842,0.00014214469603954615,354.1043256038559,52404.302503456944,135.86378559382032,24155.455804330188,1.3494102510063448,51.9884886911081,0.5901188822737446,2.0129634125273697
237,1562.1343986807328,0.19607171646869492,0.00014144608479688353,371.75099489758145,52829.03843185441,136.87881825838897,24171.40512494759,1.3468486783581872,53.42833368944245,0.580746555960105,2.7939526160330246
238,1556.7665057520146,0.19100696228936154,0.00014068290429175928,370.99443628350224,53252.639779249504,136.72573349170747,24195.387054192135,1.3475222906011792,53.276408047155066,0.5721771093172244,2.2649165185396214
239,1546.4096782743225,0.19299660496810112,0.00014000277591812027,365.96381567635103,53671.135627128475,136.13068631970071,23994.12015484901,1.3452115010352754,52.20617170912636,0.5640017896207827,2.5360242180527877
240,1525.8440320633636,0.20381233575521052,0.00013933312548703922,382.7824299425833,54106.01269998971,137.5154331164581,24019.226549140923,1.3483906154744059,50.9621679004387,0.5559833257769221,2.3545613903449123
241,1520.0807581884874,0.2115253411946073,0.00013856644188659227,349.9431248254488,54507.52125938349,136.542745016656,24043.853559035328,1.3458603076686115,51.68715540844162,0.5480964951574322,2.2373575005919832
242,1508.1112584360105,0.21677938348854375,0.00013772243842223152,422.20902245022125,54981.093832363156,136.7522806669423,24068.2541793001,1.3399078620385605,50.63490113085682,0.540760130439329,1.9527010790141333
243,1490.3769638319277,0.22826120591131605,0.00013682628293305626,402.74294835026427,55434.61317800108,136.10850624367322,24094.32890360826,1.345596510228833,49.987250618262436,0.5335671844594326,2.032470739270849
244,1455.4698154135333,0.24497880486187884,0.00013580094820378813,410.5776922689812,55895.372199763726,137.23437092274153,24116.138891394297,1.3463701822137026,50.49559938489607,0.5266064026330805,2.569401090298129
245,1448.778020460166,0.24308122567817037,0.00013460294143935594,400.19134635779756,56344.80669201088,136.4158073178989,24147.741051335306,1.3491241418333262,49.94285071979168,0.5201248419801048,2.3390030233799024
246,1452.448890905298,0.2416083879078803,0.00013344546270189424,398.23704898045577,56792.088196151526,136.90244539087078,24175.826901119086,1.3507572978383333,49.783636901488876,0.513852082731142,1.5504314565468889
247,1443.629345977241,0.244655293274465,0.0001323098466036184,399.3595760112687,57240.51408342545,136.65472587016538,24202.14225131102,1.3496787917519972,50.38752958062554,0.5078487093936491,1.3909809101540134
248,1432.4787033201767,0.24930416253604126,0.00013114784161810856,402.42026876350013,57691.82244809145,137.55042435796304,24231.411952818275,1.3535711324976005,49.42540699704446,0.5022785941501626,1.6951274400034748
249,1416.143147592401,0.25484319655099885,0.0001299426080730971,401.15278792639526,58141.51990951273,138.06288462879797,24259.03401202819,1.3481976507082838,49.491485190733925,0.4967989077750789,0.2678709103130785
250,1431.2949944382558,0.23934594313722835,0.00012868500810520427,385.182349496947,58574.77873489501,136.48252120207312,24301.555957387933,1.3518346828106715,50.17900035481705,0.49158161234533004,0.8455041080549677
251,1439.2701933102458,0.23814498987941413,0.00012760876471752756,386.3326363169143,59009.68926132856,136.07878974782193,24341.94523779929,1.3272439722213507,51.16000130576565,0.48679555247784345,0.0
252,1433.0453180356296,0.2352963403079389,0.00012655513042595772,389.9722204165559,59447.874697781815,136.3741939144247,24388.466424796996,1.3275854969802123,49.9303532456509,0.48244716567485446,0.08197736009005041
253,1414.5474202431124,0.24170137083168008,0.00012554725626445532,387.8199890795575,59883.7277610896,135.1780667413774,24437.631856514407,1.3297975492388443,50.09590266716571,0.4780636360618874,0.0
254,1421.8810235806627,0.23397365707381979,0.00012447772109107862,378.99525642470695,60310.292238418886,134.77001490287606,24489.51668880875,1.3295619402517211,49.092704947745716,0.47394182085549963,1.2970196962030798
255,1413.9287102147332,0.23911914960030023,0.00012351780097992745,385.9231333781941,60744.024893881884,135.34459554933227,24541.584962766265,1.3299802696430862,49.13288620549196,0.4698514846234556,2.016030648207476
256,1415.831039196779,0.23811595427643317,0.00012250759459858716,382.0415895547998,61173.652493640424,135.2849215890361,24590.995478190343,1.3273997337330967,49.309876239261726,0.46600080293773105,1.9867962028750696
257,1414.4963516476569,0.23762827757316918,0.00012150908638318956,389.0973570456589,61610.2764384332,135.6012599943464,24646.52338841163,1.3311977053533286,48.73446135500038,0.46238887642562204,3.0727566948546325
258,1413.0463949691612,0.2391609683354755,0.00012054445791132735,374.50353213147645,62032.397510048526,134.5106474072468,24694.899028453852,1.3299918578927932,48.01469799822416,0.45886921354822857,2.6238744716101934
259,1408.096301183806,0.2418405924759609,0.00011956813714377011,381.19011325814085,62461.182883481655,134.68236044920863,24743.589114731596,1.3299057333221065,48.631425480553034,0.45536937039551273,2.865647289472548
260,1405.7412214991575,0.24636399759393401,0.00011856801473054179,387.13894456051463,62895.74106063201,134.52510040811038,24791.722942480166,1.3346612986100612,48.36454191371828,0.4521914136078117,2.0068984312796374
261,1394.731050309395,0.25149553859280904,0.00011752465888446605,388.52762120655825,63331.5503450704,134.49293789531163,24834.291882306912,1.336307326372073,48.69741152165393,0.4491030527037035,2.228341255432099
262,1386.2485333827237,0.2555175331104693,0.00011640838330225907,394.4223016384515,63772.90253384804,135.89688361721755,24877.83730761681,1.3399416600406582,47.17349127234232,0.44625517207317356,0.5206187590741962
263,1374.823663057956,0.2611297521012489,0.00011525519242557834,394.1916322557867,64213.80825392912,135.77731336303225,24917.912943947165,1.3349510193296914,47.09020907058352,0.44319062621553246,1.069128736927624
264,1362.5135493166645,0.2680887646192712,0.0001140427867207864,395.5457839454351,64655.798486747444,134.75082148640163,24958.59804648117,1.342198189142587,46.80823131186156,0.4402826080379505,1.2371684108282182
265,1364.3116959000326,0.26516161795607196,0.00011276590882061376,390.28480449763794,65092.110933815035,135.4542428252713,25003.418683502285,1.337390620489472,47.2075958262591,0.4374743352458144,1.0158155903456674
266,1392.2811059128746,0.2530641084690626,0.00011155280950088599,379.7606843123816,65517.90032166735,133.77682839721652,25052.425831207398,1.3388391873704009,47.00886757378894,0.43489522624879484,1.6858003584118677
267,1407.2238221559267,0.24394539017412864,0.00011047515427983633,380.69660981018995,65945.41588451252,133.5407727703692,25105.457183971605,1.3378442566438433,48.035415380520526,0.43242791018516513,0.10849787221175689
268,1386.5378555624188,0.24799578187651294,0.00010950388742050191,387.36947992067695,66380.14046214135,133.75014737499026,25154.14064441941,1.3367768567603886,48.1720424507232,0.43027421836827634,1.3437165954406112
269,1423.712410499351,0.16096417119890793,0.00010849449799792845,320.2497239456005,66747.22168805014,132.59756529010994,25071.338293542045,1.3382008171824165,49.28383019168368,0.4282966942372488,1.7593056022029998
270,1406.6205434101737,0.17181128280951885,0.00010841617612649681,308.50680622119495,67103.86626468289,131.96283288964116,25213.64170143705,1.340811730021793,49.6750239570991,0.42658525897660265,1.7457030613661146
271,1436.2064605726664,0.2238703097612037,0.00010825257908191312,352.38147837166713,67503.82317374011,133.50055245857556,25268.09874666149,1.3404132263028083,48.937544241563074,0.425156276057288,2.4420567296968017
272,1413.725565511601,0.23065007198812848,0.0001075421631736973,259.1666342810422,67811.43102821788,133.62393516360768,25324.127815050084,1.3359014299123955,48.71609641115926,0.42361409524570737,1.7891586881791426
273,1427.6305630733573,0.2215821117325163,0.0001067623270678818,459.09244651158554,68318.34665889248,132.08521764047384,25391.63153719842,1.3320625175520533,47.84759428678494,0.42208191773365294,0.9431424447288492
274,1419.4237391240126,0.21049423045062787,0.00010608222286407571,394.3792194574402,68760.90669084279,132.61039732037426,25464.319572810866,1.3344840517511194,47.47318281514225,0.42042878483395646,1.5953049359093256
275,1418.7597679664511,0.20743165914474004,0.0001055781516571213,373.97461876112703,69182.84658291371,131.66784391490447,25537.478456364654,1.3401523175668308,47.790555205107125,0.4188023722229454,1.6507690940504318
276,1432.2620507763766,0.20082262745652202,0.00010510772350286113,363.403767370129,69594.15618284195,131.59758705689612,25609.532057939396,1.3381427216442345,47.799036276729154,0.41733561615319453,1.9775791612685225
277,1418.660964190656,0.20629954444757448,0.00010470842298250573,362.47299381882567,70004.8445091478,130.9802830457185,25688.406485596,1.3360354090848336,48.12487082677221,0.4159732347438016,0.0060021263539056235
278,1420.0174785057536,0.20877927908585714,0.00010425112035247748,274.4188516431887,70327.00340375915,131.34495770848346,25769.24225542838,1.3340120403738698,48.298987879046834,0.4147078158480132,1.1614312954597494
279,1418.0134480636898,0.2114220385002995,0.00010376827937648058,438.42473661697335,70813.11740149598,131.39063980444527,25848.844437642976,1.3337081540869558,48.12433365956796,0.4135685976176876,1.1168296797442423
280,1418.143930468815,0.21559463360671693,0.00010326157597095395,388.9523554942666,71249.54840579834,131.87063855555633,25922.895461445794,1.3341912465915513,47.55564543468833,0.4124563344002783,2.103453364250683
281,1408.4138611457722,0.21472654980792716,0.00010271960959098509,371.01995836920395,71668.02893556458,131.5476700583812,26001.055532966693,1.3367426333974042,47.78741313296008,0.41131048390788627,0.0
282,1410.8632336529138,0.2118989068901782,0.00010221990565625128,366.58239258513066,72081.839352643,131.33170250066433,26078.608197603986,1.3377645016030701,47.59992760348284,0.41022846566409416,1.4249158321949267
283,1408.4020104758922,0.21045783942670537,0.00010176029546404356,362.8349510534928,72491.95998525765,131.37540990543394,26165.281043300696,1.3387131226732927,47.56176163115377,0.4092038089390924,0.8753293705566705
284,1411.4118409392347,0.20711956102101947,0.00010131849774800816,354.7040126757714,72893.89912392321,131.3022209303687,26254.14971581894,1.341269996474323,47.97732991551126,0.4082172515443903,1.15855044502608
285,1392.5663557112487,0.21346041498177826,0.00010093909158028229,363.4195680506023,73304.67479966905,131.5256428483636,26352.173650583598,1.3411322830218688,46.66481488880587,0.40738426071887823,0.9408816941753884
286,1387.272937433493,0.21824614359174765,0.00010049807862592367,368.2382079961101,73719.70357464865,131.6045222810036,26442.89475564874,1.345067037134432,46.975844164901616,0.40631503510071126,0.9632945334538192
287,1381.7367354829048,0.2239438168619684,0.00010000963535463197,373.94758026905276,74140.39454427235,131.64185271829746,26535.321896984187,1.3426319763104788,47.04277296359125,0.4053744916295263,1.0113633611766346
288,1391.5213134239177,0.213601263534141,9.946883875544741e-05,361.80962034563794,74548.82846637483,131.51892166434516,26625.490130691724,1.3492121484296375,47.57904960238578,0.4045045228064873,0.9723872362989425
289,1414.4255911685448,0.20281517872548604,9.905701286914966e-05,354.39143875685664,74950.16668569483,131.1737834462168,26719.747354643372,1.342218741536018,48.432896882248045,0.40379987554017627,1.0732169450836153
290,1415.4785583294106,0.21250014164032616,9.875197070177371e-05,368.6619991217407,75366.36588942098,131.22982825509695,26801.47449528184,1.3496367468106136,47.650803354784856,0.4033235771108081,0.9794203608379348
291,1416.9431422120208,0.207331735488696,9.834516893642456e-05,363.55952718272783,75777.54980145502,130.82478377949053,26889.71164836722,1.3446644977625293,47.7293540656199,0.4027092534846963,0.8950081733169526
292,1411.5095285380482,0.21194767506443524,9.800754366312703e-05,364.1044346013703,76189.3288341767,130.83681538840324,26972.83518140596,1.205953949105758,47.785673938604305,0.40214826391113717,0.8694712132671611
293,1450.2648475262536,0.18909498760845822,9.762709351166544e-05,301.397569333599,76538.33597375157,130.33699079292848,27057.71861852858,1.3402696246889376,49.47502014691455,0.40163459101833915,0.9282396648419109
294,1421.7507983201426,0.2006664631235453,9.749822494814055e-05,415.7841717440618,77002.85895150858,130.62460627289,27146.28401277089,1.3346886739467787,48.20101978345545,0.4015173593041632,0.9214178420362913
295,1407.2849750581902,0.206332758239829,9.726796871714105e-05,326.64292021143103,77377.43736501485,130.78298619392993,27230.981731356696,1.340840728070394,48.06446205129656,0.4011408002517362,0.0
296,1416.386929344814,0.20304707710524694,9.697705190242777e-05,383.32684606767964,77808.2228468472,130.333081627721,27316.601206634175,1.339130460590758,48.335909005153255,0.4007265901789366,0.04282298395028761
297,1416.0555903589313,0.2048297821468088,9.671075473840132e-05,370.9937968934023,78226.89882091901,130.66140813308817,27399.928465003453,1.3362747483672615,48.24004799881173,0.4004000018826437,0.0
298,1414.8348004527475,0.2061313559716973,9.643886057061641e-05,360.2610801288027,78634.78903247317,130.26992217595767,27483.68674501076,1.3415406742740654,48.57735807315673,0.40007590273318533,0.0
299,1430.9766958433302,0.1336321067287085,9.61369123986875e-05,316.5584030566218,78998.9391746455,130.36640107564878,27501.9054021641,1.3414884346500757,47.824643806817505,0.3998478947128998,0.0
300,1443.9150368775802,0.1548254365886541,9.662472908289615e-05,274.8404868746463,79321.99901660955,130.11459532710555,27665.598306249663,1.3422085256441592,51.10520280938719,0.39877610545062275,0.31148316040166435
301,1444.4312662352231,0.1930672855590373,9.68811787465227e-05,312.4852194620992,79683.35044052312,130.32150656299902,27758.157529242475,1.3424641690903107,50.89093037566917,0.39982878628486174,0.0
302,1445.8856348416264,0.18944096758917406,9.671378458034033e-05,344.33135698351964,80076.67914314965,130.26785207807222,27857.546131241343,1.341919035134439,50.53889567331889,0.4001059349934264,0.0
303,1449.029670916644,0.18596072965290733,9.656934280221042e-05,344.2724070954476,80470.04858472223,130.3087968080077,27953.344938617385,1.346116042971186,51.437211638717244,0.4003012419092232,0.3308606324457344
304,1453.7441767879502,0.18355325842301795,9.646329637346104e-05,342.5495452377658,80861.82722085436,130.40860703607996,28047.5041160614,1.344025282001748,51.04648348938082,0.40069444860255987,0.768126337945759
305,1444.2168234650278,0.18776932844787153,9.639256045793979e-05,343.86204003275236,81254.9349554151,130.47435271848832,28139.186504392084,1.3454694819727726,50.130254483990534,0.4010022587153798,0.9247890035884581
306,1449.987491813343,0.1954499450531223,9.62715346533735e-05,339.96620912027197,81643.85805527572,130.1576235674954,28221.19518389203,1.3457290221481535,50.35018959724188,0.4011096091211529,0.8394965630114939
307,1456.4939299460555,0.19020330770232174,9.607214213372535e-05,355.4174900322661,82048.4621710252,130.21899982157632,28304.143760378916,1.3491434867065561,50.51879379886258,0.4012638028268513,1.4755392142947699
308,1451.9477906435204,0.1936929538101334,9.592396316418098e-05,348.31687146502026,82446.05542413887,130.04371931678222,28390.368717520654,1.3513103126823125,50.246985195228085,0.4014690678083207,0.9946055489259891
309,1444.401564453457,0.1990747498058314,9.573611087165222e-05,361.06925777815326,82856.1688246122,130.35562385429785,28475.45284702062,1.3483283872637435,50.153670970844246,0.40160125500509913,1.0527620090461625
310,1434.698309885718,0.2009121190951927,9.54906237075248e-05,366.02527250481245,83270.9583206707,130.8644581512245,28562.137441247687,1.3532843360939304,49.91955056785508,0.4017154085258771,0.2571493994274334
311,1429.0449700708446,0.19450444513862508,9.524133924439473e-05,364.160955086402,83683.76276846882,130.9223830209693,28657.540456968145,1.3543370421857763,50.08360229077817,0.40176144854274093,0.13561854520287397
312,1431.1674972091516,0.19255310417181715,9.507708266425504e-05,358.0853705941901,84090.37015614293,131.10994117153524,28750.84438831161,1.3539087061277146,50.23006285096871,0.40184450017685364,0.05393753080223007
313,1453.8035087915857,0.18291309889310592,9.492919260299548e-05,346.44167472530864,84485.31713362773,130.991480972838,28854.02451148565,1.3542892199483787,50.5574030750836,0.4019598891250134,0.050488171926062364
314,1475.317897261271,0.17139591689540046,9.488434622456648e-05,331.79535941670406,84866.43061354145,130.6110577141746,28950.63430300021,1.3555044521760546,50.55100778263297,0.402146581707692,0.08679915984369302
315,1499.8147178294623,0.1581250622888023,9.496017017042206e-05,315.4888338523838,85231.87871129878,131.0442966527276,29043.857368511326,1.3540040717324826,52.94260412836286,0.40233050625445776,0.9039819267159146
316,1492.5149907384186,0.15608496528384885,9.516954781091468e-05,300.7029251815165,85583.22138152349,130.83791641098313,29141.493643699258,1.3544160590931658,52.86826628909785,0.40304398745818865,0.06857743586979836
317,1474.2984399887014,0.1627135135996951,9.539822141398153e-05,297.0543219204136,85930.79310971516,131.23404954745905,29240.955902169782,1.3518064501703655,52.46905762201454,0.4037046872836802,0.06330429229609535
318,1479.1918636719395,0.15503472916176064,9.554689467048457e-05,298.4533375526229,86279.29345237422,131.10915954260554,29349.073994536782,1.351988867622796,51.87329705396496,0.40425354155099014,0.8672628557852562
319,1484.886398655338,0.15737641656411616,9.579640233198598e-05,291.5816227732755,86620.98800597095,131.45379124933828,29449.429272121863,1.352229470035771,51.890424808401676,0.4046738314725355,0.9028706235328201
320,1488.3866204002052,0.1580375288359288,9.601725178598491e-05,288.594388895613,86959.80302103728,131.16439605976433,29567.923937201027,1.3519145883673067,52.015321665210315,0.40508435644625723,0.8720105654218884
321,1476.0009674017583,0.16690613469034454,9.622805004502956e-05,304.2207828716053,87314.31358535224,132.08956994794244,29683.029371503955,1.3572612311449093,51.542865284658205,0.4055070155297803,1.027414975830652
322,1474.9989466015786,0.1667784052901533,9.634673944838513e-05,305.78172093754654,87669.95844430124,131.63881433034211,29794.661058466318,1.3551950885950643,50.91655971459244,0.4058178780379061,0.32423483231644923
323,1493.7426690696839,0.1468191410857076,9.646547241572926e-05,295.75580491075624,88015.55481184961,131.66451838171173,29938.588562222158,1.356076748292563,50.86548728396948,0.4059686717002239,0.25230118302107485
324,1481.586371382736,0.14511984318452553,9.679527237697798e-05,272.5379147142906,88338.57119490366,131.181215201622,30080.526356260347,1.3579732279899313,51.54772740658388,0.40610599512555,0.0024315138700075067
325,1479.8021216441468,0.145271633391996,9.714951944379482e-05,277.98606117152235,88666.67004696699,131.7013447323412,30228.424530315217,1.3562490135798233,50.9122571309953,0.4063825754107133,1.143440351239903
326,1470.0880276947103,0.14882630708470113,9.749951576986766e-05,270.39521480547546,88987.1227368034,131.4660106083697,30376.199590746066,1.3564232995739116,51.52302700951324,0.40654436207354044,0.04968161174510044
327,1471.7740815317284,0.14800387495387424,9.781498211505712e-05,272.8919336425689,89309.81479388374,131.36346810910268,30524.646930225994,1.3568404429222567,51.140711053942866,0.40680868597324976,0.04573811305991171
328,1496.80322887651,0.13520997805696333,9.813616640183607e-05,268.2903021043463,89627.91371127845,131.3348320090415,30682.84213293194,1.3574548665513744,51.44687970922853,0.40698450295177957,1.0027057021439276
329,1496.2226783126757,0.14030556836399766,9.85901761561872e-05,255.40512517038758,89933.8985781876,131.3968080634202,30805.073580853725,1.3543607779713502,54.95384128948755,0.40724702312044486,0.28661704254093934
330,1493.6564487813805,0.15961112116836806,9.899920707926981e-05,279.4425452518637,90263.95239340211,131.45511844679694,30931.79165718515,1.3515369187988593,55.89942915315659,0.4058124942633662,0.8066630876845409
331,1508.0617458531729,0.15803435842288616,9.920358511172447e-05,296.649571581409,90611.26902055019,131.5662401248489,31045.23530778929,1.35129785420276,55.98627187962625,0.4050847456761907,1.8589760582433144
332,1530.6412791948392,0.1590538617355396,9.936080480876688e-05,297.4405193617304,90959.62529354522,131.23853955652797,31164.73888334543,1.3478924389816613,58.21689084512788,0.4052878546096497,3.0290418375567043
333,1526.5954250421187,0.16768108952841132,9.960707827971966e-05,300.4974821032701,91311.84835573984,131.7709972102732,31262.38398028412,1.3449252964583693,59.570877491641156,0.40628253287362726,0.33607254277133336
334,1563.1201895056665,0.15368539596489483,9.96446893034228e-05,303.38080316808896,91666.76752757432,132.51731249569838,31356.088368851753,1.3438914019913095,59.482779438417445,0.4090517725917326,0.608599100065959
335,1576.36152781303,0.1469037956857323,9.982914295365786e-05,301.50638690422056,92020.94974780575,131.6637428506556,31439.391407122126,1.3458881561054932,58.09913115064734,0.4164867676698555,0.5034276764848045
336,1605.1630837563775,0.14522397414852573,0.00010008146479590762,287.2007358016613,92361.2016178433,131.6130218258429,31514.237134657535,1.3436640271178724,55.77623722047506,0.41768977550863445,1.6673822535546776
337,1609.725891612389,0.14941390474805494,0.00010045178782195426,291.1317575958827,92706.17056415962,132.02741267318137,31595.11440167226,1.3416955808583428,55.49560401047991,0.41836970108511956,1.6517800775208684
338,1628.313411690337,0.14261171460801114,0.00010067324524524835,265.96420509081196,93026.08782967908,131.91213845874225,31685.681418698296,1.345875588740529,56.91869791298292,0.4189610553420926,1.6855781952414333
339,1618.4557221176383,0.1485592447719153,0.00010096202027106021,241.82544988303727,93322.527911193,131.926497005595,31776.52071598713,1.3502194619969863,57.01142430988607,0.41983407362919534,1.6702082409941852
340,1607.983123991704,0.1538359518469814,0.00010123144206217943,334.93968322389725,93711.90670130812,131.52128226225324,31861.95744484259,1.3481721182130515,57.19513173267175,0.42071358438782996,2.465434554985819
341,1637.4473472024351,0.14385840215101264,0.00010145244269997263,313.8094206807705,94079.8568806419,131.67608448412847,31971.50592468386,1.3474677496266898,58.83231611422224,0.4216072499220088,2.6392576109163315
342,1632.5047957158497,0.1497640113815667,0.00010177494327884599,246.97693116492854,94381.90609595335,131.95216380310663,32056.793741877827,1.3499721383197631,58.71575382066388,0.42282263627639577,2.722589163018256
343,1639.6838804567153,0.14810205139023114,0.00010190632644564715,349.6531655716331,94785.9984539766,132.80246160903968,32141.107403044938,1.3451497730028112,58.5606127598912,0.4215291375522637,1.9718190128271544
344,1639.2397858332904,0.15088115808004254,0.00010211223914569216,301.4834465850644,95142.26331505888,133.03255854214643,32224.828705318767,1.3440517970141996,59.96656386470072,0.42387521947089324,1.1893193529878943
345,1643.1836368589495,0.1575994547247962,0.00010217704075892634,305.75144625357575,95502.68674930152,133.1662869839611,32301.20970471534,1.3400157462025803,60.48785206917278,0.4264407698458016,1.435259882521379
346,1661.945857217945,0.15369832579701648,0.00010216746891258662,307.7730956506321,95865.24023554844,132.89192552913372,32362.283100018467,1.3382145392523987,59.57754118620714,0.4277608590415336,1.8682456615134981
347,1661.819179356394,0.15541385957578546,0.00010241372347085208,308.376026644254,96228.85524367933,132.04445891479372,32435.062937824387,1.3418627998422246,59.2100670309058,0.4288359419494679,1.3510548377152958
348,1654.5915415972183,0.16008015658930175,0.00010242219673548647,321.23393579309374,96605.26719395407,133.3346835337746,32499.48358311325,1.3396458211417634,59.97760025479601,0.4297712833598698,1.3523963890967394
349,1639.7285076723626,0.16423985807840258,0.0001023792362261399,323.0053306084197,96983.2557170496,133.1251506703682,32571.65654856144,1.3388784328546761,58.785507513117864,0.43082947145403566,1.259156012208365
350,1644.3902626923523,0.16352928858160698,0.00010230017435970692,316.7143361516891,97354.59456923079,132.36166649892334,32636.13986419713,1.3367853361755748,57.79655864012602,0.43158260633966083,1.9595733104841742
351,1622.3077795639426,0.17656684949936285,0.00010222663545930895,333.90226592372835,97743.08143554674,132.5481380868595,32698.9686804827,1.3381100022626913,56.439572145491454,0.43210887203498466,1.962657472295703
352,1601.7471154860023,0.18858224548472646,0.0001020123024556841,355.04982723958136,98152.08954241523,132.73421427342691,32762.411809537403,1.338371746736011,55.75433561396325,0.4323238495178911,2.0449740772183844
353,1628.4753446801574,0.17400283690661644,0.00010198008202801373,356.8315490663896,98562.15262132508,132.57956049191063,32839.269566304596,1.3381850139792975,56.84408022597777,0.4323797014136367,1.231491399210796
354,1613.8337475503913,0.17932719174811884,0.00010177119048428081,351.65039717424895,98967.98692999707,132.84772880145448,32912.60912782348,1.3397616421995526,56.74362309823575,0.43266080608637536,1.1946798659523665
355,1627.6927720677,0.17673435560734863,0.00010150465208896436,352.6211285591309,99374.2947440668,132.5729685429593,32979.80206058531,1.3400099761320534,56.925301187338896,0.43291089817163836,0.7012541132957466
356,1613.5390255434063,0.18306799066251445,0.00010128340870526614,355.9456117222065,99784.41078035164,132.9093586090824,33040.22191084723,1.3394086208814924,56.49227711252516,0.43318075933141625,0.8172335674505575
357,1619.358394334331,0.18517553472355996,0.00010099384871581695,359.48897349131306,100197.53994565639,133.00220420868007,33105.1286156729,1.3418063004143714,55.83697784987469,0.4333527281597841,0.8273777099485073
358,1616.563006860416,0.18815240055338434,0.00010068146189053706,361.22759881138774,100612.50293572359,133.5517143823031,33159.48185369693,1.3414617288060517,55.292514970428584,0.4333815598438324,1.4223615878629658
359,1605.3861756734957,0.19476913868554602,0.00010016807807398401,371.9086475629182,101037.7361473198,133.08826088548145,33215.77783200353,1.3405539322556954,54.88646580603389,0.4333124350046347,0.8437667281374814
360,1611.6173295879435,0.19281773328260965,9.958592182872273e-05,376.36139042367,101467.2141781768,132.7867695705328,33270.74782478471,1.3392746455895268,54.822397127031124,0.43310128724349095,0.7944600628558902
361,1609.8450711005294,0.19782800101914066,9.902668518932362e-05,372.6886416131829,101893.25381772597,132.98512923474803,33320.98129709068,1.1953192707850093,54.56572994100543,0.4328913373585661,1.7223894767692371
362,1605.967462427631,0.19516617513982437,9.841612607327487e-05,360.335443205515,102306.8889327632,132.46882932478806,33375.83692355158,1.3357244871016187,55.2988523799125,0.43266513584595906,1.763522723462998
363,1587.1116317806707,0.21103003906298634,9.783626990798176e-05,421.43851732662444,102781.43762605617,134.33213422208254,33432.852038602075,1.333803579282929,54.62971003199876,0.43261359554898954,1.6055187599842071
364,1602.057637571171,0.20742939657214576,9.709910130441235e-05,400.48315114326164,103234.41396865142,134.34296313369663,33484.19925503109,1.3361874553018167,54.74163275050381,0.4324229494712519,1.7629618406145369
365,1637.5056323582194,0.1937987849540005,9.639589837320081e-05,346.77049853913996,103634.24369215578,134.0005243667989,33521.26885130241,1.3355099671175423,55.460744355756745,0.43227505127952226,1.793664381817294
366,1658.6231781313884,0.1822832183701374,9.583191711540201e-05,384.02445718413514,104072.22482183772,133.08984275827947,33568.45152221589,1.3344799812098278,55.14652961178588,0.43229456451837833,2.2559521218726246
367,1644.6801162845168,0.1893031236440197,9.538882707018204e-05,393.28274079800843,104520.30500335674,132.8116453987905,33619.70063954012,1.331147227515775,55.31151219171622,0.43226242454900193,1.7654584398541573
368,1655.1378851832487,0.1832221681556735,9.487248743397783e-05,352.34829348677584,104926.9761517446,132.64609367362524,33665.63729225672,1.334141455692924,56.46219413937554,0.43226048782717236,1.8088460433682343
369,1666.1773512450138,0.18061782465736975,9.442286927939281e-05,363.11187928797943,105344.78191351813,131.92612635358617,33720.32050804864,1.3329368870102216,56.62598913104,0.4325112159040465,1.9453333795500924
370,1663.2223269997971,0.18067228359183218,9.401439196159216e-05,364.486548681617,105764.39907763331,132.05827330949973,33764.03841517131,1.33267176172377,56.762052528263865,0.4327929221751837,1.87611448267495
371,1665.4581519376593,0.17937499664686885,9.36065026230807e-05,360.37782564993313,106179.90779046941,131.79294854228516,33803.96213113636,1.3324061550558177,56.718847639986016,0.4330930581654369,1.9129935771724291
372,1684.7264383432357,0.16961350508669348,9.321459502098607e-05,361.23399885418394,106596.45201653383,131.43402695129532,33847.04745781322,1.333185571858785,56.55136396378048,0.4333749014809819,2.321652574894415
373,1665.1856986027342,0.1785538797261076,9.292757711273621e-05,346.97887094219834,106999.13747350103,131.46491245878204,33889.748655714255,1.3320869331342795,57.10887213071666,0.4336218210695599,2.152252322989
374,1682.9379162727837,0.1721928337962647,9.255016648100441e-05,352.888792307911,107407.33703050713,131.788516529194,33936.30332716331,1.3309571739872255,57.290892252815176,0.433976569329226,2.0706736063377775
375,1671.7335081173171,0.17412278185066732,9.227091671152392e-05,355.374974377302,107818.53594233065,132.31598050246413,33975.60141717183,1.3323574245344425,57.57265356968504,0.434347887322386,1.0482572256168652
376,1669.002536334918,0.1813582445028592,9.197658136561541e-05,335.73258090021886,108209.80458363629,131.61888645388163,34009.569864128134,1.3270877804885817,57.219188769376515,0.434748517746155,1.0560423823534109
377,1674.9335957342755,0.18465808011658857,9.159954166002251e-05,371.7330535839324,108636.8948861669,131.88590822126343,34036.82386619299,1.329671609036851,56.80218627873937,0.4350586321205289,1.0694570601693556
378,1646.8000088516924,0.1981348629083084,9.118922196823132e-05,380.32954969173795,109072.6414579833,131.4642686419634,34062.15640045337,1.3290701880947304,56.09051729581035,0.4352693098312532,1.755308917052119
379,1662.4991389728598,0.1911350542492507,9.065907451357813e-05,378.70684323167137,109506.00345226066,131.31541245542752,34090.73520708059,1.3321184137776363,56.79231173146266,0.43533888511203356,1.4280145909408901
380,1661.3227396783643,0.1921779136501881,9.018965954302534e-05,378.5438152541544,109939.5760664813,131.33664608514292,34119.13422271086,1.3310323624025717,56.1688315525877,0.4355521641581221,1.120702358720024
381,1674.1274944481158,0.18839176928387047,8.971095890422175e-05,365.05234989928243,110359.66078792287,131.04642277654153,34138.69444917736,1.3267360790498064,57.228048546680576,0.4356187873712625,1.437539599414123
382,1642.1336205445969,0.20319704737436972,8.926116463374506e-05,365.4514571637199,110780.32926818717,130.49057018003478,34154.81696508754,1.2145641430987875,55.357184247220076,0.4359214758014883,1.1411036186027985
383,1667.6484840658284,0.16682491867491078,8.859499968323387e-05,-2664.0292767450633,108170.70885885315,129.65779564705716,33999.98738142252,1.3209757405392661,54.97729696499608,0.43579380138224183,1.70973771874813
384,1688.6207525735567,0.15721556402480774,8.83111082559912e-05,2676.6665096407332,110902.1946235694,128.65833125537304,34083.02923328826,1.3643453823122853,55.40785436047376,0.4355976398842636,1.1583011731600834
385,1697.507729276982,0.1494019792418343,8.813024629917983e-05,887.1231983629187,111844.72321431401,129.3468129902854,34155.45678756563,1.3429635382320777,62.723540142749954,0.43506364166982947,1.5816148939237564
386,1713.0422065754467,0.14131971302891255,8.804254595854403e-05,427.8494877372068,112328.63653070957,129.5054373773027,34222.89041723341,1.3265795634585165,64.8600166645091,0.4341816550832889,1.9518736721735763
387,1701.555244691814,0.16285644324387483,8.803192474600667e-05,307.93380362841174,112693.33212269163,129.97529811644137,34254.12995982422,1.3248111043710686,65.74198181500942,0.4390186304814537,0.18006895767865672
388,1711.510117849692,0.1671372213395912,8.77622590698206e-05,335.7010688879987,113085.7686384617,130.54513884241624,34278.379527102814,1.2308401596190832,66.1256638832866,0.44094582788446945,3.269931098627552
389,1728.8173637212114,0.15413130870870606,8.744774568966371e-05,334.17516898020386,113476.88166880891,130.14620977366587,34294.581229952215,1.1959514492005827,66.16516909173191,0.44149277960767747,3.117994486688758
390,1740.6023973124597,0.15010554191825543,8.720024509504736e-05,317.1840231249778,113851.6197664694,129.60515134679883,34310.6108593716,1.3207944185597467,67.31908323926439,0.44035733651757003,2.0801303889776364
391,1762.2215176809905,0.13744744188581326,8.699583976334925e-05,314.4619805323835,114223.49309229055,130.1072362927171,34324.027765808714,1.3215300772634146,65.54339321960455,0.4403192635454663,2.4272784548651316
392,1771.959050549471,0.13556161317478266,8.692738674842578e-05,293.15200899317676,114574.62385642875,130.14346541831682,34339.76703250135,1.3138951702490729,65.25114663739248,0.44784588832571537,0.7311610619304361
393,1781.1362688180454,0.13668664816324938,8.688968591041729e-05,284.0811099395081,114916.89300765721,130.28691048500298,34351.7890697237,1.3104290568621924,64.99535469636334,0.4489544863767704,1.3968509940601166
394,1792.1351670570757,0.13165212857821296,8.682110632771807e-05,285.14250177926834,115260.3357908681,130.27496195014618,34361.17663676294,1.309551189733249,65.19712445149918,0.4511065640271174,1.9228051416177152
395,1804.6983722719863,0.12954480186345463,8.684241875381212e-05,267.41421223582154,115586.5167353779,129.93029152840853,34371.871505564886,1.3063392982039521,64.00984432131062,0.452994824767935,2.002974723731768
396,1801.4181627414664,0.13316465004228417,8.686644795458601e-05,277.70516798197855,115923.2368963703,130.0885901406568,34378.76516426587,1.3067282068371433,64.12240051454143,0.4539154541401358,1.41245757861779
397,1800.2863136665032,0.13654948293291247,8.68496411926617e-05,278.7605056299783,116260.87705626374,130.008618787903,34388.154008589205,1.311845116109634,63.51701006798482,0.45480369263808157,1.107304287652795
398,1792.1147743583601,0.1432746240283589,8.682891631823658e-05,272.9465418391413,116592.73534810293,130.02331701783964,34395.394602566186,1.3089603547430928,63.06233225174023,0.45551450955272776,1.1108401239310126
399,1766.6524525665784,0.16083855532402835,8.672277710876938e-05,324.8107734557207,116976.11614176765,130.00235603798802,34406.07147872945,1.3091875747219561,62.18563850375237,0.456109110730338,1.1386583417869929
400,1776.0545133556182,0.15412595403990914,8.66150575126463e-05,327.5972368297023,117361.69409831613,130.3853429985485,34411.308516422745,1.3080062117956137,63.18913659599268,0.45648894641881693,1.5559382272753908
401,1772.3866605976118,0.15481090084511306,8.657763538835076e-05,298.3773306092444,117718.19119631968,130.16799847521926,34424.83257757686,1.2999788673769306,62.5234353267335,0.4570810380907315,1.1587724154695422
402,1757.1967620123307,0.1627320106381821,8.650156932158425e-05,340.4403003873767,118116.31727565578,130.44651481514856,34452.24500871943,1.3048031549269432,62.052228390720366,0.45749537096669934,1.1648322745301982
403,1744.6805079423377,0.17189074258613646,8.633792865881622e-05,340.6913492796075,118514.24003013835,130.70284418435716,34474.4067967061,1.3062815127785645,61.32756498593152,0.45779237378285775,1.1772430547796944
404,1760.1471881778043,0.16379310698071758,8.606039063655628e-05,336.39607617528213,118907.45156274035,130.59674331460508,34493.912484611166,1.2782004766868327,61.51670893178357,0.457923856221746,1.2386811519978522
405,1747.1548969835567,0.17370513179417824,8.587096981822072e-05,346.19366658057726,119310.86052045578,130.5203332464204,34520.4993209783,1.3037571781309258,61.62056692804607,0.45807702821180996,1.1986921305352496
406,1743.700539183625,0.1733954690645827,8.557558236907704e-05,350.9992991202381,119718.66488074034,130.24439907929244,34540.686545057484,1.3017367518250755,61.19719467652697,0.45828364155165613,1.2642747066161775
407,1750.5458818316408,0.16753654632814663,8.526599417144137e-05,350.6542524764395,120126.05517332804,130.31290535943535,34576.34417747011,1.3037420744082473,61.252012225734276,0.4583771502332053,1.3365153248670083
408,1753.885510129394,0.16594709905319882,8.501858777786814e-05,315.40012807156927,120498.35349019506,130.73746711140043,34600.05059833982,1.2892607540453378,60.50557515742297,0.4584835888026619,1.5670390821516804
409,1747.507147525311,0.16957230821492741,8.477195555840673e-05,356.7058268170044,120911.99153641041,130.50403972663415,34625.432352106734,1.296337962058057,60.40759891991664,0.45843467623604817,1.422083919057755
410,1745.429531339329,0.17218877225230045,8.448319115885091e-05,350.43772670306254,121319.08475326627,130.40896766280613,34657.32380756633,1.295037190691286,60.82560982726831,0.4583678241059883,1.3106793137295938
411,1740.8886581648871,0.17561128452333474,8.416817821633249e-05,345.87194926348934,121721.36318460398,130.39721258394968,34686.880373641055,1.2967921774724223,60.43717115859709,0.45839517558801124,1.2854260329905003
412,1734.5519042821636,0.17773167412855806,8.380345218845821e-05,355.7198735884371,122133.37676908488,130.6234047939961,34719.17290525443,1.2986596458301132,60.08003905212975,0.45834149798518203,1.631650722508013
413,1742.8002444888552,0.17746474740937168,8.341605386807752e-05,362.2343722068941,122551.75779996198,130.69551849292833,34736.01618759124,1.2974908937300256,59.86761419715539,0.4582266264727692,1.6451651481024925
414,1715.6237884465463,0.19167816035267027,8.303205906886338e-05,362.83642945331513,122970.89537956385,130.81408986217573,34541.36393748408,1.2710056239551808,59.05775880525068,0.4580764580219603,1.6743405185099647
415,1729.5198227372146,0.19334502617144678,8.24786584102719e-05,386.35432115393564,123412.76307835607,130.61038485668564,34569.744750357204,1.2930812346059861,59.52194840986536,0.45776529270544186,1.5683211296648096
416,1745.8160279750514,0.18497052961557714,8.193492866386009e-05,385.46459838013527,123853.97501098725,130.86343566822205,34607.78535546656,1.2926824134130401,59.44410986533101,0.45757058458849614,1.3188017804782532
417,1751.893236659913,0.18017926346223212,8.14824568532895e-05,355.6660358010947,124265.89104215801,130.659008486831,34639.88143009975,1.2920200193715612,59.69144362616867,0.45736696772725904,1.4114708137842342
418,1739.0641903069773,0.18824533365814367,8.107911764718662e-05,363.30695546791503,124685.54500154275,130.84052508026667,34668.35204466989,1.2767391274720608,58.80280423542666,0.45723283573866846,1.692558936746238
419,1726.6549704582676,0.1946442799087751,8.056830644378111e-05,382.72529955206466,125124.43340543496,130.51691972800967,34693.606510725105,1.2880256546487796,59.345169599549,0.45692616556426774,1.3038443311557018
420,1745.619192923777,0.1861645793923492,7.99909703338168e-05,386.6350446843537,125566.88368303792,130.89083747579633,34708.95897007568,1.2893690251753234,59.69263380774349,0.45672055484959956,1.3047094400021848
421,1737.8819341478395,0.18889593289591822,7.950991400826557e-05,375.995200185451,125999.01714556804,130.6522547989374,34735.09398172211,1.2879839997708058,59.330616884993155,0.4566036920002258,1.3172681491004994
422,1733.8628508076968,0.19103159436372508,7.900113641812204e-05,362.46982870523993,126417.40370797299,130.39293654667438,34755.98066301057,1.2885714822486853,59.31073347577781,0.45641455806973175,1.2890387924466609
423,1734.0559359549025,0.19251135251915408,7.846911565732753e-05,385.9693625306005,126859.17531302063,130.43444347019917,34744.96357567422,1.2882000202983932,59.19036380307886,0.4562389880435977,1.2841317497825742
424,1742.1859852247114,0.19128703001499758,7.7923022108668e-05,383.132386709582,127298.03647478553,130.32495317043367,34761.65870635544,1.2895267241883863,58.076864147091925,0.4560503651520231,1.279259713385315
425,1717.2679022261211,0.20327524462881574,7.73917464311511e-05,391.0136096678481,127744.91019305642,130.24380264894938,34770.0798402749,1.286780093606091,58.17351943231935,0.45563680998301553,1.274398675734119
426,1710.9936103634795,0.21048503702211918,7.673347922970647e-05,413.8487048082792,128214.04547301543,130.5164093429131,34780.9456859616,1.2848459819235833,58.562887896553654,0.45526863049520777,1.2695506799521752
427,1703.0448769726659,0.2148089665080125,7.599748804118521e-05,398.64182910537204,128667.69319012975,130.57658420527926,34785.00612933297,1.287985910601916,58.06929191869487,0.4550061744110292,1.264732012097241
428,1710.877574557313,0.21303652720578037,7.52261182978074e-05,398.7213445955771,129121.11254708287,130.5953508384837,34803.13493438985,1.2865037317872285,57.70097283273256,0.45465515105794024,1.2599261797109165
429,1700.2810393406592,0.21857609983331439,7.447884087370309e-05,404.12023532957335,129580.12372642357,130.4595559719944,34815.114252556516,1.284778691095039,57.59016290792426,0.4542468292448197,1.2551311567998908
430,1696.7484476234251,0.220478409754161,7.367127118902034e-05,394.51228350542925,130029.18915295877,130.16749230009714,34603.52550203846,1.2834894882020098,57.2961247438992,0.45383920013698237,1.250361869968188
431,1668.5516458978998,0.23275749916282729,7.311586905659384e-05,403.61460978741314,130487.26587038557,130.1868157413631,34610.72102029772,1.2870648202304062,57.00737337641489,0.4533930141491558,1.2456127290404169
432,1661.7015420179985,0.2382940671765712,7.243118006236207e-05,399.3864780677292,130940.29430661153,130.0738785795286,34618.690716783385,1.287807978812296,56.608765655496605,0.4529113432008308,1.240877572711156
433,1678.3942142526694,0.23149503419782513,7.167035846092042e-05,408.5288368477413,131402.23288111304,130.0100728325784,34627.86157514325,1.2824515858724785,56.50943773833879,0.45237246436432177,1.2361699021867736
434,1663.796304975583,0.23708090053837694,7.098472001967483e-05,408.25033391589665,131864.193690654,129.91210824315678,34636.16648401644,1.2823622947340934,57.14426564789366,0.4518433062404238,1.231465153130344
435,1667.0539202063617,0.23651566748433506,7.024194059991418e-05,373.2018382090539,132290.76605663283,130.04654140698997,34641.77398188392,1.2712425233574653,57.22041215196357,0.45148048566083243,1.2267878197265532
436,1661.2820796582869,0.2428436348784041,6.948642578115219e-05,423.950261767751,132767.96853123498,129.90476337372652,34425.24948400434,1.2790537160008633,56.573980359035765,0.45115605458329444,1.3948356257681098
437,1649.5762156898363,0.24755919176165775,6.861208776515478e-05,418.88924036033507,133239.88298706492,129.636192949508,34450.92533859352,1.283824660630874,55.842051393055236,0.45071765327365243,1.2174823356832007
438,1638.4494044286193,0.2542607493582739,6.769172772010512e-05,422.4201136973656,133715.09364299694,130.07598477645777,34470.80400978064,1.2824748058811695,56.301727304458325,0.4501442880148824,1.4293089392235743
439,1623.0872193418368,0.25936204232166216,6.671792863636822e-05,381.9788592159296,134149.5166684513,130.0300776222894,34486.23328244401,1.2652657387737885,55.81343098716558,0.4497072716938988,1.208254273901673
440,1638.8249604745492,0.25415581701159473,6.568657824079178e-05,420.161219749549,134621.7831345963,129.9241501458727,34497.898457166484,1.1536104412822763,55.68894649610265,0.44918628434266566,1.309820790714781
441,1652.6996078456048,0.24578518225216506,6.449289805440914e-05,376.49051928984073,135050.54527383394,129.88684546672727,34293.63457757541,1.1732309902005056,56.2631057832989,0.4486712999210952,1.479354269547457
442,1659.3033222831139,0.243455760700236,6.304981230397953e-05,414.92585657122015,135518.0632272198,129.70847330730572,34301.21682123834,1.256939684329367,55.682853257372855,0.44831317199716575,1.5566195423738094
443,1645.5088104825015,0.25037907333060727,6.161457692335656e-05,445.98322726247494,136016.6712107591,129.63709378920043,34311.39159567908,1.259849057676017,55.67834005547,0.4478546790058665,1.1899850659857378
444,1638.1293604358953,0.2519156297477919,6.011501462970221e-05,417.4469237528327,136486.39296556174,129.6465998458166,34332.58902996368,1.2583361658103345,55.40667631378024,0.44741325092590883,1.5766439515589923
445,1646.0013930745886,0.24856296031281122,5.8605928662950174e-05,409.4102074535577,136947.9145250458,129.76636223996607,34349.71809653405,1.2590797135802374,55.778900887168454,0.44694925795243906,1.6644518143624083
446,1646.4322703761084,0.2501145277558897,5.712900055083909e-05,413.40464176121765,137413.63663137442,129.67740861952194,34269.80757068047,1.2591490827895617,55.47082700389384,0.4465943043688872,1.5779339641042611
447,1644.5990556236218,0.25065859725341444,5.564525076688454e-05,417.5523851901955,137883.49678611322,129.60984492079015,33996.89850776308,1.256454723379824,55.67908455666733,0.44619304445274527,1.558736924019783
448,1637.6668902165898,0.2528081887142425,5.4165602816108974e-05,413.7621645600304,138349.49214692236,130.0488647629425,34002.71624138962,1.2581054746225218,55.481881237800295,0.4458599517651708,1.4105053717547094
449,1611.1336587718702,0.2634119975359899,5.2672979609534604e-05,416.27171896752134,138817.76837502426,130.10989384052843,34005.65059037721,1.261876277413199,54.82767364109156,0.44550166932452406,1.834294300941579
450,1603.7483534028288,0.2657535148911556,5.1077560829823234e-05,416.2488766496849,139285.34486240614,130.3292895635176,34007.216783473785,1.2599163848777624,54.78430601694549,0.44503562781415673,1.1587001551818616
451,1599.0394864365478,0.26483543738236603,4.949997824547472e-05,409.7865198559922,139746.36532127246,130.42309764425704,33781.97494926403,1.2635106658575725,53.62068164336567,0.4445711246279179,1.2477429292773792
452,1588.978428381507,0.27094261438938205,4.7943051055335617e-05,406.0454480380803,140203.57279992022,130.1424476027237,33562.93365965974,1.2678425684887498,53.79801045046037,0.44388705125321876,1.1499096602648535
453,1598.4626290741326,0.2678394189999912,4.625920349222603e-05,415.3605023449708,140669.80755217283,129.997813184559,33546.93031803647,1.270724411474734,53.686291798613865,0.4432768756451253,1.1711409062290556
454,1606.4710256743679,0.26424763017537034,4.4550088505285104e-05,408.9427687005415,141129.79356125806,129.96286691282543,33548.76694461153,1.2704410728188054,54.634791474431765,0.4426779280530691,1.4312573561263235
455,1587.553597678056,0.2732008797258182,4.293471633325734e-05,417.0726054485246,141598.0142643143,129.9832001138712,33326.80655513128,1.2713845950580844,53.4872854914112,0.44232235286668037,1.170348161968576
456,1570.098792039686,0.28062465513431345,4.1322519749363985e-05,414.1009924185852,142062.91311438847,130.10031886126868,33105.001669976926,1.2742477293073775,53.31996444811304,0.44173660068795056,1.176443359353513
457,1569.8327892391314,0.28025728378364756,3.9667978451457726e-05,419.4789901062808,142532.86169648732,130.55799184682684,33104.57947748897,1.2729737067374496,54.169589827928206,0.4411391707932446,1.1282221947487159
458,1564.3452419637738,0.28331902109049556,3.802979147471762e-05,418.54687074845975,143001.74801015726,130.44838859107028,32822.25066853552,1.2782093872167095,53.65215920173443,0.44076574600187884,1.2060374595052679
459,1577.9713053899636,0.27872667675798435,3.635142941191575e-05,412.79078838951847,143464.74620839546,130.48127059607646,32821.45738948902,1.2747658960162833,53.31005669240346,0.44030615982786653,1.1196622975239023
460,1561.2376722275408,0.2855680473391631,3.4735206797806674e-05,415.0865119141107,143930.36502566544,130.7470301226562,32781.295814011166,1.2760670439358444,51.411080871328735,0.43979826121715143,1.2634815233145815
461,1564.8933431798825,0.28605460014876627,3.305720999473508e-05,412.2543175476307,144392.7666840591,130.86950793383224,32777.75586944947,1.2765856794276564,52.24944738624719,0.43891693538055865,1.1111714523296143
462,1541.0264469327121,0.2974738149147639,3.138571266736732e-05,422.50804139822986,144865.41519789354,130.953686622266,32776.55339482513,1.2779610014005562,51.73452362592817,0.43825956792506426,1.2090625864226041
463,1543.735842557196,0.29953711637757363,2.972256341768381e-05,421.59726672709724,145336.6913194906,131.18199510411503,32777.88640366634,1.2817042735345836,50.9706880461993,0.43753138079123266,1.4935170388034607
464,1522.5446178433515,0.3091009451014538,2.804880366597476e-05,419.36670625863195,145805.78528533044,131.1029592218501,32774.98143367557,1.2809022717573237,51.578230963137685,0.4366872218690696,1.098558233667461
465,1521.520525816666,0.3092228967966706,2.6282605084484054e-05,426.8019186357067,146281.71759365147,131.4986241269724,32495.110314407484,1.282191673799579,51.520444413423505,0.436009820469633,1.0943784315653744
466,1518.6923132246377,0.31048374385748545,2.4573463254296218e-05,426.8164875328155,146757.53958904173,131.97801194200605,32496.230046016022,1.2825184010538675,51.634310410309666,0.43535795482351,1.0902267985398026
467,1511.6592440216393,0.31225999394121395,2.2848634719325563e-05,425.2423262020087,147231.61598729808,132.15124057841052,32491.68408713802,1.2851798637532832,51.399789866045474,0.4347670724209519,1.2831158886707357
468,1533.4568967837833,0.3029281530573936,2.11439673474574e-05,415.57454412442655,147695.8665342245,132.14334413420235,32493.725122870226,1.1913577959633301,51.64176993109788,0.4341643499744033,1.412580473478954
469,1519.0781799971492,0.3085393737361014,1.9502773107396427e-05,423.5749782456813,148168.77892864117,132.04800981041907,32276.315076065697,1.2784736603620284,52.08500242866389,0.4336507916197325,1.0778391729807737
470,1531.306735308981,0.3038943378159058,1.7814641988250446e-05,421.9079852714131,148639.53316198985,131.68684630117806,32275.191584013028,1.273113624563888,51.3004285920115,0.43325363400653555,1.0737490088523174
471,1533.3365162578218,0.30259693250565745,1.617195644392865e-05,415.4147236805413,149917.42737883027,131.71392099340525,32047.75704562112,1.2799306123590528,51.412506397921334,0.4327123470761746,1.0696634818045396
472,1542.9573444595026,0.293060762089993,1.4554290081415353e-05,420.45003013861214,150387.0969577887,131.7314927377336,32060.564044634983,1.2844060182187145,52.70369753368335,0.4322260784254262,1.264889289406156
473,1549.3188000739829,0.29091607204667225,1.305128337169526e-05,413.94897957428117,150850.64315070095,131.85866775199523,32069.35387328871,1.2769779658579619,52.644828619263976,0.4320492427684147,1.430046562890368
474,1532.3777310685239,0.29729247035925366,1.1581250095463256e-05,420.9418405014115,151321.30498203906,131.87011329162925,32078.01508400722,1.2788642676716309,53.283300420471576,0.4318765694294703,1.0575229065337055
475,1538.5708167805603,0.29431815730512445,1.005422645694471e-05,393.5223447875043,151764.30606923025,131.94535919323556,31853.59147437509,1.2519077605530038,52.50522931239327,0.43184394093743117,1.1200905382264068
476,1557.6010593299732,0.2867793989106493,8.56116711191027e-06,414.9398336642163,152228.73335553706,131.5172377455631,31854.79385557101,1.2783650725950055,52.58601221096484,0.43165178903137763,1.0494924450191547
477,1558.14349675397,0.2867229026144119,7.158419149072758e-06,427.2903455016879,152705.84113515035,131.88658949544134,31860.36984896535,1.2778051631459175,52.76429272179927,0.43148868794714274,1.0455045852922211
478,1557.1426835436457,0.28508569862968725,5.761321776345191e-06,412.52610717179726,153168.20663438347,131.99617456285472,31644.476245731064,1.2726074315666684,53.12366768246866,0.43137565863136107,1.0415339020462255
479,1551.0159731613046,0.2863954944211967,4.374318489637809e-06,411.8644321449762,153629.94316539943,132.2139025624398,31647.586415407783,1.2839773180563498,53.881812527495924,0.4313489211173243,1.214841380242433
480,1563.5941865329692,0.2815889675203891,2.9977484290093893e-06,413.79651922971516,154093.56435345317,133.50320760105825,31650.890934115178,1.2801118521136694,52.93396568376127,0.4314688072970113,1.0336316500966944
481,1546.845983322458,0.2876006183873322,1.6765829524800718e-06,401.76796935893327,154545.26085520923,133.32061785589445,31652.313219720367,1.2808661868398776,52.98308618345603,0.4313791338681329,1.0297060840044452
482,1544.7836121249702,0.2880674782768574,3.036451694282194e-07,421.91867424906957,155016.78846618236,133.30266229564035,31652.40799112745,1.2782775202099468,53.45422577061953,0.4312956611916511,1.0257933955402905
483,1536.7377598191547,0.289742179862748,0.0,414.11284017915585,155480.49180492683,132.8750815311706,31658.656392959932,1.2767566694738666,53.54506559836389,0.4313208614964994,0.0
484,1553.8957068316302,0.2804398205218108,0.0,407.81484890664575,155937.70646379478,132.8892260393725,31657.281404265537,1.2820703811813836,53.60549733999489,0.4313429335220319,0.0
485,1553.259453874121,0.2817039919367722,0.0,413.0502512806247,156400.5021893479,133.27254673714128,31656.734507816334,1.2768681273439524,53.96431861276038,0.431380620228984,0.0
486,1573.5143187247581,0.2729736222732575,0.0,397.34897092404526,156847.6243849888,133.23899418603727,31618.401659984982,1.254199678225982,53.50019145236693,0.43149697604350407,0.0
487,1566.0554073852104,0.2763673474542734,0.0,417.0296194039835,157314.753090847,134.38482064180639,31621.86060808432,1.2751160639769223,53.94938332863521,0.43151190937323375,0.0
488,1566.6524332883516,0.2717093625147309,0.0,374.56110703822674,157739.22066730144,135.22784886186344,31618.479613785847,1.2605376350587205,53.982383670678324,0.43162597008929193,0.0
489,1559.3364803563152,0.2785957031959174,0.0,417.1407545158298,158206.1917657046,135.12791844117288,31615.640030868515,1.2731838737595977,52.636773644303624,0.43174508106500536,0.0
490,1551.8256486914006,0.2828095434254012,0.0,423.0702554610444,158678.83998950783,135.9612888380136,31616.894968564317,1.2819058961234728,51.8776929680087,0.4315739509497014,0.0
491,1539.8169231961056,0.28739838700852427,0.0,413.47381878773683,159141.71102369926,135.26653710920635,31556.303614816858,1.2774769989690313,51.59658110689714,0.43125271994414843,0.5208581927875713
492,1528.882632152561,0.294516449044228,0.0,419.18023221160854,159610.01852091536,136.23900447858512,31555.891592783577,1.2779245620994502,50.68032272360757,0.43090393922624304,0.33139192857981925
493,1518.988510598418,0.300925284020077,0.0,414.7378011812513,160073.62871941543,135.49777897812373,31555.400620515513,1.2785534522782638,50.410957461484315,0.43037570224573685,0.022952632570962805
494,1515.964118999047,0.305375448031902,0.0,416.5688721844251,160538.7470058939,136.25354534097704,31556.22350474055,1.2808842351708343,50.522304450669196,0.429812602874874,0.0
495,1502.6885719118839,0.31415078303572497,0.0,427.8342637972266,161015.03978486787,138.2351556863131,31209.765001920085,1.2827133436922686,50.46798157896714,0.4293048589129185,0.058330584941089114
496,1502.3545652437779,0.31425003386703854,0.0,393.83290668980374,161456.84232514934,138.2261435637503,31205.045096923524,1.2478726584268198,50.646013645184425,0.42880372613709156,0.0
497,1497.9120889836279,0.3179038798421002,0.0,434.3276639704274,161939.0772838313,138.4883767469671,31203.486811087372,1.2755309523239913,49.98584990153813,0.4283807078132729,0.0
498,1473.284097656239,0.3296658456121502,0.0,433.93577997454355,162420.78416631263,139.18371011348992,31197.563828889222,1.2771643192223237,49.98321557932793,0.4278414335496075,0.030065392862198337
499,1486.497294554254,0.323956293635422,0.0,430.28366891437963,162898.1222528685,139.02512597453727,31195.28070046283,1.281756768750039,50.224291060418,0.4273267731326556,0.0
500,1486.8712684320365,0.3204486536918475,0.0,428.76785437628445,163374.33501072915,139.6159930018082,31192.086032649247,1.2767249976669657,50.131923808876394,0.4268990362221145,0.0
501,1479.4740350373195,0.3225730672453321,0.0,424.77154774386145,163846.59991191875,138.96368160442336,31187.256249301037,1.2832409146329626,50.37911875138386,0.4264767822352253,0.0
502,1484.9714640738932,0.3196888078946629,0.0,424.5529514352572,164318.51153556377,139.07804579194757,31182.449454992035,1.2623529789274655,49.99180101335271,0.4261323970352699,0.03651733143246361
503,1471.372663751181,0.3237721138873173,0.0,427.82162268986536,164793.7767239214,139.40931986294746,31176.614561787097,1.2804786590823307,50.208947371581345,0.4257270549561733,0.0
504,1480.2072174692255,0.31843040522674004,0.0,422.7909185457752,165263.7196257219,140.1024004009545,31170.954367212133,1.2788845024674178,50.375320886598075,0.42539139543955873,0.3919184653643839
505,1483.4980729872264,0.32017063276294055,0.0,420.4473372732599,165731.62101424488,139.31015037227598,30636.569037913065,1.2779228504225066,50.80902712278198,0.4251214880853923,0.04674692215345999
506,1471.2054230515212,0.3241664528772784,0.0,428.51340324053166,166207.7226858793,139.10289235495182,30627.075124687944,1.282674651962143,50.46397409352153,0.42495320881509396,0.0
507,1471.918063934766,0.32336361701753025,0.0,425.4110677634426,166680.5892274352,138.4586152993353,30618.685010928395,1.2773827079912876,50.68361730238708,0.4247220788965134,0.0
508,1486.2926911156642,0.3190691616187543,0.0,425.06651832863804,167153.16045184497,139.02818789117865,30608.898210500676,1.2811522874864778,50.74607984229822,0.42455324807100125,0.0
509,1507.5636126463014,0.31068540742970363,0.0,403.38685096611033,167604.4004669829,137.0742981169188,30604.167129212536,1.2820754608796678,50.693352119542055,0.4244099301758965,0.13884694868488623
510,1500.3459589543058,0.3124631215558835,0.0,-301.50037998632126,167351.20895434162,136.47336410935992,31142.630769094205,1.2424033473510114,51.373918227112256,0.42421963262866297,0.05593210485670852
511,1489.933597961152,0.3157589223649554,0.0,987.4421301099151,168386.78074160617,135.0807433843057,31132.608454633464,1.288684826487042,51.21735308142448,0.42418615250007735,0.0
512,1540.6335102196695,0.2838643478141146,0.0,542.8934171397921,168977.62293136725,135.93956258139934,31122.47628979591,1.2830949494490713,53.48956449393634,0.42412309189482356,0.0
513,1555.6732166355798,0.2637839082297744,0.0,422.83082885027227,169450.02830449538,135.40070929232135,31112.317457899204,1.2848328027467035,53.934616174801974,0.4245530567949189,0.0
514,1562.6591776619362,0.27447827442608586,0.0,398.15584581055435,169898.14693820925,136.3930747704186,31102.200572337453,1.2555757721132608,54.095660328999124,0.4250601597327555,0.0
515,1565.015560303131,0.27502912969182225,0.0,399.03020351600486,170347.20862319376,137.79964746232977,31092.060404877542,1.2615477373599693,53.25602047533191,0.42557971206443757,0.04102341265715381
516,1560.4748910920757,0.2835596374573254,0.0,430.33144219366784,170827.6133846745,136.62125636103607,31081.82358705668,1.2671727886660533,51.978842929957054,0.4258891395658479,0.15847711482456361
517,1568.2712872169798,0.27987301718678237,0.0,411.11198313075164,171288.52314254548,137.78205411154966,31071.831688379356,1.2434476736385627,52.387659818157545,0.4259248035076476,0.0
518,1552.840764315743,0.28995247545150193,0.0,421.2302020592512,171759.79759359994,136.84623159522448,31069.28723907428,1.2724141460864693,52.05540617227323,0.4260457755526738,0.13055402342052957
519,1546.8005504242371,0.29305777997266613,0.0,421.07144892993216,172230.58616857094,137.2087437925104,31064.171391773252,1.2004052130618188,52.18347372077393,0.4260962152379827,0.0
520,1553.0652722999816,0.2921517840006761,0.0,404.7970637199135,172684.89648483563,138.41040855925453,31059.329097304566,1.2409718302608794,52.64604704628264,0.4261717943933053,0.0
521,1555.8221582797519,0.29164689221453555,0.0,431.45993234283355,173165.89362340944,137.80419445068316,30994.23892185074,1.2571953237396605,53.07709757317558,0.4263460116806657,0.0
522,1544.2430767713515,0.2938272594339085,0.0,414.7704017367575,173630.2264028863,136.64438394814832,30988.869432313124,1.2654805244857132,52.88287477723401,0.42660713327360184,0.0
523,1548.5549775816144,0.29157942781653956,0.0,420.4217587085636,174099.96043737716,137.3050829175507,30700.29448875667,1.2638690646108495,52.8777490787282,0.42681695294912303,0.09851034471648745
524,1535.5056489919825,0.2956415514442986,0.0,428.7094177289173,174578.0534538869,137.59007386525403,30408.00443354321,1.25809889325495,52.292721987075225,0.42702091080769966,0.0
525,1535.521328718117,0.2960765070742454,0.0,416.04922549981495,175043.23765316702,137.07751358906435,30399.2093590057,1.265251959965096,52.413784774153655,0.4270903743647674,0.24944474705021946
526,1524.4383327487092,0.30017077194812347,0.0,404.10223030464266,175496.41706746083,138.10446376194415,30391.52534258157,1.228279209185276,52.32719561744261,0.42719170952061947,0.0
527,1525.1411772961458,0.30067945019791753,0.0,412.5649096485426,175957.68227541688,137.04000857719075,30382.215918806058,1.2437591699519626,52.17868996509716,0.42726666918169126,0.0
528,1533.9606623092277,0.2975673803516632,0.0,420.41122950816276,176426.70687976573,136.5263082867961,30374.822795061707,1.256784005829646,52.347549813966154,0.4273094251496126,0.0
529,1532.2611136166934,0.29734371197425646,0.0,423.1680855993339,176898.69245836575,137.0184774213223,30367.092119425346,1.2552404324243533,52.658840887484615,0.42738950480889826,0.0
530,1531.8601120224107,0.29609994076814494,0.0,420.1742480942534,177367.80274081393,137.78314210192445,30359.292801289743,1.250173667084702,52.822644709346264,0.42753549381769457,0.0
531,1544.7633720084225,0.29051886624566714,0.0,401.18648445823294,177817.8709671265,137.8494139498538,30351.168298014283,1.2242987594676022,52.771892817677,0.4277124930374011,0.0
532,1542.484587265207,0.2906939488409622,0.0,418.2478805768543,178285.36548917677,137.49496976158733,30343.08263967528,1.2538315850841435,52.970991122977836,0.4278730095586949,0.08199994924392229
533,1543.3202499502927,0.28858404217631006,0.0,411.10996004633137,178745.64205265994,136.76454126287672,30335.60769918033,1.2530673751766817,53.107479533882795,0.42807332791243236,0.20956253023021532
534,1545.1874061142826,0.2859250825096896,0.0,411.97972423536214,179206.75031847006,136.71378567818422,30327.733655911492,1.2517418173813633,53.364469738026045,0.42829913253779506,0.0
535,1552.608797201273,0.284466189325431,0.0,414.6596242691098,179670.62423437685,137.34012018414515,30319.59863374325,1.2596426399161138,52.67820040686897,0.42856667659523623,0.0
536,1551.536419841553,0.28566947371989015,0.0,412.94956480088007,180133.01691655273,137.20707618955083,30310.288692547787,1.2584613469034884,52.92717700272111,0.4286771114208042,0.0
537,1537.82686621675,0.29276483378180984,0.0,409.6061436036185,180592.11140844415,136.60848925588638,30300.929027846283,1.2528740991660103,52.91143724438423,0.428838486470898,0.0
538,1549.3983212006037,0.28720662853488377,0.0,417.835224323825,181059.1379466185,137.3189182790608,30292.137222549136,1.2552531875026678,52.59286794502861,0.42899157034910534,0.0
539,1563.1518182682414,0.2828098882379906,0.0,400.5612470194414,181508.70506466142,137.71392557106054,30283.85641594634,1.2461405436121977,52.71453464048882,0.42907196179533263,0.03598627807905075
540,1558.1708550836693,0.2865683135443755,0.0,-5437.277311608351,176120.7776101839,137.37336451023646,32784.19073165203,1.2539874371689697,52.93633063872892,0.4291784011638855,0.021882295916910266
541,1561.3749103427017,0.2837862000209921,0.0,4852.601941264901,181023.00567873564,131.34853353244725,32775.1522751006,1.331447700517022,52.69341805283931,0.42932508241973394,0.0
542,1741.6687033545193,0.17285580441815462,0.0,1422.879452754922,182495.70392368862,133.61340953686283,32766.46058270078,1.3256428423991051,67.56663188526281,0.4294196928182531,0.0
543,1771.6999170614806,0.1530753474836779,0.0,582.9501988176687,183134.7090164356,133.9606965641775,32755.249364288484,1.2798661948062116,69.41131543921338,0.43087579652845115,0.6362633625570311
544,1794.4204180804268,0.13978047346468803,0.0,347.4909100637764,183539.34655822781,133.9527479908827,32745.703559674905,1.268063160324775,69.89763712383493,0.43102897427992004,0.8289866463076692
545,1801.9256390291614,0.13507135319332875,0.0,296.5083902354179,183893.92872762142,134.18503223092506,32736.109638937385,1.2669560088838983,68.47332381326102,0.43248344391638804,0.6609988310147514
546,1811.5025620178246,0.131851377624723,0.0,283.80992949119536,184236.22408002138,135.23243644930892,32726.4314797438,1.266410344270483,67.89252816140198,0.4417265614551982,0.4894948859862609
547,1828.3680658833478,0.12297868958397506,0.0,270.93542422354784,184565.95448841702,135.63266736940662,32715.29139915571,1.2650689252642882,66.97301951681983,0.4461139339862564,0.07855807714781804
548,1834.1818901779895,0.12050945047285111,1.1211986984194024e-07,226.3976156178365,184851.56055391894,135.25558714952203,32705.74294238026,1.2445672368207323,67.27615354491016,0.4438002544854471,0.48227734880052253
549,1821.0823218507421,0.12968925784318663,1.9943461297154712e-07,264.15782774959456,185175.10911958106,135.742890619935,32696.20457088907,1.2686642347097412,65.57022492393511,0.4484294826739661,0.29373532630398813
550,1822.3569667954273,0.1314816032022127,0.0,277.66072569335836,185511.74693584995,136.20051494018173,32685.205796908765,1.2692338958388072,64.98385112207393,0.4528700555571844,0.00850736340598246
551,1820.129855479147,0.13305289060479697,0.0,-440.2004045757752,185130.40414345203,136.41169485773696,32447.7802508645,1.2662934770927838,64.14914873978321,0.45239369337393115,0.023330971872439932
552,1807.9412145277513,0.13884921853267962,0.0,823.2412172946706,186012.3386441692,133.5500018631968,32438.59937881394,1.2844856359752985,63.95846846734308,0.45185014886126457,0.0
553,1829.8978508626562,0.126913106672364,0.0,407.20854442913657,186477.96705376107,134.408943123803,32429.174555188154,1.2719941015159972,66.9967914627463,0.45170438424863174,0.0
554,1827.110768989551,0.1251086180664186,0.0,286.82016107969275,186823.77708401904,134.71989314897897,32420.535141857883,1.2654305798383192,66.64964406442712,0.4592794678290153,0.0
555,1835.8561430146037,0.12024894022944865,0.0,256.0503410330199,187138.80941538242,134.83143547723438,32410.978771663766,1.2590908070574298,66.52847997757348,0.45491248978483384,0.014960988675596809
556,1831.233533811043,0.12327389871145744,0.0,231.4055676141454,187429.39282716438,135.63580849465896,32401.863201577395,1.222699177013959,65.74795656722522,0.46270645816813555,0.0
557,1829.5324189689254,0.13179132154336792,0.0,-3486.6628992244405,184001.58728551085,135.0864880827793,32163.934138220007,1.2606793615460228,63.76125261276613,0.46395274378380535,0.0
558,1818.5500003770633,0.13792855873773435,0.0,3169.121772500055,187229.12489970637,131.46115732962355,32154.169163335748,1.3266501867823592,63.1599403431142,0.46470086901698004,0.0
559,1850.081904573784,0.11320471442361524,0.0,949.3452451872683,188236.59387472123,133.45013769648753,32143.506525886933,1.3155000762947655,71.39954404949056,0.4637958555694318,0.0
560,1849.9241738711128,0.10965373382856669,0.0,380.301857885431,188676.3591392845,132.85043509329228,32132.89960659324,1.2735272877061006,72.8508096250103,0.46150201004359703,0.1771233699689958
561,1864.406048314502,0.09808180485002105,1.4027741229893129e-07,250.41824255166267,188986.54330993036,134.10848756883655,32122.27606825797,1.2681908164888513,73.4472067533906,0.4636052216912301,0.13576170389197273
562,1877.901375756141,0.0918250832466132,3.5016745036034246e-07,210.7928541011969,189257.67614868202,134.62369250842826,32111.642517996595,1.2697136668848863,71.8939246535829,0.4641629546461744,0.0
563,1871.6993108772756,0.09393466070264922,3.2620412823735847e-07,156.54829850733165,189481.1706690085,135.13482044901144,32040.99015312819,1.2605470973271802,71.32052243179575,0.46448759258655337,0.014877307362894499
564,1879.6584441408706,0.08747643342977907,5.465905469674852e-07,228.5969398443557,189770.3215313678,134.56310078965654,32039.348593161663,1.263139157266932,70.9030947819372,0.4645356428895457,0.0
565,1879.0693865485791,0.08958562006620152,8.624368995828398e-07,191.3114980075216,190022.60486805468,134.3989848947383,32040.38512537173,1.2548101900782005,70.52833850435557,0.468595619211748,0.6780445540010192
566,1871.8674733993694,0.09394785409198592,1.1480748088271748e-06,191.25583534142538,190274.73849402455,134.55850057088958,32041.25085897958,1.2650080264632886,69.95735686147876,0.4682300180074321,0.2079951602379424
567,1878.2053586753957,0.09725381224440455,1.3846017585602654e-06,200.1658170524894,190535.55025731228,134.26974830884654,32040.39663808772,1.262417816415799,68.78418215854894,0.47542054697320235,0.0
568,1873.1464258363678,0.10047766503683708,1.3191658258346932e-06,210.36584940349127,190806.7189161041,134.93095806595633,32033.635464034716,1.259419460943473,68.6215136550239,0.47915632788940754,0.10132631886864374
569,1869.000570648574,0.10524058114606649,1.2158598210534022e-06,210.67877063655487,191077.98661492456,135.12230134497855,32029.018823547154,1.264635249781889,67.50891420327036,0.4864360034608687,0.8192183386577483
570,1850.7834032214917,0.11681097445345034,1.0635246277994963e-06,-13043.742374324927,178094.53525274788,130.1504160509677,44018.97674139752,1.2555654955956086,67.08917572298577,0.4869592661266372,0.007507092903068724
571,1858.8520791771475,0.1151847230490004,7.858593797197557e-07,9554.64304025358,187709.451904264,130.32858903882686,44002.13398672033,2.154690072881129,66.02063914834496,0.48495157869630756,0.0
572,1891.7040034785769,0.09122035118962324,5.253266818568583e-07,475.25499451655793,188245.03245551977,133.48802469337258,43984.90717021259,1.2850664500631859,80.23998179565103,0.48583967028888203,0.0
573,1901.5632398081489,0.08398999407327967,5.320785734865357e-07,229.53467025175866,188536.51629233325,133.62012265453797,43967.776063280435,1.2606658582192038,80.58945098513432,0.48686988608753445,0.20597965256041562
574,1917.804594918927,0.07391728083150095,8.195816506604878e-07,186.85865444567725,188785.7038424779,133.07891380478532,43950.67468059294,1.264339576703797,79.44627897608544,0.48968458400551707,0.08999878921864024
575,1934.9927399517244,0.06421141089040772,1.0016421856873311e-06,158.66867347329622,189008.9966115239,133.38703139415279,43933.61951521134,1.2575236445624858,78.18564422688027,0.4928465677767583,0.0
576,1937.7158664910194,0.06362778759801024,1.278569003796398e-06,145.7388164092357,189219.8241516996,133.10499935920348,43916.590398367516,1.2557363890083655,76.29231708011213,0.49289714653259015,0.08035306930497654
577,1934.2303846843622,0.06395119883514389,1.700332475484913e-06,140.00495171460608,189425.024879983,132.66792775601718,43899.631431541704,1.2600803259646853,75.19793108694844,0.4929476848596298,0.0
578,1932.5111697558161,0.06516061145736884,1.9492745914232026e-06,135.41368125141673,189625.56732836764,132.82870075924046,43882.630911137116,1.2617118700290937,73.9187327064057,0.4947772950295545,0.0
579,1932.6638030238569,0.06469734028649321,2.196722810686735e-06,146.7250029068228,189837.4454861628,133.02622552266115,43865.68030757299,1.2611735310442047,73.35487944415597,0.49118355984038586,0.0
580,1938.5077304498243,0.06280985322543642,2.40365312743553e-06,138.73723295561894,190041.61712601967,132.56631835699412,43857.74097525222,1.2714740678836598,72.66580536878719,0.5001300167529518,0.0
581,1935.981006329232,0.06551373247953118,2.68506811055096e-06,148.17621241676648,190255.44840588263,133.20113774867767,43847.65713599682,1.2725651887580225,71.07040425129928,0.49453446545903423,0.0
582,1931.0683488244636,0.07490658814422613,2.9465876118459288e-06,145.81880972563005,190467.00406893657,133.69970352477236,43837.7438898525,1.2695245979784706,70.21121945801171,0.4857095362349651,0.0
583,1912.728489881809,0.08509168536401968,3.103898915487705e-06,158.402997956123,190690.65765896154,132.89175385220028,43828.878763926616,1.271305517614978,69.5673349701854,0.48743744291205016,0.0
584,1921.4391882884147,0.08336758748537876,3.112172610436787e-06,187.86829662266342,190943.24422651978,133.1867650822437,43816.56550734175,1.2626074032775005,69.58288470042889,0.49003153249169423,0.0
585,1907.5244489716285,0.09337422071831858,3.142052500925991e-06,192.32764282168154,191200.39078554278,133.33863608630543,43801.44801526298,1.2702026745287582,68.9794178556314,0.49571685084418315,0.12190329271771816
586,1919.9948689543942,0.08751800510849228,3.0680497182722748e-06,197.51405186317942,191462.3490405367,133.4831427611162,43791.15139523874,1.2695069953273694,68.34241556671448,0.4946616137437438,0.0
587,1922.9864051355985,0.0878858636994172,3.033573447929349e-06,194.1648664040154,191721.5016075598,133.50016982369132,43775.084773624185,1.2718693273806945,67.87814945829768,0.5006506203092116,0.0
588,1914.8418789225486,0.09352553048689938,2.997653653130516e-06,191.88849004669896,191979.39365029047,132.7386468838487,43763.56746749185,1.273439025018572,66.00530975132124,0.5041831756434966,0.0
589,1918.8498737641441,0.09110217183803193,2.923525950253036e-06,201.95258582275932,192246.91995662428,131.97042936236127,43748.19629714318,1.2754721645212763,65.66194668685446,0.5007700748627852,0.0
590,1910.7900941349717,0.09927686308812878,2.9042696128671476e-06,209.73635548747563,192521.7456078862,132.56713415574742,43735.689361692836,1.2702452140268374,64.71745335629086,0.5019793432618994,0.19465297709908214
591,1911.0535160226311,0.0994354126350484,2.7732816540947e-06,215.10716781594243,192801.49925014118,133.06507210290758,43721.76710557851,1.2677203893949323,64.27117799844137,0.5023505446947844,0.0
592,1893.730179393408,0.1085860860323361,2.6198974236987126e-06,232.64714970679995,193098.48133839708,133.401525871423,43705.13734439178,1.2726477845958888,63.689363420851855,0.5021521482425095,0.3341763848385426
593,1894.9385581546726,0.10685048493036031,2.393065968975939e-06,241.13826728367462,193403.3675347562,134.46642758651254,43688.399418984896,1.2763453200092267,63.33154322822868,0.5046751071076974,0.0
594,1889.6003681877296,0.11316894203657202,2.1656812652907826e-06,224.08591123259555,193690.9831109705,133.05259964136712,43674.05859764763,1.2671616265215442,63.13631337605399,0.5026711740876693,0.0
595,1871.9475070506917,0.12186395134797756,1.8668402055203263e-06,261.0548533854231,194015.8828978552,133.6658020091134,43658.5852462106,1.2688778732559347,62.428454876663864,0.5019425637068025,0.0
596,1863.0579056434838,0.12649300267351116,1.4789649667002266e-06,261.0125636734298,194339.97888641356,134.0553911080894,43642.250102321035,1.2709326153865197,62.32854717868324,0.5004932609427362,0.0
597,1861.247082476942,0.12609672542531392,1.0613333358454242e-06,272.27361952327976,194675.07999057794,134.33885222665705,43628.14102998013,1.274090438718844,62.61575560437184,0.49909697947858284,0.0
598,1846.5640802244463,0.1337720675248082,6.562731452129511e-07,280.11283248619816,195017.85903654728,134.5930392844448,43613.73708754566,1.273697151085895,62.40715205293174,0.4978339127908538,0.13407875044745765
599,1836.675513673213,0.13667517360023407,1.765114680555476e-07,283.0017566048695,195362.9392646763,134.27822112189114,43599.35039562168,1.274000807705645,62.339118737070706,0.496594533078422,0.0
600,1839.52640341906,0.13654953946570958,0.0,-544.505242652732,194880.1121905978,133.74046003336613,46292.32336305712,1.2743658792127543,62.104055695428094,0.495351263547528,0.0
601,1835.5391950651183,0.13861444730723393,0.0,922.1508699357403,195863.82316800198,132.33847671886957,46274.2897664173,1.2886712027587695,62.169756866379274,0.4941217913253687,0.0
602,1846.4525214937125,0.12660013186960817,0.0,435.1104769851965,196360.14007109377,132.86604988295463,46257.87634174086,1.2797175192976724,63.9191213684187,0.4929395912153653,0.0
603,1844.3280893752435,0.1260688359005877,0.0,306.9830065589427,196728.73849334253,133.3003932708421,46239.964810275385,1.275567430635567,64.46831912119268,0.4896093664471663,0.01679775126476102
604,1855.9385530815746,0.11981098130029222,0.0,273.6686691330619,197063.7947926022,133.84207847039661,46224.2884543451,1.2757312452564542,64.0070573515266,0.491822869626947,0.0
605,1856.9515295105018,0.11963744284673872,0.0,231.70011085068614,197357.15533028793,133.74106945576617,46208.10313192596,1.2434168687309368,63.99666061200498,0.4911844247471302,0.0
606,1849.6713380299511,0.12353028969517377,0.0,258.0662417638357,197676.68185433303,132.7509542897191,46190.363613790156,1.2775188445352281,63.898696882922934,0.4900621980409697,0.0
607,1851.7198599513474,0.12246696110265676,0.0,260.71167712588954,197998.649854431,132.9569134954499,46172.67841693169,1.2677671051979127,63.77536836370126,0.49000731105781686,0.0011831349503381716
608,1853.9301273589344,0.12125713644748592,0.0,251.8195396571772,198311.62629344384,132.9129799618492,46162.728333273015,1.2511953193979082,63.53860646998697,0.4894153227132769,0.0
609,1853.5678722353218,0.1247786373078823,0.0,256.7649350109929,198629.54666905856,132.29868407490264,46148.65335796007,1.2657719027201797,63.11897745975364,0.4888039862298343,0.17187292444299374
610,1845.2799641694526,0.13003773009553932,0.0,262.6170408745683,198953.1026762395,133.6685332943994,46131.1734170609,1.2570756840439121,62.47184356800121,0.48813937227876003,0.27874373776342054
611,1843.2616220800774,0.13426533850227618,0.0,280.35162237768117,199294.02515304327,133.17043064942325,46118.861453011894,1.2656449756880372,62.259130450249245,0.48737388970129525,0.19489343310081608
612,1843.172730144509,0.1358756827743911,0.0,279.33654719545365,199633.64091966956,133.18429491380124,46106.416065675236,1.2636874955046649,62.094093922816214,0.48660093913483654,0.26731700169354156
613,1822.9693469995725,0.1462182277282702,0.0,-1961.7000304152843,197732.0561473392,133.18680720702693,45861.14835675704,1.2769323124185203,62.017476593104796,0.48583492923353755,0.286502933581545
614,1809.9065588271658,0.15026505110869448,0.0,2029.6534092707918,199821.0862114241,129.59152373020078,45845.472094815,1.3012294734613672,61.75874789772417,0.4850806543722083,0.800974928081871
615,1849.4353551549334,0.12261509815785465,0.0,703.7957172146018,200583.90979227793,132.19060639623532,45827.779901140144,1.2897238126711328,67.05625500456215,0.48373512903979327,0.0
616,1858.341874516122,0.11466107240443868,0.0,345.06155171246644,200989.39535350856,132.48892837248277,45809.99015498262,1.276919301548312,68.27154444643317,0.4830351890654018,0.0
617,1864.1642711225081,0.1108552037139422,4.352649647112492e-08,249.02764994169178,201299.1740252535,132.7047975537188,45793.65874424213,1.270438897914727,66.92340900283507,0.4850903008188288,0.0
618,1858.9739549622645,0.11396012382689413,1.514575341373507e-07,215.14654250424184,201575.34515703662,132.06081167325183,45777.894272193764,1.249083359043005,66.6380787470305,0.4856212665078636,0.0
619,1849.4891080884156,0.1198339553274298,1.7999858707959103e-07,252.3253430703798,201888.25759973162,132.26768361477576,45760.226672025194,1.2702307377425741,65.75102010822981,0.48604909800684154,0.43290033737301314
620,1854.1720236573192,0.11922274704156421,1.56575746689623e-07,254.93877618513397,202203.6616292922,133.21096287994223,45742.49502824616,1.2756525184739353,65.48446657644672,0.48579199629244174,0.13844794715657827
621,1858.457777012086,0.11639583644471962,1.460949436940649e-07,243.5522559324914,202507.64243730472,132.8645237981409,45734.857742572385,1.2679118704975862,66.3850446739731,0.4844953302097842,0.0
622,1872.1729111137367,0.11203030362413247,1.659727713464625e-07,238.0124952619858,202806.11348211038,132.7363956522802,45723.208240302396,1.2661325362633857,65.9148698207697,0.48634508718294617,0.0
623,1867.7454623777853,0.11331200906291983,2.31943923476225e-07,236.96214655939343,203103.76084649088,133.15576905236358,45705.39149110337,1.2773244364916883,65.83396293072266,0.4861797104708081,0.0
624,1871.4379564685473,0.11303143755477874,2.8450026840936166e-07,237.4969237279695,203401.87893937936,133.15422412816554,45692.69563696782,1.2811823752782237,64.66060726356581,0.48645909760393524,0.14620568675499612
625,1854.9252331227103,0.12162638626704925,3.3689897739173024e-07,241.2729976991738,203703.71356938477,133.32839577411892,45684.14169749592,1.275190656702708,64.49702517884269,0.4862522750430129,0.13692704697916724
626,1835.6264868812718,0.13092737571650193,2.9305815869375476e-07,253.91467022430953,204017.6577817797,132.77596974741772,45667.84381303613,1.2823279870444395,64.00449901334386,0.4860221150491719,0.1598595244645935
627,1836.7989248897136,0.1327143094147868,1.4943340319244146e-07,257.126997648408,204334.2248704529,132.9451274246456,45652.077339844545,1.2564302188351346,63.75192032148003,0.4857001865440901,0.0
628,1830.0330893028636,0.13703688523538882,0.0,271.4516148931297,204665.25577445843,132.42775572368268,45635.92101650224,1.2716501596790066,63.83216226314056,0.48533800562011825,0.23292334576581197
629,1829.4934103089445,0.1388193922081149,0.0,283.557896637383,205008.00915539515,132.35239713964268,45619.479501629154,1.2715797598644707,63.75103315353673,0.48500593806716097,0.17937203400518342
630,1832.0713788093992,0.13942229123083616,0.0,-4142.408502050789,200924.67138050677,132.63659830894755,48628.46207621609,1.2753936161904962,63.09484670242401,0.4846734106296632,0.4080534732160146
631,1828.847367411904,0.14193407796394775,0.0,3678.002900966759,204661.66337993168,128.61843832701564,48612.89269513396,1.3229699646187976,62.910281875586485,0.4842242750849101,0.446422406663487
632,1890.6021160927003,0.09843392461290001,0.0,1063.3451439109817,205783.7921870717,130.07274163967998,48593.74670624657,1.3183594312182374,73.47940271121458,0.4837606801638969,0.1855763723796997
633,1897.7507796666112,0.09186063880130468,0.0,407.335762666924,206252.18727524247,130.88887732542864,48575.3402879344,1.2765841238878826,75.6926391162551,0.48473397462286066,0.23656197361935938
634,1902.2546215826471,0.08825410492859564,0.0,224.8447134324823,206538.42951900396,131.90856468767657,48557.2824554236,1.2763765366800788,75.81893966948945,0.48461551622546534,0.15898013473642436
635,1902.5500630603083,0.08796660985552285,1.545859534103134e-08,183.3502926645951,206783.34052906727,131.31525895452526,48537.90272103163,1.2718736017471448,74.96937741656319,0.4851112939724552,0.20522528340981694
636,1903.1574128816108,0.08716513456624353,2.7653887232410145e-08,196.69016392835982,207041.57785799945,131.54142432090399,48519.63829032388,1.271389988819038,73.49222312420477,0.4856060768242152,0.15380856309587898
637,1912.4707693478986,0.08262373559257497,5.749085459190457e-08,181.46286912970254,207284.73681917784,131.39882593745997,48501.620394866644,1.2740057369851612,72.55392781672916,0.4853365519745132,0.14519519301740047
638,1924.4914963315298,0.07565959519186272,1.3913206162398804e-07,168.1389238811309,207514.84982285651,131.1473423695031,48482.23392760216,1.2721746720908251,71.26779096451246,0.491946221752142,0.01599813023173624
639,1924.135067216282,0.07701373148677049,2.9134868154456643e-07,166.4541061027163,207743.57320273668,131.2048313579955,48464.39749506761,1.2737839828194852,71.67228849626316,0.48933689467853836,0.0
640,1924.550484765038,0.07944871071526316,4.28332072695572e-07,169.2136600620227,207975.074479923,131.3778535394591,48445.03585887775,1.2660251856632656,70.64625164971366,0.48671615131404644,0.0
641,1918.1610567350053,0.08207364166439657,5.345374886938e-07,164.4935058326514,208201.68044526112,131.1859336609021,48425.68934558037,1.2693709803901023,71.16874740696267,0.48935676786314586,0.13267987947131132
642,1920.3353051059894,0.0822776201294555,6.123154281893893e-07,174.43121718249932,208438.08321318618,131.43939755998562,48406.39400406037,1.2694349183292126,70.3140850646372,0.4957700870147737,0.0
643,1926.1661129850856,0.0789831154566697,6.879784368803363e-07,154.9156760120738,208654.88385910782,131.7677759124673,48387.09932267856,1.2455792176597704,69.42738111152077,0.49617767044259503,0.0
644,1933.1660989333398,0.07861590141429242,7.587739988199041e-07,170.1624397170944,208887.04070349358,131.83591765331542,48368.0876795537,1.2417229455525753,67.8859989362007,0.49654841411416567,0.5803803864687609
645,1905.7933801965821,0.09767028600770677,7.694144368722609e-07,187.04314879320697,209136.23602420455,131.9455898486208,48352.607084605464,1.256163161665151,66.50706860902957,0.4966617608721043,0.16357974733014657
646,1894.74478165381,0.10554203271937712,5.758807407580855e-07,207.66015305135858,209405.21137550782,131.67828891687216,48334.51241461852,1.2614111327343727,65.70232047244717,0.49978033894508656,0.0
647,1898.5453545450341,0.10517540669794356,3.004546648984217e-07,222.08107391611549,209688.10928390248,131.5377017081463,48326.867368527885,1.2621857105832386,66.60752076813313,0.4992238980828187,0.012841023334402735
648,1883.4922533989757,0.11470489104391346,3.184961155084382e-08,220.5351825363794,209969.35717053426,131.32703858658053,48307.88949297151,1.2611131066617343,66.13294630932808,0.4971533493268686,0.0
649,1883.8510042612531,0.11901789465622892,0.0,237.185380869529,210266.87411696732,131.56183815995382,48290.353348549994,1.2628228233962193,65.11506981380131,0.4985446865836648,0.26383207591902647
650,1875.0238503454048,0.12328892952973758,0.0,252.62136254371643,210579.56829592583,131.87220700875812,48271.42481531637,1.2632353568417765,64.58429631461843,0.49784982051168597,0.30460703023967994
651,1867.5697651857004,0.12812644288692998,0.0,252.95004731725743,210892.22166072944,131.89672163310343,48253.620754521464,1.2625568162847127,64.56235396793706,0.497078504947365,0.013952383836596027
652,1867.699034072408,0.12961407599332508,0.0,266.21960917885013,211217.83217722992,132.29231244046665,48235.1939783044,1.2541621724684344,63.906226893442664,0.4963354079105491,0.0
653,1855.7757194567262,0.135109551636158,0.0,255.10665907406343,211532.25925380236,131.32720672543405,48216.11638579499,1.2582084881966513,64.11281036619675,0.49549017623696484,0.0
654,1857.738067486852,0.13480234368610933,0.0,285.41911698833405,211876.64655915942,131.51191205675755,48197.11243742999,1.2563193492821167,63.98524250184846,0.4947204499865332,0.0
655,1839.7307660347576,0.14235995749401698,0.0,278.16713659893037,212213.77426617927,131.11756974119535,48179.78164383049,1.2624042170786907,63.31982533981441,0.4939634094473211,0.23238155615663914
656,1834.884469864057,0.1456632876745766,0.0,286.41948326961784,212558.7525294637,130.98860469573427,48162.29538002735,1.2164499518433722,62.49172370830364,0.4931089953939001,0.01677551250085685
657,1837.9225825452115,0.1449075046770083,0.0,289.71687319837065,212906.6192201876,130.803410779538,48145.53963042727,1.249775819295651,62.87410047699555,0.49211636938825337,0.0
658,1830.2028518694328,0.14850941537135764,0.0,289.034634606886,213253.83740516516,131.33464749902893,48126.57345010159,1.227463055118657,62.57861219637361,0.4912564247286377,0.4740729764798175
659,1828.6617102944751,0.15013550482728877,0.0,294.2173155836298,213605.95594087028,130.86868737580477,48110.67843752518,1.2469095407385113,62.22994650441372,0.4903893973049218,0.24394005595453905
660,1832.0025352646576,0.14935395762204007,0.0,-1338.8533478513193,212324.9282970737,131.392525452771,48976.811516477006,1.2481539423304897,62.52585335042788,0.48946209511903027,0.25114942241222593
661,1809.7792588803916,0.1597579686762085,0.0,1547.4561483479206,213930.15715274584,128.6589682609828,48960.066134930355,1.2706530080609613,62.317105782350545,0.4886462845787298,0.19224839714644304
662,1875.7112054122842,0.11463900553691253,0.0,593.2684919031458,214580.49578770102,130.03046035893405,48945.769928587746,1.2523213302236473,65.79353036807268,0.4878267484194887,0.443114172141037
663,1874.9117308245986,0.11269734966253908,0.0,318.9249101471755,214958.53230421562,130.73750237360488,48926.515869193565,1.2504690182469127,67.40887867911943,0.4877081869900015,0.19667019910102113
664,1894.8824507843492,0.10111695843426549,0.0,233.8532226405856,215251.55657466353,130.63903752894169,48812.836090938355,1.2437324484932912,67.25113180601035,0.48811985454479867,0.0
665,1887.0901483196692,0.10605863901449852,0.0,208.1261736141123,215519.30999650242,130.8713704906627,48691.42121557663,1.2264076260442225,66.87564167417057,0.48726830281218286,0.1991681614066465
666,1884.0768154332654,0.10839928917985486,0.0,220.32334069931022,215798.8804159909,130.76106786245168,48672.20684450541,1.2400389857028131,66.77898939969825,0.4886120309794209,0.2047026777513281
667,1878.6519470169492,0.11340977285257037,0.0,226.07934528086508,216084.07085890588,131.1101437536354,48654.39229612533,1.2387666275035307,66.38778554799204,0.4887556691078494,0.0
668,1875.4238332082232,0.11724985855797831,0.0,228.20779605098681,216371.1680947044,131.12499679720568,48636.713045689605,1.2397704803934952,66.10728745390037,0.48880458575391283,0.0
669,1864.0603555417806,0.12490107860751476,0.0,241.3663963168339,216671.235503327,130.64015541340552,48617.5200357429,1.2372124857653224,65.886554254097,0.48879225202189364,0.07614638131323659
670,1850.569367745411,0.13188459652994855,0.0,-1029.294255276434,215700.2974798303,130.67349897393996,48432.01544122378,1.2453151211728466,65.42053399222209,0.4887363989119587,0.1999993132183988
671,1850.2082386401682,0.1336315819761631,0.0,1254.1285581546554,217012.41539108212,128.45398734692859,48412.89917935456,1.2663297668967326,65.19708503113709,0.48857540024393536,0.0
672,1865.434927497503,0.10243255652409944,0.0,481.424017481416,217551.7597122469,129.7024825126348,48395.672687210834,1.2206618984792181,67.19151902845888,0.4883710397826468,0.2560802202562513
673,1900.1815206611516,0.09607793274482701,0.0,256.4849490168787,217866.92624376895,129.92835730966212,48382.41696009931,1.2396074314415475,66.82428337243233,0.48861127037998126,0.8477339818381893
674,1895.6600130935044,0.09546036868268937,0.0,186.97461020639412,218113.43105156842,129.99716881139426,48364.02697178914,1.2321397683542987,66.82903771593843,0.488468664041469,0.8830373044277735
675,1875.4148504599414,0.11314727661332258,0.0,196.7729173955732,218369.64234551892,130.41017785635188,48348.76956243498,1.2135273150536021,66.47064518638668,0.4889516938447722,0.20239956969658124
676,1860.9004188116178,0.1240324985823863,0.0,244.64863613352242,218672.92629788816,129.72882888638128,48331.99332043894,1.2312585049402198,65.0852125562995,0.48899808922491367,0.21392457748231664
677,1839.507365610621,0.1356743305607162,0.0,260.55357797404696,218991.71004823374,130.05642347041814,48313.09403265297,1.2372007265289262,65.51126610754116,0.4875914054346573,0.0
678,1828.6113939715008,0.1446500015661616,0.0,274.25387354353734,219323.66457953828,129.91796819602672,48294.36994373519,1.2256027156233609,64.64739005824512,0.4886537635425449,0.0
679,1826.698195909198,0.14632168737199724,0.0,296.19705541698477,219677.0909026129,129.70735471956098,48276.82938801892,1.2292464137669539,64.73818971378789,0.48829870807220893,0.0
680,1806.375647869139,0.1546576708420152,0.0,294.7115005486982,220028.91794277087,129.58166640067722,48259.22864351814,1.2308154893988856,64.69191916378911,0.48798219137941556,0.0
681,1800.2462052699789,0.15925223062815286,0.0,301.6384143349207,220387.03407536112,130.33791966263465,48243.29239860448,1.2156565272378772,63.834277504631416,0.48767293999152694,0.011665379588293945
682,1796.7626177906154,0.1621466518134197,0.0,318.0222803850149,220761.25794471928,129.53368901327912,48230.54217562903,1.237887186415811,63.54408144385591,0.48719724149506094,0.20549243443650766
683,1795.9657594555367,0.1631677544547777,0.0,313.65390015894553,221131.1105185921,129.64000817572057,48213.48187567587,1.2353783980859143,63.8492246656505,0.48668936818574854,0.1793035921174635
684,1773.0868648821258,0.17425051152305615,0.0,326.7136275011469,221513.98756291892,130.10195591620598,48195.599333196486,1.2382000201349161,61.84059437616948,0.4862729680246928,0.0
685,1776.0260632476397,0.1720705116636002,0.0,335.98303888814814,221905.49131853622,130.2353348208784,48180.31971544801,1.234234163597644,62.47473653299214,0.48544455514230456,0.03828276531524466
686,1779.2907371427752,0.17030196172829537,0.0,338.95340682235627,222299.92707442804,130.34557633618027,48161.82205331407,1.2357344095921192,62.83017491632849,0.48479578744232227,0.0
687,1779.4514703823022,0.1664802984073589,0.0,329.4507400432206,222684.90929600305,130.45522857416012,48143.175175766926,1.2342346379030733,63.52641907283419,0.48425610406185576,0.18019826504853143
688,1770.1381711076829,0.1711106059114227,0.0,326.57978640744517,223067.1070810288,130.30244165833318,48124.50001583446,1.2315275141569124,63.7359021503975,0.48389827694815174,0.2405900038043569
689,1776.8637330408235,0.16761976789333044,0.0,323.1183226701782,223445.56279942297,129.4447108530321,48111.33000419158,1.2334736758732905,63.1588927334411,0.48360603727329377,0.16908501773157525
690,1777.5611028274209,0.16764308464694955,0.0,324.6033845019573,223825.6341339936,129.85560439850326,48090.0054144794,1.2313797466629712,63.682191686194386,0.4831920658423526,0.0
691,1766.3639546143968,0.17273827912310113,0.0,327.5255965860849,224208.5476381868,130.41720786989228,48074.32041849124,1.2378459310082877,62.43355503484635,0.4829080782011976,0.12766510392064845
692,1749.99319155038,0.18213534456836744,0.0,337.5961843130962,224601.49565200176,129.9519137236073,48058.48577509736,1.2351349503415459,62.317009873085595,0.482375582025018,0.21328323507508173
693,1763.604438377528,0.17513766571500167,0.0,342.25169812924287,224998.67648220537,130.01962446823887,47817.501420231005,1.2404706536514323,62.2911586751263,0.48184834306036756,0.21548978723565426
694,1759.3530089002643,0.18293967381109866,0.0,341.5088259007517,225395.3749924622,130.29650967182837,47801.2258398237,1.2364377841709915,63.0950035136793,0.48134346957311447,0.31923378162466065
695,1755.5550154090422,0.1865058640338847,0.0,262.1517206873539,225712.5160040236,130.21409264567671,47782.81752096665,1.236337273210956,62.810789088435435,0.4810398710021589,0.0
696,1762.0650215713765,0.18385591447997496,0.0,426.7819146964157,226194.2307934921,129.82352518611037,47768.42215094953,1.2419344090100188,62.47684538376279,0.4806717489382981,0.0
697,1755.0627370158536,0.18498781275399767,0.0,365.38580378231546,226614.67769312882,129.9686372541909,47752.44890315173,1.2321280401941936,62.801934179806665,0.48025201381287286,0.07517059431316397
698,1751.3876901294007,0.18627316919781545,0.0,354.6883001655876,227024.36857222806,129.48974671090167,47737.928894062716,1.2350530649706202,62.12229913435573,0.47992613797111067,0.1482735773981716
699,1753.1806087849702,0.18385120808453848,0.0,365.591575529703,227444.8431577668,130.40134263566597,47722.20918304023,1.2363045052935095,62.88005078672979,0.47947432495163933,0.05661483444453097
700,1766.6394753982831,0.17669837203516947,0.0,352.8011657585706,227852.64985233056,130.03505949847093,47703.93034407087,1.2373680942195524,63.11686015991896,0.47920650358875405,0.12296599259970264
701,1764.8319172151182,0.17583431515589476,0.0,343.6014067614685,228251.60821520453,130.33285025145585,47688.453404705244,1.2353191715433847,62.661168159878244,0.4790057795639928,0.0
702,1767.7777750369778,0.17370814334046192,0.0,337.1423347417078,228644.09625770504,130.07127998105557,47670.24239056816,1.2323716539308534,63.24387861112746,0.47871595175461257,0.7041940374254096
703,1765.0224304735593,0.17485211681524948,0.0,226.80425593214056,228926.3294525469,129.79390928712974,47653.48720422446,1.238596164921336,62.87544938992387,0.47858391761494495,0.0
704,1757.5177637209752,0.1778503988849902,0.0,417.7716890349586,229399.44625130144,129.02707254031262,47637.429524621,1.2357517024827351,62.898042223535526,0.47833879901865406,0.0
705,1771.651841231427,0.16805588875002986,0.0,354.29541964064776,229808.92202644184,129.0654551729966,47620.242528252165,1.2346787002369324,63.694637091685756,0.4781121775448427,0.4240331260521799
706,1781.927252217394,0.16351439312544447,0.0,330.1768478913275,230587.99687438476,129.22001599716094,47384.55088435932,1.236103648147929,63.39909994488148,0.47807909992684394,0.35085289063809455
707,1783.4592917297664,0.16247298369914964,0.0,299.1224661996068,230942.94636130327,129.26252183710432,47369.072909270384,1.2183044591146048,63.461264248116976,0.4779839265595938,0.06422590795527583
708,1757.6486485530645,0.17796300180018554,0.0,319.9577757838577,231318.68778572392,128.97698573689883,47355.203942790366,1.230780249693668,64.07690168671272,0.4779011330973527,0.0
709,1758.55967484308,0.17716516166666696,0.0,342.87473328238843,231716.6129197088,129.65153668657152,47336.90851532706,1.2345498919077473,62.97538730843024,0.4779539840979751,0.0
710,1752.7346098762237,0.18048105397106362,0.0,338.2435095472917,232109.94880267582,129.2696634391582,47321.19234735927,1.2378560197214163,63.013584309590854,0.4777822214851856,0.0
711,1761.8921225708873,0.17554381028707267,0.0,339.8225370330306,232504.7098952273,129.34690987671465,47303.043516473255,1.2365078535615581,63.67535469919862,0.4776285823918753,0.0
712,1751.473672624301,0.17926394097647513,0.0,333.0658510023545,232892.9326886178,129.46256967722098,47285.27950153783,1.2380348980124292,61.95518849393297,0.47762559622313494,0.0
713,1749.631248575858,0.1789206110728654,0.0,337.9530266610089,233285.87043933402,129.14004113655602,47268.6512851041,1.2398230204919332,61.67713483794088,0.47725593070575967,0.10153943987630498
714,1744.853078373747,0.18232536437051494,0.0,339.6153653822784,233680.47565853677,129.065872735623,47252.90850534168,1.2351081827467743,61.33902590549245,0.4768491629072742,0.0
715,1755.3179880142875,0.1800649956672532,0.0,346.25087434905635,234081.63056768142,129.46197053692148,47235.460738582915,1.239580491056599,62.27898300418566,0.47638935359746726,0.0
716,1764.5902762912679,0.17509480135114053,0.0,341.53342539312735,234478.15086341303,129.4325767942877,47220.12860136148,1.2347312168951083,62.36357972812484,0.47615517229004917,0.0
717,1749.6609480365903,0.17975515025249622,0.0,337.86937880849126,234871.23796774316,128.79717544027716,47202.97178196437,1.2338145598702337,63.68205546316056,0.475952197900639,0.0
718,1760.6956951319555,0.17412569445156512,0.0,311.3853313997112,235237.60925454865,129.36232323894032,47187.07207085261,1.2315098455027707,63.608506636549265,0.4760429062363744,0.0
719,1759.5712132044307,0.17513579991414518,0.0,347.77857805663155,235640.47802307727,128.91298223643582,46719.22943532444,1.230177557000673,63.83670420600515,0.4761145928676889,0.011488482507431286
720,1763.931098394006,0.1717451111434919,0.0,-4727.743007392655,230967.82627909715,128.7623375720641,49768.96732662038,1.2358123742266436,63.7570081124569,0.47620809813457016,0.0
721,1747.6549087793053,0.18017458429755884,0.0,4216.448341248344,235239.45981506043,125.30114779380031,49754.77087204283,1.3135828436484918,62.789048706648316,0.4762808319796536,0.0798635028792205
722,1867.3053543242056,0.1037389848264254,0.0,1219.2843737894777,236513.4981618618,126.54789844411764,49735.64179842152,1.299861852481413,75.8447042949782,0.47614597723741475,0.0
723,1885.431888627338,0.09296306646106767,0.0,443.0108872688704,237015.38914545247,127.79856205981821,49716.01197539701,1.249829545618388,78.94174189465609,0.47508475555760327,0.0
724,1896.4814547101448,0.08369476299323586,0.0,202.2130375638156,237277.2446934785,129.11534514855032,49696.364149014895,1.2278708551523982,78.47410894952739,0.48212032119604953,1.4631971999946245
725,1897.6391744575135,0.08661521535291972,0.0,195.7189030621302,237533.16226449492,128.76434751024644,49676.69774407322,1.237820411268395,77.02391743260657,0.48330358870847356,0.15536496938409528
726,1897.0891537871187,0.09156696967785483,0.0,177.37839773663478,237770.7284499943,128.30958280794127,49658.55174281343,1.2437746510031096,75.85382158811238,0.4814998056725304,1.6876957067653393
727,1891.3675861806112,0.09549504675714016,0.0,197.11531273360708,238027.75206237272,128.90804620121645,49638.97893510576,1.239644357756449,74.63460602761266,0.47824019289927305,1.2290193043811826
728,1880.1328900149747,0.10071937837146261,0.0,199.95409729082832,238287.65016717731,129.18279262996393,49619.397806805086,1.242947096610691,73.18816048379362,0.4827486335776772,1.4852629972324394
729,1877.5540895954612,0.10172952970571525,0.0,203.5417258205698,238550.7511799803,128.67106157479557,49600.84983369695,1.2359667074377623,75.52510433904705,0.48299831170204477,1.17335496373272
730,1892.2365126319562,0.09059225561778317,0.0,203.90126096822655,238814.16478891743,129.1047424449009,49586.09990348081,1.2345392016872245,73.40107548008126,0.8739899651592236,1.9511305519620237
731,1901.1411839549255,0.08821304207208025,0.0,199.97727374074321,239074.18073343718,129.33308827367102,49569.962613880976,1.2360538751036563,73.33392383582769,0.8725635060215671,0.7977155594640237
732,1899.5060967782947,0.0874489789373123,0.0,181.41281590869016,239315.96874988568,129.14973109262533,49553.88895380708,1.2375416687005638,73.43602501407557,0.8723313097811533,1.4912123259774148
733,1900.6786053436022,0.08554242493617381,0.0,182.80471003443859,239558.95424574165,129.33992415203323,49537.2733443044,1.2385848066232041,72.62603424197881,0.8854437101949048,1.3767048430096906
734,1901.5278078823626,0.08515325403394991,0.0,159.68707072187647,239779.01767900708,129.74442805551615,49520.68957623175,1.2354722162840057,72.22247229886432,0.8860914477922514,1.5865307003703037
735,1896.5687801437045,0.09181638972836592,0.0,179.7980376820106,240019.16024770064,128.8549765602107,49503.73807790895,1.2370126213965704,72.06466397069701,0.885516683445572,0.3257209469674365
736,1877.5089351597233,0.10039567624244428,0.0,190.5386471987194,240269.7867162137,128.9628635141533,49486.490820792744,1.2268317523257237,70.46625641469083,0.8883335676962649,0.0
737,1885.329374917274,0.10349046599518075,0.0,208.3613733708891,240537.76303153683,129.04479127231383,49469.635049082346,1.2405189612289491,70.65030887740899,0.8877363277392832,0.2904370210880529
738,1903.407189374387,0.09681329051359466,0.0,209.0778050526361,240806.38573961885,129.4772136846333,49452.45484512234,1.2364862437736732,70.52915765386237,0.8867398379418998,0.5288250852034366
739,1899.5770308696751,0.09493012356312902,0.0,195.41384926590973,241061.83976625415,129.53247193434774,49436.16296937921,1.236249673325195,68.36031037437341,0.8876021961890941,0.0
740,1911.5531368501563,0.09196403022794297,0.0,192.24774162437456,241314.41097796237,129.4345101549979,49420.71294705805,1.2423645918078163,67.96964721660119,0.8857004568220446,0.0
741,1909.9642627426888,0.0946740586507645,0.0,195.43011382835374,241570.25101301624,129.66779093119092,49407.51899611781,1.2421122427924018,67.97370761427727,0.8848525456905992,0.16466913105375625
742,1904.2271033406964,0.0986698986258584,0.0,198.6493771728961,241829.306728505,130.22436400484,49392.140667954256,1.244066465942469,67.00788250024159,0.8865609806661074,0.24726673117802989
743,1888.9469879202234,0.10728739295992584,0.0,200.87468257249907,242090.4559920181,129.622536432068,49376.13490170085,1.239346606163186,67.30186129380013,0.886307915060557,0.013457978553503835
744,1864.6530547360492,0.11821313030161484,0.0,225.9978343111802,242376.28871694958,130.25273622768364,49361.772447649564,1.2434456101474165,65.97498692826414,0.8867737913397389,0.05656233894589491
745,1880.667130646926,0.11455348649475183,0.0,234.07548545946526,242669.8492764674,129.95352688742267,49345.39416388466,1.2442679635568947,66.79505829476652,0.8849552152501834,0.17630442136501756
746,1857.81708699638,0.1237668659989084,0.0,234.5246242143093,242963.80237417432,129.72496629907403,49329.55055898088,1.2408790832882055,66.72276184418325,0.8839676434046219,0.0
747,1851.5325567514074,0.12860139884341903,0.0,224.75104481453258,243247.4691149789,129.3641507603642,49315.02419185517,1.2409795574711309,65.75172887104404,0.8821607019365332,0.2803129607285655
748,1861.1184378458056,0.12678363111937052,0.0,271.5405216755668,243577.76342129972,129.1780841119783,49301.65265662214,1.2347996532020993,66.00853339556895,0.8800855732536403,0.21184332015138807
749,1839.386616185579,0.13523492140515192,0.0,264.4898062538125,243900.9805170102,129.61094766590307,49261.89596053761,1.2219221231856772,65.22815734540991,0.8781854301093474,0.024378711349271498
750,1843.492808356,0.13610526473671125,0.0,-3226.8888876960227,240732.1455225187,128.7171761061384,58904.86093083022,1.235786470247776,65.65414454428691,0.8775805794174827,0.029286675628924286
751,1829.7600192015398,0.14152413142301978,0.0,2937.863436062003,243728.50472918237,126.10087751613656,58880.41551786551,1.275565822476074,64.47279654237869,0.8766971856449541,0.0
752,1861.5976591286496,0.11554054847641682,0.0,888.4228490006951,244675.1084689607,127.923907685552,58786.49799928521,1.2787591152555942,74.17024275648969,0.8675028870235977,0.4788407142383164
753,1882.7558097936042,0.10069450229610699,0.0,379.36402420967937,245113.90545073687,128.49787474997743,58762.08567253412,1.2488316671777004,77.33391175510178,0.8674599229358313,0.26129190896989485
754,1884.1701547256944,0.100042944893041,0.0,240.08404030780775,245414.20556497498,129.05414907678616,58737.70334601148,1.235788535252671,76.74101690121645,0.8687975409191657,1.1731734539092429
755,1891.535809456505,0.09589859537492196,0.0,206.72040999658412,245681.17081407222,129.4534535672424,58714.66541743896,1.2360358999837529,74.44266291764416,0.8604692893362923,1.593549593110339
756,1890.0213851299086,0.09383198335444332,0.0,195.48302925682333,245937.10091484012,129.0308987188344,58407.55055170607,1.2361736340490308,74.42334917194083,0.8610066052985205,1.4227184295028508
757,1892.991616084544,0.09259976624623079,0.0,187.40862510571532,246185.05371811183,128.9774254645905,58383.21758736779,1.2348665496942377,74.81064371171573,0.8605205049238458,1.0553768585070031
758,1892.8727786193297,0.09521742024258706,0.0,194.2594637516657,246440.03751074057,129.24190998569145,58359.022085326265,1.232871487362212,74.71350405069728,0.8608565976069988,0.9302993527959416
759,1902.2707817827925,0.0874532105402469,0.0,182.43512615069545,246682.86816774463,128.826797696748,58052.06881714973,1.237936338380113,73.16716371573298,0.8620324302324884,1.3496429573123123
760,1905.7019326925065,0.08742648504293915,0.0,177.7794723823178,246921.68444114813,128.914283230594,57745.13745044405,1.2435923095715724,72.69891694821743,0.8620926842904866,1.6185462593645354
761,1914.29132487163,0.0829148897138543,0.0,180.00081651742738,247162.69012301986,128.94435280468437,57731.999870267246,1.2426639849577463,73.21098511228351,0.8613661428611074,1.354362658941909
762,1926.4572122813317,0.08030048001070855,0.0,171.14126470809504,247395.06800546503,128.9708390387165,57708.90041430849,1.2345513948983773,72.97030254062726,0.869070005441939,0.8928750734982316
763,1915.0242046457313,0.08550827581141329,0.0,175.54906209646157,247632.13054414,129.85450751321065,57685.43669411515,1.2389324474222736,72.19684111575094,0.8702589976509775,1.029827310652422
764,1920.702237422645,0.08547879959454341,0.0,174.67052339256344,247868.10521187386,129.7020953309805,57662.09403507746,1.2418061670505114,71.93845287803549,0.8831137010915485,1.0812764094264935
765,1928.3389686410665,0.08226286676118455,0.0,178.42448965610453,248107.7977560694,129.6861629953686,57638.56297351649,1.2314664140455738,71.98424752195224,0.8841386651190981,0.5687674401673348
766,1935.2998838745489,0.08201722609991147,0.0,167.60723782567328,248336.6836705993,129.67583672448407,57614.309039535154,1.2396568184070402,71.1747131156119,0.8875890907003036,0.6392240540114074
767,1941.3146915835296,0.08080742760095416,0.0,146.9181331836744,248544.95809849212,129.70880903542024,57590.089779666196,1.2307125851508975,70.28098531307037,0.8885303331184699,0.0
768,1937.7371171093978,0.08744537842223388,0.0,187.9957274516666,248794.27839354918,129.83333295761943,57565.84741277045,1.2358874157216926,70.11000935785756,0.8860610669368105,0.0
769,1932.760524742917,0.0901674090616541,0.0,173.8191017474174,249029.12590146915,129.84805606233067,57541.619401555414,1.2227878351528592,70.99785118245333,0.8992347452674088,0.41829576671833024
770,1939.2738708382017,0.09148669244343399,0.0,198.84707793897633,249288.78133953683,129.58216903464574,57517.40439132309,1.2277534649786768,69.71138686851177,0.8980107773838916,0.45323736035496154
771,1938.3353351934425,0.09391021752383366,0.0,198.91965113136587,249548.54111883562,129.8768795299176,57493.201998774304,1.2295289087059953,68.64329519615607,0.8969093821058882,0.40811853960613576
772,1931.480221812899,0.09750359335198089,0.0,190.13578708043832,249799.61736703332,129.7038349141446,57408.589379912206,1.2285262421022818,69.05974902964752,0.8976648702977171,0.7580178966565825
773,1930.6230368060826,0.100144724556121,0.0,199.0950644108251,250181.9043826886,129.4579943326753,57263.573738542436,1.2262492543080674,68.82840065692658,0.8966804510868376,0.0
774,1930.9731162857724,0.10032696253180151,0.0,207.9521373589738,250450.20422023747,130.13270308596054,57241.96806020592,1.2269842240630038,68.30951542082579,0.8963346653817296,0.0
775,1922.5179672228576,0.10434605013067555,0.0,209.29934097141495,250719.67279063346,130.0544656529318,57217.74490099825,1.225649441037112,68.02824552261762,0.8982972536633509,0.0
776,1919.4254328243276,0.10650320598661767,0.0,211.90068703196783,250991.54909160436,130.12068670199588,57193.54198750495,1.2299561341583238,67.74379167657943,0.8978600224567883,0.24485004592506243
777,1913.1024244560692,0.11047732580037428,0.0,220.03590735431533,251271.48438597238,130.45550878567232,57169.340860580516,1.225788509687316,67.85817956119965,0.8989662370197489,0.0
778,1905.790739304466,0.11359357594797193,0.0,220.5370200883961,251551.67639337768,130.43535117707887,57145.15340882297,1.2287832399282825,67.51350487834473,0.8988325610447041,0.0
779,1907.7545261580708,0.11448963573171322,0.0,224.3360901177063,251835.42330903822,130.1330077054614,57120.97860076833,1.2290704893116051,67.38172063019294,0.8996250097489821,0.0
780,1895.0092996330945,0.1205415964376143,0.0,240.14643219716714,252134.89520428254,130.46729152814382,63828.653535023404,1.226961990468688,66.94137858445265,0.8996312429636704,0.0
781,1892.0638476842366,0.1218484777661003,0.0,238.06432127752248,252431.7911124872,130.93175668133358,63800.693322595376,1.2251328606627583,66.49732918730852,0.9014265548699036,0.0
782,1886.8433922025565,0.1240732913611271,0.0,244.21419325587294,252734.62416173043,130.51083221455022,63772.73530137183,1.2265120793079138,66.52661361760813,0.9015897730367834,0.0
783,1892.621688212773,0.12213029986626267,0.0,253.43561015840777,253046.53543229197,130.7824546197177,63744.80018521444,1.227405732866339,66.47089518995855,0.9000625551628797,0.0
784,1901.6588915655393,0.11993835754265392,0.0,230.91744204215075,253335.99554614804,130.37070387282193,63716.93943309033,1.2231082276436924,66.83819314141971,0.900090846862359,0.9578149618935754
785,1878.0239961007674,0.13013132961323925,0.0,249.14079502912898,253643.60505890625,130.95134738723632,63689.03832105207,1.223961977191349,65.75357866321548,0.900979452365046,0.0
786,1878.2725789289436,0.13166909353458023,0.0,255.72191003024665,253957.30555642972,131.17719557815155,63661.1600665634,1.1950650078111351,65.7505312837745,0.9011331428717714,0.0
787,1881.4859731889837,0.13167575996196268,0.0,260.3997303514357,254275.32150040826,130.14439785131643,63633.326947776,1.2164618551354203,66.01941378056569,0.8997932957706894,0.5263510711119181
788,1866.0295841479394,0.13888668817266792,0.0,271.01704147592346,254603.97845802794,130.8567122451395,63605.52191868538,1.2191511133125914,65.6173985595557,0.8993278237454189,0.19952148496602717
789,1854.466527594511,0.14396110630707282,0.0,275.38532700904534,254936.90446925728,130.67325918440835,63577.6964961207,1.2232881045997972,65.24822580877893,0.8982385487051874,0.20066558856444772
790,1859.6701695982185,0.14433757759058397,0.0,274.16047805752544,255268.29043647702,130.80933863564792,63549.89952790472,1.2201827364934619,64.44629080558562,0.8971593105002189,0.4678753409922649
791,1853.157645231562,0.1352103294594318,0.0,274.2336014741693,255599.7380237106,130.96015589640723,63522.13810614521,1.2194567794959374,65.07352623681037,0.8962914881177342,0.0
792,1845.8227292039883,0.15067715192001507,0.0,258.19109719522356,255914.93543136644,131.27934395648398,63494.39806163877,1.203571590400032,64.80687344349933,0.894319956124748,0.0
793,1829.285781662084,0.1586895364604457,0.0,302.54760183000985,256274.2468062872,130.58733629477453,63466.653771393096,1.216369521306467,65.16326158629569,0.8950875389286702,0.1714985940512861
794,1833.144368840741,0.1556372844465247,0.0,308.42620569272924,256638.77469684414,130.83336409900457,63438.97455414359,1.216060055378797,65.57935544793978,0.8933444925267843,0.0
795,1816.8805081614325,0.15950115709444823,0.0,309.62244453971425,257004.60731835588,131.7826249311931,63411.31856371057,1.2144487052325097,63.67836536988165,0.8912433510835416,0.0
796,1824.4139944200233,0.1564342484394231,0.0,296.71667503923095,257357.2649139303,132.1491058982446,63383.65087894337,1.2161001316968718,64.31737177368971,0.89013341842897,0.0
797,1816.147613615299,0.1603236305753818,0.0,304.98305770830126,257718.36430390447,131.66764868185624,63356.05088907106,1.2203229580726214,64.2189580082291,0.8885866436238077,0.2774711593830119
798,1818.2913352431838,0.15919252727132094,0.0,302.1862531037001,258076.53873157979,131.0351128503898,63328.44659889356,1.2206557458137381,64.66276696806231,0.8860469143056601,0.0
799,1810.5430171022217,0.16184163773930516,0.0,303.0597237444676,258435.4978486302,130.2530964101785,63300.93015171742,1.2095647098102802,64.59711128252756,0.885081451664863,0.29085135890667857
800,1811.9728061249384,0.1607801997623971,0.0,306.92292199737454,258798.28536913695,131.00117605058944,63273.44696844199,1.2182950905716452,63.02100686865738,0.885603620604989,0.0
801,1814.047168822475,0.16096385121180168,0.0,-503.0383760130338,258351.08192452946,131.0536720433921,63246.005311774825,1.220106561368887,61.75351832956291,0.8834651914274914,0.0
802,1809.2272181968926,0.1646699657329631,0.0,927.3698310370578,259344.13139328838,130.0370361541821,63130.48185229783,1.2211424929806403,61.06243028595022,0.8817048355509316,1.1834022800648683
803,1868.83884600427,0.1292052192628762,0.0,444.2046664676131,259844.01950897547,130.29501815936754,63110.08705700225,1.2226536702178323,63.164527865168964,0.8813795578771115,0.0034374632330411714
804,1857.756768394795,0.13671244444354524,0.0,301.269746273317,260202.7877050094,131.3083700147457,63082.68924363215,1.2192945864787539,64.59202845391457,0.8791283061140878,0.25798526898068985
805,1841.9670839816358,0.1446693113876436,0.0,276.0955822245554,260536.1001455481,131.29805793504292,63055.228161986575,1.2244948722967166,64.39012667136973,0.876759713870205,0.0
806,1827.666663031344,0.1529807007605305,0.0,279.8833443730249,260872.97769339482,130.9222150876847,63027.82793838542,1.2273594542911102,64.44072688114656,0.8754433279415227,0.0
807,1807.0026278252626,0.1614912958451662,0.0,295.9393072454183,261225.41706249682,130.84038049415088,63000.519711550376,1.2252912829257903,64.32693139783908,0.8748977866975342,0.2156352462985467
808,1801.0811222244108,0.16340062387021392,0.0,307.8008168163384,261589.12107416213,131.23756993894546,62977.942467730565,1.2264433246617747,64.28410758318319,0.8749819097207037,0.0
809,1802.3794797667929,0.16167756548345935,0.0,305.544974278695,261950.63455256817,130.69214016544046,62836.759239569445,1.2278590560480953,63.90789230278792,0.875158696800512,0.0
810,1815.9791577657845,0.15492757866994022,0.0,-470.8804370547807,261535.75434384475,131.09786426101056,65660.930176885,1.2286198866642182,64.4155801900283,0.8755364450457479,0.6447209065526351
811,1812.9965341083876,0.15375767771254378,0.0,887.799590468223,262479.83610160014,129.67936571962142,65632.09726112484,1.2552564568289497,64.80151787355405,0.87537345957923,0.0
812,1860.4185897904874,0.12251222011335539,0.0,424.3448014387472,262960.7222440783,130.43354720190604,65544.20522510675,1.2393121638730904,66.57105615949516,0.8763332700657427,0.0
813,1869.8151010472359,0.11781979763284645,0.0,278.75451884112425,263297.3741668923,131.0357806865866,65354.37464067509,1.2290539724494978,66.71365290411522,0.8776869548835106,0.0
814,1832.6019121486102,0.13127016950100023,0.0,247.59125304344587,263603.12003812264,131.0469126778748,65325.61100482453,1.2281080547769847,66.17252521159743,0.8782152767208493,0.0
815,1845.5599762776883,0.12759024407564246,0.0,255.52509473222125,263916.16757635435,131.2876886405862,65296.863288974426,1.2343461441664147,66.10775942094594,0.8757398249574566,0.0
816,1855.352831792934,0.12619816016797913,0.0,249.51963030449315,264223.3965258317,131.08365048977353,65268.15492250001,1.2359852267466038,66.36314690803646,0.8750821418491722,0.0
817,1842.318738687249,0.1270546602873247,0.0,250.83342395455037,264532.0605191683,131.27077910339915,65240.45358332626,1.2293671628794336,66.53923024119194,0.8753005348868318,0.26744121376097496
818,1836.6695132600453,0.13023383674354216,0.0,240.73294007499817,264830.2806778299,130.60454104216444,65211.774286854714,1.210036434454008,65.96411463033832,0.8736208329021659,0.3032506114449234
819,1838.98360599896,0.13243583836387152,0.0,259.65009704453365,265147.2082022097,131.45067938345065,65186.09294547538,1.226371541527301,65.98608511477062,0.8743026215175826,0.0
820,1832.659975272811,0.1329341646228046,0.0,254.5952951610268,265459.0690918414,130.97351765370217,65158.068172921325,1.2241173977176056,66.30283956698793,0.8742366226585456,0.0
821,1844.5539880696342,0.13303785141565894,0.0,256.9326739522017,265773.15672523406,131.2700097356337,65129.9350807883,1.224069566946901,66.26908593059008,0.8743712964595133,0.0
822,1838.3336027968967,0.1355203444630524,0.0,264.9791503906211,266095.5863767204,131.50268245081003,65101.34177990293,1.2258012086227874,66.39149878360757,0.8760699911953761,0.0
823,1835.6324290135026,0.1365044216140764,0.0,263.10732041822587,266416.0122395029,131.41003506525345,65072.777157318684,1.221711614023115,65.94684970572919,0.8769390366015947,0.0
824,1826.6221176216975,0.14020601964501744,0.0,263.11018499099515,266736.40915544,131.60326188355688,65044.22202585785,1.2242148588827613,66.32160523962347,0.8753195776426229,0.14132372176018748
825,1827.9675904547594,0.14004072451025507,0.0,266.91170513763115,267060.3965170591,131.10235744854063,65015.68596313876,1.2252040240190696,65.51494668362035,0.8739550373742186,0.0
826,1835.802449448489,0.13820858822831816,0.0,271.10704025157787,267388.58221796737,131.40074114880662,64987.16895493247,1.2209986238647519,65.54484960644825,0.8750136447946929,0.0
827,1830.196575312556,0.1420085734881964,0.0,269.8431892291157,267715.6444047508,131.62714777598674,64958.670987192396,1.2272422911144123,65.60607166157801,0.8745835966525404,0.0
828,1824.9129168180866,0.14534151794369488,0.0,273.7340356281989,268046.4894536235,131.47022232125892,64930.19204581177,1.2257242353675182,63.29960657282774,0.8752305666627582,0.7399583571406794
829,1827.987967459589,0.14800576699346157,0.0,274.3294022970022,268377.79656250204,130.9444797657536,64901.732116645806,1.2250406771343458,63.91601180439333,0.8752730877767212,0.0
830,1807.3635467601525,0.15874526025678115,0.0,291.07671858091993,268725.8171983018,130.64221191325845,64829.86941345134,1.22891226310459,63.492578032806655,0.8752688185904377,0.0
831,1794.7571382882131,0.16411643086336358,0.0,303.27095234170133,269085.545403313,131.056309484149,64746.21962879908,1.2310176146958929,63.618988391099364,0.8757680699784641,0.0
832,1793.927762616518,0.16806837879848324,0.0,306.56591853737996,269448.23825718195,130.84893902913066,64721.054240831276,1.2329679666989397,64.22269247786397,0.876030788827997,0.0
833,1785.1797218719312,0.16994829659195942,0.0,323.22588308280837,269827.4664737457,131.17814584101575,64692.78298720179,1.2453003529906126,64.72037830723325,0.8751820176307712,0.0
834,1794.19207817772,0.164725184358823,0.0,322.71271048184354,270206.0468644219,131.66230061619842,64664.60621300266,1.2344581909633505,64.48905773207188,0.8768795636212985,0.0
835,1795.4390430025128,0.16246912111520306,0.0,315.4853980888796,270577.6044887221,131.58239923060643,64636.439285764645,1.2371400259417171,64.703480281478,0.8756637831626564,0.0
836,1794.681425586616,0.16043880744030015,0.0,307.0572051573051,270940.8633995498,131.08349330574208,64608.34476157898,1.2327743213987141,64.06496120730834,0.8747844648113112,0.0
837,1789.7116775713523,0.16267950414826826,0.0,307.6276253276263,271304.77234967996,130.4993467367597,64580.22404902659,1.23699100575892,64.6216132651663,0.8762485202196875,0.0
838,1796.3539835001727,0.1588965336109237,0.0,310.6392382770707,271671.65942698607,130.64803095483205,64553.423676799925,1.2350381693850803,64.91945434893361,0.8771292044274573,0.0
839,1791.7248845454299,0.15907118398849396,0.0,301.62576855967944,272029.7030146594,130.6881608930663,64525.33002312706,1.2381239686630345,64.98479850088219,0.878283657150408,0.0
840,1799.9448973794842,0.1553794079106765,0.0,308.1753352628876,272394.4184469783,130.6135905413266,65118.24072619797,1.245764025695247,65.1576799481208,0.877346296440748,0.0
841,1812.4335657704303,0.1497522477519524,0.0,294.39662703361074,272745.50783934054,130.3225721698467,65092.3972213523,1.2412450402632227,64.9511857043834,0.8784485142756547,0.0
842,1803.1948058955631,0.15236344084572784,0.0,279.35935970899135,273081.82913253503,131.0091035863164,65064.01535222624,1.2273524919375627,65.65207448935618,0.8777517554165438,0.2991796823796733
843,1808.0848469625057,0.1505209865876863,0.0,297.32093103858466,273435.9082652602,130.54423939226706,65035.66027865665,1.2397705280720548,64.59105472401359,0.8764520570161503,0.0
844,1807.9168161870455,0.14908429767808573,0.0,299.74563481175187,273792.54585273244,130.50305086744441,64801.009075233895,1.2390194461448882,65.53596692202021,0.8764578691740444,0.3380898739439999
845,1814.1300847349933,0.147269979579849,0.0,288.7893949486569,274138.2463737777,130.7022625626818,64772.8443676154,1.2389837698633606,65.06204530661239,0.8771779019764362,0.5974049799415013
846,1822.8164137391632,0.14475552972766081,0.0,280.41126899577137,274475.65392994415,130.53855876335655,64744.65979888272,1.239560560148279,64.78729913039702,0.8761301196024173,0.22285819534090479
847,1822.0962374377564,0.14622488345401807,0.0,279.9768143324989,274812.74118555005,130.61064659420634,64655.71611792819,1.2039811695553881,64.74862836448771,0.8761781325659856,0.0
848,1807.7482900084337,0.1552322744188771,0.0,287.3366122071842,275157.24547420675,130.50798576706273,64627.53295878232,1.2352402901435655,64.41475890772,0.8770926564319392,0.0
849,1822.2651225461955,0.14637351401444643,0.0,288.1192279624828,275502.1764798535,130.63341063258136,64617.36475443453,1.2354849140097046,65.07005832043217,0.8769742102784066,0.0
850,1814.119406397984,0.15031885378090515,0.0,289.58101140210147,275849.17012677446,130.5483221286345,64601.41092243605,1.2435358291350105,64.37984668076672,0.8763866758744712,0.8421705478240824
851,1810.7117661881766,0.15297953630137995,0.0,293.78323621129164,276200.0014102812,130.79909539443364,64581.45927847707,1.2406232190143618,64.22274819404933,0.8764268320474037,0.0
852,1803.498017158959,0.15892898199548045,0.0,294.95626890569963,276551.9533231827,130.47796317456775,64561.591842826245,1.2417495273287393,63.63687559284627,0.8740614335001636,0.0
853,1803.6263005481078,0.16259490353833483,0.0,304.3468818848877,276913.12281433336,130.54083684124646,64533.58000279368,1.2370246758281642,63.79047213037759,0.8736917748245273,0.4582166479909944
854,1790.0551373995809,0.1675383144435142,0.0,311.29391263611245,277281.04450264527,130.36486304837535,64451.44429848597,1.2421052811565667,64.48637022179273,0.8728716025140669,0.0
855,1791.848031584585,0.16651499460180252,0.0,314.8907662535818,277652.29812116583,130.0908303842073,64423.469525781606,1.243116046059822,64.25768382232654,0.8752929677791786,0.0
856,1796.813193424601,0.1632612472170647,0.0,309.34329365275846,278017.9933104641,130.8151629819707,64395.5169643162,1.2393251641760992,64.01534672576332,0.8734051333179446,0.44060494476124745
857,1804.5977859741442,0.15918048145634456,0.0,305.3561957569843,278379.6281856157,129.90325574591415,64367.58289843934,1.2058699506659227,64.98095998462992,0.872507333685757,0.2078479732910523
858,1802.4394631111984,0.15818278730426838,0.0,312.50344124747045,278748.5582516869,130.16425013929796,64339.66731458058,1.2331023929189313,65.12131721696612,0.873689589982919,0.0
859,1816.4409003938397,0.1510761942209763,0.0,301.5622992931136,279106.56526200654,130.22962403074055,64251.13979988746,1.2386172024006818,65.43314068902305,0.8741128045707197,0.3114561076201028
860,1808.7072927249453,0.15321897136278284,0.0,292.1335162433554,279455.4748655199,130.16764366107992,63968.880655493354,1.2329470708053303,65.02061904888664,0.8749198856954254,0.0
861,1813.2563598526706,0.1492395073015036,0.0,297.2292796251266,279809.23409398715,130.4123880602573,63832.268986641786,1.2373085945101052,64.86208127380755,0.8750746593004763,0.2956680693107785
862,1816.5068586343277,0.146721886362014,0.0,283.85779665289624,280149.7552929132,130.3321936313434,63804.706707369995,1.236461042228369,65.16521684301483,0.8749266485489805,0.0
863,1820.1910763544088,0.1437446510006115,0.0,282.8349387195248,280533.3619966354,130.34889358157812,63627.24773990656,1.2350219302402219,65.22192369393557,0.8753408608925385,0.08473844575502198
864,1809.9566096060935,0.14734356087792144,0.0,273.12629500319827,280863.5659485837,130.0650852767591,63602.232037686,1.233432465106865,65.37907842041487,0.8762239066456541,0.08442886948947148
865,1822.7512056351577,0.14138892179457985,0.0,272.3045694942029,281192.7670016878,130.80127788585068,63575.3791072335,1.2282691872390823,65.5883721177044,0.8729204818455256,0.08410804507633429
866,1817.7455623526766,0.14265883742285312,0.0,272.85935842338364,281522.74307356717,130.05563531528392,63547.98343380276,1.2318856646469245,66.20913746609952,0.8725065601110381,0.08378846284213637
867,1828.03104803998,0.1378894592661506,0.0,275.40388267800944,281855.2688370843,130.60193704503368,63520.90496598842,1.2331339922665994,65.77845297879608,0.8727394553368488,0.08347007350022295
868,1829.8780193128587,0.13737828518825212,0.0,269.26977626420296,282181.8722280115,130.35309665559575,63493.54025832097,1.23252605802537,66.14181013497202,0.8736808879449501,0.08315289422125716
869,1825.7634230686924,0.13767516839770544,0.0,265.6684610206669,282504.86056540953,130.5280258638037,63466.21086159141,1.2337811286555287,65.67837115590153,0.8744481073525676,0.08283691521964442
870,1836.6296524890472,0.13248397881266227,0.0,-1231.198339323696,281330.9917732007,130.90626800456667,66061.84706759118,1.2341039505243576,66.17297724894135,0.8737158380415718,0.0825378768382734
871,1842.4228224795875,0.1305172136149666,0.0,1408.6493829869578,282796.831143501,129.17321599063095,66032.96828892217,1.2710670890137767,66.89970406980967,0.8781444598307628,0.0
872,1927.1404639695804,0.07395069809800936,0.0,506.49801510920565,283360.6398127708,130.66028095423803,66004.10761521716,1.249249771460496,70.68508996744019,0.8839731173750826,0.4992122057347501
873,1938.2027124042647,0.06728963335516669,0.0,213.59537184233443,283634.31251070346,130.5570374951292,65975.26248588091,1.23314425595771,72.26846482265702,0.8819800763735797,0.7969187818704597
874,1925.3534426889103,0.07271988970435461,0.0,157.16124005049738,283851.85526580294,130.8179563546435,65946.44326089798,1.2317665334379806,71.26709220929044,0.8919076581900085,0.3207500608521059
875,1917.4064148837826,0.08047734203364776,0.0,154.56349529588044,284066.5734838213,130.58758485286023,65917.63178849818,1.2326281387485594,69.67726131482578,0.8968718949684764,0.0
876,1913.646239527231,0.085478248983341,0.0,165.22031876133576,284291.7291012653,130.64557431196397,65888.84650138959,1.2265073807400095,70.10867235064701,0.8990565244892249,0.0
877,1904.6530383426239,0.09218658481176834,0.0,177.0706426611692,284528.4886745339,130.7415100417168,65860.07706617592,1.227460858336401,69.2302631962492,0.9011951181142601,0.0
878,1903.7851218290184,0.0968636764334283,0.0,193.86121639899687,284781.80083177966,131.35946134635682,65831.32568600123,1.2325915632456,67.93136766653976,0.9032332058836554,0.0
879,1900.214416699908,0.10106335902263675,0.0,196.74828003086202,285037.91157725814,131.5091655520086,65802.52295824561,1.2282504553720774,67.78910181854823,0.9086080077139856,0.0
880,1897.6967951963532,0.10297296818975543,0.0,197.7021051009184,285294.74180594593,130.82978201264703,65773.80810105591,1.2300574954007686,68.38435894539009,0.9120580261556213,0.015912190054933717
881,1889.7833480583197,0.11008553143310362,0.0,208.47766751435893,285562.19880924036,131.20531108988305,65710.90644780168,1.227995485249019,68.3218982963938,0.9128827994274636,0.0
882,1881.6989940001147,0.11373758428877168,0.0,217.58321175710518,285838.50686643634,130.59231129287662,65682.22616569394,1.23190003710259,67.62280779297802,0.9159488942133746,0.6423404204221868
883,1877.7266596097804,0.11735120593412385,0.0,209.14019472917084,286106.1031751783,131.60165705401184,65653.49840051057,1.222704110818948,67.66181259347742,0.9201110461725303,0.6206920886523903
884,1861.5365728438508,0.12567868973938345,0.0,246.25679045964176,286410.6965342009,131.08986504888446,65555.51300420797,1.2275052675269198,67.52514838994452,0.9230050970231976,0.0
885,1861.5831745713735,0.12529145523664498,0.0,252.71417466823567,286730.4739625808,131.3633753570414,65454.62652936836,1.2299214727303465,67.5942068267627,0.9256194087915184,0.0
886,1876.8524759818865,0.11838534492764352,0.0,239.8861802989714,287028.28499882406,131.1273781701438,65432.718079467784,1.229018742698149,67.64273511014395,0.927710643572737,0.0
887,1877.2096190493644,0.11813750143251522,0.0,239.49060136394633,287326.0537980632,131.38559207173344,65394.95384809712,1.2288560619153324,67.91484365430856,0.929462359699488,0.0
888,1884.8174101326447,0.11431602566830135,0.0,231.92052955485343,287616.3161494221,131.3267988102479,65366.268453651835,1.2302943252422323,67.89034168081224,0.9329909546147043,0.0
889,1879.842290690461,0.1171385975007666,0.0,228.21863398288053,287902.97991804517,131.48003675991026,65337.878335006295,1.2274746190159533,67.88776377809987,0.9342430076909789,0.0
890,1888.3444183188562,0.11290855571747727,0.0,226.6368982400951,288187.95464850846,131.07263807419042,65309.993054482286,1.2268333245126082,67.8286895577709,0.9375329576273306,0.0
891,1877.4184935654584,0.11729464050277694,0.0,227.2849816798489,288473.7930000434,130.70610696326654,65282.10408752631,1.2291410424775995,67.8183059135539,0.9387797716946467,0.0
892,1875.17143989046,0.12120863890446187,0.0,231.26410379079834,288763.2989925621,130.81686286027931,65254.254003956994,1.2305491432576192,67.95734933780709,0.9380455013138554,0.7100693544577439
893,1869.8621324697972,0.12355890855197926,0.0,238.85740686119084,289060.266376592,130.55107394099014,65226.47519416989,1.2241684228089107,68.66922888596076,0.9390916652274367,0.009373178741753918
894,1870.9261217792812,0.12227842576723746,0.0,237.61770550806568,289355.8332890396,130.15520197481248,65198.66087944778,1.2274342847230293,68.68079988410484,0.9375817334542101,0.0
895,1859.9670818110699,0.12529733309775648,0.0,240.33869014613407,289654.1451666568,130.43204268260655,65170.86514888948,1.2238082014329972,67.84553275918984,0.9381741406364661,0.0
896,1866.491944099433,0.12494975864359459,0.0,237.48229264133647,289949.500413353,129.89232905247206,65143.062425934964,1.228098002282219,67.86519771150898,0.9409126470410683,0.0
897,1860.5025421426444,0.12816489704221878,0.0,242.21227088805546,290249.71203776787,130.10905104278925,65112.39855543632,1.2278302104580954,67.9008057729928,0.940503790801307,0.0
898,1863.3429437040704,0.12692792975230238,0.0,249.71110879317058,290557.2930691062,129.8236738341789,65083.85065035994,1.2239554753867128,67.62526451054958,0.9395863135409658,0.0
899,1865.234440904059,0.12616738076363,0.0,230.18672861753464,290845.3825806089,130.001324289908,65055.31611346061,1.2233319939092224,67.67311630865689,0.9404306594102206,0.0
900,1866.0369499372378,0.12663373275476397,0.0,248.97420783323537,291152.22747063363,129.90042099641138,66180.76067044752,1.2295681498142248,68.14183939714265,0.9374303118856863,0.0
901,1863.9585159204282,0.12660454774807972,0.0,247.3597142709051,291457.4627300791,129.96084939954162,66151.61568781447,1.2256010807716744,68.21522319719786,0.9361959751419308,0.0
902,1865.9002864664433,0.12592616636047893,0.0,245.0603188896916,291760.3252267808,129.98345245932867,66122.48314153489,1.2351003007250605,68.30469573271645,0.9351961599619649,0.0
903,1868.9085267260639,0.12551086640483455,0.0,247.5927481794356,292065.82101918093,130.06775675146665,66093.37540088291,1.23065006321485,68.34070972950119,0.9334867290216428,0.0
904,1862.9557153763526,0.12623854927238543,0.0,241.96437658586336,292365.83612575167,129.8002114611778,66064.29590153029,1.2322480140321777,68.39976625452644,0.931070365603239,0.0
905,1867.9534194866796,0.12709624894994376,0.0,243.33436284478483,292667.0542964648,129.6661215949815,66035.24173047832,1.2279961757351325,68.45111103137114,0.9286552637436872,0.0
906,1870.3367973238467,0.12611936570785343,0.0,241.17509101691059,292966.25415605167,130.22727592170642,66006.20356185557,1.1961040880692468,67.74540189111028,0.927548441201366,0.7717491772218352
907,1846.6110237295304,0.14220204361677902,0.0,256.9350427952237,293281.18520295876,129.54661223730952,65977.18248331836,1.224903258037236,67.52435770558452,0.9279684558842541,0.0
908,1855.4788966311737,0.13886201585193214,0.0,268.0824738568558,293606.4444054231,129.8383925478095,65948.18172731799,1.2257578867212375,67.6269058615514,0.9273052213549284,0.0
909,1850.336202415299,0.14145386024805717,0.0,270.1729837765875,293934.03801580024,129.81246902401247,65919.20503470414,1.229578827642906,66.59592587294192,0.9224450322950264,0.0
910,1850.073786489023,0.14185986397531503,0.0,268.3351900015407,294259.7659230367,129.32368153498706,65890.24911998282,1.2292272344559416,66.7079417919043,0.9227942155813603,0.0
911,1848.7744367711873,0.1428983869153474,0.0,273.7407881923672,294590.88281582785,129.60526326541753,65861.24661573896,1.2297003329313603,66.85261304583389,0.9226050856524528,0.0
912,1838.0426140895863,0.1482334500467538,0.0,274.93182793001614,294923.14107744384,129.28712434311194,65832.33113913813,1.233881537382559,66.97378733016566,0.9171093819442752,0.0
913,1837.7896033899945,0.14870323742523373,0.0,279.8324079459729,295259.94795555406,129.1313090820575,65799.8315900907,1.2340741783467508,67.12416435654046,0.9140333618299211,0.0
914,1838.6237185566247,0.14715389684811309,0.0,276.3458043407615,295593.2676579153,128.92336537426593,65771.0773873499,1.190797213945634,67.2784952238,0.910791258596137,0.0
915,1842.808273906043,0.14285612806642434,0.0,-508.0201078128641,295142.14446503797,129.397723531493,65742.37709952517,1.1936523175156448,67.54147506875259,0.9070815374508132,0.0
916,1839.7364419400064,0.1432746739570797,0.0,876.9870541659051,296076.03384364024,127.53792142414123,65713.776443256,1.2376216200386356,66.62575816925602,0.9049257320897889,0.0
917,1880.649835135403,0.1172182525996669,0.0,410.2759315660319,296543.04873563757,129.30511285898748,65585.1038831953,1.229194340072975,68.53680868598258,0.9033013548604371,0.0
918,1887.963709870606,0.11175897260583667,0.0,244.06756212999557,296845.0882123859,129.44371827753795,65556.5729830822,1.2202449391642691,68.98788227408764,0.9012274493487379,0.0
919,1883.4116643285347,0.11697435403182421,0.0,241.97809377679488,297145.245911309,129.80738133661077,65335.05164096563,1.215780641741376,67.88608758070674,0.9012010464698497,0.0
920,1884.1637999966629,0.11899738311366326,0.0,233.19890531824683,297436.5246518693,130.22622909768464,65306.54874339353,1.2179921257861106,67.93510348791273,0.899099116093239,0.0
921,1873.240655682161,0.12439035050629865,0.0,238.36563019557605,297732.97176205396,130.08322637927992,65278.14946440227,1.2296755810282929,67.95971445076827,0.8982280629621164,0.0
922,1864.5804929707197,0.1299501122791885,0.0,234.45945507536908,298025.4049456093,130.4853804427201,65249.84842065555,1.2172833503501013,67.97200345644396,0.8982234732985477,0.0
923,1847.5483068478131,0.139833097785795,0.0,252.3989700944863,298335.40411256405,131.02005431766156,65220.57457038786,1.2154188272811484,67.98195998613674,0.8955084760980655,0.0
924,1845.9869129074543,0.1397472435613879,0.0,271.85578628879796,298664.10006076517,130.43354721612332,65193.10024503231,1.2203103743881463,68.08769207204611,0.8955734301490713,0.0
925,1848.6815647390256,0.13782637958257749,0.0,264.6978495642175,298985.57969575224,129.99484624355307,65097.19881580162,1.219172693099106,68.2307146813703,0.8930087604115857,0.0
926,1866.4278280406807,0.1298139160581171,0.0,260.1292270553551,299302.5775000105,129.72190755090142,65048.58625477074,1.2173769775339207,68.35652279695563,0.89395917075204,0.0
927,1869.6196047238245,0.1278445558454555,0.0,253.08175229765425,299613.0606463747,129.53281622828345,65020.37155305687,1.2197764595179936,68.39684142239405,0.8927284401492548,0.0
928,1887.0647208399616,0.1176462381047454,0.0,246.46114976385616,299917.02830859175,129.16812255169745,64992.171984196575,1.2004504875697806,68.96574212943963,0.890633113141672,0.0
929,1878.6755727267478,0.12279859015516259,0.0,242.57476731281986,300217.72467048396,129.84078990236264,64734.22458570207,1.2127634851469753,68.55254409116782,0.890714094779662,0.0
930,1896.5931498804807,0.11471468153221598,0.0,221.20464265598093,300496.6534897909,129.74812441865697,64990.394322367334,1.205166457227581,69.31584000115123,0.8908113023477421,0.2455544007016499
931,1907.189885022734,0.10736688341311051,0.0,224.99964981416792,300779.357924746,129.51179273401976,64962.10272882807,1.2141616905116985,70.26998954290235,0.8905645758168721,0.7569510062086238
932,1896.4402838647914,0.1135232180308744,0.0,215.34924629603313,301052.7830545959,129.4506149160644,64934.21371276206,1.2121457839157468,69.22869216091853,0.8895950217843733,0.0
933,1893.5452494475064,0.11804312448351062,0.0,223.18175433818578,301333.7576466204,129.40006097477735,64905.95268694037,1.2104170289550582,69.26636170898993,0.8885072949906908,0.0
934,1897.2499262785652,0.1164963464583545,0.0,228.40287516417112,301619.61441184225,129.46441067816983,64877.70977932316,1.2106299142454149,69.49403023064318,0.8862387389965282,0.4137880693917282
935,1893.9837558717327,0.11754281085964446,0.0,224.8850650613732,301902.03255481634,129.4003069439331,64849.48553783866,1.2134886484398828,69.42247763902618,0.8857856878986388,0.0
936,1880.0726752541377,0.12227168525613408,0.0,230.1082931731837,302189.5933903533,129.313554454124,64821.21754032223,1.2129673761593658,69.05527208812398,0.8844898866310829,0.0
937,1876.092488416696,0.1232836743095087,0.0,236.9160771732105,302483.5585968968,129.30835672439406,64793.02890734539,1.2148990304413572,69.22070235770093,0.8835848692859037,0.0
938,1893.6844999176199,0.11659764341517809,0.0,234.10799480457575,302774.6728244637,129.434397783712,64698.24289010859,1.2135351388549616,69.29913787717702,0.8838496480595786,0.0
939,1890.146632667694,0.11687121191109184,0.0,229.98280619719907,303061.9783595796,129.4388988334641,64670.09079864546,1.2172656780977404,69.4477828045245,0.8834771606078143,0.0
940,1903.5254141344483,0.11045159289500328,0.0,222.31497535482868,303341.7137785535,129.28604622841655,64641.95674829589,1.219817270901358,69.53480701035295,0.8834351716430909,0.0
941,1910.091537850196,0.10966735263849903,0.0,220.6913694399811,303620.4137498052,129.8246465430715,64613.84072632404,1.2146843950275368,68.48132487174466,0.8807040265986639,0.0
942,1903.6382936069522,0.11498170493085358,0.0,207.40270298108334,303885.8725432751,129.0496598634509,64582.23753852521,1.2199040599972912,69.16632864531033,0.8794496588680698,0.0
943,1869.13662989363,0.13026118051704505,0.0,230.51528040383596,304174.1267441185,129.09516830556936,64554.15751730462,1.214172458014533,68.15305635763104,0.8809183431070602,0.0
944,1872.5669213514934,0.13058453298587014,0.0,249.42262686394128,304480.3999680831,129.73495683129823,64526.0289579496,1.2149250335330273,67.69996617645194,0.876528086333359,0.0
945,1905.278378003645,0.11167505535634736,0.0,237.90181194215063,304775.16743384395,129.48649668080716,64497.98490453439,1.225570157419353,70.09721729942457,0.8755233731053815,0.0
946,1917.4055211746727,0.10474020469055878,0.0,222.90113798540966,305056.6247982373,129.16532069830393,64469.9634859994,1.221843051626775,70.33314759746716,0.8770855499346165,0.4614999405845879
947,1890.4319655475904,0.12309828815086099,0.0,221.896013705921,305337.4045021191,129.5546923802916,64441.96001452151,1.2260469018424098,68.66405953091686,0.8796908751082109,0.0
948,1907.9781578666596,0.11305093296753299,0.0,234.66657398179467,305629.877904988,130.02330875891653,64413.97447744104,1.2273492282293834,68.92187872799138,0.8796609150359243,0.6472690272037767
949,1903.2241786716875,0.11507362432711965,0.0,226.87818272041875,305915.3029412752,129.91310498034224,64386.10198456689,1.2294322338588235,69.36992654831354,0.8796252966925662,1.0437275216325759
950,1899.0723018943793,0.11968736088715626,0.0,228.95508745580247,306202.7739978827,129.61589103718993,64358.24729616618,1.2367610316555229,68.98288564609126,0.8793726369806887,0.0
951,1878.9726714959581,0.1293328570432859,0.0,241.06139083915411,306502.2053088215,129.8015951297408,64330.427512142785,1.2319648194369581,68.29157408210321,0.8809335290208992,0.0
952,1883.7559617979432,0.1291504226810396,0.0,254.6119900781535,306814.8045055874,129.77591502959862,64236.79224295347,1.2354278380349135,68.37635075736586,0.881861449972244,0.0
953,1879.0284389882504,0.13097560187741708,0.0,249.13046549602905,307121.9364485987,129.5253853435737,64209.05743784054,1.2315580144538578,68.98129399238226,0.8806455994120912,0.0
954,1880.210211067859,0.1335236516952718,0.0,259.42485217641257,307439.20547394786,129.81771080155494,64181.33913767802,1.2332250006094434,67.46263844400883,0.8830150333096684,0.0
955,1874.8523215302866,0.13511626431632384,0.0,264.8958476120719,307761.87549174397,130.18939775701608,64153.82104562386,1.236349278289439,67.13655921152098,0.881628970086746,0.0
956,1876.8602653515986,0.13486309202366908,0.0,267.0862516290836,308086.61850049853,130.57504894670885,64126.23323684742,1.2321215794433087,67.2871763335111,0.8796243810080897,0.0
957,1877.716228029014,0.1352825184437696,0.0,261.8649876102406,308406.09579143394,129.8489430663285,64098.65953736863,1.2342314289712348,67.48087876476642,0.8780720685798575,0.6887097355877358
958,1852.7952970851593,0.14499622874067863,0.0,265.57925160707293,308729.2988038077,130.0228768365539,64068.141690421435,1.2324943017028795,67.49679277682091,0.8760034738778477,0.09905449639910557
959,1913.6449745902967,0.11541676001902978,0.0,269.3167278447068,309055.78885207436,129.74814050905798,63737.78181525447,1.2284088042405024,67.73166669441028,0.876230617152252,0.0
960,1909.077171076943,0.11781126683281873,0.0,239.12827543450777,309353.7051776187,130.12572127498981,65127.36049820074,1.231359391008295,67.87226451375228,0.8763011121310094,0.0
961,1901.5458430761023,0.12238443427907386,0.0,227.015637886565,309638.9995047038,129.8503817806029,65094.417228172664,1.2242011379064195,68.40029499724685,0.8762730743674039,0.07447809821553619
962,1895.2176648678192,0.1245898467896035,0.0,236.81130642385563,309933.7640031765,129.7147957720626,65066.03595114268,1.2057425956973091,68.59191277019254,0.8767420759055209,0.0
963,1887.18039517405,0.12932431212524498,0.0,252.44307069106515,310243.975129666,129.50660075276005,64853.64722815042,1.2291912935639036,69.09535283204659,0.8757850705554433,0.0
964,1880.4235753759863,0.13076485013939576,0.0,-627.9671921198039,309673.5254160754,128.9642499785353,64597.531333676074,1.2273817125327702,68.48460074270665,0.8764935747672783,0.0
965,1900.2089473148549,0.11518663697771725,0.0,930.1639148419891,310661.110809952,127.59496768817307,64569.43815216958,1.25166546403684,68.36342625681853,0.8763678276480894,1.6516278397591861
966,1925.6811452167597,0.10308664008664681,0.0,390.04121115936454,311109.1680969888,128.66094115116815,64541.358780640025,1.2330307493896888,71.34950864049655,0.8758365331836467,0.0
967,1933.9040719741715,0.09737678828971552,0.0,242.71298640151844,311410.5343893758,128.44417927212768,64513.22923367538,1.2230093375088034,70.29101513896785,0.8779985766074956,0.0
968,1923.9011786789704,0.10544017334324096,0.0,209.6356931260069,311679.20418241783,128.59758414493217,64485.116145385204,1.2190402487830478,69.89087435242547,0.8719697889917698,0.0
969,1924.159122488401,0.10521434222202997,0.0,212.77649718580733,311950.7464839954,128.86820241762217,64457.03319614499,1.2249984905000062,69.62229346964942,0.8805344715970933,0.45441595729576534
970,1916.949793057998,0.10953744341968707,0.0,214.33744138286517,312223.8310022076,129.04209912912964,64428.9670686392,1.2210924743937683,69.38848703091932,0.8818681885006299,0.9613489253021328
971,1914.9705445117672,0.11186905070962605,0.0,203.94875857636964,312486.1942738801,129.58814053158247,64400.917806428064,1.215922802968451,70.78822039932273,0.883061683222211,0.0
972,1903.8177824183717,0.11818488017447426,0.0,140.71306884698157,312685.1598961313,129.30125568269628,64372.88571157641,1.2149999418540556,70.11562753560807,0.8847107283105577,0.0
973,1895.0089594312642,0.12147570134183117,0.0,312.606285043324,313055.7328816883,128.63849858075096,64344.87489449981,1.2218229075318168,69.4611949966258,0.8859940554968604,0.0
974,1907.4829792997848,0.11471028365993718,0.0,255.3517761871861,313368.80681740446,128.97363851574022,64316.881261776056,1.2214720655870674,69.65005075965186,0.8869598329309002,0.0
975,1907.5864991608953,0.11428398213767688,0.0,199.63922830671254,313626.42435980705,128.98977956253867,64288.91254271729,1.1808247245565788,70.44735405114426,0.8879521588977632,0.1952992590084932
976,1901.5130056713765,0.11622189348098821,0.0,237.050237386162,313921.3056432448,128.89100253877635,64260.95532458342,1.1899563205243882,68.7446893240324,0.8892126548481921,0.0
977,1912.4816691739873,0.11034295704577213,0.0,-252.2662465792332,313726.9101727342,128.39181356510701,64233.01592889513,1.2051404976029685,70.36724004064538,0.8897425461669635,0.6810024683555298
978,1911.8810055018864,0.11054879636330639,0.0,616.732717575379,314401.6820382819,127.352086182358,64126.4497135722,1.216891390153463,69.70133732563173,0.8908777944414888,0.0
979,1928.3844438116291,0.10085421217650281,0.0,303.38197202055693,314763.0062977048,128.70101228277386,64098.506165214334,1.2128403868214614,74.30005193722377,0.8916765253646917,0.0
980,1941.7688560560666,0.09569270169104371,0.0,225.69435237625555,315047.1459285378,129.6410091768445,64070.63215892855,1.2065976830914737,75.12377503182896,0.884850520207723,0.7762946780021878
981,1950.2688091007644,0.09097324856619138,0.0,191.44134217697388,315297.2514977822,129.35028752491132,64042.63003787255,1.205076716917587,75.62582885893374,0.8869641601168324,0.18340190131658574
982,1946.2468136606694,0.09064081860763595,0.0,187.6931910488073,315543.83979863464,129.73942112329826,64014.9250407558,1.2082203383524646,72.05424558795264,0.9007704253392917,0.5716306377183855
983,1948.8985245229317,0.0902128478231553,0.0,175.04762906016282,315777.85270010214,128.89726029124253,63987.20958489222,1.2082471707617128,73.77528954766305,0.901379441907776,0.716858612987096
984,1945.2559633817411,0.09476779726341844,0.0,189.65440998670886,316026.5909918615,129.3675436075568,63959.578432143586,1.2014599956908931,73.0358615183337,0.903895851978906,0.0
985,1952.1968616271793,0.09105146568692679,0.0,191.87467870374286,316277.2428810287,130.075690531813,63932.10838061027,1.2075097676802637,72.50687742297784,0.8995822114829246,0.0
986,1945.0270324074233,0.09334064314035118,0.0,182.542634180677,316518.6008898356,129.46949173673775,63904.63453780404,1.2034947150504878,70.98718298631128,0.9068043511932994,0.29567959398301014
987,1950.3189715264716,0.09376588245675643,0.0,188.1181014138387,316765.4530648985,129.806715401727,63842.835118296796,1.2076941781853947,70.5446560879866,0.9073217647699068,0.0
988,1951.6733226885974,0.0933928258728346,0.0,190.07713266750676,317014.2213801936,129.6667973293752,63815.58550632201,1.2023698187883831,70.40337503207328,0.9076326836803744,0.0
989,1953.4720329964111,0.09570388444925981,0.0,189.569836736971,317262.4637904133,129.71316168862697,63785.447129269865,1.2026008327684905,70.82176197903388,0.9078742196668426,0.0
990,1939.3307460966946,0.10405428546559625,0.0,-1811.6171671851612,315509.40650649444,130.12439069444974,65120.450714602746,1.1881988303830542,70.67593522770053,0.9082449256483714,0.0
991,1947.75935723566,0.10015123147342042,0.0,1746.8649639719793,317314.27852916846,126.48548447998493,65092.04118191837,1.2396055653759133,70.5257821299361,0.908541444965862,0.0
992,1972.567705810358,0.07968320586308186,0.0,550.6333745348223,317923.0549345956,128.30521363606434,65063.60970208294,1.2260517067783816,76.41815704023868,0.9087658241494154,0.1062434510101582
993,1989.2636456147711,0.06923886273070201,0.0,247.0962589507085,318229.13529954193,128.43878153393314,65035.19582277405,1.2005531728705443,77.10925503028831,0.9112762298229683,0.9094196142448823
994,2007.235021493511,0.05460483189288279,0.0,148.0353279529856,318436.75452351157,129.25425619229324,65006.795848518384,1.2004032345037603,77.5054287611657,0.9139562851281259,1.4901112217941659
995,2004.9044802635945,0.057034388543008685,0.0,120.55097226344446,318617.4827281595,129.00586644288967,64978.41336576156,1.1982624956536545,76.85752028046107,0.9158152117255022,0.5614620110869453
996,1994.272255965345,0.06359098427614795,0.0,124.45555279330245,318802.0342142672,129.10723838965671,64950.04577683744,1.19658849752649,75.43564246916921,0.9172313694230173,1.2599729890884532
997,1998.721846265686,0.06413041805729558,0.0,127.94650701061875,318989.79998320655,128.91313015448827,64921.68925905158,1.1983775828414536,75.70848039969977,0.9207608082462007,1.3589778865554365
998,1996.3490885265512,0.06682785192779228,0.0,132.86561272009504,319182.55690248136,129.07235196586143,64893.35578613182,1.1988246357846808,75.78419688957382,0.9224358680501159,0.7523363790326982
999,2004.8475153992956,0.06376275394615816,0.0,138.3056647734768,319380.6053163584,129.06706675230845,64865.03503786184,1.1951395083625962,75.62266970485577,0.9249287575422485,0.5241265643749671
1000,2003.6345973169077,0.06532063994625059,0.0,124.97615326600885,319565.4659632264,128.89729937866286,64836.73398086603,1.2020995395795755,75.80590743289898,0.9198074322335587,0.76245012286887
1001,1999.7828609001494,0.07258793445983491,0.0,143.27275023737354,319768.6861470664,129.10729880559313,64808.44922194175,1.201373127521083,74.10449139398364,0.9211618189428342,0.5181853913160523
1002,1995.8868598906301,0.07770037220743564,0.0,147.8320235668017,319976.2085191841,129.1626233612218,64779.45854460553,1.202469766642688,73.25431391497656,0.9267128707388788,0.0
1003,1990.1096607481709,0.08135912044532734,0.0,163.28775833606392,320198.988307178,129.12768982961057,64751.21776396805,1.199290522823341,72.23657824975385,0.9274420123275259,0.0
1004,1984.9580027579339,0.08672094695672616,0.0,166.02688738643263,320424.23155090446,129.19754462265826,64722.987010847646,1.2035244081518723,72.00384100660905,0.9284203983034764,0.0
1005,1982.5271322203096,0.09130307527367199,0.0,181.89188191720717,320665.17318781797,129.46199864813457,64694.77406166102,1.1969197135360585,71.60277253944025,0.9283443770453298,0.34733180032813493
1006,1974.484996498031,0.0974798748686373,0.0,-250.64973705165403,320473.39790746855,129.25768306351065,64666.618043463284,1.201158756021402,71.78580810499565,0.9280131942559332,0.0
1007,1956.5798669067806,0.1064035033000067,0.0,538.0736071949901,321070.0295802034,128.54328057993555,64638.69716516015,1.2007364439058072,71.64500947285197,0.9277368395943661,0.0
1008,1974.1781954843073,0.09184190721886754,0.0,279.10210333478045,321407.2316345347,128.61262898513505,64610.98141165698,1.205698075740251,72.51633176744869,0.9274204260293476,0.0
1009,1977.2923358585506,0.0898216846022708,0.0,206.96028552790386,321672.75227730686,128.91342634359478,64583.29753025719,1.2044291981199262,72.61332643792747,0.9274597827587413,0.0
1010,1975.3849645393734,0.09152301910235461,0.0,187.17111434956905,321918.56114027195,129.0026351770364,64555.63270862276,1.1998203910812495,72.44374266979813,0.9279034408644669,0.0
1011,1974.7333190513214,0.09382238826206246,0.0,185.783714927412,322162.8957704023,129.0303251689476,64527.83516154388,1.2064388848975445,71.71031015253692,0.9275240226963541,0.0
1012,1979.4298793704954,0.09295095885612359,0.0,187.11652018456988,322408.62734368903,128.95494017454908,64500.05697051127,1.2045897151458307,71.50578323842001,0.9272469008985766,0.0
1013,1975.1643831433803,0.09643250292555772,0.0,190.001434156392,322657.3847079104,129.13343935307932,64472.29766151802,1.2040380717884882,72.75814111039122,0.9269049595357443,0.0
1014,1959.7109932110889,0.10373234690559685,0.0,188.55876521013442,322904.53694419406,129.08623539127177,64444.28998372617,1.2041728440452353,71.68880138540331,0.9270683296902863,0.0
1015,1960.4238013515944,0.10476303373333928,0.0,203.27466875525187,323166.0300524636,128.99831496362293,64416.14505379664,1.205940166991331,71.53142507624759,0.9268081816326171,0.0
1016,1956.4634418452613,0.10769295711054128,0.0,212.1353884912764,323436.3143083672,129.05194132475899,64323.0754918415,1.2068673043638243,70.82953038010567,0.9265007050585312,0.0
1017,1944.7508713962513,0.11304074386847385,0.0,215.14401102061356,323709.4201963228,128.3489339458935,64015.584982646185,1.2004787534756454,71.35827701078131,0.9259364230830347,0.0
1018,1950.3971424603433,0.11161986732873452,0.0,224.73750931566343,323991.8098317269,128.55044059102372,63905.6454377049,1.205631254731884,71.27862721092964,0.9255844242420294,0.0
1019,1944.52691227449,0.11573757268212792,0.0,216.1382110939179,324265.7634286821,128.15323463156201,63877.72516815166,1.2049017495270156,69.74544804103792,0.9252199869483599,0.0
1020,1933.8882711349227,0.12353327812275394,0.0,-989.1112838188903,323334.4611815834,128.49774698451594,65257.51023175763,1.206351113586435,69.12914996725345,0.9242100988929202,0.0
1021,1918.2968028939804,0.1340824602914069,0.0,1184.077477680809,324576.0150221425,126.82689391092299,65228.85096939556,1.2186981577129605,69.19202878511946,0.9230121576739887,0.0
1022,1969.470449061166,0.09545626106424576,0.0,462.78587804434204,325095.77857748704,126.83618830736542,64972.98780170364,1.2179799331266712,71.98679150842537,0.9218999262354709,0.0
1023,1976.9091567296791,0.0924298278134974,0.0,246.46184133836323,325400.8574218425,127.07825546882586,64933.45981394437,1.2122607537322996,74.46277766352897,0.9206667201107134,1.5463778103283232
1024,1972.4813529978032,0.09182749591776207,0.0,192.88771878209752,325652.5146903541,127.28649346566438,64905.134120899485,1.2104033090728785,73.76014806867428,0.9229946331498047,0.0
1025,1977.9422174965225,0.08966901670675065,0.0,181.95910085144192,325893.1902259174,127.69543731664955,64876.82619638171,1.2099617750852807,73.89314492336314,0.9236404359002938,0.0
1026,1973.9918408166259,0.09243138250515182,0.0,181.1191623336814,326133.1814031416,127.70725320472042,64848.5360414751,1.2081313955741353,72.6061449297291,0.9243062554654825,0.0
1027,1989.5465496529346,0.08778041719842278,0.0,177.00016560093417,326368.84941144934,126.81252166600555,64820.113813214266,1.211083610463764,72.20561622121696,0.9244385601606938,0.19715976826802262
1028,1970.036941841839,0.09686872020727366,0.0,184.9110611038493,326613.0300454869,127.32084933709173,64791.70955976185,1.2138028471847697,71.64237435034788,0.9244154864789905,0.0
1029,1970.1268664136035,0.09904036228463986,0.0,192.99619470851843,326864.8187817283,127.16931683796003,64763.32313888072,1.2139835819682956,72.02572256242816,0.9241688778406256,0.08637428033028982
1030,1960.9221155792904,0.10488929514860257,0.0,200.7855384433339,327124.31294984,127.06653476082383,64705.869593026764,1.2138822719331894,71.31774086792117,0.9240874348937047,0.0
1031,1964.038640386964,0.10477232832727013,0.0,212.7820506458022,327395.48601891764,127.0844563627167,64677.518981992835,1.2098097948127073,70.56551813891676,0.9237326534249277,0.0
1032,1960.8401856603343,0.1082480195766996,0.0,210.8107818878853,327664.75234564487,127.46039907185649,64649.18618015995,1.2098683507763504,71.03212812413041,0.9231038846867208,0.05162213104421198
1033,1948.2443799979712,0.11348409114983093,0.0,218.3009608107934,327941.3125801994,127.54994480070786,64620.87122687824,1.2192676276799421,71.12112164013168,0.922690838318987,0.0
1034,1944.5382410219563,0.11245952957347682,0.0,227.11826394208316,328226.5670420737,127.27786667524524,64592.57410986431,1.2127464638310448,70.33526273045769,0.9223324095164656,0.008931936440717436
1035,1943.1629364253188,0.112567082503922,0.0,219.6239704286877,328504.4419027936,127.44328395366175,64568.437875643,1.211401344854679,70.32209346421858,0.9216839198954333,0.0
1036,1944.7141076955513,0.11761547180338028,0.0,207.1150785246362,328769.68766008783,127.78993149545667,64518.994624746985,1.2125673191200386,70.2158948604085,0.9210670281513793,0.0
1037,1947.620440686596,0.11933124223042113,0.0,239.39306281049767,329067.0740977665,127.58424731491642,64490.75645679791,1.2140348824760743,70.94728445159998,0.9204927075598266,0.0
1038,1948.8279379963142,0.11886526686587817,0.0,247.0342777498039,329372.0876930972,128.22022157931437,64462.53119610504,1.2092333743997246,69.62675200511386,0.9201288901484594,0.0
1039,1954.7539162197843,0.11655865573415636,0.0,222.10624093352692,329652.26793437207,127.28160289058202,64434.32331145393,1.2104476324349902,71.17982616769127,0.9193224137775968,0.0
1040,1941.5233225370512,0.12231001310294487,0.0,246.6232959379945,329956.9931868386,128.0842435815338,64406.13046219961,1.2110479748203067,70.9561660626083,0.9191617567085478,0.0
1041,1945.4502975139135,0.12135826387085002,0.0,242.5640035945504,330257.3442754175,127.8343030650859,64377.955299631474,1.2102713116554198,68.97900045535694,0.9189230515495042,0.4973426897144577
1042,1927.4462765971787,0.12808873293273393,0.0,241.73893170597398,330556.9166010352,127.70195932993758,64349.80012290071,1.2089288436225225,69.56546041158518,0.9179437773953042,0.0
1043,1939.7621678424368,0.12403833030088063,0.0,246.77299485264956,330861.298540834,127.18343019544967,64321.66303510805,1.2143504841097468,69.5864716166333,0.9172270868904352,0.726529384616498
1044,1939.6571135219767,0.12401518962658742,0.0,247.2237810659708,331166.1669553213,127.4192814662935,64111.19623178851,1.2108243855315166,69.70734594862887,0.9165787527362997,0.0
1045,1941.345070129991,0.1209526645270721,0.0,246.32923007990445,331470.1429769677,127.22893624278792,64083.09456598888,1.2091870683479358,70.15930566612376,0.9159878315537511,0.12792230453604247
1046,1952.7023618708142,0.11763624999756805,0.0,222.90987319131204,331750.7445984322,127.06068614813144,64055.01054630142,1.193772634122951,71.31343128428138,0.915607562207023,0.016107830821795233
1047,1939.2055450029115,0.12354625447292156,0.0,244.56502384462414,332053.1987293785,127.06971842367241,64026.94429253524,1.2080138547336807,69.70935154769603,0.915692873542233,0.0
1048,1951.1599320960972,0.11890198469623448,0.0,245.36230210707663,332356.21988526545,126.79534555502144,63815.01828258144,1.2080518589054348,69.94688046567562,0.9151501616262646,1.093482808351638
1049,1953.0915014119914,0.11651504286045733,0.0,230.32918979724462,332644.3976306607,126.8731506462237,63556.561596490414,1.2105984073814569,71.56004363484745,0.9147403299974703,0.14490172770237564
1050,1928.8169790146608,0.1326286735494424,0.0,-932.9373540291358,331769.53791058133,126.63461900405154,64161.05950499094,1.2087337238517752,69.34950183787302,0.9149040305268286,0.0
1051,1915.4265158921257,0.13722343280671856,0.0,1153.7126881618321,332980.47806032276,125.13997415048082,64132.84838053181,1.2231142882329566,68.87780233382209,0.9141956565511533,0.0
1052,1984.8882734917875,0.09114730912575197,0.0,461.55296766612264,333498.9524069381,126.16068158965241,64104.656175675285,1.2152212230960204,70.43469030444426,0.9133404058476627,0.9403684774935641
1053,1967.0415932542323,0.0975939390051308,0.0,251.62820246888316,333809.525640895,126.75908763832042,64076.48073804428,1.2076185109278843,73.3701506033798,0.913165013696843,0.0
1054,1985.0146682286402,0.08761207282313654,0.0,192.112840680506,334060.14816744113,126.45194274316638,64048.32286330038,1.2051112168915825,73.92938840692432,0.9141114656005097,0.2955312931110825
1055,1981.7194375688198,0.08996761953126176,0.0,175.7219812840748,334294.8511547737,125.92894957869558,64007.592313024776,1.2105268790973678,71.3122826851558,0.9152382599463262,0.0
1056,1979.2526158336727,0.09177672056059216,0.0,186.71893762211027,334540.6460326174,126.26533066389393,63979.469934840046,1.2106042341186516,72.87084324004648,0.9152813105628881,0.0
1057,1983.4184964458448,0.09491762176687402,0.0,169.8619158902219,334769.6583073473,126.28729931527758,63951.36509460924,1.1802087326502086,73.89713181540291,0.9150539787691431,0.0
1058,1986.407110868028,0.0888768063908677,0.0,198.5843005189124,335027.2888646056,126.32827403523594,63865.70926648806,1.2097418227708059,73.05327516739852,0.9159734534691727,0.0
1059,1976.3301771456306,0.09941460229045573,0.0,194.72801971536137,335281.316402131,127.10372765915353,63837.6396895283,1.2077105413829023,71.41235672444387,0.9176746823664523,0.0
1060,1975.9762683408715,0.10142952325990007,0.0,196.7590296792959,335537.10433842347,126.94757062765856,63809.587649857436,1.20821896066374,71.34395078775718,0.9176373940419045,0.8035554921439143
1061,1960.8570494188423,0.11224355522790341,0.0,205.4528485662812,335801.7879653177,126.70562787994136,63781.553366708315,1.211767356568433,69.74572991096352,0.9176019316550423,0.0
1062,1958.2259808327274,0.11672340342751653,0.0,229.18125010652273,336089.7054721544,127.31712561184747,63750.46645673499,1.2070190407570944,68.98952265328431,0.9169214490475002,0.0
1063,1950.979254358551,0.1219968997255223,0.0,230.85393178873426,336379.1529882108,127.03241409046532,63722.46737296376,1.207797108161681,69.84875507409544,0.9159818963137094,0.0
1064,1931.7437522399996,0.12971553298227534,0.0,251.88946465973436,336689.39614040847,127.1963462172276,63694.51168584059,1.2083466391887396,70.58415684576104,0.9154249015844885,0.0
1065,1940.3764230879926,0.12564147644448276,0.0,245.05768053412015,336992.27190349845,126.43685559394969,63666.63359119984,1.2090724730430165,70.66682984120695,0.9151830055713052,0.0
1066,1945.5248439156164,0.12360159244146196,0.0,245.60228180838573,337295.79134927114,126.5155888038375,63638.833088676176,1.215370714783955,69.73413876038094,0.9149863546287501,0.0
1067,1946.9086250075966,0.12355709414429028,0.0,246.1860636629251,337599.9789172136,126.49533224942977,63610.98225138789,1.2140807034573309,69.4122846563095,0.9144376010265609,0.7608006197496024
1068,1948.5853783483983,0.12319139254297673,0.0,253.72213628202297,337911.7091088241,126.57308149058805,63583.1335627667,1.2109066960395622,70.27516828903879,0.9138163834847887,0.0
1069,1961.307466350276,0.1190706073944402,0.0,248.09637821859815,338217.6360737133,126.66784834312116,63555.3555735549,1.2091126893023862,71.94846693330504,0.9135388345821787,0.21870256656455922
1070,1960.226418948214,0.11851618248831641,0.0,234.943328574433,338510.8466191872,126.49514749598592,63524.037952627266,1.2130210644152908,70.5506145025157,0.91393425704338,0.0
1071,1955.242879034439,0.12221723241719118,0.0,235.3070367909857,338804.4101509884,126.16474887846945,63496.195049078735,1.2143927171564701,70.95525896122162,0.9137597133196513,0.0
1072,1915.22204768708,0.13779165970671492,0.0,253.66987896296484,339116.2975998113,126.08233844742506,63468.38332818099,1.2177168814321486,67.15852826474058,0.9137523062128529,0.0
1073,1912.3769068506608,0.14005858595620846,0.0,254.02291691766487,339427.6798551073,125.38452464651057,63440.58310195474,1.2126192270153027,67.18308417306619,0.9122688947541676,0.0
1074,1916.5902922908294,0.14016781177546067,0.0,283.8250417113493,339768.6499820136,126.55680295989507,63412.776480147426,1.2180794852903603,67.15655397090066,0.9108707415106063,0.0
1075,1949.5382801989676,0.12694502364187776,0.0,264.506387402068,340090.02859416377,126.17044605157824,63385.12588697391,1.2131163250162516,69.7314606558938,0.9102169274048646,0.0
1076,1952.5604139503157,0.1247972486906529,0.0,258.09294288341073,340406.1631810729,126.93149127273553,63357.39707938706,1.2132696018121543,70.38479682729033,0.9110377868553498,0.05158197984803792
1077,1955.667231633106,0.1236879825338888,0.0,222.1492969433412,340686.21774463943,126.91469646513319,63329.657412724024,1.2009221423269425,70.36767102971584,0.9091465005331323,0.0
1078,1910.5343485208068,0.13486594172735356,0.0,252.4892879778651,340996.558992596,126.50430326521169,63301.90219799551,1.1996326122410736,67.06484605121177,0.9091486468061769,2.082276229639575
1079,1933.1107086428576,0.12903559268451736,0.0,271.3494617284653,341324.9536191453,126.65683816996471,63195.19463919048,1.2101383952087899,69.84798306023364,0.9079323412402003,0.1443126310593641
1080,1930.180874354174,0.13216967028649373,0.0,261.9863009529116,341644.34274290025,126.78987418819834,64808.12447378013,1.2118330106627822,70.8267433998827,0.9077544282300395,0.3242504407231763
1081,1941.733249266746,0.1276693194795101,0.0,243.7761755718471,341945.5815284849,126.3572837391629,64779.58120734095,1.215419770425111,72.27951893404136,0.907973044291059,0.6052071583130498
1082,1931.6631528131481,0.13118211978329453,0.0,255.7913244993851,342259.0833025386,126.14031739967453,64715.226984475,1.2146344369156383,71.22614475566282,0.9087559006511893,0.0
1083,1944.6440777614032,0.12545817016537164,0.0,260.1931275009537,342577.0502666782,126.62101950294222,64686.67993508594,1.2170607654151215,70.77723809622647,0.9090709159324777,0.5458964338206727
1084,1955.0334184902265,0.12074074958737824,0.0,247.67380596453955,342882.72859397926,126.31733516540785,64658.15869564478,1.2151626039581376,73.56686326001106,0.9092137721268784,0.0
1085,1958.0948343955736,0.11930519457955191,0.0,231.35413326999026,343172.3241853027,125.78624676996156,64629.66425095801,1.2177029634266634,73.53792604802003,0.9104182934644209,0.0
1086,1954.5228039277918,0.12072309704904294,0.0,237.78528491111763,343468.6738047452,125.72259774827167,64601.13284693324,1.2255854098481025,70.94805944728338,0.9115517490535388,0.0
1087,1957.2183380036513,0.12351721331958754,0.0,221.67752328614472,343749.0564697096,125.90275245902535,64572.63722257213,1.1865897431397159,71.01466336257944,0.9116212641055591,1.054460996464286
1088,1954.6505970567252,0.1199853501468372,0.0,230.02286280629477,344037.65444422606,126.555665968883,64544.09484585499,1.198851490767299,71.91424448022123,0.9117477784689141,0.0
1089,1979.6720805630061,0.10284071821852081,0.0,247.65433266884577,344343.9467609533,126.06505787630539,64269.90046805218,1.215267315069288,72.87582240402472,0.912185000777948,0.8288273468486693
1090,1967.965611465751,0.11345567562097036,0.0,241.92735072462085,344645.1791625909,126.5685872963833,64241.51734282223,1.2129841835186506,70.92458491835771,0.9129791217250111,1.470335674571885
1091,1958.5981111806973,0.1161632366770542,0.0,227.95356818124765,344931.9597852314,125.82514527622611,64214.786160441516,1.211161621505384,71.30697831045089,0.912995108715193,0.0
1092,1966.8821395190955,0.11263703526486224,0.0,232.7399210360963,345223.3167834938,125.97009429123051,64189.20467949859,1.2109757152182419,69.88127625010219,0.9131127941181251,1.3987323552759108
1093,1978.4583590532616,0.1114327640869397,0.0,234.93955451691136,345516.98384240246,126.36371738063708,64160.94145639995,1.2083539128733285,72.0471304310752,0.9127152122061643,0.0
1094,1982.8064170236064,0.10965226677890216,0.0,222.78867814209502,345798.6501267322,126.1982593387931,64132.696361199014,1.2090025702365828,74.03357871716537,0.9131365381366311,0.44420790160842216
1095,2000.8398771449336,0.09370930908521447,0.0,204.76187157335744,346062.3492203986,125.83661408352029,64104.47013937753,1.2138411239716769,72.42511131832572,0.5802460158483926,0.0
1096,2005.4233918256398,0.09452234671938897,0.0,194.91721750490854,346423.9009249608,126.18211843563314,63962.69558879864,1.210300652382214,73.89275587447383,0.5767276683797903,0.7014949028059903
1097,2002.6422881972098,0.09536006571168021,0.0,181.42448211557019,346664.55918874755,125.97039045575362,63936.365905664396,1.2137980825194654,74.3678698791016,0.5673312888844447,0.0
1098,1991.8863181392333,0.1062845811207862,0.0,210.84575440862415,346934.721458585,126.20024811068642,63908.22593091254,1.2138249170707078,73.31731820142946,0.5712594198190751,0.0
1099,1980.5561293581661,0.11150372326680247,0.0,216.5676817389372,347210.15053006844,126.1021387232955,63880.09705905706,1.2144039322955076,72.02872040879805,0.568381011279939,0.0
1100,1975.7007104408046,0.11467975473527336,0.0,219.3245381922564,347488.0569417155,126.42474842419328,63801.73756972496,1.210971703331684,73.28720258204817,0.5653707020129163,0.0
1101,1961.7051453197278,0.12099594105050893,0.0,237.1139166427946,347783.5856312423,126.34658565914756,63773.64330849519,1.2113745634583712,70.89142041214456,0.5627802806761737,0.0
1102,1962.6478203482484,0.1194479747686581,0.0,164.9055407322253,348006.63030926214,126.30672613457116,63716.72374126093,1.2168407258325042,71.00607483549715,0.5598066253172495,0.7133012012032225
1103,1947.6474741855407,0.1249902940948463,0.0,291.0397478664767,348355.7914155705,126.34564151229397,63688.59744210823,1.2132506711130402,70.65598112493387,0.5570112682835903,0.0
1104,1955.5202701664339,0.1207357178041244,0.0,255.78768810563855,348669.4191635181,126.14511863064584,63660.37918594794,1.2096445953137722,69.86526959878361,0.5542634522250222,0.0
1105,1957.8582472613248,0.11944977038506865,0.0,244.52033974452308,348971.8601109088,126.41174532860161,63607.91579679692,1.2128080843577178,70.80574894879723,0.5514840054749544,0.0
1106,1968.9567239310968,0.11514132466528115,0.0,233.9975383313677,349263.8201192375,126.22854659519645,63579.909647210225,1.211565219914367,71.90569126760381,0.5490450561602996,0.0
1107,1946.0371153088745,0.12014819635767215,0.0,232.43105460180283,349554.37251532427,126.15535417141336,63551.921546739286,1.2114947465650296,69.81128668574986,0.5469636158773384,0.0
1108,1947.1428683063273,0.1248978555704483,0.0,212.19695861328688,349824.26878568076,126.56559293120851,63500.9038218859,1.2044097374123126,70.94802612721692,0.5445381179665634,0.19424295953325554
1109,1937.9216590082692,0.11756653831041874,0.0,260.25507791461587,350142.14887202665,126.20060070985016,63472.96027887508,1.2064548648111546,69.84457665607528,0.542482160680816,0.0
1110,1955.8243745483987,0.12205880163932614,0.0,-1017.5492980273557,349182.02282110753,126.7551519121237,64042.03738358589,1.2092622100463746,70.42490565587126,0.5402633005944072,0.7612526994243751
1111,1961.217961621633,0.12031087010153707,0.0,1212.567197626172,350452.2127849,125.20488055051678,64013.77512710582,1.2429154803788351,71.18394905006771,0.5382984145756071,0.0
1112,1991.1649226727543,0.09620613284106694,0.0,454.89927410894194,350964.9724497979,126.1324039169238,63985.53119707721,1.224299408720113,74.15280563455708,0.5365757858659698,0.0
1113,2004.7187342067793,0.08875304576372645,0.0,245.93133784722454,351269.8304482504,126.43147751853665,63957.239489317144,1.2143884176082653,76.89375697042311,0.5355747682081365,0.0
1114,2011.1455749959957,0.08271907509797616,0.0,180.6734438238381,351509.82957913226,126.41627993519084,63929.031180721555,1.2128940986966978,75.74210115094152,0.532791110764278,0.0
1115,2000.4494135758284,0.08837866175123898,1.1826085181596087e-09,177.12357265232708,351746.6419714484,126.69861726036457,63900.77502724498,1.2150587847606522,75.17708202370463,0.5313547276901877,0.0
1116,2008.1909369654397,0.08672869957813578,0.0,187.38268558906748,351993.43636466475,127.17320163311913,63872.53761839997,1.2136941664507632,74.6650302596831,0.5304762583410163,1.4433811595976067
1117,1995.6262435517278,0.09356755265390648,0.0,175.64720959350012,352228.63531356904,127.02409775910311,63844.317865627,1.2147247191003274,73.80739701581871,0.5309385691123959,0.0
1118,2004.879564882848,0.09146400603650906,0.0,191.46751682725812,352479.3232892804,127.23532737355238,63816.116287106845,1.2078629899639381,73.55018991686964,0.5328698480709824,0.0
1119,1989.9554764440268,0.09849587877549981,0.0,178.42193848590625,352717.03282437753,126.57007155063553,63787.93256012502,1.2137557966851182,73.39385859934222,0.5319237512175092,0.0
1120,1993.9750653183028,0.09980855335393102,0.0,201.41115817788517,352977.379136197,126.60083868523944,63759.76683003601,1.2163489276370505,73.16342317825075,0.5309914352668953,0.0
1121,1993.3483570051635,0.10195190979683688,0.0,203.6442049964798,353240.1414696638,126.5627945339794,63731.61885526765,1.2176775273551945,73.04635765042406,0.5300563677514399,0.0
1122,1993.367800638601,0.10393088842603981,0.0,186.05407060509287,353485.20825300063,126.37863442177309,63703.55355144659,1.1968579838362665,72.88595793882476,0.5291429689813645,0.0
1123,1983.5306793500715,0.11168200571340103,0.0,226.5650215169739,353770.6767117017,126.2237397034176,63592.087426959624,1.21178324722338,71.5705926834097,0.528240893048102,0.0
1124,1979.5955852772468,0.11387016351429102,0.0,224.54721797297412,354053.88507550256,126.36919755846753,63563.99248363871,1.2152294338825527,71.53120818240444,0.527102426925837,0.0
1125,1982.4929313101588,0.11394226190453494,0.0,227.97402345342022,354340.36876089615,126.08108754167024,63535.91520814504,1.2134326608663095,71.8353022933552,0.5260125716044631,0.999026516643454
1126,2011.2346081151154,0.09591046917769619,0.0,212.9452155925735,354611.8332115106,126.34845815895727,63507.920500467764,1.2119453704066314,73.6631924479828,0.5250667724098622,0.0
1127,1993.9231058159437,0.11132072497495937,0.0,211.79466144181038,354882.96751234075,126.3783341091691,63479.943400522556,1.2158551814461254,72.80904627440903,0.5245350596975513,0.0
1128,1995.1328377823272,0.11226618733592608,0.0,222.80815623862492,355164.5006944159,126.46980272320612,63451.989305339106,1.2091306719677444,72.67959378795797,0.5238470660502789,0.0
1129,2005.3241696942887,0.10868290680623116,0.0,218.83399122393547,355442.02795420005,126.53829197773709,63427.65428715627,1.214852266464578,72.59615830781055,0.5231657692785375,0.0
1130,2002.9811004037867,0.10834462946918821,0.0,220.3957449402153,355721.3496901628,126.70780897491751,63380.97627552625,1.213826189895734,72.49270595366394,0.522500694193558,0.0
1131,1989.8978799021625,0.10933686983350721,0.0,212.07238398790173,355992.31999938114,126.00937950944093,63353.03031004429,1.2121897306871425,72.39909555999944,0.5218467538303244,0.0
1132,1989.1267716981874,0.11332840321753723,0.0,215.78492943739258,356266.7339624999,125.91670956006357,63330.488838230165,1.2127423521001346,73.6356191479966,0.5212055071767483,0.03767020002547383
1133,1976.1029512639384,0.12141251083694027,0.0,230.63291106082863,356555.94384048425,126.15053565970567,63306.166406882134,1.2081155213381303,71.39403179575524,0.5208618948290488,0.0
1134,1987.8844778218702,0.11747372581906423,0.0,235.48844559597393,356849.959763677,126.09185215685739,63280.023221847754,1.2114963549180142,72.14272487266672,0.5200547651435012,1.5101535616839499
1135,1975.5913071122795,0.122796186923951,0.0,238.86890157933738,357147.481035965,126.0596858465458,63252.20112305035,1.2145481576990822,71.36061878343548,0.5194851792581784,0.0
1136,1974.3769351269725,0.12013162018809409,0.0,241.10360670626523,357446.99520992103,126.01110468430053,63226.775734391704,1.2110846610794457,72.65229103243122,0.5187397879163729,0.0
1137,1995.6977115102409,0.10733212344030074,0.0,221.6396774693282,357726.98499726085,126.23675269982752,63199.24275943212,1.214288856525986,73.52801873627038,0.5183082176208478,0.0
1138,1976.2298021438291,0.12268759010951114,0.0,229.35766279065757,358015.32470757276,126.20304574579374,63171.56480092105,1.2150646979802755,72.77685656759876,0.5180856447585888,0.0
1139,1976.7468347825707,0.12302020180463502,0.0,235.21703174438136,358308.87479762884,126.4814098170563,63120.80654390944,1.1996691767458165,72.76164561501494,0.5177133845284286,0.0
1140,1999.764461775901,0.10777078422235054,0.0,238.5068571146204,358605.6271650452,126.61273512610175,63093.10845374549,1.2128069005048023,73.65647552038551,0.5173190346502191,0.0
1141,1979.9550845895965,0.1220373455913557,0.0,229.26952676985968,358893.1417982057,126.47010263159008,63065.420767796604,1.212213916011383,72.79302749819786,0.5171359153476336,0.08253376436900339
1142,2000.965548937439,0.10782110072661799,0.0,216.18313464293476,359166.92294320196,125.8799766362769,63039.72511872737,1.209587277836272,72.06793516547941,0.516779124579668,0.0
1143,1996.2896532784825,0.11247409715084467,0.0,226.21774062940347,359451.35899191373,125.9423813595453,62974.393154878766,1.207971619046999,72.20985075027642,0.5162830005206228,0.0
1144,1987.7037933451395,0.11899594905327782,0.0,228.27085962537342,359737.70455986884,126.10460266286934,62946.667394519915,1.2107993347122343,72.3155805139386,0.5158421372344627,0.0
1145,1989.600601709119,0.11789301928361395,0.0,230.74886686836135,360026.2655728591,125.92900147924634,62918.8915090909,1.2150033872998691,72.42971816714449,0.515446014413546,0.0
1146,1974.1730292883485,0.12484987547568638,0.0,240.2767144282642,360324.38073859777,126.33761372800679,62840.15581411641,1.212889561408897,72.53354762296757,0.5150941842095559,0.0
1147,2001.0774819271667,0.1098731909935804,0.0,233.03258700826478,360614.8523370782,125.9165467152821,62812.986211374824,1.2143998644605958,72.66292865576978,0.5147822151920196,0.0
1148,1994.1985930526334,0.11663270059257669,0.0,231.65387618055274,360904.67752782046,126.17761176825043,62785.33115181171,1.2138200361408626,72.81006378606732,0.5145135724712074,0.0
1149,1981.639476412089,0.12157543447511487,0.0,229.38111158457565,361192.01189198403,126.08186726321206,62757.69073588217,1.2193366851496095,72.90882183460383,0.5142898769062536,0.0
1150,1986.4963861208976,0.12104810375191477,0.0,235.95122052730915,361485.780392417,126.22743789627488,62730.0684617199,1.222278081096267,71.91278498505643,0.5140985146775265,0.0
1151,1969.1358095499663,0.1281378476071141,0.0,246.5600429645691,361790.2812710629,126.03671698742515,62702.46869184176,1.2186430197558895,71.31066602943133,0.5137035744640083,0.02962159973708367
1152,1979.502175331881,0.12684921242866998,0.0,255.48923031821738,362103.31111668993,126.08839220504163,62674.88605333319,1.2183864731955272,71.43386979738683,0.5132003485342538,0.029509275233351673
1153,2002.7035211527593,0.11439376720379779,0.0,227.0282158642005,362388.08454910165,126.48213888319634,62647.31618304841,1.1799221190412046,71.94747437327067,0.5127487974056448,0.45216004589045156
1154,1988.1936430341166,0.12082531294006249,0.0,245.02881440301644,362691.3675915662,125.96329590065005,62619.743462742634,1.2119736195341324,71.8871270417875,0.5124401829512181,0.029353803402642598
1155,1975.092546992911,0.12816465473127525,0.0,248.51786493569136,362997.697021084,126.18855923254435,62587.899098494985,1.2143925703462852,71.93546723442728,0.5121238229625502,0.029304715994726394
1156,1995.04467380963,0.11582647482504016,0.0,243.74767105681644,363298.865608413,126.00077894551946,62560.32477678117,1.2121211643210392,72.07834003975847,0.5118337203573975,0.029330563190825387
1157,2007.1899313839283,0.10835646258989895,0.0,234.32795523843828,363591.23290731065,126.17410517855227,62532.76822917323,1.2118276387171847,72.20773003869934,0.5115887891559991,0.02928245316184075
1158,2011.0051477512127,0.1083160353875432,0.0,215.91145964386055,363865.47293130954,126.01978227206646,62499.39276733025,1.21804624444269,72.60814643070285,0.5113838700307541,0.5124551958050745
1159,1997.1943274746786,0.11627750183117214,0.0,-129.67019213603868,363794.5273286906,125.72378390432645,62436.28564349661,1.2175996084208665,72.88128694505156,0.5112867363362784,0.0
1160,1986.4324796268224,0.12257556382927781,0.0,499.7681594301603,364352.57321710105,125.21918886995557,62408.80388144269,1.2226748977940882,72.90619134583588,0.5112279107210449,0.0
1161,2000.0170791604792,0.11122384709977295,0.0,300.2795085950863,364710.80447588896,125.5114575943093,62381.39956216699,1.2232259993209547,73.81719689269721,0.5111773661867006,0.0
1162,2036.2687644778737,0.09160994327025396,0.0,218.97323321972175,364988.16333101236,125.11507967586898,62353.95559971867,1.2206960014162604,76.31276445014522,0.5113243114036554,0.0
1163,2040.8011235751471,0.0915129057423072,7.111167734513119e-08,200.4549032511194,365248.0500060316,125.53175953634461,62326.51287632662,1.214394812502793,74.1797270745495,0.5119978823514753,0.0
1164,2054.3999679977196,0.08314013448043978,1.4348676044960003e-07,184.1756667407679,365491.7394382713,125.61512140897251,62207.86309353819,1.2177959131206357,75.4474669102737,0.5121809973318594,0.0
1165,2053.2479455354023,0.0853731570703199,3.070057248458571e-07,165.27313201610355,365716.8562627463,125.28626191233515,62180.39319030195,1.21920576603184,75.36399842239224,0.5126261429390622,0.0
1166,2042.3531711065443,0.09338752525002225,4.63450168867762e-07,166.50599317608186,365943.1188075718,125.72024289850252,62153.0270039312,1.2092488322687873,75.25939242006874,0.5130309423807142,0.0
1167,2006.6199274551661,0.11277612863878961,5.354141144464273e-07,208.83440936396698,366211.51578809624,125.55512841614251,62125.693735188834,1.2190485400411097,73.26505868088267,0.5133928981780934,0.0
1168,2024.1332246677462,0.10525599227034588,4.1276098870123357e-07,229.9559739279236,366500.0752940018,125.90412065239998,62098.40778998484,1.22148284065796,73.88025617386486,0.5133097625432799,0.161526397636095
1169,2046.1109301319082,0.09336795378038709,3.6037205035767074e-07,204.9070358327366,366763.9373274513,125.63677626101357,62071.13943884918,1.2157691266894441,75.365607100092,0.513366354399319,0.0
1170,2028.2259891205551,0.10028773307128103,4.1964841650045174e-07,197.5642324109417,367021.06267004006,125.51312066033854,62043.87042571787,1.2220067376021881,74.60573364373519,0.5137089809649512,0.0
1171,2019.2403420515875,0.10410509722577754,4.049743137772452e-07,210.01947848851916,367289.97782817914,125.81573330692186,62006.97000394528,1.2175160468488164,74.58076317306092,0.5138716584697516,0.0
1172,2048.1379661223345,0.0928230362091299,3.5059637005054377e-07,201.4617174109942,367550.15536388604,125.68535929612707,61910.01589233732,1.2153916545722137,74.54345488018646,0.5140207246191568,0.0
1173,2038.5684096857972,0.09748517921057565,4.1739097986327487e-07,-92.40540976082582,367517.1259045762,125.72238179604985,61882.7329621379,1.2186092389447847,75.38617843021231,0.5141542225266938,0.0
1174,2049.355558115012,0.09340908625407185,4.796878185176683e-07,420.8565508317101,367997.3066174454,125.3358270896696,61852.10779996312,1.2184152962474422,75.30117234272494,0.514448777531019,0.0
1175,2073.556638896006,0.07749754634932615,5.84301271307422e-07,228.56927601482812,368285.44284517877,125.13888947491202,61789.093525537,1.2158133845624637,75.95098133996763,0.5147102140220794,0.0
1176,2064.764750458924,0.08314017694098486,8.563581842457015e-07,177.37259684344093,368523.05120474665,125.33130802109194,61761.948975972104,1.2159311930259178,76.08328064323862,0.5150974465529455,0.0
1177,2074.053051853604,0.07926801183477139,1.0662065653908765e-06,170.75104787648655,368753.75021586014,125.31487501399425,61734.81118741362,1.2140302664654905,76.0680437962592,0.5154933788413201,0.0
1178,2054.8293186005176,0.08797901556656196,1.3150569860128664e-06,167.89885649992294,368981.81043328514,125.85828722979664,61707.70044566883,1.2193507886730788,76.02053245090121,0.5158659918997498,0.0
1179,2044.2687734597107,0.10320875373743099,1.4687438724301419e-06,171.07342956167145,369212.4502886841,126.15747053344786,61680.538420822435,1.1999127668713585,74.91756450581963,0.5162095473807086,0.0
1180,2056.2217759442624,0.09278450417178907,1.4222112608192747e-06,192.4851863951087,369463.9982211466,125.36973191449668,61653.43981792202,1.1998797672214172,75.93551881452908,0.5162996365300345,0.0
1181,2056.485612653165,0.0944440862769147,1.4319036683337693e-06,208.22414436745578,369731.6652750651,125.53899729893386,61626.358317218794,1.207114804959224,75.9289589354324,0.5166029122653675,1.0779413492705885
1182,2062.7177905001704,0.09227864956757548,1.4245831569950454e-06,197.79812478806417,369988.8948315578,125.6979026075721,61599.29315331118,1.210434045496513,75.87248852502472,0.5169156690737705,0.0
1183,2047.1506832326645,0.10542536509015255,1.4411281285438557e-06,197.0943418979408,370245.56931817316,125.53572476907871,61572.24874986825,1.211768892686759,75.06629462374158,0.5171740670207231,0.0
1184,2047.0900658151245,0.1008174368556457,1.3470303310313514e-06,196.04611503516446,370500.6945429298,125.71372947251464,61545.220791026426,1.2060714850652166,75.70142706463052,0.5170984614889331,0.0
1185,2058.7288365253835,0.0984387498211251,1.2429702510774228e-06,203.67771001265214,370763.29363133304,125.57240127600693,61507.77843374404,1.2090730595464676,75.93877076744941,0.5174590375586693,0.13860780960672514
1186,2060.8185297009,0.09780921653081653,1.160622794285167e-06,195.93194351577046,371018.48818997195,125.54799465934494,61480.71636578257,1.2083446331796464,75.71509642162216,0.5173064193696103,0.0
1187,2054.229406652716,0.09847068246735446,1.112738824038049e-06,204.58515968286986,371282.54336657823,125.82589474617251,61453.68610022358,1.213793298754541,75.71804469977741,0.517911524986625,0.0
1188,2070.633795674039,0.091066392138346,1.0585593262066415e-06,186.9757814525796,371528.7817283638,125.37577755168576,61426.71521592636,1.2050833983364533,75.69021354932313,0.5180859909978816,0.0
1189,2063.3927903809663,0.0944937376198609,1.084090158626374e-06,183.91121560804237,371772.3971164783,125.12842989161119,61399.71836182991,1.216928597555799,77.84257864616815,0.5182455597910575,1.8565330153334116
1190,2074.083361784244,0.090999444260217,1.073432351675975e-06,192.0788957250598,372023.9330807951,125.4719020042466,61372.71767988303,1.2073968738600238,78.24673367877406,0.5189028251453416,0.0
1191,2075.5715773454535,0.08976863662544732,1.1004997810119627e-06,181.1077557514219,372264.7336122732,125.39847465179068,61345.79689274449,1.201562834590886,75.59453442680419,0.5190741402904123,0.0
1192,2072.351550672783,0.09345603653788581,1.130944685858765e-06,180.4336705462942,372504.94441795186,125.17324514680836,61318.82916522373,1.2085422223305904,75.52403493195055,0.51965628082505,0.0
1193,2054.9721227313976,0.10098189240490951,1.1383818683283183e-06,197.95552018612858,372762.59676645935,125.10776189364908,61247.633163825725,1.2121555558580266,75.51847950270582,0.5197003217020546,0.0
1194,2052.008916384324,0.10201818881802227,1.089539008710605e-06,201.57257888443655,373023.41335282323,125.2568572582529,61220.76613708421,1.210938913461815,75.49106902609788,0.5197407780028821,0.0
1195,2050.7066649253675,0.10290781873973132,1.0303181341719335e-06,202.2058340970476,373284.7547687929,124.98824496412954,61193.88822058799,1.2112950397423923,75.43632996396605,0.5197731532429912,0.0
1196,2049.2501464323327,0.10367883600083627,9.750563760043552e-07,205.05017203888013,373548.8886329994,125.2765036275895,61166.991082682354,1.2138139808274429,75.38398815963295,0.5197920064571034,0.0
1197,2057.8279321010273,0.10134447331093388,9.00552129382074e-07,211.87476446076147,373819.79545514076,125.18229127539738,60989.65551632039,1.212173315230193,75.39340414840427,0.5197985325700245,0.0
1198,2050.735343914381,0.10362056862889724,8.878309390369966e-07,201.14120046057752,374080.3070991847,125.05517121774498,60962.87216913057,1.215273331368788,75.3952531159825,0.5198065696319192,0.0
1199,2034.2831554496802,0.11776824059934232,8.508709197590894e-07,195.67983356633283,374335.12911835447,124.80244439055954,60702.44950575895,1.2084149163761033,73.6075070920678,0.5198144225570164,0.0
1200,2054.778578919167,0.10358321323909647,6.190533981912101e-07,-938.272218620848,373455.39733698923,124.95883482002995,62624.000209054815,1.208530105584463,75.37563568778751,0.5193891956837321,0.0
1201,2042.3874800045487,0.11579275274689316,5.307428292137635e-07,1123.2093865961851,374637.60473825963,124.18944208268795,62596.17415102766,1.208099342445806,74.3909710675994,0.5193636198130639,0.0
1202,2083.944508900862,0.08159125235839959,3.222109786288329e-07,423.68958401442865,375119.8504435924,124.36040642851619,62568.37127020106,1.2038421535471695,77.09094215245673,0.5191284518442442,0.0
1203,2082.846795397621,0.07990021913284062,4.078687682749321e-07,231.47248461185427,375411.19792563375,124.58916942584528,62540.52015028834,1.2133430856359027,78.06097107364977,0.5119180902615886,0.0
1204,2075.1858811706797,0.07761108690713558,5.110337251893104e-07,174.74460271968763,375645.78169444564,125.25203041897993,62520.28262469926,1.2100891655143637,77.46084532886249,0.5148724089053138,0.0
1205,2101.800264484813,0.07320862532170969,6.52318401199071e-07,152.11368121099775,375857.61516974884,124.58241566176487,62492.52498568576,1.2095469540210575,77.19023469814589,0.5207833008013742,0.0
1206,2097.5364177096117,0.0744686226871728,8.40525307962083e-07,152.14516667161456,376070.1526368727,124.74423713536729,62464.738725327596,1.209017074185572,76.17110677233124,0.5209622878775498,0.0
1207,2075.4530669589462,0.07531243211541783,1.0151018760658734e-06,149.68596449435478,376280.03636252694,124.78628460076122,62437.01945931719,1.2078833907066089,75.9332582574626,0.52140663735769,0.0
1208,2068.103409918018,0.09150286364832727,1.1806199661532376e-06,170.49938218995908,376510.09266415896,124.84647970236917,62409.33387184841,1.2114038135752045,75.69240589506376,0.5213977103338017,0.0
1209,2066.787907351687,0.08742699655055142,1.173712584107194e-06,141.12198364960972,376710.5560957871,124.5414734898705,62381.58538597414,1.17935160009369,75.52064960303605,0.5213374891131161,0.0
1210,2090.3367479397716,0.0772706595609618,1.1251747556073805e-06,199.26747153971513,376968.9348999136,124.88937599292764,62353.91927980275,1.1994031865865629,76.45887479908878,0.5212433480838661,0.0
1211,2054.552270425131,0.09435415352000065,1.1759370397586322e-06,156.10945443877256,377184.88172244775,124.73565238165335,62326.26814765747,1.195174318823629,75.33456592634876,0.5213545352140981,0.0
1212,2080.4818736908674,0.08742390190375005,1.055076360245045e-06,181.25859699324587,377424.9224727362,125.25637659110349,62298.63507268869,1.1854084356437125,75.85814867211363,0.5212193164253736,0.4608312938622987
1213,2053.704785733367,0.10869059391485436,9.632291157529687e-07,202.31165656862544,377686.6203568346,124.94616657766876,62274.06336929545,1.1883503717949646,73.98931106637329,0.5212140059928524,2.005816871587399
1214,2046.1408074370836,0.10819393583641845,6.495697363285393e-07,223.71873961202203,377968.9948364632,125.02099153904125,62246.46295745907,1.19388320011877,74.06339013717908,0.5208464860568888,0.0
1215,2041.272518466807,0.1076369091349414,3.4385011122587317e-07,212.20665677828873,378239.61882636347,125.1136933065886,62218.90207368811,1.1970004907502794,73.33636087870529,0.5204640697566822,0.0
1216,2054.7920025068215,0.10480073109284926,4.670922776365338e-08,218.09579293560267,378515.9843749612,125.2176654913109,62191.33880561459,1.189773341620198,74.91177913920598,0.5199451712730089,0.0
1217,2048.9247571496744,0.11131412363290549,0.0,218.07658677029616,378792.5444301729,125.2880347633973,62166.73784209029,1.200311231296485,74.1150797654622,0.5197894047357127,0.0
1218,2039.760054149507,0.11210468367908177,0.0,218.32417925532343,379069.2044331468,125.26788762488569,62105.714652369985,1.2006960747045203,74.08934001310895,0.5194708351177303,0.0
1219,2039.394283226197,0.11591048096961643,0.0,229.68246855554275,379356.9593110448,125.4458999225486,62078.236078278656,1.1967364900490711,74.7902164417051,0.5191626619422033,0.0
1220,2036.7003349827671,0.1130760546961278,0.0,218.73004684796945,379633.8632404813,124.80416006230541,62047.37766800362,1.2030573245957428,74.74625786658686,0.5190198632719502,0.0
1221,2037.6416837124784,0.11606944913190975,0.0,238.2482948865047,379930.20088985364,125.31877848881857,62019.86838752284,1.2011663246576214,73.90363445334481,0.5188747110340197,0.7561520605503631
1222,2018.8440101988538,0.11908623759245551,0.0,219.56287718189282,380207.90130696166,124.75537516543639,61923.165693715724,1.1764888227624177,73.79262017693324,0.5185748577577738,0.0
1223,2022.584678299286,0.12099487969789147,0.0,246.41022598108054,380511.9344602675,125.06898815058115,61895.64828357331,1.1970082199627525,73.1017273654003,0.5182477226105462,0.0
1224,2022.1329909332276,0.11811386664461476,0.0,239.94275867439586,380809.65326143435,124.97137010619798,61868.14734535156,1.197935068586385,72.2012065992447,0.5177891009438265,0.0
1225,2019.3511708238082,0.12001038551107157,0.0,243.78561177895955,381111.2129300048,124.92998186644483,61840.73536748373,1.1980087682194192,73.14016459762763,0.5171607710902849,0.0
1226,2017.5320350719473,0.12133772281181043,0.0,244.8445574251209,381413.72413890535,124.9771630939342,61813.329754841536,1.19651806114297,72.10546428714137,0.5167649492587338,0.0
1227,2028.434866779848,0.11828619272007246,0.0,243.26705563949997,381714.83684133133,124.78059135863629,61787.88167451393,1.2030109503584876,72.24176468688867,0.5161675604737364,0.0
1228,2025.459127975657,0.1195869452944075,0.0,227.5304715675644,382000.4526588108,124.48576994008532,61743.34119647063,1.1988943116677429,72.84992575460612,0.5156293725061696,0.0
1229,2007.578199246943,0.1264017009104359,0.0,252.16507597708897,382310.65217070864,124.64771834781746,61719.35391501127,1.2025676290729157,71.30168174775395,0.5152483898954738,0.0
1230,2017.7183916062656,0.12203477232679238,0.0,247.76485622793172,382616.0537562357,124.451085898057,62103.09004363172,1.197481611207477,74.08229284192603,0.5145427426104034,0.0
1231,2043.8117940321235,0.10653586529737102,0.0,245.96515586314644,382919.69695133483,124.56429398058481,62077.601317560366,1.1983965624476915,72.18845768377084,0.5144676685442309,0.0
1232,2062.477494607788,0.09699634837905258,0.0,208.70277506938072,383186.8351983855,124.3243421869239,62050.00036540716,1.199038623563441,74.33106684433815,0.5139910508784175,0.0
1233,2050.6113063396615,0.10417818534807244,0.0,203.39096978167225,383449.0705687817,123.97946493517718,62022.599640024506,1.201677033975257,74.55632827470401,0.5139969395827292,0.03289962457105844
1234,2054.734945126117,0.10265250851478391,0.0,180.84843178772252,383688.8236131215,124.05067462212014,61995.09704597319,1.1915684550111971,74.09442851494846,0.5140515006807509,0.0
1235,2039.4455745919518,0.11491380289796038,0.0,226.60472370059773,383974.25094374386,124.26692909329165,61967.619988840124,1.1929554022047848,72.86748470526383,0.5140036196575328,0.0
1236,2029.4077951627812,0.11913432402107726,0.0,241.53376001917474,384274.40929699823,124.03893548682575,61940.15877627236,1.19749852942594,72.84830491775395,0.5136955484481557,0.0
1237,2021.8969464053284,0.12323819393115865,0.0,244.7705463050401,384577.47543553874,123.87559847230312,61865.30461573309,1.202999362098419,73.0517823314529,0.513398871525124,0.0
1238,2036.8144404790896,0.11890942018788542,0.0,253.16689696848306,384888.88042620907,123.76866190447778,61837.93982685509,1.2041558416079468,74.33085719531256,0.513160669096164,0.9680732776731702
1239,2003.602776889796,0.12854415595848567,0.0,245.10425154255785,385192.44188991596,123.8044359409721,61810.45816702011,1.2069653124368667,72.49035867894366,0.5132317887262914,0.0
1240,2043.293795185972,0.11129755569338773,0.0,242.57791351720869,385493.1566999907,123.68162194889652,61783.06971100455,1.204201521417152,73.69878543323406,0.5128817417216607,0.0
1241,2040.2005065804565,0.116027773015425,0.0,243.9183384768084,385796.1110132132,123.98852423834738,61755.77663760548,1.2041424120771822,75.00923164720858,0.5128079293781274,0.0
1242,2049.6633801031808,0.11258798008139903,0.0,238.8980708300005,386093.5053876416,123.98218495512667,61728.47720302084,1.203992175123982,74.65570708504649,0.5130182591322475,0.0
1243,2037.8248920117944,0.11664548501265459,0.0,233.65587644009435,386386.0625325012,124.32608399892321,61701.19487903018,1.2025529272785196,73.38475892268455,0.5131423132003007,0.6094745897046039
1244,2047.0675250812435,0.11470815948524449,0.0,238.733787898201,386683.4188396498,124.14550547806407,61673.93669698554,1.2084272249531047,74.71641408470748,0.5130029770090541,0.0
1245,2068.074759720775,0.10350238427964442,0.0,229.39061201151185,386971.5721841118,124.00727648807711,61646.69648553134,1.2015960136590347,74.91142783690555,0.5131407047284348,0.9763475462977169
1246,2038.7783864640505,0.11390193754321576,0.0,210.55356725033914,387241.482305995,124.10453322382756,61619.40130457645,1.207354118257927,74.55529942277897,0.5133370169158924,0.0
1247,2053.1537546163604,0.11197646370317349,0.0,229.8910247611613,387530.2002664216,124.5322415461951,61592.19515596228,1.206353473055569,73.30461082180076,0.5134233014310147,0.0
1248,2067.167397332519,0.10487772174519971,0.0,219.2452228583091,387808.3164176604,123.95030496443864,61564.934023886,1.2035929003217871,76.33064990503706,0.5132375639336207,0.0
1249,2052.8050398262185,0.11141303998621244,0.0,218.2233687436845,388085.7785529309,123.9820706657656,61544.23011312485,1.209723662392397,73.80752659533871,0.5137087391254657,0.0
1250,2048.2253899657517,0.11499516587460124,0.0,228.29961435044032,388372.9850206815,123.9992225175481,61453.713892516564,1.200520290394006,74.35774304211122,0.5136161823907449,0.0
1251,2042.589902377169,0.11608884748827342,0.0,229.32611286709448,388661.06055765273,124.45204126122046,61426.50317625384,1.202195689390897,73.33499950920378,0.5136524973261937,0.0
1252,2057.700533729579,0.10979619740743884,0.0,219.61724665687728,388939.41585836717,124.07095580158679,61359.69528999145,1.2072906070206206,76.00461805579286,0.5134740799020017,0.0
1253,2063.193306384466,0.10917726414515694,0.0,220.47184086321738,389219.07994062593,123.57132212819673,61336.995297485795,1.2068910863663356,74.44615724678135,0.5138759279256281,0.8270829687690764
1254,2037.6070072729324,0.1207213305629844,0.0,228.56244814880125,389506.8898999708,123.99705409596031,61309.90143318458,1.2000893424485852,73.29871226844695,0.5139441476215278,0.8980130241836548
1255,2081.2638850592725,0.09452729811724281,0.0,208.03705324116265,389773.5014308048,123.45035283852346,61282.823803428706,1.1702504514513288,75.64109088051359,0.5137650024172433,0.696044796721992
1256,2062.434545611234,0.101433945616902,0.0,219.54697453644513,390052.90956454515,123.69612930858959,61255.879497447655,1.2004316902599803,74.90352889376338,0.514091124686028,0.0
1257,2040.9619900568846,0.11978043098272739,0.0,214.88982436814547,390327.00109734846,123.71141159760842,61228.83500515213,1.1977617494580663,73.02366796069239,0.514225895016385,0.0
1258,2065.8157241352496,0.10375138539021656,0.0,227.20871979509025,390612.6292854811,123.74962153025061,61201.736457308805,1.199391398906456,78.87018610096538,0.5139515418264023,0.0
1259,2068.8224996087783,0.11003466986942301,0.0,216.50651162459366,390888.3101809386,123.67403572205275,61174.72530542489,1.1835939490761984,76.05075074558854,0.5149421367652512,0.5976420908972386
1260,2079.504835898878,0.09575033790866905,0.0,220.92847757293544,391168.15736836777,123.53143230904847,62768.251218751,1.1912908186658555,75.36970363287243,0.5152565075222518,0.0
1261,2049.8215289316145,0.11593552199600066,0.0,210.85008548665155,391438.2329544249,123.5110099096184,62740.37139891913,1.1982208520751858,74.31810804570594,0.5153945983116093,0.0
1262,2072.6892728223243,0.10674253317196414,0.0,225.07694831958582,391721.6522163764,123.54647643351109,62712.50842917886,1.1898643963429876,74.31191820782297,0.5153006234640745,0.0
1263,2038.7675438149085,0.11958796797481586,0.0,230.82763153687,392011.4691047359,123.26256494232909,62684.66271112506,1.1938125122316152,74.3216187262845,0.5152100007274774,0.0
1264,2085.0134069734468,0.09258483989078248,0.0,218.6289903532712,392288.2663940841,123.37277451646014,62656.76315667308,1.1908282307983462,75.9623340360147,0.5151259636819682,1.2436224071618085
1265,2076.211513934498,0.10483885341477528,0.0,211.34929170849728,392559.19353326136,123.59374777281067,62570.439972838685,1.192642880229308,73.62286573676735,0.5154275530125136,0.7395675925216381
1266,2083.9414866783522,0.10186689807010718,0.0,212.60362354137578,392831.30043454934,123.35544898968632,62544.58408510681,1.1932026810619192,74.55116001659442,0.5152008331360644,0.0
1267,2073.4908188492273,0.10727655286080351,0.0,222.82642958490442,393113.56025892973,123.29749577727165,62518.94467505009,1.1957134732498529,74.37338890041917,0.5151660394484432,0.9974745642442144
1268,2101.9375968683503,0.08795597383792142,0.0,193.03531432113198,393365.6953275087,122.89590274922108,62492.53457514531,1.1937262036800782,76.81611649961364,0.5151192308714262,0.0
1269,2052.143569270944,0.11471793636282268,4.298558272646303e-08,211.78215938556866,393637.58343973814,123.11384493274039,62471.449005563394,1.1913741952774752,72.73734530968443,0.5155730562864658,0.0
1270,2089.348218446151,0.09060822512134947,0.0,202.1148355489014,393898.44512794976,123.30220923023609,62397.6532006722,1.1701715435862177,76.88637265003953,0.5151310836136349,0.0
1271,2041.2534280464943,0.11991414021016555,0.0,217.38815282516288,394175.69875509484,123.3890202723903,62370.03206932398,1.18954071458298,73.88480632638579,0.5155992268642913,0.0743668531941637
1272,2061.6011561221476,0.10324791221017282,0.0,222.20940342334268,394456.13432081765,123.59930702464644,62342.410060931696,1.190546196103393,75.1983167925097,0.515403185195651,1.7234549140123363
1273,2046.4984481646777,0.1178508296970141,0.0,237.49225490130686,394752.72036514455,123.92173983240524,62311.83397958727,1.1901243404677928,72.84452855776854,0.5155382757909396,2.0494715191085504
1274,2092.4917670698264,0.09250658574748949,0.0,210.54912945539292,395021.61779090983,123.82370222325895,62284.081397171234,1.1892447570393883,74.31304468761172,0.5151705947257865,1.7651949824358155
1275,2079.365232807895,0.10521504751791821,0.0,216.3652774571798,395297.4654474497,124.01431150915816,62256.344458983025,1.1857112465662656,74.21194943865476,0.5151285546759403,1.837782936511104
1276,2090.8138203182193,0.09382554457311831,0.0,210.03339794021946,395566.9679309933,123.73941983590686,62228.62076708167,1.1889950801903388,74.14355364069522,0.5150685724403254,4.022685198277031
1277,2053.445160555832,0.11888225797052432,0.0,198.5853875615785,395825.41910122737,123.91549371725364,62200.9134403133,1.1807384091492663,71.25245187026027,0.5150500701099401,1.921681594429998
1278,2073.6195569648344,0.10559575290442125,0.0,237.0252086063241,396121.386570917,123.97704107979766,62019.00189718359,1.1908113069810584,75.90353299967606,0.5143621783290008,0.6374258839551032
1279,2061.364565387502,0.11475561625167119,0.0,222.72679788115494,396403.36574360164,123.8452289637157,61996.103204793195,1.1828721325573097,74.6054080239217,0.5146727763266384,1.2030490533356328
1280,2049.9103806407284,0.10991093310289768,0.0,233.39833849739392,396695.45211567625,124.19796231933027,61968.50490356996,1.184947056438649,74.60665172430983,0.5147036218128537,2.577799150291611
1281,2066.8190664015333,0.11348816131066397,0.0,231.74158882730592,396986.1316064926,124.03395273384788,61895.812589721674,1.1933820684016672,71.89979947032887,0.5147665720501781,2.976013453388333
1282,2061.924782806034,0.10711466129726277,0.0,213.220393711714,397258.3429001543,123.961042023002,61868.24397013222,1.1801089962027276,73.26497922627617,0.513289107228443,1.9562771700853716
1283,2093.0601419043223,0.10391886606399203,0.0,227.49589541476473,397545.2127217399,124.07220787183029,61840.691563704655,1.1947857520395901,75.64697763875152,0.5140876003373872,2.463208596594086
1284,2064.494665358733,0.10892554104266439,0.0,224.49394209713859,397829.5120998159,124.04954486728498,61813.95038728958,1.1942001387346541,76.60423438889525,0.5135880741310855,2.0483674091212265
1285,2068.754060838125,0.09496085495905304,0.0,206.946855665339,398095.7824773683,123.79180369462772,61785.18352166756,1.1929938270437093,77.20419128161478,0.514933240945031,2.0872339719540207
1286,2040.0637494740497,0.12063447449963016,0.0,226.05414155608412,398381.5315037599,124.19015075535333,61756.46177413617,1.201340566178604,73.87626800572305,0.5155274013585188,0.0
1287,2063.1898649144628,0.11430242741445928,0.0,224.119633130485,398664.55667052604,124.06985173616505,61727.84421827405,1.1724509732450041,75.35223406184035,0.5153282972559136,0.697155399425526
1288,2066.027263940863,0.10319089722784291,0.0,215.23236108328626,398938.9508116737,123.26527528817668,61454.582177983524,1.1472411168049463,78.14951167132443,0.5133989739472533,0.40412081513326825
1289,2078.2924833796055,0.09971276820641561,0.0,235.7677698579713,399234.0967538437,123.67421610579815,61198.141893558786,1.1873593511148322,79.01318582666084,0.5162910721669313,0.0
1290,2069.0038355474358,0.11154387714611813,0.0,-478.55416151240956,398815.1658600147,123.72534586747388,61713.60594378509,1.1819514887737192,76.23309270849197,0.5171151027444333,0.18779950774231224
1291,2091.7912200467495,0.0992413612406089,0.0,759.6217097105448,399633.85284524737,123.34459516658042,61684.76568211369,1.1933660417547154,76.52888879943507,0.5173071488670311,0.0
1292,2094.964622252906,0.0940848711486103,0.0,329.8898947026277,400023.49930063204,123.54150388107972,61655.951762813864,1.1688994337606644,76.9691430502138,0.517548129289441,0.0
1293,2100.7109307909236,0.08913823076168237,0.0,212.65540026454204,400296.09228139755,123.75856112153218,61627.170431080885,1.1746037129344808,80.00803792901293,0.5130912482489368,0.0
1294,2095.8713040171847,0.09943673029211741,0.0,207.49061509799412,400563.76682743535,123.33488866323893,61598.414025917344,1.1822217414421674,77.19789723082188,0.5071311010597144,0.8979730279106093
1295,2099.954825980229,0.09444596978101749,0.0,203.14072134956632,400826.7868529143,123.1551301617725,61569.69680390023,1.1916955918846426,78.47050907141309,0.5199808842195685,0.7179572510102048
1296,2084.5953501654303,0.10333092434889479,0.0,214.27662722928693,401101.0500494114,123.40651089109839,61540.96790718402,1.1855312163640863,76.36440603596594,0.5191630386534114,0.0
1297,2075.176725601613,0.10104836813296547,0.0,206.2701256154645,401366.9419877421,123.30395717814199,61512.25654854183,1.1868880760578058,79.00012107260486,0.5206312024406401,0.0
1298,2090.3002999336873,0.09860604142094742,0.0,221.18767144279417,401647.7580114539,123.54893812045579,61483.57258772046,1.1861841930655934,78.88970130828038,0.5212329445977705,0.0
1299,2112.8001291924506,0.08790586243788312,0.0,193.1215935902755,401900.58404940116,123.30609114248959,61454.914232053314,1.1857960792001785,77.74912705503309,0.5217805549405421,0.7341469837507191
1300,2085.0045591971825,0.10028053528830838,0.0,200.05261584371976,402160.81523218786,123.4189265751023,61426.270205242065,1.186602980819247,76.51281986313872,0.5220742069533275,0.6806528407024928
1301,2094.3019184889936,0.09111994965763415,0.0,199.9926609053939,402420.41146780737,122.92904245177594,61397.63694091641,1.1855945148681892,77.01567138343572,0.5220869390854855,0.0
1302,2088.8902880151836,0.09957694412988893,0.0,202.17038112177306,402682.5184593814,123.21149890141503,61354.83018726434,1.185077674875035,75.6250178318717,0.5221897997883758,0.1453933003663792
1303,2101.8116450137377,0.08716814926324079,0.0,188.05334118434854,402930.1577365707,123.06355241419749,61329.24323428123,1.180884971965287,78.60945008256967,0.5205860634305232,0.0
1304,2101.1007470027357,0.09656364385195448,0.0,199.84757403568983,403190.0492803508,123.05061812883723,61300.954272445946,1.189296788151375,75.93266533401204,0.5225118791340408,0.0
1305,2085.6742966017946,0.10327030069965593,0.0,200.81483724122785,403450.5723403203,122.8458579928627,61275.53479376467,1.1843657528360088,73.58713588173562,0.5223610252843002,0.09695936898373247
1306,2091.1838431201472,0.09427990912928819,0.0,203.0780766315089,403713.14388178545,122.5844109506119,61247.04205894661,1.181462610375633,76.7497785380861,0.5217180159186079,0.0
1307,2087.086078362486,0.10213012994258952,0.0,40.17864206296565,403813.074315097,122.4572949651172,61222.24168916624,1.1854204011351175,73.08771041961268,0.5217816837447581,0.0
1308,2098.4536164910787,0.0924749742897335,0.0,328.60789657871635,404201.13714916364,122.41709452784285,61193.700973276755,1.1762552007843285,79.10192191482408,0.5200185859657158,1.580341257012435
1309,2101.4231418305626,0.09498461225009047,0.0,233.7695052646822,404494.69234681164,122.55955627345654,61165.18460726099,1.1846036815079544,76.93139329423246,0.5217238206780274,0.0
1310,2086.6629338452367,0.09612159250770758,0.0,202.2344095699164,404756.61853122327,122.45185775330081,61136.686915464474,1.1833262839017251,78.02274405860729,0.5218129755411646,0.0
1311,2085.0936581976484,0.1007206203002069,0.0,214.04836664987454,405030.2245539701,122.95338720313539,61109.90124537113,1.1741439741447015,75.1927255886573,0.5221310145053828,0.5183752018465668
1312,2096.3809677962836,0.08790480426133984,0.0,196.14815761335052,405285.71915316675,123.3478918552059,61081.48319064726,1.1784317546543963,75.50743839227894,0.5218398663917725,0.0
1313,2054.650216558984,0.11341324033292344,0.0,204.5109738284558,405550.0340636255,122.99224582590833,61053.09847434179,1.1777893458848154,73.03866745310839,0.5216178888732085,0.0
1314,2060.999279185724,0.11194472555291501,0.0,221.97455845546006,405830.66270933655,123.03783400579965,60938.298426512854,1.1779772250624845,72.99356171351235,0.5208786230864623,0.0
1315,2044.550426388576,0.11951174308693369,0.0,231.4110612665931,406120.7998388034,122.90097282107659,60909.95006656793,1.1807169742697579,72.85952256835886,0.5201668262300357,0.0
1316,2057.7280382260865,0.114392628837102,0.0,242.0337226017537,406421.23947931634,123.00317563867276,60881.55797881675,1.1768837190670962,72.88882562665202,0.5194620967607841,0.0
1317,2071.896804119915,0.11123553295497501,0.0,234.19428184660717,406714.0480144946,123.21531933465832,60806.371437232185,1.1806128423153965,74.06384078487186,0.5187990482933588,0.0
1318,2051.4349703155267,0.11835822910269622,0.0,223.49243602536978,406996.33667464624,123.1922755814891,60778.01501741052,1.172326356575836,73.06640089233102,0.518420775050582,2.2600054961361877
1319,2059.927408819792,0.11791817644188962,0.0,227.82624194447186,407282.5281804299,122.73008042014489,60521.24782030633,1.1762649005510308,74.52975955300795,0.5179031507660543,0.7848931224383193
1320,2043.3994030004658,0.1246316231872493,0.0,226.39157771717703,407567.39219859533,122.55978992237594,60436.14033170818,1.1830442148087592,72.68635465004256,0.5176760444370672,0.0
1321,2055.7116966593544,0.12377883002927936,0.0,253.71222356283516,407879.2481686556,122.81833912429248,60358.88068420881,1.1815344010744404,72.01976569734589,0.5170466103348186,0.0
1322,2022.8505535011338,0.1317983259149147,0.0,268.1976547023635,408205.73733025446,123.05559185239616,60330.581312292736,1.179493448697239,73.25340953954446,0.5163061924287268,0.18932400461471843
1323,2033.714864980494,0.13599781985265424,0.0,250.82494719269044,408514.2441776241,123.32271699096881,60302.307586313356,1.177576737574287,72.48455652302849,0.5158716678265012,1.130111925063602
1324,2040.0850096164534,0.1270697525908585,0.0,275.33249003322334,408847.30889101996,124.01750686333014,60274.054477104764,1.179820669915648,73.5719980457884,0.5153174053541121,0.0
1325,2031.980098456368,0.13738236892689903,0.0,273.22017991310145,409178.6085890491,123.95657277209536,60244.70366969573,1.1762401424192586,71.80223128010428,0.5149961078578811,0.9107169840319216
1326,2065.7194740101336,0.11938266709226864,0.0,260.6345079278794,409496.7405821421,123.52577936965702,60216.5408797262,1.178123438798129,75.43811494028125,0.5143344697750446,0.0
1327,2072.1209353231434,0.1140288354597373,0.0,246.69997142482998,409801.8336006409,123.37060752249096,60188.42972712061,1.178722625312327,72.53624798700658,0.514461964968714,0.0
1328,2034.4031640827645,0.134449530005451,0.0,247.15764871464722,410107.54799431923,123.27370181951214,60160.37408854264,1.1732971125776428,72.64083193866398,0.5139620220840518,0.0
1329,1995.4407202307111,0.14603312905626287,0.0,262.80790765292153,410428.06215507165,123.2790286207069,60132.37269827928,1.17943409322808,72.72991669775263,0.5135096618534617,0.0
1330,2005.641863754892,0.13783374768301504,0.0,281.6134028883809,410766.58877601515,123.74736978699148,60104.42191355641,1.179995738989034,72.55930484962296,0.51309917781849,0.0
1331,2008.377099454856,0.13880973323277346,0.0,270.9282185159637,411094.64236261905,123.36182400300501,60076.51048966391,1.178131810261596,72.64430938931821,0.512672892234493,0.0
1332,2022.869321284822,0.13558351614443076,0.0,250.71705755145416,411402.5800471656,123.62996392345535,60051.196996864295,1.1486494014628064,70.4722554097377,0.5122863120941508,0.0
1333,1985.1125388002097,0.15279319394386182,0.0,294.7193899777198,411754.9147211623,123.4359761518722,60023.38042859972,1.1704570368526912,70.79304308571156,0.5114544343701077,0.7834652939517355
1334,1987.9124931260367,0.1491101268723637,0.0,302.1279858436557,412113.81728936685,123.43421934047892,59995.884767471645,1.1679500751310792,70.89097754558635,0.5107523022643516,0.0
1335,2028.6389175851132,0.13117596528222264,0.0,283.3554112017091,412453.98138597,123.13452752689545,59968.17118525286,1.175034516867234,71.05051220480712,0.5100874132325939,1.603995846623178
1336,2006.673702522133,0.14054680794984065,0.0,272.4101307587655,412784.15559910843,123.06473569173446,59940.554171685835,1.1742471000535983,72.86773132712334,0.5095293853218463,0.0
1337,2023.7845646319568,0.13537780767386942,0.0,272.3223934266787,413113.63435573096,122.82642739930057,59912.96834325838,1.1772059462492954,72.90551558933446,0.5093492041220757,0.0
1338,2071.1717988386968,0.1076226499751568,0.0,248.80017673560025,413420.1135488211,122.83591402900174,59885.42764100897,1.1742603119133623,73.38278649936758,0.5091862832158419,0.8110066716518247
1339,2042.3744131394285,0.12822951637215985,0.0,197.389552837363,413676.53781091695,123.17056414111053,59857.93518496167,1.1441005558710817,73.54623821098531,0.5091535875296794,1.162036015235742
1340,2050.4683732520184,0.1258402279510772,0.0,275.99569254067654,414010.4149094447,123.37428623237626,59830.412750956355,1.1712163467579477,70.88579529139037,0.5091661086506608,0.0
1341,2047.1291058317584,0.13427752199715293,0.0,252.99767884771063,414321.54305472353,123.21636837486318,59803.06535443879,1.1649775369995727,70.71426996901133,0.5085803192187415,0.0
1342,2024.5759335140306,0.15237296675572187,0.0,284.5068448307851,414664.21798871894,123.81993366653299,59775.79993048933,1.1782216406594055,71.80349919092009,0.5079874614094648,0.0
1343,2009.5884018284848,0.1554656868644131,0.0,296.95933951688386,415018.64853973145,123.59900607783203,59748.580394113895,1.181661159277968,72.9481757681827,0.5076577039461386,0.0
1344,1987.8114120971413,0.17000372849410095,0.0,314.92844430593783,415390.7346975096,123.5764340390261,59721.34116558199,1.173720518595665,69.13445043861549,0.5075896547843275,0.8661926969495539
1345,2032.2845081390137,0.13828636342401623,0.0,-5250.426519979422,410196.91236596485,122.90582825002816,59466.398692916824,1.176359725932236,72.64483576060411,0.5067301544959131,0.461082569782576
1346,2043.51572976375,0.1356740744831606,0.0,4546.531569196117,414801.33128103387,121.40899748001827,59439.28261160654,1.2198403391071238,71.45439146519779,0.5066429114786332,1.480862369369646
1347,2048.882820938543,0.1251309550679378,0.0,1262.9972502603232,416122.39093991654,121.87571150208194,59412.1796886067,1.2535096791060705,85.42381296550855,0.5030983991257555,0.0
1348,2068.802629760056,0.11252859750737942,0.0,489.74689132549327,416670.79150274483,122.6293100256341,59385.109103911214,1.216356501890173,87.97208893451534,0.5028728941065037,2.547632027907042
1349,2098.720026314276,0.09408421862146932,0.0,265.2453811109387,416995.6492965745,122.51871337350919,59358.0782290422,1.1906269776515155,94.89163299765977,0.5071899560298815,0.0
1350,2097.135287944269,0.09220709899776602,0.0,-413.8031395605428,416642.4499319413,122.76623357855892,59828.2039462184,1.1840299151411249,85.69392917101041,0.5115029374320057,2.808489948584821
1351,2105.2057304465575,0.08806669452246152,0.0,680.9721135814298,417383.9740086883,121.97274093821396,59801.43739859038,1.2264105865641266,86.49907310129913,0.5111315724000688,0.0
1352,2121.551219526947,0.0775430328661415,0.0,285.16952390602233,417730.00730784715,122.26432283047109,59774.68784502422,1.1861297234882249,95.50767656892212,0.516589927529826,0.0
1353,2136.6228844241577,0.06790500422701085,0.0,173.28043808350435,417964.6179900604,122.11329872159008,59591.664416286316,1.1966042215241988,92.2428979788632,0.5169416445251473,0.0
1354,2151.2625027903414,0.06176447074254632,4.8642545753813065e-08,24.39429627566193,418051.09305262717,121.94503381029183,59565.0333733237,1.1888993490194888,93.94622284557516,0.5168913794092992,0.12021873034439068
1355,2157.582137756753,0.059028705977273166,1.7303247764483207e-07,242.20830599636213,418355.6877597463,121.9549491652126,59538.41844407298,1.1896003160194217,88.27089286294436,0.5196803840575139,1.1991141282024387
1356,2156.0547957238377,0.061254537201345216,3.263822989143995e-07,146.24492561056377,418564.59752866894,121.9687986550781,59511.819855418034,1.1886355297831734,86.03322512296266,0.5218814908108828,0.337911032718921
1357,2146.56871159767,0.06550168528227218,4.5611124734225075e-07,131.76409993810654,418758.8996447826,122.20173198948974,59485.25648176835,1.1637885081175217,84.1887218465528,0.520814649833263,0.0
1358,2155.6548487451173,0.062113273680126535,4.842224615573368e-07,144.60753178424358,418965.6232130038,122.07932567034307,59458.726548559425,1.1928186806494345,84.49701387338872,0.5208674055974551,0.20106553585861775
1359,2149.8377472416023,0.06406566485367571,5.363073066448159e-07,140.2939490348731,419168.1645074269,121.78003554707921,59432.212846012495,1.1920733918139668,85.28075606317873,0.5258499681149887,0.3037429339708808
1360,2142.911367789752,0.06826702062752521,6.425679746495793e-07,144.6165227591494,419375.0668211789,121.88451930825983,59405.71537307421,1.1922292035769477,81.32071412208731,0.5257213838426121,1.0526309763084782
1361,2157.94799197538,0.06160922383842948,7.039018852512047e-07,143.37508459327978,419580.5238165122,121.68945314747786,59379.09399086972,1.1882200992817382,79.7661220092829,0.5278757287664264,1.9277485803590366
1362,2169.6736504472688,0.05649304666880983,8.613540285311385e-07,137.98067261662823,419780.944729362,121.80183738792658,59352.4399105122,1.1856534971005568,79.32371354771321,0.5267183010808212,2.004211326006441
1363,2164.280922966003,0.058150520728829314,1.0575583481619044e-06,121.37453200498038,419965.16570985486,121.67772770822666,59325.77478667979,1.1903594287404373,80.97111478783802,0.5261407475097144,1.080817630236652
1364,2157.415942455455,0.06119225525068683,1.2226286170506444e-06,129.8583163636285,420157.7793204985,121.93355638736548,59302.75561979625,1.188612288984016,78.22556798224144,0.52560716329274,1.075948862859235
1365,2155.7131703743994,0.06272709957344336,1.3658440445521975e-06,132.15999896661924,420352.52916025603,122.01893577963465,59277.1888893008,1.1893594650165704,83.96047562600671,0.5271213911780392,0.0
1366,2143.571587330137,0.06890683642915385,1.4806880648387877e-06,-157.3464138943657,420257.8052430918,121.58531059053233,59253.767364865525,1.1897324965807594,79.63804664739425,0.5308601777074858,0.0
1367,2165.4272222579625,0.06317774279839983,1.5508964394537983e-06,375.1942332619485,420695.25417618256,121.66701334931886,59230.32860604376,1.1900250476877676,78.28669619133797,0.5412800088288119,0.8070464882592034
1368,2178.8549175879803,0.05346334593770896,1.6885693246580524e-06,196.89437819122566,420954.6564081157,121.93507736091735,59207.310188320575,1.186525811230605,78.4253494620818,0.5417045635674562,0.9820110868966196
1369,2186.5138521851027,0.05311625183660107,1.929384149444191e-06,126.39200113371277,421143.94008264167,121.65006205344659,59184.29276091795,1.1919870246003073,78.01831512757276,0.5427462614734646,0.9897613720413858
1370,2174.8259538998327,0.05942536870409376,2.166309035719788e-06,95.48619265242877,421302.2991911633,121.82433716324812,59108.2029766509,1.1752874730734113,77.6402193591297,0.5450508285678047,0.937448337552155
1371,2156.100255023851,0.07100985460741005,2.220861358578564e-06,138.65639963307393,421503.39157682046,122.1265647495938,59062.53320188753,1.173603755571458,77.15542942884598,0.5440567876305005,0.9950141732443569
1372,2139.6236761464834,0.08019668701065319,2.201885083459079e-06,156.04707043393444,421721.38943972136,122.0403219060788,59036.69611603018,1.1880995774530638,76.24478378812967,0.5430098440586913,0.6830963667124195
1373,2144.6618417768327,0.0819124102386497,2.091783070726702e-06,169.3244410855193,421952.27836095134,121.69664100412143,59013.69544621489,1.1832682180476832,75.28019850478051,0.5418125383954576,0.9610162409762779
1374,2130.794012223907,0.09022778107232021,1.9591199721488568e-06,176.64585615810228,422190.3918474889,121.87077888955496,58990.702555825286,1.1770360468097882,74.71978793525862,0.5404753476149899,0.9700812197962989
1375,2119.3519019343553,0.08928879503125176,1.7444735634774146e-06,196.52517726646187,422447.9326651057,121.99934009519667,58967.72151369046,1.1866798931083726,76.14632897476568,0.5387578474617084,1.5963906260781187
1376,2115.4691852950546,0.09522810087193578,1.5336456430023932e-06,192.26525408264666,422700.9915207952,122.06731233954669,58944.75110159314,1.1771971938306645,75.50008505707784,0.5378887361904854,0.0
1377,2115.2962906145417,0.09427076493403641,1.2689226745641046e-06,210.42759244828824,422971.96493835596,122.1862440012525,58905.16604353924,1.180700302787374,74.72640092743012,0.5369840139095183,0.9541882367748826
1378,2118.7278243448854,0.09653330152286477,1.0138373598465072e-06,192.12451964225136,423224.61350159545,122.15329047752951,58882.24999390007,1.1806554048532518,75.1632760317916,0.5357693743261017,0.9777598293205187
1379,2122.265434773,0.0955500018442762,7.371845933814873e-07,210.15709219500292,423495.2922423825,122.39037351613227,58857.8901482667,1.182419669474514,74.90735039291633,0.5347095411493552,0.994208593774772
1380,2127.2344530495557,0.09501551350790882,4.765719414936375e-07,-368.5535470591388,423187.30710917944,122.4506601975558,58831.35799316823,1.176791222745659,76.2660489814156,0.532443686889765,0.0
1381,2119.88664293257,0.09827275437724814,2.4856214899322496e-07,640.3427604550441,423888.1960552797,122.28341149386812,58805.76810992679,1.1800820737459643,72.98643435195964,0.5329169240412723,1.0047945448555424
1382,2124.073332703742,0.08929510896893555,0.0,291.7563683010018,424240.22961921955,122.20053460690994,58779.28677886732,1.1783222522746701,75.90223316257236,0.5267000405245471,1.384206784339142
1383,2136.424472694864,0.08012068949550999,0.0,213.0969222408005,424513.94115035306,122.26743796188273,58756.38583782147,1.182291040847035,77.33736690467146,0.5247669415207692,0.0
1384,2126.1094457433164,0.08658901765876015,0.0,186.21245248264484,424761.1153378965,122.67890707688895,58732.42493868761,1.1764909386019697,77.86305135867269,0.530953017597631,2.5001876259188407
1385,2130.2726980902275,0.08615205847840479,0.0,170.68461472288544,424992.45437184337,122.38318709881251,58708.1418029764,1.181735905143844,78.40242800646692,0.5307237615951158,0.0
1386,2135.387585091821,0.08439958141092074,3.508611533294757e-07,172.94426676219257,425226.16525166365,121.85095462938813,58683.894646324574,1.177628530748234,77.42358633481089,0.5293437970439153,1.4285629614816173
1387,2142.0362173445924,0.08196473230382084,5.92856700174281e-07,186.3219203087578,425473.34129178233,122.11886110734234,58661.03742986001,1.1778646407786115,75.91847130322202,0.529427158366819,0.0
1388,2145.9102167960455,0.07801448024235269,4.922795964221102e-07,165.13917759143078,425699.41091746977,121.99135660870424,58638.16258324122,1.1760562151908398,78.91009432837633,0.5278036459071634,0.0
1389,2144.9336038783495,0.08281972140241767,4.18774279326241e-07,176.44587166933513,425936.8883845085,122.13192872646435,58615.29329928603,1.1768311420593724,76.73719084176086,0.529799636441554,0.7838083932437314
1390,2149.7057681816855,0.08208801899455209,2.977998926954074e-07,177.34630693016885,426175.0695571371,122.34374303701904,58592.44207289022,1.1769234456575202,75.4726471351702,0.5293565151115734,0.7982565421104937
1391,2140.4400188254685,0.08482267384917652,1.8708520881884125e-07,170.167464590502,426406.0666027451,122.33169517022657,58569.633445429514,1.1730892671328776,76.46776119931307,0.5286651385245931,0.8419983023628106
1392,2136.486708390987,0.09130421808285816,4.694016705973334e-08,178.68711541168727,426645.41224334884,122.60742064218725,58546.83070218078,1.182278644759253,74.39029803796983,0.5282223161989954,1.3513919412052076
1393,2113.6944902920222,0.10174644017964785,0.0,193.74379047285333,426899.56885502563,122.56458984045118,58524.03599769821,1.173783473055937,74.2117118794571,0.5273693526091785,0.8194120490934154
1394,2104.4768080380118,0.1062924917644934,0.0,216.39843360714605,427175.89452963404,122.55238256231546,58501.24849713592,1.1785940467495173,74.05951094915449,0.5265078584940631,0.8502918156103476
1395,2106.5199135402577,0.10667941000884418,0.0,214.6589894042727,427450.1933482929,122.25987075843312,58478.48800315136,1.1724532788830875,73.84730136030811,0.5256577020470856,0.8811626323184498
1396,2108.815485591195,0.10670737424366528,0.0,216.0529776487648,427725.84567796905,122.28654126826153,58455.732625284356,1.174066247498437,75.75364219015498,0.5248054853445161,0.0
1397,2110.6936895132594,0.10602523429295385,0.0,224.1188868657539,428009.5400814388,122.40855625790277,58432.98028502336,1.1731344368984598,75.08078558245273,0.5243824498877165,0.0
1398,2095.3477607136383,0.11115061261985315,0.0,218.24964302547693,428287.3594875967,122.1126705973584,58408.839050697796,1.1782383591764996,74.54097145711786,0.523836587376725,0.0
1399,2095.684715214151,0.1138068957458116,0.0,224.77790518664028,428571.52752139105,122.3592424810031,58382.741272560415,1.1745027295272852,74.84543347611013,0.5232025727300669,0.0
1400,2097.082296873654,0.11274482283354592,0.0,229.3016635334281,428860.12554587703,122.46478956289502,58356.66416327193,1.1756398017074619,74.84110016771798,0.5226655380543399,0.0
1401,2076.7470971645694,0.12084776695555954,0.0,230.83453153546537,429150.2610201245,122.29803432835281,58330.604386240695,1.1726228132525278,73.95568414004077,0.5221545235460286,0.8046580740283957
1402,2077.912899721887,0.12044525162385311,0.0,247.43384757143394,429456.6348451377,122.06099094183584,58304.56970797674,1.1720402165533506,73.80874374268741,0.5214993044621509,0.0
1403,2090.2661257637496,0.11596320306098695,0.0,237.01461115472733,429752.57604201976,121.68834414031984,58278.55611612281,1.1703457486716213,74.74087161134446,0.5208258770470743,0.0
1404,2093.6044340728527,0.1143945184442815,0.0,219.1481209934546,430030.83455739485,121.56016982925551,58252.56066060946,1.158058214323203,75.97263692487428,0.520385786869036,0.0
1405,2094.196613446534,0.10394793606376074,0.0,235.81598970926677,430325.7289495778,122.19670113095795,58226.598829961375,1.1714730580421617,74.98300578753566,0.520231401833537,0.0
1406,2067.893202915384,0.1226712556121281,0.0,231.23327259634152,430616.532055172,122.48089019490965,58200.64251799605,1.1778784687544779,73.29736157879036,0.5198729442562475,0.0
1407,2087.1880257314483,0.11660382597681962,0.0,226.47093550230557,430902.0394821283,122.33148331869144,58174.70817834882,1.1641922480333944,74.11895684441211,0.5191717635326991,0.0
1408,2085.7651132923443,0.11675283870870379,0.0,252.6646355810334,431213.96094378165,122.68606126018516,58148.79033904847,1.1723090836125796,74.60488932558101,0.5186817000022309,0.30826913461243066
1409,2081.4655854267353,0.11764919527012296,0.0,238.104476530787,431511.27058393374,122.16102315596238,58124.290062914115,1.1730845836227302,74.45925790782944,0.5183278081940773,0.0
1410,2086.014357243188,0.11588805276034875,0.0,237.41030278240822,431807.7737173784,122.28562866369525,58098.42231309724,1.175332388468649,75.33391337745796,0.5179280455493949,0.0
1411,2059.3729492904417,0.12571518249774882,0.0,230.40352790254252,432097.2371860066,122.17204123413693,58072.55972690749,1.1513971224883823,73.9806450771515,0.5177355849568805,0.0
1412,2060.2408706883625,0.11592417725838411,0.0,247.26258918982347,432402.9343547666,122.01105539918198,58046.72343401696,1.171934993167715,74.02911151061046,0.5172756884362988,0.0
1413,2070.5786311353672,0.12261355020249243,0.0,254.22859672155425,432715.4721517926,122.45538360890438,58021.99536468684,1.1646238868830314,74.11653413079901,0.5168493350996305,0.03160281445124724
1414,2067.5918338339307,0.12273978663583884,0.0,256.257563924818,433030.2342159922,122.4100634161681,57996.19492448551,1.1694622912535457,75.43477988307,0.5164639500679621,0.0
1415,2079.4905689802335,0.11881569804169789,0.0,243.0309634715237,433331.6759256767,122.4354367901987,57976.82534059771,1.1752723021051399,73.98893189272617,0.5163793268541743,0.41786406483370797
1416,2081.3371138949096,0.11853685734369224,0.0,243.0171589131641,433633.7565676561,121.88207538325754,57954.67942354555,1.174960122248415,74.66622726128604,0.5159997562135487,0.8869087620714708
1417,2062.5147814756924,0.12565280365133158,0.0,238.40171956965133,433931.2157104291,121.94543113800371,57928.92326015383,1.1692138336552655,75.34133515625987,0.5157956808966684,0.0
1418,2065.6639164362905,0.1255409466344818,0.0,257.8788413302648,434247.77161946107,122.00624256766547,57904.513405604426,1.1700086580735696,74.18992093655572,0.5157246763480294,0.0
1419,2078.236601480365,0.12119157807961056,0.0,-179.0391020325942,434127.47614630644,121.09726422587809,57879.38361496542,1.1701834438690528,74.03510394816621,0.515410867387709,0.13952303686079404
1420,2063.8097255915022,0.125966774565767,0.0,584.196409668439,434770.8166523315,121.06415201460021,57853.68291348531,1.1744873332532406,75.40083587680343,0.5150582090402799,0.040583737311578716
1421,2084.671829590846,0.11202803908131398,0.0,329.63247979703294,435159.29882682575,120.9985849552083,57827.9979709618,1.1767230871079617,75.9289993845579,0.5150132019914518,0.5168075700976544
1422,2105.197969353139,0.09794260133234378,0.0,242.10215677050132,435460.88078090927,121.24705903239584,57788.84197630613,1.1785553650137963,76.51571879285363,0.5150951355190746,0.09500979360529982
1423,2112.3393984133654,0.09327711664767657,0.0,215.7088720429291,435737.1617626663,121.80636305572517,57744.35506144435,1.1732813036406071,77.12698610570861,0.5152881953487539,0.6606401089998144
1424,2101.6678298335414,0.10061981379430296,0.0,196.79683477169561,435994.81413121533,121.5229906857646,57726.93626424398,1.1735999587437644,76.42878344666377,0.5156161486084571,0.0
1425,2093.8711503556324,0.10615596656536752,0.0,206.32228540047885,436261.53226467874,121.57407693216243,57707.39846287028,1.174993140757837,75.04764074431179,0.5157620044049577,0.0236962446247162
1426,2098.94376646712,0.10652665010274431,0.0,211.48662617775489,436533.08234468126,121.41847838537501,57686.5528875419,1.1679423094185366,76.24638725162657,0.5156004671992924,0.0
1427,2086.619537963642,0.11218149965514035,0.0,227.3588457288942,436820.38395313855,121.85451235010419,57665.318216840154,1.1300315098601206,76.19722761766138,0.5157330825181162,0.0
1428,2106.4729030768435,0.0988647333511441,0.0,223.53315185381462,437103.46501260507,121.73809518900808,57643.21854563203,1.1629181825739812,77.15744964930991,0.5158485093226917,0.0
1429,2094.6948665694676,0.11139253910653324,0.0,218.84448635400275,437382.31661829865,121.75150519341618,57619.24956588844,1.1607437976144994,76.31697904361485,0.5161636187890141,0.0
1430,2076.763102582816,0.12037967748124023,0.0,235.21608887726615,437676.9157116638,121.84123310760626,57593.73045989312,1.1661221138371467,73.92198309787526,0.5162829904891415,0.7374263977250735
1431,2064.8962250124528,0.1267782890120811,0.0,244.2428764600961,437979.93473238626,121.5813955627189,57560.22820961976,1.1579675157622737,73.25152032207929,0.5159018099830539,0.0
1432,2088.4321114249187,0.11644582567103146,0.0,227.41870495340538,438265.8546538782,121.33475955920753,57535.19792880215,1.158131821608867,75.39675392309775,0.5153783336545539,0.0
1433,2067.259070427757,0.12608101588430198,0.0,253.60136731452934,438578.35472825833,121.69318165840104,57509.736545673484,1.1586601795374938,74.99104187191733,0.5153403512769182,0.0
1434,2086.915456670159,0.12053509612754887,0.0,252.16736356036097,438889.01963899273,121.54337647109477,57484.28505408331,1.1652273458599367,73.91271214945075,0.515217486889763,0.7630889515482977
1435,2081.0777116043314,0.12262240088911858,0.0,248.83348837888462,439197.28164931963,121.53480485780642,57458.85793263454,1.1642347825319734,73.8078957169218,0.5148886958387215,0.871966676546009
1436,2079.8244642698055,0.1262422665714089,0.0,255.70393218508605,439512.2705081442,121.65160877278603,57433.4393108892,1.1654306936430827,74.68398495759826,0.5145566773435001,0.0
1437,2083.3922650721534,0.1223746615993363,0.0,248.30369590573076,439819.7116272887,121.37697338382907,57410.48904185643,1.1733591080422214,75.19194291328738,0.5144075802803394,0.0
1438,2069.4573251659517,0.13129143227039008,0.0,253.24725470522952,440132.17367637745,121.51066811058794,57385.159455955254,1.1665066918904945,73.6495870157469,0.5143747467885618,0.0
1439,2054.1163138591933,0.13938906007341723,0.0,267.4814909675782,440458.49750958866,121.70692921855496,57340.01038474024,1.1730985663104114,76.10575199147576,0.5140135501660058,0.0
1440,2023.3140710622135,0.14917129014598862,0.0,275.57836312232575,440792.3821273711,121.45774865932903,57298.09863780957,1.1681248257543497,73.6485900788295,0.5141462995887646,0.0
1441,2057.138085638971,0.13653067891490422,0.0,294.4841395182958,441144.7459502255,121.8463993852738,57272.781543657286,1.160769713604978,74.63829603218687,0.5137465745284211,0.0
1442,2060.111029112523,0.13407103310367818,0.0,278.9699952171908,441482.13757042214,121.84541232771183,57247.48241002213,1.1662274032771678,76.30188569514992,0.5135788548827063,0.0
1443,2042.9712968369777,0.13898872385120864,0.0,273.77161691646046,441814.3948653395,121.83074355270146,57225.86003099734,1.1667499906136682,73.33604076368434,0.5137756581330014,0.0
1444,2032.796772909576,0.14201402863213441,0.0,269.1187073421451,442141.702908436,121.39849393670806,57204.76256293748,1.1751054851423428,72.43496794530272,0.5133279068008625,0.0
1445,2074.9509155834808,0.12320317060032415,0.0,273.134983801884,442472.83944167977,121.50317181194089,57188.660484144166,1.1776832686577092,72.41138951769902,0.5127099645826213,0.0
1446,2065.166626593666,0.12845030619470932,0.0,239.09805332451214,442771.19660269155,121.16432212301414,57165.00279688341,1.1681212511279704,73.71954906250753,0.5121182071503102,0.0
1447,2062.0218050293383,0.13305536000317864,0.0,275.3519487891007,443105.49225837516,121.47954832950381,57130.34691111278,1.1665455805927654,73.33085786669739,0.5118363172689802,0.42293597536249194
1448,2034.4321672082679,0.14162457323734745,0.0,-5062.098757675227,438102.15235153376,121.02872084244964,56884.72226698858,1.173447696881182,72.45333150984914,0.5114958699284107,0.0
1449,2040.0134230109054,0.13903869653147227,0.0,4363.863163049336,442523.9995186896,119.52276869782851,56867.66526170527,1.2233855490990166,72.53352040993656,0.5109620627893467,0.0
1450,2108.286290461281,0.09193727837438659,0.0,1212.1172053864152,443794.4350976502,120.45763953404119,56843.166480573724,1.245271846405792,87.29636833554866,0.5104724394135942,0.0
1451,2115.4919574537066,0.08735764877301122,0.0,419.3364115739984,444274.7825947556,120.51183340276275,56817.98642217279,1.1960075758744837,92.6400267210107,0.5108518323225758,1.2333466098713473
1452,2142.8547757281576,0.07427992721813381,0.0,232.23830068799674,444568.30030680465,120.81234314738455,56747.42526239167,1.1684245910345143,91.60066169249225,0.5140731948552277,1.1971834213182433
1453,2164.551583829558,0.06549240176676863,5.876006257108605e-08,176.188401866074,444806.7133189684,120.66401065206036,56722.344233581214,1.1785472290813206,91.23546098149056,0.5151725914859535,1.4771865043125558
1454,2172.926123764726,0.06514597667715627,2.108492784362583e-07,134.24354683506152,445003.8808997733,120.6431390134911,56697.2826855363,1.1815238875794125,90.22432805257861,0.5149588319825349,2.1343778085849294
1455,2161.176127177852,0.06702783918041433,4.0874590782046696e-07,150.53977472169805,445217.10098280746,121.22638505046113,56672.2310563275,1.1790968279518173,86.89289671081853,0.5196046861754863,0.7611189700866987
1456,2175.5848647735406,0.06543341826338955,6.12462148230177e-07,141.0164660368145,445420.97512599616,121.1968947041437,56647.1911516987,1.189277088287465,87.1748933910157,0.5206135513610667,0.6850583802175265
1457,2181.706614988042,0.06041397499516088,8.313386549103084e-07,142.74454050103776,445626.6471375925,121.11139405878026,56628.61127847744,1.175803353504613,86.48773439841968,0.5215380432588731,0.8601872087622837
1458,2186.663270662636,0.05948293393754445,1.1018926344219145e-06,134.03780989873138,445823.904396995,121.13219821400065,56603.59604771469,1.1853646615246622,85.41507440512333,0.5266176750766629,1.10358399908651
1459,2183.267967432756,0.06176015479069008,1.440553099672618e-06,114.23733934091189,446001.59528810997,121.06916745202757,56578.59598546433,1.1959042343873858,84.45114340375159,0.5235615578710971,1.3617281457255501
1460,2187.0485598945947,0.06318343452441155,1.75009777017136e-06,142.67132568012806,446207.6613126301,120.95181947331386,56553.60991752943,1.1857082821887968,83.13215085267692,0.518811435004513,1.3708180762552047
1461,2179.603885947269,0.06857608961723904,2.044075885250713e-06,144.98297276273638,446416.0269702455,120.87184048054795,56528.63886547046,1.185285422834941,84.06631026466627,0.5203926354380356,1.3759127811941596
1462,2180.233879164724,0.06937947933004696,2.282150916028653e-06,143.48902288096355,446622.53272584523,120.94035441253303,56503.670237987964,1.1922436064819275,84.91797012192347,0.5234958467486532,0.0
1463,2199.498545807062,0.06104256669571917,2.510291519915113e-06,151.1366665132232,446836.73653750616,121.01410483315084,56478.714134359965,1.1850674999728175,82.1425687437852,0.5335102002452701,0.8187668302354041
1464,2197.6980749092895,0.06260688435212713,2.8256693564449673e-06,137.59359405729606,447037.85653504566,120.92951651513296,56454.09775365278,1.1825570969495924,79.96469332240675,0.5321924065506817,1.2854511141231058
1465,2211.3457463016102,0.05907273097818255,3.1139268958543824e-06,117.64923949596067,447218.8929587061,120.90682437490521,56429.233498164576,1.168511462615609,80.86043184637938,0.5327591316114831,1.2821791514631684
1466,2203.5331576632198,0.06505484901642322,3.370814986618597e-06,145.3024190665774,447427.73824673204,120.79768946714103,56404.3387351272,1.1765075752612553,81.98175337944801,0.5342624986477288,2.447746569320117
1467,2200.765241367563,0.06590415778672631,3.5789548863129795e-06,144.75539792759463,447635.7605654537,120.76469457539449,56379.537644523065,1.1734358708235975,80.35885495409343,0.5379804390711845,0.0
1468,2209.9133937255106,0.06303703673384464,3.7754173601424876e-06,-8.899575648921257,447690.0215145123,120.86925478177963,56354.721122131865,1.1548492778141133,79.94578742501244,0.5367171990912417,0.0
1469,2222.8916838922014,0.06163985037051378,3.9800194020586095e-06,252.15496410412942,448005.65522308083,120.30925818810788,56329.873283969915,1.1666401033780307,79.69521432080882,0.5415897513842645,0.0
1470,2216.27928201697,0.06462997278142757,4.198088693496112e-06,-315.8936736496635,447753.32397912635,120.41440365052557,56684.17367045191,1.1767647062634914,79.7094519036093,0.5410716144421146,0.0
1471,2205.128979372544,0.06781790864787618,4.352859539242811e-06,510.7167701835674,448327.13576807093,119.73045500086562,56659.43481161737,1.1700200517093169,78.4452040590244,0.5405821600891945,1.034089701117324
1472,2208.7696974577125,0.06456627537697146,4.409223078499084e-06,238.0783474163473,448628.03824579465,120.23324808211555,56628.7964118261,1.1764382535488178,78.48955862806179,0.5398715825393527,1.0203572997479853
1473,2218.390148364209,0.06198697434941691,4.505195363971462e-06,153.40753401268694,448844.35710475285,120.08842283753926,56599.51421977784,1.1677996818357461,79.7417912434513,0.5392054421788667,1.834234877560533
1474,2189.705233724084,0.07464456362589689,4.6369278246309605e-06,145.6785740172831,449053.17257442576,120.35740497457832,56574.61497080998,1.1701449303734766,78.7334813408467,0.5388601875848422,0.8329446198290213
1475,2177.8651345982435,0.0766574063673977,4.639319599922186e-06,157.23128001384572,449272.6858113565,120.36862274144063,56549.74837544756,1.1753987731983337,79.18989182846553,0.5382915529058605,0.0
1476,2178.480948751242,0.07884698032071846,4.628595495245732e-06,155.22490666464608,449489.8763301033,120.09470750500671,56524.878607851555,1.1747464196169217,78.80891701567569,0.5359724940221456,0.0
1477,2174.084992143088,0.08143224244953118,4.598906714284153e-06,178.02329830865983,449729.78467511095,120.83835504700603,56499.970074637655,1.17069071307775,79.4000283966815,0.53631376877187,0.34209596894697825
1478,2179.906917122217,0.07953484964318136,4.534708577427853e-06,169.96067869816943,449961.44498519006,120.85378875761063,56448.199544669624,1.17649773595136,79.53930324643073,0.5366931796785307,0.0
1479,2186.3320132563176,0.07889209410543019,4.505404371468365e-06,166.6315752218107,450189.89076794573,120.84345584596973,56423.323136213745,1.1731076284920547,78.06299521537096,0.5367791830423138,0.0
1480,2175.2846605721215,0.08418297370400929,4.494044235653082e-06,176.12778290150436,450427.98524548666,120.66828675547004,56398.84201678918,1.1756958783496447,76.66547048279568,0.5361496311114045,0.0
1481,2174.0390906268894,0.08493946584758205,4.430799471113755e-06,-30.047289099602153,450459.50199326297,120.54744053638355,56374.02752211091,1.1752200978153575,76.49896892387602,0.535252378219433,0.0
1482,2163.605500656512,0.09171402464609824,4.363655215654089e-06,342.5246317504227,450863.60915638367,120.54279337032277,56349.244801677276,1.1665196241862519,76.2490448078924,0.5343518947390111,0.0
1483,2182.673093692469,0.08080281977094972,4.227506297280218e-06,223.5206192226977,451148.33446603455,120.6875056599873,56324.41384583145,1.171190372994267,77.41912255902389,0.5334429939602696,0.4269219517248928
1484,2166.451166670997,0.0877337973933936,4.209793378977327e-06,184.23023328205886,451394.2575222508,120.90800730807025,56299.61406433286,1.171924949796261,77.77947554849105,0.5328404128949629,0.0
1485,2162.5354335926368,0.0907004723832856,4.120065317167257e-06,185.83737455245682,451641.3273153548,120.51441562898319,56141.063443055726,1.1684718720460243,77.58994501011288,0.5323345791700249,0.0
1486,2147.618245926158,0.09608168370323356,4.0005414918794115e-06,189.389372878051,451891.827025961,120.26411976320951,56116.5608294455,1.1742905753839465,76.16388135666051,0.5318009173159027,0.0
1487,2135.206860961589,0.10186483987606354,3.825688888567173e-06,194.7559625633005,452147.30502964195,119.55099023889551,56091.917990487644,1.1764670792970162,76.05581323670049,0.53098870809164,0.0
1488,2131.8001724855426,0.1044705844728081,3.591538904386509e-06,202.74379696563062,452410.4734578292,119.40697985300964,56067.34466248403,1.1776713082036927,75.92007644203112,0.5301940619608927,0.0
1489,2136.62215083862,0.10384701177995359,3.332580843069272e-06,26.577337010508472,452497.3509713929,119.23459362246835,56042.70461779336,1.172293133707036,77.09235408995939,0.5294101894445631,0.0
1490,2133.095226662319,0.10530771846771902,3.082775615485919e-06,366.51412831678954,452924.20881041157,118.85520284224627,56018.07867199575,1.174169485394167,76.99039695987508,0.5289039951147757,0.0
1491,2136.87029084103,0.08954811234231774,2.82001068173657e-06,244.17365652879124,453228.62787342,118.9155714736545,55993.46998162155,1.1695636659415383,76.62627798829146,0.5284012888975397,0.7552981088993249
1492,2148.194266914515,0.09680781496987623,2.728075907567309e-06,203.43429265514743,453492.47335492505,119.01805489071774,55969.06924267435,1.1685840600888964,76.19047159069689,0.5278642267868322,0.0
1493,2134.2219706431815,0.10168862276394108,2.5604889189364264e-06,201.98499559188838,453755.1490076231,119.42290273549334,55944.48570252677,1.1702744158344147,77.31019896648439,0.5272423026200491,0.0
1494,2124.2571697419557,0.10587876710948974,2.342633531372722e-06,203.33299172319363,454018.7655156199,119.58837769897461,55919.91934074177,1.168368019684033,76.37270350800308,0.5268911767758014,0.7704545008105015
1495,2126.3909455210555,0.10624396236981182,2.056559763655094e-06,207.18098810098417,454285.94955057325,119.31021333451481,55898.14569537497,1.1706598349163082,76.29358543875671,0.5263757535367918,0.7915081133341744
1496,2123.550259439974,0.10794615598523327,1.7688281997205902e-06,225.80268558598385,454571.75662394403,119.27250328997373,55875.564376270995,1.1672124389396266,76.2301964153246,0.525869676367043,0.8079827035037397
1497,2122.0737218609706,0.10848903201814541,1.4655841286766855e-06,226.41146447888917,454858.1026149846,119.45817358508535,55851.02985016996,1.167611477899751,77.03231640742715,0.5253757377147055,0.0
1498,2120.50866691288,0.10910110605127665,1.128547698164988e-06,224.52498872270678,455142.47732317285,119.28504069377941,55826.567054290805,1.1674958414120922,76.96222964530621,0.5250584430974197,0.0
1499,2118.482921455201,0.10988466707569888,8.350383999196056e-07,223.2575072496033,455425.73564555123,119.37010286382235,55802.86055149783,1.1659432924661859,76.03885454988611,0.5247420173360596,0.8146166586968207
1500,2117.0720311125397,0.11131495453086715,4.857655363621824e-07,-644.6944181186053,454840.90270815627,119.39135471560341,56130.97037750647,1.1484916681996575,76.07701566630439,0.5242387240251694,0.8065420158364702
1501,2090.87961145092,0.1212779778983808,8.866998633136444e-09,902.9837908941468,455803.48759203585,118.72056984508973,56106.78552414952,1.154055030976964,74.44213748791115,0.5237685952624849,0.0
1502,2138.690448539248,0.09024217052917294,0.0,399.92656623029814,456262.6432256504,119.29493689696311,56082.12613987037,1.1627815541850168,78.13665729955434,0.5229524641978305,0.0
1503,2144.3254463407825,0.08766336888789916,0.0,226.81207035322467,456549.93615496205,119.38577845624015,56057.50803823189,1.1580447953897612,78.76175189270852,0.5200397561318405,2.353871505436956
1504,2150.4738273381554,0.08380979541518985,0.0,165.11925023540329,456775.6909236712,119.33762777339878,56032.967684802876,1.1318983613876665,79.60180592767486,0.5233203042540234,2.259021743660952
1505,2145.7877809164406,0.09083608459932879,0.0,192.82998071784135,457029.06863964244,119.4854516181908,56008.5235832279,1.1546927018975262,79.41642862891483,0.5183849450308101,2.243091726977781
1506,2150.479762283109,0.0888827611047176,0.0,199.56239251043104,457288.97347003245,119.24952602413126,55983.96492539405,1.1473072456047184,80.23970492591431,0.5180690794182473,2.287594211557888
1507,2158.720868526103,0.08345907966877053,0.0,190.4749900518256,457539.9002005741,119.40180352538296,55959.43303540134,1.1531773194451815,78.88408360157277,0.5250215451789498,0.9985181417492299
1508,2149.138432333644,0.08992450936661756,0.0,170.40999405850124,457770.8701141521,119.0985079094522,55935.082833348984,1.1483702060274386,77.62070473800681,0.5251161518026296,0.9947258363790752
1509,2148.6451722341867,0.09164054628158946,0.0,193.38672219497096,458024.9544248416,119.33121615874006,55910.57431668411,1.1533973736986087,78.38971594243074,0.5249353275791194,0.9906343950793257
1510,2146.7718725719083,0.09482772362952974,0.0,187.1829812672537,458272.7226211634,119.28809533074178,55886.07334601546,1.1480562832333456,78.177552392469,0.5249278857688262,0.9872128582131268
1511,2140.0407837637795,0.09875502557584437,0.0,193.6759005258014,458526.90409516863,119.20439778839956,55861.58450944697,1.148382015471765,77.96888779475532,0.5248751321289291,0.9830931142805639
1512,2133.802834891196,0.10198052065865315,0.0,204.98408614918173,458792.17774495727,119.18906550600938,55837.102864861634,1.1467179881223193,77.79126411815456,0.5247800848021925,0.9793707344664142
1513,2128.4688820511365,0.10422050889001233,0.0,208.19169747024057,459060.46547498903,119.05467469075175,55812.62968460505,1.1506541386088154,77.30262044211231,0.5246515313714938,1.2864549022497727
1514,2123.2335749317535,0.10706769588900766,0.0,212.61803244467495,459333.02325907967,118.94329793376937,55791.4156349976,1.144365803045419,76.58779789372241,0.5244321877761986,0.9722582408009259
1515,2121.801500773749,0.10831607821054334,0.0,226.1999215269609,459619.02766442194,118.87208829632554,55770.01114738331,1.1477169112191856,76.50724748787258,0.5240630545237646,0.9683278552879244
1516,2117.554254642751,0.1098952711983866,0.0,218.87625159133387,459897.6494219911,118.90001207659118,55745.544908586555,1.1518005657168289,77.2000534182786,0.5236950190969493,0.9649829374530441
1517,2112.7380024097865,0.11255110419245651,0.0,222.69744222400618,460180.0395845125,119.065302971246,55725.43842222135,1.148183485893167,76.19003871745119,0.5234935466034422,0.9613344255981247
1518,2110.8691957775814,0.11482158963773681,0.0,230.49835607596663,460470.0395928719,119.24465749210592,55701.039659452304,1.1507918539557982,76.94127426624426,0.5230858348754441,0.9576915641692949
1519,2109.1697617108994,0.11682386956395097,0.0,229.4707906312472,460758.926511065,119.40230404714649,55676.63053167067,1.1500163248191855,76.8562909359934,0.5228591970668003,0.9536840011541017
1520,2105.303905684096,0.11860870724960915,0.0,239.29142796495756,461057.5847670635,119.38250534420526,55652.22918787498,1.1478795612553672,76.69627928357662,0.5226255506677493,0.950122014000641
1521,2099.236065837982,0.12040126941071683,0.0,237.56498115339815,461354.40885486343,118.9083490713423,55626.62682378912,1.147530830118337,75.8445221586809,0.5223692094560043,0.9468462783626421
1522,2085.5811288544182,0.12479190825581543,0.0,242.2224770713703,461655.7546536388,119.04658328311699,55602.22834896472,1.1394977994551991,75.80849072278312,0.5219432974642387,0.9429367793833592
1523,2102.504674159098,0.11886595543008494,0.0,241.8402494095771,461956.44313323405,118.936502180632,55577.86823583343,1.149309850139944,76.36409382277805,0.5215309222280378,1.183268009350769
1524,2101.05577962359,0.11947126751797232,0.0,245.65272068065826,462261.55305670574,118.90418115835935,55553.54316723408,1.1479515469427235,76.59215067731995,0.5212639774232412,0.9357313658770465
1525,2098.4815067399045,0.12041002751260965,0.0,242.84725707340993,462563.80525104597,118.679124577084,55529.20291925561,1.155217928459812,75.90005662211917,0.5210531225134981,0.9319162460949997
1526,2099.4539152069838,0.12053992511460188,0.0,243.59424711899305,462867.04112972534,118.63243557860227,55504.902500358774,1.1500485909801597,76.56550072008727,0.5207045880094324,0.928164137499607
1527,2090.227365627186,0.1236615835673498,0.0,250.11136658511242,463176.77255584416,118.73929047842903,55480.59059431849,1.1540115534457087,75.87236784259736,0.5205158365583726,0.9247343550361222
1528,2089.624394873567,0.12375179578072693,0.0,250.09998058707947,463486.28258662,118.61216659174588,55456.33448418445,1.1518370286918338,75.88769489566499,0.5201880905307463,0.9216500235825436
1529,2091.1955228332777,0.12472829841297728,0.0,248.40588821367277,463794.04628925235,118.59729116867189,55432.03529634727,1.1530340211551326,75.80080210715235,0.5198799829353903,0.9182675842664878
1530,2088.1108744134012,0.1259046396540735,0.0,-6676.906829821303,457176.48836965824,118.65460631984193,55411.5255290573,1.1554713326032948,74.90720302053688,0.5195561649855892,0.9140923744745635
1531,2081.200498881905,0.12880374143021467,0.0,5559.208208236607,462794.92987258954,117.73897108276432,55387.98162982402,1.2052200687451256,74.24402472883366,0.5190572651786716,0.9107273173181909
1532,2166.903203005578,0.08026942064292486,0.0,1479.9294188906886,464334.1288995551,118.24379744487045,55363.8225133128,1.25182263614806,92.9580163074919,0.518367865185517,0.9072165014272286
1533,2170.099255471007,0.07837252885094592,0.0,478.64752645487175,464874.6938385406,118.86246042527961,55339.697086725115,1.1954638906671096,95.61234151775014,0.5183902852836588,0.9043698613680533
1534,2185.176873511961,0.06879118410521323,0.0,233.09405094738395,465170.0352454319,119.32567065748623,55315.56714160636,1.1621753265071995,94.85371958921854,0.5194193068020246,0.9001156182422392
1535,2200.498053229013,0.06125136697775968,5.127402477901558e-08,151.2356194508052,465384.02552988136,119.24843533876624,55291.453123225845,1.1591032065467628,94.83914421747102,0.5216832257920182,0.8918391493405977
1536,2202.5351889442636,0.06060963610371495,1.8296240319504802e-07,-95.77788242945132,465351.4753500505,118.82636682803935,55267.35362488506,1.1688527406450513,93.9788663205018,0.5213405558304794,0.8821729421683528
1537,2205.3563410388615,0.059469624143648425,3.654055288616351e-07,318.59835679015083,465733.5035063529,118.599787074504,55243.289023355515,1.1646216657445436,93.07334344952463,0.5245462536068509,2.0578574898497664
1538,2208.819314025135,0.058307308113980216,5.604268833860069e-07,169.67044331102426,465966.72814735776,118.70898874815263,55219.330261422896,1.163873044089104,91.90982194691216,0.5272758353180808,2.0689455197303346
1539,2218.1785205232036,0.05328230812721957,7.673053874725245e-07,132.35872436482686,466162.6834649033,118.92900284847062,55195.294355962964,1.1575059396605885,92.1344609036386,0.5340740060098016,2.0072665365753437
1540,2227.68894539893,0.050346322291566215,1.0266949959695766e-06,117.86713503244687,466344.4239720027,119.05502331590135,55171.272646973564,1.1640440604288627,91.2971047521102,0.5376082666743853,2.0202749707695205
1541,2245.7077952480527,0.04264017681665344,1.2975519391518884e-06,105.52978885052198,466514.00448059035,118.93214553951158,55147.26526103423,1.158483147687348,90.46762041487398,0.5382146931135315,2.053047223232454
1542,2252.312281556292,0.03755996767278913,1.666831870649937e-06,94.49825419004168,466673.06661773555,118.80429121634971,55123.2718663805,1.1605792340168337,89.6610124681917,0.538443126081317,2.0393261283254276
1543,2261.1245038606835,0.035067540286476295,2.103823516213521e-06,96.00428981895357,466833.9226103736,118.95017921873142,55099.28640287346,1.1639414953557001,88.91402004859984,0.5373795907660673,0.8701296691408231
1544,2264.15830339288,0.03466461571332913,2.564433779303089e-06,80.72273289382701,466979.885789187,118.44090792265375,54918.1418393698,1.158161632072836,88.15911327328087,0.5436393175302712,0.8668955401739709
1545,2255.5818656880247,0.041581516041415134,3.0251877560550274e-06,77.5442550283961,467122.7842646907,118.3651393677404,54894.270280024335,1.1605682941979918,87.45384958633855,0.5447165299716263,0.863688901961666
1546,2257.98930800809,0.04258795228728407,3.4246726157506523e-06,96.16988261972386,467283.9779835379,118.3568192628389,54870.41310970737,1.1618896643577097,86.76349422412596,0.5424761089265974,0.8608738773517928
1547,2266.924811580093,0.03959198247690421,3.809549565267863e-06,96.68419268931791,467445.7035247842,118.4087231241004,54846.57001008936,1.1643951464266327,86.07990467268863,0.5426475938674289,0.85866214512086
1548,2261.372509314397,0.04410489017175767,4.205202845586321e-06,89.25757963257524,467600.19461353635,118.33723794052172,54822.74078546944,1.1637099841299625,85.48099359745262,0.5425913206109138,0.8554063230936038
1549,2262.5486240343444,0.04286276415073542,4.592770855853057e-06,97.45051041717107,467762.7907802819,117.81939748664416,54798.92596635835,1.1641379000429826,84.91067859853612,0.542154888249342,0.852359347692726
1550,2259.9205087944724,0.04451143857233619,4.9924686500372886e-06,108.94825596963636,467936.9202740486,117.98149347970804,54775.12519042873,1.1650230884006931,84.4144333569188,0.5421279742006827,0.8483527494175291
1551,2260.3211681052253,0.0450930577977281,5.323863616645209e-06,94.34715932040513,468096.3510861488,117.9101165916052,54751.338756056924,1.165641581102272,83.9403779658577,0.5458639371119145,0.8457175334008866
1552,2268.4053483934154,0.045056593792822786,5.6358704383587526e-06,99.68315905183323,468261.09930268873,118.00252501613552,54727.56664607656,1.169383517155277,83.3597353563649,0.5454221913060657,0.8292699081182491
1553,2274.1012541568243,0.042563487368105446,5.9986567048385985e-06,110.56376664509838,468436.73156874685,118.30448673969015,54703.808490256764,1.1618445468552063,82.82429325603704,0.5473304733268133,0.839200419233066
1554,2283.592100109201,0.040785459636108135,6.3421488879614085e-06,92.85961066180084,468594.7878831932,118.03943643972299,54680.064562548214,1.1626717599977332,82.4051898378693,0.5464672499554616,0.83639940092948
1555,2294.222001258512,0.03841337450632709,6.755973052702069e-06,94.9453846627606,468755.1714947531,118.21248196433754,54656.33475122186,1.1601688907535008,81.939266178927,0.55651255390893,0.8197605905872081
1556,2281.381961862177,0.04568378806979512,7.1787136440696205e-06,95.00100421344695,468915.70863179694,118.31853335443029,54632.61892848057,1.158107837736907,81.50447901777378,0.5519403577629715,0.8298741917648442
1557,2289.0621880490926,0.04583872397555333,7.521714805552399e-06,64.39155777133061,469045.25834517984,118.23523649193775,54608.91752235595,1.151244245378247,81.12259284637852,0.555163169917297,0.8259491670067121
1558,2279.1607271253565,0.05238432297998685,7.874453444270374e-06,115.21868037817279,469225.5580138812,118.0895692623344,54585.23046965244,1.145753258249621,80.74310811722181,0.5515411956700782,0.8240509355426298
1559,2257.685980741177,0.06414429468046101,8.155666061732387e-06,128.35040967209721,469418.89685697586,118.1499481731342,54333.800895292,1.156481085769308,80.51301123689154,0.5510654996658197,0.8207241620855541
1560,2260.2482922721347,0.06322006084252729,8.311708738593894e-06,-352.5365715115453,469130.76099252794,118.18660703309222,54888.85426406439,1.1612901634380353,80.21816095147514,0.5479844227410521,0.8176125043938214
1561,2270.2109964439605,0.06030496314962519,8.398930765593302e-06,526.9591234105459,469721.77668648935,117.99771766810726,54864.89126251425,1.1469970952001431,79.9555795415568,0.5469582608584599,0.8144599233027918
1562,2267.9635409823854,0.058851787851601944,8.5160735517083e-06,226.5426954136483,470012.465296339,118.15477964043332,54840.9426176915,1.155331184888645,80.93985751537669,0.5469740136064156,0.8113421943764934
1563,2261.866576508887,0.061555160501648665,8.64783508779829e-06,145.92079798013538,470222.47649700684,118.28217264039183,54817.00838401003,1.1578072667654338,80.90316816750999,0.5500384179211876,0.8083493393531569
1564,2277.227004183713,0.05423913915812739,8.748927747024945e-06,136.24612075958044,470422.65899428306,118.26548819405161,54793.088601863026,1.1582345422870504,80.64853441546697,0.5442330436058039,1.8836504772559124
1565,2289.819544654168,0.054316480670742795,8.927610273842226e-06,124.26197005292278,470611.2481294727,118.37211401184878,54769.183114179774,1.1553165704307586,80.40618907150068,0.5469751285834137,1.8713255434805092
1566,2284.866864731748,0.05449970673248017,9.076250246741092e-06,96.62444196009437,470772.17823467066,118.01645120533904,54745.292071367374,1.1490068571509713,80.0721793163339,0.5412403771678868,0.7992558743694929
1567,2268.152199597714,0.059349004130861305,9.23482223799486e-06,124.74198189060115,470961.0619234269,118.08693991542316,54721.41542530088,1.156170138275646,79.80347774044793,0.5469980403054209,0.7963181900559562
1568,2268.14734427699,0.06142466186727524,9.310930291255096e-06,142.4728104243647,471167.2807039679,118.36685857991918,54697.55286547048,1.1484481944331761,79.56019136774403,0.5457958973792555,0.793402583262889
1569,2264.7672083717175,0.0631901517261435,9.39163116235705e-06,143.03935771359426,471374.00004246464,118.78578887532568,54673.70427417635,1.152180898029452,79.35102221321705,0.5420901971041309,0.7876976856618114
1570,2261.299896978673,0.06630334741270771,9.441786508453243e-06,138.44910397325395,471576.003463277,118.72686601309073,54649.870215370924,1.153851483359685,79.04810084630324,0.5450673709486777,0.7871489028286192
1571,2256.752030427916,0.06764623216282173,9.456244601619835e-06,146.5183364415072,471785.9050043217,118.58943764267543,54626.05020397284,1.15055704358608,78.81079128967343,0.5440922872439293,0.7842479823131896
1572,2263.8074299300824,0.06449733421973725,9.435709483401123e-06,134.82958760493477,471983.9197483937,118.64499779074605,54602.24460135387,1.1544084027210477,78.61171962718404,0.5394878399695856,0.7813673279894715
1573,2250.069603146976,0.07155070484144688,9.449814764300008e-06,149.03942408665648,472196.2459006984,118.93521035371843,54578.453249126236,1.1468905079835752,77.50640677250354,0.5425249253851734,0.7782295981591574
1574,2241.673544412767,0.07618862120842762,9.389072649651776e-06,134.29530579812763,472393.47127413965,118.77976456613229,54554.67619433741,1.1467605047611058,78.15923369706547,0.5414131182015149,0.7755590455041386
1575,2225.916578076423,0.08410932630914414,9.232128630954794e-06,174.90463195080963,472630.9503659404,118.94632932541069,54530.913280261106,1.1469157396427407,77.19077861219355,0.5404965616319533,0.7724208982258745
1576,2221.803744719822,0.08694166221973287,8.994544686522254e-06,182.2885355942267,472875.4603340066,118.62798707486738,54508.139066127645,1.1435947872551409,77.40950276340078,0.5394184678498481,0.7694103311264371
1577,2216.9931879809437,0.09001433892772726,8.730895899723138e-06,185.71787530593872,473123.23459991784,118.88771605212814,54485.36961157525,1.1472308905399373,77.28036808646206,0.5384410629785439,0.7666692110683471
1578,2210.661290857789,0.09174200576860625,8.438942771304183e-06,182.9678949275031,473368.42900807475,118.76416916445223,54462.63704562685,1.1478886498113505,77.18651697406519,0.5374848573122784,0.7635873340823309
1579,2203.452324985188,0.09489416820588403,8.13210881334658e-06,190.91139416297932,473621.3821051428,118.6590461299195,54439.91092125795,1.1493360600850664,77.0497011846629,0.5365563453924548,0.7606934857177521
1580,2194.4521356098176,0.09913883176873917,7.794542551098548e-06,198.39366494259718,473881.6220481595,118.57414767537836,54413.845033698606,1.151139851970178,77.03105876176085,0.5356449615602878,0.7578106339769306
1581,2189.1124872261835,0.10216673008686206,7.414804832632912e-06,210.13795351312694,474153.35827228863,118.9654706445757,54391.139833687106,1.1453608801705708,76.9637299965454,0.5347751515068968,0.7549387370727629
1582,2185.6577757979258,0.09141206291156567,7.0061572008358255e-06,205.14275903857225,474419.9602164423,118.95693002226663,54368.363314432136,1.1481742115129032,76.95014084081575,0.5339344197214786,0.7521602151871889
1583,2179.5666837700187,0.10401948335062339,6.713575917259634e-06,204.59829007073012,474685.91152867855,118.981448331183,54344.71516763848,1.146039915223011,76.92020585115154,0.5331328210898769,0.7492266386832966
1584,2170.3487505524013,0.10763957246561495,6.28951781803365e-06,212.59066227113146,474959.68869747024,118.6704245329829,54321.100301326995,1.1454057667090716,76.86797073608935,0.532364898421007,0.7463873609611937
1585,2166.4489984623274,0.10905849568439385,5.830616888652451e-06,221.2573596667699,475241.8642593302,118.72246647503115,54297.49953685073,1.1437981306555935,76.85024297965705,0.5316242007815449,0.7436413343048685
1586,2162.7540234890903,0.11014326338016289,5.360567551861582e-06,226.73497852287448,475529.4074867083,118.61848108685177,54273.95107738308,1.1450639094015254,76.73302089408892,0.5309167585802619,0.7410190658613658
1587,2160.0064109636874,0.10015922164236235,4.883019680029828e-06,217.14708219664152,475807.27456047066,118.90171848770659,54250.378575976625,1.1459442085046485,76.71959434029141,0.5302196219361144,0.7381045643906532
1588,2157.0886509611837,0.11159058244603304,4.513337205708218e-06,221.4530178133325,476089.3866303102,118.9664968098938,54218.800995228354,1.1440488789688854,76.67311407099159,0.5295544914556927,0.7351666903777527
1589,2153.6260436227785,0.11285841811174879,4.026442515992044e-06,227.7803213731707,476377.7506290745,118.76972944537509,53967.50646418071,1.1486783232942344,76.04538050542575,0.5289126939500022,1.2876954325738836
1590,2130.363444326217,0.13002624408953933,3.530352203958147e-06,225.29444106822524,476663.53995308734,118.58355822597392,53943.97138728833,1.1526889955153916,74.00887339859065,0.5281447783263984,0.7296497598672147
1591,2098.209963936317,0.14728761608804175,2.8914600207865916e-06,262.6558153567108,476986.2780544157,118.7290096806003,53920.45235044021,1.1557570661991547,73.26449864103404,0.5269784408001171,0.7268841849039234
1592,2083.128012329827,0.15126468983324992,2.1060124847825752e-06,283.5585417731586,477329.2228069848,118.6768583256075,53896.94742945111,1.153444753994798,73.41608012287787,0.5257114144811332,0.7242215130103773
1593,2090.7382585331766,0.1466614266304811,1.2846176685333884e-06,305.8078505232017,477693.9807546835,118.49711715045693,53873.45911037001,1.155595549555603,73.71602290508278,0.524540538540795,1.5385283083752768
1594,2094.0996980765044,0.14275594626483123,5.188518189290237e-07,291.88952601175316,478045.007366999,118.0126474584655,53849.99112272059,1.1559384544690299,74.81297055144482,0.52351266687785,0.7245339946561842
1595,2081.469613390078,0.1452608026975657,0.0,280.5647381216061,478384.82380929403,117.92323085913712,53826.53705997441,1.1641733455389731,74.14928000634458,0.5227501675191665,0.7159219549510283
1596,2087.8596702306036,0.1413017075057741,0.0,291.26033188745424,478735.5116847484,118.28736515217605,53803.08948141704,1.1663402858275076,74.25676351493193,0.5218850492434223,0.7133009395312797
1597,2084.357732657019,0.14074245359364967,0.0,278.07762292555867,479073.1788696769,117.86728573917486,53779.66624614768,1.146077495392618,74.45080989784412,0.5210864633220231,0.7107007982901621
1598,2099.5056678454735,0.13452535369570862,0.0,281.4270052757937,479414.2305753118,117.93858462783226,53756.27910240568,1.166610337384322,74.62252254779936,0.5203695970005467,0.7077266505409625
1599,2091.2191681583413,0.13635492497835522,0.0,272.0904130086425,479746.36969441024,117.86997250583042,53732.884506998176,1.1631978330505053,74.89198178659353,0.5197255567116085,0.705324009086894
1600,2108.1244498524748,0.12988102431691362,0.0,275.116888657381,480081.4126412495,118.07453607392938,53709.50482040044,1.1699736785468249,75.04591786606457,0.519171615926782,0.7025451488319163
1601,2111.7135784073553,0.1277947487658182,0.0,268.4793062472825,480410.1317723858,117.70475594790865,53686.13881820857,1.170108603774307,75.232739307939,0.5186785126531838,0.6997069432823935
1602,2116.2378170648562,0.12548221672731474,0.0,262.11915183417153,480732.5923730387,117.72965930432221,53662.78665422573,1.1711078083521727,76.35607088666063,0.5182502259381404,0.6972306960981314
1603,2116.9374687556624,0.12455079625028886,0.0,250.12930592592653,481043.1636503169,117.60478370014518,53639.44854177679,1.1685098531003906,76.429988781253,0.5180839182821397,0.6944951472793548
1604,2117.455425286291,0.12370945339236983,0.0,256.6650961416186,481360.24860272236,117.92122159290146,53616.12425411007,1.165466818123304,76.51485545327802,0.5179418053729725,0.6917418420257491
1605,2117.85846482348,0.12364401398316516,0.0,250.57715467451987,481671.0820574176,117.71012321693232,53592.81393106896,1.1647027243974382,76.57725804238387,0.5178250129622362,0.6890610425531349
1606,2117.026583759079,0.12385696057786244,0.0,253.3712198327628,481984.7205013791,117.89255817065353,53569.5174564108,1.1652269935371697,76.570976957623,0.5177274613947599,0.6865496794739272
1607,2111.3458646661998,0.12557736681088594,0.0,253.1138208938255,482298.08502427296,117.80198566201364,53546.23474928093,1.1685818794090563,75.49934698373241,0.5176334885136673,0.6840310360072408
1608,2115.351614008422,0.12423338654160798,0.0,247.80681367813827,482606.0528166467,117.59462773703702,53522.96599290119,1.1681139300591588,76.45487591077799,0.5173149316359906,0.6813563503842204
1609,2114.951953680278,0.12481465582939621,0.0,247.08671944767218,482913.37948814133,117.66526822807047,53499.62930102354,1.1705760600184467,76.43494374428269,0.5172169264043094,0.6788574415680841
1610,2114.222915156351,0.12492219796494675,0.0,255.01938880490906,483228.6402475969,117.58672986191365,53476.33585274392,1.1690042984949223,76.44566300843837,0.5171196120286435,0.6761635595961479
1611,2114.5687491634753,0.12419577562146422,0.0,248.85320929493224,483537.7142092748,117.55915009623945,53453.05753027441,1.1678965662425889,76.52428153526245,0.5170295102385195,0.6736022464108373
1612,2115.126347572215,0.12348665073134546,0.0,257.25934388500474,483855.21797709836,117.61700514737028,53429.7944776745,1.1681175642009218,76.58473915272883,0.5169607928386769,0.6710895222234114
1613,2115.1674249791604,0.12326798025428054,0.0,249.81298755734048,484165.3023244566,117.68114467136796,53406.546368857336,1.1700205926454519,76.58123722379295,0.5169084978478431,0.6686296273542496
1614,2114.615218248515,0.12347505238992551,0.0,242.6069672677947,484468.25614917144,117.35648829805037,53383.313380395986,1.1718182151928929,76.60965399932627,0.5168705956181074,0.6660959288944923
1615,2114.1703427282905,0.12398374641398047,0.0,256.4299639208956,484785.0512891832,117.47099070231731,53360.09547050093,1.1689153165104553,76.63532634483158,0.5168407067280333,0.6634867916961014
1616,2114.5523090676334,0.1235345043632976,0.0,254.17105739333562,485099.5884018694,117.51018748404226,53336.89241902103,1.170222540622048,76.68662981153767,0.5168178385794236,0.6609992278067125
1617,2113.643348194464,0.12379559305607946,0.0,252.8564529830034,485412.82460936136,117.49624057168405,53313.70460140516,1.1719632843341516,76.70157881758482,0.5168071256323578,0.6585535985825572
1618,2113.691919962647,0.12359474294356909,0.0,250.70454039641157,485723.8864653099,117.6752481974368,53290.53153602867,1.1743527205896933,76.68502564902728,0.5168001764197819,0.6559757272217439
1619,2113.1697943039253,0.12386083468354181,0.0,224.97856376229612,486009.4047309483,117.62942523955165,53267.373361625425,1.1596645507177736,76.68141640683689,0.5167900565828545,0.6534830721546996
1620,2114.4610281771293,0.12515561813114073,0.0,267.6143455991833,486337.4923227998,117.59606169314743,53244.225471958875,1.1678823321456953,76.71172698037458,0.516754731578962,0.6510972165133921
1621,2116.356873777226,0.1231502648662407,0.0,258.5811414715361,486656.5270394342,117.61511993711777,53221.09235453558,1.1708984127328106,76.83544304319236,0.5167277007680736,0.6486301412148521
1622,2117.406788854847,0.12225736222798189,0.0,255.13586394141782,486972.1668846182,117.28978480132747,53197.974193763,1.171050322180349,76.91861202629151,0.5167285331966986,0.6461724408023883
1623,2118.0181283877823,0.12157878629993835,0.0,248.64793291019515,487281.3507742784,117.28265180954496,53174.87064028958,1.1697571173310815,76.9338967674353,0.5167471472324354,0.6436654956961263
1624,2118.6827640336733,0.12088756555857183,0.0,249.75086628268872,487591.66212435806,117.25142456085626,53151.78202443638,1.1673119388096855,76.98585831660468,0.5167681175753999,0.6412534155597029
1625,2119.283999045262,0.12040142252103514,0.0,251.47456035388944,487903.66682043066,117.29504464769785,53129.30774258283,1.1692268204909615,77.00176756597993,0.5167991760544729,0.6387738741763087
1626,2119.861874775007,0.11965311018132796,0.0,239.46580633584364,488203.66525349254,117.04321070129792,53106.25664950604,1.1699766502199853,77.04491027354794,0.516832096549156,0.6364367787697347
1627,2120.0019642161037,0.12021181891545574,0.0,244.01241736271402,488508.21841817745,116.98791391390334,53075.1384592208,1.1710945068111962,77.07450197185251,0.5168726158562741,0.633966829179144
1628,2120.828672577505,0.11974922164871893,0.0,248.28029116447357,488817.0498456931,117.12903598108363,53052.11655140338,1.1709587054701815,77.12862655682531,0.516917446826253,0.6315675337925768
1629,2121.5113563032355,0.11947391524892004,0.0,234.33563396981526,489111.96967489936,117.12950647474474,53029.10921887759,1.1491265639206343,77.20104942090778,0.5169716228490607,0.6291484263941243
1630,2123.2297640596566,0.11944953173831263,0.0,247.96221602752672,489420.4336328738,117.11901267246684,53006.116831392705,1.1608469941181707,77.29615000715641,0.5170385869578051,0.6268155885948659
1631,2124.4676934151516,0.11856246482943733,0.0,256.34093386648124,489737.2812761344,117.37619336666346,52983.1867179848,1.1635685411669765,76.31567339621162,0.517122548138012,0.6244147888088207
1632,2125.894809993458,0.10659712238913832,0.0,236.75742073660547,490034.5269528757,117.41848069780832,52960.22278608702,1.160287807988844,77.42892954001687,0.5169924732184391,0.622025718642476
1633,2125.6808391137774,0.11766531012804582,0.0,226.0366267953853,490321.0861111801,117.61614383757431,52937.27317803542,1.165043461816485,77.391263289575,0.5171072130563996,0.6197522662269535
1634,2124.817177807124,0.11808826089608504,0.0,205.87296919885995,490587.4405110304,117.68022592207727,52914.598153794264,1.1525803245908588,76.39553886508472,0.5172081292088124,0.61737198264521
1635,2124.9786328037408,0.12110625740917202,0.0,246.88997388691723,490894.7308050576,117.47825597279558,52891.67671157825,1.1329732317598828,77.44708860562767,0.5170908900192177,0.6150656525172451
1636,2128.5640009943236,0.12013982405462786,0.0,258.9227933618479,491213.9510469451,117.39521878932766,52874.249605443554,1.1504317111077014,76.63765130907383,0.5172046131671214,0.6127031780675907
1637,2130.566940954208,0.11783062573024572,0.0,251.37360443163954,491525.6813740975,117.18132332457692,52856.99578540685,1.15284212177884,76.76374991879679,0.5171394010219386,0.610356005441588
1638,2131.6033606920523,0.11685468425585765,0.0,236.24074769776888,491822.33635371947,117.66773150848978,52834.10520824712,1.1524504899003263,77.8274253640003,0.5171044802368896,0.0
1639,2131.9904830384507,0.11812098453133668,0.0,234.32979332697926,492117.20923133276,117.11682212624109,52608.12606989752,1.1610926289663772,76.86258546345262,0.5172841345204708,0.0
1640,2131.879482908777,0.11909016528343352,0.0,257.3352678859588,492435.0899214198,117.41019506310812,52585.37289002917,1.1530825431913971,77.931216743155,0.517235896006153,0.0
1641,2132.2254657459866,0.11817731321657854,0.0,240.77487588816808,492736.40319173195,117.1442332139882,52562.6339340092,1.160693834818757,77.96735842911986,0.5174188991832946,0.0
1642,2131.9908530001285,0.11565609997322213,0.0,245.58755598601977,493042.6322123291,117.10526148433121,52539.90934274468,1.1617526927027082,77.96986234107735,0.5176005298777736,0.0
1643,2131.9483789368924,0.11544631850660358,0.0,236.14649896187137,493339.41841226356,117.07452792241283,52460.94157983738,1.160665219260628,77.20609492817957,0.5177736547239168,0.0
1644,2132.4137003961364,0.11511729612689692,0.0,230.02053098296898,493630.08633532975,117.34168009109064,52438.23965336019,1.1411233104192042,78.03079145159862,0.517774717054431,0.0
1645,2133.341808015192,0.11532347840123092,0.0,238.69488288383587,493929.3662292411,117.24150247023462,52411.58285557094,1.1525301552618432,77.317298606942,0.5179523211793058,0.0
1646,2134.7594813447,0.11412213952033368,0.0,235.59247215226696,494225.5347419542,117.02984208621676,52390.93642751361,1.159465714452967,77.38001880310551,0.5179683913116893,0.0
1647,2136.174908727072,0.1100310163149183,0.0,211.7382161439681,494498.5189961811,116.81719741013085,52368.2216898278,1.1488815621996957,78.25099987583816,0.517997179507255,0.0
1648,2139.105294601557,0.11016753823426073,0.0,240.99418984410704,494800.7076278289,116.7457488651259,52345.57476909109,1.1604376138558874,78.31825445991771,0.5182110109616791,0.0
1649,2141.269284740495,0.1091447861117838,0.0,241.69922276505156,495103.62766684266,116.73870126693596,52322.94169931226,1.1541959056287565,78.23717197300238,0.5184285551616434,0.17805544802357076
1650,2142.8993441616662,0.10780771541416079,0.0,214.01082215906143,495378.88533178717,116.42881892567326,52300.31808529944,1.1354603228809352,78.47559441384243,0.5186097359932451,0.0
1651,2147.629266657439,0.10474035525291059,0.0,229.0384455748228,495668.8906337494,116.28184285155271,52277.70900088769,1.1514973157160524,78.5762605800084,0.5188285388966327,0.0
1652,2157.3501825305757,0.10076875223331683,0.0,216.3267449780842,495946.25693239307,116.20835290134117,52255.09404136647,1.1515619007309041,78.68427066341124,0.5190579404867777,0.0
1653,2158.895881366553,0.10130287272481775,0.0,219.31738786862041,496226.86583197536,116.45238418616711,52232.48626040118,1.151417552522857,78.68623632138154,0.5192989730705037,0.0
1654,2160.29471563321,0.10107801921426929,0.0,213.16381754452146,496501.32638956246,116.35121229209128,52210.01212454428,1.158235995266173,78.73558816527526,0.5195283516584382,0.0
1655,2160.5252954582897,0.1017463012502231,0.0,209.24707631402646,496771.8801207415,116.37112172504202,52187.43622169131,1.1501982453932476,78.72107715740808,0.5197567994685376,0.0
1656,2161.41058475603,0.10219777517802076,0.0,211.92634804401064,497045.0824056536,116.37518432258176,52164.87413188084,1.1515961602231322,78.71034456397021,0.5199706919260437,0.0
1657,2161.8328297140756,0.10259760046856525,0.0,205.1206835936158,497311.45826679526,116.2517859008864,52142.325956264875,1.1517374818062156,78.70591058071713,0.5201715668319664,0.0
1658,2162.86378611071,0.10267231896051232,0.0,219.49867164050562,497592.20102894277,116.33359697792959,52120.2274788542,1.1522353229283295,77.97899700736804,0.5203614240604629,0.6548518221994186
1659,2140.3706621774986,0.10997721890522683,0.0,166.48939470929622,497819.9310176624,116.30146144275001,52066.78810759982,1.1159882051472851,77.43955632722103,0.5204021780964316,0.7284779043021103
1660,2153.423640857905,0.10831958115741003,0.0,241.9929633731266,498122.2051594128,116.25327989634833,52044.68788207433,1.1367035115449864,78.39085022249594,0.52032723284458,0.0
1661,2156.228732254107,0.10653607375489516,0.0,228.05752786552637,498410.8665075069,115.87787432223332,52022.26356521846,1.1355910749615827,78.60844371078252,0.520441867885588,0.0
1662,2162.770373409839,0.10500503173354503,0.0,241.0478021085052,498712.38832112285,116.1375460549568,51999.8532350498,1.140082028461124,78.69074772340264,0.5205973408635388,0.0
1663,2166.4618501278765,0.10319397797502217,0.0,215.1437312416782,498988.1094197447,116.06212291008028,51977.38817801135,1.1460992186741805,78.81674729043212,0.5207626377559312,0.0
1664,2169.535250539841,0.1018703840306261,0.0,178.70024834988664,499227.5304783397,116.0424012823293,51955.00487973065,1.112949879789514,78.87591747668296,0.5209466105886468,0.0
1665,2174.0738299800446,0.10182009728554842,0.0,228.36216071875964,499516.7032809419,116.0855886131763,51932.63345408957,1.1327616321253673,78.97577631998914,0.5211340124838356,0.0
1666,2173.672803965621,0.10093873524424324,0.0,223.39615330383901,499800.97930693196,116.09187545744857,51911.00259917095,1.1339367241073883,77.42767134749857,0.5213333739614149,0.0
1667,2185.5621761653847,0.0953814432693113,0.0,215.70266742601814,500077.68723861413,116.09531172266459,51888.603868918115,1.140952371604049,79.27279141808876,0.5211914246965963,0.0
1668,2188.076510376176,0.09438996202475958,0.0,196.78191616520633,500335.6110383471,116.15361539123593,51866.20436663214,1.1379212461773829,79.29673483537232,0.521464005748546,0.0
1669,2185.0627777905443,0.09576700277513484,0.0,204.6187478359418,500601.3956742531,116.3239671730606,51843.8844071463,1.1349710206394148,78.25620318719942,0.5217279991959825,0.0
1670,2195.794666392944,0.09107770921343683,0.0,175.7167589601745,500838.23554267315,115.78499393330236,51821.51185081603,1.1273795138846545,79.22799955766314,0.5217560355187706,0.0
1671,2191.9037518702726,0.09612766588021615,0.0,208.5521888165818,501108.12098089943,115.77889950474558,51803.123823555856,1.1301343187742714,78.43811235869956,0.5219906466225989,0.0
1672,2200.2996894357775,0.090519403999894,0.0,202.42428296008302,501371.7330689591,115.89681750748683,51780.839845638315,1.1296743612714988,79.05931382161933,0.522044414138681,0.0
1673,2203.720175611301,0.08777172566091984,0.0,194.43402740137202,501627.60465471604,115.55742880789266,51758.56932356021,1.13123386644134,79.0378107696192,0.5222284261103194,0.0
1674,2207.9494390978707,0.0842429524191598,0.0,182.53066022213648,501871.69411043846,115.4604285005994,51736.24454982371,1.128720286163913,78.97057339596935,0.5223985741738144,0.0
1675,2206.6437903362826,0.08549168054281486,0.0,184.60127498689678,502117.9314789912,115.50888509770468,51714.000906165034,1.1281362004146447,81.20341530875525,0.5225457666439531,0.0
1676,2204.119899953943,0.08720069440461264,0.0,177.6991893699182,502357.15799221525,115.37117577498398,51691.77066880022,1.1328366239252763,81.08371613730189,0.5231633732841267,1.0211793419079243
1677,2200.7326398340074,0.08898289535145931,0.0,182.38180045229012,502601.04000864923,115.8681293864623,51669.565895136824,1.1308356360555152,80.9566772291931,0.5237491323346154,1.017212491579187
1678,2197.990710141766,0.09033442177896156,0.0,-80.99956320328289,502581.72532265383,115.39375315623205,51647.36986178364,1.134552299189251,80.7921581250119,0.524277977396632,1.0132520840970187
1679,2195.6479381224467,0.09219468293218436,0.0,401.5212537023676,503044.8870652198,115.52071841638673,51568.24430772409,1.1293137026531068,80.67814411656701,0.5247322637839025,1.00940576350186
1680,2208.9258215273253,0.08311113424080996,0.0,-205.71996671925592,502900.69204481744,115.34987649470554,51546.02277723497,1.1335768227448446,81.25424097658393,0.5251140693295249,1.0055279836565774
1681,2209.5835247455666,0.08297274858219894,0.0,522.926075817657,503485.4173265927,115.24528434618313,51523.79392462991,1.1294365742649912,81.2840430884319,0.525599690173955,1.0016367863671007
1682,2223.5543743645744,0.07301386086814265,0.0,253.01098145675314,503800.2109775422,115.23093906977381,51501.57884901889,1.1340511584112787,82.22054569214178,0.5260669763340324,0.9979669449541575
1683,2222.5561570252007,0.07268434784128142,0.0,172.74747364078405,504035.1635791453,115.36234551147182,51479.376769839386,1.1313638111177546,82.30251866708667,0.5234443489819408,0.9942382988082841
1684,2209.8874378809032,0.07860336020922842,0.0,161.51698111684067,504258.8580972852,115.43390782370574,51457.255097828755,1.1307864634003224,82.08134727270408,0.5275029475143229,0.9903255398952524
1685,2207.1658318940454,0.08176059805664393,0.0,160.6204642312718,504481.3304429499,115.0442417244058,51299.960079904464,1.1348078468811473,81.82920171959478,0.5262810158971616,0.9864664492916688
1686,2206.3331602242424,0.0825012747618129,0.0,180.36718315706986,504723.435842076,115.09645643009932,51277.70251210468,1.1339644896124874,80.66347262616867,0.5285796631505598,0.9828179606969059
1687,2202.917509971048,0.084797116096748,0.0,175.72601508196323,504960.9452419328,115.0463444587974,51255.425313031905,1.1360161572778102,80.08397029410749,0.5287502360329868,1.387395342943222
1688,2208.264001642144,0.08917065854373474,0.0,184.22409471723273,505206.83264324494,114.99462484863733,51233.2372598126,1.1355615610762169,81.34258307071823,0.5287978705729749,0.9755214039805651
1689,2199.2253550075366,0.08994889462714684,0.0,183.16193688565892,505451.73028595746,114.82367872894332,51211.06580449474,1.133075052398159,80.20764791685869,0.529102171546191,0.9893807156065577
1690,2212.9079961452207,0.08706913057166887,0.0,195.46620951656587,505708.7497004921,115.23608475101754,51188.84180314498,1.133496518592618,80.51447608124107,0.529148394473692,0.9679138477909532
1691,2208.905243432188,0.08880350163384176,0.0,181.26001851684572,505951.7171903922,115.38361921803693,51166.649744855815,1.1375045587403008,80.34230381486913,0.5292572235582751,1.6096792691431574
1692,2206.180372548778,0.091108737368235,0.0,189.04089833097066,506202.3110996507,115.46570565407865,51144.53887532973,1.1308965284550883,79.37264343262775,0.529339174665863,1.2937032560217574
1693,2205.461660144155,0.09221441514032824,0.0,188.19512493486616,506451.90378323424,115.27527525011298,51122.44470771257,1.1354849059165784,80.10123563788153,0.5292015258109807,2.2383393571625163
1694,2202.2091383345087,0.0945725606788217,0.0,201.09885949593638,506714.4209594219,115.34776138901574,51100.36838869662,1.1323367063902035,79.92047072522803,0.5292495516489212,1.61928184497242
1695,2199.321754564454,0.09651491902336129,0.0,198.55265075476052,506974.2831508584,115.36839974416388,51078.31020854299,1.131085883492836,79.8311622104808,0.5292410699889294,1.613304291946264
1696,2195.879791073872,0.09895288698977134,0.0,197.26967976633114,507232.7018222612,115.24959371146602,51056.20410572386,1.1321743925786951,79.76407992075791,0.529213507600136,1.6070778541315747
1697,2181.6525310759353,0.10412723782349798,0.0,104.95439859230169,507398.70146913023,115.14200226222839,50905.334974456564,1.1254536769874985,78.64717411039159,0.5291725786485586,1.60100136883878
1698,2191.784310920337,0.10078051378654695,0.0,295.233000737991,507754.6930974459,114.94370872870162,50883.337569084724,1.1328818344761615,79.65636778848378,0.5288818179795267,1.5955862677541575
1699,2197.8338212141725,0.09713007014594077,0.0,224.25063668460223,508039.9402839801,114.71329967154965,50861.35861572703,1.1302908916535404,79.87361404858734,0.5288213113278001,1.5894876484046847
1700,2193.4629632879123,0.09910063969717964,0.0,209.18688610925454,508310.25860514934,114.7223482542946,50839.39618266211,1.141431752169238,78.81331143275143,0.5288099601309764,1.5833252144568633
1701,2194.013889638432,0.10047357399600065,0.0,206.84697072982186,508578.5710789284,114.62579949337996,50817.51609145744,1.1342633057694647,79.50709041006283,0.5285718915704845,1.9063686591987619
1702,2192.164756547115,0.10254849914633946,0.0,188.26163809690792,508828.18456534744,114.5806054068573,50795.6542454979,1.093685176921916,79.75218198918989,0.5285019440095959,1.5712900932166178
1703,2187.6782165578566,0.10845828481789821,0.0,230.91582576490737,509120.3422605472,114.97027240894545,50773.8081704271,1.12863148837025,78.37111191361544,0.5284795455494923,1.5653963095589347
1704,2174.0480737740236,0.11557076182821291,0.0,237.66376105284945,509419.1308992911,115.1484227116855,50751.98428465372,1.1273899820059083,77.3336217286241,0.5281623598194808,1.5596249802035516
1705,2163.221914903384,0.12060767759485491,0.0,245.59415574800437,509725.5491086955,115.32420778195919,50730.17694001613,1.13029925817548,77.39197937419962,0.5276387849122463,0.639307630477191
1706,2154.0158926554013,0.12361690622628085,0.0,243.35457439733455,510029.40147462045,115.13086664358728,50708.38375282562,1.13349551627276,77.3561539461248,0.5271314406424443,0.6369057202849433
1707,2158.484663903391,0.12250648765645389,0.0,251.2140097993409,510340.8738404544,115.1473225590259,50686.60501960072,1.1362118700455563,77.49931459768345,0.5266418301507185,1.5966555338727346
1708,2158.44633910704,0.12260045097196604,0.0,254.7257574281673,510655.9223055093,115.20387969778882,50664.84411806314,1.1382645577136035,78.5325968259472,0.5262308418429119,0.6320460898917872
1709,2156.699811753347,0.12317535590908535,0.0,256.70732317693637,510972.95800511,115.30362395866224,50643.10443441067,1.1356621956382849,78.51925998451243,0.5260379880971541,0.6297114647224191
1710,2175.759952790264,0.11541830336165548,0.0,-549.746734904091,510483.5611054552,115.31365357452437,50926.35889124267,1.1302143450072655,78.5462930978031,0.5258518516528022,0.6276263632996688
1711,2154.156200897984,0.12298280739636736,0.0,847.888272308046,511392.47973424447,114.9006235061028,50809.78256860825,1.1291716804782768,78.61478868120673,0.5256807433876955,0.625239842709135
1712,2200.4026189629385,0.09167481329238691,0.0,382.8606793460424,511835.5034542156,115.0057794720583,50787.91489341907,1.1314912968892101,80.54831313324314,0.5255327752096277,0.6228640903907774
1713,2205.2941028169307,0.0881157325623344,0.0,235.94976307758935,512132.88740426314,115.17357819877965,50766.09789838193,1.1382782926626176,79.86877263803493,0.5258058992721177,0.6204990513352016
1714,2184.9611404268953,0.09587814820242047,0.0,186.77052368549545,512381.2807968933,114.69816531954054,50616.762982048705,1.1414803407632546,79.83613105597111,0.525865915308879,0.6181396145301505
1715,2186.2464854869395,0.09778019225010504,0.0,198.32322727152643,512641.19107999123,114.60231924869434,50595.004039942316,1.145103907401414,79.59928245044347,0.5260108119663295,0.6157908430788552
1716,2201.842267714621,0.09409604187883791,0.0,208.32051298669228,512911.01976070995,114.51795621414651,50573.257955153655,1.137148774022592,80.7065623279301,0.5260438215593312,0.6131203693422833
1717,2191.6680862800076,0.10015487414541868,0.0,208.30672164907133,513181.15861110506,114.71596201119843,50551.557862464266,1.1359252864676435,79.47236413725787,0.5263119680522325,0.6106278547438535
1718,2161.5513251320913,0.11219203647759202,0.0,202.59377872525317,513445.29101027333,114.5995710324135,50529.88329098601,1.117180217898607,78.13055585656305,0.5263023217457707,0.608205110651113
1719,2182.073072258695,0.10712834170413232,0.0,235.8306915960934,513741.6427856106,115.3014992538282,50508.163403612874,1.1334759077583991,79.31209124927604,0.5260058613434527,0.6064024526060052
1720,2195.1539659373725,0.0952966700904917,0.0,226.6824483152613,514029.3777092196,115.11395563148089,50486.45430939941,1.134641211320339,79.51880996583071,0.5259770620318742,0.0
1721,2188.172095338225,0.10231421387452366,0.0,207.9892225111148,514299.03268777055,114.97761761598873,50464.71381168808,1.1378242306608304,79.36380038971552,0.5259790732027534,0.0
1722,2162.4473908858918,0.11480627021339573,0.0,202.65756006923635,514562.90185801266,115.13206589376827,50443.093485789796,1.118678472758017,78.00568793775346,0.5259477734484262,0.0
1723,2158.103129087118,0.11905396075390795,0.0,241.7949443078607,514865.3150098959,114.83310770746206,50414.45720634287,1.1312584756078208,77.01919877226297,0.5256273796349266,0.0
1724,2167.4027792746133,0.10833719793715468,0.0,239.10752294876698,515164.6973841832,115.24284345026228,50385.96054796022,1.1338961246277939,78.35057129553172,0.5251120000663906,0.0
1725,2173.755799084938,0.10530854837904935,0.0,226.46098159265398,515451.8060460199,115.39017635895199,50364.736499006416,1.1280268939342981,77.08309343377664,0.5249074963520373,0.0
1726,2163.727471413603,0.11285632635653275,0.0,228.07110146028322,515740.6261931696,115.20742443645531,50343.50637395838,1.1332049105699487,77.10932737432225,0.5244420477593154,0.0
1727,2154.9048643060482,0.12337317429274697,0.0,233.1590002590744,516034.12690254184,115.02793207804159,50322.24536882047,1.1298031675391544,78.3272591035031,0.5240056727009194,0.0
1728,2142.9090027418124,0.12393881718014266,0.0,251.524262660465,516345.63387193764,115.04320413473411,50301.04895732658,1.12481215687274,78.28230347467264,0.5238519369159067,0.0
1729,2176.104530353179,0.1053717501027831,0.0,248.85398873321122,516653.99155285384,115.98929160871154,50279.92826241342,1.1306122366045932,78.35698821163855,0.5236963373307038,0.0
1730,2165.5883199289283,0.11150394049502721,0.0,228.28855670497836,516943.0336571004,115.9435246741968,50226.86963038202,1.1294588803403718,78.36510417073256,0.5235645740146501,0.0
1731,2155.693669178242,0.12052478114661302,0.0,243.68937364806226,517247.04887645907,116.0013122672832,50205.83072474442,1.131263246354584,78.2349923859347,0.5234412022488265,0.0
1732,2141.94160779697,0.12064028011533512,0.0,240.8274279482995,517547.81828598,115.74966761996066,50184.33303157808,1.12624969190376,78.20392357934513,0.523296220798475,0.0
1733,2156.998648121272,0.11569861694158767,0.0,239.67274797123008,517846.9104056723,115.93504749140189,50162.83725429564,1.1291613031784762,76.1161967457232,0.5231519171390066,2.0848408650489887
1734,2135.905296868779,0.12779008380852397,0.0,240.57706258079156,518147.482736282,115.91660326880117,50141.248422828765,1.1270261012343574,76.6197797911295,0.52261899028901,0.0
1735,2119.951408825803,0.13613762249366668,0.0,260.89758298876467,518467.71034201636,115.84587453923591,50119.7445904602,1.1257143499842948,76.59142326110293,0.5221821864308553,0.0
1736,2104.487887459461,0.14566413879657203,0.0,275.8153270041355,518802.3354111434,115.86131555158278,50098.26187640547,1.1306066779669426,76.06775566512104,0.521761375862463,0.5436851258629929
1737,2106.219392185656,0.14346840943418193,0.0,283.3866358328806,519144.17140616843,115.73981975566633,50076.870589307015,1.1285655309935292,76.75062515224403,0.521263026130829,0.0
1738,2101.2398740442936,0.14686588183272542,0.0,284.7314273390178,519487.3977198314,115.92063580204746,50055.45136258185,1.1144496461198343,75.48606128390367,0.5209226865091409,0.0
1739,2112.7594761012556,0.13895814537975593,0.0,303.4879664326623,519849.2262249774,115.95425023218453,49878.591320719206,1.1224395211892764,75.70518037017638,0.5203289546804821,0.0
1740,2116.2455226222673,0.13581904708899417,0.0,-73.68064778700386,519834.1150052516,115.77099550864733,49857.21130448465,1.1235453497572956,77.18891760639548,0.5197996410405651,0.0
1741,2128.596259049173,0.12963280118642262,0.0,546.0500185700083,520438.73559269507,115.3996009561277,49835.83572411071,1.1201569741292663,75.98651176782805,0.5196146192648686,0.0
1742,2152.541605387727,0.11602555942901971,0.0,325.6424848439234,520823.6091739527,115.57363431405575,49814.490342554076,1.1305619424145659,78.2700962118556,0.5191817026329975,0.0
1743,2161.7458785408885,0.11148010236889527,0.0,252.96659497670612,521136.292948029,115.59020793297333,49793.11686820073,1.1244862274600695,78.451355462676,0.5192593968247591,0.0
1744,2149.5447839059025,0.11596035141094907,0.0,240.8543474935202,521437.17833295465,115.85113170120124,49771.78299576055,1.1263140140718917,78.44550170231804,0.5193720615119404,0.012380320377900489
1745,2147.9389597912664,0.11652388396268765,0.0,229.91990470443614,521726.66721535206,115.68755033803411,49750.397500722815,1.1289802071228248,78.31774278201631,0.5194755415917005,0.0
1746,2143.0019358111017,0.11858116437656308,0.0,241.00502410626973,522027.21471150767,116.05026419264588,49729.157021288396,1.1254489130786425,78.1918546883389,0.5195489038270047,0.0
1747,2137.539326781023,0.12040949410415047,0.0,234.12105455420522,522320.7197685312,115.71177120585239,49683.034921979146,1.1241775710842241,78.11916891271284,0.5195917187644086,0.0
1748,2136.178844160745,0.12059020657214958,0.0,249.74688350505397,522629.6767969656,115.9894795705013,49661.77371160669,1.1202533294383106,77.99135329570464,0.5196169105131031,0.0
1749,2141.6422579534496,0.12102695301279254,0.0,243.30836790151284,522932.17484936776,115.80754150474515,49640.48688668567,1.124680865390154,77.9718507703706,0.5196135689699395,0.0
1750,2134.1372330921945,0.12113054415515234,0.0,242.41697095992066,523233.9990525685,116.024303816985,49438.42015269332,1.1260042067538996,77.9088967050626,0.5196063113253041,0.0
1751,2132.7095654428254,0.12201362567928897,0.0,246.1998840951165,523539.3232306894,115.9998537061569,49417.28506485022,1.1229768098638044,76.67708866282635,0.5195860362536636,0.0
1752,2133.362330592979,0.11020830364205314,0.0,245.8171136818961,523844.24245689216,116.37167360059645,49396.22081316131,1.1258862466602377,77.85686724586944,0.5193032661285891,0.0
1753,2128.094558159898,0.12456668310363239,0.0,236.9071570171344,524140.2226131169,116.31402624894923,49375.111867355256,1.1264061121399775,76.43150593086523,0.5192873179463906,0.0
1754,2114.2968741612704,0.1344135543761381,0.0,244.82259511226437,524444.0310724545,115.88591113836323,49353.996176371365,1.1275148344380577,76.32894192387297,0.5189672417564314,0.0
1755,2098.1852289049025,0.1415496005599146,0.0,275.3676914327537,524778.09388964,115.93245154715406,49332.93350807176,1.1288868177217397,76.3548386065136,0.5186414539775518,0.0
1756,2099.2700784991207,0.1401267654185523,0.0,286.6362888161363,525123.0747222557,115.98269342682389,49311.93370781127,1.1263638036057624,76.41604040314238,0.5183377393515968,0.0
1757,2100.488950369909,0.13785748474364434,0.0,277.2407012436047,525458.9363446591,115.92494554864847,49290.888441281764,1.1296581582891712,76.47677122710999,0.5180625461641082,0.0
1758,2101.1625901244274,0.13732154890102122,0.0,275.6312788535116,525793.2351211447,115.94702835756819,49269.88511738518,1.1283622995606633,76.54077197800954,0.5178143409543274,0.0
1759,2102.78888932272,0.13568271878241212,0.0,270.0087629285855,526121.9385220808,115.88035854738446,49248.899672398686,1.128457097097772,76.63189020782642,0.5175924675535681,0.0
1760,2104.5074936475326,0.13503848506927985,0.0,275.5417181452886,526456.2221442356,116.03479858774469,49215.25666775179,1.1246780578315514,76.69975391765612,0.5174014056830848,0.0
1761,2106.4098601719106,0.13157669651117432,0.0,270.59229534998724,526785.5867470884,115.97548295066159,49194.32295499182,1.1296846699815963,76.7594740237671,0.5172346290051656,0.0
1762,2107.9556563953547,0.13145427800085407,0.0,267.3670428904636,527111.776877307,116.03608413003472,49173.34497975519,1.128705966984646,76.85823433401306,0.5170891734245013,0.0
1763,2108.356924316395,0.13166910664859366,0.0,266.8594037101559,527437.5108145601,116.51825220777452,49152.43920011457,1.1271384144738634,76.82496594842729,0.5169723211400971,0.0
1764,2109.4820023598086,0.1306333832100519,0.0,259.5133633778752,527755.9034377292,116.45001085039705,49131.49734170133,1.12557164286464,76.89246827066063,0.5168543779969895,0.0
1765,2125.6952987051477,0.1249811064002353,0.0,253.47009527288498,528068.2795218081,116.47065754523874,49110.48257742552,1.1293172556165247,76.9213066571713,0.516756965794229,0.0
1766,2122.260553160471,0.12520797216992685,0.0,123.36567805466677,528251.1820250321,115.99073443006618,49089.559130114896,1.1312735419900222,76.8981025634821,0.5166707769308597,0.0
1767,2114.7394400502353,0.12900633955809937,0.0,357.78219880329834,528668.3579791582,115.88136221328031,49068.64775471862,1.1305412955132836,76.94206387959765,0.51657162651384,0.0
1768,2119.7607895458136,0.12473061117439077,0.0,279.20516480104584,529006.6606347373,115.89898779733493,49047.73774149758,1.1297880824122466,77.28436253667734,0.5164870261822312,0.0
1769,2122.7109840357875,0.12218418468746728,0.0,254.55503852174348,529320.4165883354,115.87776709805235,48788.92642190908,1.1268754377801937,77.41553718670518,0.5164800876398097,0.0
1770,2137.0145016410347,0.11916431483332268,0.0,-2867.613395823518,526512.0873434392,115.5299614522713,48767.99709715408,1.1287717149848235,77.46852479896916,0.5164642649725332,0.0
1771,2143.381406452099,0.11803590743654324,0.0,2636.8467588806793,529208.8641074639,115.14592583918606,48747.112978333585,1.1379700434478526,78.14906876436547,0.5164482405197216,0.0
1772,2223.224460370468,0.07089163307590118,0.0,770.6863728093908,530039.6598129887,115.12745546595498,48726.24315792836,1.1449086438559342,85.75049013436556,0.5163830236714043,0.0
1773,2222.694553990052,0.06711514200404523,0.0,298.2437285341073,530400.3564356248,115.288768859677,48705.414016702955,1.1246969808509628,87.0264102616737,0.5182232848866752,0.0
1774,2227.017783067094,0.06389673236387494,0.0,161.05016013198343,530623.9143739032,115.52569684189663,48684.637181421574,1.1297117266229013,86.56886935584485,0.5182516178667903,1.006522713052533
1775,2228.4967247612653,0.06367609154948639,0.0,140.2709963736154,530826.8501637088,115.44362416730421,48663.87000544891,1.12854481462182,86.91871249026525,0.5178272147074113,0.9837681738272295
1776,2236.28036489933,0.06256111625853378,0.0,138.80691755140822,531028.5464020513,115.40906284101615,48625.953739692515,1.1297856488242959,86.56818745471908,0.5106263503557759,0.2507308277939444
1777,2235.361845292216,0.06326345900209851,0.0,130.27258205776133,531222.0412271594,115.63026556838813,48605.18167640064,1.130791822744803,85.23655005873064,0.5146705538375053,0.0
1778,2224.671356037814,0.06680568941923248,0.0,138.99502840641742,531424.3917026432,115.83894428823295,48584.39416685611,1.1334364009278686,84.71672631540243,0.5158589722977495,2.1083715182693084
1779,2242.791954142929,0.06133487154547246,0.0,147.575987498146,531635.2392839869,115.8367790191965,48563.6759494474,1.133214163051352,84.14392860164159,0.5264626603578774,0.0
1780,2258.692223521834,0.056137442298930806,0.0,142.40299882482208,531841.2530435522,115.85088270586004,48542.96181391139,1.1302832225431243,81.93643081731886,0.5286289667843768,0.0
1781,2232.1240792390304,0.07087024557594968,0.0,137.14574813255808,532042.3056233514,115.8207597137925,48522.299521462606,1.1309453597631631,81.50774242491667,0.530912807551885,0.0
1782,2237.9965746947887,0.07129517329000834,0.0,143.74390675587216,532249.1061821908,115.68346282655736,48501.626487283815,1.1320975796569337,84.58902644578434,0.5310333610681559,0.0
1783,2232.6073932141726,0.07664768123685572,0.0,150.28575607641312,532462.4479812151,115.66160989967106,48480.94008921319,1.1337186707009397,82.63737335309011,0.529635626919044,0.0
1784,2222.7983694014724,0.08067585435413849,0.0,161.60621703249353,532686.9433111576,115.69670414392212,48460.264204040934,1.1272171695936244,82.25512301842431,0.5304444200247747,0.0
1785,2214.402862386559,0.08245081653520514,0.0,179.1344292356129,532928.6854892672,115.81149259932282,48439.63690749709,1.130928912802819,80.29193815200844,0.5325354438762955,0.0
1786,2221.650601120768,0.08278590013472376,0.0,167.77147276907692,533158.7109798946,115.57734198217474,48419.043964993136,1.1264152441996962,80.62781384340609,0.5323134126140411,1.0547033539166364
1787,2212.3535445551934,0.08722232291773324,0.0,185.6884636148322,533406.8584824534,115.71790925267085,48398.39109760911,1.126380641390874,80.69498073127878,0.5322000001944902,1.4648005324185078
1788,2225.3538371291897,0.08488133945715348,0.0,175.49137755620023,533644.7816371559,115.42371560305568,48377.75087414579,1.1304629482140751,82.4365771408309,0.5304104168096221,0.7071915214167177
1789,2232.1950961028215,0.08295533987563775,0.0,173.41474648789318,533881.1235780637,115.48613488724509,48357.07262444586,1.1346327996902235,81.46804757931096,0.5264722095720495,1.0648351038922783
1790,2219.1361916932124,0.08382873928693257,0.0,175.52258934872765,534120.1198101327,115.42219496789468,48339.963212921575,1.1336622369664204,77.09837072081737,0.5328341627767263,0.07814381127352021
1791,2188.547055435505,0.09630527550164658,0.0,179.28375340495478,534362.447510502,115.16279032813725,48333.97652791905,1.0998140518465902,77.98582777896377,0.5316584682160895,0.0
1792,2165.017879521514,0.12355620990997929,0.0,220.5443873942175,534644.8616904134,115.70203706777374,48313.40518580918,1.1276345525737015,76.60241607743886,0.5312417985668321,0.0
1793,2123.2306954533683,0.14306079224018453,0.0,255.9211728721682,534961.7421112471,115.99760088239739,48292.86679564079,1.1245282867336759,76.54449558082646,0.5302940335987745,0.0
1794,2114.496344391117,0.14377484491666248,0.0,274.45680062774204,535295.9275675539,115.74569928039732,48272.36344945829,1.124760717788663,76.5087514734235,0.529381522066261,0.0
1795,2115.018270889077,0.14150003206284578,0.0,286.08139150648014,535641.6150486721,115.69667653857721,48251.773062409964,1.1258465983818515,76.57860559028884,0.5285072514313042,0.0
1796,2115.579804085585,0.13806775384895753,0.0,294.32093917041647,535995.5485608754,116.1326507384801,48231.7643513601,1.1206701770740128,76.61901678041252,0.5276919099222679,0.0
1797,2206.5790359151,0.09948148511348842,0.0,246.29494726188045,536301.5300177967,115.34775110565526,48211.23168684913,1.1306192426865511,78.12591119378558,0.5269262428017365,0.0
1798,2200.360299851534,0.1028612648699524,0.0,211.22949348218071,536575.0701545913,115.1575858940713,48190.642315480356,1.126618599713361,78.18709629624954,0.5265215880801973,0.0
1799,2132.052141088644,0.13303757978634478,0.0,241.69561622196545,536878.8092037081,115.83500322586063,48170.424110866006,1.1262801101924316,76.79660477479342,0.5261503730915246,0.0
1800,2116.4546920186153,0.13745849667327448,0.0,268.8357955747913,537207.7228923611,115.84288629513689,48432.794440166814,1.1203819735655867,76.6593889647632,0.5254877785563875,0.0
1801,2116.2886573490123,0.13635817407648276,0.0,271.7507426876662,537539.0362343048,115.69940579875573,48412.13480487607,1.1214240584515265,76.56281818659875,0.5248291913485394,0.0
1802,2115.3796558404197,0.1359373486201022,0.0,277.3190073248517,537875.995127305,115.7680644167144,48391.55000620797,1.1204179990673886,76.51441096147414,0.5241956042573482,0.0
1803,2147.5158824518703,0.12188882127444278,0.0,271.94879824960526,538207.5509237912,115.84991662122468,48370.92726633497,1.1230409335185,76.38126317596524,0.523583593544767,0.0
1804,2153.876771886844,0.11650258576348493,0.0,254.12405177825485,538522.2006768571,115.99508898928705,48350.386665160324,1.1245330095006052,75.73124487467948,0.522973949496598,0.5430998997491656
1805,2119.184922824668,0.13088268417150728,0.0,249.43640478475186,538832.3468501624,116.16732802052336,48329.83403624677,1.1235218607327344,75.17499853636758,0.5222692026123041,0.0
1806,2123.7571131844347,0.12810694207792162,0.0,237.35216118679398,539129.6708025481,116.12279914935279,48309.20913542716,1.115294260992778,75.19690768864707,0.521467689500258,0.0
1807,2100.346200345024,0.14192701305301048,0.0,273.9333112259874,539463.6442592001,116.02544390836913,48288.61241628514,1.1146407032927839,75.1977552435072,0.5207113218010853,0.0
1808,2105.285908331426,0.13925292054064098,0.0,284.82862861192973,539807.7202998361,115.71065206266833,48268.40799714842,1.1221052877917397,75.28367794518125,0.5199933315885925,0.0
1809,2098.0007836461446,0.14057099647618643,0.0,286.3968596578827,540153.4705417436,115.68515973084149,48247.800935389845,1.1240481700652982,75.39333401354203,0.5193424877976118,0.0
1810,2109.94040370637,0.13546126465090735,0.0,280.17346287207477,540492.9579546654,115.73482979007306,48227.28263707871,1.1165971269691877,75.41481934504552,0.5187480138845069,0.0
1811,2095.854017472983,0.13879883946352511,0.0,266.5873370485163,540819.0825090834,115.92468109035102,48170.364724453495,1.109357639508175,75.51550348962297,0.518188211297884,0.0
1812,2133.215520354111,0.12433489580546309,0.0,266.8455925813272,541145.1959731863,115.70509839866179,48149.760721336774,1.1243766755695805,75.67609029161758,0.5176782916387007,0.0
1813,2114.9444264061103,0.13172832591894457,0.0,262.3237875276148,541467.7630945166,115.76556302519398,48129.302311399646,1.119752900776487,75.82237315545817,0.5172285692065351,0.0
1814,2110.650027630768,0.13172929944460987,0.0,264.8616649150875,541792.2176670165,115.80314668535425,48108.84096683105,1.1198472567805875,75.94292820028653,0.5168329568888397,0.0
1815,2121.955549213284,0.12783014892088174,0.0,261.78327135350094,542113.6826865363,115.80651290590015,48088.4230776978,1.1197932196450457,75.91903718580812,0.5164832286179902,0.0
1816,2173.130947655152,0.10532512122292481,0.0,245.33728780430766,542418.8765386102,115.6237099112176,48067.82971794417,1.1206537340509812,75.91338822129549,0.5161461664521093,0.0
1817,2165.4115676499696,0.10872909654881635,0.0,231.86704783576067,542711.9848982757,115.92224578890334,48047.509151314,1.1207394309380911,77.20912286339649,0.515825041984987,0.0
1818,2112.325153120388,0.13160519331924736,0.0,235.7062350678023,543008.7341372762,115.22274846795895,48027.17588018532,1.123961435732299,75.89575729119511,0.5157975530047848,0.0
1819,2121.746171541428,0.12878549039895293,0.0,256.5771620568685,543324.9684287921,115.19213056163382,48007.69213252604,1.1237316660567884,75.8948909055527,0.5154905502805518,0.0
1820,2127.3254620880402,0.12763416338134392,0.0,254.69974501292404,543639.5693084741,115.15046184829166,47987.35652794491,1.1226471977671604,75.99481220714975,0.5151990050392126,0.0
1821,2180.2163627861073,0.10082194970529834,0.0,234.61126147645297,543934.2166397469,114.79215051860686,47967.43751095757,1.1178357548582554,77.51019842707228,0.5149437118756296,0.0
1822,2130.8082305813323,0.1244786570499361,0.0,235.09108001759824,544230.7422773903,115.07135447624484,47947.69022057541,1.1183480788992746,77.66322506290487,0.5150257563709966,0.0
1823,2168.2508190641483,0.10883149908071776,0.0,231.69213457519635,544522.5477323767,114.90275146897679,47927.37957625024,1.119488142654855,77.74217501966683,0.5151365854929905,0.0
1824,2163.8788459868974,0.10999016958696284,0.0,244.49736424024667,544828.3012997755,115.20971507045095,47907.0973840987,1.1234193655123068,76.53612953472825,0.5152588928808215,0.0
1825,2182.317973311293,0.10055429107976266,0.0,216.94694993711272,545106.4148464241,114.885561007995,47886.749029795836,1.1186172025866774,80.23884661124264,0.5151171085965449,0.0
1826,2133.9470594363956,0.12327649540895969,0.0,222.9697838642877,545391.0442383569,115.17756701425886,47866.560940882744,1.1212143343670193,77.87748780005646,0.5157750210562035,0.0
1827,2177.9723067912864,0.10323118394190745,0.0,216.63608004230747,545667.8314040859,114.94787682476432,47846.23619639802,1.1035046320892425,77.87308676249646,0.5158945916631005,0.0
1828,2136.5541641205455,0.12307515934127222,0.0,234.18958853705442,545963.4728707648,115.11772861014558,47825.95778953026,1.11503615629661,77.99634157643669,0.5160073451260841,0.0
1829,2138.0656770734677,0.12216447360663107,0.0,253.22992155759357,546276.8161619555,115.15857953357343,47578.42245930102,1.1169426301756022,78.07436652794865,0.5161409405905458,0.0
1830,2180.34104511787,0.1031591359301679,0.0,-212.52059830168037,546124.4577927397,115.02850423515594,48466.240301748556,1.1173215535547505,78.17681805071209,0.5162471950458152,0.0
1831,2174.5254556451623,0.10669844363800096,0.0,562.4688500492541,546748.3327880376,114.77551336647232,48445.430918164995,1.110020045373559,78.25480640305267,0.5163701613772953,0.0
1832,2168.8686643190103,0.10234526392504784,0.0,-3612.9420254848555,543196.493152858,115.04549039407462,48197.17498374427,1.1155369584794934,79.43879054599257,0.5165037589756587,0.0
1833,2174.8279188002616,0.09816649060327931,0.0,3232.5987751950306,546489.9733633173,113.93030617001115,48177.312940196985,1.1545493989401168,79.55070482628129,0.5168716477771039,0.0
1834,2200.0142125247035,0.07995815879917911,0.0,904.6415684504653,547455.6588192633,114.3014961428052,48156.6408626256,1.160276938682248,89.9584958953564,0.516372857990945,0.0
1835,2227.3866792023173,0.06792605795656725,0.0,340.16900708937084,547857.8005033917,114.45234544722597,48135.94110293604,1.1198619601999409,92.72465013420894,0.5191296759438156,2.25431020702635
1836,2233.275480810411,0.0658148192097705,0.0,178.35114205740655,548098.9450346461,114.52772138363358,48115.51848427344,1.112237784515199,92.87893002786684,0.5189187909453514,1.5623084736490682
1837,2252.3556471039064,0.056402836369656595,0.0,136.27235206438814,548298.2460837751,114.4196841931633,48095.75582073374,1.1192090416160176,92.2525930713944,0.5223940904290539,1.977506688059833
1838,2245.6932133549535,0.05840592990151705,0.0,129.96647769402443,548491.842602768,114.47053524996808,48083.957898598004,1.1117053701528934,91.99500111540128,0.5257971358642541,1.529816301526182
1839,2255.0318292866077,0.05090804102996571,0.0,118.62322494860598,548674.000611803,114.34666728097672,48048.39931504571,1.1199889360533395,90.70209016118676,0.5272886169722666,2.179832176377687
1840,2258.233545167946,0.05092628622927409,0.0,96.3873507376914,548835.1084052825,114.59205477281158,48033.41726992626,1.0841920661072133,92.05781122704502,0.528966222611385,1.2392741207017366
1841,2255.6920387424752,0.05742088943998136,0.0,132.33962648935915,549032.1547081672,114.5599158851265,48019.672517065155,1.0995264154002415,90.04851022482869,0.5285026703243945,0.5183347511737111
1842,2247.8467417209913,0.060088064198150826,0.0,133.10730489482046,549229.5784223848,114.48818123464113,48005.17302892445,1.1055855145531506,87.93669130122416,0.5308312779730773,0.0
1843,2251.676573856849,0.061790751218113615,0.0,135.30343489144775,549429.1161997857,114.35404659180455,48009.862319495725,1.1063884344552417,88.78795155612889,0.5310264899350847,0.0
1844,2260.7239073182973,0.05896174094907203,0.0,135.93118793262244,549629.3687278196,114.47817290818789,48001.16464930918,1.1088189035828397,88.20620514877808,0.5266862841174381,0.0
1845,2264.1059404927755,0.056185223875232726,0.0,130.07127724952454,549824.0598016041,114.38045478926645,47990.76378656946,1.112971210615761,87.51314614722408,0.5353618840542819,0.0
1846,2276.4073993860034,0.05244055306972162,0.0,120.31378610960257,550009.1420693113,114.39670524608566,47979.528974668036,1.110302070303213,87.5709045907472,0.5383374298892614,0.5304613637902378
1847,2280.713115488664,0.050133464177720355,0.0,123.78740102304249,550197.9959058398,114.5609560344325,47969.33734203944,1.1101491791319253,86.54510333198502,0.5354245264545504,0.0
1848,2282.1062878976336,0.05096723345230658,0.0,116.58901370829426,550379.8753605875,114.65033475024488,47956.98245821312,1.117407198133589,86.00833674676412,0.5463398137387863,0.0
1849,2292.6320879740165,0.049276355226915314,0.0,116.23414460473896,550561.3021421129,114.68575388394345,47939.55169768564,1.1094879089739091,85.53521536128342,0.5453522509263569,0.17710849974386633
1850,2298.092803523017,0.04785212765397073,0.0,114.1718882467876,550740.7095992888,114.53719556038848,47919.64030395284,1.1095318264943037,84.8040210219846,0.545792643827757,0.0
1851,2296.8986455472295,0.05277205435843657,0.0,107.80830250267815,550913.6476545744,114.28375879369011,47899.58968010381,1.1123913281615379,84.38249404981502,0.5412989053411187,0.697495575990331
1852,2295.891771780587,0.054776220307040546,0.0,121.14375028465389,551099.5300782847,114.2198625380909,47879.56342432561,1.1052745706614466,82.75741826390205,0.5404660518730734,0.0
1853,2274.519061050631,0.06107288406368583,0.0,124.3905582965549,551288.607921022,114.21841315404608,47859.632959948525,1.1057353034806148,82.4104637844691,0.5428117959402697,0.0
1854,2280.8128973794005,0.06152358673564662,0.0,129.00706621426383,551481.4965360328,114.34106435568101,47839.65240777938,1.1104904240721944,82.11795065712192,0.539113293261604,0.0
1855,2288.6928346972495,0.06140793267279476,0.0,-159.58343284726703,551385.8274618501,114.25858433823446,47819.70345681206,1.1034545264421523,82.55799454870208,0.5416889970461192,0.5571743380370435
1856,2297.7299864641773,0.05647552264480504,0.0,364.0721471981324,551813.8216050528,114.36761888409599,47799.723840775165,1.1028755526909075,81.5412093318844,0.5462236477267814,1.8497291603084989
1857,2299.4944077244186,0.05412393701357232,0.0,182.61367456190146,552060.5109345941,114.34705849394922,47779.89221616217,1.1025186175331891,81.94808374553082,0.5455827387795008,0.5082368345722159
1858,2295.3514402869546,0.05700684545322754,0.0,112.53021641409157,552237.2895813902,114.43506193045799,47759.963621535375,1.0992758381562244,81.84746887667788,0.5450279024148698,0.6767966599195177
1859,2298.500344454855,0.05882501326296097,0.0,139.42830320562746,552440.796988009,114.54804352197486,47512.216869274744,1.1067838371979821,81.60334294199005,0.5436813403649084,1.426593202937255
1860,2289.442123842326,0.06601176818952759,0.0,-322.12843233930704,552182.6801402873,114.75767860401241,47675.59048430591,1.1011197529466918,81.27902742583757,0.5439590568979745,0.9158515284135547
1861,2279.378656632759,0.07099361699629281,0.0,505.54089085130465,552751.9548614367,114.34370233584318,47655.62483619718,1.0941064026220968,82.32679423897012,0.5414877829282609,2.3838410754668473
1862,2291.903560907491,0.06319318664489171,0.0,235.4218775302637,553050.786118246,114.44306532906572,47635.636181106645,1.1031255275861698,81.9497277381016,0.5431022000431942,0.0
1863,2290.513928196319,0.06374659373437974,0.0,156.1680427033387,553270.5158394264,114.48404049098271,47615.66070994641,1.1008400268057257,81.22087034250228,0.5426454731875351,0.6619552179915615
1864,2275.3785387491585,0.06820380262392223,0.0,88.06059411699096,553422.1106275348,114.13792430174001,47452.20027931562,1.102246098729857,80.97280523736401,0.5411248275873276,0.0
1865,2275.2605069910355,0.06822622542521861,0.0,197.35870143735985,553682.8439983195,114.28739075623157,47432.382994721396,1.0980352912144427,81.47781664968443,0.5414918296942182,0.8937925329758514
1866,2277.2490550932434,0.0689269801842809,0.0,158.26329244827798,553904.3890568413,114.28847676334577,47412.54842996776,1.1018253500492705,81.34314431075629,0.5409231014582552,0.6523878316043579
1867,2280.6296441441364,0.06767050345653336,0.0,141.25958966634823,554108.915466572,114.05979677140881,47392.784299211686,1.1003653378338782,81.6661397844377,0.5405487430111721,0.0
1868,2261.089727869554,0.07932008388598322,0.0,161.76789557254028,554334.108946156,114.38857761149525,47324.90323915639,1.0975684683066054,80.85188627117842,0.5401457125710768,0.8825720918718787
1869,2257.7622450346043,0.08146104455273429,0.0,170.23704946950494,554567.2060390072,114.26917464225764,47305.13236775213,1.099015286232355,80.82032555964197,0.5396099702200139,0.6427696750317011
1870,2262.026371094442,0.07829476039241579,0.0,155.6129138217275,554785.6287630376,114.02748221616848,47285.305311188815,1.1083240846926032,80.14604498576723,0.53790418237876,0.8738066582429553
1871,2255.4593020723055,0.08499092611290948,0.0,183.65462135599728,555032.1570458615,114.2056032841688,47265.55842586386,1.0963223984724562,80.36443659187978,0.5385130669993871,0.8699409894715586
1872,2261.9737966054563,0.07941373203027291,0.0,175.5890927426903,555270.3009289514,114.07767410424263,47245.824789789585,1.0944101973412543,80.83087293995072,0.5379539869368216,0.8664105038428431
1873,2234.328674195106,0.09358161516878427,0.0,184.28715625563302,555517.3692282938,114.54097100660029,47226.103768527704,1.0983771103580175,79.33353067098535,0.5375224926235389,0.8619720302761209
1874,2253.876233216014,0.08406809098728918,0.0,180.53022242616714,555760.0469737233,114.20737361974876,47206.39217578803,1.0987060933837751,79.74529314202864,0.5367918925566404,0.858175078638368
1875,2232.6866221503606,0.09645970333799614,0.0,188.07500316317987,556010.6704292342,114.34498032164716,47186.668641740056,1.1006850168587452,79.01883090135118,0.53618584513912,0.8541753027767811
1876,2234.4934705427286,0.0965947452854149,0.0,192.79915839675863,556265.434282651,114.13697378261976,47166.969825223154,1.0961702909792945,79.03425165907123,0.5354545004742923,0.38367728877270224
1877,2257.976615428391,0.08112176754490541,0.0,177.74970119101664,556505.2328650269,114.00294390343164,47147.24654842499,1.098386278452818,82.69024978553918,0.5347515751173765,0.38171468763175653
1878,2225.8337755999496,0.09986870508568957,0.0,198.85169355515256,556766.7325853179,114.30059971326362,47127.572279689375,1.0957845518343716,79.08525131601158,0.5348662000091281,0.37990290666567716
1879,2248.6160928868753,0.08617492502501234,0.0,186.79419395871668,557015.3045484764,114.56053768557341,47107.92443913314,1.0935353032663653,80.50492881873873,0.5342033124161258,0.1603481609965911
1880,2217.7376375556255,0.1016155514849596,0.0,199.5056117317297,557277.3011728915,114.60258181611992,47088.288166476785,1.0954785940020837,79.19015942575021,0.5338720908088066,0.37311359821669043
1881,2251.558905457053,0.08292969249436932,0.0,182.5907393085219,557521.5792757961,114.42295228838586,47068.648723674065,1.0972081546781567,80.3549296352903,0.533281215231162,0.3709283655413458
1882,2224.915180875514,0.102553339219973,0.0,-129.27792944574145,557454.8756339562,114.23288982835898,47049.03604250364,1.090101987659843,78.39579638901259,0.5329691479419993,0.1513457721152065
1883,2231.468668494844,0.10011530457455176,0.0,449.5368954304202,557966.3287696167,113.68609289193887,47029.44613922781,1.1006432883263506,79.12256152223242,0.5322355406938667,0.8783268271225779
1884,2199.3157325944135,0.11545211871812289,0.0,289.26078230992414,558317.8054337383,114.24251692114912,47009.86725941359,1.099634386624421,79.3432600538491,0.5317120313347163,0.36669940348437535
1885,2201.992844196872,0.11255597801572204,0.0,257.21583378194737,558636.52254379,114.59640891194812,46990.29950580091,1.100097532036161,79.52230231915475,0.5312494690716586,0.0
1886,2216.390440249457,0.10094623533245739,0.0,215.57965298156654,558913.6538374681,114.22896262520796,46970.782934580464,1.102614593251056,80.87979564125519,0.5308394540508473,0.3630605479231974
1887,2221.9079704322608,0.10423661984921051,0.0,222.98596383179722,559198.610585919,114.18666265665708,46951.176721563854,1.1050992958417434,79.67006691784377,0.5307493642687239,0.0
1888,2218.432942922247,0.10098334484893667,0.0,198.84217933394444,559459.6814953675,114.31774928349687,46931.641022089396,1.0951447804055152,80.87940461420536,0.5303959476937452,0.3604919695818296
1889,2202.954132787304,0.11105712691270964,0.0,230.98283149106658,559752.6387262992,114.08860433082845,46912.15642428075,1.0983020240097612,79.6371154113055,0.5303403282276296,0.3585525582652451
1890,2217.8028387924146,0.10096882522364992,0.0,210.46162838659046,560024.5514894049,114.30000896588633,46892.70973729099,1.1034372155070868,80.79947620551792,0.5299965274777256,0.35643739369822924
1891,2212.781070674314,0.10378034905339639,0.0,223.06715959483085,560309.6773072212,114.29201587716834,46873.20715216409,1.103804526656548,80.04784313423178,0.5299186373803129,0.35468508429983103
1892,2195.9910123893806,0.11350882075352031,0.0,213.36408227029858,560584.9625069979,114.43012716904377,46853.75846527604,1.1069145336604818,78.7111928027436,0.5296836697259554,0.6904169584329622
1893,2185.648423506013,0.11304955261439908,0.0,29.220091749172298,560675.6427979913,114.10863548359947,46834.29984768141,1.1038510650811824,78.86472012675804,0.529182587449851,0.3510731757998826
1894,2172.2271316503757,0.12176691967245679,0.0,393.7122290127406,561130.6459896365,114.02911819180925,46800.297557761,1.1032693801153188,78.29535238191157,0.5287187367728032,0.0
1895,2193.9169916281908,0.11003217410120913,0.0,283.2225422073569,561474.9261890051,113.91266448799328,46780.86091995105,1.1064224559671847,78.95685375401447,0.5281477765012319,0.0
1896,2220.3762330460863,0.09233038239085056,0.0,208.31806252099113,561744.8177880603,113.9151887822254,46761.445839629945,1.1100043346225599,81.39326365312421,0.526079721640693,0.345308133467654
1897,2206.030755534001,0.10665935621703426,0.0,225.6472625828415,562032.8413702046,114.28347013689026,46742.02192974487,1.1096343972589076,80.22197145672317,0.5279797994733407,0.0
1898,2221.617900058601,0.09553551771575697,0.0,199.726631538162,562294.4903714941,113.6039256971776,46551.427568827516,1.1037968081063538,81.41034510415412,0.5249796337607215,0.0
1899,2208.8131281781343,0.10553990186708384,0.0,216.13185017891914,562572.9433178979,113.34526751747494,46532.126699617496,1.1078561457563156,80.17250033305284,0.5281285872566877,0.34069749585449927
1900,2240.4366758476854,0.08698090745796017,0.0,194.74223664803662,562829.6943710375,112.97129844233753,46512.856458441565,1.1103321933148669,81.3290798752885,0.5279847749285631,0.0
1901,2203.906843353702,0.10924170155046942,0.0,210.34266760504516,563102.9250596373,113.16354547963407,46493.58669242527,1.1092197430497759,80.09026843526377,0.5280873397018524,0.33662863679793986
1902,2200.427431181148,0.11115024021414144,0.0,216.8107589801583,563381.5544936935,113.2002540452674,46474.340030358995,1.1045789499262901,79.95960470524682,0.5279277960465585,0.0
1903,2209.259837473679,0.10467204541779329,0.0,226.26945186368624,563669.5399588293,113.0527686473862,46455.1029651756,1.1062248589290886,80.27192637427024,0.5277400544637412,0.0
1904,2233.8402869647994,0.09106079971690317,0.0,209.06788194434534,563940.460716628,113.18986331982687,46435.87042834847,1.1072523101942575,81.09167983044114,0.5276285779175467,0.0
1905,2200.5195477669795,0.11278772927241731,0.0,200.70331414450482,564203.7126555685,113.21945811025569,46416.661762674856,1.1138003028889434,79.81962578873151,0.5276981140186653,0.0
1906,2199.028231545129,0.11515582506560373,0.0,222.9591298756713,564489.3767552697,112.96673788118778,46397.44387547006,1.1183592289968356,79.71435033532045,0.5274918903439232,0.0
1907,2191.64857564942,0.11842366502627721,0.0,232.98145903356442,564785.1952852767,113.08595396614376,46378.2183929257,1.116008336463224,79.54240165339269,0.5272735033574598,0.3275483377036039
1908,2192.199687133381,0.11899589872001892,0.0,235.91323484736472,565083.5956722168,113.01213351830013,46359.014314347565,1.117159037299644,79.53817202529916,0.5270372924038655,0.3255690769919397
1909,2225.040878959135,0.10127411851685741,0.0,234.94523776678142,565381.005228219,113.1377622907441,46339.880928480045,1.1167897551981447,80.88557743958765,0.5268119879499354,0.3242725799041466
1910,2196.8727561488968,0.12023980083735386,0.0,236.20203988368627,565680.5629111807,113.14263810859329,46320.80986718996,1.1171856985860318,79.76956433384045,0.5268863107520848,0.0
1911,2218.612309504591,0.10518824574689645,0.0,235.43163665411845,565978.5250410486,113.16676492276264,46301.7490241745,1.118205646131753,80.07957297241407,0.5267101059254556,0.0
1912,2182.627890271408,0.1262317550715124,0.0,237.95039147046037,566279.5705926545,113.21841158611889,46282.6646500949,1.1104057575564985,78.96673267934422,0.5266091114948486,0.31901046054071003
1913,2230.83375539984,0.10179527036762692,0.0,241.44576855060717,566583.12083112,113.00017542245008,46263.68544719007,1.1162983992667477,81.29428265068503,0.526282830470313,0.18884023879283518
1914,2201.1447773306163,0.12082659525689765,0.0,239.51157574294007,566885.8825556058,112.87374271341622,46244.67000732208,1.1145851561680948,79.11323871406447,0.5264678858708652,0.0
1915,2235.1757628116784,0.10072463493924644,0.0,218.073567077676,567166.3310635563,112.79673245781171,46225.64456025121,1.114828166477436,81.4679189023746,0.5261722386704905,0.0
1916,2196.367963141393,0.11188292412250289,0.0,233.50223356750968,567463.1066829789,112.9391598915929,46206.64916567218,1.1154692909881052,79.32952449646444,0.5263953931201584,0.31392293063183274
1917,2236.447889724014,0.09742264463755512,0.0,216.6497297883859,567741.9093940521,113.37833779350566,46187.60443582435,1.1162792087846236,80.6273515243487,0.5261573317607068,0.0
1918,2206.5578726147637,0.11675399442988377,0.0,239.3564357966609,568044.4956775226,113.53146464353664,46168.653045331164,1.1139096659284038,80.52037845205138,0.5262013202972765,0.31046459342928756
1919,2238.953248918565,0.09774939046769904,0.0,223.20216640845933,568329.9963691663,113.32192730667623,46149.57300290281,1.1138951975468716,81.71151879922232,0.5262277681601609,0.0
1920,2237.3451309994343,0.09832151904530706,0.0,-206.19744949944334,568187.0653776771,113.24861209270888,46449.411005012764,1.1172846610100424,81.72478456273568,0.526487699973171,0.30666925117233745
1921,2173.2754308514463,0.1324030961940751,0.0,546.7427644075896,568796.729736641,113.25045416733055,46430.177072623745,1.1126296154800777,79.18457518607323,0.5267448371970103,0.3051127353830623
1922,2207.160837141506,0.10983097807266984,0.0,329.8591617980034,569187.2964220353,113.33084538787516,46410.946415833285,1.1152839852464125,80.5880942676977,0.5264453299946399,0.0
1923,2224.096734163412,0.0974021238219216,0.0,238.8362633819048,569487.8561543397,113.45632382478153,46391.67419838167,1.1151426305400358,80.59442656001387,0.5252010580247761,0.30170940456631
1924,2216.6729547684918,0.10112388133998695,0.0,207.36170856348258,569757.4314238006,113.4719978426642,46372.41189239169,1.117324710967475,81.79781432937423,0.5195506009517709,0.0
1925,2216.612367171425,0.10085074624483137,0.0,212.1116340479358,570031.6023694411,113.47400935384543,46353.21033932134,1.113404568185418,81.7591056604036,0.5271452151524157,0.2991605953506564
1926,2228.349271350569,0.09358166138265012,0.0,213.31004919430654,570306.9149810778,113.34445079866532,46334.01846446583,1.1148133910631661,81.76833477526951,0.5273764054903707,0.2975741161494625
1927,2237.3222476030624,0.08973778036695812,0.0,188.25403782446404,570557.456183643,113.1722758887205,46314.83627789401,1.1161407086666724,81.77421990412041,0.5275978246151477,0.0
1928,2236.454305619665,0.09093048988210128,0.0,196.18012854796035,570816.1329464149,113.34298316417942,46295.61321576251,1.1163091026447263,81.78230154168463,0.5278145088390451,0.2943876696570271
1929,2235.42535001453,0.09266667365472658,0.0,188.44190715718474,571067.0292873434,113.29127088174116,46276.45066062777,1.1138461557963633,81.65447185943404,0.5280291430725111,0.2925554795893106
1930,2234.390189541345,0.09366126533592178,0.0,198.35415977295884,571327.8098600301,113.37149104027354,46257.29803029926,1.1119284466595745,81.53574985193161,0.5282054918703041,0.2908912340710401
1931,2233.9508662604626,0.09456714735985539,0.0,204.2555003987457,571594.4184480967,113.27212666957149,46238.154981594664,1.1082910571190485,81.5295770357853,0.5283474352844648,0.0
1932,2232.8664268764296,0.09499725296227779,0.0,191.82013185193773,571848.5769823788,113.18774953281968,46219.02478014426,1.109212325635251,81.52013670980017,0.528473735898,0.287487336821755
1933,2232.0703145930847,0.09611181795186119,0.0,202.4302122789985,572113.2563264747,113.62517522714604,46199.90809023212,1.1094133862270052,81.50298274446807,0.5285986125496278,0.28629598668808853
1934,2231.2662136758922,0.09656178084769063,0.0,203.367413658513,572378.8590708562,113.55763887873793,46180.75016346274,1.115517253248261,81.49384093596952,0.5287134188357558,0.28449760955220427
1935,2230.694807346654,0.09697683892249609,0.0,200.5583013200776,572641.6263767899,113.5438915519501,46161.60852670883,1.1141262563257348,81.48116865754787,0.5288203602517372,0.2828897386384881
1936,2229.9889309984296,0.09668747921889631,0.0,203.3085927561828,572907.1506351462,113.88876406817063,46142.52108320746,1.1097779655487459,81.4829194351692,0.5289190806594314,0.1669869929945662
1937,2230.4412079960043,0.09661040482091221,0.0,205.76884225690128,573175.1267447178,113.59080163194844,46123.487935503064,1.1111722319903186,81.47032851743539,0.5290102915275808,0.16596658847097956
1938,2230.555804433278,0.09664984954539613,0.0,191.0083656660555,573428.3608449199,113.38118267817896,46104.36931815634,1.1128084805987606,81.50431050471899,0.5290941124907335,0.2797131659748402
1939,2230.243375053454,0.09737613104751863,0.0,204.96066299010067,573695.8366107,113.37104746930764,46085.311693723794,1.1137463207113456,81.51578675736329,0.5291836807174952,0.0
1940,2231.4972777010944,0.09667427730393818,0.0,210.9165005010326,573969.2291674034,113.41690623160363,46066.2130765058,1.114773927773795,81.61970397210676,0.529264281996587,0.27685549046086066
1941,2231.639848260678,0.09667024399054813,0.0,197.14605408610612,574228.8443544076,113.25803282719141,46047.13024011332,1.112436144719638,81.65826691701943,0.5293697482277682,0.16215394318618337
1942,2232.468506683664,0.09560687002389523,0.0,206.90183069556258,574498.3218073285,113.67989704582367,46028.101974727055,1.1154965898523896,81.66218797132127,0.5294752644958867,0.505690404398166
1943,2233.0142969440394,0.09534084847860758,0.0,203.5456523570657,574764.4530774307,113.67748303886881,46009.04004403573,1.112524734201784,81.66864734461784,0.5295845999242622,0.5030141945689195
1944,2233.199675618807,0.09599987024864143,0.0,205.4326670635279,575032.4682002263,113.64959059044206,45990.033821551,1.115409162338157,81.6673143660383,0.5296896301337133,0.15960017807464055
1945,2200.977298517504,0.11767018719191336,0.0,217.4895319761435,575312.5423779704,113.85167267123343,45970.98655617079,1.1154355912632208,80.38273249199305,0.529780591725903,0.15931764207411447
1946,2231.6460530604672,0.09730003045926738,0.0,222.7592180898319,575596.9836339682,113.70774495933681,45951.99913591254,1.115657624131519,81.60775736980406,0.5295919759564356,0.0
1947,2233.163121940219,0.09638218829608403,0.0,201.01675573341907,575860.5308622203,113.70365189807944,45933.02186759233,1.116322970942711,81.63066885314787,0.5296710567408599,0.4935551685846349
1948,2208.393475289669,0.11304581240613776,0.0,219.55186794782566,576142.6106971971,113.78267707840772,45914.05444578638,1.1101754210544759,80.6282772032601,0.5297630235400715,0.15636773364718692
1949,2232.589637103911,0.09697490164895473,0.0,215.52803258117757,576419.9702154701,113.66783454397623,45738.66776507046,1.1170950197919662,81.60022389672773,0.5296275067184048,0.15539189441795997
1950,2233.3867498693435,0.09648543193830483,0.0,-612.8515509075031,575869.6217748178,113.63309508661007,45719.71977144594,1.1155574025920831,81.68360642791212,0.5296817470347535,0.15441976430309978
1951,2234.54292097555,0.09612930179966295,0.0,828.4168981435486,576760.4769515545,113.42639173643633,45700.737060782696,1.115581743205876,81.67059995296657,0.5297509917545903,0.15345132372615922
1952,2266.1044145502965,0.06910067864598035,0.0,335.69091457963555,577158.6659908643,113.43275476917849,45711.88871501865,1.1195061197067537,84.84996478934337,0.5298138562876836,0.32869523852994575
1953,2272.536678373115,0.0679823389171077,0.0,191.30075055604044,577414.4281899624,113.45950711342259,45703.28136996082,1.1128382289577257,84.30485680931397,0.5305581249955316,0.0
1954,2288.98352039433,0.06628234025688362,0.0,150.9077454746465,577629.8801606471,113.49370391779293,45684.32272120037,1.1141795863052042,84.25835716944376,0.5311400890351138,1.1167052764346863
1955,2288.1772401885814,0.06655960982942533,0.0,146.06734542269209,577839.8467411837,113.44533597583175,45665.424199687826,1.1128965038355247,84.17266978098604,0.5308821467592804,2.0366696477472885
1956,2278.135342296649,0.07167261868702879,0.0,-53.87493642690197,577849.8419287156,112.87349037856255,45646.5354203713,1.1164709746655357,83.9360089150686,0.5322962845122243,1.7571649079006022
1957,2287.225010243176,0.06933032973979547,0.0,314.97860025439905,578228.5090335221,112.71699992810336,45627.60568202839,1.1120792800632366,83.75747058065728,0.532741499438277,1.4228448405219751
1958,2294.3668229709237,0.06450242256837269,0.0,183.81761609410296,578476.2077203627,112.67968028085957,45608.73675471059,1.1127173948848081,84.12822009745292,0.533117635399231,1.4162833265509676
1959,2294.9145024330546,0.06501309647247622,0.0,155.5202374325371,578695.8140345268,112.76033207375012,45589.82687685538,1.1098637607860709,84.081862897982,0.5335537376741899,1.4104408464299922
1960,2290.747800776837,0.0679921296738365,0.0,145.30188341060455,578905.1922925834,112.80824542663542,45570.926568623,1.1164435830941046,83.9492214396501,0.5339575325735467,1.0882547936894866
1961,2287.1649305743144,0.07064186246166282,0.0,154.6510283821238,579123.7277928186,112.85046541177763,45551.9913627107,1.1165659599551834,83.82916215406135,0.5343044609037682,1.3989833809430365
1962,2283.666785627707,0.07351360858730382,0.0,149.95932527144765,579337.4463563153,112.82165910193727,45533.15454337752,1.1092149829273856,83.6892943687952,0.5346155405894021,1.2457195113321404
1963,2277.5076601091773,0.06837763039158329,0.0,156.71542607740457,579557.8178209811,112.81203849332294,45525.78187793118,1.1134421501174856,83.45739213604685,0.5348769911149736,1.3875235220492073
1964,2276.943779863585,0.07880185556002783,0.0,150.93255204373543,579772.2030539883,112.85218868402235,45507.289250574264,1.1156034963408956,83.257766438984,0.5350788247343334,1.3811074776409384
1965,2273.4724887313664,0.08172403060561217,0.0,176.14823147916007,580011.7875915971,112.82142568581337,45488.564327386935,1.1077091124357115,83.03370711161402,0.5352273239036069,1.3752538009108264
1966,2270.8149404242686,0.08344054109353127,0.0,161.54577190084888,580236.675173889,112.74958305978471,45469.77247999915,1.1163639336285647,82.90738643059004,0.5353199608426904,1.3688860250549624
1967,2267.8195107199112,0.08581992009116801,0.0,187.3449088338258,580487.2735773951,112.83339030788147,45450.86181231309,1.1085920233302118,82.76884718709748,0.5353804548356147,1.3625424466399068
1968,2266.9541233276977,0.08648325902901988,0.0,178.3286556426258,580728.7761106859,112.68697759658853,45431.72796745029,1.1082227505569702,82.74280107843572,0.5354078124272014,1.3564867955353748
1969,2266.3847670416058,0.08678709261170947,0.0,189.33992888843278,580981.2400619034,112.44875725299896,45412.60588176446,1.1138844171549378,82.64974906308986,0.5354277855747889,1.3501911442493224
1970,2264.8218782104627,0.0879704160873086,0.0,180.86666223716702,581225.2019987219,112.33899530450165,45393.494240193846,1.1121366953916527,82.54101060895317,0.5354264025308535,1.3442867647744663
1971,2263.4786980233366,0.08859862533912133,0.0,171.31809730494376,581459.4914780256,112.28616540387965,45374.344130817604,1.1096636520315701,82.46541111567981,0.5354013941079123,0.0
1972,2263.3517186699414,0.08903291787051504,0.0,190.82232714822095,581713.1827316371,112.3356947876602,45355.205739490215,1.1064746038197424,82.50541378453735,0.5353283989547549,0.0
1973,2263.973937453516,0.08874355380457322,0.0,190.22800039355815,581966.2414771665,112.12766830321196,45336.07815539137,1.1121799235789251,82.5456270319351,0.5352674779430433,1.3266778419921934
1974,2263.414150073299,0.08916929996070133,0.0,192.91674573662965,582221.968404553,112.17399344208881,45316.961549781416,1.110829290363353,82.53348428325938,0.535262913089089,0.0
1975,2262.8148445795773,0.08934032409035353,0.0,182.0993485930913,582466.8272030579,112.08591781563649,45297.855819520206,1.1090144932930028,82.5258984796683,0.5352233463930528,1.3146943263331536
1976,2262.1257432775565,0.08976265999127253,0.0,188.0067685249586,582717.5671033575,111.99152979709109,45278.76170590097,1.1076498234977465,82.47878669300572,0.5352160570922189,1.3088316571458165
1977,2262.505967219826,0.08955965131388266,0.0,181.26477919600944,582961.5454169984,111.85139758813025,45259.63411989197,1.1110276232274683,82.48227131681679,0.5351986409149334,1.3035379038127246
1978,2261.082442090996,0.0924521086230925,0.0,185.1005810153136,583209.3065635252,111.8312963382148,45240.60637363187,1.1025525510304277,82.44685966318994,0.5351824516210925,1.1624826570943014
1979,2262.5932093708657,0.09098886663652173,0.0,196.0967512398812,583468.0267917636,111.79868410221293,45221.54525175934,1.106274764836285,82.39007994842328,0.5351557937251822,1.2934358013627616
1980,2263.0408813560684,0.09087230284136238,0.0,-174.06576708342692,583356.6012836564,111.87946018917759,45202.49497403735,1.1088679431439887,82.46973832540533,0.5350963035466554,1.2877512656145598
1981,2263.21780312115,0.09080827611654485,0.0,412.0274512720693,583831.195407542,111.25309445187072,45068.983202854295,1.1034957725219876,82.48957680264732,0.5350564589850639,1.281732911689204
1982,2285.056538444392,0.07651543615309253,0.0,290.43387127956817,584184.17082241,111.47918431562624,45050.0199082829,1.0863037508536002,83.44272464575828,0.535009978916474,0.0
1983,2288.5532820524027,0.07439169401278789,0.0,188.26063071298256,584435.5505456983,111.48802785569062,45031.06592097959,1.1082220944006707,83.89071880883965,0.5351382936228418,1.2697647270968844
1984,2286.591061887025,0.0754216961373455,0.0,127.95923834239778,584626.9136018214,111.28230789269686,44908.16930022799,1.1037423538548559,84.2431869667265,0.5353868284199995,1.2639111154254863
1985,2290.2680966369185,0.08125500108755113,0.0,192.556506637459,584882.8399482619,110.97732192340386,44907.73442836463,1.1107025869471432,83.16093174213651,0.5356853727961092,1.2580800972978352
1986,2296.8224171985976,0.07525416007823815,0.0,178.56477413865537,585124.7789667,111.21380271358444,44899.77904311545,1.1074915259954425,83.94444864361093,0.5338694696625473,1.121894289953616
1987,2297.9875937798665,0.07502920614381225,0.0,164.91682291113034,585353.3087128876,111.14914827087009,44884.344317207426,1.1133067901731928,83.42019435860111,0.5346512238623484,1.2471567701558115
1988,2302.253971625291,0.07297140677629654,0.0,103.90037389850812,585520.7836508463,110.84037574802902,44751.78177049834,1.111035898645732,83.26479584547285,0.5359285141142585,1.2419484391115247
1989,2303.995590253027,0.07312997551335365,0.0,200.53745265764024,585784.9709519839,110.77363157451445,44733.01657635347,1.1066321928365856,83.22050326037186,0.5362486935172386,1.2362082687389204
1990,2288.243962584158,0.07976216993432605,0.0,169.43909848254344,586018.0428559874,110.83371570376487,44714.26282371451,1.1062844970267298,83.30084761791846,0.5362705088151339,1.2305351801919358
1991,2282.9382951674584,0.08174407242961501,0.0,166.91520058545046,586248.1383149714,110.80064418042639,44695.56434124346,1.1181387432822996,83.27943540883331,0.5363080069285342,1.225126058173032
1992,2279.4644921720205,0.08432404802028082,0.0,162.8890052933093,586474.0532572342,110.71429947417158,44676.78786236859,1.108957304986194,83.14130362396293,0.536338628435639,1.6449204125738106
1993,2278.6752501227825,0.08554413531208427,0.0,181.78374409215644,586718.7734853555,110.69602777539319,44658.06728588049,1.1040232130002894,83.13812180056777,0.5363481144791169,1.2136015403632996
1994,2278.9027588582903,0.08489486675477109,0.0,180.60258687859232,586962.2715695876,110.70560668255983,44639.3573665279,1.108021497361912,83.0689932439374,0.5363456155492705,1.513033913930201
1995,2277.5940281702046,0.086480442888757,0.0,177.8206533949309,587203.3453843684,110.70772819362392,44620.658547706626,1.1108767903082517,83.00618240175811,0.5363354844028176,1.2034575505176406
1996,2277.7475266410775,0.08828592066019836,0.0,181.7852264432758,587448.1986473082,110.59328330573993,44601.97115162736,1.1133149895950591,82.90707932842308,0.5363045792791917,1.1980644040981474
1997,2245.644083844197,0.11244995402913682,0.0,193.9825521633548,587705.1649588145,110.79245234393036,44583.294474379174,1.1134326178822624,81.66611855367404,0.536253627688039,0.0
1998,2272.0450120887676,0.09424314778995624,0.0,219.08608206343155,587986.3598519256,110.93645828795252,44564.629618371066,1.1106492246394086,83.00703457766353,0.535910193956188,1.1875632805628413
1999,2247.280634291873,0.11192668531930539,0.0,224.14005091053986,588273.295360828,111.11418788160933,44545.97450985128,1.1094077999754406,81.92556639465384,0.5358998402770546,1.182421085423215
2000,2279.2286811203794,0.08999064210859853,0.0,216.31349375185113,588551.7230308984,110.9074259384534,44527.375153142646,1.108090558954914,83.2048906175952,0.5356581964952372,1.1768189344385576
2001,2272.449918826688,0.09322492612300948,0.0,190.0699909444325,588804.6927487042,110.73931745755227,44508.69719752421,1.112310754455888,83.29725380640743,0.5357021260135381,3.211323922777723
2002,2270.8846442104546,0.09385715509999815,0.0,205.4578494522845,589072.9242979219,110.86631603388453,44366.72971454883,1.106551764758943,83.73318312379737,0.5349627093047508,2.1999561924844215
2003,2261.3827190206903,0.1053535479533948,0.0,211.2207233882287,589346.9089611486,110.83124987456655,44348.20681246091,1.1063515451570642,82.30152130958166,0.5360664194242425,2.1909181725270344
2004,2286.234838814426,0.08875281860267259,0.0,194.81292125439165,589604.1060608114,110.72951461501916,44329.60664679617,1.1123349492785732,83.23209351570901,0.5359576553666856,2.259685250167962
2005,2251.8007412879647,0.11212606069759357,0.0,-26.23070639216553,589640.882859433,110.87134026423854,44311.06660207294,1.110690222072504,81.99556764356721,0.5360548621206794,2.2500438586102973
2006,2247.1019879549453,0.11354371240647498,0.0,414.89265392149633,590117.8264569119,110.63929115816231,44292.44840735464,1.097921167436292,81.97138070780693,0.535869495818881,2.6383314584210495
2007,2292.5009482143905,0.08610594294623997,0.0,251.30796427724562,590431.0480597097,111.06419312420255,44273.88581692987,1.1044279687408745,83.85264901532148,0.5356974373374778,2.1534243595066016
2008,2267.434682142776,0.10156093255417831,0.0,211.90790815688007,590706.0775341431,111.08539673838357,44255.33406444144,1.1095268031381094,82.80664431737091,0.5359244556005462,2.144133567124811
2009,2284.0288680422423,0.09211112551929057,0.0,201.27880785506716,590969.7960677482,111.01616614267901,44236.83299351251,1.105897662576062,83.98901713985873,0.5359156345343803,2.134445633347241
2010,2290.12858281224,0.08554505337435048,0.0,-143.09592908176057,590889.5919608447,111.14134820308513,44218.29978269933,1.110240814818084,83.95950789894925,0.5361347609673753,2.6022469597921827
2011,2266.9646807682357,0.10267851296004449,0.0,454.4530555099775,591407.1036762884,111.03920256509261,44199.781129984745,1.099994368080301,82.59135150204699,0.5363476120804346,2.5842909793639706
2012,2291.9561680057955,0.08791758521986515,0.0,262.4954805919844,591732.6694695038,110.9360729872451,44181.27255399055,1.1148362210805782,83.82978956939553,0.5362561442811568,0.993477018910994
2013,2278.580580767842,0.09599229321185587,0.0,207.0977182335015,592003.4751464758,110.95186898764366,44162.73022070773,1.1193750493968213,83.49185862518534,0.5363951483180031,1.502776844253873
2014,2283.1412119421143,0.09538229903747408,0.0,177.45084289919038,592244.3457158603,111.09883343222502,44144.28345404348,1.1040926458189517,83.37015094610526,0.5364670184456073,1.2686815429661635
2015,2298.826645485026,0.08523126456865038,0.0,213.0602771566522,592520.8233459123,110.92617699593494,44125.80226680835,1.1144170523624894,84.6646668217235,0.5359865685473636,0.9821833394682074
2016,2298.5597242453564,0.08693765620571647,0.0,155.90555364302696,592740.7756393765,110.8738826454291,44107.33216286598,1.088006315533104,84.78573522680243,0.5368332417984137,0.9783828855464947
2017,2296.5125882022626,0.09316124221985433,0.0,215.87705139273106,593020.5312755057,111.10979959381643,44088.8737658315,1.1085680418397832,83.82588800811064,0.5371463675028907,0.9734992881636231
2018,2296.2931922451126,0.09411715057830372,0.0,200.78807762263682,593285.0270504903,111.05574318381875,44070.425508493696,1.1180122676628201,83.72208511140522,0.5372379385892813,0.9702385017249071
2019,2294.431542722187,0.09535187722074234,0.0,202.401403434933,593551.1351180883,110.9713814137505,44051.99264631964,1.1094618674379881,83.67497571085778,0.5373023564880043,0.9659078550459412
2020,2293.0863766541916,0.09621835013640523,0.0,158.58849177783713,593773.3785006779,110.82977027726979,44033.5666838781,1.1113556850086272,83.50908140903174,0.5373530961638392,0.9626516539637464
2021,2291.4065497603233,0.09746883129454931,0.0,245.15342492969,594082.118135188,110.70924660011244,44015.15086708595,1.1110674316026086,83.476684029507,0.5373529703584792,0.9588496499962389
2022,2283.1509844564966,0.1047672143287045,0.0,216.14429217790916,594361.7733970024,110.86959513396035,43996.74596349788,1.1079802819038627,83.199857652217,0.5373455827550707,0.9553452506810345
2023,2284.6981733961843,0.10288165128307236,0.0,232.35247973984906,594657.3875474936,110.77738498534113,43978.35132085799,1.1133664739100537,83.31014539081514,0.5372790003405971,0.9516117911088884
2024,2291.5275686035047,0.0984790224182106,0.0,224.41824202715225,594945.069149936,110.72398841861016,43959.966926523826,1.113306002552271,83.61947794037667,0.5372390464288712,0.9475269814339526
2025,2280.2711658604603,0.10604950349826625,0.0,215.46830875320688,595223.9603548832,110.8565667105237,43941.5931215017,1.1116649379717003,83.21809434458186,0.5372669673737612,0.9443300389602882
2026,2277.465348492228,0.10788116927405678,0.0,221.51062995976957,595508.5556933669,110.76092740343198,43923.2299350797,1.112644535816924,83.08481323083971,0.5372072707209427,0.9410389436494313
2027,2275.259371167673,0.1095243067313425,0.0,224.94235020735834,595796.4656495731,110.6845761312009,43904.87771088793,1.1076799688418826,83.01215623252511,0.5371217473980537,0.9365448257720175
2028,2274.6105260157055,0.10944503465503908,0.0,229.1587225668901,596088.506730352,110.54676759706975,43886.536666711654,1.1088383830959754,83.00960792624909,0.5370246464171473,0.9323990806402378
2029,2267.5399776749427,0.11454923021588592,0.0,244.9314395150875,596396.2826253301,110.84520857106553,43868.2062431025,1.112356799150247,80.20475105254008,0.5369440495906169,0.9286916986112601
2030,2255.355059082415,0.12345124180457834,0.0,232.76085222069872,596691.6906194264,110.73219181217354,43849.88237104622,1.113686806674696,80.11347773596684,0.5362669627664086,0.9257503961394491
2031,2225.967515319111,0.14187928533910488,0.0,263.3558612607166,597017.4165162055,110.66023385364662,43831.50048714166,1.1190764572632075,80.09976163763022,0.5356041963303604,0.9217273409885252
2032,2231.7555856970694,0.13875301982341526,0.0,281.84117181338297,597360.886780786,110.7429213037944,43813.225227137176,1.1082165176689482,80.07659283999851,0.534971613570246,0.9183321352568896
2033,2235.5005662653575,0.1359490518359292,0.0,281.72773232721084,597704.3961012261,110.69775183500808,43794.915536866305,1.1110574024274917,80.23254580928213,0.5343656990952156,0.915094492564748
2034,2272.363384079814,0.11313408361951227,0.0,257.84403650778876,598024.0751766217,110.65460581520304,43776.610281235575,1.110948827124979,81.64084322472138,0.5338234574444622,0.9114540254302597
2035,2218.8740214367167,0.1401567203514844,0.0,271.43848990667044,598358.3266554025,110.8233009772168,43758.324244653064,1.1172548935086528,80.68278372207138,0.5336096815417035,0.907524964621814
2036,2211.399055851092,0.1453103986032851,0.0,284.0062113837079,598703.7490433928,110.7288694746664,43740.05507098258,1.1150652602337014,78.92922376387754,0.5332014112340099,0.9038010827033531
2037,2219.803584247881,0.14597009604035782,0.0,299.09849942231614,599064.1008680401,110.74313775758667,43721.80469709747,1.1149636526488325,79.0894485766616,0.532438229401787,0.9007496220354483
2038,2192.489089491481,0.1560876905230748,0.0,299.9928954775602,599425.5759483404,110.96283690391427,43703.56896322762,1.1204103396579694,79.26481930682536,0.5317476101471678,0.8968458686460679
2039,2208.415184688182,0.14791710597294072,0.0,305.17219944743766,599791.5690620852,110.80956941110925,43662.92061225231,1.1183774523059238,79.41023966876259,0.5311291304219108,0.8937207460417937
2040,2188.525789574146,0.1543968201497291,0.0,305.86667184062463,600158.6808222744,111.00181656102068,43644.71754105637,1.120597180465617,79.64144949480733,0.5305478096713294,0.8903735504105441
2041,2224.8755226634394,0.13968766219637208,0.0,302.77806666065044,600522.1828150995,110.73375688658483,43626.52367288865,1.1148839135546142,79.78351367027159,0.5300451070269636,0.8870390741226686
2042,2219.795014796165,0.1405377030379772,0.0,293.4955330539079,600877.309451552,110.834054876643,43608.34093174454,1.1172920854174948,80.03785763718543,0.5295979929900826,0.8838613365371373
2043,2224.44749138573,0.13636558690682488,0.0,-1309.4718156159943,599629.3392276326,110.90310113886962,43366.84082961619,1.1208138090217732,80.15942915840654,0.5292277063421836,0.8804000967161585
2044,2223.2905774291116,0.13644858692491613,0.0,1506.1381628842744,601197.0680707899,110.71225609911195,43348.675890401835,1.1062782475841897,80.23399503828003,0.5288894784579683,0.8771035717007294
2045,2299.046499804964,0.08846346001291105,0.0,547.6390641195628,601806.2748369003,111.00616787840012,43330.520572124944,1.1003711176433497,84.36290986719747,0.5285841286082518,0.8738195734803469
2046,2296.7495900618414,0.08987307868127192,0.0,270.2252690095221,602140.1817004599,111.17573829940193,43312.36822222325,1.1183654269784717,85.34483502274648,0.529177634314473,1.049357649786856
2047,2295.248638494169,0.08967563918599875,0.0,201.95246040257842,602405.806078836,111.17248309632659,43294.22253226593,1.1213748705194448,85.12973477340444,0.5299555766931924,0.8672951291936215
2048,2299.150203555617,0.08955247104349195,0.0,189.95494397133768,602659.4142338551,111.12895562321378,43276.08486653466,1.1204359270640345,87.56481527746308,0.5306437420893664,0.8638163420078797
2049,2291.0741843831634,0.09196912011754443,0.0,199.3237665181187,602922.3022840914,111.15169198156958,43257.959853778055,1.1191137551869423,84.11801774210558,0.5318181508301059,0.7966854345987144
2050,2311.0302060833565,0.08845438200537814,0.0,197.3357016281875,603183.0322586312,111.1851606808393,43239.84848891065,1.1193197904039962,83.76509477131711,0.5321939951372794,0.8553064012164668
2051,2290.3309071054064,0.09325659235817207,0.0,202.45280366851637,603449.3273220006,111.2664683590726,43221.74771031808,1.119034638819298,83.83479862584542,0.5324766869639758,0.8531225782903107
2052,2286.4583774368753,0.10018503984059879,0.0,196.2565362741082,603708.9313766952,111.10527823068813,43203.673954958125,1.1141639028014805,83.22036187819755,0.5327598710542576,0.8511398622355841
2053,2276.701617931489,0.10107545192701217,0.0,212.75346276492087,603984.8995028149,111.21914693782948,43185.603115218495,1.1185363183601837,83.3166273295937,0.5328971166628441,0.8487704998667596
2054,2272.170022732669,0.10795197640184795,0.0,213.8698609375205,604261.7436584076,111.15039472986028,43167.53736765568,1.124199592748342,82.72191553849787,0.5330478593728016,0.845600405166806
2055,2266.9590650580612,0.11123964439069467,0.0,228.22437687607078,604552.9350495124,111.20789475827006,43149.485330642914,1.1205879714954845,82.52094657610519,0.5330635280680757,0.8933815782997101
2056,2260.8839527639097,0.11523635776737595,0.0,233.5943637732871,604849.3548891135,111.0661796786813,43131.443131273976,1.118813776015984,82.33611695055093,0.5330364363327366,0.8390518199343262
2057,2247.8150949276574,0.11891210648765771,0.0,244.94928019852068,605156.9777230229,111.05057574964691,43113.41314342914,1.1182814191863768,82.19866550426957,0.5329697000716702,0.8359143058166296
2058,2256.5520426014396,0.11880763253749027,0.0,243.90985840029686,605463.2357971779,111.11956458811129,43095.34654586568,1.11842414952021,82.07345102008125,0.532876711792795,0.8330207231511224
2059,2250.757489839747,0.12074434336427908,0.0,246.72649224322123,605772.7662670269,111.40539403525496,43077.37481305035,1.1181449247332547,81.9955299180514,0.5327614222005012,0.8296721787083357
2060,2245.936985455279,0.12195782149708945,0.0,247.0199124963927,606082.4217431888,111.25660373846362,43059.36885328978,1.1198176222047513,81.9741994652633,0.5326350682556853,0.8265703072273141
2061,2238.3498296437087,0.12437900461935125,0.0,263.0619295887217,606407.9644985801,111.45341515724824,43041.37697786595,1.1247812773623693,81.84284281730666,0.5325103273901383,0.8237122317564172
2062,2237.2589223040222,0.1257456003280948,0.0,251.03889152313627,606721.3007834143,111.32327431374149,43023.40080808837,1.117651620913626,81.68971694836746,0.5323635818772912,0.8206310684794289
2063,2242.6478024318576,0.12547141532166894,0.0,265.0541076668461,607048.6343423935,111.33274746728584,43005.43801649803,1.1227803455303336,81.66746416903884,0.5321912806299369,0.8173296047244207
2064,2241.500896213068,0.12569091861365278,0.0,257.5915150427073,607368.6401280153,111.23429163430772,42987.48315474246,1.1215628104799489,81.72074404581957,0.5320227175382587,0.8146507116154851
2065,2236.497510168181,0.12663168417966097,0.0,258.6804182823646,607689.6679973265,111.21292112233817,42969.53677029553,1.129038104064926,81.7308367379366,0.5318738873274379,0.8112267011181586
2066,2235.7173331046515,0.12732140359956923,0.0,-2915.1583441547746,604836.861610265,110.64740040134531,42723.65200699771,1.1201908957790345,81.64816314119474,0.5317345385601299,0.8084269313504819
2067,2236.3453610479737,0.1276537136646666,0.0,2698.469184991982,607597.6145906562,110.21952055355688,42705.732025874364,1.1212524058270583,81.7062014245272,0.5315718766844201,0.8053976143676209
2068,2325.3087971603222,0.07896094983606317,0.0,812.0340241104852,608471.9346039784,110.39129731445959,42687.85186720751,1.1442978197883409,89.63662448496838,0.5314296708248342,0.8021603277340432
2069,2314.377439634427,0.08044955140785048,0.0,325.03094081949104,608861.813741494,110.60334227797789,42669.68035759235,1.124753106514183,91.10816024689659,0.5320580732795376,0.7995390778776823
2070,2333.325010430715,0.07291157112480406,0.0,-739.253358936473,608187.2898258879,110.73670902597256,42897.59952641261,1.128770102889231,90.92862775895266,0.5336998575837739,0.7963982626396273
2071,2346.0022182178186,0.06715808745183294,2.6938058294596108e-08,893.4345298266211,609145.8864236561,110.38686622916416,42879.59404497435,1.126618085774287,90.43127090317432,0.5329329135956989,0.7934271824411496
2072,2357.487184516241,0.05980972672501106,3.901129281785012e-08,322.4747379593024,609533.8314152283,110.69181728629071,42861.60946474854,1.1217840113063196,92.20582400219594,0.5341975357165839,1.0070345158256089
2073,2363.5033814009657,0.05532702637926401,1.7295149122010358e-07,153.4018843903118,609753.0295735036,110.67517599664906,42843.63063448462,1.1249391584533173,92.1716162904958,0.5293174775385254,0.8920926130170415
2074,2361.1048180241078,0.056943098513024704,3.7425077893220213e-07,118.80188575043252,609937.8884801696,110.56323691320979,42825.88998210415,1.1282422347766465,91.23719399359166,0.52368952441369,0.7843893168906391
2075,2367.7788309637613,0.05539848909645262,5.806574981356522e-07,128.37887121176874,610132.3184926986,110.63820842184768,42808.57667483877,1.1265666141117188,90.56951624894435,0.5438316774707187,0.9577336463705706
2076,2373.451667110312,0.05478270710839972,7.803301470913572e-07,130.3027782670814,610328.824684031,110.72062465843408,42791.60204495638,1.123016794254594,89.85320849380612,0.5407186310462821,0.7789433676792044
2077,2371.2908913680753,0.057465900570714656,9.425828222744058e-07,133.29340553370383,610528.4508740329,110.91462652075147,42774.99612824101,1.130000204087507,89.29083345016245,0.5423143669601194,0.7760260882382681
2078,2379.6961979054354,0.055521755146067275,1.1295263008953721e-06,121.17504075007042,610715.9290788093,111.1596562529302,42757.90823403449,1.1310613362812691,88.6805247359632,0.5414624551579835,0.7731324223024956
2079,2381.1854813522136,0.056596324937321696,1.337235250991717e-06,122.70138422283338,610905.09555986,111.13767084585629,42741.16286897231,1.1259752407588335,88.28972551685396,0.5423348767978653,0.7700114534029296
2080,2375.8095385086776,0.06089995973362183,1.5448748062074876e-06,130.7075960038407,611102.2882512246,111.1727407780472,42723.87488873818,1.1309288736529748,87.61433898476731,0.5420269926140991,0.767368301576596
2081,2377.4348819486268,0.06270853849669866,1.6672659836771656e-06,137.73298083380553,611306.369614925,111.09602104271227,42706.73438964826,1.1239174949262776,87.31848209262184,0.5459295272186262,0.7645012452342712
2082,2378.740695196731,0.06362975822430861,1.7956881879969197e-06,140.52726082504142,611513.0763078514,111.32692290270609,42689.8901519586,1.1248992009228524,86.68860567824727,0.5505366708080004,0.7617891513985455
2083,2382.582485907797,0.06327111313901967,1.926347538803848e-06,145.46218458391843,611724.7008794978,111.49545136528543,42673.143037453985,1.1295285107147515,86.25244733701835,0.5505129177793556,0.7589420914210052
2084,2387.025324513895,0.06288620346300322,2.0607816658002955e-06,131.96562065268654,611922.8664952633,111.21306578708297,42656.18541026872,1.1343409586924378,85.85625177246494,0.5503964936509965,0.756105850271382
2085,2374.0103353578197,0.0721249805989882,2.2099767994784197e-06,147.1906273997813,612136.4065659787,111.06694270952157,42638.860145289065,1.1214904495326996,85.45919588222698,0.5502006268127535,0.7531300812982238
2086,2365.799823420033,0.07598550388750858,2.227171707653956e-06,163.87189304843537,612366.3207183975,111.16609780357635,42621.9946566461,1.1311979298898422,85.10001747813506,0.5499291405687571,0.7504674878812807
2087,2355.9259601424724,0.08198153478854897,2.2089911536812385e-06,169.18757047651428,612601.2089951318,111.21650325801416,42605.168492223755,1.1270251481231512,84.6950211589515,0.5495939679133973,0.7476634502251045
2088,2346.3471927013634,0.08789692063743859,2.134358621973087e-06,177.73827246328477,612844.381757475,111.12402653369834,42588.25310777846,1.1204196187919453,84.36468831550238,0.5491885196395576,0.7448700679120464
2089,2337.9408910704115,0.09266735017202876,2.0011662707666875e-06,191.36692265243306,613100.9413536415,111.14233580917661,42570.9663214251,1.1211543156832127,84.07847368010263,0.5487323267948555,0.7420873004517432
2090,2330.6236866772865,0.09598489836669322,1.8213980230930853e-06,202.0360194245846,613367.9190727153,111.14123716246212,42554.01739107828,1.1190995877433083,83.87200942807571,0.5482374001092836,0.7389390309168675
2091,2324.216088844279,0.09864317825189628,1.5766382438167037e-06,205.97350603047812,613638.4872618705,111.56875482847254,42537.02493469603,1.1236784101769581,83.61333165065051,0.5477227616374227,0.735803611099783
2092,2317.722372250003,0.10145844342743893,1.3077167151667172e-06,170.38018995972857,613873.3182481828,111.72654751464253,42519.8842891457,1.1047771187497697,83.44959045613159,0.5471782438757117,0.733811694637069
2093,2313.2855375177987,0.10779296944641192,9.757534699084735e-07,217.09997258085252,614154.5976823701,111.6047577291719,42502.82138247357,1.0967925934500762,83.36486025215959,0.5466257100842876,0.7309206434553062
2094,2277.6472260345945,0.13159597454451255,5.638642700806557e-07,254.1941107129643,614472.8006821659,112.28509618086164,42486.208478419154,1.1108154543063689,80.2710714938695,0.5460824634348739,0.7281921403622675
2095,2302.1809679448775,0.11405750340513432,0.0,271.7099529922809,614807.4976980777,112.04948258013584,42468.84571126694,1.103663888831954,83.55016285408777,0.5449041155933192,0.7252482345299427
2096,2302.2045427696253,0.11328282693507696,0.0,240.96775044052572,615112.128007091,112.02443429184457,42451.759845568944,1.1164227646991611,83.61964521380746,0.5444864972480062,0.7229192506277968
2097,2306.3787572700485,0.10885580372825021,0.0,245.04862372836584,615420.8555321253,112.12626480297065,42434.44358672311,1.109841251848924,83.56367355506309,0.5441044272060857,0.7200695907332602
2098,2306.1254302733387,0.1089097092856276,0.0,228.74419688353663,615713.3606963685,111.89341789222729,42417.38871513432,1.1104567414520696,79.75221633943022,0.5437292625738562,0.7170242591188583
2099,2262.5173738010776,0.13926243746160172,0.0,238.58616755836823,616015.6199605257,111.94334816936156,42400.38585671542,1.1090659382757413,79.68065934495569,0.5425569878360871,0.7147116969762806
2100,2275.6168477096767,0.12988647420787314,0.0,-625.9083260005254,615452.1977683194,112.46616113528749,42382.64396334956,1.110393876865192,79.7206681747325,0.5414156848048515,0.7116745852594875
2101,2289.7122791955335,0.11894639096470394,0.0,962.850329850259,616477.8745909596,112.1546133462236,42334.15218462674,1.079937157186831,79.82067144648438,0.5403401570316654,0.708804110012835
2102,2309.131138236523,0.10638155016478934,0.0,412.5928168429588,616953.6661024046,112.19625910747781,42316.969136141204,1.1017308678923747,82.27889663116346,0.539339954304715,0.7067403126175122
2103,2324.994118048173,0.09723843013407019,0.0,267.14284264843184,617284.4139740404,112.35194336172025,42299.453670037765,1.1056603072454956,87.16746735421226,0.5377638714854992,0.7040974047857844
2104,2322.318683943214,0.09582560976505705,0.0,209.70356628858087,617558.2055650302,112.24899971216904,42281.79303103916,1.1173760217172752,87.18287747548044,0.538152134150147,1.8618113643929632
2105,2306.84284430563,0.10742584229111174,0.0,222.7937386451119,617845.0995785363,112.54814124801237,42264.36382578477,1.113635183042557,82.54488921644624,0.5403294130969555,0.8474441888607771
2106,2268.6716067929806,0.12370872315074666,0.0,232.94865184186085,618141.5499537385,112.47729597146798,42246.73714832474,1.1167461327468657,82.37428515108422,0.5399152388975009,0.8439302825092341
2107,2262.923456999359,0.12606974690741946,0.0,255.3495200961945,618459.3726051429,112.45796566422484,42229.12475432745,1.1180961180380775,82.12602067282106,0.539485123694505,1.4354097920019626
2108,2259.046074413845,0.12747048560948893,0.0,261.5555712771947,618783.2733880684,112.49104880409193,42192.95868454136,1.114818549885653,82.01291723172673,0.5390377748550489,0.6910621344245271
2109,2255.7419592897572,0.12831385111781723,0.0,263.4410537091844,619108.9938213897,112.41564662127263,42175.39235154558,1.1123040942523466,81.85645978160969,0.538570363117777,0.688485093665804
2110,2281.5172995403323,0.11930836330131844,0.0,253.2914614561455,619424.5768039515,111.95818630382111,42144.42488558638,1.1102586272539519,81.71615752415528,0.5380927870850072,0.6856920746109267
2111,2251.4598101636434,0.12998613600274478,0.0,253.29445569688255,619740.9336515053,112.12224724137809,42127.10083390337,1.113326027081714,81.59992312431707,0.5376090216634073,0.6831373275254577
2112,2248.7910575014007,0.13101081060374065,0.0,274.5265203948582,620077.6635542499,112.07353359685798,42109.642812435995,1.1099262286983547,81.52300186935764,0.5371245458605198,0.6809683650699014
2113,2247.3076448853303,0.1313347486219425,0.0,254.1889098496478,620394.0006332373,112.19958304912267,42092.070830529374,1.0848339058372958,81.50182171632075,0.5366478285017381,0.6782843563879339
2114,2299.478327788696,0.10911211431743961,0.0,55.107861426986915,620511.1906193575,111.57201010677954,42074.5395104752,1.1015991901271336,81.5366412986491,0.5361904048352398,0.6757558190373629
2115,2256.687828888315,0.12980543177932724,0.0,416.4587362003559,620991.096618358,111.53503659061208,42057.23059123775,1.0940109746448645,81.47307447874331,0.5357508165875188,0.6732306522812621
2116,2288.8978898705923,0.1127466592167925,0.0,297.63986491888625,621350.8834402243,111.4956461163823,42039.695046919194,1.1022992151060955,81.8570791933973,0.5353196029410161,0.6708716766945884
2117,2256.80200317568,0.12392442969161044,0.0,264.47108135820747,621678.4928118736,111.85175122793085,42022.260511739165,1.1031767227012177,81.82165157351203,0.5350046184592396,0.6682260354284608
2118,2303.4874754062607,0.10436853075320207,0.0,234.88938461162132,621975.6118134334,111.88672486742715,42004.688116602185,1.1069506908235194,81.74290177814011,0.5346977619541832,0.6657294818500645
2119,2250.9843182261175,0.1271182068596426,0.0,208.71082097893316,622247.8874121698,112.13407946383052,41981.27633917842,1.0960998899422136,81.59241774369256,0.5343893631930401,0.6630229341200788
2120,2293.079656890329,0.11347605701261276,0.0,256.97454948827436,622566.7238791026,112.29431845708879,41963.75259503583,1.0897368898413677,81.47540338014942,0.5340641505362907,0.660789928476504
2121,2276.8259771107114,0.12343028315714255,0.0,259.4815487847958,622889.223453755,112.29011609257074,41946.257540881415,1.09541994104386,81.50602065062455,0.5337301528346209,0.6583346937042336
2122,2273.5624882841694,0.12451061082802628,0.0,263.41861493799814,623215.2204439614,112.35247327236422,41928.789883726204,1.1008472144362116,81.43597122451516,0.5334194079004895,0.6558880978560637
2123,2287.1330949999456,0.11724080887321375,0.0,254.448839134273,623532.378936362,112.11544558823876,41911.30299417012,1.0919989349056562,81.42433821289337,0.5331092078454976,0.6534383068871534
2124,2293.7331174783203,0.11336388516471207,0.0,248.23359382871826,623843.6903020861,112.14129612490039,41893.835596196644,1.0979214487387654,81.44293588066012,0.5328120329478766,0.6510159016807506
2125,2291.901597099955,0.11346257419484329,0.0,237.94425460816512,624144.9200053222,112.21064124607426,41876.646393508025,1.1018104836550073,81.41777212270279,0.5325337030287401,0.648437103440358
2126,2299.7955353983834,0.11292323568062446,0.0,237.58640351948753,624445.6588433865,112.10515322546246,41859.20390887662,1.10172347275196,81.34653628595886,0.5322639053526651,0.6467797258965788
2127,2292.9155972035223,0.11359856488105635,0.0,233.45638501291546,624742.5947793932,112.07379762905582,41842.00935040458,1.103529972476237,81.28469247928588,0.5319923787258408,0.8326220284957913
2128,2294.1711223358243,0.11520896980353967,0.0,244.6642047476081,625050.5080046135,112.206717877983,41824.64268509671,1.099275049547709,81.15584938994313,0.5317257995415047,0.8310492075848117
2129,2292.9856468863177,0.11611342272838643,0.0,246.4997421714333,625360.3719336545,112.29729316321936,41807.17479534294,1.0996589361034064,81.13383646797406,0.5314449994125497,0.18614548042410206
2130,2286.54781059638,0.11828376061733092,0.0,-2395.8445212275424,623027.8134102406,112.33395216540954,41789.81968613196,1.1004055237612018,81.00581047363953,0.5311578706318476,0.1858150995245751
2131,2253.601099432109,0.13703724895190583,0.0,2275.6328290404167,625366.4889737064,111.6920368309174,41772.74404245628,1.0911403045613906,80.8446196189568,0.5308578270009991,0.8382660078345339
2132,2306.021456554587,0.1019435960433106,0.0,616.782670580293,626045.3994172402,111.59518924039021,41755.33537628226,1.114147054220319,87.55509530962368,0.5305668344925795,0.18153559951213083
2133,2314.0173341649015,0.09941086416596956,0.0,419.6597132783485,626528.7330316444,112.02322110098937,41738.02466370296,1.1069021869032405,95.27329112369924,0.5312874012411146,2.132098465647829
2134,2321.0593765944154,0.09345753423115788,0.0,266.12134186658517,626858.9442504508,112.2264161175562,41693.78518932467,1.09863181965312,89.14080821177683,0.5344919823833654,0.18047611349462045
2135,2334.7035830309223,0.08284786502173025,0.0,204.91152974422965,627127.994045083,112.75253765949952,41676.66689624856,1.103665674964772,88.83420938143465,0.5357220064618143,0.17893864195508513
2136,2352.7961039223687,0.07248902355510756,0.0,175.4448225125127,627367.9598497648,112.53763548137664,41659.83873028588,1.1027392108199205,88.3550554602366,0.5369090654594495,0.17872246612836307
2137,2355.515416536168,0.07216186287417148,0.0,161.63516424537124,627594.657051213,112.58632603786944,41642.56891146064,1.1040119956212815,93.05240261900097,0.5357601166417804,0.1792917600381827
2138,2353.02541883657,0.07446155215425443,0.0,153.86238349810117,627813.6952930737,112.4577915836292,41625.79723731374,1.1044746172068682,92.29546234559021,0.5388557496904675,0.14011041482842757
2139,2336.4748159934747,0.07897590444348213,0.0,168.62233405436996,628047.4774384983,112.66841521344678,41609.68147854609,1.1048979362123967,86.9622556137905,0.5416737716878902,0.17646794585371595
2140,2345.276047604922,0.08026207618834369,0.0,162.5296857680073,628274.7238489304,112.36120842305826,41592.39740274408,1.1037721403804615,90.95193630732298,0.5372721342489122,0.1751624918276775
2141,2344.2869074741448,0.08240015195420303,0.0,184.37714633796418,628524.3081035892,112.52672960158942,41575.081206806,1.0983376927663033,88.40119217662392,0.5395161928027392,2.0789936208055053
2142,2353.441452930476,0.07961827135738841,0.0,178.55908789133224,628767.8645982626,112.52688054026288,41557.9218505039,1.101438511605434,89.81298582566153,0.5439851306053785,0.17404263237514783
2143,2350.8003395247906,0.07989619075048404,0.0,179.5358769743467,629012.617346578,112.88850764784895,41541.115721192895,1.1032815898146697,85.3195396953535,0.5434356558093861,0.1741206845090062
2144,2338.4077495363304,0.08618781848994594,0.0,173.08520072981275,629250.5783719287,112.86390029155554,41524.042073452685,1.0997105917124732,88.80615927747533,0.5455383957115412,0.17492358643124817
2145,2332.2789978172445,0.08990637783754507,0.0,173.21118394986524,629488.665801317,112.70200606020654,41507.04145650368,1.1051211221198618,85.96178065763498,0.546192931679338,0.17481981949981673
2146,2340.686951824645,0.09231764937398967,0.0,192.62300182852056,629745.6913956043,112.39375867348285,41489.81812155758,1.0969524351283844,84.23753363841708,0.5462054885454114,0.17395011915789382
2147,2320.430662500909,0.09952780571828257,0.0,197.98756605126727,630008.5089957187,112.63857952108337,41472.96729027819,1.1021891365308958,83.94026369310583,0.545848120799836,0.17361053613450395
2148,2323.932162677327,0.10176778898445726,0.0,205.21270900233282,630277.742131752,112.65915702186372,41455.8085020063,1.0967369663812407,83.66810842508765,0.545444871393375,0.17300774084313275
2149,2307.5134962483544,0.1069737736725791,0.0,225.91503869097312,630567.9539053129,112.81830571340406,41438.61574274426,1.0922613912245607,83.4927352086308,0.5450034306838164,0.17214492640013646
2150,2324.460728401565,0.10307902907253907,0.0,214.81613593025145,630846.5945144421,113.0122168406547,41421.432444333564,1.0942115228184255,83.30500547766302,0.5445464389419621,0.17316576149124785
2151,2309.001676561973,0.10931284213359094,0.0,219.69094685928093,631131.2078782397,112.97135891939547,41404.21476297417,1.0896537335198588,83.12609670845998,0.5440720920515022,0.17219404213730627
2152,2303.9711831804793,0.1121181549975413,0.0,223.49156060264824,631418.8429940208,112.95652266831749,41387.0519807399,1.0994106987673486,82.88606727566004,0.5435831144310445,0.17158831751012826
2153,2299.8000401451,0.1149884708181993,0.0,231.4091092376657,631714.2372060132,112.86998102679024,41369.94339023965,1.0978569600511536,82.74987872563295,0.5430671836422992,0.17062343919616296
2154,2281.389452457067,0.12040042742437662,0.0,247.08848676439703,632025.1951802489,112.74196524447585,41353.227202055474,1.0941510146220146,82.52059524069523,0.5425478829355891,0.16919292506801753
2155,2278.9270525818347,0.12163799810227671,0.0,247.60979862159172,632335.700959224,112.56637218287261,41336.09415313233,1.100930098741222,82.42747703152355,0.5420054599480305,0.16904145827922434
2156,2274.4625128825364,0.12384362594507359,0.0,246.78249000084008,632645.5907218447,112.52777210987317,41318.96750313784,1.0971587648415049,82.28736417105603,0.5414702626871271,0.16691837763031003
2157,2270.79134619024,0.12504627991383843,0.0,257.96047960793464,632966.4769305368,112.56787727829017,41301.80635257993,1.0959587476899617,82.09060404548646,0.5409318334923273,0.16503263608055363
2158,2268.6420779652753,0.1256665973474197,0.0,256.197955535868,633285.3684484198,112.5592565891798,41284.74415103527,1.093005006842115,82.04369435068432,0.5403782303369355,0.16542155641508316
2159,2266.4949630856977,0.1260196424488963,0.0,257.95791084735833,633606.2016885795,112.53783618604739,41267.64738022864,1.095769203949376,81.99551830452742,0.53984235356472,0.165586996320485
2160,2262.6890261811545,0.1273146781547514,0.0,-83.26586906769967,633585.9015864705,112.59236006651913,41662.40150176967,1.096212043041339,81.85809982676047,0.539323044449116,0.16452485521560334
2161,2260.4441076831267,0.12851904508945122,0.0,521.5397474000499,634169.9878269881,112.46066043327471,41645.09838737848,1.0859368533800076,81.82307047356285,0.5388003510057401,0.16469724840945332
2162,2279.6743585634435,0.11746273230653514,0.0,321.7126336555567,634554.206420914,112.46842925261323,41627.80543312905,1.0889569467555007,82.70543214159717,0.5382963963381387,0.16397673637388266
2163,2288.020000085763,0.1132890761914106,0.0,262.3347863730637,634879.6275725319,112.5633853667046,41496.11204859357,1.0953960152820423,82.85871873740206,0.5380065456995488,0.16569981263759814
2164,2292.8018354389333,0.11305709794497698,0.0,-553.5977184881868,634389.7547327679,111.56162584172269,41443.05223390355,1.1000418739952627,82.80365388065886,0.5377640494841441,0.16491005978758722
2165,2276.283008444996,0.11852669750617018,0.0,843.8761511283294,635297.3393870511,111.27500583638688,41425.79655385072,1.0895090797363722,82.73319350546635,0.5375093938178381,0.16569792573966424
2166,2320.5126522677997,0.09279222783058505,0.0,376.05433018605777,635736.3061585453,111.65374420769038,41408.506643382214,1.097993642573606,84.4951134257657,0.5372524244358367,0.15949033877345187
2167,2322.9764975749385,0.09073988963249457,0.0,241.82788629125605,636042.3291586075,111.86571973754391,41391.27107253407,1.0901743105021646,84.78676704287463,0.5277473613647761,0.16229637301748312
2168,2321.4757219171793,0.0921522102328618,0.0,192.29135564995312,636299.027284211,111.72367249880848,41374.046887931996,1.0963099691576759,84.57444748855022,0.5380556086903349,0.16230186541787361
2169,2317.86007422553,0.09481791639050896,0.0,198.8294231225077,636562.2809294935,111.813128438359,41356.83285915289,1.1020258239371092,84.21320938063698,0.5381649767703632,0.1607486205337807
2170,2316.8940764093713,0.09772890255792932,0.0,195.3283269450917,636821.898890903,111.69118914152943,41339.62897697011,1.1001591606352668,84.01396343487454,0.5381913831501531,0.16237978796962693
2171,2312.667634732226,0.10127055412115116,0.0,212.45292236064483,637098.9033506996,111.71206936939224,41322.43493132975,1.0967781597384834,83.68999112989852,0.5381737541365328,0.16195716435217378
2172,2302.1755264553735,0.10518956726399886,0.0,223.47926357808723,637386.8122034819,111.8154974743223,41305.2062444439,1.0988546513352562,83.4978970456367,0.538087568870895,0.159901760965397
2173,2303.703466742169,0.10596002110986824,0.0,210.9317005829027,637661.5965352538,111.99864972739407,41287.94302769184,1.1030154457370702,83.35015304384828,0.5379644677473999,0.16095263396948667
2174,2292.4421953122896,0.11051058400632707,0.0,233.0150589292022,637958.862505747,112.13780012760013,41270.77913220191,1.098093741699573,83.22007920169027,0.5378158815353832,0.15694741042659643
2175,2293.256713471011,0.11144567320075383,0.0,230.64240226163832,638252.9389830879,112.17817944328033,41253.58023681933,1.103321771010768,83.12555289214205,0.5376467563971015,0.15892216980688545
2176,2286.9965724672556,0.11432440653803966,0.0,234.54231781122314,638551.3761098471,112.07781746856656,41236.435674673725,1.100842075861329,82.93728512426316,0.5374658848991726,0.15856030446494174
2177,2282.429317726338,0.11681607384823856,0.0,239.85794273034082,638854.8067058328,112.20369359149447,41219.30410311363,1.1027582110498502,82.8112870855237,0.5372537454483135,0.15569455275726796
2178,2279.277707493299,0.11872204208825876,0.0,243.891440441847,639161.8825278089,112.13111976591546,41202.13906899484,1.0986036572884752,82.71412247184199,0.537025183651353,0.15604125599989516
2179,2277.629760883863,0.11971667621696414,0.0,241.426580457093,639466.4538493515,111.98562487075812,41185.028309927795,1.097488564414841,82.64045002280889,0.5367872812924284,0.15707785583759915
2180,2277.6861653120413,0.11970399404424326,0.0,244.6256104629445,639774.3487303869,112.29016313445531,41167.927655729865,1.1051134401186808,82.62547286923078,0.53654555848341,0.1569371862198352
2181,2273.9726443026757,0.12168082861907625,0.0,254.90325272888487,640093.2464306458,112.48303623643471,41150.837086879095,1.0977357474235236,82.56484903434111,0.5363127449501314,0.1559479377683317
2182,2284.1411769384076,0.11989843999740668,0.0,253.04789489410865,640410.0682489757,112.3295790184845,41133.75267662047,1.1025093298003767,82.60630476590151,0.5360786074556309,0.6834932695207101
2183,2281.7547838115597,0.12120835806743413,0.0,262.76385573973937,640737.1026965523,112.4423629205196,41116.67841849625,1.1024919659932662,82.58829144742592,0.5358904381754365,0.6784568785249974
2184,2280.306360683748,0.12204558575954849,0.0,249.32603471700497,641050.2004235196,112.1760876957753,41099.61367671684,1.0989934875223901,82.62698595332436,0.5357076799036099,0.6766006023948421
2185,2283.168338143676,0.12222899532983578,0.0,257.13579767642483,641370.9921144948,112.13882313226391,41082.516133243495,1.09969588879896,82.62275623989505,0.5355422773159344,0.674072290047917
2186,2285.300647976801,0.12172218893975095,0.0,261.94650185638994,641696.8943467177,112.15951443593765,41065.430895807476,1.0959439627603098,82.66571033310913,0.5353841571186483,0.6706726522987765
2187,2276.2061819428386,0.12441305074799125,0.0,263.35918094864763,642024.1193020683,112.17156142866767,41048.39956932378,1.0971195183266185,82.68760666936828,0.5352430319506278,0.15457704537351447
2188,2275.4532003958006,0.1249196118957977,0.0,261.2309153434706,642348.9330433351,112.0694600539545,41031.33352679314,1.0973059801555807,82.64218730953806,0.535101036335432,0.15419174611224662
2189,2284.4240836727517,0.12275090085585993,0.0,257.1761933658315,642669.7134302512,112.09986531197045,41014.277526329286,1.1015586515602829,82.65354833377422,0.5349564334695307,0.15404633603671414
2190,2284.7929449849303,0.1225316886195218,0.0,-442.7849942582152,642290.8168155932,111.99945307486396,41434.790315329745,1.098296944728049,82.68908507798386,0.5348090314145248,0.15365676739088485
2191,2270.7595777727565,0.1262899230508665,0.0,792.0129749905252,643146.4322154049,111.83761111497175,41417.51366673417,1.0899335485560142,82.64410696467272,0.5346766253433287,0.15308911036260042
2192,2318.5236823927025,0.10051330448747486,0.0,378.85118319357576,643588.3376851353,112.13964282457037,41400.20340044532,1.100629045775709,84.04490587888532,0.5345412275981465,0.5743253425303863
2193,2308.421479136123,0.11250787718492061,0.0,260.7632381751043,643913.5448112721,112.13342886629917,41382.99097219547,1.1023847408032585,82.06442134265573,0.5347226759772521,0.1519651079780715
2194,2316.261267974571,0.10879951576204006,0.0,230.74979407490667,644208.5439939704,111.95089639186023,41365.788026517606,1.1027094186668829,81.97828316460672,0.5344607890121711,0.15176239588814155
2195,2297.6914360909836,0.12147334502835516,0.0,243.50192703846795,644516.5430520404,112.08537096433686,41348.55538776861,1.101131410679213,81.9481350570139,0.5341936436729905,0.15072883888026922
2196,2265.0798853106867,0.13432303427709102,0.0,259.0673958587923,644839.5765278114,112.10613784996964,41331.37611369412,1.1078610619477607,81.91992322115996,0.533933472159315,0.15039194384598886
2197,2263.042287043933,0.13505603042207548,0.0,270.360890914085,645173.0350070496,112.01833588132656,41314.206764311646,1.1099762055473268,81.9089613533676,0.5336803596796992,0.1496482676554649
2198,2286.9671805956477,0.09915392792165345,0.0,257.8133953194906,645494.0689403984,111.99061170333741,41338.74207379807,1.103872239845317,84.79273993168283,0.5276605074960838,0.1490989523938424
2199,2300.7181098813544,0.10380781920201776,0.0,225.91013151575805,645786.1163477936,112.05753589335612,41340.20244046745,1.104511779866999,81.95582757366613,0.5341131195740415,0.1485517245301935
2200,2309.023466312331,0.11246158468000911,0.0,216.5058532743675,646067.9013088208,111.81405657419776,41323.05908755718,1.088189305606059,81.86050189303118,0.5338586909797428,0.1479485640433893
2201,2289.116657145939,0.12868058516692293,0.0,252.5142019488286,646384.6296759837,111.88332985440776,41305.8859674411,1.099030949237884,81.86549151344774,0.5335966644749969,0.14718017589754595
2202,2287.6998218566837,0.12927823593702326,0.0,267.0680430533235,646715.3092592441,111.86298313358822,41288.72233455406,1.0973220356644067,81.90687424811986,0.5333488918999225,0.21376160007429235
2203,2269.7452348968145,0.1374378487306207,0.0,278.6530529769737,647057.5508936349,111.96828830795607,41271.56867644139,1.100517512171663,81.96054009792537,0.5331240906836149,0.21265814755008705
2204,2300.008196344868,0.12159658360559278,0.0,281.51455603951257,647402.1707906056,111.90857262638666,41254.4207941638,1.0987746682380912,82.01476493027661,0.5329220794426356,0.21149541935969296
2205,2264.9807637905683,0.13726061818000745,0.0,267.3108449997058,647733.3675457032,111.90933539530572,41237.28672148797,1.1045093034911913,81.98613388941604,0.5327418316122494,0.21068833408770615
2206,2264.847434898206,0.13703462807902078,0.0,284.643442173078,648080.9517054409,111.89197886359466,41220.20592122816,1.1023528305723371,82.00698172785344,0.5325645313241475,0.20952787348994661
2207,2279.631894026087,0.13297986661069017,0.0,281.5377347978247,648425.4410555474,111.87843042737109,41203.091340584506,1.1045507350070207,81.94527234677244,0.5324006134579409,0.20577875318539895
2208,2316.6162465089087,0.1132645632072864,0.0,273.2973190527792,648762.0721051205,111.9045263105083,41185.983206105644,1.0986260344416139,81.96813338113023,0.5322316764045976,0.20556285603225888
2209,2309.9267242691362,0.11534572014721856,0.0,238.88485893446733,649065.3107288243,111.77420645666623,41168.88355712557,1.0991976725166728,81.97630022971941,0.5320886443947539,0.20397470041859833
2210,2281.6551110181626,0.1319282054459775,0.0,260.76523095639413,649390.1085344602,112.2512034485728,41151.79808720913,1.1016051009031116,81.91427672643623,0.5319545529925956,0.2030066070364569
2211,2289.37069983777,0.1283267665913932,0.0,274.55469506619187,649728.01261608,112.23901584495758,41134.72322762229,1.1042293924073394,81.95441930249024,0.5318139486849882,0.20119082358269225
2212,2316.5333062377476,0.11323983017699735,0.0,255.14554869468031,650046.7637174625,112.16881727459104,41117.646670844544,1.104058471638673,81.99839343181381,0.531689005476029,0.1403421531530853
2213,2336.6552329248952,0.10032889803774059,0.0,237.84137372552038,650349.2907729743,112.11684033115952,41100.5806521861,1.1009698294883747,81.95728578004564,0.5315783164312571,0.14128562554213886
2214,2299.3941867764797,0.12261451801205292,0.0,235.54851887100227,650650.1963380844,112.2013274487176,41083.523213761255,1.1000638997062335,81.87567760733924,0.5314644698822656,0.13756464981767635
2215,2261.8041306029822,0.13938526100716853,0.0,252.26986410310326,650966.5418653022,112.08276438818406,41066.48158433208,1.1088867616883578,81.86884059176703,0.5313388462681236,0.1372038258185455
2216,2262.2095402219666,0.1392655239795243,0.0,285.1439659428147,651315.2106749306,112.14639019006101,41049.449240245754,1.1134633047964508,81.79628129972541,0.5312181249967746,0.13768664053108637
2217,2313.859602832472,0.11467417988187067,0.0,271.5114337345326,651650.2256826484,112.00457483978091,41032.42161961617,1.1089218967698795,81.95128888353358,0.531088017319858,0.13827370131639327
2218,2291.4939105497533,0.12970087371529337,0.0,262.47307118138247,651977.7320021214,112.08028046426742,40980.754378525024,1.110340971297842,81.96399565039026,0.5309977006184232,0.1355846484386234
2219,2290.615326945438,0.13051792579668875,0.0,278.28792015553046,652320.2562931983,112.31535366660134,40963.78930638791,1.10638929283311,82.06724684019451,0.530919647604258,0.1619150370707132
2220,2324.6913625388593,0.11073071970550574,0.0,261.7500176848606,652646.2985923422,112.26318280540619,40946.828708951194,1.1042016361407478,82.09564064072995,0.5308508240350698,0.1373243971734155
2221,2300.9306743889015,0.11518956525713542,0.0,241.99790940125644,652953.3906110874,112.30175514268116,40929.881778214934,1.1092840037811336,82.15082918868671,0.5307909947869236,0.1368390179330845
2222,2315.8710381992464,0.11593743933606127,0.0,245.31819132127941,653263.0591935033,111.78460246199612,40912.89675973117,1.105457509299898,82.1616868412564,0.5307460315285217,0.13682391673157213
2223,2300.685180506494,0.12617875493957542,0.0,255.08517812334418,653582.9227952292,111.95311002048919,40895.96959497323,1.1070122402516875,82.13776347666294,0.530705710269152,0.13386213021291837
2224,2316.00838057139,0.11804689229584375,0.0,256.33631334721645,653903.4192149636,111.90410208831833,40879.04831765186,1.108795321016852,82.13837508759141,0.5306622826398649,0.13421678503254952
2225,2312.760393404259,0.11770128351166276,0.0,254.54283360600573,654222.6350423234,111.84618706356987,40862.13697355408,1.1034126670341236,82.15046692226463,0.5306212375602736,0.1336446491563663
2226,2311.6910340359877,0.11970711556076685,0.0,245.69108847597505,654532.747279909,111.82660402267933,40845.23540605994,1.1035509305278568,82.17927554876073,0.530584889695027,0.13286362664564422
2227,2288.6314607441805,0.13366358871575246,0.0,258.11821349552906,654855.1425933389,111.86411992160797,40828.34750501417,1.1108561744041825,82.18111901985154,0.5305565751281366,0.1311092487580936
2228,2275.3016466983972,0.13753753437376448,0.0,280.98275630758644,655199.8199880584,111.84306235206624,40811.46924281639,1.106433318601974,82.30532150759818,0.5305300950525452,1.1709301392240263
2229,2267.681864378045,0.14000885826148524,0.0,289.3212400250787,655552.4566800579,111.9778864944557,40794.6004565837,1.1097625128922237,82.21859084509313,0.5305569485256812,0.17595241712672305
2230,2318.870096421421,0.11482276400468483,0.0,271.7443048746124,655887.2049057821,111.86198502358562,40777.73758986023,1.1063907457757587,82.3020983449432,0.5305395879397127,0.1321147408250738
2231,2292.6308947529265,0.13319388174944202,0.0,258.44794243101893,656210.0469086502,111.88829178528177,40760.88869429058,1.1070226770034446,80.72005710483192,0.5305399556893754,0.12990539808981794
2232,2295.599059723466,0.12689307716112042,0.0,267.61985104187204,656541.4049025411,111.89526618887386,40752.493981425825,1.111772419378738,80.75575414967378,0.5302017504636927,0.26997235502980743
2233,2271.0725715817357,0.1347282479302676,0.0,272.922079413854,656878.5605312795,111.78375658830869,40745.857263892394,1.1210948114432506,80.74349221407552,0.5298917134977301,0.3235972987301068
2234,2214.9765133715455,0.15184623446980017,0.0,283.2459614201399,657225.5011194583,111.7052108839171,40736.36889999972,1.1236568194000867,80.90095757433558,0.5295960476048406,0.12649847353372934
2235,2212.7592017255874,0.15377807266982957,0.0,311.4713607373987,657599.2122631173,111.97864105552549,40722.252227615754,1.1181075327764902,80.786630475033,0.5293567188272355,0.16838831757993944
2236,2215.3186480275963,0.16686958996954304,0.0,294.41747551386044,657955.6150870733,112.08924566269826,40707.687721098446,1.104865523804934,80.90749082537894,0.529106090558769,0.16602577322959178
2237,2219.530540017532,0.1668605780520166,0.0,349.0948881918087,658366.7662458464,111.96845031962023,40692.56696647811,1.1109231650099889,81.12042212177403,0.5288939844034749,0.16509816641845987
2238,2225.1269066316636,0.1534684410856002,0.0,351.4727847230426,658780.387974785,112.01121565124414,40676.437396075526,1.1176594863598608,81.37337606702502,0.5287382006541183,0.12891276742271884
2239,2229.349024071499,0.15183045218450741,0.0,309.5567349223935,659152.1992976426,112.1399151609757,40660.43542095586,1.1232087031585485,81.58329761514092,0.5286436076155445,0.1280514837420128
2240,2231.19765615601,0.1509688091125505,0.0,316.35680585877867,659531.008034656,112.01125585045267,40644.66465853218,1.1219324014684002,81.64966292109176,0.5285987777188511,0.12629909426419772
2241,2218.1127912851966,0.15730771418467937,0.0,321.4154370138801,659914.8636149543,112.05547344224965,40627.89385964474,1.1231851981060348,81.16994100844529,0.5285704601750907,0.12698815976617084
2242,2219.736488258293,0.15609760385276394,0.0,322.5004153855055,660299.3902333938,112.2584395574052,40611.229851314245,1.1236088482706983,81.26094053232143,0.5284535034623099,0.12559448431957776
2243,2222.342915936268,0.15471723582489494,0.0,318.7954248590924,660680.2882524976,112.14741899955567,40594.54836083028,1.1217933743272757,81.31100081802708,0.5283619782086096,0.1255346129231043
2244,2223.8133505657484,0.1536453656163247,0.0,306.9546387692379,661049.4413651905,111.93777916159549,40577.952168815114,1.099746822688814,81.38729874021368,0.5282858755204206,0.1263352922872798
2245,2226.9778300927196,0.15204285261374406,0.0,315.67886124738504,661427.3223648738,111.93112368901787,40561.72922984942,1.117080484075232,81.45121987684072,0.5282300549328178,0.12403512673728301
2246,2229.1487362465405,0.15069788702419096,0.0,316.18046288408715,661805.776155631,111.98276863088614,40545.04538220461,1.1168181205268524,81.46339195203912,0.528190770413933,0.12347552066324852
2247,2231.0479765493105,0.14900893451879527,0.0,45.67398990305071,661913.8093400926,111.62929420660917,40528.67100709917,1.1144167748475857,81.54907770803172,0.5281561571520953,0.14521874521508948
2248,2232.650269551054,0.14777124380573292,0.0,500.9538975995184,662477.161418793,111.59463455327226,40503.00252860085,1.0803038002268492,81.59836611380373,0.5281297726629002,0.12310621526708587
2249,2286.4953777394194,0.11846191599535427,0.0,326.6900077177361,662866.1596552808,111.71444770047788,40487.16984817524,1.1159932266375916,83.77364404109709,0.528114825061689,0.14229372063425672
2250,2258.040968544455,0.13391390511144918,0.0,289.50681105468476,663219.3983133312,111.77331675538257,40470.8851360226,1.1104654434324341,82.63968690722223,0.528566707353243,0.14146206565987995
2251,2257.8454884980756,0.13260710324372094,0.0,272.17650332264395,663554.4666216476,111.83391619599618,40454.55264105073,1.1117364656683404,82.67437503471491,0.5287532109581756,0.12275858990190613
2252,2256.6338921836614,0.1330578628145922,0.0,197.2627445192333,663814.6275182444,111.41183421172065,40439.29937386944,1.109566743917494,82.51013741246402,0.5289373641773819,0.13864484940330613
2253,2255.95036166151,0.1337517807456854,0.0,334.6233816228597,664212.1226121702,111.36562734935168,40422.68404059523,1.1066785865130093,82.50503087659581,0.5290650734459791,0.1394134686882751
2254,2258.8617489632657,0.13134410149671627,0.0,289.9740888436233,664564.9614661342,111.39816090001756,40406.34152886405,1.109131240103201,82.63051487175866,0.5291853486691233,0.1382895967556692
2255,2258.6970913053005,0.13137120568955896,0.0,272.43838915490585,664900.3650038077,111.38956270843447,40389.86074053716,1.1047766839211146,82.61315370981555,0.5293264619846533,0.13737078260834323
2256,2257.6863562349754,0.13165279908374605,0.0,261.0156712306214,665224.3516062641,111.30955251721083,40373.27420902289,1.1053565837680035,82.53799182111925,0.5294567960478702,0.13695317354748227
2257,2256.661590696251,0.13263285960452442,0.0,263.11802092194415,665550.3012586327,111.13204284085764,40356.99155957058,1.1139935180167044,82.45175755343062,0.5295645343751004,0.121229382216967
2258,2255.574799822004,0.13339070102905837,0.0,276.9150888156267,665890.153147129,111.25045669635337,40340.55368088469,1.1084491242148575,82.43750763827826,0.5296480708921125,0.1205920564682117
2259,2255.434637500039,0.13317550316810967,0.0,275.9757128924012,666229.0452168459,111.36374918315141,40324.330546812875,1.1119841023208532,82.43967989932955,0.5297243976814873,0.1340337707476067
2260,2257.7577249850483,0.1334695207625186,0.0,261.11247403889246,666553.0633642551,110.89488719153255,40307.78245410744,1.1091257853012395,82.41553153818032,0.5297977342462636,0.0
2261,2256.0312396910135,0.13154344644370441,0.0,280.6063680941545,666896.7723929933,111.2567219935247,40292.90411990746,1.1176890363241911,82.40451163187777,0.5298589986774611,0.013660179642187131
2262,2256.6804450685763,0.13282379859400184,0.0,273.4718124176484,667233.5559310548,111.18404982789474,40276.37504752145,1.1167442125404818,82.43412472377037,0.5299152211901599,0.0
2263,2260.0105214850178,0.1319892426318543,0.0,278.64121567204694,667575.4642381401,111.16351828632698,40259.85583484262,1.1146212714706274,82.50127464319763,0.5299746824958419,0.0
2264,2260.3104520209713,0.13219038248383297,0.0,268.03720100087895,667907.0269558113,110.78178480927748,40243.34590909554,1.1155964974408923,82.51272446842938,0.5300455850499182,0.0
2265,2258.976655903976,0.13254745597805284,0.0,276.17112242025,668246.7550789258,110.87529484059581,40226.845833425934,1.1218363492972996,82.45832978446192,0.5301154305891695,0.012028106691076346
2266,2262.4952061686763,0.13168290539581806,0.0,268.81838926946637,668578.9961502361,110.77359717239139,40210.35665190555,1.118078046954351,82.52130009793646,0.5301704734639018,0.0
2267,2260.3871160625376,0.13320564280665093,0.0,277.14937952917273,668919.8774199479,110.8030867275523,40193.88130820512,1.1179284584629234,82.5264838263944,0.5302359868654055,0.011562506937622175
2268,2261.532806777941,0.1328671087530886,0.0,278.87308728100356,669262.146989026,110.79028920540195,40177.37077496147,1.116890614327797,82.61004118125618,0.5302996515036787,0.01133096058364913
2269,2262.309644639651,0.132454334218003,0.0,254.32257106879302,669579.8826685665,110.76418688152268,40161.60177685571,1.0994948164904963,82.5869076332133,0.530378042351133,0.011100237729692708
2270,2264.353068456387,0.13402096531434748,0.0,290.4875084980972,669933.7054688431,110.72784474963463,40145.154109088544,1.1122458462869191,82.70424198894477,0.5304600667465826,0.0
2271,2265.7173475131954,0.1335954050157917,0.0,280.4295418340141,670277.4768448077,110.76530823785471,40128.69571605986,1.117558150945089,82.78362377374897,0.5305628512746925,0.010641640945095787
2272,2265.9969492557734,0.13320783273863557,0.0,278.7310971212268,670619.5754609823,110.79543180925617,40112.78659681789,1.1166501596685947,82.77741438239282,0.5306777564603399,0.0
2273,2267.4921984321854,0.12341461019307409,0.0,110.4455325403211,670793.3942081374,110.55172959583888,40096.36426156527,1.1149249462438986,82.86864574533854,0.5307853322473124,0.0
2274,2268.387636054723,0.13242000453516178,0.0,393.27120226558384,671250.0707041702,110.42960892732798,40079.951204869554,1.1151448347703974,82.90727538142977,0.5308945751895774,0.0
2275,2277.7668064266227,0.12709042646547264,0.0,296.48475071340033,671609.9693972418,110.43078122797077,40063.75786542835,1.1163679155991064,83.2411353896646,0.5310066254065543,0.009744077504961979
2276,2279.5747538267588,0.12620523417334517,0.0,273.09800358035943,671946.7372046458,110.58732626323012,40047.80888068374,1.115823100942574,83.26572846950086,0.5311847557208351,0.009519544158422377
2277,2279.8459299052774,0.12705406163663302,0.0,263.54373955425075,672273.9867528481,110.65893801189237,40031.52198795335,1.1132514834449727,83.2851694691576,0.5313592040823614,0.0
2278,2279.904925130972,0.11651145645333649,0.0,250.8200426256285,672588.499252162,110.47231081238331,40015.14816928682,1.117979489163326,83.33231479431703,0.5315288231787516,0.009081704870709473
2279,2279.3246158632696,0.12577976491191023,0.0,258.9711494193388,672911.1288973156,110.55282539042547,40000.18351732311,1.114180573520569,83.33727504543847,0.5317002361128593,0.0
2280,2278.758781285244,0.12865222749390004,0.0,261.0506997492745,673235.8322741343,110.54786134267655,39983.79538105489,1.1132193138342636,83.3164839021762,0.5318638774762943,0.0
2281,2278.7122109416487,0.12848260954202917,0.0,265.34746981041826,673564.6482612353,110.46504897097536,39967.52544119699,1.1138987008435244,83.30293304323958,0.5320148471238576,0.007999483920997363
2282,2278.6146040322355,0.12948926011965078,0.0,264.57325976882214,673892.664123565,110.45228650843958,39951.59907019113,1.1124426363211786,83.29034051941396,0.5321555252702895,0.0
2283,2278.8683668172266,0.12931324343526096,0.0,264.820090423144,674220.905559492,110.3660857733013,39935.98732431885,1.1130273092890428,83.26347457424457,0.532286241988776,0.007560981783370835
2284,2280.073758277527,0.12872985751787247,0.0,244.3960654616625,674528.683972938,110.5015781873602,39920.71327795493,1.0983888837225622,83.10606631180787,0.532404822457386,0.007343007845065586
2285,2318.1098058349703,0.10981614992931965,0.0,279.7771185679533,674871.8105317531,110.5040056417566,39904.311848725745,1.108759713487352,84.62719839591055,0.5324837497041446,0.0
2286,2288.1315235064444,0.13036462813355298,0.0,252.89486643761478,675189.0719003539,110.57682128029758,39888.01539366597,1.0990329847393514,83.43291794340314,0.5328840539535353,0.0
2287,2322.1176444424746,0.10727889394082524,0.0,260.6074130501216,675513.173270659,110.58118475740713,39871.72820751257,1.1103995271064746,84.87222101342704,0.533008608134792,0.0
2288,2289.5794283636706,0.12695344587555357,0.0,252.75327360506543,675830.33749858,110.58978598437261,39855.99585157349,1.113745041957964,83.62822094900847,0.5334348966741489,0.0
2289,2288.323883947804,0.12780662054699365,0.0,261.116376444959,676154.9294358356,110.48944456082832,39840.13379626169,1.112604860627192,83.55691736955355,0.533573473956148,0.0
2290,2288.040704429111,0.12678644153831908,0.0,259.26184161906,676477.6258548744,110.01252398024114,39825.54598154187,1.1058375040094888,83.44421172034043,0.5336897982809612,0.006091988347890265
2291,2291.375244515879,0.1269396515357667,0.0,265.94942620609737,676806.9731236865,110.0363546415314,39809.29680764252,1.109442829356395,83.60237260600988,0.5337762777588068,0.0
2292,2289.7642159866855,0.12793109219677934,0.0,270.850082299993,677141.2985119266,110.11687950112788,39793.05719161884,1.1111598630959256,83.51352843387102,0.5338920828475404,0.0
2293,2291.970936798709,0.12839835866297333,0.0,264.502852142627,677469.2311007831,109.93424886658205,39776.82654035996,1.108628236987305,83.56329213923208,0.5339830229702413,0.0
2294,2290.5097712278575,0.127888211304804,0.0,272.3691084705582,677805.080607235,110.08715736128637,39760.55045041776,1.1126999431055729,83.62488526222096,0.5340800118751284,0.0
2295,2291.3050366656234,0.1257771991741342,0.0,264.15987012998414,678132.8532191465,110.086472527487,39745.20073332429,1.1074939907406192,83.58002318483028,0.5341977574806156,0.0050379479653486214
2296,2295.098355942602,0.12693335045792087,0.0,236.61886542219924,678433.0685006736,110.06716515082702,39714.39705084544,1.1011674954134738,83.68796522040172,0.5343000692591274,0.0
2297,2297.9038584392665,0.12619541478605145,0.0,282.9734745715779,678779.5765894507,110.03335528718708,39698.20391592342,1.0967463738311125,83.87890447421961,0.5344201770810224,0.0
2298,2334.0225314793643,0.10368247190693103,0.0,256.9121045754162,679100.0418934076,110.02421357163969,39682.02017497912,1.1031004372648299,85.35747915775148,0.5345750660531577,0.0
2299,2304.973171822324,0.12148261774098734,0.0,237.34008420092084,679401.913748086,110.08289864219446,39665.83892369478,1.1069654396189552,84.18573295286586,0.535038532796346,0.0
2300,2312.5651364961977,0.11713906568493959,0.0,245.56476083814397,679711.7229932909,109.886330422261,39649.64101881576,1.11286943090029,84.48955596595127,0.5352403275133019,0.0
2301,2303.525701090523,0.12275286825576526,0.0,255.49634450665621,680031.8581305343,109.51765224547403,39634.43618294447,1.107502174964008,84.21516428450944,0.5354969258482845,0.0038065946774565873
2302,2305.2162757507062,0.12491863114309742,0.0,258.95405326992034,680355.1647941362,109.4475802058959,39618.288509187725,1.1088362260621785,84.25865005929523,0.5356819150998414,0.0
2303,2306.673276098796,0.12467850206131592,0.0,274.5240290955849,680694.0215085867,109.46987720342896,39602.10791535296,1.1123354416597973,84.28892934427242,0.5358667413495861,0.0034115707904902592
2304,2307.5316074249563,0.12427137707827995,0.0,256.06189213834915,681014.3839735007,109.42983324118416,39585.92176240631,1.113823592816805,84.27306904553207,0.5360487594219061,0.0
2305,2309.1912452441047,0.12409122779028181,0.0,267.9611007346875,681346.6037879353,109.33618632621625,39569.80338760016,1.1068867171380825,84.18696089477659,0.5362180668126658,0.0
2306,2311.1772354288214,0.11350826450457996,0.0,253.37958298092298,681664.2634899658,109.47316419304329,39553.69418027127,1.1092369665452924,84.28365306071835,0.5363603515713283,0.0
2307,2312.3252085386193,0.12298911193817952,0.0,256.37561448768406,681984.8937527249,109.67762904827099,39539.016817107964,1.1114824875997082,84.23381840401784,0.5365160924872979,0.0
2308,2312.2855146653806,0.1250479479180212,0.0,258.4963638463907,682307.6657757016,109.5131503502534,39524.165433285176,1.1085588645162823,84.15954513814037,0.5366532515717412,0.002413010952835748
2309,2322.4261529313776,0.11960700279059966,0.0,254.9460459829961,682626.8734052618,109.53932165759072,39509.12657658312,1.104442570953197,84.54531200611254,0.5367675920596167,0.0
2310,2349.594202097664,0.10497114955997244,0.0,237.03194501041224,682928.2779630638,109.5391913405344,39725.175448016234,1.1052730720425605,85.65432161985738,0.5369336260290214,0.0
2311,2326.3258183126263,0.11721334940215555,0.0,239.69324153328466,683232.9352489706,109.79801258227182,39708.95314647997,1.1068345128907031,84.71324208986192,0.5373285433772017,0.0
2312,2316.955608220261,0.12216501433097438,0.0,242.0567365863226,683539.2789989479,110.22852512316359,39692.79605856208,1.1083190665951348,84.3780559407793,0.5375020795187357,0.0
2313,2317.9483189791345,0.1226676037610871,0.0,180.95024932536518,683784.2283686196,109.97522547030641,39573.31954856331,1.105704330939806,84.45553473732392,0.5376075360999721,0.0
2314,2319.4803375662186,0.12189614014503525,0.0,328.9694326392855,684177.196429626,109.91521347048267,39557.0736527742,1.1091303859120178,84.53368659602597,0.5377116868959112,0.0
2315,2334.766604755118,0.11304043948646303,0.0,256.99735858968427,684498.213501915,109.80726167959992,39540.94157816983,1.092526149972351,85.20247010901483,0.5378272232397678,0.0
2316,2364.156443748439,0.09736022988108284,0.0,243.2059373003582,684805.7717361818,109.91075627897663,39524.819092658916,1.1037201763820754,86.41672035845157,0.5380799638794731,0.0
2317,2340.610235475361,0.1116852846138382,0.0,225.01993536936266,685095.9175529327,109.82403099980506,39508.642078457124,1.104931967406551,85.51114473168222,0.5385797164330043,0.0
2318,2339.4086951823106,0.11213726550709968,0.0,234.38569570443497,685394.7227341682,109.74239524868598,39492.50526432129,1.1012239538020991,85.50521294790121,0.5388603766986065,0.0
2319,2329.85681046602,0.10754800483821814,0.0,206.8459513689512,685665.9301900889,109.79043299349522,39476.38874675275,1.0792235829429135,85.09561084926922,0.5391255079439383,0.0
2320,2366.8783373026804,0.09643874359577909,0.0,156.98863965274836,685886.9151253287,109.96776010185778,39460.299747194535,1.096636722467216,86.5696328730802,0.5392895028428575,0.0
2321,2332.5439654440443,0.118646514215759,0.0,301.79779843631326,686253.6893871776,109.965139772037,39444.19851356638,1.0909861871506283,85.23513116747209,0.5397480682453094,0.0
2322,2371.7935366670645,0.09397279717631013,0.0,239.28209296541843,686556.9829976389,110.04065051448913,39428.08044804714,1.0988007858397182,86.6950111414415,0.539897805620117,0.0
2323,2351.9833363292346,0.10503733552746541,0.0,225.1850548326227,686847.2540998529,110.4187737643079,39412.01451304612,1.098334937648395,85.97772225842361,0.540352277640419,0.0
2324,2350.610338392853,0.10567020311369368,0.0,229.9811336666246,687141.7438080505,110.35484205898237,39395.95739541307,1.096779194971705,85.94977477710069,0.5406301997219245,0.0
2325,2370.6124815727208,0.09347104165908948,0.0,206.13279108467202,687412.3340733484,110.29414889533354,39379.891839362135,1.0963587692580985,86.75954898224376,0.5408879859641612,0.0
2326,2335.385115376147,0.11534331023300937,0.0,225.1434658621331,687702.490720976,110.39244388994715,39363.8345463062,1.097696187406293,85.40043862074286,0.5413059186507709,0.0
2327,2368.789694871853,0.09506366115296783,0.0,227.83368593991213,687994.3313126044,110.47184028871669,39347.75122877916,1.096381311805284,86.70607310873326,0.5414117761701646,0.0
2328,2369.511346499651,0.09437358452530342,0.0,204.2014236134708,688263.4432247537,110.38177201409601,39331.62250078039,1.094833947938236,86.74965418288488,0.5417915436907487,0.0
2329,2343.9252294685434,0.1097476106322004,0.0,188.24882423784186,688516.5227465483,110.3523442845694,39315.61075296359,1.0751577720087406,85.77976786872384,0.5421613263725935,0.0
2330,2369.273995808751,0.09685700117686225,0.0,242.8957367963493,688823.3399681074,110.40445024913762,39299.543258173,1.0874642896064153,86.72289480166405,0.5423047392538793,0.29876770740878555
2331,2371.9861662658336,0.09495706131544457,0.0,210.54835114571665,689098.4433164884,110.42370884394012,39283.4410477107,1.0898177270379399,86.82998012218827,0.5426498635164356,0.2967784685371839
2332,2373.278682093145,0.09461865277020975,0.0,207.56679284337258,689370.646633705,110.32471644713328,39267.407844998415,1.088471947955304,86.9157534637084,0.5430002505451396,0.29681691269385624
2333,2372.4309218329136,0.09509759856337596,0.0,202.29391662583043,689637.599098009,110.3762849369788,39251.34110112376,1.0897174976865545,86.90090355409032,0.5433511174571405,0.2950317915810956
2334,2349.542122029447,0.11358260333279468,0.0,216.31430811249396,689918.5334978958,110.37983332645057,39235.30922402822,1.0870572412538133,85.73188816453155,0.543680855838801,0.295110599215775
2335,2373.205136096555,0.09576167779493172,0.0,220.3890742384591,690202.9339962822,110.71742926797377,39219.26067509346,1.0891511107496439,86.80301819103587,0.5437435798340595,0.2940761671080452
2336,2375.1080606025694,0.09479276560925587,0.0,206.45543148261976,690474.0020448348,110.68262677279921,39203.59880966418,1.0852412037805423,86.90653483514751,0.5440321128332575,0.29296196475371516
2337,2345.263774405946,0.11143516507863638,0.0,214.66540574209898,690753.3113270641,110.79111374195253,39187.933798778526,1.0889817943886573,85.89787785232656,0.5443279951795902,0.29187121499919044
2338,2343.324968296568,0.11261451725580329,0.0,229.6292885970513,691046.7344530555,110.73997938905856,39172.19952630707,1.0896315930618534,85.84090610018468,0.5443928473293036,0.29076523079513095
2339,2341.9740596614583,0.11380585289785017,0.0,228.69616864171041,691339.1654973786,110.71171788171793,39156.538606377995,1.08722272667005,85.77779705292309,0.5444544590588375,0.2896442307001905
2340,2342.0521053728653,0.11380433139919655,0.0,-99.07984604911371,691303.743404427,110.78669328793168,39336.59375139268,1.0625584890532787,85.80726246540746,0.5444991963217527,0.2885393116206103
2341,2370.200598222545,0.09815341029215063,0.0,487.5917490594838,691854.8287390476,110.64564409356278,39320.72933413833,1.0776957755545327,86.9470111314211,0.5445477210775649,0.28747298921715014
2342,2370.3736851775866,0.10139085856518049,0.0,278.3236238015261,692197.3342291886,110.77006745549325,39304.986351611115,1.0820542582646553,86.91076362710162,0.5448374431290189,0.2863644996402286
2343,2394.2717819926197,0.08549101192496122,0.0,207.41655153718455,692468.941265167,110.5725542231883,39289.13002976825,1.0773665053515051,87.8654440194858,0.5451045341764087,0.28527960162224986
2344,2395.3945768306994,0.0842705723892786,0.0,184.33914755342698,692718.1037604687,110.60091089731038,39273.08229438358,1.088665132050083,87.8092695960033,0.5455621891307814,0.2841988262167945
2345,2369.040235825795,0.10352673746859997,0.0,205.1786191554749,692988.1357552197,110.71312510713992,39257.06063994198,1.0860069228379012,86.67038358355806,0.5459844702372869,0.2831413763886985
2346,2365.902322691169,0.10625143664824521,0.0,219.37898409314744,693271.6620069153,110.7223081004956,39241.032844689784,1.085008901409305,86.51541756870358,0.5461414541790328,0.28204136186298
2347,2363.560357973884,0.1082322838609624,0.0,227.75750190638968,693563.476118053,110.73320518810007,39225.03163797178,1.0839988570296055,86.43159068356066,0.5462570707514286,0.28100016223220337
2348,2389.516151250208,0.08638942311977404,0.0,200.56042866318342,693827.9835308258,110.64451334269725,39209.302040135,1.082845005899234,87.38247612010221,0.546348629255702,0.28022981818131143
2349,2369.8265813361822,0.1054971056875379,0.0,202.97642094272607,694095.6291311147,110.69690181509733,39193.636177828565,1.0770240949367311,83.10072321102655,0.5466387760648782,0.27917101124103283
2350,2343.022805124691,0.12323343408857679,0.0,240.71604214334184,694400.4481897985,110.77200664319273,39177.76204772691,1.0825998326721176,82.92539038381065,0.5459977062073941,0.278110782062555
2351,2298.0982962310986,0.1443950886376527,0.0,246.39421399652707,694710.2443611849,110.73858321856792,39161.79913025616,1.0810025251774513,83.04628709797106,0.5453511517382426,0.2770507664187676
2352,2325.664072794521,0.13162690155617274,0.0,278.5396499835653,695051.0139431545,110.69688480876178,39145.84577768674,1.0781468135980343,83.07928846027683,0.544762796204543,0.27599862606678016
2353,2312.6949385798575,0.1361632268963613,0.0,281.0055112804967,695395.0808570995,111.10330587898784,39129.884553620344,1.0792603832338368,83.3585751576908,0.5442109090559345,0.27495429918428727
2354,2315.8979528750137,0.1357077767726449,0.0,282.04083808348355,695739.8313379857,111.03592771215538,39113.94912494996,1.0798333573277497,83.17832653920007,0.5437463689422903,0.2739016632846756
2355,2337.1573815294523,0.12411333446317963,0.0,279.06743523486506,696081.6942135432,110.72133031471013,39098.02346591408,1.0798103669281849,83.77824088381392,0.5432664421135452,0.2728645898575621
2356,2340.0949482735236,0.12254609537025907,0.0,257.50296374581905,696402.5364425349,110.6869343361155,39082.10636782981,1.0799590677834412,83.99153906291235,0.5429388695875229,0.2718298699721231
2357,2296.7263228935244,0.13937620428996766,0.0,272.2636683959401,696738.2303226063,110.71940131050032,39066.198520168,1.0822062142928013,83.55156430732845,0.5426732423636929,0.2708013843627839
2358,2296.321431550977,0.13971122961212645,0.0,276.6367446108941,697077.1468614184,110.58281906755737,39050.25653803819,1.0805119898272952,83.58755764870224,0.5423266437913196,0.2697676439784402
2359,2381.0077765398864,0.10115446728800193,0.0,270.21290804294637,697409.6288673511,110.66658725858979,39034.36790179151,1.078745221499966,84.46376256331034,0.5420050204899902,0.26874310726751105
2360,2324.289790750281,0.12124241667294389,0.0,240.07474540127384,697714.2285646374,110.78731164237338,39018.444563565165,1.0783726004362568,83.750744095925,0.5418869255304357,0.2677226340407515
2361,2351.88300749979,0.11754752054494944,0.0,257.889837797825,698035.1277702176,110.81276399089059,39002.57558508545,1.0821972000751257,83.63648801076407,0.541622008506437,0.2667074535874008
2362,2307.7416710448574,0.136891266578695,0.0,258.72993180159176,698357.5973238583,110.8520154688202,38986.71611128608,1.0780116464806353,83.60278035095739,0.5413458122976108,0.8653439049568306
2363,2353.083553886445,0.11612213318361442,0.0,263.7897203786759,698683.9769573173,110.81267826974457,38970.79903418602,1.0775778197136259,83.53103343527793,0.5410907759001774,0.8631105736621691
2364,2367.8438580137176,0.10815593455951356,0.0,245.4717260871065,698993.2441208439,110.75282596624172,38954.95780826408,1.0747548954483734,83.60199196144653,0.5408329922169082,0.6034803347237414
2365,2361.66969017076,0.11099804273889202,0.0,206.31854044042342,699263.7095198726,110.75626290574546,38939.12609775076,1.0668369956604746,84.52058212720749,0.540596866241158,0.6024111657320645
2366,2334.141898330041,0.12352913353447448,0.0,250.9541981387075,699578.5953018627,110.69803322302803,38923.303412395006,1.0741664890079856,84.52842374287464,0.5405690323678527,0.5971213460108231
2367,2377.74770909984,0.10333379943221577,0.0,243.74827148997474,699885.5301814264,110.58880043572096,38907.49040606692,1.0687745618067253,84.6710072740565,0.5405439883116024,0.5980830972220019
2368,2367.9463170929293,0.10809770557768184,0.0,235.9815723864997,700185.815598231,110.74498881324661,38891.686613058744,1.073838880938162,84.81804509985959,0.5405505820893856,0.5956159579025666
2369,2387.449697081711,0.09685120996478447,0.0,221.61494588801196,700471.4577028726,110.66992049018806,38875.89049780499,1.0733634902143971,84.85716727623773,0.5405880886042489,0.5935169353994638
2370,2331.3248088403247,0.1275433851091209,0.0,223.99964471405804,700759.9996689279,110.62789120347608,39022.0761183115,1.0773294922627092,84.20577214878007,0.540606897894574,0.5911038800995811
2371,2321.2145295132113,0.12565772669699693,0.0,265.98059684517824,701088.9968229635,110.88134097194552,39006.21053734665,1.075748903757119,84.65066237282366,0.5404851415701687,0.5886307617128637
2372,2359.689348645496,0.11374150620396062,0.0,256.73971387298144,701408.5148205346,110.84616720739321,38990.360454779315,1.0761114387124395,84.15405052688378,0.5404645122843914,0.5869570309278913
2373,2339.779393854042,0.12086138679324976,0.0,234.3874100276483,701706.7082844665,110.63186454046567,38974.46751545894,1.0818488302786786,84.63896087861016,0.5403384515813067,0.5853059444921485
2374,2326.4332596816907,0.12487273715883818,0.0,253.04047901883962,702023.4616921558,110.66192347117409,38918.181050274,1.0826197879556667,84.69005937840197,0.5403223236311501,0.5846383439333636
2375,2357.549702966264,0.11525683104131612,0.0,264.9079111697577,702351.7292429237,110.81539895120531,38902.348889121415,1.0800649502189252,84.17545621185637,0.5403177757427893,0.5845806617317919
2376,2353.199776463181,0.10733956340023831,0.0,233.59081033843705,702649.4556332673,110.7722734379784,38886.72616237496,1.084251682654304,84.19045684320241,0.5402031798530534,0.5822418981695705
2377,2318.3445531660354,0.1327356714573219,0.0,249.59709993354932,702963.1929351976,110.93833072482522,38870.91385840375,1.0837007518161412,84.15491702005328,0.540097366049901,0.5810420367854761
2378,2359.5694104263694,0.1134199491754212,0.0,240.17883039645,703266.5922183421,110.58518697715995,38855.109303450416,1.077943416792237,84.78768986863429,0.5399891065883011,0.5796329565036444
2379,2326.035025161745,0.12450928911506742,0.0,261.70262432157955,703592.5628981289,110.8278415094362,38839.35398190806,1.0798120972406653,85.00545784199191,0.5400215409378077,0.5786480937754561
2380,2333.6403765818472,0.12738256372995238,0.0,260.4011362026592,703916.3323034833,110.66761115622548,38823.56715195169,1.0804487401448495,84.3989259150666,0.5400987756031075,0.5774869756095029
2381,2378.8085150526763,0.10345560936456266,0.0,246.8112968497124,704226.7079460382,110.93604178293184,38807.79044130638,1.0752996437124347,85.17603663114534,0.5400421470383714,0.5755327769138319
2382,2384.866324809929,0.10079721230876015,0.0,234.4047865675014,704525.8511756278,111.09084375391417,38792.02432280533,1.0837652606411052,85.3094280888268,0.5401544849136435,0.5732413485299332
2383,2380.0019571851717,0.10579151988290136,0.0,228.14944945913817,704818.8576602072,111.34338705132627,38776.268382351984,1.0788173008684245,85.29243593570298,0.5402895054961182,0.5722091138653411
2384,2379.839615592652,0.10451557043691395,0.0,228.25286592200553,705111.806272487,111.3389900335714,38760.51964972794,1.0820937428828108,85.25926818059447,0.5404139118918916,0.5699338559272746
2385,2378.191233351668,0.10652981992029387,0.0,225.9754599263697,705402.4523798489,111.48838947528604,38744.77791346709,1.080391363466463,85.22340092122131,0.5405247453647648,0.5684616392026385
2386,2372.6688467081585,0.11015377600786469,0.0,228.22938964993324,705695.2845871961,111.36624517105743,38729.044534985565,1.0788915090856548,85.21848458003672,0.540622130510628,0.5673980822857345
2387,2357.928825401367,0.11622880489797749,0.0,233.3757369803542,705993.0910471802,111.25277736121319,38713.320833295664,1.077059508511394,85.24971118570463,0.5407133774060522,0.565107478530166
2388,2361.5042942278023,0.11543425901273963,0.0,250.17371413575876,706307.2876924885,111.21682583082907,38697.6070727685,1.0829078027915073,85.34344804075874,0.5408064988824596,0.5635857378214553
2389,2349.4882033630147,0.1227204664824697,0.0,253.1937478663503,706624.5664287059,111.19960951104052,38681.90228681811,1.0791758476719808,84.83595719278362,0.540914795146229,0.5617381337949894
2390,2358.946210332594,0.11670704467109516,0.0,226.37631160177062,706914.7122920682,111.25868554117727,38666.205967066046,1.0337516130727253,85.38817572097285,0.5409088293117588,0.5599290221684612
2391,2372.9475819308977,0.11220100129121413,0.0,266.84840487592993,707245.3741895556,111.18507820622068,38650.5182756799,1.067842475409081,85.55243797463918,0.5410336239986292,0.5576696459034167
2392,2350.036714732685,0.12075230715479568,0.0,244.6596319590975,707554.1343563555,111.28399824805912,38634.83945078563,1.0689563908384576,85.7295366992403,0.541187068440821,0.5554388040010849
2393,2367.959587381962,0.1122116581856627,0.0,259.2071639564869,707876.7820645039,111.50713814287874,38619.17532043984,1.0682350061895576,86.15149397906606,0.541370463557197,0.554573583691905
2394,2392.1424205039784,0.10201728736563143,0.0,234.03397069229055,708174.7186010111,111.47264083874421,38603.519996260664,1.074516892971097,86.21318498890723,0.54163472927065,0.5548595146665036
2395,2350.01995665262,0.1158676886750426,0.0,218.48658377494684,708457.7640875637,111.66096171930235,38587.87352409521,1.0699988497275865,86.17620186555266,0.5418987150989407,0.5526516188572259
2396,2351.3139736565718,0.11508438787242337,0.0,240.47849237374567,708761.6980460838,111.63851317359891,38572.23622647631,1.0641951025364427,86.07727149294135,0.5421412532849016,0.5516068839397121
2397,2353.141147088661,0.11480898764341096,0.0,245.42602165175452,709070.6140835419,112.12484564260623,38556.607956001186,1.0711292953791438,86.12549189311373,0.5423501926210093,0.5493445373582233
2398,2354.369892757573,0.11430763360497442,0.0,241.5010228276338,709375.6258441402,112.1414615004385,38540.98836668338,1.070490649479294,86.14221113068548,0.5425586838694709,0.5471592386192583
2399,2355.698037316438,0.11405772435565309,0.0,232.21020880340006,709671.3909873976,111.57203096631478,38525.37787142067,1.0678266307364888,86.2254974992411,0.5427600068156669,0.5453373470220129
2400,2356.4903321061897,0.11371479978959054,0.0,244.1226250748456,709979.1015521379,111.69283908005741,38509.77686822526,1.067002820870744,86.09376343152587,0.5429438071369197,0.5449890465190208
2401,2377.189907078326,0.11288413533035158,0.0,235.17703909583315,710277.842805325,111.52343703070618,38494.18427930913,1.0731265580069798,85.10434925997974,0.5430899535602186,0.5428061282586327
2402,2334.6714781508194,0.1270330039953238,0.0,246.29690689041212,710588.2400716044,111.53708724900312,38478.6011312366,1.0695080083480262,85.20485695407879,0.5430167543283368,1.7615870073151427
2403,2372.4264829152066,0.1162613819377405,0.0,255.24095973074185,710906.4580855505,111.47982496880738,38463.02691500893,1.0671085013847565,85.0718001207381,0.542998294496086,1.7550502801204289
2404,2390.937195003415,0.10392049925786395,0.0,236.01255498072362,711206.4207267598,111.43108011424398,38447.46126385996,1.0736104610111041,86.21463654165764,0.5429518445417927,1.7490764992128618
2405,2331.2916559765636,0.1305527589662322,0.0,242.23378703783595,711513.0507103336,111.40255505361839,38431.90462665135,1.0728360883566623,85.18595768873334,0.543151872095008,1.74251610351115
2406,2357.207186146827,0.11505137196681547,0.0,250.87636627760003,711826.7631278045,111.4288425280194,38416.3569193206,1.065006456362431,86.22744923593756,0.5431212313153384,1.736756345840348
2407,2331.5839381629403,0.1304510644628628,0.0,254.58414407147228,712144.8561250691,111.35490041643611,38400.8183054377,1.0673275389178631,85.2551747198846,0.5433145880229246,1.9429547674572802
2408,2358.3347637868214,0.11443678070999541,0.0,250.9462798842755,712458.6436221938,111.26924748316262,38385.28872609002,1.0611040049588585,86.23960509314833,0.543294872476812,1.9362562545821618
2409,2395.5055500040376,0.10212819393374584,0.0,230.7063892502593,712752.8574825381,111.25155615976185,38369.76805251697,1.067860350994923,86.38487595037869,0.5434863516181102,1.9296532975711216
2410,2358.315271876822,0.12174883674663761,0.0,230.86253672623428,713048.1774421833,110.9597281434879,38212.37383961178,1.0693433248381197,85.42888934942985,0.5436987985888218,1.9218966602427372
2411,2362.6780327643596,0.11329609752769632,0.0,246.35698839376568,713358.002854445,110.92968244439804,38196.949239649926,1.06793630855419,86.45087881746207,0.5436829737246833,2.034822666199318
2412,2330.9687977456815,0.13399835245686087,0.0,246.70795275452866,713668.284664365,110.82237060093733,38181.53353409401,1.069461371975725,85.23495285427872,0.5438890998469804,2.0282417157719124
2413,2331.235953509306,0.1297188471887506,0.0,274.3187203777204,714005.3332436787,110.8379445343059,38166.126839805125,1.0677711897776985,85.26821168183218,0.5438241474769488,2.023915495012659
2414,2365.344834292382,0.11265906521269275,0.0,253.21447364420925,714321.2640506657,110.95691882965939,38150.684868953016,1.0696079926532702,86.550423488638,0.5437691655670097,2.0151359801090507
2415,2367.7383199371393,0.11155094360574525,0.0,236.9416162001741,714621.8188031131,110.85704869739672,38135.29780810753,1.0653164499221432,86.67043236932616,0.543990820515079,2.0096527198011813
2416,2370.204557350006,0.1007011825968872,0.0,224.88069783480466,714910.3855282625,110.82732359136112,38119.919383579676,1.0653425526709268,86.6476229284515,0.544226532811489,2.0046176263497557
2417,2371.317015034209,0.1093632313810281,0.0,214.76905839295216,715188.8849834704,111.1521747766342,38104.55012367059,1.0691832326103081,86.63770847548092,0.544445038383248,1.9965428070456142
2418,2337.77536721285,0.13194149968306723,0.0,252.67874330464758,715505.3309113332,111.33234972479295,38089.18982402263,1.06936191571719,85.21193606961592,0.5446498871141507,1.9890182563513576
2419,2336.7968032633084,0.12626604176669043,0.0,259.7814215960862,715828.0101060822,111.15489121990893,38073.838030542065,1.0681180233103524,85.19113281971715,0.5445387858086651,1.9824234738492805
2420,2337.247018110039,0.1323108120550167,0.0,263.2587082677794,716154.1225679393,111.33127269936206,38058.49522893464,1.0720437701746868,85.19414894787302,0.5444283520654932,1.9729299733538426
2421,2337.946242583278,0.128343899209152,0.0,261.86921074172693,716478.9719412066,111.13831532122065,38043.160969598255,1.056534752648978,85.23356062602461,0.5443235827231626,1.9674396426331953
2422,2372.4925855409397,0.10781697256286038,0.0,244.51582166710062,716786.3776464631,111.30474764796918,38027.83585859735,1.0607607364237777,86.59629918805707,0.5442320824619529,1.9600622982414109
2423,2342.963736174304,0.130561704920651,0.0,242.8645777436201,717092.9973529275,111.49908741182503,38012.519575197475,1.0742940364239675,85.46278168687911,0.5444363307755785,1.9512154030451256
2424,2342.059858470654,0.13082644300504453,0.0,262.5961971456398,717419.4261787223,111.49310889149626,37997.21199492787,1.064663452474719,85.46736469403193,0.5443871821043679,1.437896458502479
2425,2350.4530373063067,0.12778353394683828,0.0,269.8990164738519,717753.0895394536,111.44066768417201,37981.91353671164,1.0683208665514476,85.65041279814491,0.5443286617014182,1.4298693010044587
2426,2347.855667887763,0.13061425403208982,0.0,261.25095719553696,718078.2943659475,111.49407287946529,37966.62379926048,1.066475635666054,85.60534917099503,0.5443118029911778,1.4248460824803146
2427,2383.217885524127,0.111663867291944,0.0,258.76716593361596,718400.9237434046,111.54918052328031,37951.3428717465,1.0722500651730582,86.99242610624528,0.5442857650237032,1.420448051962012
2428,2353.676420703503,0.1295999966943746,0.0,216.70023624870515,718682.3727407485,111.38017285364704,37936.07087849586,1.0559739581701169,85.84524364928096,0.5445575048110435,1.4148801839914142
2429,2389.207065049742,0.111311788864913,0.0,271.2679663313767,719017.5014171647,110.94042012121693,37921.41005957794,1.0574549535671567,87.27929712552118,0.5445696473356472,1.4015503441079886
2430,2396.233016912694,0.10748606740417865,0.0,-45.5689009045592,719036.6771061535,110.65401612735332,38298.17513248015,1.0649667521585218,87.49612025401127,0.5448625080733284,1.3978466928184332
2431,2368.64559774993,0.12582028921833377,0.0,483.89018982064863,719585.4226093548,110.37784974951636,38282.68001808004,1.0477943831780727,86.45547026376357,0.5451866456753536,1.3977243038592633
2432,2348.5334744650772,0.1266631808384756,0.0,322.29183365597476,719971.8125243417,110.92353463002654,38267.23191026873,1.065225461728224,85.75437429662541,0.5452714668574327,1.3944966457807482
2433,2371.404003899305,0.11304448669868616,0.0,260.6224073670081,720295.4477863694,110.51692289778103,38108.828244999415,1.0626783200637302,86.69529405825836,0.545201624429169,1.3898666010796887
2434,2371.902793398029,0.11200947194912281,0.0,241.70125381461241,720600.7562477407,110.60600959978275,38094.05491501953,1.064544780388156,86.75450839620318,0.5453237910962456,1.3766658067253275
2435,2341.9884209423644,0.13013195660895216,0.0,243.58211134129766,720908.005581788,110.37352337232716,38078.712506787706,1.0595969944722898,85.60419637702392,0.545451875475264,1.378422516432579
2436,2371.1644961162583,0.10224185663958252,0.0,246.38711191031354,721217.2588354098,110.62063954770633,38063.43453933259,1.0636140344688396,86.68451852758253,0.5453271056014511,1.372143226474975
2437,2370.838621260135,0.11173569798435912,0.0,223.74646594265727,721504.6450327042,110.60055300364765,38048.573498035934,1.063285352228253,86.64873214853331,0.5454393905716464,1.3642017142706209
2438,2339.2169794520432,0.13136204800044826,0.0,248.52798780553525,721816.832549219,110.52951733386047,38033.25370962989,1.0613503923036542,85.44867147872225,0.5455378914800747,1.3644983920302138
2439,2334.956160841722,0.1335168057510101,0.0,262.0026412900399,722141.6445668071,110.40305301911958,38017.96220627977,1.0603758273214599,85.31605457300836,0.5453743497944262,1.359086842636117
2440,2337.153406880145,0.13114957000947747,0.0,262.4331751307823,722466.7780026032,110.16471499661873,38002.61519262835,1.0623311719189692,85.42259471534938,0.5451902735122337,1.3535199635319088
2441,2337.717844593358,0.13035046258003624,0.0,268.81934234556644,722798.3627264616,110.15937904160408,37987.321520186735,1.0640492053363138,85.45342423860859,0.5450378786302316,1.3486500185260013
2442,2336.3313411036415,0.1317571409745848,0.0,273.91827447990016,723135.0701285629,110.17206118096448,37972.036642309904,1.061320771868042,85.42360934159657,0.5448993873643609,1.34447914354908
2443,2338.5151006559154,0.12941525912495067,0.0,270.25111316334926,723468.1148965792,110.22341088170425,37956.760475486706,1.064382900007284,85.45063626147328,0.5447611420416414,1.14901392263738
2444,2338.953695752635,0.12937444902887085,0.0,262.4407707345942,723793.3860683884,110.09372952199976,37941.493004731004,1.06508437682883,85.42114806380859,0.544630632298352,1.1452421221049178
2445,2337.617556091419,0.13098444906922413,0.0,261.7326223659619,724117.9643146049,109.60979598386884,37814.57089209884,1.0647452820335244,85.38811686921403,0.5445000693122267,1.14148224738841
2446,2340.6692792215817,0.13001649227389767,0.0,267.9907095416024,724448.7722156319,109.45548638003424,37764.177438948864,1.0623560786716395,85.45238244004359,0.5443562183041911,1.1375338104714672
2447,2337.494518065133,0.13009678176850092,0.0,261.2888995671408,724772.9523276454,109.33688492984203,37749.08949192811,1.0682833350308856,85.24773871658434,0.5442406657226746,1.1300065304036764
2448,2341.1120491414868,0.12863807723360898,0.0,270.37478292488476,725106.1302990305,109.30572255072096,37734.019048034614,1.064527944046104,85.43843994003606,0.5440791298293162,1.1270692939092442
2449,2339.797594719739,0.12913100214938666,0.0,265.5460437858481,725434.5864353945,109.65497143325997,37718.896122453116,1.0628282957669979,85.43467478638723,0.5439662614167775,1.1238450739976997
2450,2340.5145982022996,0.12861132357082583,0.0,268.26324170311517,725765.7250803811,109.71921563748167,37703.781917407825,1.060803933578829,85.42989702276948,0.5438704708158196,1.119727136536369
2451,2342.9195882494178,0.1286605625673206,0.0,262.0558701447623,726090.6755236905,109.59186853914369,37688.67641028408,1.0617478253820438,85.52169025676122,0.54377817818888,1.012604788346323
2452,2341.3051911277767,0.12640027317078006,0.0,266.4094706338125,726420.0298998106,110.03926668076991,37674.24918595434,1.066856810290363,85.46858479212692,0.5437073637340134,1.0087905327157216
2453,2341.078828774476,0.12909521098821508,0.0,258.1493923748869,726741.0788661445,110.0097816232126,37659.163318016996,1.0611320438459455,85.43912273173868,0.5436284672470698,1.004913415893526
2454,2339.5551599646365,0.12882967946796053,0.0,255.67961051946645,727059.6881766734,109.87969980977105,37644.52330223164,1.0631609321927165,85.4590767818303,0.543546956892145,1.0012063895321148
2455,2339.0369933272177,0.128470764390338,0.0,258.1738924961789,727380.8194624486,109.82396327567227,37630.32192610873,1.0611918536225202,85.3945832241568,0.5434735462334925,0.9974354478170255
2456,2340.3946517074382,0.1284604091045426,0.0,262.53696985517666,727706.2536046085,109.8221721212917,37615.91717090517,1.0600919581448054,85.44678998873115,0.5433897560711125,0.9936014803174658
2457,2341.7587290105166,0.12682134479893814,0.0,259.8990043878042,728029.0805321933,109.78905418041816,37602.06175492769,1.0642452262546023,85.55437944865399,0.5433210845823248,0.9898600839482299
2458,2342.9263255824167,0.12767801779558774,0.0,255.0423684961154,728347.0965699295,109.81188010302994,37587.77230913924,1.067746119927858,85.5825734197304,0.5432786260190476,0.9861285346941884
2459,2343.7538222752078,0.12919685609690346,0.0,266.4982510462704,728676.6148046986,109.83479812049431,37573.45835681303,1.0606459471472989,85.61140368293307,0.5432565536067536,0.9824972976071251
2460,2344.8594059578345,0.12880164798926685,0.0,-284.78379123917705,728454.8773549048,109.76411032529202,37765.78465121409,1.0602612199188586,85.70044065741516,0.5432040463788798,0.9789941490024034
2461,2345.661292739839,0.12804247445843497,0.0,680.3376328726938,729198.2365666521,109.57584600189483,37750.94977727066,1.0503601701991752,85.61412056437449,0.5431729778682965,0.9750275452863093
2462,2382.0870262651483,0.1085762341574632,0.0,354.6477600299739,729615.9312650177,109.68528017170105,37735.986803589556,1.0578778351579614,87.23637806206864,0.5431247311632893,0.9716351905200327
2463,2389.419096338732,0.10448732408341466,0.0,248.6200908154849,729928.6548469161,109.69378559392796,37721.437834430326,1.0639336818111513,87.44893308853763,0.543425822713014,0.9677009210371637
2464,2388.4328851741016,0.10524051196285189,0.0,218.20120341486296,730211.1165462284,109.71741731021788,37706.79745451976,1.0662518763216846,87.46218564547947,0.5437569469118497,1.9898388413962778
2465,2385.650346726764,0.1076241872156527,0.0,229.28963535728468,730504.5475237144,109.74038181762802,37692.075355714485,1.0658034936845835,87.36324134075355,0.544098961406858,1.9819705352332448
2466,2384.0885441228684,0.11011252096808832,0.0,232.3443815807437,730800.9353825678,109.92049552747378,37677.26906431384,1.066989173085957,87.31083145646225,0.5444020927735489,1.086248131724318
2467,2383.5310393980276,0.10172184373717663,0.0,214.98958009214203,731080.0146496252,109.81268201608677,37662.19349123284,1.0630294382315961,87.31298292048993,0.5446565983234516,1.0134495658714116
2468,2378.3634154526585,0.11335980131194934,0.0,235.3933200641922,731379.4818436821,109.83316880638667,37647.1263243831,1.0655719859344008,86.87991121543187,0.5448967477896406,1.0085412759198107
2469,2375.2654509856416,0.11614237787324133,0.0,231.06022580965555,731674.3644328237,109.74187169009247,37632.06245494416,1.0552449585308226,86.77593651129608,0.5450317852338649,1.0042272691985943
2470,2373.6850324038787,0.11639256771931161,0.0,241.47602209539184,731979.6193645931,109.82106051267742,37617.01195184563,1.0584809947680147,86.72085476385762,0.5451374492206934,0.9988767292913963
2471,2375.9503847566457,0.11750719152101796,0.0,202.07217927491592,732245.3823678829,109.31672694053808,37507.16811359831,1.0619808252950076,86.83197154812748,0.5452256572855251,0.9940117746668875
2472,2374.951677970776,0.11834719594342147,0.0,263.9228717793107,732573.0956286965,109.34555859168486,37492.1465856811,1.061157572912371,86.79165459348727,0.5453203837416928,0.9883179089999032
2473,2376.942705335807,0.11752686084196728,0.0,249.98871545452175,732886.8355651225,109.27234816975164,37477.17558849237,1.0591149375924658,86.9037814289395,0.5454013555059846,0.9841720234954892
2474,2375.342724458911,0.11591747515378337,0.0,239.5671719951381,733190.1763540071,109.25599743804462,37462.20850883586,1.059958496628979,86.80056643137763,0.5455144094771257,0.9800820492212381
2475,2376.594910716614,0.11709150753404385,0.0,238.64826583560023,733492.4688289644,109.24555560006114,37447.25430999046,1.0603379719014907,86.89479106753895,0.5455993620578422,0.9760063935625283
2476,2377.5166680993784,0.11786441643633294,0.0,217.15905914384814,733773.252471423,109.23059739743196,37432.30891109063,1.0627696288911028,86.95835731055041,0.5456998815971057,0.9714892946825842
2477,2378.537971684978,0.11807302963783961,0.0,250.18705711561313,734087.0349286264,109.5451914283507,37417.37195931746,1.0583736833119795,86.99455908999442,0.5458086106634138,0.9674117086161118
2478,2384.0494147028144,0.11746286726658439,0.0,253.75857125712486,734404.3482373634,109.2005439118527,37402.44179164047,1.0589900988297278,87.22578470630933,0.545919289005872,0.9623471928199194
2479,2383.4193091110265,0.11583444546757027,0.0,265.0091547575118,734733.1284331505,108.96942965528947,37387.47149717624,1.055225179530698,87.29010497592205,0.546073528069212,0.959288058191305
2480,2384.9123105651483,0.11494383419880871,0.0,243.1587094219455,735039.9402634375,108.99470691939138,37372.55448834163,1.058230482924898,87.39391733270335,0.5462459443496899,0.9552527648113482
2481,2385.7689685068503,0.11541980800080187,0.0,242.49001211821292,735346.16163612,108.87826487970446,37357.64648265539,1.058726729294682,87.32748305917838,0.5464440464078996,0.9517067919038027
2482,2382.835910472418,0.11600583382905572,0.0,234.9480083792621,735644.8468405827,108.87183534600543,37342.74729293325,1.06637487038704,87.20600921450404,0.5466176323287381,1.6800993376348003
2483,2382.0354058246876,0.11688835238892925,0.0,249.54604725420154,735958.0038118924,108.92305664874057,37327.855395865685,1.0538132214863964,87.17643020256233,0.5467740107429336,1.6743012179446168
2484,2381.137718193419,0.11756986995746366,0.0,237.4360507153985,736259.0385333075,108.88501200370462,37312.969573363574,1.0608332681061,87.17897711330251,0.546915743876081,1.66802716292608
2485,2381.1688105405688,0.11727698364135142,0.0,240.06278062909723,736562.6555229252,108.86210434155699,37298.05127030108,1.0637093268024354,87.14658257433585,0.5470504319488511,1.661384846491643
2486,2381.8596738683964,0.11825416781012565,0.0,249.96142704441888,736876.196066986,108.9846925207632,37283.18495087784,1.060284709936554,87.08452770546386,0.5471709424596898,1.6545212532401479
2487,2380.889063815965,0.1196505780763587,0.0,245.34985891847487,737185.154616025,108.53661458331905,37268.28087682458,1.0597483410352708,86.98737939384283,0.5472716365525213,2.5314518753173445
2488,2379.930475098528,0.11982704098847907,0.0,249.52340864118474,737498.2496779459,108.75241834219715,37253.428153229535,1.0576252544521045,86.97240249783299,0.5473675604600557,2.521039387333758
2489,2378.684463729573,0.12019819567161427,0.0,239.19692227943005,737801.0394729114,108.89105332497248,37238.58376224438,1.060484015494198,86.95432664348344,0.5474548221201135,2.5097794285730117
2490,2379.620884935423,0.1205161661705495,0.0,6.797081045151117,737871.3591916908,109.25522246285186,37223.74780153649,1.0573324712900662,87.01026245469984,0.5475082081112903,2.5003161021927554
2491,2384.2708197741467,0.11985436274200201,0.0,429.9345498214176,738364.7319937608,109.13481424574444,37208.9393356184,1.0452062209025785,87.12617729136977,0.5475702761949262,1.7821415807098049
2492,2401.5825685936175,0.11022909777472978,0.0,286.5016672680437,738714.8498216792,108.81710881180528,37194.153004745625,1.0511260817087251,87.92504929321214,0.547636137873864,1.7747652843553112
2493,2403.7091237645704,0.1072817336571914,0.0,238.48054243088154,739017.3091702132,108.78043327414018,37179.34457043871,1.0567150823306797,88.09517793853449,0.5478691510545308,1.7673721101553213
2494,2403.381568212956,0.10631799443754375,0.0,225.0488328505554,739306.3108405363,108.82984740936894,37155.53574785804,1.062580573163867,88.13812979860805,0.5481263346936679,1.7579406181709203
2495,2418.533265122248,0.10510230551763877,0.0,227.5108991660814,739597.7640642341,109.05836660199441,37140.74627592343,1.0577997936445016,88.06790071968469,0.5483792011968472,1.753851221526162
2496,2402.5735420721135,0.10823567305857884,0.0,224.3872925758938,739886.6419365427,109.05853329746826,37125.96112593546,1.0589940649432905,87.92363859817138,0.5486038745495623,0.8534336997171579
2497,2402.3543921726814,0.11051926518392996,0.0,241.18462839371796,740191.6733626424,109.24410444660124,37111.1844634842,1.0520555666001283,87.91387867328609,0.5487640664997263,0.8505143423135166
2498,2402.459453561346,0.11110201835453459,0.0,226.34869105931756,740481.8661642853,109.14720999640627,37096.37233424569,1.0607791243020637,87.96099336483583,0.5489137748914189,0.8470318643569215
2499,2401.4086994892086,0.11305394611063635,0.0,232.15422157970477,740777.8623217342,109.03429315447764,37081.619728595455,1.0540687749562467,87.97571100598405,0.5490656836709119,0.8438486320495713
2500,2400.6597256967375,0.11422997687775549,0.0,140.12973852685718,740981.8354567244,108.76499391292064,37066.870446504654,1.058449763813097,87.88767045956911,0.5492127542936759,0.8400409298837701
2501,2400.383114361227,0.11454311555930752,0.0,311.2203957984894,741356.8297677936,108.74662602503281,37052.12942097909,1.0585092687087767,87.91536188335748,0.5493207400738206,0.8368895848203692
2502,2406.2634934620255,0.11131390484416503,0.0,250.7694231474677,741671.3717231216,108.66411965521073,37037.39912485873,1.0603106495654464,88.13883027382825,0.5494288762948045,0.8343822579386142
2503,2406.7732205157768,0.11161011303593693,0.0,240.63347495875905,741975.9300115875,108.851577758608,37022.63420376316,1.0613880586710256,88.10799705154605,0.5495790661428374,0.8312471319485439
2504,2410.524703452612,0.0964339048044176,0.0,219.08890326348177,742258.9647465504,108.60021404845024,37029.213470213035,1.0624365950355623,88.10532276210073,0.549727235118165,0.8274918763668779
2505,2406.0291670142105,0.11437087508834953,0.0,215.36216050360076,742538.3880203343,108.74350407869406,37014.46373638533,1.0570931162680373,88.05703950012999,0.5498670107831791,0.8250202607772223
2506,2404.154768095743,0.11693104157178402,0.0,240.18280757689678,742842.4800718827,108.66884739121471,36999.765109693006,1.0549313768546553,88.00903200505114,0.54998908563969,0.8212886673059643
2507,2413.584041435709,0.11575531660097771,0.0,228.6990894040615,743135.0103385285,108.40649768584935,36985.03332307471,1.0562211444947072,88.0323035272017,0.5500943789427764,0.8191287879759557
2508,2405.3863876682803,0.11594711402306557,0.0,246.21238178939888,743445.3751167255,108.47007841409011,36970.3527770398,1.0537220882093778,87.94457273784762,0.5501990277748258,0.8158029737524544
2509,2405.4436237132877,0.1170115831011247,0.0,247.1391619554093,743756.381429012,108.68819289099206,36955.68418699691,1.059807122559137,87.9911040295957,0.5502792806980887,0.8129815296871072
2510,2404.3526067858834,0.11812456671456528,0.0,238.96829393737193,744059.1951023124,108.6113044865376,36941.01944554667,1.05819998624412,87.9531184375855,0.5503775947481958,0.8099253174128194
2511,2403.9526949248593,0.11917326663880334,0.0,245.58582176017745,744368.5944824194,108.49151580527997,36926.31932211619,1.059470735629139,87.94176677950063,0.5504624829251646,0.8059605116095554
2512,2403.0268109499534,0.12028087194003056,0.0,249.77938817974405,744682.1684111105,108.70165680787113,36911.62797778568,1.0594371119649597,87.841636037991,0.5505402989881473,0.8038588792711892
2513,2404.176493522228,0.1191079658269596,0.0,248.42242059792426,744994.3654930424,108.59042815406407,36900.63931106725,1.0537403069694011,87.92411624031597,0.5505924458927612,0.8005491690032898
2514,2403.9250876795736,0.12118424114014448,0.0,252.87712974038402,745311.0508849428,108.69863012443581,36886.807061421154,1.0462843592960853,87.97108863993749,0.5506592669031249,0.7975426087512005
2515,2413.055896075814,0.1199654654149408,0.0,246.96481780224997,745621.7859934215,108.6615179650284,36871.262233662696,1.0536208089585688,88.01350405068244,0.5507324307901987,0.7948356374932075
2516,2404.2327323892373,0.12171696148045485,0.0,258.49100699275766,745944.3561364783,108.72260699096091,36856.60459506194,1.052141116688461,88.04245512121594,0.5508106495534822,0.7906819301059613
2517,2404.449702628359,0.1215656955560035,0.0,251.10049758658113,746259.1911265262,108.62897407986682,36841.95958359148,1.0565522030118788,88.04518911178477,0.5508907512358352,0.7880505202683707
2518,2404.625392694043,0.12154954493313397,0.0,254.16097470651096,746577.0745911899,108.65825716044165,36815.57602858032,1.0557475482847802,87.9091662245367,0.5509670672176197,0.7851095043889984
2519,2404.2854821170645,0.12195890385681862,0.0,255.9934954079,746896.7885703978,108.7210494646269,36800.943886231355,1.0569913271264022,87.93617096882639,0.551010086483686,0.7809902695624089
2520,2403.9691350658563,0.12223585100002221,0.0,252.51963178058014,747213.0215303829,108.53858138780629,36786.31808464763,1.0509191195408458,87.96161956004036,0.551031380417528,0.7777566351485063
2521,2404.7035716390506,0.12152547598810959,0.0,247.7089493016137,747524.3172804504,108.58105444714917,36771.700776000995,1.0608131033357413,88.00556771710157,0.5510567002762864,0.775401007281971
2522,2406.2637753726103,0.12110094418207606,0.0,247.36471173698783,747835.2659216777,108.41043649587651,36757.09184664228,1.047119286710228,88.09676051979123,0.551089824058052,0.7722214780552292
2523,2408.851725604564,0.11909997050976029,0.0,243.0604745939712,748141.8614726329,108.35223302595097,36742.58929501267,1.053565548114767,88.24310084166918,0.551140448977733,0.7684211805466248
2524,2410.6363394424607,0.11918685380581617,0.0,253.57914212140616,748459.3196211368,108.47969316423772,36727.99830256935,1.0533897176751943,88.2952693145596,0.5512194792455042,0.766152763034853
2525,2435.037572605587,0.11261542184606066,0.0,248.29700635966532,748771.5250227032,108.34535280082058,36713.41624556351,1.0406145582060526,88.4237367408216,0.5513053670726451,0.7627331739420526
2526,2417.272780741558,0.1160920678408659,0.0,242.87838289297787,749079.0992826917,108.5855221132587,36699.77544764505,1.0518363063585012,88.57387981688738,0.5514140659238514,0.7596030105258365
2527,2419.1644519501156,0.11378832118234505,0.0,247.19774617886912,749390.2922056122,108.615781001942,36688.71456929413,1.043760105156066,88.6649417409356,0.551549070398606,0.7564751315075569
2528,2421.459921855616,0.11465779409618859,0.0,238.24047931869688,749692.5656203905,108.53381221815603,36674.239847689794,1.046593972514766,88.79732388974094,0.5516964094545086,0.753362611596117
2529,2423.538835251319,0.11480855024506953,0.0,248.92164325769988,750005.5608008886,108.61234723893482,36659.9170081177,1.0529988498976466,88.88766725027307,0.5518767855914068,0.7505492759030119
2530,2424.7868527814685,0.1133091523990366,0.0,244.17419038299028,750313.8459332284,108.17783742841284,36646.23078615653,1.046552072897559,88.88871487977795,0.5520670584920687,0.747575624704524
2531,2425.4521258064524,0.11457495885793934,0.0,249.70260827169147,750627.7185708565,108.20104354532724,36631.70506479162,1.0515713198851064,88.92303534375705,0.5522476133602515,0.7438594127760325
2532,2425.3974142126763,0.11493840152202695,0.0,243.1422264950383,750935.0365743984,108.12816596669488,36617.187277011435,1.0493173999640037,88.93498410218706,0.5524260398814095,0.7407588347726062
2533,2425.339430003327,0.11434097312611868,0.0,249.07661651201494,751248.2735079305,108.34601733674414,36602.67728711255,1.0530820153015286,88.79424971936027,0.5525976704571177,0.7383011545252884
2534,2424.26469765434,0.11584800874879086,0.0,237.252781937394,751549.6945304242,108.16481516965742,36588.17567409888,1.0471648543288385,88.78300269591828,0.5527301869998744,0.7352538467990541
2535,2424.0891301047277,0.11498533672430278,0.0,245.62334466299205,751859.453812633,108.6401119379728,36573.683210264,1.0519937806637434,88.75604297765058,0.5528532557145616,0.7325054754848281
2536,2423.8091120489325,0.11546721997555143,0.0,244.0774174454471,752167.6378101652,108.61162672678799,36559.200828528454,1.052145758823771,88.72588029743459,0.5529639964016297,0.7293698729922369
2537,2416.590781392325,0.1205837997190029,0.0,244.2380648309532,752475.973569389,108.6369590215331,36544.72985022563,1.0535419618716617,84.69083202482369,0.5530623346335378,0.7263503442210606
2538,2412.140865775628,0.12394207842390925,0.0,250.27152538126893,752790.1796698573,108.44458398275279,36530.26603407499,1.0488480748856652,84.70091281625612,0.5522918547660305,0.723350285896629
2539,2381.6729168166257,0.14388964680541627,0.0,267.4092574407449,753121.4243616044,108.37433587208147,36515.8123639788,1.0580973103267228,84.68600834343852,0.5515620301909314,0.7158143920544262
2540,2328.0733226180128,0.16569902897835231,0.0,310.19559629877983,753494.7672501272,108.6669289529471,36501.66750314856,1.056449642940694,84.57406660556036,0.5508653698348456,0.7131491424232195
2541,2380.1157378810076,0.14471501553389143,0.0,315.2768017967259,753871.9793653631,108.4144094531966,36487.22922583792,1.0465429582776802,84.69476857420466,0.5501795702886915,0.7110854697183697
2542,2367.0309390049715,0.15100292644141333,0.0,306.5033218390423,754241.6528547704,108.49204652807246,36472.803149477695,1.0517075520746506,85.0063273473517,0.5495538992698499,0.7083149998675822
2543,2341.875686392415,0.1568047638960548,0.0,317.86357092467864,754622.3824556838,108.79877169285291,36458.5899452434,1.0539611302145218,85.26753812705229,0.5490261650836749,0.7041442895499301
2544,2346.1592636021264,0.1537758392106201,0.0,322.45313947231085,755007.1571549028,108.84623175254451,36444.41708144785,1.0554767849973117,85.4377471325288,0.5485806333828307,0.702001392068496
2545,2410.9886590384917,0.1208459816126124,0.0,293.7979036835723,755363.4030539708,108.77148847097524,36430.40946571374,1.051896863623282,85.68961813180456,0.5482062284922607,0.6993304195445091
2546,2356.3143547490727,0.1477325171698679,0.0,277.19764687163223,755704.7824115783,108.94772755612766,36416.293241347696,1.0597861433740223,85.95893713004936,0.5479043524637837,0.6939551360498513
2547,2357.8316074073136,0.13748692713551258,0.0,295.15562932261435,756062.664403268,109.23282649772925,36402.172620230995,1.0578856907844068,86.05745722259576,0.5476750236640009,0.6906729971792913
2548,2401.48357095539,0.11143044828055493,0.0,266.7575601291443,756392.1712261944,108.88744765799375,36414.5500105986,1.0556307989649916,86.22949228945419,0.5474780905589003,0.6775660306460054
2549,2399.583262001985,0.13227988957439385,0.0,258.42467026802353,756714.4348700178,108.95349817335187,36400.998045596556,1.0540347166900519,86.30845847571628,0.5473274172908639,0.6899433081271411
2550,2405.9547464415473,0.1300681920166321,0.0,268.1506334706839,757046.2674307298,108.80362576140062,36904.967013641515,1.0608936797689419,86.34393735441661,0.547201381324823,0.6926049126564351
2551,2433.4622722359704,0.12201914763481214,0.0,272.39397778422807,757382.3751128609,108.83888222825313,36890.438533219836,1.052221744199292,86.31637039150141,0.5470891994270649,0.6904431121080563
2552,2368.2422459819236,0.14220316965708468,0.0,275.7655586121593,757722.9564555578,108.94153200058675,36877.45269874819,1.056948817002214,86.42305739581812,0.546976566322481,0.6880721307726105
2553,2427.74835741849,0.12467987232227984,0.0,281.61525159796594,758067.5666941516,108.90552250649084,36863.42931138519,1.0536037395672189,86.42169779147872,0.5468922329091821,0.0
2554,2370.146389926422,0.14263056426960696,0.0,276.9505047093428,758409.1613093144,108.80491020825558,36849.14301256022,1.059493799769174,86.50414750980435,0.5467949272420736,0.0
2555,2411.35984661938,0.12715531798382151,0.0,281.7828238585296,758753.9671467214,108.79094868302458,36835.42512259693,1.053505839864492,86.49587807216011,0.5467200809953221,0.0
2556,2373.4949997015924,0.13094995381488816,0.0,277.6862677579831,759095.6423698998,109.22851033851539,36821.36699455864,1.0597212902564261,86.60954332860824,0.5466471498750827,0.0
2557,2390.6132750777033,0.1363256763134416,0.0,278.6054511276366,759437.3574531107,109.21959948945343,36807.17557590564,1.05870433253782,86.68090212887378,0.5466021330599169,0.0
2558,2411.987522409286,0.12717713250787033,0.0,279.7561355396025,759780.6177778348,109.0776462868245,36792.60162721676,1.0501249643067236,86.7437946799468,0.5465870542150804,0.0
2559,2376.46901881718,0.1391532663595515,0.0,274.2576175994864,760118.8788294223,109.36504504351801,36778.01916837076,1.0632693569778502,86.72727886356894,0.5465861095611361,0.0
2560,2421.1963839097875,0.12737840074224605,0.0,271.41639308909987,760453.4590893646,109.04683769527891,36763.45671143442,1.0595715840811695,86.71676844177166,0.546581593495857,0.0
2561,2377.353209483203,0.13807879155011193,0.0,276.23995954058006,760794.1543979712,108.94312995366664,36749.5217006488,1.0570281666316586,86.73845401712498,0.5465749715973462,0.0
2562,2419.0990531901343,0.12641467370638804,0.0,258.4190634942446,761115.7515782056,108.92016229293088,36734.98353854988,1.011477483117122,86.81352693863016,0.546573240371242,0.47331680800797926
2563,2416.272560889652,0.12724047295057905,0.0,289.4161676574427,761469.3195532437,108.92833306057489,36720.44133661939,1.045184619561022,87.04866738244354,0.546599123662531,0.4680532469095624
2564,2413.0891361486206,0.12781545807348316,0.0,270.70345556319296,761803.9176507147,108.94020237513814,36706.05994724034,1.0496036215690963,87.13318338388908,0.5466737709312086,0.4646650956947269
2565,2410.830274642178,0.1273407222074291,0.0,272.8355499356296,762140.5659342479,109.15569144607042,36692.8567444048,1.0453305333378586,87.21046925505607,0.5467625353053718,0.4624388724100754
2566,2436.710848586072,0.12010125021673013,0.0,259.1350649314735,762463.4492768635,108.89201780854786,36678.56851141982,1.0441608288824331,87.20058113036819,0.5468631850649618,0.5122607781789839
2567,2387.4002713100417,0.1341710449710467,0.0,268.0775209987882,762796.0498064164,109.2245945573996,36664.78130797857,1.0504431567132537,87.20457229348324,0.5469577339566137,0.4560279631828337
2568,2425.895724660334,0.12417397556232612,0.0,273.8371813516979,763133.0249254585,109.0559097082646,36650.33699099009,1.0471401080624645,87.20122026948557,0.5470468672152342,0.4563765855921815
2569,2421.4930182488824,0.12601318629514557,0.0,259.680571778779,763456.9206238026,108.99946318815518,36635.901263575935,1.044336668825195,87.17304107632822,0.5471306698192302,0.45417706934392754
2570,2400.3078491221104,0.13008691207595602,0.0,267.6753123622493,763788.6048621341,108.97234914811743,36621.977706485195,1.0450715639376171,87.07564407512943,0.5472040340554827,0.4500053329777245
2571,2428.690645117039,0.1219121826216617,0.0,266.7944999641758,764118.7352748581,108.84356984425371,36607.558398329435,1.0487170580002558,87.10184424960065,0.5472526246187581,0.44969928174970164
2572,2422.2277887035634,0.11138031607518861,0.0,256.63439660682553,764439.5291076945,108.9037472432473,36606.05110329139,1.0494172066780738,87.14146247729158,0.5473042342619885,0.4457727676363561
2573,2418.842178384804,0.1243948746320005,0.0,184.90911718474814,764688.2691047093,109.09881972055125,36591.68689300151,1.0184169852289762,87.13333453382297,0.5473614933384667,0.0
2574,2387.849018297655,0.13691279391010958,0.0,287.19952654063735,765039.1006685313,109.1343303633337,36578.3621827303,1.0292449187963628,87.22263511000199,0.5474031213893749,0.0
2575,2392.682479625884,0.1336550525052701,0.0,296.66905780857417,765398.6444013963,109.39158316100773,36564.62801092013,1.0407797788527475,87.47417980408203,0.5474616656431572,0.0
2576,2395.894824240941,0.13080171238940486,0.0,290.05760998301145,765751.6716873876,109.51663780120262,36550.452930413696,1.04185861485808,87.5294556299369,0.5475709925467714,0.0
2577,2422.9125129851745,0.12303412862550234,0.0,282.557417042718,766097.2993292045,109.43037192017867,36536.0824273108,1.0411022019823244,87.57159097984265,0.5476865386083442,0.5989805454632346
2578,2426.1864278734247,0.1217394556583935,0.0,268.12427584745353,766429.1282383996,109.48302538203974,36521.75602022841,1.0397971519618683,87.58434144069864,0.5478197866614957,0.5966559016275426
2579,2426.516046301249,0.121666276933182,0.0,258.4821525590499,766751.3770030041,109.6739254108708,36507.41294213874,1.0453567339279215,87.54059788867197,0.5479488372357654,0.594258073659546
2580,2436.369082890453,0.12121236544326985,0.0,260.22386082817405,767075.3579890436,109.45843629956082,37799.31605728646,1.041519141407538,87.54401095846767,0.5480618085527947,0.5918189909181137
2581,2441.445299396877,0.11898141048990574,0.0,247.85689513075903,767387.2939500427,109.37874755503512,37784.253248277724,1.0401572223912339,87.54741658280716,0.5481696001356644,0.5896536454212935
2582,2398.676624570394,0.1304131390078641,0.0,258.6174348354213,767710.1059747516,109.4844468931838,37769.940308469515,1.046223608434822,87.58608922667652,0.5482724767311826,0.5873439277445129
2583,2429.015899850469,0.1217306619475651,0.0,265.3125406681107,768038.4135542688,109.47031645074279,37755.35747554852,1.0453174263842624,87.58807367296475,0.548378228335998,0.5854033621479857
2584,2441.6254745496485,0.1192729421401798,0.0,250.13873209061296,768352.2574562174,109.50348261727267,37740.36960233933,1.0416488969943007,87.68346456502695,0.5484788663318234,0.5829205204000516
2585,2405.122508117259,0.1266626552062151,0.0,258.11720120466504,768674.5220233394,109.7577235548983,37723.33120878761,1.04670119762068,87.69089275089287,0.5486071061558756,0.5807727948019306
2586,2407.0015139252523,0.12828754955488164,0.0,267.82047118907496,769005.5131788703,109.74432123058433,37708.46255267641,1.04228617077149,87.71921287164714,0.5487302553286147,0.578594094516319
2587,2431.5519914779443,0.12266404674712517,0.0,261.67846633150845,769330.4358894054,109.9763711832121,37693.43891530805,1.0447008279768732,87.87301455814917,0.548853038816165,0.5762641968666173
2588,2412.347359287682,0.12476020123394926,0.0,275.3077513323241,769669.6704448033,110.04882740213958,37678.43636510695,1.0450391754894552,87.96105480999678,0.5490023225759754,0.5738927863082495
2589,2437.373990900944,0.11972649532633572,0.0,265.8283317822049,769998.8727833547,109.99988061769906,37663.441660280354,1.040289938887636,88.01070351236628,0.5491626944076837,0.5717948558402668
2590,2432.8879652849328,0.12161259531294655,0.0,250.18175469559588,770313.1439897328,109.90460179891647,37648.45548071203,1.0387463033726574,88.01790392762355,0.5493253837152706,0.5695685430405035
2591,2441.7295865822757,0.1181906807080001,0.0,243.13989244964364,770620.2137280524,109.73615839562125,37633.47853761625,1.0396581021438518,88.02287811906272,0.5494936673608297,0.5673342603946878
2592,2410.652135981641,0.12358921211467899,0.0,254.61887123386867,770938.9636652034,109.94170985235124,37620.20153010773,1.044391117207354,88.0843285713436,0.549654300751334,0.5651236562027293
2593,2410.5275768355255,0.11956105308482101,0.0,227.6413689631034,771229.8702854529,109.81344662453185,37612.57839316662,1.0428734799081327,88.09435866919415,0.5498197535402017,0.5632724150415527
2594,2409.734254519631,0.1245025254080756,0.0,273.7255011932929,771566.8679622271,110.01379820609546,37598.19910059601,1.036999300846552,88.0699049730161,0.5499663017236232,0.0
2595,2411.219651702396,0.12360766900081699,0.0,263.2421610584949,771893.3950852939,109.97789280072038,37583.49646512132,1.0426943148747145,88.12331556255853,0.5500863056460312,0.0
2596,2423.129708892356,0.12236227747762618,0.0,262.31033501988367,772219.0486207791,110.02602030279368,37568.550190162874,1.0392951057417816,88.14083566640227,0.5502115502852125,0.0
2597,2411.9731072192217,0.12449276061733439,0.0,251.16822636015752,772533.8255270589,109.72896673462786,37549.96073165533,1.0411174932128817,88.22123792290101,0.5503340888126201,0.0
2598,2441.940018383255,0.11609686330480418,0.0,266.5694002161111,772863.7355352184,110.04074815427103,37536.35327797734,1.0362518774067404,88.22426608506537,0.5504675123783579,0.0
2599,2440.7381680201775,0.11815905893584255,0.0,237.99931889845277,773165.9467490008,109.67781385261357,37518.04378125764,1.041960093596158,88.39246809225345,0.5505947119801372,0.0
2600,2414.034142453507,0.12414197221301537,0.0,240.1153398595198,773470.2061549032,109.97068624521789,37503.60331241946,1.0078962935725617,88.1948098069133,0.5507513463950829,0.0
2601,2464.892552090068,0.11169075963783992,0.0,262.55272659511144,773795.9917894216,109.77417416301837,37488.67018219879,1.0357382165620697,88.3011704802539,0.5508576351241217,0.0
2602,2415.5231126593817,0.12501716715641775,0.0,254.18588760133542,774115.0112817297,109.79872136819802,37473.990737407636,1.0398865226624592,88.38236555206826,0.5509811745237249,0.0
2603,2414.754895322265,0.1263723050487754,0.0,259.67404996452905,774438.0072396102,109.96904770895787,37459.1190143591,1.0361087727621614,88.29546782466821,0.5511281907824666,0.0
2604,2415.5543785301516,0.12582722274396885,0.0,237.98394537010182,774739.3033002495,109.67220317059791,37444.419852542575,1.0226879585678437,88.33495879063439,0.5512490428066371,0.0
2605,2418.6558578478744,0.12604313600496286,0.0,275.79326159808335,775078.3244323427,109.743302500987,37427.0390960389,1.0335412539641056,88.50956787442078,0.5513720948191004,0.0
2606,2461.855210305973,0.11394181709378992,0.0,265.51417607837965,775407.1165383151,109.61939046076148,37407.20986149073,1.027568554871913,88.7169996028332,0.5515261491292933,0.0
2607,2439.5565722183446,0.11856967324782619,0.0,252.90552430078458,775724.6336700446,109.72165370020805,37388.13141615093,1.0309290895079233,88.79448392957774,0.5517166642041345,0.0
2608,2426.075435972836,0.1220279982197513,0.0,247.50140927986251,776036.0725262454,109.73307806210103,37368.61962790898,1.031907618171139,88.85148790553899,0.5519139899057327,0.0
2609,2438.0702634645704,0.11981449926773913,0.0,254.68540807172468,776354.2016588676,109.73400664576323,37349.235177043374,1.0280714733662273,88.78796451265191,0.552113396643114,0.0
2610,2438.32153795937,0.11922156561414476,0.0,258.69563178817236,776676.6120389015,109.82286749445615,37780.97005512118,1.031621569316476,88.84895699816309,0.5522889832361512,0.0
2611,2440.5882608843867,0.11874833964667253,0.0,229.1433361362058,776969.3607232784,109.1138684197136,37765.46123781943,1.0275231095207824,88.84744379313668,0.5524685938933679,0.0
2612,2417.1814958902346,0.12832865392908877,0.0,257.2789757170047,777290.2941347462,109.23201009963752,37749.91442453883,1.0310665023763976,84.67280531929154,0.5526386465046718,0.0
2613,2369.9867692200514,0.1555831137714776,0.0,274.8785436951792,777628.2174383135,109.64244459473149,37734.51875966643,1.034662729031175,84.46984229305546,0.5519065739284673,0.0
2614,2363.7195986163783,0.16175400594728984,0.0,306.3921567692013,777996.5737443247,109.66342146816807,37717.34291239215,1.046836515449072,84.69878231272382,0.551167807823738,0.0
2615,2338.5080083670555,0.1673530334152855,0.0,307.80191727267726,778366.2157148254,109.8796089838511,37699.71679001598,1.0292777170531915,84.98260300953515,0.5505151282081742,0.8158358736962441
2616,2345.216156020974,0.16470356446235757,0.0,344.80012087457726,778772.3037791564,109.56829313531414,37681.619461279784,1.0332425597774975,85.31396540926035,0.5499829698144779,0.8122205361026147
2617,2354.970505610764,0.15814108513888436,0.0,344.7705858646567,779178.6193562099,109.70091548440624,37663.07274920171,1.0358103951538444,85.76306968403425,0.5495411536422365,0.8087187623565342
2618,2360.198343744651,0.1536292168279405,0.0,329.9337732858762,779570.391989862,109.98401277240828,37644.56495667665,1.0330283202716295,85.98970227636366,0.5492174510303921,0.8047153757171657
2619,2443.8195244032568,0.12288621746374362,0.0,300.4501216247364,779932.8442371894,109.82584508103943,37625.76182213327,1.0297676411712338,86.2203175120394,0.5489582938048471,0.8010612421232679
2620,2382.0872797892594,0.14583950891783715,0.0,276.3735248978249,780273.4319574803,109.86591908176631,37607.201958749516,1.0380880585147496,86.4300020140679,0.548761294939803,0.795924989273999
2621,2440.813425361845,0.12278945230409843,0.0,275.9599449728999,780612.0997690267,109.58422141739146,37589.34707336287,1.0339208274442926,86.38713312578325,0.5486188103179667,0.7917089517228817
2622,2438.6276726187784,0.12413992465923718,0.0,231.68170350223016,780907.9006165346,109.54915373745332,37570.97261661196,1.026589614226218,86.53346862025332,0.5484740716893551,0.7857852239869771
2623,2389.18704607106,0.14312076288399067,0.0,289.40609151480055,781261.3031092989,109.89407118238164,37553.99460608521,1.0336033170517638,86.6526253679665,0.5483676444824912,0.7833460680008386
2624,2438.918760430341,0.12601151157689994,0.0,284.6854551306421,781608.857497004,109.5777521575503,37536.719389318016,1.029274000904236,86.77788835763461,0.5482918691890963,0.7805865626939124
2625,2456.018920222935,0.11949501776882865,0.0,270.8377774813209,781943.7776221734,109.50648881947475,37519.22019019981,1.0275531346816469,86.90724519173914,0.5482465016864378,0.7756350706661124
2626,2461.4386393772234,0.1167455446656206,0.0,251.17857640599118,782259.557784922,109.43756095333336,37501.232368373494,1.0315103884955041,87.02324864862496,0.5482308332540496,0.7722215938308352
2627,2389.970993019063,0.14265539190002308,0.0,262.6175327711355,782586.8698158748,109.48509827641055,37483.37581327094,1.0335374792863679,87.09336329924012,0.5482405477599119,0.7704264373301442
2628,2380.3689757605994,0.14407306526213526,0.0,293.42913088394266,782943.007171396,109.62303940931193,37465.61385371831,1.0314292301833867,86.97724337611484,0.5482645854183305,0.766879382045687
2629,2379.1985747567896,0.14309949462370242,0.0,288.8286580603456,783294.2383651943,109.8320585306848,37447.95326228936,1.0323180296350776,87.05300106930075,0.5482623274785089,0.763673119761819
2630,2385.6723038064424,0.14046407638697167,0.0,286.012992485647,783642.6287266718,109.70092616399205,37430.595791504384,1.0293654327144912,87.1292381264117,0.548276170452608,0.7596110089043293
2631,2386.212800291065,0.13751646688880814,0.0,290.2880312111424,783995.5406634666,110.11377227208646,37413.96477392427,1.0338545543528774,87.1992434797496,0.5483053848052108,0.7578602760462445
2632,2411.891498703343,0.12118185242135826,0.0,275.13157802606327,784333.3293211221,109.95696143810976,37411.295876513024,1.0281240882033973,87.29746580001648,0.5483479186273051,0.754199125326096
2633,2399.5072655151694,0.13527443018593877,0.0,260.74835607479594,784657.4357414773,110.05821639770454,37394.862370574905,1.0348390704828203,87.40541333340396,0.5484090920090059,0.0
2634,2436.8052996228034,0.1244088916432946,0.0,266.04188646874917,784986.5558108062,109.91794601998258,37377.62150288109,1.0292088727243982,87.36968266441339,0.5484717387258591,0.0
2635,2430.575029524874,0.12601692186447344,0.0,262.249476409593,785312.8174553103,109.90836598515362,37361.182402924525,1.0318424370985386,87.48123198375272,0.5485234951473001,0.36076946081124106
2636,2433.6273864791406,0.12539353180620427,0.0,261.40022625050983,785637.9389776731,109.85576163978573,37344.085677881136,1.029987248863174,87.6011805953805,0.5486052273149904,0.35943132483333784
2637,2422.2552256018353,0.1276587170899709,0.0,262.3745928797184,785964.120415231,109.77715976026897,37327.073030999025,1.0292308272296131,87.66405858954192,0.5487083578813063,0.3562641023700337
2638,2401.0931083889577,0.1360485759025314,0.0,271.0111951767296,786298.4925497713,109.91534893049858,37310.24428233193,1.0326917923006833,87.72509418710644,0.5488195487735414,0.7794267539306929
2639,2421.9439568344214,0.12902017825930978,0.0,265.85049438069615,786627.334271712,109.73410724875588,37293.41287943221,1.0292221754201414,87.72703265840985,0.5489483968775982,0.7761799472354767
2640,2399.229008230609,0.1352848341695997,0.0,272.48557043563557,786963.1953044794,109.8250627824579,38052.53087317597,1.0292287884450542,87.75795204556813,0.5490709272595019,0.7681608344760491
2641,2400.2637958225732,0.1333272981306649,0.0,267.7399618317637,787293.8305339353,109.96452065372274,37999.285059478694,1.0355002432059162,87.72962207816508,0.549206025514297,0.7635507100532664
2642,2433.9713981446503,0.1252579408808714,0.0,259.05764026412527,787615.8386330047,109.6869191914446,37979.2970350277,1.0312625102975002,87.84062733091505,0.5493279770177,0.7640258507019269
2643,2420.9916486390352,0.1283049140390201,0.0,264.5842857813701,787944.2246958195,109.36875169309928,37964.045032241294,1.0311783286852745,88.02680740343418,0.5494673846833877,0.7566806900124448
2644,2401.2207887526924,0.1273286243581967,0.0,261.6129072185722,788269.2824121277,109.55705176886363,37952.965117669875,1.028271140458675,88.13386729393156,0.549639262749206,0.9673222264110279
2645,2435.072533090879,0.12097438598080779,0.0,260.5678762791802,788592.7345857129,109.51398698513108,37940.437705284436,1.0300471383348269,88.28205404648128,0.5498303574012116,0.9722496264949996
2646,2427.535764559448,0.12126474665129827,0.0,253.88436661521752,788910.3707660205,109.62498649234551,37927.06181471123,1.0369133279789684,88.34995010542904,0.5500434625353207,0.9570567954721412
2647,2438.750341904717,0.11877077890344934,0.0,250.36343375263846,789224.4719071094,109.58535747826026,37911.486194608435,1.0312782465123127,88.34180550128401,0.5502597914632272,0.9569884450977213
2648,2441.8670125327144,0.11484773907249379,0.0,252.50897007646358,789541.0901976667,109.61843485620294,37895.64182254723,1.029797842177535,88.44795514087797,0.5504632754160877,0.9485790718501903
2649,2446.4841270708243,0.11301365376576133,0.0,249.82646306304628,789855.1532395021,109.57709004915984,37879.26637445355,1.0280629387261941,88.4366513911305,0.5506788139252838,0.9462396934086712
2650,2438.068344558066,0.1175173206356187,0.0,236.24418419645326,790155.8070446418,109.47628966231326,37862.377229935795,1.0328616075419614,88.41355588905758,0.550880809347727,0.9435082001545823
2651,2447.3676161768717,0.1172835129232519,0.0,245.53374927787524,790465.4637317978,109.44935443375749,37845.50572364058,1.0287481900837827,88.33713713112404,0.5510674082167096,0.9413224735938286
2652,2415.839683890113,0.12356097430448443,0.0,250.4770579659542,790780.2238124502,109.57689157859494,37830.29898188931,1.020712368539049,88.38342892386177,0.5512279860250257,0.9345462215749478
2653,2432.54736695805,0.12300281598320917,0.0,251.51445811497098,791095.0610299072,109.54392314498237,37814.21264134831,1.033446718890144,88.3856229483977,0.5513775169292607,0.9924845290817075
2654,2439.1308275523147,0.12153464012384563,0.0,252.01777483424007,791410.7950496636,109.50483081507251,37797.39215556776,1.0314331448427156,88.37347767763808,0.5515218745660077,0.9879648532252929
2655,2419.704994197421,0.12590287017129953,0.0,255.35395632653325,791730.1034521606,109.51972851500422,37780.75107462101,1.0271295580119004,88.39343161253102,0.5516560307859097,0.9766676018619194
2656,2434.9484604041218,0.12104961674964043,0.0,256.95179676639736,792050.4765243698,109.49972716017999,37765.563401749474,1.0313795423303116,88.3898355872992,0.5517875934212542,0.9754877016583237
2657,2432.243436595492,0.12097272745556265,0.0,248.61500020388377,792362.9000522748,109.48850100246565,37749.31395126192,1.0310417648750145,88.41788545771375,0.5519114355414118,0.9700346675841729
2658,2434.7616477313204,0.11883890317332857,0.0,251.40867265108722,792678.1583311094,109.52080162170779,37734.61925758558,1.0322320098378845,88.30836730454917,0.5520348701560203,0.9640320170422285
2659,2439.2622681428497,0.11896795786143366,0.0,248.6545832726436,792990.7768380194,109.52534660668167,37718.37015695683,1.0323617686990705,88.29195902384325,0.5521282413168812,0.9654741803030333
2660,2429.9578160051915,0.12455463628863606,0.0,250.7900921496443,793305.6823575528,109.47649193702193,37702.18474082051,1.0270988936248713,88.31532054280484,0.5522255470701524,0.9620330487397553
2661,2432.3933997036233,0.12167302364982657,0.0,250.23100613671414,793619.5920711592,109.40757467270022,37687.522578204065,1.0295569485582197,88.1664412429084,0.5523225331696222,1.8745329533112454
2662,2421.309366186434,0.12542468831680187,0.0,254.72748508411718,793938.1597413911,109.40888325149874,37673.104848234645,1.0328821925344276,88.1113006123952,0.5524048581340649,1.8670744139808448
2663,2434.806545404669,0.12011837049169194,0.0,257.21479031797304,794258.8308952209,109.39601617203907,37660.72664751957,1.0267222093707684,88.17000947867514,0.5524707121401539,1.8607228848036357
2664,2432.1849512333188,0.12343235474137904,0.0,251.95371869533903,794574.7527681846,109.37317656982421,37644.576255762004,1.0291071868384698,88.14156087340534,0.5525454747676887,1.8584408827409789
2665,2433.202860238778,0.12201493658001439,0.0,254.6284212501851,794893.2396778777,109.35896487115744,37611.32430729298,1.0250606717307773,87.95575903692371,0.5526098945362017,1.8471846042590698
2666,2439.5612530034655,0.12164520866992068,0.0,255.26500085842406,795212.340833423,109.41888460099386,37597.15382407209,1.0252673932043475,88.00508849702558,0.5526306209105116,1.841687205747803
2667,2423.4668675368875,0.12709381100061778,0.0,255.05489501997266,795531.4589330017,109.39087450622554,37583.35866916764,1.0296225693641463,88.06612286775447,0.5526606177475807,1.8367199612590355
2668,2448.0439974114074,0.12087062745188515,0.0,267.70523000616834,795862.640257517,109.52936910614585,37567.65885544401,1.0244654963546673,88.11945344022989,0.5527016092303093,1.8307244966703422
2669,2446.7364722671527,0.12004856644537587,0.0,240.86297317324306,796167.7410389202,109.11168346137407,37336.20659550419,1.0266511612290665,88.72045492391045,0.5527516067914783,2.8785603925186933
2670,2420.4044872718805,0.12846060189117892,0.0,-50.97617271011245,796181.0282902815,109.27110255809833,38322.39445419354,1.0267638126180378,88.15215023388218,0.5529403268845595,1.81300031455595
2671,2441.682736478075,0.12368737262817264,0.0,482.95068899378833,796727.3349950152,108.70049184810996,38307.4783680809,1.02004576280878,88.12634893854978,0.5529716508708148,1.8078642317847198
2672,2457.340574532332,0.11207520493767231,0.0,299.33139070085014,797090.65323646,108.49684866758882,38293.629288721466,1.026297037175601,89.1765613735163,0.552995315109184,1.8023935513782305
2673,2453.907605513795,0.11234977397294299,0.0,250.00207942020813,797404.9426925544,108.50437419289872,38279.54026937816,1.0278793059706268,85.14679792253341,0.5532420834801148,1.7934745859259635
2674,2461.143365939044,0.11593529341567099,0.0,253.13006853569937,797722.3127343361,108.77426690807631,38265.6112200904,1.0226357336659309,85.933815171966,0.5526135099965012,2.740951335560794
2675,2417.3571968898164,0.1395606533892979,0.0,240.2407335866764,798027.077800193,108.57710985987275,38250.99705531976,1.024204149521863,86.93825003614405,0.5522078659834176,1.7793343305109772
2676,2370.605205156864,0.15611147421337168,0.0,297.9122894788226,798388.4321800777,109.09948029572719,38238.33668193493,1.0292409504898197,86.91218374836424,0.5520137773883775,1.7693121728330823
2677,2375.599661787456,0.15436567438303583,0.0,311.8447622427022,798762.581537285,109.02008792120975,38224.31721871712,1.0285301848217963,87.00414573855373,0.5518233054475207,1.764165170733719
2678,2456.1049634841793,0.12025918658971113,0.0,296.1517458742588,799121.20131504,108.94067436858913,38208.90980078144,1.0272882705805721,87.19591503927654,0.5516618821473788,1.7656560716837646
2679,2475.3922469612203,0.10822427815668867,0.0,262.4433792239871,799448.0676958364,108.9538974831062,38192.57456185576,1.0262485197149034,87.51134214129524,0.5515492688287836,1.7563374362271418
2680,2454.817763623121,0.11840433313997534,0.0,250.67772125580802,799763.5997816984,108.99391147053922,38176.8124163588,1.0234805404259277,87.60675400095883,0.5515093467614371,1.8291026185210058
2681,2416.878211628832,0.13851675344034586,0.0,265.01047267577843,800092.9229959175,109.08899716622052,38161.60221771429,1.0264112167963688,87.56482653736266,0.5514933888832241,1.74184100259302
2682,2427.6267884608274,0.13515385189075957,0.0,279.8403463114235,800436.1316868217,108.91411176578283,38146.15979765649,1.0248645140363541,87.59045697012887,0.5514668605450078,1.7337202870224644
2683,2441.9860286477237,0.12810889685783533,0.0,268.40137526521914,800768.1732610337,108.81326334179917,38130.54129234985,1.0229503828924769,87.67978327806134,0.5514466815653418,1.7280225461793748
2684,2466.713170654985,0.11540303374838312,0.0,263.3543108555991,801095.4955440775,108.88161531648454,38114.718176207454,1.0216480371234231,87.8928157839446,0.5514463375516023,2.601066134766029
2685,2481.627207194628,0.10630883264753521,0.0,243.55256543949076,801403.6170239815,108.91491683395688,38098.77475581876,1.0278792376799488,87.97183859034165,0.5515124480210446,2.594061507908151
2686,2428.9535626125526,0.13249659866301045,0.0,242.42653931351566,801710.9286459866,108.86778516245482,38085.38452173494,1.0266189856162204,87.85294676454775,0.5515913709545088,2.39607049664383
2687,2392.8014352359337,0.14468817477145368,0.0,282.25610872413483,802056.7560530489,109.02778262723484,38071.2595955073,1.0219840068892716,87.91467616803186,0.5516360187945717,2.3872111908290776
2688,2464.704581877146,0.11582741573249178,0.0,261.14989596467274,802380.5912237196,108.73315413073315,38055.18843794869,1.0245345033722615,87.9310588982754,0.5516911451484952,2.3785980303917142
2689,2413.6404934861494,0.1366785064964875,0.0,271.3409680288761,802716.3805305628,108.92011619792612,38042.36839585491,1.0224145505604945,87.9049801069241,0.5517463904777811,2.370111593692201
2690,2395.646111767984,0.14360249493234978,0.0,285.79594661549385,803065.3739315128,108.73470525584779,38026.81268790992,1.02326709588699,87.74353717522729,0.5517928271368737,1.5021073082070586
2691,2418.821934444936,0.13745282285513305,0.0,289.80903982158014,803417.9134447523,108.75236532498852,38010.8897013745,1.021703509578896,87.6601022973924,0.55178088457452,1.496692669821016
2692,2464.0635695593005,0.11573635694983608,0.0,264.3824889511431,803745.582148782,108.60060553486502,37995.18432923509,1.0282594593689605,87.83224019283593,0.5517513328506792,1.4919584482473738
2693,2476.5160188410196,0.109062829732963,0.0,247.91908298495053,804057.8790656836,108.66167048821879,37979.31313400065,1.0210155619680528,87.72336331521076,0.5517596252035718,1.237422567448533
2694,2424.4424587240146,0.13496311878478506,0.0,250.95416045140587,804373.4973501257,108.70183007970806,37964.391229536726,1.0220948724097418,87.68789040133792,0.5517377517961853,1.2444564288232982
2695,2394.9291452014922,0.14527188133079194,0.0,268.7214555263185,804705.5758096558,108.59471865937357,37948.68634187797,1.0243671605696834,87.6711173189354,0.5517094776250043,1.1310585000440199
2696,2452.5656222055045,0.12280053076834807,0.0,270.93685766770153,805039.1011782847,108.3382045639967,37932.95407491226,1.019548120161997,87.69323684734141,0.5516886199444487,1.965882374070219
2697,2465.3371441442255,0.11557659645087826,0.0,260.6685406879341,805363.8004287919,108.52710282551168,37917.31284746554,1.028297727265114,87.88680159989492,0.5516936294329071,1.9586893634500768
2698,2473.33025234715,0.11207354156097316,0.0,241.5501909853469,805669.6591156387,108.31594732875168,37901.55049540763,1.0244918623017927,87.9829564892342,0.5517393659921734,2.1296415752877067
2699,2481.4546517226017,0.10744705600227178,0.0,233.26915103495907,805967.4132849503,108.3346275709958,37886.09581074656,1.02485672625302,88.04478163273481,0.5518071703676911,2.1219187014546605
2700,2403.584811498424,0.14037309947625287,0.0,-713.9719519404505,805319.0403016454,108.56354777827698,38284.07026447845,1.021600575945178,88.05488892964372,0.5518593981889833,2.1128736367513454
2701,2439.5729202146754,0.13059504191230853,0.0,1028.281394150859,806410.0208285991,107.94367423374153,38268.334705667745,1.005383574154923,88.23298493605427,0.551910667476086,2.11091649417358
2702,2504.316507983054,0.09685624968200435,0.0,431.339542156959,806905.2500374914,108.33921443536624,38252.77334340734,1.0171133351268955,91.13324030537503,0.551996769541338,1.9250880971988238
2703,2488.452580484716,0.1027101089323923,0.0,249.54205127651477,807220.1132504342,108.02890176256868,38237.4128933176,1.0263290799242812,93.29215133315057,0.5526944850436336,1.1317655867007943
2704,2482.1687319741814,0.10582368447089452,0.0,241.04551555896035,807525.846179178,108.30962229371147,38221.93348869125,1.0245623236958676,91.72981516752799,0.5522464211853407,1.128428285889754
2705,2499.5752222396077,0.09870231559523834,0.0,222.43718800039142,807812.7594795779,108.29463767903253,38206.17174267457,1.0254234235310073,91.56149549861898,0.5545663119026919,1.1234603702541506
2706,2515.213132498465,0.09237190771051262,0.0,214.74350339635345,808092.3534761178,108.30278836107905,38190.75453152096,1.0200163366548818,91.38652849086587,0.5551932091525582,1.1188471231944561
2707,2504.003122356276,0.09826749033809368,0.0,195.25742953218446,808352.9365135247,108.1286214516598,38152.013298516824,1.0218573631285806,91.22848054256103,0.5557509582347581,1.1143632585128955
2708,2496.8390749621703,0.1018434830716235,0.0,207.0275934397771,808624.9227608849,108.07618768003084,38136.733828144,1.025550033669489,90.91968551916551,0.5562469240377798,0.859366087872985
2709,2486.5240383935666,0.10727954738705148,0.0,222.05494706431574,808911.7047687457,108.04535113105419,38120.91788893512,1.028925631293854,90.71011949533356,0.5566447332747129,0.856500210152916
2710,2465.612066641469,0.112198285686545,0.0,234.47240036619382,809210.583401847,107.71408809923177,38106.19789466783,1.0256500905583343,90.50389091272173,0.556977273390751,0.852324844753241
2711,2475.11526341909,0.11246476457401411,0.0,244.09210654528079,809518.4047985962,107.77053024747875,38091.319835680806,1.0214702641068865,90.32093477385305,0.5572487942054597,0.8505489416230034
2712,2472.3965940609014,0.11428335666044909,0.0,235.9132222299139,809818.4010925327,107.7401779879526,38075.76228374031,1.0236903737139618,90.22561375840786,0.5574668225168818,0.8472525359114798
2713,2467.5743903466027,0.11673052180939614,0.0,246.44238863569598,810128.8622891714,107.78902379650049,38060.326210716594,1.0225017327101418,90.1138856203227,0.5576532431595677,0.8440716447120167
2714,2462.424268357053,0.11916774532942276,0.0,246.80686762666085,810439.5519872475,107.72643711871872,38046.02522223715,1.0193642677069674,90.06411223391844,0.5578060425872476,0.8419914153719219
2715,2460.5265322553787,0.1202113833431574,0.0,250.83597249076615,810754.1968161946,107.66865258556277,38030.30865790721,1.0206152734028586,90.01399345222563,0.5579398929302406,0.8394602341860491
2716,2450.817269921699,0.12214910052970551,0.0,256.3048583596614,811074.2115346775,107.76976893601066,38015.44896143713,1.0236057221531287,89.85444355624934,0.5580559419680514,0.8350037815194469
2717,2453.9630205549606,0.12426719848024614,0.0,212.5355289359697,811350.0730224844,107.60287342456617,37999.96704011391,1.0014959947941355,89.83244733996318,0.5581319276791323,0.8338627472412838
2718,2456.859757464025,0.12813708583723604,0.0,278.09623748459154,811691.4907007279,107.82785383795166,37984.56408824976,1.0151576837056,89.86477701870523,0.5581986797774041,0.8303475753963312
2719,2456.4442801324576,0.12651674711524397,0.0,276.1249310240354,812030.9552382932,107.95928432020729,37969.18438995822,1.018324608936284,89.93803278935158,0.558268741709121,0.8271786284171014
2720,2456.213156714853,0.12625794102744525,0.0,272.0526667133855,812366.4292433121,107.94078405076228,37955.19027764054,1.0189273725753034,89.96608030803853,0.5583504982875727,0.8239225618056878
2721,2455.691306539369,0.1259434566195603,0.0,268.316062824146,812698.1551904969,108.03701140994592,37940.834954299426,1.017614255080875,89.97078506511576,0.5584337688032394,0.8207307087625679
2722,2454.3485688013748,0.12640751383354587,0.0,267.8713301886649,813029.4035813693,107.98636317250158,37925.52514641459,1.0163360585542136,89.94403357152592,0.558513489997493,0.8183312327224428
2723,2450.3937601514035,0.12802577401281168,0.0,263.05826678643575,813355.8050154586,107.87665216915016,37909.905291545205,1.0140991699614756,89.8908506018291,0.5585831077985017,0.8160453757293737
2724,2445.8157014857684,0.12747192294153864,0.0,267.9166931746173,813686.9178590133,107.89726533925844,37894.32079837689,1.0136590068457396,89.73228188148987,0.5586374647542421,0.8106062261280726
2725,2450.4765681472554,0.12748928113486468,0.0,259.71731289097863,814009.6744282967,107.7863726937635,37878.742763110764,1.02046356147491,89.67774380525253,0.5586550649316934,0.8081032487789912
2726,2443.185636256432,0.12874848523783788,0.0,265.84936643599315,814338.7324117126,107.67135317443466,37863.13496498767,1.0213181200417312,89.48074096624008,0.5586596800719188,0.8041069220230668
2727,2444.864024099771,0.1289611584893522,0.0,229.23590403549724,814630.94662522,107.63957464995073,37848.06710065659,1.0007708949535683,89.4475288446619,0.5586216445698594,0.8015797142545864
2728,2446.8177171544567,0.13117997519183056,0.0,293.7766777873905,814987.8062461795,107.80303597046554,37832.74746461555,1.0157459638936939,89.5361402924824,0.5585780214416548,0.7989918206531286
2729,2447.825334311371,0.12994744433480343,0.0,276.7478554119254,815327.6563940961,107.72089862604322,37817.23730905965,1.021135862381507,89.70278727609943,0.5585551695348091,1.2683840562220894
2730,2445.9294510470127,0.1269579848935145,0.0,-48.1611791722072,815342.5814573792,108.05719674157866,38892.759728887046,0.9831874296182421,89.73410061104532,0.5585550826242629,1.2619355986911387
2731,2490.9960438161693,0.10626155676326077,0.0,477.49828454042654,815882.8953652993,108.01941413953973,38877.02594080269,1.0039138155440406,91.37797489313263,0.558561504257723,1.2576376683401804
2732,2474.595177121681,0.11195677053391728,0.0,293.7034128050422,816240.4573975754,108.12725029677166,38863.7093175029,1.0089565588267364,90.83636727864823,0.558918851082412,1.251720913868155
2733,2483.000096310985,0.11085850132066533,0.0,245.54617123903728,816549.440699151,108.15722345750926,38847.99084956977,1.0087290441300276,90.97612679989054,0.5591419898158192,1.2477807521611624
2734,2485.1657830217864,0.11006726045254756,0.0,223.87478393420247,816836.9812744979,107.65336364862368,38759.151792953795,1.0059038068853239,91.10298753528522,0.5593832470468134,1.2441133124076202
2735,2483.0222548006905,0.1089894686262618,0.0,237.92467810621304,817138.6263584814,107.79005696857645,38744.02479620393,1.0069934831824416,91.20340736183776,0.55962650793904,1.238901576714909
2736,2487.2202143897093,0.10852054408812684,0.0,228.9614189199787,817431.2320874312,107.7578303488016,38728.7564272429,1.018340362222394,91.30648222468523,0.5598786285406586,1.234819465367707
2737,2487.1020803213837,0.10861205298160492,0.0,237.888174863159,817732.8618869286,107.84906581460243,38713.87439540985,1.0117249555517267,91.30749910196492,0.560139557596888,1.2294996688598872
2738,2487.369545922444,0.10909299036224707,0.0,219.83823853709606,818016.4554469594,107.84077191527679,38698.292445044346,0.9561708720864982,91.33126779369375,0.5603872177006811,1.2261802009229825
2739,2523.8146175588213,0.08815555565800692,0.0,218.41268331737132,818298.4276567417,107.81844461737343,38682.60577425242,1.0023061703725327,92.71044640656217,0.5606393959024065,1.221936725323161
2740,2487.50473276197,0.10980910370322328,0.0,141.52683194063673,818504.2799715927,107.56771651849515,38666.933360654555,1.0053524869689894,91.28790323152913,0.5611735722900011,1.2168351130910082
2741,2484.3813502795665,0.11317917928120258,0.0,288.24807837690327,818855.9471940924,107.43510388416557,38651.31947707538,0.9997063882705226,91.19022754328074,0.5613634980540327,1.2139367241450145
2742,2483.525836739389,0.11057626481848959,0.0,244.28728372427645,819163.554661676,107.4087077408954,38636.25025635769,0.9980518791769142,91.20638567438186,0.5615223512659334,1.2086634379598138
2743,2517.7558411621167,0.09060765318774189,0.0,219.21763867645933,819446.0589587167,107.35288606490191,38620.65862591361,0.9985030854754734,92.57074341220618,0.5616763394134071,1.2040008047143544
2744,2490.1540240387008,0.10839525837856911,0.0,206.48040627823934,819716.6980875493,107.27010939165937,38604.9602873268,1.0039424297751984,91.39382840571501,0.5621140860880632,1.271275142257565
2745,2485.1955250924834,0.11022649376927396,0.0,229.58257633362052,820009.7890818466,107.36050781178811,38589.32840593868,1.0075011646320304,91.24336046128298,0.5622789693113197,1.1955089054006294
2746,2482.4883832062737,0.11241981458768557,0.0,227.70126390117622,820300.7982621696,107.40751703387566,38573.64821442416,1.0040931475720432,91.21890789145918,0.5624012561104511,1.1919710935349315
2747,2473.505565866325,0.11767948183843602,0.0,232.36152923685967,820596.4374732632,107.2972562860717,38557.97732977521,1.004891152170571,90.88065605644675,0.5625115919177778,1.1876662164132483
2748,2476.663397934613,0.1143313757510207,0.0,241.45998077172783,820900.9334530605,107.3117181204118,38542.36786941127,0.9987353648163865,90.89445806769818,0.5625436410349475,1.182574305461742
2749,2470.4348202639803,0.11879155809196762,0.0,245.6906790792392,821209.7251852388,107.35939281612336,38526.76691686989,1.0016638844567112,90.64021675963771,0.5625765471267758,1.1787650864954742
2750,2476.9068320252836,0.1162427859467986,0.0,244.63706331897606,821517.3515045699,107.32378040459987,38511.4606021652,0.9977388542723813,90.88257503101065,0.5625529340540038,1.1752477868894857
2751,2476.1422267074554,0.11619035690228952,0.0,243.49781387489247,821823.9982255483,107.3518823268839,38495.93462353594,1.0036405684574576,90.89385108762684,0.5625818034251865,1.171228721699208
2752,2473.4327386906307,0.1163607699785365,0.0,239.60182446752793,822126.6958628428,107.39604512840346,38480.41740852719,0.9992253428626549,90.77455383126012,0.5626111657503607,1.1665001706140856
2753,2472.4338954589925,0.11686270824703837,0.0,239.95538643690486,822429.6033767548,107.64393655756595,38464.9090797537,1.0028941450836013,90.48986499589604,0.5626131514060765,1.1626440398484306
2754,2503.0899384086547,0.10073337875984456,0.0,221.8640365485258,822714.4355204697,107.61341503583158,38449.46669305351,0.9946595705245879,91.66423244882911,0.5625536411712726,1.158983917341601
2755,2471.3266643983334,0.11787072217411765,0.0,231.57190094097263,823009.7489484752,107.64223431387006,38433.91866103997,0.9988849637141582,90.4230328068609,0.5627478992032263,1.2543440856498478
2756,2504.6538549024012,0.09997171546853767,0.0,225.33859802001444,823297.9737191536,107.63248754251704,38418.43642927731,1.0003595122227893,91.64152294575284,0.5626688184897236,1.1503522896834113
2757,2468.109166990256,0.12104921463836782,0.0,228.27709562788988,823590.0113270271,107.72265308673796,38403.02024783233,1.0046301106853668,90.31996704141663,0.5628514843488679,1.1459940448648922
2758,2467.165182760908,0.12399575452001088,0.0,240.82857975323827,823893.6362859561,107.75429074032448,38387.55509397728,0.9985387902538059,90.34799548652695,0.5627417321407634,1.1429444398421822
2759,2500.6787790017925,0.10231797813485721,0.0,240.071629285433,824196.7535895385,107.67974815195382,38356.69410877296,1.0035144573863652,91.70473188659419,0.5626429311769511,1.2463559365992865
2760,2503.7969078077413,0.10085151533809111,0.0,203.30064865409707,824463.7979345046,107.624067239195,38817.13124202694,0.997895995004466,91.76856573380277,0.5628417627997537,1.2424187049222724
2761,2474.736122163503,0.11961266456526298,0.0,234.43222384771303,824762.002578111,107.69574475083871,38801.61848863847,0.9957417065152859,90.64290365805246,0.5630438199546532,1.1277657237404242
2762,2511.292530253678,0.09808975009016307,0.0,236.86497160469395,825061.9393290242,107.78591010803635,38785.93377015588,1.001021433225635,92.05257512199307,0.5629917095581329,1.1251405362504272
2763,2519.464383028059,0.0859070631314276,0.0,194.8836653324309,825320.8319360935,107.5333935010992,38803.94881269775,0.9959961693189202,96.03510805285076,0.5632434157723245,4.12459554090276
2764,2513.298096471899,0.07438196043931822,0.0,182.26745656129452,825568.3992857543,107.55247418126271,38814.560942794786,0.9969194741376889,92.289888702976,0.5644073184272078,1.1174276230053408
2765,2494.9884300845106,0.11205550466459469,0.0,200.83762651304465,825835.1712364887,107.69306011200882,38800.86692070498,0.9993733882956228,91.07362075307572,0.5646372414065336,1.1131025572787792
2766,2523.228197272862,0.09488539413454367,0.0,215.14720500702543,826114.1201666786,107.80560234006306,38784.83620591572,0.9993654941134521,92.25079018958547,0.5645947756515419,1.1089752185128248
2767,2500.9602832562655,0.10824299757720146,0.0,208.65691004531914,826386.9823917717,107.6668108384191,38768.80471887251,0.9990909426399472,91.3814425456412,0.5648058908235623,1.1055928888274593
2768,2477.321219841684,0.12049658554319964,0.0,237.4422462319332,826688.0717205341,107.79153617141245,38752.79280252748,1.0030462765515145,90.71162551720747,0.5648198574849532,1.101303885288047
2769,2490.799957785212,0.11176995444014937,0.0,231.365751662827,826982.4312643325,108.10259801855972,38736.80675530669,0.9963354625340243,91.14552139538509,0.5646893371921622,1.0977315700399117
2770,2515.408022060374,0.0993514837715378,0.0,215.99767115554914,827261.677153022,108.19306850181339,38721.041244595865,0.998687799217697,92.047741935881,0.5646577749584814,1.0943003045983062
2771,2519.9039779230957,0.09904582745999224,0.0,207.57655031816893,827533.8850234332,108.07735803748345,38705.31450678708,0.9997396821586879,92.23547158713647,0.5648203412327795,1.0906994091678257
2772,2519.925216546758,0.09959396382393104,0.0,209.35221759438247,827807.9424010552,108.2019463255596,38689.517997944335,1.003404728907243,92.1630154245738,0.5650143506000208,1.0870506005541074
2773,2497.4028043903345,0.11334577092715015,0.0,221.58747549447946,828094.1733684248,107.99909375721278,38673.58254331631,0.9999867461193768,91.35792040172034,0.5651826106095632,1.0825197491208485
2774,2488.6406626988687,0.11561434687520433,0.0,203.7829204024486,828362.0027937454,107.93323191883803,38657.6667713856,0.9896060904154812,91.19444732855918,0.5651696038606353,0.8116188294731899
2775,2511.8976291460795,0.10260431391845093,0.0,244.91123871627155,828670.5678446932,108.27627860553653,38641.71133841379,0.9964695252005193,92.12651461194238,0.5651153828149001,0.8093615632997739
2776,2515.9497599162655,0.10116485795468699,0.0,218.78013987833123,828953.4670153033,108.36219344018919,38625.83872667692,1.0003221050282451,92.31279411778922,0.5652629576226555,0.6773820161443496
2777,2489.150114317264,0.12001885294121195,0.0,225.2909941533,829242.9515754998,108.3051354115278,38610.08886815231,0.996367723858232,91.09531972998849,0.5654393652218173,0.67529608919574
2778,2522.591169795614,0.10039962042040473,0.0,233.75165234114314,829540.2715271012,108.20555953005464,38594.204988592464,0.9935398432417224,92.412714532257,0.5653584373368603,0.6733109827973465
2779,2523.804785609574,0.09853961297805969,0.0,211.56290034221092,829816.174942761,108.20216289420593,38578.40218661274,0.9979780358367957,92.51298923137736,0.5655630460530189,0.671238201120957
2780,2523.4223013035744,0.0980029606506152,0.0,202.8521901621167,830083.3486557272,108.16443975111106,38562.65893486732,0.9983747795938288,92.61950311059053,0.565778443779823,0.668445155242722
2781,2522.8448702076657,0.09844145084766076,0.0,218.0395867410105,830365.6643159719,108.32845547617632,38546.97072332666,0.9964918109513803,92.58372667541407,0.5660053663610995,0.8082624329432235
2782,2528.9658899023675,0.09800113711398184,0.0,204.49343384574797,830634.3600173496,108.19847800518522,38531.344138871085,1.0006621682529238,92.72189170136967,0.5662162569170709,0.6643360133695921
2783,2494.9277455398396,0.11902658598109117,0.0,222.38898818851942,830921.1036549195,108.41580977240658,38508.4120876118,0.9993143922784211,91.41206085376866,0.5664420711661678,0.6619872320644049
2784,2530.3686801045546,0.09753577869605679,0.0,221.75870953597763,831206.3378237737,108.31679348697715,38440.908671576035,0.9920125501632164,92.61862155234692,0.5663757757754213,0.6593532291274187
2785,2523.6671010404266,0.09565849693091488,0.0,197.29412543750652,831467.9845863549,108.39970429677628,38425.71339263798,0.9991070717067174,94.24545881071725,0.566575774814449,0.8556337966709293
2786,2505.4854398938114,0.1091555673773631,0.0,225.5229462887321,831757.6137760426,108.85463439531247,38410.67835293011,0.9946641703198086,91.97121227412092,0.5671132168603664,0.0575384589518535
2787,2504.397878124478,0.10851131214935839,0.0,217.9442975773688,832039.2135999796,108.31151994857085,38396.72270723065,1.0008585959547527,91.79702034265588,0.56711701761995,0.05750345258712741
2788,2524.147377245238,0.09769466777828828,0.0,217.01073812998493,832319.9376295538,108.34451681945988,38382.31875433832,0.9942529534516803,92.49502340474109,0.567083036842056,0.057415350573506885
2789,2526.4587894034876,0.09748587714482027,0.0,205.61385277473318,832589.6015155156,108.27550062205754,38366.79721494241,0.997933514783975,92.75307323338245,0.5671998402717326,0.057466816293754164
2790,2493.421214553661,0.11826877722271789,0.0,-153.03019968147862,832500.659934349,108.27995169987916,38394.51644874427,1.002673471706085,91.41522991449025,0.5673157155485443,0.1037529523405567
2791,2508.1931499319817,0.11049650110136322,0.0,524.6003701575974,833088.4675472641,108.03164209208157,38378.93055876283,0.9859387042629225,91.95392574507639,0.5671277737814998,0.057609831531863165
2792,2553.146222511362,0.08392351576634949,0.0,271.45365785222157,833423.5006441185,108.00950563409465,38363.341407082524,0.9930773896303313,93.93218666497873,0.567063115052514,0.057649971928924515
2793,2559.3172506104956,0.08058102665404865,0.0,195.3335676063678,833683.4706724619,107.9446551678897,38347.89822050878,0.9947854132384404,94.02549356410691,0.5674247418859618,0.6393237459217573
2794,2526.0723316733624,0.10236534481553705,0.0,192.028978547088,833940.2275169401,108.07944141813955,38332.67661819155,0.9985353996569154,92.76023329458938,0.5678020069083645,0.6382277172143063
2795,2558.3481335627425,0.08302064706296308,0.0,195.52581141985047,834199.6564028016,107.79772069531066,38317.24523489449,0.991408450775929,94.02515787776751,0.5679014499177069,0.6359148519536575
2796,2552.2135158899605,0.08409253760284241,0.0,181.16331760563054,834445.4856101058,107.90878485817898,38302.09262589867,0.9910410737314783,94.20388353440859,0.5682661699041827,0.7865163965670092
2797,2555.687171389914,0.08399215901013923,0.0,175.97125665181596,834685.9643648602,107.81756335030713,38286.79108139368,0.9958103367691664,93.83785017705893,0.5686540836443169,0.6320640522347105
2798,2553.5488459126223,0.08414379046410603,0.0,99.92547517023439,834850.429977534,107.35674237641187,38271.44738889535,0.9974642446156556,93.69126710540931,0.5689398467976469,0.6292683353530322
2799,2549.351372424628,0.08494646102431003,0.0,229.10389608282975,835144.0305191083,107.60804045222618,38256.24935830702,0.99382663464353,93.6080454034617,0.5691669464273447,0.6270668543989188
2800,2552.8670529219685,0.08406130238764908,0.0,189.43494164531035,835398.0544582794,107.49237425778644,38240.88168372485,0.9944392307861778,93.6407572231348,0.5693643990838869,0.6249426477943985
2801,2551.8359929250687,0.08397308306825269,0.0,183.21546437376225,835645.8667913155,107.91166304291131,38225.580273173175,0.9934078823007408,93.64780214039733,0.5695584453992838,0.6226473124140455
2802,2550.7866564240844,0.08564538583136905,0.0,146.49961323637444,835856.9076116284,107.70444713523644,38210.24011434358,0.9997141727807349,93.6082828406386,0.5697437484443377,0.6207323976091459
2803,2552.3167599497783,0.0824613145593257,0.0,208.50282861337377,836129.9090759867,107.58747233942333,38200.86713698886,0.9961815208559721,93.6486417720488,0.5699108076540372,0.6191552495766075
2804,2549.782596044489,0.08362002802178903,0.0,183.4560828344505,836378.0654357185,107.67273830729253,38189.20923121506,0.9969560322299756,93.73859152586816,0.5700775955069274,0.6165892096782954
2805,2547.2682127572552,0.086167878154634,0.0,170.56056228838423,836612.9818578939,107.91974613266255,38174.38114304849,0.9966308495273951,93.71283265534456,0.5702547818749627,0.6142633064358449
2806,2544.7550150600064,0.08591112638563048,0.0,183.45254660576967,836860.7003045796,108.11650031507334,38160.996554701895,0.9666312377448066,93.40029920656445,0.570417071017116,0.6122169063096408
2807,2547.2549156329646,0.08936146305391712,0.0,189.03342751147574,837113.8416226471,108.2315160212242,38144.754708047774,0.992076456957675,93.57435787439807,0.5705038162591551,0.6103552438586917
2808,2545.171335049167,0.09055741677395635,0.0,186.2148818007983,837364.173338507,108.01322913116876,38128.544676385485,0.9847283615039505,93.41949420258157,0.5706229826411617,0.7303706596873383
2809,2544.8774091580904,0.08999254608967777,0.0,192.88001642294574,837621.0455263985,108.1041510364185,38112.878486571215,0.9866972849691954,93.27598218885169,0.5707055309213016,0.6058270716976608
2810,2545.8893341464045,0.0913698545640157,0.0,-11.75251446711377,837673.2734253408,107.61759024382938,38096.760912522994,0.9876993046140039,93.33816983780122,0.5707497441992051,0.6046293837778478
2811,2545.1653228034247,0.09107511725643114,0.0,338.71946388252906,838075.9904409503,107.61752100822999,38080.63483980872,0.9844800579579237,93.33849825384146,0.5707920364779735,0.6019062062450189
2812,2557.827835221294,0.08273053164931343,0.0,225.11148505014916,838365.0717759279,107.70861524467296,38065.14869206053,0.9861512560964737,93.91997582985321,0.5708318527407132,0.6000073048861907
2813,2559.2859186018914,0.08274156233382335,0.0,179.7499218571944,838609.0943316909,107.7431817066935,38049.073963067014,0.9910691421733652,93.94487821613772,0.5709936547995457,0.5982188746993984
2814,2557.813323519643,0.08197308127773062,0.0,163.72279285808253,838837.1153804224,107.48246198367303,38033.899990143706,0.991369972366315,93.91429202184717,0.5711521608057801,0.5963123363354441
2815,2556.382903709891,0.08052819415987533,0.0,166.30671899268202,839067.6919736848,107.61216156551316,38021.21774928476,0.9726745661163951,93.6800130712802,0.5712956827556727,0.5938138622962299
2816,2554.169456021002,0.08867016184573162,0.0,191.20536969561357,839323.0613956635,107.8125161988952,38005.34235221304,0.9827150848801843,93.60484433969961,0.5713813416831242,0.7106348025273519
2817,2556.1352008852978,0.08871991917237565,0.0,179.91833549718172,839567.0287598061,107.69838950941784,37989.640853459845,0.9876647879115639,93.73324866923411,0.5714490240573238,0.590135397738436
2818,2553.881794126098,0.08993880285351441,0.0,160.85373083397565,839791.9854255593,107.63819986908264,37974.23651262465,0.9492333850220636,93.6768062726639,0.571537394121864,0.058126488022566036
2819,2555.121048782808,0.09080816801760583,0.0,209.4111270798906,840065.2499456481,107.82551399605812,37916.78170374394,0.9771778735763962,93.75359540242161,0.5715958224792366,0.05794950998620152
2820,2519.884290116024,0.11228110027470872,0.0,198.88152873166683,840327.916779214,107.7301055994349,37901.66104986158,0.9730521085863011,92.39359797799315,0.5716549189631526,0.05798229271462674
2821,2549.477779559259,0.09326139375481302,0.0,214.8785746137645,840605.6898315769,107.77623596107826,37886.7006988223,0.9762063015312179,93.49665898340804,0.5714196220623239,0.5568281272490196
2822,2547.939992197314,0.09406784042052008,0.0,201.86789794032785,840871.1551023825,107.84250857794778,37871.529178520555,0.979460961943877,93.71315591363438,0.5714565424026071,0.5548653076415349
2823,2551.545250232093,0.09249235488873653,0.0,195.22454485847703,841129.9372146577,107.78050445835468,37856.366266842815,0.9754692329015042,93.6903462327973,0.5715374342455549,0.5526644173777697
2824,2515.23578600805,0.11535810429641069,0.0,171.79990449972996,841365.3294110058,107.59142130982909,37843.34400083734,0.9776152889472769,92.27459963615684,0.5716089270004757,0.5503184769129348
2825,2545.4232425490795,0.09744417752354295,0.0,230.36523974987188,841658.3217612611,107.73290423323584,37830.06804869955,0.9745792631214637,93.38424129762376,0.5713733704598966,0.54737581019603
2826,2515.3570561629526,0.11793555415621726,0.0,209.37996155956375,841931.0540816642,107.68404031832685,37814.930607317714,0.9646758058461434,92.2189757796869,0.571386716118278,0.546093008756003
2827,2537.4866737313164,0.09965888650674526,0.0,236.34559466566805,842230.0407375594,107.7363790068838,37801.67291976895,0.9741140365108111,93.23149036503469,0.5711495857196952,0.7391322208077327
2828,2538.9728114067652,0.10073119270781672,0.0,218.4362501783641,842511.5689159109,107.71657820000814,37786.59013184906,0.9725301375992297,93.34525348949823,0.5711454185473697,0.7387280766801325
2829,2537.9160708597797,0.09892042610540908,0.0,206.51444527230734,842781.2277971653,107.75931724171346,37771.742712413026,0.969260276867445,93.29823275947047,0.571165341509075,0.7346439174918942
2830,2539.5769792833134,0.09988280662560012,0.0,203.902024925947,843048.2721413799,107.90674159477149,37756.70402727774,0.9708472036824801,93.3257286576496,0.5711737364965633,0.7330048058134366
2831,2527.279866293068,0.10347631330777673,0.0,210.1990288091303,843321.6232351718,107.91653607040821,37741.70669821916,0.9709796002163189,93.32950771248119,0.5701052183006483,1.0852934618811503
2832,2530.7883063157956,0.10180259834298022,0.0,207.69780786179723,843592.1976679885,107.73422793061397,37726.80687748148,0.9703809078870699,93.29010476497399,0.5690620338703819,0.7281575844261852
2833,2538.2871760743956,0.09869776479813375,0.0,113.81115845835023,843768.9731892891,107.20755683244784,37712.25867612355,0.9708668917635406,93.2669035518302,0.5713732973493112,0.7259732076556702
2834,2550.9570380206455,0.09264055518915926,0.0,270.25166404833215,844180.2926655863,106.97650485775662,37438.502137178024,0.9706858886941363,93.29256417999481,0.5713752146305684,0.723199704964685
2835,2556.119105730925,0.0888148486195065,0.0,213.9804707141065,844457.5937545953,107.0161657876771,37423.94929619914,0.9676670818382442,93.47663952700037,0.5711716193258185,0.720110529327826
2836,2555.4730207516063,0.08975704407256857,0.0,184.45203397338634,844705.5012188957,106.93299439059207,37409.60129649611,0.9709026802511027,93.45348242251501,0.5714379752498665,0.7184285249629738
2837,2552.9507772680413,0.09010843184361539,0.0,181.17556105479343,844950.0969040962,106.89213411076518,37395.0334394146,0.975410821066595,93.37420052480596,0.5714751417099129,0.7156581987503046
2838,2550.8136318815373,0.09166855562938458,0.0,197.10461486943018,845210.5638279116,106.63343470694139,37380.37591183698,0.9641333842837725,93.32874681044396,0.5714930359290856,0.7116074892832955
2839,2549.732276135497,0.0914673072118165,0.0,186.5814785908538,845460.4716233031,106.57517429854113,37365.958409326915,0.970817485062192,93.18057671292965,0.5714998148042307,0.7088768155969092
2840,2547.7685985762937,0.09300040775524787,0.0,193.21316771413058,845717.0113957578,106.53202109201635,37351.69984751454,0.9681725339416488,93.10144991609302,0.5714740801193372,0.7075390344096206
2841,2546.901604326114,0.0912933556964377,0.0,195.55913034453226,845975.8356515494,106.6857884571013,37339.13569515428,0.9662404429787906,92.9401183044972,0.5714447480294704,0.6983100093114842
2842,2545.34287711596,0.09455988860356412,0.0,177.6532388601724,846216.7588039692,106.3408820869134,37324.455474455994,0.9720373121307334,92.81949843984464,0.5713817615186315,0.7020516733229272
2843,2543.4345192432265,0.09381458785566088,0.0,201.13479842623474,846481.0687001373,106.54213463014602,37310.01979334228,0.9705135466730703,92.55744892897971,0.5712958155948074,0.6954332197139479
2844,2542.089219699828,0.09552255531267251,0.0,197.65301217307461,846741.8909821211,106.48049109221091,37295.18987101815,0.9669281991453743,92.57513725188213,0.5711576073078899,0.6961880047093132
2845,2542.1526263561054,0.09443804801474642,0.0,195.43634608061467,847000.4295261782,106.59522772727419,37280.63330595292,0.9654619424194919,92.59522758474007,0.5710297890432523,0.6897327460719396
2846,2541.6854556653166,0.09581991587376293,0.0,192.67744016292357,847256.249359446,106.58576335117593,37266.079659664756,0.9620177020452068,92.58968783272738,0.5709121775466647,0.692115917054565
2847,2540.482068695749,0.0949476176880425,0.0,193.65566761806525,847513.0220307205,106.54780330598153,37251.56864786982,0.9703334747432172,92.39130014389006,0.5707989538374113,0.5100075819548238
2848,2539.813696723111,0.09586949202414508,0.0,189.26539011457555,847765.2935498288,106.13144129704077,37236.797858287064,0.96887271263402,92.47652432097273,0.5706442113039849,0.5086281255156848
2849,2538.173757123158,0.0971009749628855,0.0,192.78142712319675,848021.080814109,106.11981167339628,37222.051106121995,0.9695290137047667,92.38558025842175,0.5705151129856236,0.5070052883997391
2850,2536.652139610486,0.09724982933917548,0.0,-387.1428411759067,847696.898096014,106.13875400809336,38635.69016233659,0.9673069665127689,92.31217406823895,0.5703601802094944,0.5044221693749478
2851,2536.4386198009583,0.09719455905457763,0.0,643.6044477571977,848403.3759696415,105.91046945877879,38620.12764287279,0.9621811850808057,92.28945040354348,0.5701969690676256,0.5032471787477562
2852,2554.8047613760523,0.08990834551200566,0.0,287.1286596306774,848753.4113489613,106.12228621308034,38604.56333640494,0.9495340365913509,93.22233580648115,0.5700367718719522,0.5018585659732366
2853,2562.650392307981,0.08777540024603547,0.0,225.853880462978,849042.5508890502,106.10749605936302,38589.366597972665,0.9700745307651476,93.61094107337706,0.5700839175637785,0.49992685897152
2854,2561.249332833602,0.08957914790849286,0.0,200.34946184321012,849306.3312751411,106.27441092658387,38573.96373873665,0.9688170961402364,93.5335619102002,0.5702114745517973,0.49778507473874356
2855,2578.567905218491,0.07748043572753671,0.0,179.20204328240425,849548.9533692804,106.19133851241631,38558.428009216506,0.9652422013956296,94.0936109205755,0.5703156453224733,0.4963509656271583
2856,2576.796153774531,0.07950100637769597,0.0,161.22644800006555,849774.0051703679,106.08237434494923,38542.89844370242,0.9629550210564409,93.90807846263014,0.5705340476623337,0.49452520133803546
2857,2570.2796369186008,0.08265235433312768,0.0,0.47904853917469836,849838.307987398,105.5772771817967,38527.377675120515,0.966921260875511,93.71925527532683,0.5707013506735074,0.49338192285924265
2858,2566.5136444431073,0.08411883968723965,0.0,296.09755967044316,850198.079500697,105.97180044776721,38511.98580922193,0.9637672707297539,93.63879552503957,0.5708069594613151,0.4912726105060017
2859,2559.913455126766,0.08798245851599806,0.0,208.0856085308622,850469.8100272007,105.59708247270177,38496.50381842187,0.9688665373507099,94.08923141637297,0.5708896379085565,0.6107240606334869
2860,2561.096017356377,0.0918031874972659,0.0,195.8460081800152,850729.2086977528,105.67398075309947,38481.23497385263,0.9694887008422047,93.15817743911956,0.5710671115116328,0.4881954028471682
2861,2550.96443371014,0.09303556522779144,0.0,183.6297924372165,850976.3816596804,105.53180167731342,38466.03564196011,0.9615321277029512,93.92089656532374,0.571033025702481,0.4864310365881863
2862,2553.3035202639658,0.09047757527775968,0.0,177.80071848189516,851217.3835266075,105.44865629432684,38451.95097938061,0.9688216487548326,94.04293932955304,0.5711760151443508,0.4111922490158406
2863,2555.853666345083,0.08870936890576597,0.0,190.08545246938064,851470.8180875422,105.8975816031588,38436.487193842535,0.9626476459409359,93.79424857422747,0.5704639341827727,0.4800908618678932
2864,2557.878774704124,0.08714795301068057,0.0,190.95510996925464,851725.2167076308,106.02669074947133,38385.276232791555,0.9654742775498711,93.88068683471045,0.5714790990089192,0.479813236797753
2865,2551.9018744404816,0.09527802667558394,0.0,181.56549000698624,851970.3326623897,105.78035108632231,38371.750575761616,0.9677875056652854,93.10366390988942,0.571589821889583,1.5474159388955684
2866,2548.236105890319,0.09803780083695124,0.0,205.65388955681186,852239.3329300546,105.94511672280487,38359.07812099511,0.964221748868279,93.00339732422876,0.5715543765873651,1.54242497231715
2867,2545.605949206969,0.1001102219242479,0.0,198.12758848419628,852500.7096094904,105.69861820166783,38344.33432051196,0.962015012091969,92.6930846637218,0.5714986966090245,1.537575656440623
2868,2567.777637072913,0.08731208949115632,0.0,188.61498730878418,852752.4930067151,105.68878832372286,38329.17715452222,0.9673182999772545,93.52173808500461,0.5713788737464276,1.534409013818248
2869,2542.2957242210396,0.10174520776104778,0.0,204.49334235219078,853020.7265645977,106.02576699968084,38315.81273397609,0.9712188652533662,92.73248123936594,0.5714418979885282,1.5294124714883992
2870,2538.8631652545964,0.10372748388422648,0.0,210.00761909171803,853293.7803726682,105.81210492897372,38302.21907714947,0.9647350738968736,92.60678806847187,0.5713323191768616,1.524140723911728
2871,2557.3715689504484,0.09309189537029905,0.0,198.78351365457166,853555.5261568549,105.75758040019366,38287.336692785306,0.9699769805889303,93.14583880677428,0.571200813293847,1.518462095163045
2872,2532.759887575721,0.1086714978648432,0.0,205.64697977004704,853824.5779556418,105.6810656069918,38272.087136487855,0.9658131414338782,92.26830597564174,0.5711907391206673,1.5122783964926043
2873,2511.0745843166897,0.12047564530048549,0.0,225.73027546643254,854113.0931055337,105.80025887097331,38256.760473789014,0.9677243333136936,89.48534605242476,0.5709928218813213,1.5073613010867462
2874,2476.549183356003,0.13428605620914136,0.0,246.31574463254344,854421.637028041,105.82653240612584,38241.46896491011,0.963153518067084,89.51138498774067,0.5702088047643205,1.5016536727853236
2875,2476.7293072323464,0.13524430324840997,0.0,261.51398253220566,854744.5392098945,105.79394791438176,38226.113321628225,0.9672445912990913,89.51503288685612,0.5694693547548458,1.4971199187339437
2876,2460.44073370049,0.1382977932169449,0.0,270.8159226842434,855076.8098941765,105.81452719737183,38210.8779630708,0.9660192023615598,89.54481528123887,0.5687674468744278,1.4916917584924647
2877,2461.773247084486,0.13779601362905147,0.0,269.7756602204606,855407.5623896678,105.52138611622001,38195.53046977809,0.9699865010251135,89.63993009290702,0.5681068345055619,1.4856410210900037
2878,2462.4947210207624,0.13816313133183955,0.0,263.3297686804864,855731.8883341335,105.63502955107263,38180.319138681654,0.9649311037324828,89.704572957696,0.5674993952495642,1.480848834325343
2879,2462.41525017315,0.13731762480791432,0.0,279.12224072562526,856072.0275965765,105.67447224807856,38165.24577887964,0.9610972417906944,89.79436460868433,0.5669359626405668,1.475464182807201
2880,2468.097096148285,0.13650741612050976,0.0,279.66301232204427,856412.6601108373,105.39407702299106,38413.706826676935,0.9615432013742274,89.79040373750523,0.5664197089959013,1.469957498238216
2881,2508.5542135128126,0.12190683955981496,0.0,249.17812372895668,856722.9533524637,105.30478312786698,38398.3540152977,0.969938597316888,89.83035087581248,0.5659281957119496,1.4642873107748642
2882,2562.248148693961,0.09094727609033815,0.0,229.44254419606273,857015.4803602961,105.13356438730776,38382.939505463946,0.9696222138240146,94.00255886212634,0.5654695702436188,1.8601054802811063
2883,2541.5571652717963,0.10289459705757209,0.0,209.1118034578834,857288.9330704686,105.31949131179914,38369.5347621825,0.9761867924481564,93.493350199797,0.565936279078412,1.8531881498908263
2884,2508.136230363712,0.12637196143841667,0.0,213.95303702549649,857566.5920088365,105.26473441139701,38354.113005239924,0.970911370062849,89.22265910206862,0.5662700102930381,1.8465906359619169
2885,2529.7565398976626,0.11503811202510561,0.0,244.9032107688597,857875.1223622769,105.15989511217981,38338.70048454371,0.9714503108118463,88.99685459329561,0.5656724992368235,1.8400593577021311
2886,2507.5514860954545,0.12910691449169154,0.0,249.42437319778617,858188.66030556,105.25453638561585,38323.90698859699,0.9697666426436643,89.138598071648,0.5650563194481225,1.8323671513033446
2887,2453.986390871283,0.14744798306637263,0.0,281.0988747117512,858533.3784988773,105.1064630416056,38310.601089551645,0.9749992316980555,89.09263150743628,0.5645135354866256,1.824940078246243
2888,2550.9161750153066,0.10495714116243127,0.0,256.8070870218978,858852.5427690349,104.92942406808062,38296.477383896134,0.9737172872028371,94.49886285285002,0.5639878105192273,1.4306734954489855
2889,2550.3522010085385,0.10669273245933553,0.0,244.96452163831663,859162.2589250612,105.0884831686251,38282.717415233055,0.9741113552806083,89.2568686318431,0.5646356248825125,1.4253920305907002
2890,2524.5280196528743,0.12376050050839082,0.0,231.4967929427424,859458.3594813421,105.03164870286209,38268.6012511632,0.9754325064852032,89.40380113663333,0.5641286097888594,1.420314148920312
2891,2466.0110993018848,0.14621544329240332,0.0,269.99990928003734,859792.1157641854,105.1165454529767,38254.89279625538,0.9778757705323631,89.49017228316424,0.5636782346829544,1.4147834797080918
2892,2534.7157320928504,0.12198013066063795,0.0,271.02787204658085,860125.3333885295,104.80720529721363,38239.47317774965,0.9758741980794647,89.52862391509174,0.5632686790507616,1.4098273935439636
2893,2548.930092684595,0.11494121893913178,0.0,257.01955851000537,860446.1294874888,105.05964611407875,38224.20136436717,0.972607567286248,89.74070601051085,0.5628876610383811,1.40462348549093
2894,2559.9461354165733,0.10575779864322776,0.0,247.74369767272174,860757.8658755072,105.16376813117745,38208.85221119,0.9675096866874979,95.65597415612919,0.5625708928534805,1.399306623548199
2895,2574.646794290699,0.09861451117895526,0.0,172.43587944895523,860994.583530296,104.55604736435097,38060.438152305745,0.9701935617309011,95.51936972121842,0.5572279122738046,1.3943593857440533
2896,2581.26397108862,0.09319548666775623,0.0,255.9360650060512,861315.0335010912,104.89868176131927,38045.25246712576,0.9733024402344523,95.40625263832362,0.5647250275802187,1.389313827114222
2897,2577.536224958049,0.09898109011000944,0.0,203.80801033915293,861583.4401914628,104.58227184156107,38030.35504325173,0.9717475874232695,95.41387745510258,0.5655146465064571,1.384046181992801
2898,2581.5708446490557,0.0948149914667451,0.0,202.02642413646606,861849.8309410686,104.74019385349013,38015.86464719254,0.972958696437512,95.25354005140127,0.5620450002456424,0.43447217064931465
2899,2580.3210958721443,0.10111975894397429,0.0,202.83864431781086,862117.1143112759,104.42870097587735,38000.55967616137,0.9731495149836528,95.09978905393352,0.5671321671926953,0.43330291141876387
2900,2566.1606605079332,0.10732000622001414,0.0,220.3308682670018,862401.7380715925,104.60936398119706,37985.44581529469,0.9703838398760568,95.04258800917583,0.567710852569978,0.6336864405393783
2901,2569.099792498633,0.10635001564643976,0.0,227.98394238859288,862693.6693577996,104.9501885558685,37970.28333614154,0.9702102414105207,94.90664710477398,0.5682527996088954,0.43037856200825786
2902,2585.614151207401,0.09778438591180316,0.0,215.71160059955258,862973.3534882315,104.85848702002872,37955.08739734549,0.9693514527202687,94.80290013490811,0.5687331237761336,0.4289315392216224
2903,2581.643026978512,0.0997216096454262,0.0,194.37261898838062,863231.9970833596,104.74536875197235,37940.131322249385,0.9677182608664958,94.48624376904948,0.5691667490572004,0.4276234199447799
2904,2569.3526007915248,0.1044623355097486,0.0,214.88441538049864,863511.0318651724,104.89199155095586,37925.401029157074,0.9741032885319064,94.4013980767547,0.5695104607166287,0.4261417248496002
2905,2576.55737986241,0.10287218099126805,0.0,219.35859547650853,863794.2696726599,105.03757544156413,37910.42044415619,0.9714129289123181,94.31039484256053,0.5698183910535395,0.4249044515543403
2906,2574.4003173492088,0.1042199820011922,0.0,210.73858738540923,864068.9577758266,105.00243253703619,37895.45530031309,0.9741957177343872,94.0677870230377,0.5700910292443973,0.786215702737195
2907,2556.6642424813467,0.1145886361125994,0.0,221.95561833000494,864354.7960181981,104.94781524471544,37880.92462741575,0.9691608595531777,93.35756204831614,0.570306546451683,0.7838943353783634
2908,2553.614917549415,0.11702435849114512,0.0,231.04736148716967,864649.2935382416,105.07327709777029,37865.77967201347,0.9731706541542675,93.27252599377212,0.5703588561604788,0.7811880354722405
2909,2552.2964999535357,0.1136614009974245,0.0,236.89016804857044,864949.5358154676,105.12165487344082,37729.454453764505,0.9740496429273939,93.24864385887334,0.5703899586692197,0.7781264604525688
2910,2551.010843510552,0.11935429481292759,0.0,-99.76811321734681,864913.0507049393,104.82546819594339,38246.19953979444,0.97422393210739,93.20714726577326,0.5703890278650509,0.4185121832940979
2911,2550.079562043601,0.11906421448237126,0.0,496.72074536203536,865472.9474130151,104.93677491224555,38231.733600305124,0.9656822995573674,93.20372453955522,0.5703702059600048,0.41697521191710507
2912,2572.950638206621,0.10521141320530225,0.0,294.481006360377,865830.5617939034,104.83593737247048,38217.257233551194,0.9688825516929325,94.21837655197444,0.570351288728113,0.41585922834480016
2913,2570.473005238136,0.1034582661250475,0.0,238.1885457500229,866132.3849703433,105.01320826124535,38206.88485862424,0.9642046153966639,94.36913995177956,0.5701942840993002,0.41449730235905236
2914,2576.3094688932297,0.10505631065868049,0.0,213.06737825599657,866409.0131081362,104.82777417101288,38191.537797428595,0.9684601645310594,94.30484276876959,0.5708137140431347,0.4129378778951036
2915,2572.116642906384,0.1066212637569165,0.0,214.80608409151802,866687.4509565883,104.86558545043529,38176.86803363138,0.9741797187189609,93.97453008872455,0.5710196508105639,0.41155360605972646
2916,2568.3569415222205,0.10897930155548508,0.0,216.044391490823,866967.0209400208,104.79329944673563,38161.49902204022,0.9707346482892952,93.83927458605606,0.5711442043311208,0.4104956446060726
2917,2579.581596124293,0.10223823397589071,0.0,216.57203966526976,867246.9990823438,104.80518009004957,38146.61876259047,0.9694728934917338,94.24099567516578,0.5712457036789255,0.4090791117777428
2918,2561.092972088324,0.11367012832829804,0.0,206.02381720590108,867516.7080357125,105.07573050747916,38131.26730501415,0.9514302800038859,93.4306147380813,0.5714277471015271,0.40754338701549386
2919,2572.2878603135296,0.10847853913892613,0.0,231.19110234070126,867811.0452677152,104.86259426867541,38115.92395105829,0.9638328137387531,93.8761216883787,0.5714268732967335,0.6349910432884087
