t,real_gdp,unemployment_rate,policy_rate,gov_deficit,gov_debt,benefit_paid,total_credit,price_index,energy_bought,e_capacity_utilization,energy_unfilled
0,94.76176829926182,0.8714222124079027,0.000134,206.28828390003426,4983.788283900107,39.19999999999995,844.6862894093402,1.1999999999999995,34.63693739999999,0.04451044916887574,0.0
1,174.8912060037883,0.7373921940314864,0.00012525913194797985,192.69726067295133,5176.638458478185,39.6419269442378,1140.62668669846,1.1999999999999997,33.32495549660888,0.13399872724044715,0.0
2,262.23626956331736,0.5896306778516466,0.00011800983722039551,176.53924327737346,5353.355147517501,39.2075384615385,1172.1913481641582,1.2000000000000002,31.899336247742024,0.19470059747309745,0.0
3,305.18682595831774,0.5276886146836534,0.00011238688751041686,168.65146101782827,5522.1928430960925,39.2113076923077,1176.7163552342238,1.2,30.59370588405082,0.19469095435669237,0.0
4,345.1093974298228,0.4630634167841646,0.00010746474007777447,158.57359446009374,5680.96014265546,39.2113076923077,1177.1445569305145,1.1999999999999997,29.31584632662272,0.21677600555955265,0.0
5,391.25300632590995,0.3894141153216988,0.00010326668457970266,149.89502215214367,5831.055681233806,39.2113076923077,1177.6129349307569,1.2,28.191097312719346,0.2167997767400467,0.0
6,423.4323090722576,0.3416936582742802,9.988315676176064e-05,142.8040694402217,5974.067850141698,39.21507692307696,1177.9581972957537,1.2000000000000002,27.248129740073438,0.21680875002725342,0.0
7,458.6384317879468,0.2850334239325998,9.703216460239293e-05,134.11317940306498,6108.395695849034,39.21507692307696,1178.248013376817,1.2031626336196222,26.432675291835732,0.2168029963370008,0.0
8,480.702936446644,0.2360199049084053,9.4866134618983e-05,129.586509332468,6238.20400099932,39.21507692307696,1178.4668865355889,1.2040814529538073,25.394791528362166,0.26361917354390685,0.0
9,506.5317923286441,0.19420092685835944,9.323703243067783e-05,123.25285071265117,6361.685321723129,39.22261538461536,1178.6300547373773,1.2046614674800802,24.563616544740356,0.26361795431220736,0.0
10,519.4450935850803,0.1691237113943711,9.207108693914453e-05,119.30382866944086,6481.224388369888,39.22261538461536,1178.7452660134954,1.204410456030984,23.77961367136799,0.2636334776210147,0.0
11,531.0850909242084,0.14652685717748903,9.117977724163197e-05,116.05226622650305,6597.518639856588,39.22261538461536,1178.8319212670804,1.207950920255515,23.060946509566246,0.2636390868023349,0.0
12,541.8011042192873,0.1255219062106222,9.062032679794208e-05,111.99285216229838,6709.7602550095935,39.22638461538462,1178.8844354111718,1.2140750323098268,22.37227135105947,0.28044149982884486,0.0
13,554.5829012760698,0.09827755301442487,9.040673138402898e-05,107.86294090151299,6817.877971783342,39.22638461538462,1178.9015939708697,1.2138628893549794,21.745469353698034,0.3220586466435847,0.0
14,557.0548513901969,0.09099168978617689,9.048320898418068e-05,106.76257794094604,6924.900762002873,39.22638461538462,1178.9015939708697,1.2143320745770319,21.161635758508336,0.3371008739105031,0.0
15,560.3431986316886,0.08593511944023335,9.062062482440438e-05,105.67791245884752,7030.845086642049,39.22638461538462,1178.9015939708697,1.2139574077119522,18.295026024320666,0.3371161490636886,3.819936258132344
16,566.5284182658274,0.07669559552179328,9.080940441123744e-05,104.92309604145291,7136.040801392635,39.22638461538462,1178.9015939708697,1.213366438454894,8.328415210036031,0.33715496364114816,20.783407273316897
17,572.1244866868382,0.06519517186732904,9.109368686533986e-05,103.1112999135551,7239.4311567603145,39.23015384615382,1178.9015939708697,1.2142474453945544,8.4402605836386,0.33713281993693933,20.877680426758804
18,583.68942152609,0.048945378691882424,9.149683407225918e-05,100.13246636159391,7339.994260189518,39.233923076923055,1178.9015939708697,1.2128364200858541,8.581487661645344,0.3371266643291806,20.97120033448312
19,588.1852053183623,0.044957777640971086,9.206850232667034e-05,99.28263617503119,7447.678487153632,39.233923076923055,1178.9015939708697,1.2140514951496202,8.154199363304345,0.3371205855284563,21.075881971955965
20,590.7060506777067,0.041466993614839964,9.267697349269473e-05,98.35118092218612,7559.204664436844,39.233923076923055,1179.6991363252002,1.213170294269422,7.804703242378143,0.33711542483468604,21.202994944481695
21,590.9660500761353,0.0414664521166076,9.33167287048367e-05,98.52581824756518,7673.653426926713,39.241461538461515,1190.3005363388197,1.2132256488538617,8.223107722898892,0.3371109086051929,21.363830331610878
22,590.1586712064479,0.045007382722556,9.395044112198465e-05,98.6144578282385,7792.037675858057,39.24523076923082,1200.4187297694186,1.212941427662397,9.00744273366039,0.33710671604353093,21.49990205990488
23,589.7158184253291,0.04650795053294643,9.454052722635688e-05,97.90024841751183,7912.967732647179,39.24900000000002,1210.0330726039058,1.2149740910784854,8.856307191749845,0.3371028115311327,21.60631721332279
24,591.1402806367822,0.046430977658966976,9.519519798966129e-05,98.2030568333568,8034.074308341254,39.24900000000002,1219.357825748491,1.2157375378828867,8.825435547575381,0.34889175898163477,21.270024076939748
25,588.989726539392,0.04960123135190109,9.584476707995258e-05,98.53490475234906,8156.206190348114,39.256538461538476,1234.4563836814577,1.2159278344091504,9.176045076189203,0.3488867473433848,21.39703515746948
26,585.3437760486486,0.056021986014016534,9.645444392653031e-05,99.76007069617901,8279.485105984562,39.256538461538476,1243.697573826646,1.2210424123556871,8.418329447712471,0.34888173655606713,21.36996379700043
27,583.9197455209312,0.05940733090653327,9.719770635886768e-05,98.99651612552648,8401.906372351386,39.256538461538476,1254.3322030994382,1.221768661207454,9.461866734026337,0.3488726034252064,21.509688706210866
28,582.7634441846407,0.06310717646480224,9.778903363500524e-05,99.19374036755903,8524.476101164935,39.26030769230772,1270.8625354254614,1.2197759685677585,8.536315418812801,0.3488671430309942,21.617298316003705
29,590.3125029715512,0.051878470176717095,9.844325845967075e-05,97.66402475780812,8645.47473859106,39.2678744230769,1282.5948979879302,1.2209691374120923,9.324016407898998,0.350342763476223,21.74944870469291
30,593.6173607541805,0.048339133868297024,9.91024103525375e-05,97.34356471597677,8766.485233737722,39.2678744230769,1303.4419892584285,1.220212176395167,9.725002069714542,0.35770671301286605,21.557533587591557
31,590.8524951396754,0.0546454415657478,9.979265273123001e-05,97.31792412505712,8887.60914544326,39.2678744230769,1324.6550894420516,1.2202975609636177,9.300087342991423,0.3586807964831259,21.497468836588393
32,586.0182100524005,0.062158634430179216,0.00010040884047868829,99.39754415534539,9010.707258906834,39.2678744230769,1345.5279347647079,1.2215232202950457,8.237918887805325,0.3492803689384499,22.04774927249781
33,586.3044752091056,0.05935798452354957,0.0001009405439598017,98.15461790907545,9132.375598443288,39.271643653846134,1363.5383323246303,1.2195999455191195,9.27705061459998,0.34927359974138916,22.22527731943492
34,589.2019219658422,0.053906728952834215,0.00010149645480222915,97.93511581992144,9253.841699561013,39.271643653846134,1379.3105925423038,1.2208055853573299,8.408391803696697,0.35403183576523584,22.292897383517953
35,593.4355850756222,0.05098437229948882,0.00010210462323171974,97.66534874811148,9375.16043682526,39.27541288461544,1397.356509169572,1.2186632253109622,8.339030129831524,0.337029266534362,23.051543536712956
36,589.9821803204638,0.05733057458021462,0.00010273777148704794,98.19314891368889,9497.181418328259,39.27541288461544,1407.7752566781926,1.2198487468971904,7.931378338342509,0.3370225633931191,23.126349503939444
37,585.8993802153283,0.06082301326508022,0.00010329711713039498,98.96026685632376,9619.837536623227,39.27918211538459,1410.4870488078209,1.2212258110586993,8.767706221732231,0.33701582353065374,23.351789770112223
38,580.9967310117057,0.07433050592062873,0.00010381360799898202,99.69808358383648,9743.072857692716,39.29057482740386,1416.5309738930846,1.2193779823409485,8.691099056336617,0.33700901196617794,23.529534816590875
39,588.0037563111265,0.06173862451143097,0.00010417969859276008,98.4334542073352,9864.851745408921,39.69530675264426,1425.1709153704107,1.2185808374702727,8.796280631448466,0.3370025999778751,23.93871552252353
40,587.6817141456098,0.06174588155904259,0.0001046755863756934,98.82040405109663,9987.3006884395,39.69527819495195,1432.9253240048401,1.218646346631217,8.022016599473686,0.3369954887572354,23.97943436193013
41,586.3369347842013,0.06173858642722363,0.00010516625230350537,98.65776798221015,10109.579152916003,39.69914321682694,1438.1588228129174,1.2221114052499085,8.01816618569104,0.3417600831324094,23.873819267042684
42,585.291985946799,0.06127186529055462,0.0001057417965810022,98.2203246402964,10231.40665342126,39.69914321682694,1444.5525739226582,1.2226424989916285,9.462640858270529,0.3483638371317446,23.948973041119032
43,584.7935531657203,0.06161221231429992,0.00010631135150303547,98.27545610470204,10353.250909746088,39.706758601442324,1446.0361876199588,1.2231027684723845,9.171750943378685,0.3483550235218651,24.020453137509815
44,585.1189022175149,0.06218132405795096,0.00010693113984871743,97.92328556150608,10474.776566201708,39.71056629375003,1448.689458199655,1.2257839420123244,9.458989682394908,0.35100455446816825,24.077603308860148
45,581.9151522505493,0.06757792622482262,0.00010753822153714793,99.25381602701246,10597.649381543668,39.71056629375003,1449.4358294119402,1.2269128124737274,10.186690349632979,0.3530280262204306,24.138049092802806
46,586.5039865592299,0.057017692090260974,0.00010808134511414006,98.05448605064387,10719.089803247129,39.71056629375003,1449.2185145086682,1.2234979225124258,9.841794926034211,0.37260488092640226,23.426586114564415
47,592.2280772066647,0.04436835710025422,0.00010873079235689059,96.7622717321644,10838.929644267344,39.71437398605769,1450.2521277420421,1.2234733437189855,9.951484750557016,0.3779730360060405,23.624971597981197
48,586.5646952406333,0.05235007688541682,0.00010950799461415683,97.03075436198037,10959.26987854939,39.71437398605769,1451.8325953828264,1.2259857965300804,9.835091784272425,0.3833274085240377,23.33282556494671
49,592.565456559171,0.04430306685074781,0.00011024651119898618,96.51476747718979,11078.913808505806,39.71437420024036,1453.1035927216801,1.225282929144207,10.916975804516092,0.39397843158336704,23.113984599205068
50,590.3508176077053,0.04860373828357012,0.00011106300250643198,97.04476380995314,11199.203296720532,39.7220181425481,1456.3524838028504,1.2269222601877825,10.432128762712276,0.37228718748711115,24.244365117563653
51,590.2762647625234,0.04683725494219726,0.00011182646222981369,95.75993371382582,11317.863224122533,39.72585439254806,1456.0472878240353,1.2270785215157223,9.548101613924198,0.3751717077553524,24.29148456208729
52,591.7570383432758,0.038876147235823666,0.00011260095395415733,95.1286006379901,11435.892378419128,39.72204670024039,1459.7195467565298,1.2295954434693386,9.365953854902296,0.37736870224012914,24.537228775321566
53,588.5215342045286,0.04657189223942115,0.00011345318114552124,96.56875143109941,11555.467072900758,39.32081390528847,1461.5975799636483,1.2316500523678582,11.26791138482043,0.3674263562979378,25.122072387136967
54,589.5898271669668,0.041223260346065826,0.00011421502762176131,96.22026838589,11674.561459465496,39.32081390528847,1464.0495270687943,1.233271259283359,10.752469122655297,0.36900953784063173,25.12406817626682
55,590.5391454260975,0.03595718165570816,0.00011502610957062572,95.22741257485826,11792.711052347473,39.32835236682693,1463.8321109535127,1.2313223672595983,9.371975215733551,0.3722197325342083,25.068846850208136
56,588.8612002463799,0.03755325449218494,0.00011588512787444802,95.23538294765721,11910.920128820422,39.33212159759612,1463.9071402176228,1.2308898822229575,9.745418829158197,0.3518843175280019,26.068595996263006
57,588.294322015307,0.03755327996272895,0.0001167187191815574,93.7770484429986,12027.609504985925,39.33214986682689,1464.7625628417336,1.2278119407299644,9.050986135379397,0.3518713609478143,26.25779429758019
58,571.6826429269536,0.03104101874266596,0.00011754407100664475,92.74301900511618,12143.242491169742,39.3472550591346,1467.4392323258198,1.2284818759079854,9.04730146491825,0.35185786091138005,26.482156565170484
59,571.0042306948844,0.030857485131733142,0.00011843043790136253,92.49160275077071,12257.962594853034,39.3472550591346,1468.2712397007028,1.2283133504265258,8.58160841672597,0.3518445616402025,26.71947623548638
60,570.2762755386244,0.03120803776527903,0.00011931002229458058,96.20908730117513,12376.373035203644,39.35105255913459,1472.0916303979257,1.2474382203654906,8.23255315510181,0.3518300072198658,26.968489140821823
61,568.4070855953421,0.030479569995020217,0.00012017719685359942,99.05567388809115,12497.600320662592,39.75640160408652,1472.4206567147996,1.245047011349354,9.750173336386911,0.35181508509375436,27.18881516641317
62,590.6890485770533,0.026187512971959093,0.00012104377400545124,98.53971364936568,12618.241150502925,39.76023785408649,1475.8410266830897,1.2411766069985062,10.8364861095114,0.3518001230441181,27.31131839687955
63,590.3746992785836,0.02575456784769059,0.00012194748787043663,98.13578695396123,12739.365352472469,39.76404554639426,1475.5143933071063,1.2404453333085952,10.102128113533277,0.3517846259079008,27.34596314284527
64,566.3781305536673,0.030123637891483646,0.00012284701668339686,99.40589461033487,12861.752766480764,40.16954872596157,1475.1881192278363,1.2427907726667513,9.694799521542109,0.3517691851700658,27.421349967125998
65,561.8208657569287,0.032939693544223436,0.00012369132446260372,100.21313743115624,12983.869705720463,40.16954872596157,1474.8622040500536,1.2452617079087827,8.704135817722415,0.3517531205299091,27.515813107910553
66,561.1026764678904,0.035667611440813984,0.00012457074833190334,100.82961246609455,13106.466936904231,40.177241033653885,1474.5366473789666,1.2464340520766986,9.23014310863735,0.3517351332805707,26.738409066851133
67,564.7810206567784,0.05002575124398856,0.00012541246224068666,104.12393093346674,13232.332843032571,40.17339487980769,1474.2114488202176,1.2541935503646866,8.88120799208932,0.35171799137519416,26.852659360182734
68,552.7249370132286,0.05817105863268046,0.00012609357625003152,106.05313411570576,13360.179889189523,40.17339487980769,1473.8866079798834,1.2594693129473253,8.648959969149308,0.35170076782474646,26.995450613545522
69,569.9611715673803,0.07236390651046898,0.00012668087148939972,109.01390379085048,13490.514019124774,40.17339487980769,1473.5621244644735,1.2687827484571748,9.116728505258884,0.3516833620198062,26.786154677155064
70,570.652991313941,0.06740469378185843,0.00012717905623154172,109.07885066722211,13621.647411063259,40.177241033653885,1473.2913088644416,1.2691838029837026,10.345776489210236,0.3740124430395276,25.992167890557827
71,571.8735617105382,0.062379324720599705,0.0001277322722405917,82.44585437531539,13726.179844325237,40.184962187500055,1473.5975067704187,1.2614783195158552,9.464057611722993,0.3739906972884361,26.057091701783467
72,553.6929617598787,0.056631935347349005,0.0001283327188375303,62.678313709828394,13811.003598036588,40.192683341346196,1476.695790092166,1.2543935436412303,9.415025494750392,0.3752974520827977,25.153135909878223
73,554.0638754236243,0.05118202808441685,0.00012898773448548104,63.166317148465176,13895.600776591593,40.192683341346196,1476.4633159347566,1.2550688717434122,10.174543890455773,0.3752755059277888,25.969345159778626
74,569.8564071493297,0.06335279992136911,0.00012969375089049207,63.35964721721609,13980.09113111372,40.205407186235014,1476.2317224399385,1.256659290016337,9.478380084027464,0.373928667749783,26.25650228203186
75,563.0620470407652,0.09212685920468566,0.000130262914251888,54.48513103966523,14056.338830189692,40.342622388974924,1475.9997633929768,1.2584887889982714,10.588025581961,0.3739090896468231,26.327022959213824
76,549.4073151508442,0.1102867797076631,0.000130511159854371,49.897151935413255,14127.570975010463,40.368254328247644,1475.8091305154635,1.2633358790326163,10.064291048667718,0.37388808971185566,26.312035184572153
77,545.121934882133,0.10862933993235269,0.00013057080826183622,52.8473299560547,14201.375870507076,40.441905756008055,1477.2451895461772,1.2639898756990922,10.240824920577404,0.3975649008465428,24.955310072941035
78,552.7013024544265,0.10139425644289668,0.00013064567844907186,50.1714118072576,14272.463726983446,40.325494731556525,1477.4047294315842,1.2638553070485417,10.994202052811472,0.42960897401249637,23.92466557292288
79,554.4837419486564,0.09694043662072949,0.000130786266674314,53.12804330509141,14346.59926311253,40.34604955503236,1477.813505055721,1.2627335943688072,12.063908620239895,0.4295823248643738,24.673416237290073
80,553.4241556714117,0.09622175158742607,0.00013097115385275662,55.320298005341044,14422.936039320324,40.2540353998583,1477.6023383587142,1.2623920981149577,11.878869081393246,0.4320555619290461,24.111251098408875
81,554.866203388777,0.0918677747162917,0.0001311602682648044,55.49717248545097,14499.378892989449,40.286345383853245,1477.3925187956122,1.262742763055434,11.337783343526205,0.43631993942457203,23.401038635508886
82,548.972808359418,0.101980707958785,0.00013139226455977156,57.16443500892319,14577.272771589169,40.281032582235305,1477.1805168826706,1.2641016050265297,8.999386052371577,0.41410824137993535,23.706844117452096
83,549.5336733552981,0.09834742006427588,0.00013151289581705508,54.88554999072172,14652.70301359506,40.28639259008557,1477.8829746911229,1.264582546926274,12.602659941405253,0.45276102932419626,22.66321248622072
84,547.0827663182308,0.09727369334703984,0.00013166927751023121,57.12256203386221,14730.139845154483,40.33522501728855,1478.7794669648683,1.265093190547836,11.094837072351982,0.45534422573501915,22.437806863925427
85,549.5122180420767,0.09199035465465188,0.00013183391135657003,59.880844496286755,14810.303547412836,40.26182904202677,1478.582027047793,1.2645653932089924,10.554157198749614,0.4553143956595461,22.390836545468726
86,557.5556239314113,0.07411752946157524,0.0001320515311590417,62.845010096473516,14893.518156162416,40.28925157820994,1479.9813333127397,1.2633840644866656,12.765942291847143,0.4684209252813896,23.18180240922678
87,555.1475201184487,0.0757847192628428,0.0001324559101981916,63.87853777776182,14977.968036391532,40.290212553804395,1480.7567054534686,1.264774516530041,12.622203998392,0.4811209883980503,21.970479663340907
88,553.8732866554564,0.0629664285968673,0.0001328375074067137,68.17658310701836,15066.630163334885,40.27501123504499,1482.101649691399,1.2658516653197622,13.627684701933445,0.5202450827281874,20.725752891689012
89,555.9895005430247,0.06292911588987182,0.0001333601724221886,68.19303966091084,15155.27414407506,40.47624879477359,1481.9362748015837,1.2662173440308537,14.110474027198698,0.5299673241179601,20.148241566300477
90,556.6372706367985,0.061583897630114404,0.00013387739150512912,69.39157614094772,15245.037147662515,40.49664703120663,1481.8218169595111,1.2661704614679263,14.377640729708695,0.5313650530367728,19.88929491804504
91,555.9936387505797,0.060189252167482166,0.00013440313529011123,67.72303491995623,15333.155966192677,40.68069670171734,1481.70575845185,1.267340386735673,14.136276227658957,0.5397710549910255,18.813420089781673
92,550.3655093589139,0.06445380468953443,0.00013493788664746192,69.20729544063657,15422.743483335415,40.57261352104799,1482.9053346418941,1.2675194871349977,13.849068272359082,0.5449152441160809,17.03353935649253
93,543.9217506304446,0.06847364493189567,0.000135421431098555,72.05288303184363,15515.006449724606,40.5687437684067,1483.7091457749355,1.267117846975628,14.859890079845774,0.5476148371027023,17.613096879334176
94,538.3857659531983,0.0775606615574399,0.00013585682469021584,71.95777442484965,15607.070286412734,40.53947897569627,1483.5963283647702,1.2653087876334264,13.188068658804452,0.5254925590242435,18.337049339356128
95,539.0889161183543,0.07444318121076576,0.00013619053533730227,72.80742517921607,15699.717760698146,40.561737685584745,1483.4774791517073,1.2654132494111245,13.968482376693952,0.5290800783524661,17.997123441574608
96,539.378475843964,0.07431158527833193,0.00013655327402847323,74.79157451697087,15794.331100318417,40.64928985710008,1483.3572751904665,1.2650490615199035,12.878549027922755,0.5320712340513265,17.6604709676029
97,537.107249708238,0.07448972866957981,0.00013691312786631333,74.10298880823075,15888.19023362895,40.62724674572855,1483.2296906490621,1.2658761665105487,13.652441110126185,0.5366431673679533,17.296884564862275
98,527.3223857727821,0.08132672486203618,0.0001372668988617417,78.41172916195626,15986.27815175047,40.64950947746638,1483.1020172922586,1.2659988538007234,13.285616746062793,0.5264855785506428,17.25652228082632
99,534.200245071718,0.07048860632542908,0.00013756935083349822,76.33803671391149,16082.137844962192,40.71069977409624,1482.9844594977665,1.2656740151854378,13.72814028507195,0.5299820390116816,16.926788660683897
100,528.6926589233001,0.07653101287039088,0.0001379826309056632,78.97562496343978,16180.690680207212,40.38496270356092,1482.8710937082164,1.2703124183239578,14.298581761194205,0.5309794301467261,16.047592680855722
101,527.6865389609245,0.061717854959373875,0.00013832670449796529,92.31246699222574,16292.456565453518,40.410710734106274,1482.7541350979463,1.269782022570864,13.084095643816193,0.5335796678499486,17.520452123148655
102,528.9058069259686,0.05555532854435974,0.0001388697748655795,87.47491356677388,16399.348006267817,40.350873392035105,1482.6359146753775,1.269028500709282,12.997463835355827,0.5345432514635436,17.315163186032205
103,524.1519078688158,0.06213494081592563,0.00013947202026798835,85.67503337149424,16504.47946402998,40.35258440719848,1482.5150448035945,1.2695118807990704,14.217365980644399,0.5397118126294931,16.12867668405883
104,514.2927664653167,0.07832219856702494,0.0001399974189264339,79.49739856087686,16603.245017676145,40.729892853413226,1482.398139627782,1.2710766921977241,11.438653341551746,0.5396734348326949,12.87823893269
105,516.0478613729307,0.07066163157145788,0.00014034433382721634,83.68529941092761,16705.797411494998,40.510264213217084,1482.277182855411,1.2720293765529986,13.141466162594519,0.5087020115191978,17.93241988395987
106,518.6616403808686,0.06449354118145867,0.00014076786659297867,88.31444870762876,16813.008254047316,40.423645506761616,1482.1035510398724,1.271586982960607,14.25160335934094,0.5086673454260322,17.37923368677717
107,512.6010391653223,0.06901099452132264,0.0001412515592594915,88.53975527423145,16920.55950621497,40.40740708947399,1481.9363868522253,1.2707239257746306,12.445620516033198,0.5086325334232354,16.72770428601101
108,519.332917174469,0.05700649710575334,0.0001416812647007142,92.58778890169589,17032.04084471194,40.433661275178196,1481.7758161457102,1.2697607409601201,12.36035161097488,0.5086768978788472,16.873421766155914
109,521.3474064706452,0.04901431899951181,0.00014223319104196598,93.11166827725805,17144.30909786033,40.36544144968877,1431.8122301060241,1.2695704675735588,11.929009473041187,0.5227040716079577,15.437182984749107
110,507.13294143239773,0.04919913346089333,0.0001428637225852185,92.28701949991301,17255.83400639957,40.46136969820297,1431.6521107865124,1.2692730866434414,12.406439598325605,0.522668679437127,13.054663555073933
111,515.6738483131251,0.059059533401177644,0.00014348526298018952,91.10613040194322,17365.9337916898,40.40744177043686,1431.430051612326,1.2682377031895915,13.203162585548423,0.5226334443208681,16.479690231759967
112,514.7321742524747,0.05663965691590844,0.0001439949365722075,92.50513334956221,17477.416652817054,40.53345721182484,1431.2086696684169,1.2679070693331331,13.237762058295813,0.5352748543214755,14.82004313991628
113,510.2262934998668,0.06465937239931507,0.0001445242599241799,92.4586462967583,17588.818266648894,40.59361320945866,1430.9851657954919,1.2678765898897884,12.75139231574831,0.5361070796003816,15.563686042565884
114,512.7505114681951,0.05960087499196276,0.0001449620106653768,91.49693403692189,17699.073218390964,40.42461269396238,1430.7606497804732,1.2677615752701388,13.535747576046774,0.5360712455003995,15.413631342672954
115,510.10850777493226,0.059767446397337776,0.0001454480411507608,88.505655856412,17806.34358189723,40.36160568810339,1430.544138114162,1.2692045435809374,12.893860112219695,0.5385287650122722,11.800803700485481
116,507.8373901119432,0.05960884229574703,0.00014592639393205765,92.19953555750035,17917.205926933115,40.467204203475625,1430.32853894117,1.2692445055010029,13.372153044451833,0.5384928984681393,11.63369502017358
117,506.8179591548338,0.055066072594906035,0.00014640059142916252,95.64378534720943,18031.532980003816,40.38256631106409,1430.109485667604,1.2684511532368499,13.835567445960857,0.5407249135906412,14.656445610517437
118,509.74497733090243,0.04990252309514498,0.0001469173169381776,95.56534405278249,18145.853359470264,40.45163501962188,1429.893048380483,1.2685207691265572,12.772610092214581,0.5417151327712962,11.18832433028874
119,514.034157109702,0.0363794986088094,0.00014748285652927065,99.97242574920907,18264.612428478205,40.49629126702808,1429.673578948738,1.2689498614026489,14.340777143156037,0.5416791021433416,13.047268851667091
120,513.3188333243035,0.035988916269619975,0.0001481017773830699,-153.64408261168728,18129.944165641577,40.505576968606015,1429.4902931459017,1.2688583158652629,13.527047130669427,0.5429755042334595,13.967958677682851
121,508.4046552178029,0.050218011026975984,0.00014871816005187217,-151.9392631278131,17996.950330257452,40.46599454536314,1430.7424458523285,1.2694027325648367,13.146583275674065,0.5438510814943259,13.380652419838906
122,505.73927737603805,0.05825854105695183,0.00014917647462365835,-149.73382538081677,17865.898730462686,40.371912090239206,1431.6276828882467,1.2667509509091956,13.956314471580919,0.5486864841785437,13.365490106101273
123,503.7114236707063,0.06924965397329919,0.00014954324718886356,-150.1841387503506,17734.263347303167,40.44216458792391,1431.4227532828158,1.2641467251117906,12.441513179514901,0.5486503911169343,11.603206008127763
124,498.14107266676,0.08765537121864919,0.0001497881280079133,110.64708655094526,17863.36183404216,40.58134649224915,1431.2181947396275,1.265514562742638,13.681361202100241,0.5486487078800755,10.021010888093514
125,501.9695682674926,0.07475287631433025,0.00014983329632019742,109.78202143250779,17991.37375225428,40.65317537883289,1430.9993890606595,1.2626766041400421,13.671706509786056,0.5486134600515061,12.821054497163423
126,503.77794521711553,0.06841751865106571,0.0001500133931457438,107.57826142270106,18117.34770173793,40.52602299783565,1431.6295934172317,1.2596953971942026,13.654932109110062,0.5495149272783509,11.9525534518244
127,502.93625751150824,0.06868986160772039,0.0001502575225080382,107.52962430626687,18243.35853526528,40.59400402933301,1432.4255338580465,1.2663372130093273,13.058514431590947,0.5497370654162752,9.547847263881614
128,506.8051280542019,0.05546050810896097,0.00015049509195349595,105.9348127531785,18367.71628030529,40.42842570662859,1433.141387390963,1.2636205450969709,13.961237036560915,0.5497018235136087,11.908339693739709
129,509.6368814979129,0.04625331685588352,0.0001508696165055814,104.8600268606899,18491.17869420062,40.39364360445942,1432.9445522192063,1.2637147297777667,14.018503785819508,0.5504193231635716,10.96660506761588
130,508.5095584627895,0.044367685097820186,0.00015133726329859504,104.39195038612864,18614.285229384877,40.43114063738582,1432.73366139959,1.264857183283478,12.445906403180356,0.5503839739841372,9.091223743364434
131,507.7865255368675,0.04938791801449249,0.00015181942700266495,104.61291242676327,18737.616036876745,40.365999131683516,1432.52223369742,1.2649302604333539,12.247818598062763,0.5283139567800823,9.931244097008207
132,504.9460681496915,0.05497593153967295,0.00015224252267410882,107.04912871155717,18863.37758373792,40.619948623528636,1432.3127665797833,1.264394157341881,12.657956414168481,0.5282817923627003,9.852695518166126
133,503.81462256293554,0.054311887868110365,0.00015260096182208958,106.1032923950703,18988.116377581286,40.86294923409779,1432.1260279653538,1.2642249412282327,12.97562959187958,0.5288206622042793,12.384552173955317
134,503.8687756553216,0.04721320684323693,0.00015296176149537052,105.13107494897025,19111.865915185226,40.853781839325535,1432.2564638573917,1.2645074257386566,10.999032412734087,0.5287886153770877,9.648566148862322
135,500.2613655794598,0.053566584144783436,0.00015339337205884607,106.47693024102796,19237.038958481662,41.055906258203414,1432.526277845098,1.266115552745062,11.600618985874176,0.529261492030615,9.61317617233611
136,501.2191395702662,0.04895251478251428,0.00015382796570675563,105.67355907553689,19361.316087157793,40.84074707737328,1432.837787800251,1.2643071217697024,12.244073468862526,0.529227754063282,12.126129894252273
137,503.2085303033529,0.04304934862132592,0.00015424644816814783,104.84640273474866,19484.799761745424,40.887557772920545,1432.854693254692,1.2703748326005457,12.38646072530412,0.5297599920035643,9.497429075721772
138,500.6459962097806,0.04690500473193937,0.00015481256603522698,105.00948857121482,19608.610907718303,40.89886282054701,1432.659194028924,1.2721146119625577,12.456736638045417,0.5299651644447199,9.400705474853424
139,498.8376271752612,0.049304648357768155,0.00015533504744848735,105.2071719757453,19732.53992949778,40.88053933261838,1432.4631540871555,1.2703526125503652,12.800945512422494,0.5304037861758798,9.299364546471406
140,498.35507744009124,0.049144497272596066,0.0001558227770599046,105.03494733165861,19856.265313046482,40.88414050097119,1432.7375151864937,1.2725015499550525,11.897059148945752,0.5303710276997001,11.133998157471677
141,493.6272430325684,0.056182289690909326,0.00015630631408216348,107.19997392014096,19982.144937430236,40.93815513500637,1433.145017758594,1.269850103748555,12.284952354506203,0.5311883463694332,9.12609453306257
142,495.70133441473286,0.0486608331929278,0.00015670891334799107,104.27581982048936,20104.93578034905,40.89595966564553,1432.9495154206877,1.273864203352099,11.075043331127315,0.5311560357464736,11.154243980342219
143,500.26329459108337,0.041867660831412024,0.0001571962360143475,-155.16922495294415,19968.35839787768,40.90961772293749,1432.7552100148216,1.2721132160612492,12.505535749036206,0.5321118602478702,10.486293571586138
144,491.36921605278275,0.06636428924049032,0.00015770530434739438,108.34811477824009,20095.492933196445,40.84739597936112,1432.5595337345405,1.2718939321762899,12.325184705407771,0.5320806386477329,10.393192871321165
145,491.696517215701,0.06547508736158691,0.00015799717420499453,107.44695656099084,20221.42626203385,40.93328939849111,1432.3625136389599,1.275681801011081,10.445469026451045,0.5137635222956832,9.644027323945501
146,493.8847974878853,0.05688687191233521,0.00015833777243045641,106.46478849329512,20346.425555171343,40.90516281320919,1432.1617882257756,1.2742267281523223,12.815210262909421,0.5137325348260829,9.664526001116592
147,492.269532245991,0.05972319639206691,0.0001587465238293496,106.6120117237287,20471.669539199786,40.95699241252579,1431.9621203596782,1.2747248090945191,11.327652349295203,0.5137026547968533,9.571283712997264
148,491.0820173102232,0.060447401815932666,0.00015912287323809705,106.70768853797864,20596.943967043844,40.925295427437646,1431.7603316753844,1.2742701794679019,11.676827959258123,0.5136727024716767,11.32392224434362
149,494.9840614339765,0.04972867548188187,0.0001594898390536456,105.2188843715303,20720.68914524804,40.947412720425966,1431.5592794097195,1.2718675415461493,10.84253850872254,0.513642750311658,9.756924538250143
150,497.2335782535947,0.05072089047477779,0.0001599687293818409,105.32303896129048,20844.702729686185,40.88939685093767,1431.3570035789398,1.2734501381331904,11.898127169894952,0.5136128037951274,11.267548037310618
151,492.42493911526526,0.05917115180818222,0.00016041214736920006,106.67206113825706,20970.01256268536,40.95945792224957,1431.1566365527137,1.2748674302386054,12.384742457476886,0.5135836606532613,9.497360312987198
152,496.55982444195564,0.0514937136549406,0.00016084636863986576,104.97286863457096,21093.469055143112,40.8558874694067,1430.953434538701,1.275458453839842,13.297067747005308,0.5299677999533242,8.7268110727221
153,496.22061103979644,0.05151565384870016,0.00016135618111368398,104.44413498572459,21216.548099322277,40.880065085356065,1430.7540588011095,1.2735614923637035,11.62797539288985,0.5299356198448462,8.615165066085517
154,493.8263006115507,0.05404751949718278,0.000161859068300225,106.10726893122333,21341.2830802892,41.0880187674065,1430.5531040860114,1.2726624245642477,11.305711366886996,0.529903809657489,8.577418864971204
155,490.95564461179197,0.05872514103774784,0.00016232836545206102,106.0066625969198,21465.834193370403,40.94209917631384,1430.3462654308362,1.2744919401730836,11.99658330723388,0.529872308894375,10.635044530754737
156,490.4149581771938,0.0585358406924692,0.0001627414833340576,106.33739412879204,21590.626759555442,40.89482785534931,1430.1420060043693,1.2733978930516656,11.633361792357265,0.5298409923974963,8.514686738274115
157,488.5799562742833,0.06322647701280337,0.00016315062049861834,105.81934028932903,21714.900779450098,40.86579502768258,1429.9393101041146,1.2750322808082826,13.151812057175235,0.5298100005685318,8.472989077841426
158,489.47970273776497,0.05631407962597923,0.0001635038705714406,106.3169755603868,21839.617968220417,40.87275557848689,1429.7265574331632,1.2701830876430855,12.418311520916811,0.5536237398944782,7.344680762475335
159,485.56492021108073,0.060297528499113406,0.00016392509601347865,106.06079128065807,21964.163896531027,40.85730227738518,1429.513598014508,1.2740399505371738,12.878998337849731,0.5535908085981803,7.259879414812993
160,483.762754054692,0.06289555613624742,0.0001642978452858135,106.66901471576048,22089.29703525392,40.85884455981647,1429.2953171461174,1.2731492945147136,13.153535275800936,0.5535583298045496,7.165910568798473
161,487.7587070832116,0.055774027109361524,0.000164637207501402,105.16916278480336,22212.890603078835,40.87662161859719,1429.0769735909237,1.2752738403653667,12.190348638326634,0.5535263118686354,7.046426789593873
162,491.1489045673218,0.05194921812045972,0.00016504684082017834,105.03383569968955,22336.44726082418,40.85006108393385,1428.8612678587315,1.2706574450464643,12.017117786043869,0.5534945216997169,6.988347682370161
163,490.4315387130711,0.052269388750282086,0.00016549111426789393,104.18459460197869,22459.20358002862,40.873314128334385,1428.6490000534536,1.2749279154967739,12.305143016170295,0.553463055641638,6.925740377063686
164,486.3831482819867,0.06197305285569632,0.00016592565284601063,105.97796034715061,22583.701411633232,40.863032286355256,1428.43292867127,1.2719717014589098,11.378960421338483,0.5534320875819242,6.865330838987536
165,487.89130682201153,0.056886050535754684,0.00016625066931188313,104.4772001946662,22706.570280066175,40.87855005318394,1428.2183081743267,1.27463865332645,12.252041451523896,0.553401540817372,6.834440466472341
166,488.3288213634287,0.05043355245592851,0.00016661476901132135,105.15609656979025,22830.179702623696,40.873509271985384,1428.0114981787772,1.270962796903063,12.140771171873402,0.5533715311511662,6.768383519435755
167,485.3961705860575,0.05425617361625834,0.00016704179632580967,104.62906425950739,22953.313188808675,40.871036539979166,1427.8066647067808,1.2732234690722815,12.586742555590021,0.5533420366994186,6.71627933265043
168,482.80619218217817,0.05486546236069534,0.00016743146438393875,105.70098648836348,23077.46501026201,40.848307340370035,1427.6019129391384,1.2606865185325176,12.943875045842447,0.5533126823277438,7.528091098512448
169,478.1827880521391,0.06368685467159863,0.00016783983662109603,106.48555904873932,23202.378088616828,40.84727987377247,1427.4007159149141,1.2641924773193955,11.847050507883717,0.5532828632636635,6.597838278974976
170,485.7846858632052,0.05105737005767108,0.0001681845062873504,100.41454325782206,23321.06873705536,40.861238513274834,1427.199187094938,1.2813536293318475,12.249918655621697,0.5532528744953431,6.555540492730017
171,485.43739692200967,0.044844933680393106,0.00016858075596964316,105.42196273843221,23445.030782661837,40.94923680257742,1426.9929654925616,1.2574566069896758,12.266049936728557,0.5532255074749243,6.396657164348099
172,478.5509230434945,0.05286592232931808,0.00016903701284969212,99.72038035366265,23563.359923294356,40.91705643834951,1427.5479635122656,1.287387134708868,12.32605490022532,0.5531976105009807,7.251263370840384
173,477.49808824147544,0.04960141743492352,0.00016940142103839424,105.0133536363364,23686.73959776864,40.877987523466764,1429.7148358977215,1.258502242891322,12.47855606734691,0.5652750076115369,6.895150908746423
174,473.7801383631034,0.05753349733625335,0.0001697801270522928,106.14231261807636,23811.258975295365,40.93312211008534,1430.1464843937704,1.2612674481284445,11.562177094314336,0.5652469055324199,6.22515953619482
175,474.45849752973083,0.05125678753822893,0.00017015582489112124,100.23882775481262,23929.765674502465,40.888922472573825,1429.9476901130097,1.2802776421780042,11.738830613822046,0.5652168110161204,6.184469725280827
176,477.13679225592796,0.039386380673323784,0.00017050487711984898,104.21469362463216,24052.309159572138,40.918916224067424,1429.7503613352899,1.2612574075989518,13.314401336429523,0.6130310459482003,3.8715287450768834
177,475.6451795050887,0.04058475664519201,0.00017103818978113483,101.43083638654093,24172.26855065637,40.922428767557015,1429.5509083978327,1.2730820059275687,12.907907701683955,0.6130015097336415,3.4968174145322557
178,473.9514864046721,0.04423393048496205,0.00017155146125171007,104.94378590433394,24295.71444666945,40.889609859629346,1429.3509118615204,1.2598027883196852,11.75335575136309,0.6009077875427842,3.8372239190035096
179,472.6207376654936,0.04528946131789813,0.00017201874994266457,103.41885633788706,24417.57846692293,40.88015944605296,1429.1540114691024,1.2693307930857405,12.837014159750407,0.6013083127455471,3.746811857777807
180,471.8818509406738,0.0448075890073919,0.00017246825613376259,105.66623977582239,24541.68383733317,41.04253181298654,1429.1319159842355,1.261208482044063,12.913202241812966,0.6047096777102782,3.4290162242917184
181,471.7128972793623,0.04611494426933416,0.00017291623245355923,105.26109500290339,24665.388762160903,40.926312552386285,1429.283712201565,1.2603369908314035,12.799539858044284,0.606053425243615,3.907203621142095
182,471.44250586867116,0.04672959848184288,0.00017334367373595953,105.158138559208,24788.955268128895,40.96648466852166,1429.410940412324,1.26226377138119,11.749498584816958,0.5950748636159771,3.462393109436359
183,471.1504529970446,0.04337247131759758,0.00017377387807713287,105.75794690421418,24913.119730051556,40.97639589545508,1429.8571894901186,1.259547994153513,13.664236704884376,0.6512929573073174,1.228696008859373
184,472.4909560307746,0.04791370246341242,0.00017423385987750152,105.11126318654125,25036.647682931107,40.91826708654265,1431.0202131463363,1.2609386005044536,12.675420669096907,0.6184675927187143,2.8181124920111245
185,476.241170897988,0.04432135682195504,0.00017462253465020818,105.5245299866809,25160.565794867074,40.917359234953544,1434.8748842454743,1.2595514290593037,11.174760736035205,0.5855136997702738,3.3339989830521297
186,476.4075247653441,0.03842816034149232,0.00017504333649381244,104.22729589561617,25283.235936707486,40.9630789183385,1442.3191899440521,1.2611235716667462,11.650091394517913,0.585652930390843,3.2246271627274368
187,477.44385423880493,0.038102939338553576,0.00017552052226690507,104.49921754723424,25406.26829637917,40.92031845744119,1447.3690664889823,1.2588380633894047,12.488850581819396,0.5906605481993751,2.8759649282061517
188,471.7644727403332,0.04839179368839874,0.00017599443761493285,105.96959739974159,25530.772907023416,40.94586995775905,1452.9301060226107,1.2584595637190459,11.701445660999193,0.5908272157573988,2.695466788368968
189,472.0002672374542,0.04778821684482326,0.00017635219387462917,106.28799152549595,25655.473931791796,41.035839727976594,1457.7401878046917,1.2602687712291902,11.337060628541893,0.5908050728072582,2.556810968750323
190,477.2362923864396,0.04084806730278756,0.00017671058850555454,105.37478060367566,25779.275666368965,41.02501491272778,1464.0941758747565,1.2587725519320923,10.478204765361372,0.5723743062304181,3.2290058248057534
191,476.75725188927424,0.04107811578974074,0.0001771370512074564,105.64437467326661,25903.437472308302,41.064453485634445,1468.865979435313,1.2576303207310588,11.036766996699098,0.5723541422328068,3.1406184124495446
192,474.90001335633116,0.04582684608790266,0.0001775547938068405,106.40854582845502,26028.363528293336,41.07508721778822,1473.0175653060455,1.2593203154302348,11.716887496783416,0.5723343810289285,3.0302823487349713
193,485.655729380987,0.03130960547438688,0.0001779158235949538,105.15717439278035,26151.952411094324,41.14696633847034,1475.3226743490309,1.2562417303243176,11.024451748287738,0.5723150493008494,2.890877099867563
194,485.59423061234634,0.03371983856801386,0.0001784255757873041,105.36616677785393,26275.925320043876,41.08450617205549,1475.9416259548627,1.2556316941010492,11.268967312035416,0.5780150669434213,2.6499380394210803
195,483.31297428473476,0.038001332250298225,0.00017890283285447106,105.46798864559486,26399.90977554964,41.04380784960273,1480.4337057361472,1.2562652249991586,10.97654564652445,0.5779959516285945,2.413500018932581
196,480.3476246342604,0.04438162505173471,0.00017932794330540586,106.09492195599299,26524.45387106688,41.10867093291377,1482.2802796630579,1.2560760282586962,10.891102684420037,0.595952624567134,1.5333319056277013
197,475.41334839834457,0.057671110390731584,0.00017967876404800855,107.2607629895203,26650.016104491806,41.11614511893653,1482.0727568596378,1.2562877918686355,10.304043673774512,0.5726107050236704,2.421313345704796
198,476.3828468871108,0.05365677045939188,0.00017988258814953013,106.63589845515214,26774.744146994257,41.16985623909385,1481.8587732074668,1.258261961656606,10.691351112161263,0.5725934830099236,2.3450014627289093
199,476.6158012309619,0.05099850028008135,0.00018012466126108434,106.0194594087848,26898.888567563103,41.07439263636564,1481.671881836423,1.2553382024742648,10.85957741362949,0.5725764044293357,2.2558901018841517
200,475.0682188959896,0.05754889614885861,0.00018039027747264564,106.36589969437736,27023.40710049947,41.10759593755639,1481.463054243502,1.2551721817191557,10.931940219287089,0.5725596875109703,2.160552027959884
201,477.41086551330045,0.057362642414595655,0.00018063682385552424,106.55059576358573,27148.097334590468,41.15234639263314,1481.3006627873922,1.2551461743284258,10.604995767898576,0.5725420834573351,2.059388905681466
202,473.13503124079284,0.06076727804080273,0.0001808805304632419,107.13140005429833,27273.438094644298,41.0491108490164,1481.0576991946145,1.2595518930994192,11.198610892396143,0.6088777214822778,0.4379975197694108
203,473.6762198403732,0.05695627901336531,0.00018108324281186717,107.25193648507722,27398.76584203233,41.03309073815001,1480.8875043167184,1.2511623460160104,11.18401407482551,0.6088595237229325,0.33498901405935655
204,467.3522725544133,0.06693610740096678,0.0001813220725290443,108.1310098969129,27525.032017139707,41.09843725929141,1480.6195796757936,1.2520171601013068,11.057300945009686,0.608841703440612,0.3238027943991284
205,472.4985584298951,0.05735487176778353,0.00018145003670727849,106.61597086025648,27649.61247941708,41.01059867621264,1480.4612033569772,1.2620429252972662,11.047601500855409,0.6088245317563268,0.39652640211814827
206,471.33311697252583,0.06274042406310998,0.000181773673913943,107.58144189670482,27775.321268766704,41.12114595919231,1480.3358754176675,1.2593368557092808,11.011480134564474,0.6088052201751397,0.13718912312193865
207,471.6282024176639,0.060032674283839405,0.00018203426508093826,107.3750427418655,27900.734037251088,41.07244520663657,1480.227631300358,1.2596271010109805,10.821672910708733,0.6090656195333143,0.7020644829193223
208,469.0130378658686,0.06939780794347239,0.00018231869033067972,107.91788234388198,28026.710493476057,41.075590066584425,1480.7532901263978,1.2578182237857018,10.272794387949988,0.6090481456328785,0.6764829406958235
209,468.99639982325033,0.07449449476662584,0.0001824983251984367,108.5157330660365,28153.1792539181,41.08442903265991,1481.230310757662,1.2576677200556234,10.126237807176977,0.6091552378258347,0.7472578437486135
210,466.53737484233284,0.07428488737422245,0.00018261939290091617,109.6312581568871,28280.73934551538,41.07873697197581,1481.6413847471886,1.25776999148084,10.31980739130932,0.5947227884224199,0.4952903140316849
211,468.46953613476745,0.0724752592547947,0.00018273880565961782,109.29613478265992,28407.997076710293,41.06218136410133,1482.0579062854697,1.2546816639337368,10.437921772502413,0.5947069084493991,0.29128361256737634
212,465.517311801346,0.07542807146227315,0.00018287361367670693,110.2059528748853,28536.164351177136,41.235924755869384,1482.4981488127712,1.2594648053668895,10.339629133290625,0.6009873536103391,0.3148750496370738
213,463.2925767128216,0.0829501873539571,0.0001829730400302363,110.41304348840464,28664.526637073606,41.08373472125998,1482.9676806967013,1.2541618346249575,10.188598181821089,0.6038871611253099,0.38834786937805177
214,455.3113442017494,0.10164046957989503,0.00018298874856331792,111.80460863202684,28794.090843309656,41.14912318777498,1483.396001264395,1.2635897972156858,9.961567840556008,0.5991625810869632,0.5370093841233654
215,456.39979178572787,0.10493999162717838,0.0001828025616836089,112.78024106378959,28924.357421664565,41.31088963803716,1483.2927443586616,1.2594196874018593,9.88677351122152,0.6052207899510907,0.5434295486689855
216,458.9557522447393,0.10145781539166254,0.00018257977890345428,112.44629051825291,29054.2319803859,41.319562588338144,1484.1130094500318,1.2582313206341245,9.856394462746422,0.6131496477222976,0.522672893485641
217,467.79847796303926,0.08792180201394784,0.00018238192429289256,111.07536768573812,29182.809147357937,41.276627574293144,1491.6292809946672,1.257311335937269,9.755586867425146,0.6061079159491685,0.5760364791293213
218,467.2745950981887,0.08241923445545762,0.0001823522993274663,109.54157420181659,29310.051809597953,41.21671321095479,1491.4206797201618,1.2613815917046713,9.704510251282287,0.591223878706812,0.0
219,464.9483960113895,0.08670916467879353,0.00018237854395262203,110.46117195189639,29438.21953767091,41.17942360751068,1491.1547934269338,1.2577797192718385,9.646624872422324,0.5933361089709089,0.0
220,464.994524271215,0.08115607392621893,0.00018235605302759355,109.8711665964222,29565.722989397218,41.23111077728489,1490.9233551751186,1.262100232453286,9.579900251028915,0.6122276511325363,0.0
221,474.3976529520992,0.06864907649360596,0.000182389942054245,108.84690545424915,29692.245727371876,41.26666687741412,1490.658169640998,1.2595646003408363,9.529719406303242,0.6122156076117631,0.0
222,477.5803326309538,0.0694440945760203,0.00018255378126672778,109.2117433518188,29819.273527249523,41.234222372115596,1490.3802979039085,1.2605338967551563,9.469180944061671,0.6142737271813554,0.0
223,477.26074677750097,0.05976007516218251,0.0001827050635853593,108.1162204090782,29945.173833772813,41.281403342057665,1490.0995171190682,1.2616967681369282,9.41256401464768,0.6553096448495453,0.0
224,481.3553057686763,0.044208662719136926,0.00018295538910701232,107.1889307326018,30070.247857334645,41.297371741047705,1489.812032075458,1.2590890312710195,9.363468736682293,0.658118414651484,0.0
225,478.72464577735957,0.048033596904339615,0.00018336644502199052,107.8196797697879,30196.097858372174,41.35474529526529,1489.5281149097686,1.2548812231083715,9.309671991959101,0.6465486177546761,0.0
226,474.1503785259101,0.055313400337836605,0.00018372600776866066,106.55906572166924,30320.617975012905,41.089785282025495,1489.248405952978,1.260446620137746,9.270485695987128,0.6465388662598228,0.0
227,475.8814730823852,0.05850510142894394,0.00018400257942064466,107.87391252801761,30446.353068178752,41.23955539990097,1488.9785403429555,1.2568362229003678,9.213062542908066,0.6465303098677869,0.0
228,473.92893558508126,0.06351048178947616,0.00018421645623742516,107.86724678319881,30572.04416819344,41.14923662219828,1488.704891188071,1.2576074709564546,9.17355578119445,0.6465233643062236,0.0
229,475.742417313641,0.06435282209115978,0.0001843814364992417,107.23798052593925,30697.01721190193,41.13952647462132,1488.4346611491032,1.2577638674840617,9.12981582129036,0.6465170121987385,0.0
230,479.0672345419539,0.05589461179816291,0.00018453949330894272,107.68584848371665,30822.50481656537,41.203076741029,1488.1654522535105,1.258870442131253,9.08502500393655,0.6499628171221635,0.0
231,480.31245031132374,0.04837787091200385,0.0001847894657147227,106.75831168139432,30947.223156342257,41.21730796215425,1487.8844898068126,1.2597044098134862,9.042612972060754,0.6730397775525419,0.0
232,479.183983718307,0.047107796441682837,0.0001851180081815542,107.33509748199447,31072.6078895552,41.29900370320993,1487.6103822881794,1.2530473512404223,9.001205424067505,0.6787213562602171,0.0
233,481.7821527735908,0.046872271637164786,0.00018545483534188626,107.07778143843909,31197.72203157487,41.26401546111432,1487.729580411829,1.2581004330373184,8.974371037689556,0.6844430333052058,0.0
234,481.74695396813377,0.052730689636486305,0.00018578889057427583,107.34030028385942,31323.070846588456,41.28810791133538,1488.2155421313253,1.256777531222035,8.940546183284773,0.6855376648292936,0.0
235,471.6215260913411,0.07121021106050429,0.00018605536653641466,109.80386423579878,31450.802872335196,41.29521177067953,1488.1229028659857,1.2538416999058892,8.906661702862419,0.6895692275059238,0.004669702524303432
236,469.8411284602667,0.0782643817465436,0.00018612050435177604,110.86279614402683,31579.327368966766,41.43620647797025,1487.8437434838577,1.2558880195688111,8.85291669986365,0.6976583957610695,0.0
237,476.38892953419116,0.06634133546026988,0.0001861320623022262,109.89678020746157,31706.780465784283,41.37417932672028,1487.561245340546,1.254846847569552,8.823337688991312,0.7009002245455498,0.0
238,471.68866646037867,0.07012683792881003,0.00018626768118900437,110.73823737002814,31835.177783180534,41.517529312647405,1489.0455444156753,1.2560951529761304,8.792780181053983,0.7037466447219225,0.0
239,477.5320081648469,0.0622936724750669,0.00018635929264947863,109.38907063519213,31962.149673116775,41.41282016160363,1491.019468177308,1.2544433461502909,8.772511589516393,0.7105716402821338,0.0
240,469.8598731388085,0.07487877034383317,0.00018653086514911515,110.5661100219047,32090.351494516424,41.359827719780526,2246.593943519292,1.2516346380533039,8.749188636090542,0.6938104947745255,0.0
241,470.88995895386836,0.07568666542921387,0.00018656455203756002,110.61724829748705,32218.437455040294,41.47488019757834,2248.1140020355137,1.2534823123088346,8.717465578008117,0.6948606159376979,0.0
242,473.77589167361924,0.07092220881794897,0.00018658672615091623,110.22445575843074,32346.128621457632,41.371414371559325,2248.616202261254,1.2553539266127014,8.715021879746079,0.6839639338615119,0.0
243,473.4717595789332,0.07146862296512568,0.00018665678173745436,110.18949200028936,32473.831696211677,41.430695010462706,2248.1081831795677,1.256785044790508,8.690129330251484,0.6854557896273457,0.0
244,471.2199832901567,0.07614896386423453,0.0001867178613321084,111.17364223277596,32602.48854142207,41.43741596794253,2247.3935612074124,1.2572582771948984,8.680780855584354,0.6857963360182038,0.0
245,467.72070849546753,0.0844051800551473,0.00018672605872707142,111.35785995071687,32731.24295265013,41.30110744385074,2247.555387545359,1.2562214381614782,8.673501516455456,0.6612222875394781,0.0
246,468.3630517255124,0.08769369658541515,0.0001866437422258603,112.37456475141282,32860.84220539179,41.42828737788332,2246.8433951205147,1.2557641354274287,8.644024283170982,0.6621070261348057,0.0
247,468.62671069989466,0.08276463051021155,0.00018652446796915527,104.7238182910229,32982.71125691162,41.337074795730956,2246.9511598976237,1.2354615532490354,8.636947248382619,0.6624921749964389,0.0196304273186918
248,466.0987696665505,0.08082876670648353,0.0001863669326751605,104.09467192086319,33103.940194733696,41.337404796667236,2246.229314948026,1.222247416799243,8.612131106760911,0.6924541619199676,0.0
249,464.245118041942,0.08897895396991884,0.00018622878978879432,107.29733205967109,33228.37354275043,41.297339434839536,2245.5102893858043,1.2391141832980541,8.594445814019863,0.67797931180086,0.0
250,461.34728632270713,0.08994950602184859,0.00018600258667270038,110.65462895250089,33356.12214687119,41.33061273833252,2244.931916947061,1.245260893997836,8.571741798198236,0.7050867329792058,0.0
251,464.3981663887287,0.07531183432059685,0.00018576539658372542,109.28657047046418,33482.45857880535,41.378111509365375,2245.5742595710735,1.2458716189452888,8.557385073893332,0.7142415457981119,0.0
252,458.10354614683354,0.07830475798188985,0.0001856841796639394,109.97269131331024,33609.68898323674,41.3661911453655,2251.2877987500046,1.2524754303670012,8.554281109788977,0.7186365435461481,0.0
253,457.87059132555123,0.08185703779443965,0.00018556937683359513,110.79358309674839,33737.673948529125,41.54241856476052,2252.7440353643883,1.252539457963775,8.532622663257703,0.7230969126219573,0.0
254,455.98108010973374,0.08414851495004139,0.0001854153020605051,110.6921821537283,33865.49574175646,41.383010381411495,2253.4881654101837,1.2515369499851932,8.538248528717139,0.731008562846711,0.0
255,450.3230486201531,0.0880709227082308,0.00018523568118364363,110.58032481723384,33993.15819710253,41.33520070328998,2253.0577635580726,1.255330178088598,8.527645871590666,0.7287744009495651,0.0
256,453.02125959769535,0.07679567269341325,0.00018510638498092785,109.68775755294136,34119.983973493305,41.40411559664659,2252.6138224953484,1.2555423531671237,8.494218783044072,0.7250203074181862,0.0
257,446.1625239066376,0.08554623622445146,0.0001850955516676183,110.36116845101358,34247.63375287568,41.31889053540955,2252.822079618453,1.250541449997666,8.485935913901418,0.7238801214016765,0.0
258,446.3540049985413,0.08615883944373393,0.00018498921644721433,110.81275155895791,34375.64147455938,41.32064638841102,2253.4238287289672,1.2500938844519587,8.483032649100524,0.7191630679465681,0.0
259,441.05356878220925,0.09965827893649093,0.00018487879192914463,112.30421627034103,34505.06821085018,41.59974608174598,2253.885932402611,1.2536116017641996,8.448323465674077,0.7162619300708147,0.0
260,439.6849127322448,0.09818270839607235,0.00018462311713891247,111.87909353564534,34633.87471810917,41.34457376495077,2254.38278236376,1.2595880549809548,8.449509020616244,0.7122268373793389,0.0
261,442.2082776242842,0.08826169721940913,0.0001844518559300158,111.06938272740665,34761.875572077086,41.322735731942494,2253.9528261937453,1.2617329096953576,8.432240363831491,0.7336289848196541,0.0
262,445.7671432099356,0.07538502544575698,0.00018438489356202177,110.44141211210547,34889.35329681628,41.3548474132891,2253.231696206719,1.2527178391962015,8.415650983866625,0.7612458464500175,0.0
263,447.29990442651507,0.07293952939161208,0.00018445298597349912,109.13179046492364,35015.70831977328,41.21276920190908,2255.655312041094,1.2579326122833048,8.668148513633481,0.7576867036729107,0.0
264,447.2155743191525,0.0667767626247382,0.0001845442019185176,109.4140443386816,35142.32582485116,41.25607423208484,2258.384139723376,1.2536879478055958,8.630532999672221,0.8175749366755168,0.0
265,446.0508496657595,0.07649448306147044,0.0001846985012820107,110.0385829722633,35269.57559286728,41.20098225281885,2264.1707339386785,1.2581575812097023,8.616592902326845,0.7838927816465633,0.0
266,438.70353588757456,0.09592033710631742,0.0001847914805697481,112.0262372409983,35398.72437536945,41.35494767804134,2263.7157328405115,1.2551777603727714,8.583995133291959,0.7894333802674082,0.0
267,439.2586382220788,0.08657131557806785,0.0001846726067397112,111.2187154706687,35526.771009710224,41.45950061926161,2263.253126621487,1.255706166370469,8.554656633123102,0.7928313021090798,0.0
268,439.8619914139592,0.07865277479765453,0.00018465291761055833,110.22055291095867,35653.89499960827,41.398630231930106,2262.769717496262,1.2582332786661683,8.527602147495788,0.7953085170701235,0.0
269,442.11162078267654,0.07539679254592557,0.0001847195178025881,110.52128198179341,35781.38587191283,41.46536963552044,2262.2305581303826,1.2563217812906535,8.520444045970258,0.795665074901274,0.0
270,439.6510604789308,0.07396650309477804,0.00018481981117724744,52.92589153382731,35851.283610567334,40.92844565988861,4233.225071104097,1.2538564648861874,8.486282717424666,0.7965672321038818,0.0
271,436.9864774951869,0.0756040289150306,0.00018493789116229888,109.29002852693176,35977.651009016256,41.469425585512695,4231.560689530661,1.2599770141784798,8.462582439341842,0.8012597362890321,0.0
272,433.37579884092594,0.08909644883862311,0.00018504043967326544,110.66251700361315,36105.38687751068,41.501679796120655,4229.891398671179,1.2555837674489887,8.460407796304077,0.7741755270103532,0.0
273,437.1451329767531,0.08497241061222482,0.00018499761139419897,110.18992322873936,36232.48557213571,41.47749190452792,4228.280804689055,1.2589631259586194,8.448209632642566,0.7722526434301493,0.0
274,436.64997049838047,0.08515795676218152,0.00018499722247343958,110.44805045917855,36359.97701945119,41.36592294504567,4226.622902562987,1.2597334075360773,8.425894336184184,0.7611792665124587,0.0
275,436.57275471115537,0.08848274347312302,0.00018499984217718534,110.24960893111651,36487.26779154589,41.41484264351388,4224.915589512928,1.2605990380389167,8.422993745602554,0.7496456329777386,0.0
276,433.6870257537546,0.09833963747725671,0.00018497027260176596,111.87546602263615,36616.1687088362,41.349855800822,4223.173368023251,1.249531887566793,8.418651959663068,0.7379374992327028,0.0
277,443.17632876850723,0.09330918408893951,0.00018483467820612292,110.33384541929507,36743.43415606708,41.351188167819046,4221.42329556662,1.2579955183347877,8.393542054770954,0.7276555777591666,0.0
278,440.19801544262947,0.09849814143003432,0.000184755246957355,112.37043464766897,36872.9230787288,41.43965050901203,4219.692459637613,1.2522770443413296,8.39236923802709,0.7184508128705305,0.0
279,435.75455337029314,0.0989745515483701,0.00018461979939737676,112.6586678351244,37002.61433608955,41.4225032728692,4217.926783218831,1.2527165057595728,8.387688397948542,0.7070564843355566,0.0
280,446.74389756618854,0.08408324436043058,0.00018447939204061789,111.10152464056492,37130.672747102784,41.382297922479665,4218.815140694176,1.260797086339502,8.389073298505489,0.7006869545398551,0.0
281,448.581815833774,0.08141049695186298,0.00018451327482600145,110.98191412234311,37258.88985166217,41.32480726999833,4219.5663823382165,1.254281473579308,8.356768603934306,0.6920293741100861,0.0
282,446.5493899674587,0.07845242946349473,0.00018458246078845788,110.95617178668529,37387.179778338235,41.330413729882494,4217.796425812329,1.2558681503555278,8.342675111752213,0.6854956827299925,0.0
283,447.5694013208114,0.07876182182760516,0.00018469346912431683,110.45703038435617,37515.027626197996,41.16301798488947,4216.009822294077,1.2567072112840956,8.353107036507321,0.6635037960856368,0.0
284,441.3120656908742,0.09176373522693049,0.00018482112370995848,110.85430559472621,37643.26182158567,41.142201635113835,4214.998311347688,1.2600041480705368,8.339785694160312,0.6574613931073889,0.0
285,447.521433448197,0.08027723025834588,0.00018480789228983067,110.45877815761352,37770.847976467834,41.14018229323708,4213.193158357967,1.257818712678254,8.323767076192043,0.6817240309817542,0.0
286,443.677234409413,0.08568526577311053,0.00018491645236362586,111.52254440703337,37899.61124101162,41.23423768311535,4215.768310855512,1.2576508797444255,8.400984949779964,0.6659948452822685,0.0
287,439.86226700019284,0.09029050786624992,0.00018496477668371303,111.19662823496816,38027.98332726991,41.108318429449085,4218.825823344563,1.2596769982048637,8.414811731870174,0.6537549542938442,0.0
288,444.6449480519859,0.08216967765540628,0.00018496122412464604,111.12448748907963,38156.1881453749,41.24031923691234,4217.079851501675,1.2560622809260207,8.418400157986978,0.6522420579340994,0.0
289,442.5076926568557,0.08575896005081485,0.0001850416578794149,110.76455270825386,38284.18417907739,41.10002981263421,4215.493396005446,1.2523732914118528,8.42322077406836,0.6612822566179382,0.0
290,441.6065787234762,0.0890306171473062,0.00018508073697031936,110.80297838955403,38412.14873235505,41.226465152955704,4215.457768856698,1.2613476107457056,8.420527796308926,0.6289255744446097,0.0
291,440.20848185473307,0.09170037372061657,0.00018508365510581967,110.63467605534879,38539.88157683148,41.171029833202574,4213.630610141981,1.2609809210511893,8.368525801106031,0.6275163703320735,0.0034072694598208386
292,440.15921186820077,0.0981328876026647,0.00018505567537878103,111.61375675468727,38668.54636198461,41.28155821812233,4213.349139280409,1.2564299426724808,8.330256454431185,0.6246760335075141,0.0
293,437.94653717417583,0.10514249745046855,0.00018495672749581298,113.52034825742338,38799.06073790625,41.26579519263519,4213.29645772441,1.2572992928984774,8.348820938901367,0.6229977691638543,0.0
294,440.30902934593723,0.09324393952001486,0.00018478394477071164,111.06868324032885,38927.04436201481,41.25088591696922,4213.126684002442,1.263785791364796,8.348322255765444,0.6443704425033211,0.0
295,437.79623041259015,0.10118325122660388,0.00018474908349400953,112.37895727933176,39056.63421199346,41.28054764372537,4211.557525226756,1.2543998294189793,8.346942763628226,0.6422666638491566,0.0
296,433.85726665028125,0.11827799144772055,0.00018462776227528673,114.15301278885372,39187.89408377771,41.364401504682995,4214.260981747758,1.2585435585507485,8.35352294449286,0.6408556064015452,0.0
297,437.75822817011067,0.11161734623669572,0.00018428452970919835,113.57146917710071,39318.42126809671,41.35203366027384,4216.017823805533,1.2602225964253453,8.349671522400053,0.6399032091149857,0.0
298,436.12097563283487,0.11285116458231192,0.00018405194692557033,113.78313463521684,39449.338176409205,41.22309888253905,4214.154382565434,1.257906044895718,8.346935478286673,0.6483828415124206,0.0
299,437.1070935329105,0.10706775276545921,0.00018380690451594704,110.83042319684947,39577.24670535109,41.421308341338246,4212.7638885612505,1.251210312277268,8.341019378195616,0.6503352885674447,0.0
300,434.6563987815777,0.11161857422475807,0.00018347470452374873,-119.29623078379615,39475.048270467465,40.92580692869053,9774.153729663856,1.245031164820887,8.352778512669019,0.6457121601889483,0.0
301,436.8949746202781,0.11237271722082887,0.0001831191769963948,110.97626915096194,39603.15160238031,41.242224913541925,9769.218774764662,1.250447195884023,8.336184524238675,0.6417235545149128,0.0
302,440.09862202774565,0.11810263797499931,0.00018275754151028366,112.53862030343053,39732.74741979839,41.30085015113177,9764.271803908794,1.2590112245523841,8.327024610249843,0.6192525034999311,0.0
303,439.3699428981385,0.11709964118660998,0.00018227145358911878,113.40953558209448,39863.15292402229,41.31426365249364,9759.32776828294,1.2551871828443912,8.307295929263427,0.6135722003420613,0.0
304,438.62799812789524,0.11636586196366416,0.00018184842119930525,111.60690926176008,39991.74536613624,41.30051868134469,9754.38666603689,1.2574386774231179,8.290531886110688,0.6121747040301884,0.0
305,449.34411938968174,0.10497139687123969,0.00018134866781412874,106.22727996245845,40114.88551127621,41.24425091682244,9749.448495321705,1.2321586775782614,8.282877391662213,0.6175136385847426,0.0
306,440.61253667778817,0.12163955031562179,0.00018087963221760756,107.90807579014995,40239.83570761461,41.29279231800415,9744.51325428973,1.2311345755256746,8.263931055616151,0.6128908084360583,0.0
307,441.0772875426449,0.12074012946246171,0.0001802379759634573,110.13150857726136,40366.814260643725,41.29582272300078,9739.580941094579,1.2287871871277907,8.247685937739686,0.6098242012152476,0.0016765584067321981
308,439.57526232072195,0.12242115039074686,0.00017958267352315328,113.08708305957195,40496.71180377432,41.25858373602945,9734.651553891143,1.254113980425499,8.223497596837642,0.6042541471318993,0.002308413901342732
309,436.8836574474697,0.1302634250487481,0.0001789393034338287,112.9130911998455,40626.392646446184,41.307774683620934,9729.725090835584,1.2472089632000791,8.202503676372695,0.598174742788986,0.003068118675184195
310,435.06945524441693,0.13374809494750795,0.00017829130729855787,113.25230759556854,40756.35969303118,41.31353696767562,9724.801550085338,1.2493649177686577,8.189620609600178,0.5944703196871682,0.0
311,434.5594779331898,0.14089036235596353,0.0001776215862405192,116.02090440533237,40889.05047422288,41.338193597683755,9719.88092979911,1.2472256965085362,8.17591779276986,0.5917738440816622,0.006478319608401506
312,430.959009793799,0.1471885632202412,0.00017687996142207456,115.91182970337343,41021.595315189705,41.408232416666365,9714.96322813688,1.2457533484202816,8.167938823069736,0.5877168051997318,0.0
313,434.6687704146238,0.13848273267828126,0.00017607512306418394,114.15814000202418,41152.31705976492,41.23914805787344,9710.226945523824,1.2599967277319462,8.154934707865609,0.5838559269207098,0.011998182020061421
314,438.12657925099074,0.12162548878759105,0.00017538764134350578,112.29486918613802,41281.27905510279,41.12204565984411,9706.846297334094,1.2452990015643777,8.150148775762487,0.5801775507563685,0.009051293925459447
315,433.416102253395,0.13382723195169877,0.00017488331106161993,114.20389070333384,41412.328541483104,41.305345370951,9703.029786197138,1.2525067315181817,8.14189868796718,0.5764573953146171,0.0
316,431.35457940810994,0.1293399416113511,0.00017425309157387384,114.74916926814477,41543.7641677781,41.37093748022431,9698.13538267002,1.2483960763636968,8.154112544375414,0.5733631923252182,0.0
317,434.53249232907723,0.11648237659110039,0.00017374527071938414,113.54606223116997,41673.99014993696,41.27132640358085,9693.229151378933,1.2454053985200346,8.13189054163127,0.5702207872290582,0.0
318,430.9886420443058,0.1156185915762995,0.00017322428560222853,113.64587766661195,41804.48463069997,41.30671982558541,9690.081116893456,1.2591995882852454,8.110709745834768,0.5672109696521153,0.007232392809982002
319,426.55771461911417,0.12860191473992066,0.00017314649771616169,114.54456841620234,41935.942783842205,40.82204891575909,9686.363782937697,1.2579291088142288,8.108208990614331,0.5634228268175512,0.0
320,424.2193095530697,0.1317645243123683,0.00017292847760042013,114.78244374801773,42067.46742887234,41.02313753737365,9681.463046989493,1.2633301543589628,8.121495399840642,0.559909376185715,0.0
321,427.3683043523191,0.11508725351722238,0.00017268537778365836,112.46495145456045,42196.652390297706,40.85609414881096,9676.565220110977,1.2520177684083413,8.107388658269262,0.5580263811198356,0.009998961372204462
322,425.856314592812,0.12107631024836141,0.00017261888278557612,112.14735182383951,42325.619557582,40.66953800599414,9671.670300467127,1.2473509368293056,8.12556663474497,0.5565135106798605,0.0
323,426.9776901510936,0.11044486727431224,0.00017248648579358406,110.87616192835611,42453.248187523845,40.662705326885565,9667.852852937396,1.2535724109862152,8.108545909929733,0.5543152477431063,0.0
324,421.52640502776967,0.12304479538083624,0.0001724655348789044,113.04063366073409,42583.1480113789,40.73544970090536,9663.768641056695,1.2538041348998303,8.134866627140296,0.5522051748931468,0.0
325,415.18749596946196,0.1414880876715804,0.00017230647073032676,73.82291529620093,42673.67943236003,39.87152821313623,9658.898362074042,1.2571068108725116,8.170867437481084,0.550132621536073,0.0
326,416.7975926283731,0.13298319450954554,0.00017194971323328002,113.51070512081714,42803.69504546905,39.91086335600347,9655.138644438968,1.254927958698063,8.198844636114822,0.5481388870828388,0.0
327,415.9514220851622,0.1332021847564584,0.00017221440676799146,113.88191683910398,42934.200396471446,39.98576020253543,9652.664701021224,1.2559316107476814,8.220256200566142,0.5462862156663011,0.0
328,420.9533523880982,0.11662646471930571,0.00017247109436377672,111.9617280671458,43062.729500995025,39.82893990639148,9648.528794256808,1.2661236610467248,8.253893117943928,0.5445588827347345,0.0
329,418.1809989000647,0.12222316005705136,0.00017292080358879573,113.1926464075239,43192.66497186235,39.92154204354015,9645.444760346443,1.2546636772664992,8.255807800167837,0.5422044156083924,0.0
330,418.9356671605058,0.12711527528111288,0.00017330385358257008,-987.31928815354,42221.98904148862,40.10133565831648,10308.927229555145,1.2545023792697665,8.287893774445054,0.5406019705574067,0.0
331,424.86858316959524,0.10760311615485796,0.00017363145662520194,110.99106742076853,42349.59344998272,39.923688834938616,10303.68204924881,1.2554385222296507,8.31548066948823,0.5401584727303365,0.0
332,430.1795178047049,0.09536748430279973,0.00017416049458998133,110.04411744931178,42476.48792239772,40.002574146452375,10298.439969694466,1.2486327360291662,8.351809401225117,0.5376615607843777,0.0
333,429.2047102293456,0.09794436604802303,0.00017489039470560324,110.51935513458446,42603.97484483736,40.00029722498864,10293.265852217712,1.2569041415313962,8.351663720792102,0.5359349347514334,0.0
334,433.0911980820548,0.09979834914671748,0.00017558350996975305,110.61650798472614,42731.49086921679,40.0160243904521,10289.7807417097,1.2486074380660035,8.369149686756254,0.5341993001049155,0.0
335,435.48184633056815,0.0915935201291691,0.000176211896393219,71.5548161907314,42819.917575928965,39.5896840316595,10284.54595555891,1.2548506084036173,8.386794256446892,0.5329584748624961,0.0
336,436.1637142929216,0.09034069414053236,0.0001769190696250984,108.89780859652608,42945.76701849993,39.641918459870205,10279.314264593382,1.249145193684169,8.390280353910004,0.5349899562754875,0.0
337,435.92734512720045,0.09337366794290947,0.0001777021669236533,108.89592492761045,43071.60673665955,39.597147381274375,10274.085666873107,1.2540646876569348,8.391332367255446,0.5340138937432225,0.0
338,437.5054058650646,0.08739260186720377,0.0001784431829657765,108.06907061213934,43196.580811493855,39.491351229660495,10268.8601604594,1.260218405977388,8.400669044453387,0.5330923098154774,0.0
339,437.3408701131394,0.08562190939380354,0.00017924567217080743,109.11368610385827,43322.7308929776,39.62149765302982,10263.637743414909,1.2570362119520169,8.411175111616663,0.5322333633206968,0.0
340,441.4098308072137,0.07495290038094815,0.00018002484560005494,107.79142999511738,43447.53759795729,39.58748593109931,10258.418413803605,1.2615351410424198,8.4329791362167,0.5314354393041796,0.0
341,441.04426066470495,0.07557607238332875,0.0001809078259455949,107.80789592628624,43572.46117147254,39.56737160904783,10253.202169690787,1.2566372097180285,8.441781561617313,0.5307103285604567,0.0
342,438.04550728950727,0.0843871717753868,0.00018177368266914236,108.5005752744718,43698.051767050114,39.57426175535021,10247.989009143075,1.2553909922939024,8.449441160722124,0.5284546363306997,0.0
343,435.3001465539737,0.08991035906645628,0.00018253543354939867,108.78487197625098,43823.8158261084,39.528506390084495,10242.778930228416,1.257893401464892,8.474094380637515,0.5285160944791693,0.0
344,433.7614217002961,0.09045704940629196,0.0001832360132954895,108.18134767844401,43948.92033331126,39.446420501020114,10237.571931016077,1.25826155597334,8.477418250850684,0.5265720899532996,0.0
345,434.299009650275,0.08587098644735247,0.00018404548722669866,108.4119270176036,44074.36789212655,39.49960310029049,10232.368009576647,1.2696958728468253,8.48759206261594,0.5248141694825327,0.0
346,431.6124374769526,0.09140170932740821,0.0001846933200838481,108.31195603548905,44199.66928171426,39.40063354070617,10227.167163982034,1.2684107164174632,8.501250864155464,0.5225645358559494,0.0
347,429.9439613962138,0.09314786071100811,0.00018527376810071323,108.48835470289339,44325.07692646552,39.478561216675246,10221.96939230547,1.2695902007356878,8.481215141648054,0.522081384257339,0.0
348,431.7812582831349,0.08815725115085038,0.0001858370801774792,107.04540630652096,44449.07337584517,39.46172969967319,10216.774692621497,1.255211274437988,8.474491298388456,0.52006847691081,0.0
349,430.2864361363152,0.09220593479366368,0.00018644559249287245,108.26632256088041,44574.34032779178,39.57048574576366,10211.583063005983,1.2745992878574974,8.480298918211536,0.5182949143134109,0.0
350,428.9942588305634,0.09407798406465517,0.00018700279032088293,108.43318681312725,44699.693919732665,39.53679800140996,10206.394501536106,1.2568385363779457,8.49189716743163,0.5179602505305605,0.0
351,429.6948717991274,0.09054090448631724,0.00018753291853595793,108.69090945332556,44825.27496284799,39.56714259257766,10201.209006290363,1.2605475087299145,8.48510275761253,0.5279680205548872,0.0
352,436.00549890354745,0.08252675650369423,0.00018809305290688513,108.62337616897787,44950.83921399425,39.65437908010426,10196.100006401268,1.266154688527053,8.495477473375125,0.5263493681421084,0.0
353,433.8654470064985,0.0853365390516907,0.0001887306082335549,108.83682398045207,45076.686819226794,39.612841751391485,10190.920557070376,1.2655346941444776,8.493484208718757,0.526816995048909,0.0
354,432.3385401023927,0.0893093240630155,0.00018932983632171716,109.68436260748935,45203.33511140615,39.53575355090798,10186.499845124477,1.2707624542484588,8.502905610953889,0.5234691401523708,0.0
355,430.63463440874864,0.0914412431850532,0.00018987866092506502,103.45529238680507,45323.672334675604,39.5911349191476,10182.98046026737,1.2366842221025058,8.505032590225813,0.5241964710010211,0.0
356,428.10977622694713,0.0972546245579452,0.00019027546398878647,104.46164385863662,45444.90046367996,39.538007927317274,10178.016027596355,1.242977266035202,8.49922104486609,0.5228794836144857,0.0
357,426.6108480295597,0.09868715468918898,0.000190604062669559,106.35671467900767,45567.95483389996,39.49078762156559,10174.371207931565,1.2662797338612188,8.500106270376957,0.5262986862309412,0.0
358,428.26731932721594,0.09740390290774181,0.0001909115939130777,102.66936526688318,45687.295223655245,39.492524357703786,10169.980948600934,1.2378595343502201,8.498527987801923,0.5257090745387819,0.0
359,427.0514146562663,0.12496438119709008,0.00019113653119779875,107.59818467163116,45811.515941177444,39.659000613871484,10166.19474808004,1.2314841478421403,7.600490652047424,0.5257077812045196,0.9082547962486984
360,418.2074136910014,0.14610490960896572,0.0001910635463532738,-908.5132808464014,44919.42121016511,39.53477183597107,11629.262331773794,1.2368831323816047,7.602169076716386,0.5243866395900559,0.37764614765328375
361,422.6508651609185,0.13724310240312998,0.0001907630433990287,113.75022203716559,45049.26356800276,39.65118961981313,11624.513733518015,1.2671700457684443,7.586385608404383,0.5098442353962878,1.0077078683703533
362,417.7721442798916,0.14386067054151908,0.000190555982285057,114.54686954283451,45180.053461205534,39.50916989599904,11618.54571998611,1.264505872206854,8.373059187582767,0.508539493966313,0.26853648971856003
363,416.33779868682603,0.14494161549435525,0.00019027695824977076,114.85095005863714,45311.02388833073,39.58256225959898,11613.527750337515,1.2561192631836435,8.051564083433716,0.5072564235550487,0.0
364,424.9624119119972,0.12459841133607186,0.00018998543382082168,108.86449290867021,45435.9584165834,39.49015704012212,11608.633645760083,1.238732210085424,8.072760020144964,0.506688909732986,0.0
365,418.87044316893775,0.1428696694036109,0.00018980075937390025,111.4577364268317,45563.78198253007,39.614325410054704,11603.676180219238,1.2402906877643063,7.673376482730107,0.5048192933298132,0.40502643145481443
366,415.69061529638236,0.15704597101110096,0.000189420180925238,112.63914978546461,45692.53753049314,39.48931914121195,11598.342074751501,1.2466108405039045,7.69911047763452,0.5029322193750625,0.0
367,414.42520427782836,0.15213708469593024,0.00018888876319453235,114.96710753508482,45823.480075707615,39.47093007762757,11593.280376735189,1.2601119182091447,7.709998114384857,0.5015169604016428,0.0
368,410.3614011156442,0.15885538949416633,0.00018847064911392132,115.84749278657092,45955.37233665327,39.51181292313142,11587.653110981353,1.2560016311970001,7.724737437772013,0.5048390291728155,0.0
369,406.2341860863874,0.16036418834814303,0.0001881154201756743,116.52604012713303,46087.83196914684,39.65503282783781,11582.420882900778,1.2623739712617164,7.756200295934597,0.5222485251389773,0.0
370,407.1372109021982,0.15184918681365966,0.0001877435894038071,111.82059781531629,46215.40728699286,40.00844669160525,11577.225775702018,1.2275316542013859,7.776985752724399,0.5123387559524355,0.0
371,402.7038951673291,0.15149966771897205,0.00018751672092791864,111.91712204992875,46343.099340943845,39.98227523321846,11571.598477108899,1.244967268660592,7.813838675092847,0.516650571269681,0.0
372,408.54473095055,0.14131461612078833,0.00018729195583312697,111.60373196258604,46470.432806206256,40.05117816525487,11566.326282283027,1.2333518447217178,7.8532708461684475,0.5196208837164393,0.0
373,407.76972972072525,0.13943753568252737,0.0001871739345450077,114.28562902228839,46600.5497616573,39.873554456293796,11560.388627083965,1.2419872612485026,7.883443627964865,0.5183606213754575,0.0
374,411.1763755689317,0.12408161839020615,0.00018707345533086695,112.35625270069077,46728.726000145834,39.793005222078776,11555.003258306018,1.2638913938020664,7.915239761156724,0.5165174242149567,0.0
375,400.4765586672273,0.14643605407470095,0.00018713380601641463,115.89558427394033,46860.57601225795,39.893202905683324,11549.472624326712,1.2483155260061822,7.77973977750754,0.5159202095290361,0.0
376,400.21857377923885,0.145742181128102,0.00018695253244807423,114.8337756851833,46990.95288821366,39.87873930385086,11543.544366746277,1.2449533069416394,7.966740998171969,0.5129790875890955,0.0
377,401.3479536822303,0.13754134045345334,0.0001866930830359792,114.37753009360023,47120.79530778538,39.949150577188995,11538.509799333246,1.2490832703580863,7.99445154452558,0.5129598736873685,0.0
378,401.1569540118517,0.13552897771285433,0.0001865197194675751,114.43100981005911,47250.759421128874,40.05838943479921,11534.108178768594,1.2492449796742102,8.016925171177576,0.511895123040744,0.0
379,403.6084300506453,0.13252940615792408,0.00018636594805677316,72.95739098684733,47339.28011495608,39.78451723767358,11529.258524262132,1.0553756620697103,8.037709886175701,0.5125998136550672,0.0
380,397.91128300675916,0.14216953587653536,0.00018606010427826565,113.5576099589813,47468.504539095375,39.594144080389974,11524.708601351947,1.2332463976357662,8.525664724477597,0.5136860878952513,0.0
381,402.2665249745618,0.1394472051286595,0.0001856512347446831,77.2532541150352,47561.341122680846,39.855608931322294,11520.123609884447,1.0801869649581943,8.089781129152048,0.5166078268448975,0.0
382,409.8262170878837,0.11185710206440636,0.00018527166431158394,107.79201747254474,47684.74556238121,39.67430895994638,11514.630025225515,1.2078059867567823,8.631368220162472,0.5118032158464029,0.0
383,409.43329813702434,0.1112587384876993,0.00018513423133692373,104.79573954325218,47805.374721609776,39.62429422972119,11509.108532499276,1.2162925135701161,8.707956102426293,0.5103811372805127,0.0
384,413.64630185419253,0.10569715924111966,0.00018500154398597097,109.03588620485098,47930.195907130925,39.64306426122265,11503.539985193029,1.2127882739963298,8.814403468273499,0.5097685335567468,0.0
385,407.6362601645072,0.12288951160274375,0.00018390181107156523,109.32415020407001,48055.42935651587,39.75316092360617,11497.642990338858,1.2131016501124439,8.843839426451142,0.509304710325095,0.0
386,409.9018480951928,0.11352268702631185,0.0001826270982071841,110.58369950768011,48181.68899448393,39.727248112299854,11491.748955693809,1.2193006840788574,8.905063926241613,0.5159473761613577,0.0
387,409.72545805447226,0.11492387526170156,0.00018146129179967844,110.3343815512666,48307.79193911584,39.919811608027565,11485.858668230923,1.2099581018452912,8.660714678788509,0.51594138993115,0.0
388,410.9060040440735,0.11030309224709445,0.00018029225709398458,110.11401816274956,48433.6615408526,39.724083257662045,11479.970867119982,1.2186028880172008,8.972617960461475,0.5155559758111604,0.0
389,407.7557681486249,0.12045261131294716,0.00017918055979515435,111.85308078414036,48561.3337536396,39.81568558594365,11474.08731830832,1.2046411472137446,8.727332617362729,0.5181298392143953,0.0
390,414.091146477934,0.10515268714332826,0.0001779657697633563,108.97569538376388,48685.9940340125,39.58006415179018,11468.202085270466,1.212107965018889,9.030524932443889,0.5216354062821272,0.0
391,413.32133258749883,0.09928535004715056,0.00017686486137123637,109.34950517484478,48811.15038492562,39.83700452354038,11462.32030414976,1.214915069901971,8.757001939181844,0.5202094269666054,0.0
392,410.8688183587381,0.10360785448393917,0.0001758924974242621,-127.78657541029608,48699.159002187895,39.897579724426514,11456.4419728111,1.2149375907397255,8.760504649891056,0.5218637095505312,0.0
393,404.80811478943275,0.12641847812806772,0.00017488100981442035,112.10088594156801,48826.994390962325,39.88136237863749,11450.567089120828,1.2269603909701647,8.767563343026891,0.5214369975723646,0.0
394,405.15477801336635,0.12308387653621966,0.00017356453927968828,113.83226693137131,48956.30415569368,39.88614085142694,11444.695650946715,1.2270408789104665,8.741429707763698,0.5233587501336271,0.0
395,406.5243335887086,0.11829274545603485,0.00017229627042306348,105.59685548543654,49077.406878234746,39.60227144662274,11438.827656157959,1.1975752981742145,8.478536437868389,0.5244423370590507,0.0
396,410.1068325687552,0.10665464896375709,0.00017099785351244604,105.85473798814702,49198.79497153636,39.71119884200827,11432.963102625195,1.193214807683106,8.445639163515528,0.5251815580417462,0.0
397,414.1333052003082,0.09506105457093939,0.00016985305254437513,108.55545594493431,49323.03122011939,39.682901973203954,11427.101988220493,1.2131333008325058,8.922606485224081,0.5248475856661944,0.0
398,408.6759743832777,0.11151799103723226,0.00016859015254044976,109.81515143632708,49448.67119444858,39.577326354628106,11421.244310817341,1.214439546071471,8.452583221065867,0.5260123577099346,0.0
399,409.7826081420756,0.10845475946048377,0.00016742096353378013,108.99050981275141,49573.286425952596,39.500994558369825,11415.390068290664,1.203263345192146,8.420295507155991,0.5247658980944873,0.0
400,408.5546596709702,0.09992936013793041,0.00016629244417130267,104.64433703986609,49693.564367860134,39.54443392596088,11409.539258516808,1.218868128495195,8.94459909019749,0.5257183661432716,0.0
401,400.4449200746618,0.12377415310995432,0.00016520922354736092,113.74310797596615,49823.025388321716,39.649119849812124,11403.69187937355,1.199981218373772,8.48421484161551,0.5241637161540506,0.0
402,406.1776574438996,0.1066255310059282,0.00016393301763344581,109.69086719814398,49948.1638332139,39.488781507048515,11397.847928740086,1.2028848825539307,9.01515363535504,0.5229257810810373,0.0
403,407.1668435683224,0.10012330986020135,0.00016280228885727857,105.40310386266883,50069.23718890552,39.50301619073184,11392.007404497042,1.2062366298440295,9.018867048035174,0.5220435348835392,0.0
404,409.80689119522594,0.09660650490560807,0.0001617598384697828,110.24209489310273,50195.220596560524,39.70265821970671,11386.170304526466,1.2062389884998217,9.061952296171619,0.5201480555247642,0.0
405,409.9025021803461,0.09705796644404918,0.00016076314641827517,105.56127756786574,50316.58898955404,39.55158762491999,11380.336626711822,1.2055128911552597,9.096514389908073,0.5218958343037874,0.0
406,410.26691136150714,0.10047350868691429,0.00015975794703111229,107.25655047503085,50439.638125988466,39.62700648384872,11374.506368937997,1.2006243926161904,9.108607204455167,0.519374769152246,0.0
407,409.55641468533304,0.10002591074369604,0.0001587237135440312,107.77331098079176,50563.19775940394,39.51979897485664,11368.679529091303,1.2085182808973511,9.14451646293239,0.5188502808233753,0.0
408,407.8754757715533,0.10901690809470632,0.0001577017487553817,-128.90033192086187,50450.07609539001,39.59934783397273,11362.856105059464,1.2105488190430032,8.753421720687337,0.5184060211026347,0.0
409,404.71279047401896,0.12434650001093961,0.00015663866333886158,112.51359559116638,50578.224346567426,39.89882920664653,11357.036094731622,1.2115015788404087,8.743756332461201,0.5189140338318942,0.0
410,409.0667906672421,0.10969940351137364,0.00015545081667026517,109.14709581312795,50702.87244441777,39.61123206263321,11351.21949599834,1.217232136397129,9.20543066008741,0.5204808532824386,0.0
411,406.0494928413191,0.11579716499773329,0.00015435616282643067,110.6624114299924,50829.213450443465,39.83282780335578,11345.406306751593,1.2063469253813397,8.787074532185933,0.5237139725813046,0.0
412,407.91685019210917,0.11139573033684125,0.0001532055372530656,-132.94608955945,50711.83561932626,39.662372094351085,11339.596524884768,1.2123198010650826,9.228029947333512,0.5327281283787934,0.0
413,404.59137635883803,0.1296378253304623,0.00015210949851749426,113.25073179478835,50840.7115326384,39.81848647663886,11333.893363594349,1.2143255901760697,8.824519321841334,0.5320344818079343,0.0
414,406.6976219762121,0.12392539223294385,0.00015092751642348546,115.09517425013499,50971.37287020663,39.70051898353472,11328.10791630483,1.2099603122387084,8.818878364349443,0.5346347373244995,0.0
415,403.0649244935821,0.13192660379145582,0.00014977752910390256,115.46393433856343,51102.45406801621,39.8735185458701,11322.31194136796,1.212245879671316,8.801121817238649,0.5345262376233625,0.0
416,402.95312199940935,0.13372773044202957,0.00014862374109234425,113.91502283545587,51231.86007243862,39.72974030322144,11319.028354910659,1.2108038917925414,9.066687788705462,0.5344027613545169,0.0
417,409.8556989186597,0.12094575200680513,0.00014742175479751598,110.49089248818117,51357.805847055395,39.790057402467596,11326.348512122448,1.2200412779672944,9.035127051371374,0.532641336124562,0.0
418,411.2694617578058,0.11566918075889077,0.00014636461750353928,113.47787103159601,51487.11291630133,39.801088261420546,11321.430212679874,1.2112865162213662,9.012712512029683,0.5349221983336282,0.0
419,412.67473929032303,0.11123672232110515,0.0001453721712316748,109.954537280711,51612.94198152427,39.576877931545056,11315.626009904843,1.206360290798251,9.412535158380999,0.5350658591221471,0.0
420,405.6385152573307,0.11821418665384054,0.00014439300397574967,-960.4375592189409,50668.42996545419,39.19077887592735,12920.062806962384,1.21920110953807,9.416109999388228,0.5357311662115368,0.0
421,408.46254404624153,0.11627928407828358,0.00014334660079074705,113.0366337023251,50797.27314899248,39.20272322036524,12913.37979254688,1.2209829414623625,9.168246711757385,0.5362937310000465,0.0
422,410.9374376760567,0.11569688882916118,0.00014233160374741403,110.66291720257473,50923.7365415977,39.10443602922047,12906.700671572624,1.2135792305725086,8.973399098092933,0.5365046550226851,0.0
423,416.4686482425895,0.09968843989828124,0.00014132998573207665,111.2953750790725,51050.84271242971,39.07797424119631,12900.025441658663,1.2108751370931192,8.935308201508354,0.5364514020196091,0.0
424,421.20161522718416,0.08289957754297439,0.00014054193190915422,102.72406706022615,51169.61654185957,39.06526734271634,12893.354100425615,1.209022197932003,9.347035247208446,0.5363535179908702,0.0
425,417.63515390694886,0.09148036502093859,0.00013990088594978599,-128.93519163088882,51056.9298760047,39.11787569387476,12886.68664549567,1.2213602480163865,9.141516621492592,0.5352939343588796,0.0
426,417.4491880264769,0.10350460037214992,0.00013917777707990185,109.96333412997137,51183.0131467762,39.22911207888946,12880.02307449259,1.2132303344346638,8.94122773194534,0.5370417486489676,0.0
427,414.43801385994584,0.10862361175434299,0.00013836283964638175,111.86098168523208,51310.94332856726,39.26961623080876,12873.363385041706,1.2099103297705658,8.907909248670867,0.5367136220596608,0.0
428,410.5930432923945,0.1095003692068568,0.00013749880478561443,109.6586448648936,51436.59792767284,39.31011066855911,12867.581618234202,1.2158925636277198,8.908792621785475,0.5367941093211726,0.0
429,410.57736046730486,0.111075426832702,0.00013667672818737275,111.06002652566086,51563.60456013752,39.178616418864195,12860.928723322166,1.2166750320165687,8.893499175729039,0.5366579173381808,0.0
430,412.2739092491975,0.1050999496725783,0.00013579786967438288,107.53029225313475,51687.0763229651,39.11165026715953,12855.423738670215,1.206587267255452,8.883034915372729,0.5365112087376717,0.0
431,405.5461031423322,0.13033176486138265,0.00013498906292781968,110.95116737324975,51814.04912310458,39.193888623405705,12850.077105556145,1.2220063633798082,8.818336714046408,0.5348059063840557,0.0
432,402.6218496661667,0.1329791260664368,0.0001341567371578308,113.01735971680277,51942.8527768823,39.2369522005342,12843.433143219801,1.210815799677636,8.71382342512516,0.533181247532445,0.0
433,407.0789883217393,0.1257697685278032,0.00013332964905598199,111.3188186328544,52069.91986910561,39.22332935476456,12837.975375145465,1.2222108457996466,8.668816706420403,0.5336279931200959,0.0
434,409.0045114778848,0.1340171239595238,0.00013260555137245854,110.25567534042429,52196.00671319968,39.42097565314513,12840.371724842611,1.2170505496317205,8.667560940939266,0.5324406534573086,0.0
435,405.3596280955663,0.1417029389907427,0.00013178150750031692,109.3600635157691,52321.04028646109,39.27010325789557,12839.812175167246,1.2190509363436965,8.668657115276398,0.5355140586053365,0.0
436,410.6101707340098,0.1260619803273051,0.00013087946429698642,101.54629170395894,52438.165871203135,39.10000239247958,12838.79023039922,1.1935234442809934,8.682962974256748,0.5351457360010005,0.0
437,414.94394273531077,0.12220806176232868,0.0001301043224940745,107.51230442473229,52561.31873709501,39.08445536139808,12836.43171207745,1.197478179330833,8.6993738132517,0.5348175075807988,0.0
438,422.90027646416127,0.1059614113505869,0.00012937752786922654,104.55532343539686,52681.62227997378,39.097294957228584,12829.78216593708,1.2080318131196797,8.72237780232031,0.5337557553063023,0.0
439,421.8556695655223,0.10858657065480748,0.00012882767382672993,109.18333005528618,52806.84801912133,39.15522765731171,12826.347557619813,1.2065680868976656,8.726507656033858,0.5341881684624933,0.0
440,420.62533059109484,0.11150214042970763,0.0001282535462950752,110.46173138684733,52933.30971427154,39.09425736782404,12821.704786527956,1.2034354885359084,8.74023131218692,0.5341142883667281,0.0
441,416.5298097568261,0.12579835015138896,0.0001276520226145067,109.03106588645122,53058.31607932455,39.19688497163214,12816.717394671025,1.2037867236385489,8.74022418170729,0.5339242062461846,0.0
442,415.25927747406394,0.1297574761358382,0.00012688768239638404,111.89477622260823,53186.02470410873,39.201727836737625,12814.01686867928,1.1969551011382646,8.77447171180697,0.5337463810195757,0.0
443,412.4098943363341,0.13110585036905265,0.00012609263923187995,107.99164901938764,53309.7773317639,39.27539648834207,12810.51543502663,1.202762303028813,8.761094246055515,0.5335702737568987,0.0
444,416.13165720440924,0.12883186840398664,0.0001252913773156616,110.12769125261698,53435.613052549204,39.159493781303354,12806.496703854244,1.1998041921140883,8.756407398021034,0.5320092560494589,0.0
445,405.9931850780124,0.15226985134536486,0.00012451978341430274,113.02656211104978,53564.35726604702,39.33630565429483,12801.177485181017,1.1966306657870942,8.693518042090975,0.5314903642251673,0.0
446,406.6420421216767,0.1517569399726284,0.00012350409034099727,113.91626588759544,53693.65078029006,39.21937462598578,12796.271525382248,1.1988149614008956,8.70329899488277,0.5306485133447209,0.0
447,410.51649997343657,0.13575979951183736,0.00012250316696206805,111.0475988498964,53820.06535062964,39.25893689524592,12790.641573904186,1.1964199731788716,8.714201325988016,0.5307407998995609,0.0
448,413.6098020036079,0.13398097335795545,0.00012167933726890523,105.85213126173257,53941.352972293374,39.27742865864886,12784.762282801901,1.2049425968417145,8.590838258410178,0.5332532754651276,0.0
449,416.0580827796498,0.13316241412095609,0.00012087005505051463,108.5561450043875,54065.45861973091,39.42762463703268,12780.204852517545,1.1959665778528177,8.611349468788804,0.5329315239442022,0.0
450,414.76130255926273,0.1378032409296387,0.0001200691616004843,47.723069610990464,54128.80638475252,38.712905983561306,13470.067502859492,1.199317098175602,8.605523124986856,0.532655610127812,0.0
451,417.71510210600644,0.1259497127458663,0.00011922880490036656,106.41023608935966,54250.78011580237,39.43094270043364,13463.42899939109,1.192594702497584,8.598730309866603,0.5308663808007894,0.0
452,412.39744617587985,0.13981024688622878,0.00011851284812616302,108.18296729796864,54374.63944298155,39.3090774139919,13457.081077949777,1.1974874475922785,8.591237443505687,0.5305490196346362,0.0
453,401.0855368363457,0.16014156716353634,0.00011766040048493971,78.3653599816612,54468.46890299124,39.42127576668031,13452.146934258926,1.0404454994734678,8.5997576343046,0.5283511059491487,0.0
454,403.07260568508764,0.14861839589714032,0.00011641016739875379,108.7651704918769,54592.46790402203,38.99798338965225,13447.545412827985,1.1797333838137485,9.023022974435836,0.5271977689295503,0.0
455,401.4859225294608,0.15942679891847134,0.00011520157128742464,77.90257868569056,54685.73114973637,39.280623960625704,13442.326079767437,1.0460863887561385,8.479680126966429,0.5325445580030111,0.0
456,407.17882284328783,0.14049014013740724,0.0001139775716871222,110.28506396922134,54811.2802609809,39.07994764621987,13436.865266717887,1.1496151287365624,9.090772093641062,0.5321308545792744,0.0
457,404.931906210594,0.1334057216348571,0.00011291184149567076,106.20778038361264,54932.953702106184,38.97445811875213,13430.664582169222,1.183930750431986,9.188815659391697,0.5296816697689654,0.0
458,407.39910655760616,0.14281888364347928,0.00011193366958674221,108.82207101795154,55057.27286963702,39.106923324183875,13423.673992151254,1.1887608000557148,8.80259376820138,0.5296950823537245,0.0
459,405.983820739061,0.1452500903978885,0.00011091328206254959,110.79084845654404,55183.45672187177,39.064229058994705,13416.687494160207,1.1938651699535436,8.801740135252663,0.5291171697348505,0.0
460,413.40652106532264,0.14085057341622098,0.00010987677705438461,111.21148278187596,55309.99986880296,39.01702844082341,13410.320178123457,1.1810231010477306,8.632004127790257,0.5292049502689592,0.0
461,419.77863189962204,0.12218149615940876,0.00010886646274742156,103.52259665198852,55428.93550164336,38.88265208527842,13404.281823971742,1.1634175285737158,8.61881761773047,0.5286091650111141,0.0
462,416.51494160974624,0.12798743144498737,0.00010806159424684237,106.68622409737063,55551.1534065846,39.26610295960326,13397.760222916404,1.1863336116702548,8.619166795799787,0.5318290112133062,0.0
463,413.2994941701066,0.13847193362639965,0.0001071296361384938,111.47266321410848,55678.0315253096,39.45018850047564,13391.272997133306,1.201881352049103,8.60387887649791,0.52944951421716,0.0
464,414.29053711476655,0.13546089524626825,0.00010615633524233786,111.84542722497156,55805.334155485296,39.25034250148072,13384.447489859209,1.1949154121062673,8.582333897706443,0.5332604447597128,0.0
465,408.9414944263126,0.14763418002041095,0.0001052166538809924,110.00916781729106,55930.807760465555,39.18520712068483,13378.24662853271,1.1983771746980043,8.582655203866352,0.5329690233250103,0.0
466,409.68524142956727,0.14884960701360972,0.0001041539214678342,110.71253500886442,56056.81238487771,39.19954962252312,13371.296940283257,1.1871002315520287,8.589013797937996,0.5326952060965311,0.0
467,411.1732723481979,0.14292096974684598,0.00010308571908098143,112.48713257640316,56184.563431972696,39.121340446363924,13364.437074589658,1.192462361261507,8.57126024644781,0.5324460456818558,0.0
468,409.6605538172692,0.1463937484069877,0.00010211021667584703,112.58114366559639,56312.46597351372,39.060794782972884,13357.749939837338,1.1920209554276544,8.565009775933442,0.5321885727237209,0.0
469,408.17765244375715,0.15026558191832795,0.00010108203124473567,105.89065005616055,56433.61522977313,38.920454778944745,13350.804523935873,1.153081684928613,8.53888572844803,0.531938337133703,0.0
470,405.47459750800385,0.1617510817689375,9.986589592555856e-05,106.3799147940531,56555.131444323546,38.902345153895354,13344.174504193687,1.1689420499804817,8.610956860939956,0.5316688242367051,0.0
471,406.85190466353924,0.15815158611819435,9.853669052628702e-05,110.0231910732194,56680.19123181798,39.24278145860427,13337.568985403936,1.1784539073815097,8.61783060335224,0.5315101929276722,0.0
472,403.23879909624355,0.16980746115385037,9.725584217976988e-05,109.30022428608856,56804.57556263489,39.12842379846804,13330.653964076677,1.1641963164410343,8.531747937871051,0.5300099086803746,0.0
473,404.89119495888184,0.16299017407491423,9.58657056784396e-05,111.96320870677681,56931.4957261117,38.930234588853054,13324.032310329963,1.181375812244126,8.593768811125944,0.5311962315704006,0.0
474,400.4553380693051,0.1782904724028277,9.458773714352189e-05,114.9744642890726,57061.4725406648,39.003457786763,13317.387378701746,1.1727694254919718,8.52267868078044,0.5310462338959405,0.0
475,398.8049038960817,0.18184374839812234,9.316274966425999e-05,111.95671735153299,57188.24595342823,38.991962063900026,13310.703231781512,1.1872298556692187,8.525112658082941,0.5308127226335606,0.0
476,397.39983620087384,0.1857975191562664,9.171102187759827e-05,114.0460289498441,57317.035578124225,39.128589735623606,13303.784572707165,1.1786489245485503,8.488297374129772,0.5305966361142518,0.0
477,396.44791438221984,0.18762764393560705,9.0237110608474e-05,113.5995160853047,57445.32248609916,38.973641112808366,13296.869955514072,1.183988417057156,8.485958854231132,0.5303454539775758,0.0
478,395.2096652994922,0.19083164754094317,8.878210748348482e-05,115.5186586009656,57575.49069528932,39.37919546399822,13289.959446647308,1.188607711087133,8.468498986239801,0.5301063015729582,0.0
479,394.08287238041135,0.19311958785717143,8.725679797800737e-05,115.8364374003505,57705.93875225254,39.28982845028743,13233.302863474246,1.1806745540807242,8.446401166925238,0.529858674761846,0.0
480,394.987647446736,0.16520204278368456,8.576708780390894e-05,113.37324585791774,57833.88224668006,39.753157184018875,13233.453108477781,1.1784973327213024,8.414504555328355,0.5295201498150915,0.0
481,393.6767591538844,0.17465394160085446,8.45335520764465e-05,113.7475721867986,57962.93832667846,39.60805773945061,13231.617924128439,1.1773182422396176,8.416479322522754,0.529159162173413,0.0
482,392.9681828242906,0.1775167460472945,8.321006482162731e-05,115.04716892672815,58093.09148778298,39.514907488539734,13229.40215757182,1.1795197025654884,8.409312419328264,0.5288214061039043,0.0
483,392.11596502228196,0.18146965786384872,8.187068413130122e-05,114.82225410268865,58222.9616255991,39.62530205712023,13226.458945613365,1.1744977574749487,8.409793464144823,0.5284936818955343,0.0
484,391.3651803154375,0.1853511705164652,8.06126833998394e-05,115.7380700585025,58353.67855056521,39.46079507885297,13222.881007804224,1.1882004636044903,8.40580780626576,0.5281855442533492,0.0
485,390.48527897699415,0.18714791384671559,7.927734408292362e-05,116.67098968281864,58485.2459041146,39.36168221692095,13219.39713402255,1.189423506045795,8.379410812553557,0.527890127227152,0.0
486,389.75070353685885,0.18925916856387603,7.802387207636194e-05,115.03334394777303,58615.21275272632,39.46566007681928,13215.724509577689,1.1951595465702194,8.3712108057215,0.5275773020096222,0.0
487,388.6293353897008,0.1959529043368674,7.671040015901335e-05,116.9685559020777,58747.07071849625,39.59231236959486,13210.884930959977,1.1806144625242863,8.357601878530327,0.5272718851754922,0.0
488,388.1917329160133,0.1993562979607718,7.533914020308981e-05,117.36552039032341,58879.15922574971,39.69102552483758,13205.143697156484,1.1805721080415343,8.370205093549465,0.5269663850723386,0.0
489,393.1742269130996,0.17748348968429772,7.396837917561904e-05,115.87634734327601,59009.62536949564,39.35377107996306,13200.065565991981,1.1874168907356832,8.496304696760292,0.5266952898027509,0.0
490,387.87132880830023,0.1944672146767049,7.281845257867161e-05,116.2945806813996,59140.80164419597,39.448194066412995,13196.023930740273,1.1842415914136806,8.355321136928136,0.5266061830666086,0.0
491,387.20793752048047,0.1971077878971087,7.14995449734776e-05,117.70097205892299,59273.29820747,39.57815017747064,13191.828744154538,1.1874976862572253,8.339022102499895,0.5263384973408477,0.0
492,385.96638041090387,0.20538549761491254,7.014300962854664e-05,120.37949718705376,59408.436797081165,39.62430698573603,13185.96881431063,1.1788209077637364,8.32240549369873,0.5260652733514545,0.0
493,391.2300427997379,0.1814283000212843,6.870894809699708e-05,116.02645473380062,59538.97456254527,39.42358855217343,13181.088054633066,1.1789327097813294,8.460818822813632,0.5257863699397686,0.0
494,390.95643540762086,0.1806205075157229,6.754638689494334e-05,116.08712157412816,59669.89008750562,39.46231381365118,13176.550589825065,1.1823165496443084,8.452953496228421,0.5257060352005555,0.0
495,390.6720459187246,0.1828417390954452,6.640419661084808e-05,117.78403774866634,59802.534586789945,39.49674759544735,13171.451543161715,1.180934978334999,8.4567286511066,0.5256218013186943,0.0
496,390.13540489094146,0.18610541501082922,6.522972077746385e-05,118.05140182690415,59935.37406634881,39.391279586106364,13165.574553367222,1.176974473689173,8.467849429424827,0.5255491732374008,0.0
497,390.64891117433683,0.17955464566383106,6.403145767184909e-05,114.51130847631484,60064.54965703757,39.42435200704304,13160.818600706134,1.1788123723290316,8.478056548760668,0.5254972235082037,0.0
498,385.542965462332,0.1970520969855788,6.292049664143046e-05,119.56853070774349,60198.93758090719,39.67210757578494,13156.553728311485,1.1861927533796421,8.307907914623552,0.5254637006215925,0.0
499,384.38618384735236,0.20664328990871506,6.164006665764579e-05,119.2985323927619,60332.920806572176,39.59113006825011,13150.033888355487,1.1823043654386984,8.315440752259729,0.5252103843213535,0.0
500,389.2860455535871,0.18704453964863932,6.0267565902972294e-05,116.41194256271079,60463.64521824705,39.639060806442174,13143.829916841196,1.1744585967652839,8.449796650507878,0.524982118093641,0.0
501,389.1416642775402,0.1845457139151101,5.9113884396751215e-05,82.88740960802002,60561.08891772455,39.19446013025652,13138.53737524277,1.0552678800868807,8.434091166312351,0.5249444897166331,0.0
502,401.6055614473676,0.1543265994619829,5.7578536399212906e-05,107.82197673905833,60683.60600057767,39.383051830261046,13132.08653749622,1.0499441290512685,8.812789080045146,0.5248904537468787,0.0
503,402.6540828602469,0.14752942051648665,5.717431730264202e-05,110.08570375798271,60808.51888553856,39.41521407314075,13125.593041064962,1.1190890809510374,8.851635315579045,0.5156875547113775,0.0
504,403.669122122379,0.1427691291321007,5.6024036098968e-05,97.93629959690216,60921.312332501155,39.11435469448041,13118.913753733292,1.0550570945180013,9.04652146266096,0.5178594398173275,0.0
505,401.25530252019564,0.15688927316241974,5.4780330426133524e-05,110.78124301253435,61046.83563419635,39.23539882111275,13112.229644880357,1.1403288274107393,8.824565014034059,0.5200753028247894,0.0
506,398.61260368108066,0.16622539111393075,5.338996587454379e-05,109.00386484048474,61170.41384130721,39.121207040719725,13105.442303402066,1.1128542341827183,8.721551422511912,0.5197882813473033,0.0
507,405.0301113603551,0.14501412754135978,5.1911520837672475e-05,109.19372343431908,61294.0870637557,39.235847608012534,13098.647667466825,1.1403541341908365,9.193459118461602,0.5286528703910301,0.0
508,405.3174223668769,0.1425181035019295,5.147745630906929e-05,111.80458724741197,61420.65221984439,39.18843423777417,13092.013148168866,1.1471026049192485,9.234923063511596,0.526993111877342,0.0
509,405.6537053546136,0.14134243397271062,5.026598538536655e-05,88.99283835783565,61524.42175669779,39.16960759776882,13085.246786614141,1.1144891335178142,9.404769478738814,0.5281233047503403,0.0
510,407.9121266834822,0.1321511091634172,4.890449138807501e-05,101.41463002987143,61640.56951447596,39.06932801522141,13078.62183237139,1.0847218752262937,9.573238609663516,0.5290143985502075,0.0
511,409.3543100588894,0.1350376825176618,4.848159914794901e-05,106.28644675380195,61761.67358542491,39.14057340815983,13072.604607718806,1.1415539716287888,9.794742277413464,0.5293267936280415,0.0
512,411.7908294849414,0.1287891396320182,4.802877214198036e-05,107.85110669462874,61884.32121448522,39.32939764445441,13065.829472338946,1.1420320730512687,9.583002552819126,0.5288371845735124,0.0
513,415.47412605042246,0.11638760014757643,4.681550419247921e-05,98.39218150796438,61997.64137093678,39.122607962605635,13059.22920330558,1.1344656539474802,9.746680202130532,0.5283263051506276,0.0
514,417.26870121423036,0.10878239999170591,4.571042417704174e-05,99.72115132793762,62112.37857210142,39.278421248435166,13052.461951098956,1.1241943300066506,9.463281594668418,0.5325826754760746,0.0
515,414.02910391450166,0.12105626535430192,4.4695742891804264e-05,103.06744372241326,62230.506801224685,39.22221053494373,13045.825460200896,1.1232786151572327,9.466244261215465,0.5323995399650389,0.0
516,415.2120171367868,0.11553950017796921,4.355978152135191e-05,85.79941366377653,62331.23988212317,38.79352786142648,13039.25011916946,1.132415578273375,9.81042045883407,0.5323397567652548,0.0
517,416.4239243708697,0.11447948172657263,4.254720310088903e-05,99.05996232527221,62445.47150414045,38.62282287787271,13032.694110015746,1.1315665522725054,9.982498184934776,0.5321011759831137,0.0
518,415.5328845729168,0.11747325829056232,4.155249759010704e-05,99.52959218665674,62560.18043399406,38.634902686467,13026.119566419604,1.145732209908426,9.702450008094731,0.5333131449084064,0.0
519,417.19217622087956,0.11193566792448284,4.069526113089498e-05,102.2028879305875,62677.77161316106,38.768316040662384,13019.574806696719,1.146164349597203,9.693066871550752,0.5421419467430303,0.0
520,419.0345225172647,0.10593071368130369,3.990412357008571e-05,102.52546049423563,62795.743280727525,38.812167382026,13012.942315783976,1.1474750740472877,10.055288440182885,0.542316223590819,0.0
521,405.5094795328028,0.14602346453786075,3.918569728290604e-05,101.45316376359348,62912.7153179406,38.76774493327011,13006.415429362258,1.1505079238480531,9.836300439882518,0.5427637611310737,0.3261573839388596
522,400.66917300573346,0.1528224652483633,3.804452416333566e-05,106.48112146541881,63034.14285018174,38.786193365641815,12999.744217268002,1.1590186553651227,9.528722438908526,0.5418332666973279,0.0
523,405.44981148035504,0.14099062189645784,3.713922124689643e-05,109.90939152169912,63158.86860114265,38.81649942333016,12993.230759713868,1.1429723616539669,9.545423320640053,0.5437340876340517,0.0
524,410.04906834255274,0.13625860154797476,3.636678074754128e-05,104.28088150268789,63278.1336561341,38.761873696084876,12986.583806301902,1.151640809612131,9.950140077489856,0.5467661804660328,0.0
525,414.88631610020656,0.11841922598773735,3.6385243022925864e-05,100.19100258505324,63393.358728385065,38.76701529756388,12979.942321165958,1.157165706983481,9.911901463338078,0.546305883963137,0.0
526,418.0370443527347,0.11119981359499376,3.6590700476967175e-05,101.05010583527482,63509.64388763616,38.71110056197315,12973.252649883618,1.1571623518137664,9.903571510371659,0.5474694342316875,0.0
527,418.7720826204163,0.113510680804632,3.613066403415896e-05,96.51526399386539,63621.48431028737,38.62281368077414,12972.061013915569,1.1496741595415836,9.602405986179035,0.5490850527662848,0.0
528,415.7277662736497,0.11400330200266573,3.564964397330035e-05,103.81909037676141,63740.61515608636,39.149214471191094,12981.400939180654,1.144323548066385,9.754848783356755,0.5493286159021834,0.16677945537196948
529,416.42653243812305,0.11956364130089925,3.516714570276101e-05,100.29547933046277,63856.17135460665,39.21277868846304,12985.469168614058,1.1421486240674836,9.986565434071444,0.5497871421866488,0.0
530,414.7644836921074,0.12343351129646374,3.460993189139536e-05,96.67539986492446,63968.11391538295,39.05301356949785,12988.701076577041,1.1621753476676815,10.010128164162248,0.5454070829084381,0.0
531,417.90096500280004,0.1156018949477371,3.480156212688796e-05,100.18573498723401,64083.51835787154,39.20621026772585,12987.77077589727,1.1541837183794637,9.672050088005935,0.5446413021982726,0.0
532,417.83223313655475,0.11603322443875752,3.507371522181294e-05,101.38777021050345,64200.2017336744,39.14457228741749,12982.714682913318,1.1518062561154299,9.661958192882782,0.5450767693770708,0.0
533,409.1032611637849,0.1426714634898082,3.533786402208631e-05,106.88603992009182,64322.3573831477,39.3329468347691,12976.02274283639,1.1415838255064454,9.264190190110355,0.5453536347000131,0.0
534,412.4023714714318,0.13263294151182314,3.4569352443433095e-05,108.35980813133796,64445.53841565296,39.72405840436374,12969.387514501557,1.1441283884638573,9.26294573739324,0.5448466074727735,0.0
535,415.47608261189475,0.12650995216740746,3.3913567121560466e-05,69.187709593566,64529.61336895439,39.63200156055315,12962.64664082922,0.9995762946663553,9.247691292834137,0.5444991425477553,0.0
536,417.005963495164,0.12013632871046354,3.304287029178427e-05,104.16317735924673,64648.63642790788,39.42909515623649,12955.964564095972,1.1360553747136164,9.850365338046158,0.5448636366738148,0.0
537,417.7415861132108,0.12494269023513183,3.297588303741865e-05,71.71066735432112,64735.28830528751,39.589988384790736,12949.2861086488,1.003295151288382,9.479309618071424,0.5459208878260142,0.0
538,420.4273329644433,0.11690121030818923,3.2857496708278804e-05,105.37866536305795,64855.57874375861,39.13661492545137,12942.611706973115,1.1349975071076521,9.921816177747504,0.5536455764453919,0.23065219998107622
539,415.8766180515614,0.1329276472719061,3.281934476642847e-05,95.81976112043898,64966.39410645656,38.82881237979958,12935.941132216702,1.1135664965850813,9.430438310452011,0.5541327079966448,0.0
540,421.42540702126877,0.1174322426055554,3.2610206289611716e-05,101.77107091794852,65082.99236334215,38.80886848985135,12929.274548586875,1.139421230351689,9.39964704049883,0.5539156086214243,0.0
541,423.92319051291406,0.11439177650562804,3.256677460531901e-05,99.80119870552208,65197.78647203745,38.9978966088253,12922.611886731824,1.1472316105707647,9.388954141326805,0.5529805411384544,0.0
542,424.1356549493342,0.11478681736948515,3.2555271227734976e-05,101.0549894440101,65313.97110738575,38.93667836588018,12915.953044775555,1.1364543980890867,9.373447257342573,0.5534595978933461,0.0
543,428.0020298526219,0.10397069848491036,3.253890113706742e-05,101.15140886992214,65430.243980704945,38.82530267031467,12909.298079852586,1.13932734965514,9.059713195853293,0.5532059990649477,0.0
544,425.64133727138784,0.11336437045069547,3.2636989486776603e-05,102.89964882056783,65548.31001929512,38.8112520959718,12902.701895788141,1.1335346033770939,9.381039520174596,0.5525539327680999,0.0
545,425.0904105902374,0.11765440284319961,3.263363564207461e-05,99.25330515041419,65662.59678526176,38.89681224668347,12896.000102995222,1.1103511982600809,9.076417890415433,0.5523590090497075,0.0
546,424.4245103062103,0.12477448436815708,3.2484736682409833e-05,99.87628363810089,65777.34120722921,39.060660199314114,12889.356837270087,1.1046830749628875,9.04663229514867,0.5517746555480542,0.0
547,423.4930785720787,0.13138558117343524,3.226065491232977e-05,99.43757870102795,65891.61110624754,38.895950907226556,12882.717134251678,1.119250353293264,9.284594733271655,0.5511820982947064,0.07032040243839077
548,418.7887994913799,0.14676623012338796,3.196737837648363e-05,106.28039745011924,66012.70431174978,39.1041928484044,12876.081554665436,1.1332835805668282,9.03139994954674,0.5509445641570277,0.0
549,416.3663521343371,0.15134603566203364,3.158921253482266e-05,107.54601168192463,66135.1102027213,39.1454161607303,12869.450018990037,1.137775357434879,9.039843073021977,0.5497547409184055,0.0
550,416.111665339475,0.15236228795260487,3.1164491550674345e-05,107.33210720700221,66257.2505904027,39.08709259107739,12862.822403258055,1.127689489891575,9.033594363042369,0.5498814881315022,0.0
551,418.12937949026946,0.14645280339716515,3.052212670109634e-05,110.98684560828855,66382.97087939139,39.38725584174023,12856.198286664696,1.1146720410415807,9.04532818424502,0.5493733378435424,0.0
552,420.96648024420784,0.14193905140884366,2.9944641697930574e-05,109.30117825341824,66507.05814924536,39.01541849486259,12849.578068685907,1.121319490166881,9.392579310422756,0.5375975689240174,0.0
553,417.3196446916113,0.15246902543780916,2.941927774206759e-05,109.76982712272381,66631.68290886759,38.911186741198314,12842.961892906384,1.124821199857907,9.379571492604653,0.5380770407580414,0.0
554,418.51960696637786,0.1459472691070779,2.880816862360807e-05,109.08568577827427,66755.57740905126,39.029408679991896,12836.349724767297,1.1284832571386105,9.283409349289988,0.5392482080873195,0.07155701779647572
555,418.3420931614206,0.14470817930265312,2.8270759448944052e-05,109.53944870975255,66880.00353665072,39.12886569106221,12829.741221719265,1.132277949615999,9.19761276309233,0.5504014206061145,0.11657535612195602
556,417.65616846104496,0.14451019837688828,2.8280114385314568e-05,110.60824129939002,67005.52582275445,38.899841422666576,12823.1364401373,1.1214390969280514,9.283471911833917,0.5501086742591799,0.0
557,417.9590352152513,0.14432387179568307,2.8266774532379093e-05,107.02268445585779,67127.37754863915,38.83925156237433,12816.590491760726,1.1254210961304092,8.960132026438304,0.5485251651694047,0.0
558,413.4923925482213,0.15206403538159774,2.8251460260430633e-05,110.3310186117551,67252.58616478395,39.008515647128284,12809.939035436033,1.1275253045090678,9.03089922282812,0.5476355230398869,0.16694472577656327
559,412.86306874336924,0.15102566919590366,2.8149889161008904e-05,109.78349797440124,67377.01489062105,39.05354304627375,12803.3457716556,1.1229136654848781,9.22898555410139,0.54904056496301,0.0
560,416.07990225578897,0.15357036547684122,2.8056153727729853e-05,111.14825513663452,67502.78063763674,39.02304012970358,12796.756460993041,1.1257604978615348,9.212849680721263,0.5488461697754742,0.0
561,420.62574280149266,0.14876773359288387,2.7932104038174847e-05,74.31030966516103,67591.71352100109,39.18514447281928,12790.171073024621,0.9813891805875627,9.20328212034352,0.5485425570491572,0.0
562,420.5967063484887,0.14731294372097592,2.764899728256381e-05,107.69656222623124,67714.27944834814,39.08813791095315,12783.58934673601,1.1215599576642958,9.40241373973781,0.5477720471225378,0.0
563,418.6902600196776,0.15467186304588698,2.7420435227670884e-05,81.02708909350551,67810.25444053693,39.14667223233635,12777.011561859927,0.9991669569277056,9.08223352617714,0.5485437030874196,0.0
564,414.9242125608325,0.15481088011690802,2.7114378328691365e-05,108.12424618905219,67933.26373171035,39.1161668046625,12770.437632353434,1.1296082332656097,9.165018924412065,0.548077900183267,0.0
565,420.13475326674524,0.15996041689960716,2.680321654316081e-05,107.57393537934789,68055.47570710891,39.037300639054145,12763.867510709806,1.1006463701867253,8.791458787973301,0.5390777214834989,0.0
566,421.17574354879247,0.15450487059619922,2.643870858284937e-05,107.93983539942143,68178.13961053429,39.16736639360033,12757.301283179919,1.114163996987282,8.824907779130267,0.5464040172873172,0.0
567,417.4239036749019,0.16171276385762867,2.6134099710594223e-05,111.08933242966722,68304.00626289046,39.200510950793735,12750.738699565101,1.1181954639007623,9.040266165849085,0.5471195263387456,0.02087575298187616
568,419.5901500335151,0.16028763036215932,2.575419744090798e-05,109.37890891268638,68427.99652680542,39.27731733333262,12744.180061707508,1.12331979917988,8.807692143357434,0.5466443236991653,0.0
569,421.9241156017531,0.15238959026827126,2.5391431149541583e-05,110.82925393845112,68553.5276832488,39.407701098554085,12687.875119016982,1.1116428502551459,8.80140136469651,0.5454925134878613,0.0
570,416.60152726592787,0.16136554243725776,2.5114544067195688e-05,111.34040609544739,68679.67528696587,39.16650930742718,12681.323923972806,1.1234795377531723,8.828863020655895,0.5454584173663701,0.0
571,417.6888050549768,0.16143730616907925,2.47433459688314e-05,111.25757959882777,68805.47176733252,39.07223274512343,12674.77684949307,1.121475022999434,8.843281153065595,0.542926068718154,0.0
572,416.5476300355361,0.16306686361413203,2.4373295914472747e-05,110.57857426633433,68930.63173284187,39.166883440914354,12668.233593910074,1.125807752991648,8.854874675320817,0.5442520775628015,0.0
573,418.5214901515631,0.1588098177870395,2.398781198191784e-05,110.20370128266582,69055.3583058228,39.027239095921814,12661.694214286921,1.1199833757129145,8.85457169884924,0.543673362189661,0.0
574,419.0047006935113,0.1546184959508461,2.3649646652214638e-05,109.80418993064578,69179.78967479273,39.18254220190463,12655.158668438195,1.115041004013308,9.076377475228787,0.5428772771282467,0.302595871007469
575,416.2048541636968,0.16336840630249727,2.3357742722199315e-05,109.37372159139302,69303.87617135166,39.06968009434824,12648.62682668279,1.1175030715946204,8.889032420595633,0.5425953055300186,0.0
576,415.890362139286,0.16177542115421994,2.2974055612965768e-05,109.41395400273755,69427.84378144564,38.98764420994431,12642.153466635067,1.117947088387619,8.890524409900738,0.5425094653874006,0.0
577,409.91010593395595,0.17619144487870197,2.260933299974089e-05,106.82664398295385,69549.1514266332,38.996681997292164,12635.574731741946,1.1032994571521098,8.898749812169068,0.5415553638007632,0.0
578,409.339068693154,0.17909972697809762,2.1987586823043515e-05,107.56953382074747,69670.91109242885,39.08387044426263,12629.054596641648,1.0972586310567838,8.862754172748945,0.5416939508631401,0.0
579,413.8785233711599,0.1718479026416455,2.133653302141804e-05,108.14170336741881,69793.31397161412,39.1217422871158,12622.538153380643,1.1043965289241102,8.889340381991685,0.5412637705302227,0.0
580,413.7311511522278,0.17690036605380477,2.076452680649777e-05,108.92199522941685,69916.58616229906,39.164161598377014,12615.970760429702,1.0987295301388416,9.191793140909821,0.5408918210004678,0.0
581,415.7329800935793,0.17073798880793045,2.0140078680041706e-05,110.06183616065482,70041.00733975778,39.404607547892454,12609.407163115671,1.1042452987684865,9.014070325688147,0.5402314036246101,0.0
582,416.70867308166197,0.17046957094811943,1.9582937643778284e-05,107.56785787984906,70162.98287252434,39.31337572234441,12602.847230428379,1.111344590386821,8.966879932541268,0.5399605051104385,0.0
583,417.57970297213114,0.17019365353480176,1.9029913393433886e-05,108.48064224561244,70285.91120266101,39.40849691530343,12596.291295556726,1.1068959809391774,8.778515705548484,0.540468951149524,0.0
584,414.28761980009,0.17693278263738066,1.8481082713242852e-05,109.80651358887721,70410.27728182907,39.30826432189097,12589.739056152494,1.102699835649037,9.110016695483955,0.5401138224226896,0.0
585,412.9580295171697,0.17213995031995355,1.7861801003379714e-05,111.42184700602166,70536.08718681916,39.36139706346063,12583.190638111137,1.107955491261268,8.941435342659155,0.5400980237575185,0.0
586,412.4192943204605,0.17230770857325317,1.7295328974476152e-05,110.73188554743426,70661.22847055955,39.23019921252864,12577.12547309684,1.105593243022276,8.940606198109888,0.539481637568802,0.0
587,421.0470926701099,0.15445926064733762,1.672051964326372e-05,111.17742673676341,70786.787258188,39.2981044255363,12570.81951916268,1.106064648178418,8.800934267211337,0.5396589314976707,0.0
588,419.7667973057366,0.15672359415553516,1.6337159011219884e-05,110.72607783870474,70912.12676802889,39.08895066761332,12564.77163388817,1.108804884144433,8.814580881992118,0.5392641024546284,0.0
589,420.8740924816693,0.15073758782302293,1.592982368762946e-05,108.40287372150944,71035.08248821535,38.848302453184175,12558.871402322311,1.1027519653993292,8.812363112687542,0.5389086913670948,0.0
590,419.7370494163536,0.15426960821258173,1.5586510433326797e-05,107.64321257803267,71157.32405184483,38.791082696577924,12553.641914608123,1.1078780306917368,8.803759446423875,0.5385698411051737,0.0
591,423.3347336314202,0.14533972874918966,1.5205498462722139e-05,108.20328028674255,71280.08516661313,38.91170410275662,12550.092004688942,1.1112581174828695,8.793083223800492,0.5382383168389251,0.0
592,418.2936388896252,0.1483548778288415,1.4919697690098495e-05,105.65873433640363,71400.5107269581,38.97903030836777,12544.99288912923,1.109708801988152,8.796212917091381,0.5366343851824236,0.0
593,412.8751806206821,0.16437433717842242,1.4601321985375599e-05,108.91453915527256,71524.10291525465,38.8912722481214,12538.521530685546,1.109096364483777,8.78050780652216,0.5354735679419258,0.0
594,410.25331868835264,0.16753512060271747,1.4112286136028852e-05,109.78981042118116,71648.33320783732,38.73634489734524,12532.307323701782,1.1015294695116054,8.77541627066093,0.5356930091126576,0.0
595,414.8153544732106,0.15787547757141274,1.3590739951260543e-05,107.93875141199008,71770.61486880342,38.93811735319172,12525.843376734421,1.1057448696234606,8.768964488091257,0.5369966726249358,0.0
596,420.38940577379196,0.15285011339360643,1.317337355015806e-05,107.40664317669847,71892.5517293663,38.90298892253854,12520.384683872542,1.1033422282806826,8.908708143286038,0.5342058787517822,0.0
597,418.3703349314057,0.15899492809483096,1.2810120780046144e-05,107.33327540430673,72014.48608721115,38.82586031810317,12514.088575391395,1.1009728583412972,8.780997390646137,0.5369941155953742,0.0
598,415.1367083340304,0.1672910111307846,1.2381759358999612e-05,113.05604882599422,72142.01902764304,38.79404188801908,12507.634438495294,1.1010134202309199,8.77486174212335,0.5367232042772336,0.0
599,414.0964537211047,0.16708236788598085,1.186594071002235e-05,109.57275828396796,72265.91702680959,38.92213171084533,12501.201052766259,1.1099158826576356,8.7869941846176,0.5364594357722222,0.0
600,410.64020870938424,0.16834998372228627,1.1353855266791413e-05,109.04219799072908,72389.26872699927,38.93160251144803,12494.754412367764,1.1091906927430897,8.78694577777427,0.536226484408237,0.0
601,416.40409870722533,0.16081944750542354,1.082981177905547e-05,110.76564705139633,72514.31890608418,38.910456235737215,12488.436209740745,1.1002471135055254,8.786810863064415,0.5342270965396526,0.0
602,419.2620123099585,0.1565560037526893,1.0387545411107573e-05,109.08865409166091,72637.83398151107,38.82603031382871,12483.15516472322,1.1055231439802857,8.7863141633502,0.535888495485638,0.0
603,413.76344696054383,0.15988305746630715,9.327351903322331e-06,108.9374191373159,72761.30750890181,38.86006290333206,12476.719873390835,1.098808540246789,8.786044570277925,0.5356881381800082,0.0
604,412.8009551124976,0.16556293344468587,8.903171696713392e-06,110.4136976228724,72886.1651414949,39.021310909782834,12472.266536763173,1.1020115247415072,8.779283846382478,0.5354990791293561,0.0
605,412.520443890445,0.16662738297503898,7.992869490974258e-06,103.73067226586474,73004.12418312329,39.01537691568006,12465.835602365243,1.0754045713961817,8.76835936514129,0.5353122073449297,0.0
606,411.5486119367758,0.1734393340988255,6.7940045197894996e-06,103.76021418554132,73122.03003386447,38.98575404997859,12459.408160769523,1.0855660244703347,8.751836297308511,0.5351219331183237,0.0
607,414.13078310598314,0.17064555296727857,5.485560843744622e-06,103.94699313791108,73240.08326893386,39.24782290329098,12452.98443811956,1.077614359286725,8.702320206134251,0.5349210608927464,0.0
608,411.25486542986306,0.17699036242771893,4.20682315461726e-06,108.76398276256565,73363.1070024814,39.12323987972813,12446.58105793371,1.0828675409757966,8.697947996627555,0.5346667167668596,0.0
609,402.549443720983,0.19144398798968532,2.8655230550159583e-06,111.97903774886191,73489.31498096194,39.15909982000048,12440.181505743427,1.0850284133950885,8.683110832943026,0.5344209897401644,0.0
610,404.5839680626813,0.18671135869570898,1.3805062426177754e-06,111.64828376205917,73614.88667239578,39.49964776733033,12433.785566490344,1.0918331602644578,8.688417218733797,0.5341696770269561,0.0
611,402.51084068115296,0.19076751737206354,0.0,111.09168308985393,73739.98431620323,39.41651155678311,12427.393297729115,1.0934181257140998,8.686155595416025,0.5339395618736532,0.0
612,404.21486608975374,0.1902880001421564,0.0,111.66345571156164,73865.60858304305,39.22679451393295,12421.004741817223,1.107496677143594,8.679474694761595,0.5337196182892596,0.0
613,401.94799058907444,0.1920711246688822,0.0,112.99308118734315,73992.65429718028,39.84037315706071,12414.620083534588,1.0915702660696378,8.666479503472168,0.5335035185566428,0.0
614,406.08109790827746,0.18279054891104685,0.0,112.02383536377826,74118.63197911892,39.46252079573545,12408.222292620878,1.095213214945822,8.64244347443319,0.5332827607284815,0.0
615,407.3601685862121,0.18164656510358657,0.0,110.09199058774976,74242.89307685237,39.83771246953995,12401.782238922411,1.104151021763416,8.615494626409067,0.5330430531227883,0.0
616,408.139017897393,0.1750202313928242,0.0,110.4617735885043,74367.53542845011,39.71055207964901,12395.391835749073,1.0968883904898585,8.591868261500311,0.5327815185312537,0.0
617,407.09567203713095,0.18217272803090834,0.0,114.1939188207031,74496.0318609708,39.60957232765121,12389.02101751207,1.098241129562159,8.57767595656616,0.5325036286809601,0.0
618,408.1525566281746,0.1684267993014844,0.0,-177.74020924080003,74332.48028148632,39.54727849106863,12388.84477334011,1.0952149750656293,9.07808572954486,0.5322226204362889,0.0
619,404.4214257051825,0.17912536802796308,0.0,109.95608582543112,74456.7446607491,39.54678237803218,12389.289298047544,1.093807798983112,8.530296332906081,0.5325389387385732,0.0
620,403.73185304783425,0.18439522721568669,0.0,112.99555415931505,74583.87171785867,39.83264713829695,12388.847390398887,1.0835579196430556,8.47243590050866,0.5321201470837759,0.0
621,404.5308696206419,0.18185943445264185,0.0,112.6500237761922,74710.62148572948,39.73616332969692,12383.44986818874,1.0847617081749437,8.435635967848375,0.531647881063243,0.0
622,402.8622422644437,0.18802740345486546,0.0,111.44436617805688,74836.19748178961,39.94339385436233,12380.023142584378,1.09192543711659,8.375671709917691,0.5311525491144239,0.0
623,399.34348833315687,0.1958053790411961,0.0,113.69307690902899,74963.92385527454,39.81029845540698,12375.605185854898,1.0881725707546044,8.351452691024907,0.530604842981782,0.0
624,396.35719012789656,0.20079712663816263,0.0,109.66785554512893,75087.46454180153,39.492227031582374,12372.509068393116,1.0934072382461544,8.331354910853806,0.5300544370293535,0.0
625,404.7840348679887,0.18655767065173556,0.0,103.34033470408141,75204.56142869178,39.350113895215955,12371.72755244229,1.0513124569512922,8.271570831771493,0.5295068954264892,0.0
626,398.53690682396996,0.20386050746020568,0.0,106.40022580592073,75324.91710189485,39.28667677637384,12370.729690486894,1.0639574809561612,8.248781835490158,0.5289098666283313,0.0
627,401.7218620940284,0.19840158955702858,0.0,110.68376663803932,75449.22157909158,39.65823813642878,12368.133000220814,1.0766516514415652,8.217611240590807,0.528314524745866,0.0
628,396.7659340182427,0.20367148142187153,0.0,112.2646648729676,75575.33314018749,39.55869018913229,12367.595152007341,1.0800832362684096,8.520348075108299,0.5277097643625418,0.212611723264871
629,402.73620995006866,0.1952813429452721,0.0,112.01119218498579,75701.05075856078,39.60877908287616,12365.17760561696,1.0766674869173265,8.60058980569352,0.5275672539248221,0.07076023689599609
630,396.0367522606731,0.2041115539537971,0.0,111.77395878979112,75826.70619388702,39.38415903785671,12358.836125322703,1.085751642917689,8.161650544514455,0.5275176998597452,0.0
631,396.9432989719214,0.2078322899156475,0.0,113.89420656433666,75954.26857956673,39.517588083416605,12352.515013903258,1.0807460319675857,7.938082327058352,0.5268840870021919,0.0
632,389.0689762469464,0.21252324996791372,0.0,112.21800215185098,76080.14340727057,39.437081734854104,12346.196585282742,1.0783080527670466,7.859673010689801,0.5259898666009336,0.0
633,389.292763548114,0.21111174449062742,0.0,112.5191111289725,76206.18839330522,39.89163429638086,12339.86646876939,1.0780046066963729,7.847797523206736,0.5250391673253064,0.0
634,390.05278778184675,0.21569378180972965,0.0,115.04133982846375,76334.7591610501,39.88764616686307,12333.556333787232,1.0859827268618947,7.93828984447686,0.5241223853180115,0.0
635,386.9019179908173,0.2171342474480269,0.0,115.11080916687551,76463.35223975862,39.831247910736934,12327.233285115955,1.0828201283963241,7.876003905371447,0.5233725034721112,0.0
636,389.898574051512,0.21457352504379412,0.0,117.25558616023514,76594.01443580497,40.01034232485263,12320.914051225653,1.0777319617878818,7.942862447626559,0.5225801156032108,0.0
637,396.5023132889171,0.20314326298491336,0.0,111.68837446277259,76719.14107372717,39.89537801162315,12314.598341384786,1.0674013631470038,7.9362619928076334,0.5219172834007016,0.0
638,392.34634703621344,0.20528628458918696,0.0,112.43782230071304,76845.20963526989,39.82687265875924,12308.30283963676,1.0768876599666264,7.931636826576759,0.5212808374503227,0.0
639,395.677631294495,0.19488014843132861,0.0,109.73319707880151,76968.54290273276,39.66806875057107,12301.994462929448,1.0776105965903298,7.921638385887143,0.5206720536632738,0.0
640,395.3104509352157,0.196517837176036,0.0,110.99879423281736,77093.27245677997,39.63703057073143,12295.706321737358,1.0765813204881929,8.373595414120134,0.520082474946358,0.09434416975113535
641,395.21262142788544,0.1952491288373639,0.0,110.56029566023379,77217.53338029073,39.53259898314943,12289.421908312757,1.071941690897545,8.315971532012284,0.5201330562689355,0.12141108386618882
642,388.5573738394454,0.2135590355296787,0.0,110.43736189726249,77341.67578662868,39.49149285875327,12283.124629727516,1.077504921007474,7.8984698246857,0.5201109540871892,0.0
643,389.27874530823203,0.2124912274288956,0.0,112.56601989552458,77467.6266059307,39.354876200102915,12276.84764869759,1.0707560465217383,7.888394028462686,0.5195240771406717,0.0
644,389.1614715029576,0.21183983646542903,0.0,114.11765972857671,77595.18438430407,39.52343598211319,12273.812175753665,1.0681106476004496,7.871743279556261,0.5189552003373928,0.0
645,389.7980451514049,0.20907546543047684,0.0,112.51544330090762,77721.0912649667,39.5553259084477,12269.082343868706,1.0729511337609727,7.874323258056922,0.5183947718698042,0.0
646,387.8317616659446,0.2149111578011439,0.0,115.06368174690384,77849.5742205124,39.8607022952987,12262.810814175973,1.066327238886765,7.872950306197067,0.5178676723740565,0.0
647,387.1655065566525,0.21468799980854913,0.0,113.53231099747636,77976.4004952979,39.64016644615777,12256.542847222052,1.0789940708994463,7.877699711848337,0.5173670260066647,0.0
648,393.7143748438873,0.19599787535263313,0.0,111.13113674465498,78100.8159189929,39.494571995276885,12250.222952150638,1.0703718653877425,8.420219911402393,0.5168995585021348,0.0
649,395.82308378182597,0.18789606861990726,0.0,110.68464895041484,78225.04757172865,39.67169469611722,12243.907776120399,1.0825026636871833,8.804019345973163,0.5171711158732218,0.02406341822477387
650,392.44266023144223,0.20030026108697196,0.0,114.23782363124445,78352.90732597206,39.37508947589117,12237.59625909925,1.0787359920880162,8.31623796556513,0.51793921791447,0.07477530801151744
651,384.59041442174265,0.22425141205334986,0.0,117.93447862927569,78484.38133733682,39.374907146109614,12231.272042435014,1.0796002633893427,7.946589799850414,0.5180361043686974,0.0
652,384.9612883377344,0.22628249982015003,0.0,117.43960121555519,78615.11869675363,39.183491898976754,12224.951565730591,1.0795186709783042,7.924828233304439,0.5176321842193474,0.0
653,390.48927274680904,0.21382785656505965,0.0,115.88811183161765,78744.29702948389,39.19997928350631,12218.634839870041,1.086784109707828,7.891645904097438,0.5172216540936303,0.0
654,382.1867344055212,0.2343848789996551,0.0,119.0802444590114,78876.78417657404,39.65288626817961,12212.32184785768,1.0953255005495217,7.861108805822124,0.5167898243482603,0.0
655,381.92728677364454,0.23411816615827763,0.0,119.89104261883239,79009.80463883939,39.4386989391321,12206.012465985035,1.0836792158964417,7.851624017037058,0.5163412521733048,0.0
656,382.624070117757,0.2210190617577864,0.0,117.23487888600063,79140.16878176264,39.530103225263396,12199.706834422408,1.1045565546557015,8.29094398348034,0.5159044825018172,0.0
657,380.0260282863874,0.22969449561147426,0.0,118.68064074536639,79272.17383020138,39.41990110071822,12193.404998952174,1.0875226326404077,7.8114816200052575,0.5160693908502927,0.0
658,378.7902924155433,0.23408341565287238,0.0,119.10543903481283,79404.48667402197,39.37370603982744,12187.106913732569,1.0876683985316298,7.797957025334675,0.5155968445802982,0.0
659,384.08882881106217,0.22551975850123418,0.0,117.9960244678683,79535.62813089832,39.61832270981442,12181.476566863455,1.0919495229184242,7.422809384026308,0.5151319928357403,0.0
660,373.8604563190271,0.2383365563760873,0.0,-841.4901105743879,78707.37896781963,39.4043857339973,12907.09939863355,1.0323345685720091,7.428343942905566,0.5141986843866093,0.0
661,376.3305062348113,0.23861913123924572,0.0,109.31848630201935,78829.50409059995,39.20431691133086,12900.463709560525,1.0427458756337589,7.4445383014527895,0.5133213918168987,0.0
662,380.14283726519676,0.23142148740218627,0.0,119.69139270092514,78962.08398981733,39.85776961036251,12893.84834794459,1.073092529456815,7.439951153345096,0.5125113278055544,0.0
663,380.8832523421772,0.22498480930749998,0.0,119.12929139059733,79094.21819439095,39.5003056148786,12887.110863499816,1.0756142292541107,8.322061275869768,0.5117377727777559,0.0
664,382.7944056070371,0.22196247991908624,0.0,120.15411977983388,79227.4394984639,39.66757906938852,12880.423857004273,1.0872222172233428,7.863819454017826,0.5121654740422221,0.43556601793245875
665,383.3341188547912,0.22076593039975023,0.0,117.76668927194156,79358.30257645463,39.40111597384587,12873.841187241807,1.0899960522486114,7.810406590944252,0.5120357481989082,0.0
666,375.9908461313461,0.23867219683292729,0.0,119.96321963828461,79491.36225145067,39.628766528406054,12867.172074589073,1.087430340504065,7.797339210023971,0.511778450201182,0.0
667,376.338836828864,0.23789260860691752,0.0,120.0687706078902,79624.2872939905,39.526871733952774,12860.50665593821,1.0865136383772147,7.787118186782493,0.5115186295348378,0.0
668,384.50143067840065,0.22226055077085083,0.0,118.59734434915072,79755.76545518132,39.607393475880365,12853.845151197573,1.0877357347080474,7.7668175589775075,0.5112601577444595,0.0
669,387.01225719402186,0.21331814840441798,0.0,117.20876108031362,79886.06429011082,39.62826129998948,12847.132656376243,1.0728867385187422,8.276864742773505,0.510989705203002,0.0
670,381.61482999327313,0.2173784579035518,0.0,116.05628357250606,80015.29949692535,39.40876819354436,12840.440531557913,1.080679105672618,8.269001447228936,0.5114056245884975,0.0
671,374.98428207194513,0.2299920665179035,0.0,118.52445288103917,80146.91762120262,39.81035650743765,12833.900548848287,1.087437501133795,7.727761949624965,0.5117919128896327,0.0
672,374.72641656201245,0.23264704167479966,0.0,120.35444386559777,80280.21786325297,39.73591016036943,12827.254474761208,1.0915790389132831,7.728743225155595,0.5114483172529051,0.0
673,379.81855068516415,0.21968629021218766,0.0,117.294250566716,80410.41832755307,39.73702094981825,12820.612231299348,1.0758749765066007,7.716285871173917,0.5111250052160933,0.0
674,378.4128069689304,0.2239224179173196,0.0,117.92421523268506,80541.42056230415,39.53419650215005,12813.99007416223,1.0850332415536066,7.731908199073502,0.5108032746977601,0.0
675,375.76826796440747,0.22660172653308686,0.0,117.76173271585319,80672.18963443013,39.53526663321442,12807.355677201702,1.0956377235497634,7.730744961232679,0.5105199897507662,0.0
676,375.8087423488055,0.2296298787558395,0.0,118.48078861446471,80803.63673479875,39.422878581633306,12800.74115197841,1.093047993375987,7.733957393689847,0.5102511284710229,0.0
677,373.1729544716449,0.23359253728556317,0.0,119.35177168464799,80935.91234090073,39.16894923067252,12794.13043210687,1.080646116332119,7.731545481374532,0.5100017203633286,0.0
678,379.29185588821633,0.21659428446583817,0.0,117.61732770518668,81066.40054652603,39.01701532111386,12787.452827720097,1.0800931406618015,8.27270787171968,0.5097633845183636,0.0
679,385.11843585975043,0.2093971923776028,0.0,115.4997875517612,81194.99423132246,39.17500473847516,12780.888598661086,1.098444826308784,7.740232132789533,0.5102507121936284,0.0
680,380.09112741535034,0.21708057811532833,0.0,80.20410743548963,81288.36525499706,38.82479014216262,12774.273547705245,0.9052653332867863,7.736810053749058,0.5100145784342024,0.0
681,386.91153260130176,0.21315878463795646,0.0,112.35155931045912,81413.79539789872,38.68503313391644,12767.678332646025,0.9391920311553288,7.662046791688662,0.5097875016178625,0.0
682,383.70487307256985,0.20494164772406498,0.0,112.34173327554973,81539.29189743794,38.87853902881532,12761.016345530288,1.068284393360224,8.30158891181945,0.5094751646005071,0.0
683,388.8591570418041,0.1992914894404928,0.0,114.78252154810028,81667.26497118219,38.94853754581872,12754.374233836277,1.0753509956170344,8.28271899881866,0.5100216380629978,0.0
684,383.2249978514436,0.20414780874380434,0.0,114.75353843751869,81795.27318810558,38.99449881384175,12747.884260068617,1.0817667199100576,8.250847061234243,0.5105173730693388,0.0
685,383.6523921016019,0.20366542338241056,0.0,115.21318742254212,81923.67683859386,39.04503487806951,12741.303749321929,1.0730648705409511,8.226447536028399,0.5109478059385834,0.0
686,383.4710456430455,0.204242642263314,0.0,115.25242671084634,82052.14350060758,38.97520090217449,12734.71193103977,1.0765851684453327,8.207001563674483,0.5113260456595301,0.0
687,383.4333957576586,0.203861515697208,0.0,116.16545094191723,82181.51658574148,39.08021540798261,12728.13978633847,1.0755417334297157,7.752468535453862,0.5116612275260559,0.0
688,383.8010401722267,0.20161618664228287,0.0,117.05715843215218,82311.7657227983,39.136146762689144,12721.500745832882,1.0668169271958083,8.206437388805265,0.511383090441983,0.0
689,386.52362773095314,0.1984023830229098,0.0,114.99319630897514,82439.96977108237,39.256661158985324,12714.865764133607,1.0731190189874178,8.189265458550725,0.5117178198652755,0.0
690,384.4190292285204,0.20026180793956438,0.0,-1034.3087748794014,81418.89954604123,38.19094829583683,13951.452873255692,1.0806940398431768,8.176083305092716,0.5120146528204059,0.0
691,400.3426753325087,0.13828172319146947,0.0,106.53825552747367,81538.66253291257,38.79969401336206,13944.137512401996,1.0769838618376018,8.156186817020583,0.5122807376370155,0.0
692,399.259145778835,0.14590255229127613,0.0,108.24891639458485,81660.78543953595,38.62085738416949,13936.826438739661,1.0704015885007316,8.131408985533044,0.5125087801300807,0.0
693,404.9001656262825,0.14143507287523172,0.0,106.117934109926,81780.72661700165,38.62841428544722,13929.519649620617,1.0855279569834133,8.12777582796429,0.5120541969171314,0.0
694,400.78938421902166,0.14267468074962675,0.0,108.47209915052659,81903.09061895085,38.62331521018581,13922.217142398567,1.0741108738081973,8.124018558438422,0.5116904267783678,0.0
695,401.29204546953486,0.14127304860521783,0.0,107.04158136489069,82024.0115727114,38.590251167331324,13914.918914428989,1.0736314904653024,8.099398207114282,0.5131187383031892,0.0
696,400.0832202119111,0.14151709673161117,0.0,105.54940469376447,82143.45180545878,38.598801794327116,13907.624963069133,1.0613219392844515,8.098555836121994,0.5132359610806453,0.0
697,401.75269391904146,0.1367631243804588,0.0,106.79961417197536,82264.13685319088,38.76863833632818,13900.335285678018,1.0695376544798374,8.114257783767131,0.5133476694522272,0.0
698,406.5818714533699,0.11974954000142046,0.0,104.14714271086756,82382.20175472522,38.645612075722866,13893.065651599809,1.071305754259775,8.110977615909803,0.5134759005236366,0.0
699,405.7430658260203,0.12433694771144832,0.0,103.12324406264204,82499.41143313037,38.62000829666777,13885.800268864514,1.0699363813570133,8.12041747466475,0.5135948399630138,0.0
700,407.6750783748287,0.11925338882839587,0.0,101.47259618103085,82614.92073878834,38.516289937447496,13878.523362872178,1.0909165698641612,8.117746217208905,0.513721683799472,0.0
701,411.51432134012134,0.11604782697629523,0.0,103.08765549475893,82732.10659118852,38.607704383317255,13871.25072034051,1.0780616044252054,8.091225058786016,0.5138400920555822,0.0
702,410.0460828038451,0.11722892330342194,0.0,103.52782399922373,82849.81073712475,38.64734737364541,13863.997176953833,1.0783665643803835,8.097361462477247,0.51390756635344,0.0
703,407.30259445592753,0.12121533492573489,0.0,104.40380170882126,82968.3727851195,38.65284687327872,13856.73303712657,1.0801749840416932,8.112607195163278,0.5140042438222133,0.0
704,404.405490477205,0.13080734401746286,0.0,104.2459998577904,83086.72986354114,38.39093292536909,13849.473152886672,1.0791284749199803,8.123250103897387,0.5141060250821319,0.0
705,396.75170840555626,0.16260785481493956,0.0,107.72305668178586,83208.46878960771,38.50012799603606,13842.217521607225,1.076403378500596,7.517883065741496,0.5142181234642097,0.0
706,398.71067019232254,0.15680769377579606,0.0,106.73639225737361,83328.98113714627,38.58637073768934,13834.98182510554,1.0892766780246812,8.24087131018419,0.5135295619370102,0.0
707,400.20917892483635,0.15524728233210194,0.0,107.48741473328411,83450.29650205445,38.45279353313137,13827.734674620402,1.0804393535532675,7.582923178991586,0.5138283570638398,0.0
708,401.9978186650408,0.15088917948542724,0.0,106.12995950511824,83570.26391598178,38.57951713902254,13820.491769244505,1.0851946634004488,8.273708516155088,0.5132479002871336,0.0
709,402.5096393287951,0.1494255931462306,0.0,105.02947884108565,83689.17922285185,38.69873008627276,13813.253106357943,1.086975925032123,8.246713336136292,0.5136069785848879,0.0
710,405.5413521211687,0.13530230644613173,0.0,104.73636092895599,83807.82176641132,38.60435400335411,13805.971467025965,1.0833805388440416,8.235972475835716,0.5096418684701405,0.0
711,408.14440436134083,0.12392851561876883,0.0,86.91974309034151,83908.76279758193,38.370279056173516,13798.755997139071,1.0142005347096847,8.26836944358216,0.5113456780663421,0.0
712,398.08852693525114,0.1718759974797729,0.0,93.44037127159412,84016.20542562145,38.37744489076744,13791.53001263515,1.0167649402693353,7.663658158739109,0.5148572165175539,0.0
713,396.62320974383556,0.1753990079644624,0.0,105.37169023228871,84135.1361574014,38.538796079903335,13784.32292150217,1.0528630994972745,7.713720311128772,0.5143383632386042,0.0
714,392.73910162184654,0.18114172455608912,0.0,109.32164988817634,84257.9683888674,38.91019284993023,13777.10538238757,1.0515280137457559,7.729161726873115,0.5139129291565033,0.0
715,394.2463863681633,0.1742905733491279,0.0,108.0638153557104,84379.46436960383,38.81058240298695,13769.907666466785,1.0556260864381102,8.439974382512135,0.5135306599846462,0.0
716,396.8031136742802,0.1667592962887875,0.0,106.80546194107967,84499.74915725098,38.93681778137805,13762.698561310692,1.0626711476128063,7.836025040227268,0.5141042436055906,0.0
717,397.4550700850267,0.1630241335124496,0.0,107.14130725815131,84620.44030008346,39.03797534784283,13755.508357326633,1.064339866862602,8.218124037733938,0.5138557161863657,0.29189779417729156
718,397.95639945294323,0.16235739916831005,0.0,107.30415961403922,84741.32671756386,38.77939521938117,13748.307676751421,1.0646049980396843,8.525339810734021,0.5141675860073497,0.0
719,397.3453057280628,0.16157353384550377,0.0,107.54810557739926,84862.4502674176,38.55830285184188,13741.11121265352,1.0505139749339454,8.570606134063144,0.5148253767590537,0.0
720,397.95452527781765,0.15733899802463336,0.0,106.60725429973246,84982.63968818997,38.782883444119456,13733.918962432157,1.0687939250037999,8.028744820225892,0.5154341738185898,0.0
721,407.1506081213953,0.13378615671065885,0.0,104.48541335923584,85100.7238304416,38.65729866744869,13726.738153943843,1.0578264709452345,8.086066617364406,0.5137826260033991,0.0
722,401.8910045178462,0.13988440305085448,0.0,106.892086527202,85221.54077701796,39.00554375573479,13719.569833436293,1.0560077845910443,8.110474668265464,0.5153266655656444,0.0
723,404.0037875796563,0.13474345485982497,0.0,106.02264630496413,85341.33013929671,38.875222252365276,13712.405701952655,1.0633003815136262,8.711886876016846,0.5153088747013901,0.0
724,404.2001700692693,0.1370657539107868,0.0,104.42902127873856,85459.56851821777,38.942976645900906,13705.245756917877,1.0567626418172675,8.167399794437749,0.5160845570185779,0.0
725,403.4264023613417,0.13921662871321916,0.0,103.6779601670907,85577.04342412802,38.6667460633852,13698.027215835262,1.0685443441994977,8.702584630403674,0.5161060942932506,0.0
726,406.0929180562668,0.1314836444904448,0.0,104.00405786545889,85695.08491485326,38.77170663022588,13690.87563597989,1.0710823003023446,8.222300035785771,0.5147521932177048,0.025871117429822732
727,405.166367037552,0.13350172400836136,0.0,103.80252063176022,85813.01557640533,38.681064869371,13683.72823485849,1.0766833686991955,8.710140635840476,0.5153583552086252,0.0
728,407.14411926500185,0.1286646306202811,0.0,103.52507044828441,85930.64659776974,38.295449835136786,13676.58500990286,1.0751310492822321,8.684854766800376,0.5173590843886008,0.0
729,407.4842452904971,0.1275285054448575,0.0,103.0422974875344,86047.84270667279,38.29091633932309,13669.445958546501,1.0713436044219409,8.678316522066648,0.5184170423807158,0.0
730,398.1332905465717,0.09948053373563803,0.0,102.92902306583737,86164.93090180993,38.207992726068156,13662.311078224628,1.0513759672139065,8.252666846505692,0.5063989409822097,0.0
731,397.18940076195014,0.10342288119305931,0.0,103.80485038583252,86282.64186869423,38.26826906131001,13655.180366374156,1.0502956545711695,8.24866098528619,0.5068270975501828,0.0
732,396.28629004746784,0.09806605684176872,0.0,101.7582048571474,86398.23201635969,38.19174547874807,13648.053820433715,1.0565902920217785,8.645720071928755,0.5202231140656058,0.0
733,395.776564789068,0.10021135856171792,0.0,102.3155825407616,86514.32427180317,38.29466989655759,13640.93143784363,1.0520026022158793,8.22467207061432,0.5206759407789117,0.0
734,395.8192979845294,0.09560560998562351,0.0,103.47511890677771,86631.54440618028,38.18231138567133,13633.813216045935,1.0551152307196627,8.59200993534258,0.5205531673049144,0.0
735,395.1362361989906,0.09635132719026263,0.0,103.38110660519774,86748.6885871636,38.122737142645704,13626.636441618928,1.0595039398789066,8.572312634455916,0.520921045824286,0.0
736,391.4860145844431,0.10506726843482472,0.0,104.77707416782637,86867.2063813385,38.256622942045546,13620.60547202144,1.0459228656990711,8.599443392459944,0.5212456284776423,0.0
737,395.39692694176233,0.09868057763521021,0.0,103.01887730579554,86983.88069716831,38.21615891385691,13613.498530438008,1.0512079442702056,8.203197923954125,0.5215906965291748,0.0
738,394.39246163265966,0.10093576042248764,0.0,103.78035598784774,87101.41541902078,38.19760509968212,13606.395740737618,1.0471080531949224,8.398357598587655,0.521398193947138,0.11942910486611424
739,395.95556520810055,0.09444637104132014,0.0,101.96564404170493,87217.08762322496,38.16090450948077,13600.032748995238,1.051895100727356,8.225376330184178,0.515739672095002,0.0
740,396.33499485116596,0.08830426186422713,0.0,100.77247769959139,87331.59267372212,38.25024347879476,13592.937446196413,1.052378980220223,8.212758407892448,0.5149532772991775,0.0
741,396.8925529379951,0.08839827523671628,0.0,102.4263230129956,87447.77969112805,38.21430175912311,13585.846288523131,1.0484777129176588,8.493350083496805,0.5173966969275181,0.0
742,398.2468911893489,0.09104237689589245,0.0,103.65052091268878,87565.20642515403,38.158663821402506,13578.759273428592,1.0439311146879406,8.47959471552481,0.5055636231465204,0.0
743,400.2823030486232,0.08866545838071671,0.0,101.40818036787739,87680.33236053649,38.326596565874205,13571.67639836769,1.0535364328150056,8.457015719547604,0.5049301523499911,0.0
744,398.73425919646644,0.08798767496139559,0.0,102.06025526032859,87796.14205938921,38.25747850201856,13564.597660797017,1.054026226311103,8.436829456616843,0.5035760426394993,0.0
745,399.95130817652426,0.08644545244566215,0.0,101.52358600214407,87911.37577997302,38.17574817414037,13558.12489694245,1.0538285561350185,8.199235943478277,0.5048308386795867,0.0
746,397.5524015751987,0.09526677549184537,0.0,101.1613452642811,88026.26204016047,38.27463992146076,13552.075312639532,1.0527796706635808,8.18211973003306,0.5143752979023896,0.0
747,397.4181980098694,0.09669317387389964,0.0,100.89067588797181,88140.84088775418,38.29628401853809,13545.032045228058,1.0596789667582738,8.173560772877096,0.5133168161413749,0.0
748,398.3365565169089,0.09225536007261337,0.0,95.80353757213155,88250.32020340691,38.27559058219606,13538.935370632538,1.022631465140427,8.179051585936707,0.5137481269126294,0.0
749,399.05980945446754,0.08803169978159109,0.0,100.61877685420659,88364.6385550775,38.27091649154483,13532.766542539335,1.0486237582030942,8.187101316269798,0.5133408168333625,0.0
750,400.93210790930743,0.07817271283903182,0.0,98.46369563114074,88476.79841009856,38.251684351585844,13525.708725937291,1.0517936624112412,8.377750239881472,0.5110558749726755,0.0
751,400.88050676199254,0.07477783686742634,0.0,100.10134598144708,88590.58456545955,38.609598868493094,13518.655033304618,1.0446465682127142,8.360019285693314,0.5253859852428777,0.0
752,397.5209215292862,0.0834390995202886,0.0,100.56291229852177,88704.82067649977,38.69829074214624,13511.633967424363,1.049784245873874,8.191567762615916,0.5254040200623387,0.0
753,395.95322073561795,0.0881413973173325,0.0,100.8671997146724,88819.27311289505,38.72410406399058,13504.588483772563,1.049427753055437,8.346863147933067,0.5213179195024416,0.0
754,397.1957989999297,0.0859751215851835,0.0,102.18351833299425,88934.98108140935,38.69024377209794,13497.547116525973,1.0518230198878662,8.26848657303544,0.5266159416077011,0.06709811544282118
755,395.9100447941713,0.08959929931902233,0.0,101.6294950171606,89050.16366818057,38.91754625548054,13490.509863155048,1.0551486648468116,8.17932354895132,0.5262873395574058,0.0
756,398.0089646421249,0.07569870867861472,0.0,92.61139408903212,89156.29806089497,38.52707454104865,13484.234896212442,1.017976619560419,8.315619480149804,0.5258488737766369,0.00781647538555319
757,393.93464743375074,0.08768141890737302,0.0,101.16364510264732,89271.03727966713,38.80838214399635,13478.052852128265,1.0450429693570007,8.192185638280431,0.5110831072996445,0.0
758,393.5669043045608,0.0873147856562283,0.0,102.40050482289226,89386.9824979892,38.78551555898564,13470.963517659742,1.049624850786286,8.182221207940481,0.5254930123315916,0.0
759,396.20820114926215,0.08412582304843796,0.0,101.13204882057886,89501.65877492129,38.639557081636056,13463.940930791232,1.03837696652535,8.18773794308916,0.5240495632596229,0.0
760,397.8979445797552,0.08328539518741274,0.0,100.51179301477843,89615.65654794444,38.62496482299202,13456.922447115965,1.0408317666657467,8.202393337911847,0.5252523394336398,0.0
761,397.86463245110303,0.0825674862404504,0.0,98.73271015821396,89727.85203519126,38.54132117432921,13450.198132949678,1.0486456393077914,7.988624031209027,0.5231276542142563,0.0
762,395.10271450925205,0.08983133915403285,0.0,101.93660222461975,89843.26162440225,38.713466088647685,13443.336622363318,1.0507176523313528,8.00111625452251,0.5215388618348392,0.0
763,390.8606323032003,0.10827568854785907,0.0,102.66385407487326,89959.37354657134,38.74062442831086,13437.12749611475,1.0521212566600735,8.053935629470418,0.523949581340835,0.057615946309901744
764,392.0904777924893,0.10561242246405056,0.0,105.08093593097253,90077.76060624344,38.81096467431286,13430.124040516517,1.0472669019764607,8.002016856879138,0.5227231364476885,0.0
765,397.40632651195915,0.08804100818581717,0.0,102.99485447870619,90194.09057112558,38.85122078093456,13423.116294112768,1.051531921019656,8.040770364314087,0.5224031756905857,0.0661850581933372
766,397.39839589804706,0.08907071223454444,0.0,103.93776188226798,90311.55551609928,38.771577546321915,13416.121020194547,1.0444108631204612,8.036357088616036,0.521497082083836,0.06086868347948382
767,396.1643732817563,0.09006633385419216,0.0,102.22010975333336,90427.2656824412,39.12446021748418,13409.1298333457,1.0542283570862423,8.026984605533121,0.5222277544214297,0.0
768,401.32711750259455,0.0816061054143663,0.0,99.12125931513873,90539.84045034387,38.940756512041666,13402.080167298485,1.054934637390493,8.032614194153902,0.5201585446016734,0.0
769,397.7921257687865,0.0933680341052241,0.0,101.15814554093897,90654.54368689502,39.09855498253652,13395.0346521194,1.0544766714461955,8.070587375986305,0.5203680955369665,0.0
770,395.5163199013097,0.10374881424004334,0.0,102.63137388592745,90770.60231945867,39.10832501878662,13388.05571141622,1.050132225309851,8.047915206780822,0.521226706464496,0.0
771,391.31196914806895,0.11436720532325273,0.0,104.9525511768684,90888.86049075975,39.01678599671063,13381.330092635237,1.049191797042823,8.071516387191341,0.5197014444932079,0.05283964530017471
772,394.8193823414059,0.10991603526414806,0.0,104.33668179650246,91006.41085743468,38.849815969350125,13374.29660313278,1.0539940268329653,8.059680350645122,0.5182399984525282,0.0
773,396.34741244719356,0.10593240844074958,0.0,102.9043728583537,91122.57951268762,38.97063950035963,13367.329612148846,1.0520815754074995,8.081728314514015,0.5204877699416326,0.0
774,395.45164045912014,0.1086021777852394,0.0,75.21374691618843,91211.09050515988,38.78758048629235,13360.36669098993,0.918887497185715,8.107399565909375,0.5193991134509633,0.3209225555299895
775,394.25348446862273,0.1104906639757477,0.0,102.4753801297503,91326.82792944064,38.72943139992001,13353.407837155848,1.0444546750258872,8.101451169633025,0.5167438174727064,0.26795450552656064
776,396.8671625852424,0.10183079105971216,0.0,101.11896223717424,91441.17881166277,38.918534115240156,13346.494953557398,1.0549795439833545,8.129839831765766,0.5171820819518786,0.0
777,398.61654475916777,0.09900026198153344,0.0,101.43696664979814,91555.90055041487,38.831375466549154,13339.481823260296,1.042303190866168,9.085924449322851,0.5188783185421806,0.0
778,400.659016239131,0.09686314603185342,0.0,102.78919313523518,91672.00753022337,38.782416268381795,13332.472821441439,1.0391921322830235,9.069571910921068,0.5171241306686535,0.03504524353062166
779,401.38592236254965,0.09314406378702267,0.0,101.97448637366816,91787.32674236834,38.83750188776793,13325.530165943534,1.0409663011159507,8.3651608190115,0.5121771403287144,0.689423342879941
780,399.93206095996646,0.09518751938449233,0.0,103.33327207637899,91904.0026070828,38.844046427238595,13319.188566869965,1.0469828458725854,8.530550274659372,0.5124757345601416,0.803583512718447
781,399.23584630625135,0.0944413423043664,0.0,101.90604825095188,92019.15978194578,38.88153636670366,13312.739394771832,1.0389639383837965,8.414407010324798,0.5190818777058519,0.967480172996428
782,399.6107548298019,0.09375914886992254,0.0,102.23021962067406,92134.62147276712,38.89207632954296,13305.807637445245,1.0393328878827985,8.492835202890442,0.5177437888271629,0.5478475294345131
783,398.25978898470703,0.10013211942230615,0.0,104.05874077825597,92251.91860529999,38.90666127779654,13299.056217617675,1.0331743581032113,8.531577081407564,0.5167146266597715,0.810218647231757
784,396.7588906072404,0.09937737946670033,0.0,100.5900496481471,92365.68002119467,38.82330328994632,13292.092658173171,1.0456519565754214,8.46444613499953,0.5234045234957512,0.5855298958035426
785,396.6190632861491,0.0988192516546863,0.0,100.59376401966631,92479.4261338445,38.900452102543866,13285.13318646218,1.0396413995720553,8.286977181916223,0.5248592797433418,0.0
786,399.40414848169695,0.0920602199733902,0.0,101.5440318269994,92594.11565190657,38.87676816822007,13278.239815263065,1.0368355247439462,8.706452140769704,0.5250799768092149,0.351929497112188
787,397.13071688555135,0.09899515530684755,0.0,99.89631939858691,92707.2236091881,38.759149288017205,13271.328009900026,1.0471537775957034,8.374006490111974,0.5259287772305148,0.0
788,398.8507172429054,0.09433844985664264,0.0,101.5312985202627,92821.90088346714,38.90996816784611,13264.420241231872,1.0334943900558906,8.386812962800727,0.5249283876003018,0.0
789,398.4745221323453,0.0943379197061538,0.0,102.64258036507154,92937.74236962729,38.84961771591205,13257.516506779695,1.0277414546067445,8.382399702413135,0.5257288413758204,0.0
790,399.79486059739025,0.09205005424935431,0.0,99.95243332938098,93050.90038154111,38.853189320128045,13250.616804066241,1.0424928610799489,7.860472310073912,0.5252334484833338,0.5248514457025557
791,392.52359184365486,0.13399489394316777,0.0,106.38516567981875,93170.49558458432,38.807338288194636,13243.7211306159,1.034987063278586,7.209734129644243,0.5249246192892522,1.5073583775608945
792,384.1095437403517,0.1699087750966365,0.0,104.59180780519095,93288.00570366504,39.03989740896358,13236.789794067152,1.0142892699528356,7.298952144003036,0.523538927417912,2.225596830250339
793,351.74849426621546,0.2805918758950249,0.0,116.8106989278669,93417.45093810422,39.01668360224241,13229.902147164825,0.9963140775126059,6.874874880337875,0.5224483323610231,0.0
794,358.7794866651848,0.2563155532653282,0.0,119.75240651625553,93548.71927418414,38.97171338654805,13223.04082300031,1.0338357094533042,6.991658261365678,0.5205208436999682,0.0
795,367.9912195457784,0.22990666280206018,0.0,115.49493257695319,93675.9419109665,38.9806895421282,13216.1611928443,1.0298627506722582,7.132418691267918,0.5188451473430601,0.0
796,364.69636742555645,0.23866271021914276,0.0,121.0955886137709,93809.12592548969,39.334789411153515,13209.243265600895,1.0417196014541574,7.192026955772971,0.5174401253957103,0.0
797,358.24484484678663,0.24568306214249613,0.0,120.3010506752138,93941.33325009595,39.518745500279415,13202.393918736125,1.0458393778298432,7.24151895392286,0.5161853898085951,0.0
798,355.39234159346967,0.24595678148538758,0.0,121.07558457919353,94074.12789783425,39.61161355756016,13195.464407050415,1.0358754862623283,7.265619817045136,0.5150600766362459,0.0
799,356.5417648700828,0.24124249330100467,0.0,120.69139628290701,94206.5402993957,39.5912547964257,13188.561200406082,1.0409201205540037,7.28286742879633,0.5140242747816779,0.0
800,355.88605428227237,0.23809870016541657,0.0,117.45716068379005,94335.77706834627,39.742614377942985,13181.701581553341,1.0363946166534053,7.298924218210583,0.5130644726116093,0.0
801,358.7554105467954,0.23337994013373775,0.0,118.40671406494968,94466.01279080092,39.446621799146385,13174.868170307955,1.0392709752924676,7.322285166085954,0.512175287809664,0.0
802,355.1514374240741,0.23427863767315404,0.0,119.25844248930385,94597.10698077727,39.419317641324746,13168.016533983779,1.0351904681018738,7.3542759755032385,0.5113627842858643,0.0
803,360.0549119936333,0.2189608876768675,0.0,100.6052991508362,94709.53130351836,39.24632066455718,13161.168897477439,0.9835775065582868,7.4455788450060325,0.5106344627863999,0.0
804,362.57363432095127,0.20804636617309602,0.0,113.76492195670683,94835.23925864998,39.05364912489709,13154.347412417583,1.026528512743923,7.585930722051955,0.5100641238832159,0.0
805,365.74591124036465,0.19494520918463454,0.0,113.61317187186219,94960.90713301902,39.174326041256826,13147.475203322992,1.0341190147623072,7.716144525425749,0.509708341759664,0.0
806,366.2952584397028,0.19076896421195755,0.0,112.2412744011761,95085.34211107492,39.06158372071068,13140.661656920855,1.037526234427082,7.757605602876655,0.509542964927462,0.0
807,366.0134202806529,0.19050224853442332,0.0,113.93450512446407,95211.50031474746,39.12856659584304,13133.79037193505,1.0316779802364509,7.753132437768483,0.5094416267063734,0.0
808,366.38954028087585,0.18724344254586933,0.0,107.64159676125519,95331.38283312722,39.09335818830868,13126.957110624135,1.0013923009151235,7.758772782065681,0.5093406636987018,0.0
809,369.35978641091833,0.1791610453785153,0.0,105.61988387112814,95449.20685352506,39.178825454598034,13120.155454041591,0.9917750948640731,7.846861775953476,0.5092533609449723,0.0
810,372.04718767896856,0.16619341339353144,0.0,108.61643174718128,95570.11729242266,38.95233109742243,13823.202783604309,1.0158508768509775,7.95343981093466,0.509287500744735,0.0
811,373.8795383260171,0.15729092142725065,0.0,105.53722819627737,95688.04353159918,39.09779642786376,13815.996472627108,1.0336830358584972,8.072594733750062,0.509461281078282,0.0
812,379.0291149690617,0.14677069586579738,0.0,104.70775800778375,95805.21591890191,39.064782657646674,13808.73274835677,1.028855865276663,8.081487104195633,0.5097842013707036,0.0
813,373.43407406617035,0.15706010272837156,0.0,109.51714123616071,95927.30526586449,39.16299139020924,13806.432561817566,1.018641926427274,8.299989604464756,0.510103666164656,0.0
814,374.80303364777535,0.15331850714606665,0.0,105.04801190481126,96044.83863282367,39.002555684749424,13799.481723241917,1.0158237680821236,8.257022461530987,0.5101521584431703,0.0
815,377.634874254882,0.14724557667774052,0.0,107.43844113325939,96164.82569636415,39.0463051862909,13792.224974792436,1.0163639865765297,8.228420202802846,0.5097372937389365,0.0
816,381.39354363337077,0.14276304824589048,0.0,-27.800629004448282,96149.70462599641,38.84551120937793,13785.033953270075,1.0202252757976071,8.227230148840613,0.5105677369637366,0.0
817,380.51788298044033,0.14210371873491223,0.0,106.48678414375881,96268.92116576897,38.7598698473336,13779.061904933742,1.0248547055037853,8.212125234075705,0.5116071002818009,0.0
818,377.3764683941237,0.1428929950708766,0.0,105.4308564206571,96387.10394747742,39.049586933923806,13772.582544040653,1.028469618608979,8.216902203700888,0.5120777337652147,0.0
819,377.7613580829871,0.14000145623730453,0.0,105.45369470325737,96505.26555567743,38.89177556184918,13765.401963387236,1.0241508772546786,8.21675725181613,0.5127857853641908,0.0
820,377.87048776039336,0.13990590971895422,0.0,105.775840544426,96623.79148085786,38.790282654132156,13758.225563530952,1.0316112073526045,8.235963876182511,0.5130627522543633,0.0
821,380.0366766868956,0.1336576399927858,0.0,104.69177205252512,96741.23187988221,38.9908393037682,13752.068774462776,1.015652411911853,8.123659396785541,0.5133520541711175,0.11413356635912564
822,382.4991667923525,0.13114164671871487,0.0,106.1301097102394,96860.20984380516,38.936863247275454,13747.899937196797,1.0294270104102554,8.119091620717706,0.5134971536294153,0.1141818585897667
823,374.9003492798168,0.1418933315060873,0.0,107.97473310260538,96981.04753913515,38.87951445713551,13742.392400245322,1.0234539970785181,8.281097850341085,0.513629891403502,0.5859296264439102
824,375.97022918159024,0.13984794349261787,0.0,101.95096471666764,97095.73216245849,38.79042651288554,13737.679549787244,1.0278144271810903,8.361839745884248,0.514040773076065,0.5144931371144352
825,373.8948566772121,0.14620519973586765,0.0,105.4779684814547,97213.95912022408,38.92519787413641,13732.543077155424,1.0308530272043266,8.14573738806223,0.5145271555058366,0.11284416158933652
826,372.8715700484158,0.1477153204011773,0.0,108.76056398802028,97335.41804717589,38.91764284262652,13725.383267528165,1.0252910221638896,8.274594943939857,0.5146451960286171,0.0
827,373.9946939326549,0.14497223322565445,0.0,105.7163481403031,97453.80753010449,38.84279299821903,13719.973611169054,1.0263271793569244,8.163747892534209,0.5137898204147343,0.8970142526636948
828,376.1117408796722,0.1394767858297491,0.0,83.30878338515092,97549.79907637266,38.9518161794798,13715.008047321297,0.9229997828242145,8.179413252077858,0.5152087462002627,0.10874940033541591
829,375.97944692895084,0.13879247166212427,0.0,100.69525236979518,97663.22182030621,38.73339255313647,13709.943186447963,1.0264843319409238,8.275571309291298,0.5153385408641418,0.10399732504701475
830,378.0049215447676,0.1344150993312645,0.0,107.05277611234189,97783.01136383081,38.86289448219357,13704.745284193414,1.0124718919356426,8.304505532371728,0.5154372386396642,0.10454079090706259
831,378.1637735542934,0.13639103596964608,0.0,104.76689838822648,97900.5425939279,38.9418447936684,13698.591828600554,1.0147738597041787,8.327666122062585,0.5158724467749453,0.1018536354055648
832,377.9228244743842,0.1366384893475463,0.0,104.27625494948217,98017.56130154971,38.855509517369036,13691.699754862997,1.0218165046115382,8.337500116140072,0.5161654829387496,0.10464154310799145
833,374.7248601811497,0.14320956332703128,0.0,103.11955105084455,98133.41496940446,38.84712673040624,13685.120704454268,1.0216435063854672,8.34503066452116,0.5164579812086105,0.10458230914099076
834,372.9260845251662,0.1477609230425041,0.0,104.6712597389717,98250.74959771689,38.84916960722191,13679.069228075548,1.0217736063126164,8.350457232008408,0.5154995192727767,0.1046804366668681
835,373.91697488023,0.14408747584426718,0.0,105.17747404720852,98368.53318602739,38.881354620479684,13671.93491342221,1.028257506954541,8.519163123737712,0.5151769628534553,1.243303534594851
836,372.60211703177185,0.14691728094582246,0.0,99.88958511397195,98481.06317171021,38.684064707729796,13665.129732229298,0.9980038905780636,8.472416236176132,0.5175624633451975,0.5401757838742647
837,377.9361242379856,0.14474778478135286,0.0,102.58935393263,98596.25649848029,38.79438197286594,13658.27435933843,0.9994771572354936,8.35224760513234,0.5183124167973683,0.1027759880735104
838,378.8683259163858,0.13318345219700933,0.0,100.29373749707581,98709.25324271798,38.656187370360755,13651.915966219492,1.0221291492082698,8.49283658528006,0.5185193144175069,0.10075809470480834
839,379.42802862086205,0.13311323281460186,0.0,102.14657331907797,98824.17006273114,38.86163609158183,13644.818419433892,1.0142930879251582,8.588660105205728,0.5187012946267319,0.0
840,379.33442621226527,0.1317193458386473,0.0,-882.8859722012853,97954.04014638462,38.88362097624321,16061.69508192237,1.0079121047960444,8.565443486369894,0.5193857147267642,1.2711403139191404
841,381.95313118575194,0.12913288597074934,0.0,102.04743081762692,98068.88028555142,38.81460482300558,16053.211098028476,1.0211738526602245,8.580194446244064,0.5199966728395826,0.0
842,380.80030514732687,0.13280811867927855,0.0,103.75186939358333,98185.44863818791,38.88205131010594,16045.301507816994,1.0219027906937364,8.49859420216261,0.5204058042858015,0.09325207017572623
843,383.14416254219043,0.12757090943499239,0.0,105.7576489158983,98303.99456040969,38.85253970382874,16036.887870733668,1.0158160199483013,8.503201810606164,0.520701757498424,0.06273324217161402
844,382.574317845431,0.1329740632350338,0.0,103.32587850902915,98420.21618497165,38.85973825992615,16028.844086159297,1.0126050151229253,8.40639982547808,0.5210617864558625,0.0903242305686156
845,382.8974991442223,0.13153038545128348,0.0,105.54002991354128,98538.57247544553,38.77674779479108,16020.44303739149,1.0108244596401919,8.402368130552935,0.5213784908316564,0.09037382953839312
846,382.77855801465165,0.13159497451034885,0.0,103.81124914733032,98655.18422040144,38.85995545304111,16012.499399624558,1.0136159001057743,8.401694385476777,0.5215774040908224,0.09076121672585202
847,380.50827225691836,0.13952323954924273,0.0,104.25822276999781,98772.23087076902,38.95553264624971,16004.021434328732,1.0109590205612837,8.630588477257145,0.5217662016974781,0.37453716424281325
848,379.1951146309856,0.13977740108472492,0.0,105.24334186069989,98890.19412796978,38.81518155215166,15995.570003403707,1.0038526571646031,8.586598328968682,0.5222899136882126,0.4170049358124466
849,378.665938971599,0.13390491115236947,0.0,104.15596175403914,99007.03316578355,38.81642131125555,15987.184335169062,1.015224147787642,8.49240021727355,0.5227362940451997,0.0
850,379.476553601095,0.1308847729715079,0.0,103.80647544875447,99123.56589071208,38.84876538788001,15978.7819039782,1.011073612866921,8.501786365520694,0.5229742504346054,0.0
851,378.24253664275545,0.13371168466817263,0.0,106.83404360819561,99243.1493223232,38.90557132509922,15970.384330998055,0.9962640692667558,8.495229666585479,0.523213308423625,0.0
852,376.71205135192986,0.13820487512504986,0.0,104.54188435971221,99360.41066429645,38.892468892929145,15961.930757889202,1.011862213614599,8.504711541429657,0.5222021449673677,0.0
853,379.52705316738974,0.13053495388055192,0.0,103.94921496435263,99477.00015981666,38.87418494401021,15953.542892534657,1.010418837454956,8.49797958670794,0.5237152285385678,0.0
854,384.5107098367515,0.124904581040304,0.0,101.78819792395885,99591.5146215201,38.85283057454536,15945.159876598796,1.0096787371919322,8.500565210189887,0.523990898144434,0.0
855,380.62350676947835,0.1295943701182639,0.0,103.5450708636333,99707.842833605,38.843857247782374,15936.720918688834,1.0053683066363135,8.514554879867031,0.5242567902807529,0.0
856,384.6008387891225,0.12480679124846494,0.0,105.32128203703847,99825.89650960742,38.955977844342094,15928.347592811588,1.002321772802947,8.59303403053625,0.5245283937100592,0.41094999603146576
857,384.9702129411518,0.12353505333952386,0.0,104.40074379469712,99943.06932265383,38.87048313564476,15919.918385979472,1.0099053219565008,8.521140415634893,0.5249518839984012,0.0
858,384.9980227290099,0.11349476297347394,0.0,101.477846757062,100057.32267218894,38.781818598384056,15911.515494625977,1.0193802438035486,8.608188824845326,0.5251982960307279,0.0
859,383.64145878007554,0.11394829263637352,0.0,94.47595521857858,100164.66512992431,38.45177041170027,15903.096070281581,1.0082028403347836,8.632270300564766,0.5255474951812782,0.0
860,386.5213608589921,0.1041386440856037,0.0,101.58018593327628,100279.09058173292,38.39230994326886,15894.68154449578,1.0194734011041013,8.715956840638961,0.5258347021242563,0.0
861,387.7528008590268,0.10304076338954726,0.0,102.59656806078873,100394.81690152184,38.43218340332189,15886.293278163832,1.018518238972784,8.731324560825104,0.5262181989830998,0.0
862,389.6160619805928,0.09498132881807109,0.0,99.06321424302403,100507.00468788698,38.32771387843027,15877.948905394025,1.028000428482315,8.83668583575906,0.5266032380655455,0.0
863,389.3226673266024,0.09546469093849952,0.0,101.67672323141203,100621.88345302212,38.47838098873611,15869.609355820752,1.0129777116107743,8.82999143792702,0.5271081310497514,0.0
864,392.88176738078107,0.09168377269295291,0.0,98.63231774383397,100733.697506027,38.30389271045739,15861.235555079806,1.0374449083068307,8.903041212979156,0.5275793977507794,0.0
865,389.77290716621354,0.09722553351057495,0.0,101.36292076127764,100848.28277727313,38.345319890623024,15852.86661469602,1.018332800301268,8.9225846223585,0.5281236366317225,0.0
866,391.6733674238565,0.09195879165839005,0.0,101.39022800800778,100962.85343075027,38.44047618238013,15844.502531715958,1.0177855352672571,8.914646020145996,0.528666760345289,0.0
867,393.03104283710104,0.08925854351859708,0.0,96.71107576916853,101072.79148893066,38.373057944638475,15836.182175579925,1.0343049617069486,8.998957752541926,0.5291726554670925,0.0
868,392.6753156336968,0.09194463430806854,0.0,96.69521462201556,101182.73858607704,38.3399955354596,15827.806438885651,1.0176099291477063,9.010028415505424,0.5295871232955948,0.0
869,395.9286478501275,0.08843750755100255,0.0,96.33165303089164,101292.26442331052,38.30231034989662,15819.495697335025,1.029308520293723,9.056818166268002,0.5296356824490923,0.0
870,394.34677521464573,0.0910718334066879,0.0,-889.1793991040079,100416.31943897872,38.37379509860632,16584.82880366366,1.0132162294937814,9.115444374355073,0.5297797022909075,0.3856592034064086
871,393.59523691073343,0.08944428388972703,0.0,97.12800927994067,100526.63712505474,38.381192788497785,16576.12339858412,1.0209735943391989,9.154356839738238,0.5314627895027305,0.3928062847891418
872,393.1085915491528,0.08987420129285595,0.0,96.2780783674169,100636.11908023516,38.20287744912659,16567.423001330193,1.035327719449121,9.232833289126527,0.5320511478652947,0.38378559058058315
873,394.7510916337655,0.08713398702157771,0.0,96.97282398894754,100746.2475023124,38.31520241917721,16558.64623917173,1.0154001017457137,9.163529789285443,0.5308328737250729,0.0
874,392.5654836823201,0.09609196571179912,0.0,96.67457983416901,100856.12997810134,38.28650783587082,16549.934625312824,1.0284009481449277,9.270657301177957,0.5318858224103541,0.39030663316583514
875,398.6906584348454,0.08646415239607419,0.0,93.99597305189916,100963.24943447934,38.235428339410554,16541.18917660891,1.0329535122422668,9.302560281861574,0.5318143221237456,0.4016476037701402
876,396.19253363553213,0.0853519187488525,0.0,96.79241149830828,101073.26243504809,38.33803653511493,16532.448789820162,1.0211747229964403,9.295972410341161,0.5311960736228453,0.4069281638564348
877,397.0391047708399,0.08312475391694052,0.0,94.88350757226068,101181.37661747179,38.18102963642082,16523.692261961343,1.0296968455212006,9.365074876184861,0.5305133648484482,0.0
878,398.19701695517585,0.08075463611098788,0.0,92.50751105615392,101287.1394968867,38.112566642965454,16514.940813217272,1.034499577741132,9.470177976181343,0.5307025001562363,0.3823745682507962
879,402.1865110101457,0.07908202265001185,0.0,95.40839953506791,101395.82016011105,38.1585782841022,16506.254233647807,1.02179301187393,9.515460815373086,0.531138795375406,0.4011405462091311
880,400.51358003453333,0.08060845520879378,0.0,94.14103646581725,101503.26257177959,38.12340523039493,16497.533998155533,1.0291260081692646,9.612640275732996,0.5315868274183838,0.355757812171543
881,398.187634229439,0.07900980867593432,0.0,95.61366659679045,101612.13628560258,38.30684985870975,16488.878536735072,1.0097966065412065,9.561749455815669,0.5350187663463933,0.3918792995299434
882,401.04692374136863,0.07228540110714576,0.0,94.4962091072874,101719.89372089201,38.15608115567493,16480.22805326476,1.0256116250354945,9.619166647645242,0.5366941690908628,0.37416451601606937
883,402.08547328710415,0.06977412960907314,0.0,92.25939359416641,101825.50668769088,38.15818590595865,16471.5228173973,1.0438673097973077,10.247213709917313,0.5364965182007608,0.3707564127253029
884,401.3255504231348,0.0702609374783737,0.0,95.64848882073787,101934.53133303416,38.236695057922965,16462.86115085674,1.010015204164897,9.793914313806118,0.5401340488010936,0.35694487138886544
885,405.19690272927954,0.06243744650375849,0.0,81.15933312390632,102029.05327803928,38.13104565798152,16454.144814913754,1.0786071790670295,10.547604807961333,0.5376321182985594,0.3879020155124344
886,401.7426213331718,0.06969085796007835,0.0,96.30630414199919,102138.8861743137,38.22720171398392,16445.493129911676,1.0124825748670836,10.07851586389373,0.5375203347832012,0.34443192238327924
887,404.4118367799416,0.06473852206999353,0.0,84.41322494312391,102236.67497108011,37.9828924496999,16436.786835143062,1.0865481585860457,10.875454789514839,0.5415616767102209,0.0
888,402.49280647445516,0.06913541654709332,0.0,92.78252696525725,102342.91755156968,38.19736518526459,16428.085589212777,1.0204670627811872,10.38411652275053,0.5420383285619281,0.3518754231331691
889,403.4377454546044,0.06993287160159578,0.0,95.80506301814404,102452.12895201375,38.291765382420365,16419.389389057542,1.0154123761015483,10.332824943977167,0.5452335785398797,0.0
890,411.6099843322936,0.05325435996570582,0.0,82.29887633818448,102547.87377753045,37.976325036217425,16410.69823161608,1.0975047503156856,11.12564812639257,0.5464485245639686,0.0
891,407.7700292402507,0.06315871582676391,0.0,94.37211568731387,102655.94727129783,38.263798177721085,16402.071448081173,1.0170093692231257,10.476250498343944,0.5471642280240726,0.0
892,414.0382680992854,0.0458367901037402,0.0,83.56484402855062,102753.04295035468,37.98044156456097,16393.449635875808,1.0985045662837207,11.24545732845198,0.5487711150739325,0.0
893,409.05384418523664,0.056954826708580986,0.0,96.86740859213893,102863.76159881933,38.295367316350294,16384.832792016496,1.0087650137849749,10.656732747112859,0.5506769792252727,0.3575714665951075
894,412.4509760245812,0.0463511826405989,0.0,83.37845276734384,102960.77998813619,38.01708059573772,16376.22091352166,1.102612867795312,11.347723688290687,0.55346055729229,0.34344603302195154
895,410.0577102158797,0.05457781827569619,0.0,93.33851162498947,103067.91473466695,38.27938238171874,16367.61399741164,1.0142395501149348,10.786912850981016,0.5533142182663136,0.0
896,415.8887868924702,0.039067896640147315,0.0,84.97753217404794,103166.58561567277,38.068382591113604,16359.012040708689,1.101502910810472,11.441471555985991,0.532328790966935,0.0
897,415.307995491117,0.04687785157133917,0.0,96.03367828703037,103276.55784119411,38.26498921397683,16350.415040436967,1.020098612688933,10.266160768594135,0.5328411931530607,0.0
898,416.5180046044944,0.05459238108418085,0.0,88.17193559252976,103378.6505654137,38.06943667493348,16341.822993622545,1.118448092733834,10.896239045433948,0.5348047775025316,0.0
899,411.33309550084783,0.06740737477867487,0.0,99.18395153754709,103491.86050494976,38.326362820644576,16333.235897293409,1.028333399301469,10.38460712177232,0.5362726664127555,0.0
900,415.6678062442462,0.05846098586248927,0.0,97.2098856619431,103602.98042194756,38.496149370778554,16324.653748479443,1.0225682276447186,10.519240321691997,0.5376361723299833,0.0
901,413.14312428679,0.06380449893554763,0.0,100.50850522653792,103717.50123108736,38.50971208724775,16316.076544212441,1.040442450979468,10.322319967994003,0.5362359240762392,0.33317635576692695
902,415.53255907752236,0.06496519522835675,0.0,90.35971204458988,103821.77771750503,38.06827676134416,16307.5042815261,1.1050168178023294,10.407665079945215,0.5358189381190884,0.3261916491984316
903,409.5455323370493,0.07312745316109337,0.0,99.0155428577169,103934.70162999266,38.523642436188304,16298.936957456022,1.0345465814687,10.361470199746579,0.534473981526073,0.0
904,413.5307239511469,0.06520355096358244,0.0,91.54528082655435,104040.02677544359,38.11856867654575,16290.374569039708,1.1368942918793246,10.970239904735248,0.5369907234464788,0.0
905,412.62508174378473,0.06758023375484146,0.0,101.16657680692468,104155.09981986074,38.498352911124876,16281.81711331656,1.03695210078904,10.472058820863442,0.5381960124297231,0.3331494024802524
906,416.3762112220297,0.058973648447965155,0.0,92.19459441531797,104261.1448961301,38.11269126609882,16273.26458732788,1.1459912958087206,11.042511340347588,0.5392416727119416,0.0
907,411.1897913606476,0.06495280784422108,0.0,100.3194121030034,104375.41750666736,38.82048664629772,16264.716988116867,1.0318243838669259,10.565512294498872,0.5384244155169116,0.0
908,409.3727970076482,0.06290717072978902,0.0,99.30718746070734,104488.41560666804,38.72236702315137,16256.174312728614,1.043518569273587,10.70801490852941,0.5377194443842662,0.0
909,406.67858709581355,0.06537311770697318,0.0,100.85419446145731,104603.00425450904,38.77718792787656,16247.65711478115,1.0361045387898453,10.433273409381055,0.537526026460881,0.32441438936697864
910,406.50883203013206,0.06515504066047328,0.0,100.68960938261559,104717.39881528892,38.76105957583418,16239.144812140092,1.0219022134174478,10.34748599816604,0.5368077681279285,0.0
911,411.25981377931646,0.05583203044083085,0.0,94.19780312263015,104825.30098258916,38.455464609817554,16230.616845310054,1.1192859013799261,10.794533832504367,0.5368476479191333,0.0
912,409.47564911463473,0.05294444702213197,0.0,100.29816629757116,104939.61584924997,38.70762541256969,16222.093790551813,1.022416924699689,10.401759554310727,0.5345259458644518,0.0
913,411.1458858260015,0.045728758312960194,0.0,97.7760503772049,105051.3222901721,38.7246602857307,16213.57564491987,1.0430958989795684,10.389133899035267,0.5353985797039995,0.0
914,416.20377349143234,0.03338125412420656,0.0,96.04399055488679,105161.39073214524,38.74321070767821,16205.062405470617,1.0211579926859502,10.274995303325825,0.534171026870192,0.0
915,412.66562428117925,0.03565703772002349,0.0,94.02722683906171,105269.6109246989,38.725218345441895,16196.554069262329,1.0311946531437832,10.20173074240255,0.5409413000404304,0.0
916,410.97784162995765,0.050551699163874364,0.0,98.30276640689587,105382.07710667374,38.76529701436791,16188.050633355166,1.0306485148636517,9.76904700921705,0.549128221179956,0.3857232327019524
917,417.9835918922674,0.036683828451537503,0.0,99.08231675955808,105495.23164013156,38.75530877784106,16179.552094811179,1.0388336822059596,9.718637075152,0.5376629984337434,0.40116702779246793
918,418.22863696826795,0.04886693252649099,0.0,100.11134565909147,105609.66020636394,38.788973315308226,16171.058450694292,1.0340460355749423,9.669872168319763,0.546647416632564,0.4183046776532855
919,421.894757944214,0.044828940933961725,0.0,98.68243151400817,105722.56219404818,38.675774433540816,16162.569698070321,1.0424123480680234,9.623919385940036,0.5619326266579594,0.4348726747497693
920,420.60735761705524,0.05011449948691038,0.0,98.09829517027282,105834.93767808669,38.77315527564052,16154.085834006957,1.0423886140475382,9.563769308573145,0.5612230176377978,0.45113349881856735
921,419.6768633937427,0.05386236101716446,0.0,98.54760557844365,105947.72489913084,38.73022430734952,16145.606855573767,1.0351581504057286,9.51524049376594,0.5602498117592545,0.4626336520475327
922,418.57158619334206,0.05828513903215993,0.0,98.9552494168507,106060.85015900372,38.75031392665395,16137.132759842203,1.0404698303588213,9.479097463925447,0.5586321872788341,0.0
923,411.69922033189783,0.0675011331953076,0.0,98.48046734105839,106173.4540136133,38.73746775367831,16128.663543885585,1.042320401134436,9.434192595416949,0.5517339315279294,0.0
924,414.225042514932,0.06345298836427093,0.0,97.9110643034578,106285.32581807084,38.73881119758556,16120.199204779115,1.0373413842011567,9.402488093557789,0.5607235904148339,0.0
925,415.06692782491984,0.062142297280380565,0.0,97.49722309892616,106396.84220758535,38.735846830744116,16111.739739599867,1.0377239349852512,9.37642833642041,0.5608783245391469,0.0
926,416.0747750950422,0.057167377516728735,0.0,97.200523917074,106508.0641751766,38.7421429885188,16103.285145426784,1.0342906687979185,9.34820904542195,0.5604243405671293,0.0
927,420.7619018017082,0.052190540452442424,0.0,96.29510092012134,106618.39416492997,38.7573417824083,16094.835419340681,1.0356095230098399,9.318393003114997,0.5590210514491026,0.0
928,420.9963848674785,0.0486175550889415,0.0,97.2321587260536,106729.70841674658,38.70819698273555,16086.390558424248,1.0359698734268177,9.289711863093444,0.5582153569946267,0.0
929,420.0536707891483,0.0486056557215393,0.0,94.89323862650551,106838.72126862596,38.71371219246453,16077.970713096369,1.037478419567085,9.286813305259074,0.5567009544655985,0.0
930,419.80699860058166,0.04984330135607351,0.0,97.11598871047573,106949.94090267042,38.83364926318065,16069.535551606134,1.0386479913028623,9.280282337859939,0.555791107669677,0.0
931,418.64598392959306,0.05188840142051643,0.0,97.08484078888574,107061.10515172615,38.28482987758516,16061.105250367877,1.026995871301945,9.33404034284492,0.5704781742501506,0.38628489334926286
932,418.80547898130465,0.05126504993006753,0.0,98.23157013359283,107173.40054661308,38.45872009131522,16052.67980686627,1.0354616534684347,9.257743705498557,0.5681744350554543,0.0
933,418.24190163364443,0.051098779222545576,0.0,96.90859810571295,107284.41106429885,38.40559713945665,16044.259217741494,1.0338140364470876,9.245538259657957,0.5690801053373473,0.0
934,419.2661472294126,0.047220300431285556,0.0,96.85216869861752,107395.33880883035,38.34223821115875,16035.843479562867,1.0367168303846355,9.23873951957482,0.5693913963216415,0.0
935,419.494728914655,0.05211095532698706,0.0,98.46160317607104,107507.91240550653,38.45401052933253,16027.432588942675,1.0605321365027547,9.252543358276267,0.5672616327998083,0.0
936,421.2666385066947,0.04449595913723159,7.822404740660345e-08,99.57409580134416,107622.12068411749,38.390761123869474,16019.026542570411,1.0606202950139108,9.248587025082998,0.5670803411322101,0.39298513434285454
937,419.1214285831965,0.043045437398891884,2.3668942963130163e-07,98.68117978958314,107735.51152069352,38.38750727092663,16010.6253371179,1.0613223745942733,9.208487520637334,0.5663052961166483,0.0
938,418.2428753967047,0.04737703112831959,4.1020530208801225e-07,98.68475578924149,107848.92649195826,38.3528231437169,16002.228969385304,1.0526237712648867,9.194874198337931,0.5653466060573926,0.0
939,419.9185997309116,0.052479088045014666,7.327424103459929e-07,99.79856512677297,107963.39565624576,38.317772707325474,15993.837436163421,1.0522027157848561,9.173702088849634,0.5657815668994759,0.0
940,416.4643991181312,0.06630591818572829,9.840409663082893e-07,98.85376548462459,108076.93044589907,38.333458260352074,15985.450734356866,1.0653455619608372,9.157299326768824,0.5649538392569898,0.0
941,413.5144322616799,0.07270930175207946,1.1056762143130398e-06,99.43216012798996,108190.89597044478,38.42235384270079,15977.06886086435,1.060796569190244,9.156033017223027,0.5650556494308246,0.0
942,414.34603089244706,0.07380853369249663,1.405634545238309e-06,96.29433849170545,108301.66483039054,38.31750359312295,15975.998000478397,1.0588296569322049,9.117258195411898,0.5644572237033673,0.0
943,423.95055749755096,0.06394565530854812,1.3939184533500487e-06,100.73417679060829,108416.84178322986,38.34751547359508,15967.61773773232,1.0581767067707049,9.079107515276306,0.5619019453038662,0.0
944,424.17998315407647,0.06464525319971048,1.4688201391348285e-06,99.88247377982162,108531.25742866426,38.37344577841686,15959.242303127805,1.0558920258025455,9.060513010494502,0.5612913451472936,0.0
945,421.06527160988264,0.07630307926070057,1.4283512263711458e-06,101.33677735396124,108647.0784888749,38.475991737253594,15950.871693674479,1.0578368095049613,9.0666710438121,0.5614401931420003,0.0
946,422.3266367082966,0.07077648155671779,1.3599231048477367e-06,102.51858466864145,108763.9470579378,38.436543949747396,15942.50590641895,1.0530153952476837,9.036834296482594,0.5823070925902278,0.0
947,420.17453696259605,0.07341025150011105,1.5916330925295683e-06,102.83755205048429,108881.1671753777,38.40022065808905,15934.144938435817,1.053649169159962,9.039102615545621,0.5818668934750163,0.0
948,421.6876455716733,0.07030353481646401,1.5552647343617065e-06,100.247698731373,108995.78352456546,38.49440703070355,15925.78878677928,1.0629925999212662,9.022418466689208,0.5812535686373488,0.0
949,421.84114129653494,0.06621572550110932,1.5529424323389294e-06,101.42425182618092,109111.61523131993,38.46614670646188,15917.437448532228,1.0547606688661215,9.019794873086587,0.5798722019185477,0.0
950,416.95749846190773,0.07491866144385506,1.594785967981916e-06,102.02755527368235,109228.08455783315,38.4091345257309,15909.090920782653,1.057190671537451,9.023050982878798,0.5772883297662521,0.0
951,416.41650161404465,0.07595744598704623,1.5415968672959024e-06,99.29660804925243,109341.74076667253,38.38793920000874,15900.749200624077,1.0615816154795257,9.025839909571602,0.5743170038231771,0.0
952,419.05411986205087,0.06508983991884287,1.4785258776710685e-06,98.87449533609183,109454.97746873871,38.375793909189206,15892.412285156752,1.0469103058401088,9.011588565852982,0.5713487413222824,0.0
953,415.50480745964836,0.0751687494078308,1.5314642204669478e-06,99.99943827953808,109569.41256873019,38.37315903607939,15884.099821051692,1.0507364876688001,8.98902019418083,0.5710538211022483,0.0
954,416.6004612628086,0.07458860723543659,1.4769737672070862e-06,101.56738563215502,109685.27997841054,38.344240373039476,15875.792133932455,1.0520434947351451,8.99192139048168,0.5698165502354516,0.0
955,414.12365656255497,0.07628050600675818,1.4295447926547407e-06,101.23327806822097,109800.87132866197,38.36330034096223,15867.469570883706,1.0578659039908804,8.976994776471985,0.5674594356132215,0.0
956,423.98557071831726,0.0667146818530242,1.364297792238644e-06,100.70793441888206,109915.92652067906,38.385476169896016,15859.171428127844,1.053383905492766,8.985965002812563,0.5658388414538765,0.0
957,423.4197243573074,0.06819865440598116,1.401306187766197e-06,99.72031695829523,110030.08784391123,38.40037357516074,15850.85842541141,1.0490497250090998,8.982421167363807,0.5661742512316578,0.0
958,422.3433551445126,0.06402161092160252,1.4198860583551232e-06,97.86924280745937,110142.36598044133,38.41467339595248,15842.550211091759,1.052597938793515,8.981552572929361,0.5641876937427687,0.0
959,418.33665933902785,0.07209164109743682,1.4792424662037583e-06,101.13156611439298,110257.88043328606,38.35842160919661,15834.24678258686,1.0512529891678204,8.968162830716466,0.5621086149942232,0.0
960,417.2618982943771,0.07784350364930304,1.4542122427387323e-06,104.57763089842271,110376.75259605626,38.419251667531924,15825.95539201891,1.0457503375589754,8.98319505453805,0.561925006542569,0.0
961,417.96509758436605,0.07930762752903986,1.3695030574841365e-06,98.56266527284222,110489.51154656248,38.388393224152296,15817.66877256936,1.0580725627727123,8.993880205227848,0.5609132785448103,0.0
962,413.91329990858134,0.08464707420805129,1.2697947531723894e-06,101.50234523752408,110605.16912963346,38.41660616371595,15809.386920787732,1.0503641576987128,8.983529070985767,0.5597531765904414,0.0
963,424.7407115212592,0.06705805582540825,1.1567060145401638e-06,100.4935869855914,110719.79417209193,38.37937587403384,15801.109941897073,1.05416384385789,8.988127759785417,0.5573885348850287,0.0
964,425.4475394538152,0.06388290306704447,1.241093307109348e-06,100.37749736198442,110834.68459684998,38.38712471929472,15792.830496247512,1.0476091911998522,9.006537807839475,0.5576472726849578,0.0
965,423.76361766681737,0.06381805186938228,1.3635217755831507e-06,102.55984624400362,110951.74698752377,38.38386791624429,15784.733977043694,1.0495557062842589,9.039412779904982,0.5546427403644323,0.0
966,422.42805100805947,0.06368457155886575,1.4665436668053702e-06,98.91100366523565,111065.1603736107,38.36067450102456,15776.463849744056,1.0494510605292209,9.067739963568382,0.5540734707191661,0.0
967,420.51278174252553,0.06298997654267346,1.6708289965867885e-06,97.66842428182234,111177.45456867632,38.34726592979544,15768.198476083535,1.0670464433734868,9.063624402364436,0.5524780765361594,0.0
968,423.2274905962412,0.058882523185866065,1.8744918543389893e-06,101.34641999735403,111293.403901542,38.39022074983303,15767.077485512202,1.0507018992972168,9.260146080896687,0.5508820171236326,0.0
969,430.6035259056285,0.0455293731481371,2.1128003343832096e-06,98.19360225355062,111406.22250032383,38.44608353145678,15762.943397437535,1.0564862972904414,9.26114240985076,0.5517665195327879,0.0
970,428.1440154947467,0.05194547529298699,2.4926495641572066e-06,95.38449421979026,111516.33705911873,38.522696849341735,15754.80509246766,1.0609632125504462,9.26442030398004,0.5503658156833376,0.0
971,425.7915996838665,0.05345460351538778,2.8005164724787965e-06,94.36730651212608,111625.36093265864,38.422749768794795,15746.683562620281,1.0654390444656938,9.266356835404501,0.5506301115712742,0.0
972,431.0038505947515,0.046494265950930425,3.0888072756135744e-06,98.24787519462367,111738.23144686963,38.44968810111627,15738.552404257705,1.053803769724208,9.27224912484496,0.5500219102955181,0.0
973,432.4367302043823,0.05402445831285008,3.4488337143000487e-06,98.94017601187745,111851.85861980077,38.476521390692795,15730.406191457183,1.0625613006090129,9.27169842771763,0.5498337721763985,0.0
974,426.3181869068716,0.057303585062466245,3.722617561729052e-06,98.63861437069653,111965.08861216981,38.44028331511182,15722.241842712998,1.0536094456724785,9.23771677721982,0.5492623903773871,0.0
975,425.67290389433435,0.06219542514970233,3.95987482472259e-06,97.14073735565447,112076.73717573554,38.57290573405685,15714.073509152708,1.0479309898813771,9.211544214459103,0.552574407954787,0.0
976,426.96059190245285,0.05872821033244546,4.229765830372469e-06,97.14254073796421,112188.40634231648,38.48396169169226,15705.907604172084,1.0600574082125704,9.215164379536738,0.5521220991667406,0.0
977,421.6248556182127,0.07372902236349022,4.534971269740232e-06,97.02141961582777,112299.98789829647,38.460022264005545,15697.751471635138,1.062138572532816,9.187764226568975,0.5516974404448848,0.0
978,419.36736761356025,0.07891926912609815,4.678034007279492e-06,97.35309533271027,112411.74486321268,38.42909503940786,15691.0498426966,1.0587903616670076,9.191731835612641,0.5512582344889364,0.0
979,419.64443297993984,0.07981495388979454,4.764583417978521e-06,97.56859905027007,112523.66637365453,38.45778354284096,15685.012149112077,1.0536990751322284,9.20012414409448,0.5508464921191019,0.0
980,427.6093046089947,0.06964377483504858,4.840756102713612e-06,96.86721023219437,112634.86669084523,38.44759615906993,15678.346512110877,1.05655143222629,9.179338094385239,0.5504666581388609,0.0
981,427.0022719261254,0.07065002547142307,5.0344570819520315e-06,97.13621394140907,112746.454488171,38.57936218370695,15672.101820914815,1.0484909707478314,9.18860832825501,0.5500787429341293,0.0
982,426.10915847884655,0.07221176125952489,5.215794034611316e-06,99.41737275558029,112860.2974236533,38.4327249525259,15665.75286400003,1.0543742274812054,9.206553576552997,0.5497227047818851,0.0
983,428.66511815826254,0.0715555521791964,5.378962516415205e-06,100.94555777692747,112975.71268471844,38.46892471968242,15659.267634905571,1.0461685452198337,9.209614242980143,0.548317005695702,0.0
984,428.7332899085786,0.07017126767925874,5.5477134374218256e-06,94.54334045479197,113084.73747520798,38.2877195295204,15652.686692885229,1.0394065872359837,9.19330162529488,0.5446572492113105,0.0
985,431.2268688540509,0.06513186173040608,5.710446240250633e-06,97.64443485301724,113196.82711129512,38.41227403799319,15646.01508292523,1.0530723673928424,9.208263950717727,0.5477238824326005,0.0
986,433.53774991536574,0.06413766922610242,6.0102325292452146e-06,95.07532743749982,113306.42508147028,38.505782913837706,15639.23225701353,1.0585280888510826,9.222699057828489,0.5488792569044023,0.0
987,431.50184009709074,0.06865507662444792,6.316853736444431e-06,97.13861058489847,113418.0933611601,38.58318660226489,15631.03164426632,1.0432265546432176,9.194793770888976,0.5470520395108064,0.0
988,431.38262320131025,0.07212874369164679,6.5699732817558225e-06,94.90067831204195,113527.51533168409,38.543238815854146,15624.073799411723,1.05227182443289,9.210046867816509,0.5458096149472544,0.0
989,428.844734538595,0.07475053330149328,6.783180227932221e-06,97.87964217505777,113639.90465314835,38.52757938015937,15617.155875866196,1.0587806193142293,9.198860622606631,0.5448062582196506,0.0
990,429.69853166945865,0.07583652581034517,6.966379982321439e-06,97.22324412565706,113751.56094306047,38.554141224245704,15610.165443257514,1.0529622602418056,9.203645720126055,0.5436423112892337,0.0
991,431.6690918101845,0.07679542461889832,7.1361846928884015e-06,100.97860015610345,113866.94755111665,38.67745059535548,15603.075908439194,1.0587428428661803,9.210353993337856,0.5420007686902937,0.0
992,429.8270771704766,0.07598827986533374,7.293740229975189e-06,97.77097232680015,113979.10561159409,38.4796873522958,15594.912608866473,1.049411820711312,9.188425829770127,0.5442334846027526,0.0
993,427.9970146519047,0.08233479203525806,7.476859782626684e-06,100.44612603021682,114093.90979752457,38.48715447665736,15586.73508970457,1.054576054091404,9.195751435615621,0.544848775548205,0.0
994,426.3361076272715,0.08600157128826191,7.609811494796709e-06,99.88411849829369,114208.1260733952,38.583395391851944,15578.56229651084,1.0561227926498482,9.169469005263291,0.5455494661338541,0.0
995,430.0643397336341,0.08080582066083031,7.69856892224911e-06,99.40593796955504,114321.8928844912,38.652017519084254,15570.39422668458,1.0396179398121814,9.177329897149601,0.5456445932941867,0.0
996,432.63228127024877,0.07456277502972797,7.82033341446012e-06,97.58749614693755,114433.87082979859,38.35679093209183,15562.230877552813,1.0479255759280672,9.154255458229441,0.5436585174531586,0.0
997,431.15002853497157,0.07678336922848117,8.030893470247275e-06,95.32230803073138,114543.58746499423,38.481988687722364,15554.091089530615,1.0610216315729248,9.154983008483573,0.5459131975891909,0.0
998,427.8604166758972,0.08161737709723771,8.196175916956648e-06,97.67513463149614,114655.6095089996,38.46661607471673,15545.937149807605,1.0501363927170406,9.161685868644648,0.5469270155273126,0.0
999,429.4385887546583,0.08742927136926792,8.29757395169846e-06,93.77756298026719,114763.67116553857,38.29561533722075,15538.070761206218,1.0428227808559103,9.156945689154977,0.5473790846635638,0.0
1000,430.59241113740507,0.08919401804209692,8.228661231791328e-06,96.18798608008116,114874.08600246435,38.33349828825479,15529.925931162825,1.0191811241911104,9.15249457134783,0.5348594307285645,0.0
1001,427.35038807516275,0.09870415105768005,8.097821285148991e-06,100.22168328535957,114988.49104671954,38.39467237085198,15522.09814471882,1.0339590124143525,9.153906879992727,0.5346512544908114,0.0
1002,425.234030951087,0.10269479920022595,7.866974650397515e-06,101.09828163485406,115103.66391211965,38.422097487523125,15515.105605698043,1.0383611698523094,9.155086486239362,0.534229285204751,0.0
1003,428.9835109704712,0.09870674630508214,7.595617381817917e-06,100.13632746297948,115217.85254827533,38.41566624288901,15508.047132999083,1.02674599479795,9.163281869569431,0.5336947734481367,0.0
1004,434.52101661181933,0.09920951251746146,7.368958834025006e-06,100.97548763962791,115332.90964995556,38.52701324330771,15500.926314672564,1.0302337543448288,9.178376738936889,0.5326956283903991,0.0
1005,432.64993999169354,0.10383083437815954,7.124353718149633e-06,97.03700138732025,115444.01849336078,38.6027789988113,15493.530352844826,1.0361769218784649,9.16412735804061,0.5327109527229744,0.0
1006,422.9630955386262,0.12198436735912044,6.7818495997267924e-06,99.71654414740672,115557.71671425815,38.405837441356745,15465.036829664434,1.0378471850799444,9.148951195169685,0.5264336718551917,0.0
1007,426.4716247902368,0.10732447259429534,6.249912397974792e-06,100.38639760098911,115671.8562166666,38.38884857553296,15457.11755277612,1.0353728157676643,9.149871985904173,0.5457927591688,0.0
1008,421.37892258753516,0.10876216956802875,5.870582624650507e-06,102.08508195128898,115787.83354479299,38.386248633747485,15449.128209346616,1.0309844720071284,9.145647310826217,0.5448113495586444,0.0
1009,422.02757493098443,0.1130150025949862,5.484973024030293e-06,102.43344082353472,115904.09042265828,38.4670732084134,15441.101285230425,1.0383709208834693,9.165938776652656,0.5468780410929373,0.0
1010,426.762769722994,0.09697828722243895,5.057442303152005e-06,101.66617050038522,116019.54733211358,38.364606973970844,15433.039338028542,1.023793825846245,9.172532822312792,0.5466441186000688,0.0
1011,430.2855711774602,0.08602289140724673,4.8059889718701994e-06,96.58977588678248,116130.05277869303,38.41134935543425,15425.053557950105,1.039695341356403,9.190222867270732,0.5459206907048727,0.0
1012,427.30398107422195,0.09205167599744835,4.6782522246853895e-06,98.40083290258035,116242.53040276935,38.37892229066051,15417.00080137157,1.0331496601973316,9.178661868166847,0.5496070017845481,0.0
1013,433.7448462268255,0.09021395570905011,4.488132094617313e-06,98.03649034797424,116354.55026601079,38.33955582161482,15408.952640982963,1.0231788358214058,9.182491490911435,0.5492697884862526,0.0
1014,428.3740522632611,0.09747766966755611,4.318989496584125e-06,94.79069077772691,116463.39551110298,38.31423247088016,15400.914604974358,1.0179840663732493,9.19705807565763,0.5489547269115985,0.0
1015,428.21462115598496,0.1008879645310985,3.981950671026521e-06,93.84320140176571,116571.17915454335,37.96451342607015,15392.875726002258,1.017993149797339,9.194766214789496,0.5486748323427155,0.0
1016,427.7096248570959,0.10515237802768607,3.6102022543343037e-06,96.81131685837131,116681.91879859194,38.041381441836755,15384.841469286108,0.9954996508235938,9.174570693183888,0.5483294115406623,0.0
1017,422.0623852980181,0.11928304302571602,3.19599242865614e-06,99.88414373871797,116795.71548600234,38.002276030655345,15376.811832056961,1.0139700921768304,9.154635665347206,0.5458029412748507,0.0
1018,418.7391474472081,0.13332720439909895,2.6316706595820363e-06,101.14464524249027,116910.62793272754,37.939859135612735,15368.786811523116,1.0233605213029928,9.143999715310345,0.5474450698617324,0.0
1019,419.29807256048906,0.1336448959950416,1.9263255259180637e-06,103.90631031732921,117028.17373421727,38.332980718565196,15360.76640492024,1.0130560495574097,9.144622031706797,0.5473710302841104,0.0
1020,426.7450853357467,0.12665764194168305,1.2200647276905593e-06,-735.1820975290937,116306.62212038513,38.22407277696272,16011.664624337496,1.026214537469576,9.103117259908647,0.5465347007506194,0.0
1021,424.00578921985027,0.13036935567194463,5.973985996400919e-07,103.33286465658787,116423.65814228918,38.04882108302133,16003.290996491785,1.0130242017004294,9.108591930118997,0.5466684404307021,0.0
1022,417.5459078521583,0.14402578680848477,0.0,103.30698536268234,116540.60434096382,38.18989379635935,15994.929031639087,1.024841182145164,8.410463068785202,0.5440946136060205,0.7099609373874785
1023,408.36167911342284,0.18364862124536818,0.0,112.85867848853148,116666.99799856373,38.38347026962224,15986.571861542909,1.0305684639830746,8.344049642056973,0.5452720179486489,0.8100080253269759
1024,400.87695795995194,0.2096336543210724,0.0,116.6168353472931,116796.95282506778,38.36592119592011,15978.219483310944,1.0431381305623029,8.300788940326667,0.544101365716751,0.8869169175597271
1025,393.84266272401175,0.2277343601391535,0.0,117.85342995023876,116927.94975709578,38.404172301282216,15969.871893994075,1.0542978374696517,8.284551648840617,0.5429441536088715,0.0
1026,388.5475839439967,0.23478986867888818,0.0,119.21745509196947,117060.1377334345,38.66028755671004,15961.522271155549,1.063961487372124,8.314320509636296,0.5416907069318672,0.0
1027,389.3394230526123,0.23064594642891822,0.0,119.77433613181171,117192.75585853119,38.37803024369531,15953.184251083876,1.066760427675618,8.340400500579491,0.5405398812054738,0.0
1028,388.4227196252152,0.22845746336585548,0.0,117.74929782631203,117323.37204875186,38.44631332748178,15944.844199331295,1.0662202531140823,8.374406388451204,0.5394816721375197,0.0
1029,387.6025936994922,0.22686101944585768,0.0,117.0382609476881,117453.30153964035,38.40098012181048,15936.543815055866,1.0501890869359802,8.404904340156717,0.5385218587340909,0.0
1030,387.7948275100392,0.22517537182852998,0.0,118.64112762949522,117584.79663884264,38.490284530229836,15928.220089361124,1.051583719276954,8.432484723852541,0.5376508837316832,0.0
1031,386.3946068644278,0.22365235241286674,0.0,117.21334760085311,117714.90613301976,38.38990510156039,15919.894338393467,1.04708123060617,8.44996490033203,0.5368604465355601,0.0
1032,393.92782492831776,0.20991291367625586,0.0,115.23321045007822,117843.06463138934,38.021062532835934,15913.37077676248,1.0489353336747347,8.476926354224632,0.5361332135306426,0.0
1033,408.0258684707274,0.16775672687765752,0.0,110.04619258913696,117966.35262061396,38.05822601003753,15914.418827482641,1.0607003184451782,8.736279197822938,0.5354784858918156,0.0
1034,410.4975716634813,0.16265362833520225,0.0,107.8997607111962,118088.12574989365,37.961676040408335,15910.30590269173,1.0648977492838367,8.731846325423183,0.5351983646975916,0.0
1035,407.1319510722679,0.1632109709232269,0.0,108.08023286593533,118210.16953916344,37.96575662099017,15901.98908214004,1.0597080883243968,8.72437698190342,0.5349269207062223,0.0
1036,408.32888019432164,0.16180929937293187,0.0,108.76284372342644,118332.90437656539,38.09253500245478,15896.9164757699,1.0581068111108087,8.739328759762705,0.5346597257661939,0.0
1037,408.9063796624898,0.16236563430723439,0.0,108.41385047644,118455.30979706121,38.07879136783378,15892.592636685882,1.0571085741773567,8.74401568319065,0.534426067995383,0.0
1038,408.94060989201137,0.15777804450148614,0.0,108.5729934616059,118577.8658214403,38.03410506288195,15891.994689975349,1.0574929077270836,9.006876393594945,0.5342107551654725,0.0
1039,405.8907978818957,0.16180635117717956,0.0,109.21947418275204,118701.12425205791,38.003214657103065,15886.329238201037,1.0580080428860326,9.017094099491194,0.5343525302424506,0.0
1040,410.4233529046461,0.15775827579974455,0.0,109.08780720023253,118824.20017830151,37.97714863404362,15878.462994149299,1.0517582624664354,9.017040341179555,0.5345009983647241,0.0
1041,407.49471410475763,0.16121665918097183,0.0,106.30796210885755,118944.54773356416,37.83672296772775,15871.125394867224,1.0614116716634423,9.03098130233342,0.5346423041576844,0.0035614350719583854
1042,408.02013845907436,0.1633837646664832,0.0,106.20265542963233,119064.73625366775,37.96576350945359,15869.157080756027,1.059610121627889,9.030301011148435,0.5347957506497054,0.0
1043,405.1727389815535,0.16828376970042536,0.0,110.23913451007202,119188.95837706338,37.869214143945754,15860.885128423188,1.0587937432964036,9.041255920516832,0.5349404150352531,0.0
1044,403.2723820979822,0.17009685146791786,0.0,108.9790183357868,119311.8714764953,37.89302817798165,15852.576669192935,1.06383193550055,9.054242885164193,0.5350925794801424,0.0
1045,404.1989671563141,0.1703809600954752,0.0,109.67810137961392,119435.45064038014,37.840315435399624,15844.307461207165,1.052049150459773,9.058255891698538,0.5352545349581832,0.0
1046,410.54985925380447,0.16439450455406168,0.0,108.87953984822613,119558.23271200349,37.50910641355524,15838.392395119654,1.057444007289308,9.047003653439681,0.5354139767657513,0.0
1047,404.6034326700657,0.16993472618883432,0.0,111.17857200379284,119683.39232251259,37.57980568194468,15830.136825737254,1.0579215250519245,9.062896057193806,0.5355509435072807,0.0
1048,401.61325721569824,0.17242120599385236,0.0,109.89140789831126,119807.17896374426,37.46399142406203,15821.88599395982,1.0526252079505054,9.079335208846706,0.535702276912672,0.0
1049,401.6276753807793,0.17286168940487423,0.0,109.34391185529762,119930.3729401175,37.46297812666338,15813.598704181624,1.0542622684379466,9.096819425968324,0.5358679677196941,0.0
1050,413.1869472697562,0.16271912341882944,0.0,107.18842789440812,120051.40429313456,37.41809548033255,16501.617284641925,1.057657056409698,9.074393746410726,0.5359719165675381,0.0
1051,401.8125763479773,0.17562867241964353,0.0,111.21647265075181,120176.61763341443,37.48615486944663,16492.961880484854,1.050334480188858,9.083720908478556,0.5360414715187594,0.0
1052,401.6389356397465,0.17531424708599563,0.0,106.86731111355235,120297.32294763319,37.43691745592317,16484.33908706496,1.0749710426562962,9.103694559699548,0.5361201393603322,0.0
1053,400.82096633900073,0.17977926443108194,0.0,111.06728770003143,120422.22040331173,37.51543280683585,16475.726903461524,1.060495432870695,9.106403116124126,0.536221464887532,0.0
1054,400.0788028306738,0.18103050148350386,0.0,112.04213144914877,120548.07883981097,37.50016217059506,16467.113988212815,1.0422654661863038,9.119806263202854,0.5363215878844899,0.0
1055,401.3500921053637,0.17746600881967334,0.0,112.89727416901471,120674.77969700593,37.47725206942965,16458.478361256926,1.057344813694337,9.140543940675736,0.5364346360607756,0.0
1056,401.74216094737983,0.1755351775305678,0.0,110.647717813408,120799.2415147138,37.53719491684889,16449.875311393444,1.038649442724977,9.156608554891116,0.5365696039902366,0.0
1057,402.1683587235487,0.1740681875741804,0.0,107.82873464638648,120920.89146542638,37.506825343017795,16441.249574326626,1.0554879280392062,9.17556827389977,0.5367192346381381,0.0
1058,404.37278739644313,0.1736764762920603,0.0,104.97230622112986,121039.68710758738,37.35860058785424,16432.6287965881,1.0317726441237207,9.172172103971583,0.5368865935582486,0.0
1059,404.555234757219,0.176932004870461,0.0,105.09714351372739,121158.582579718,37.32389356600751,16424.011992020613,1.0272442041454657,9.192128239761335,0.537041370092649,0.0
1060,402.3680285402746,0.18295430074841146,0.0,108.07762087573808,121280.45249101249,37.488438233725276,16415.434341099433,1.0417873691611523,9.20855424423325,0.5372149176586728,0.0
1061,401.0724076060335,0.18518996608471805,0.0,108.9695929421489,121403.17530423358,37.528332417370294,16406.862584327457,1.0350478059569161,9.217228532792372,0.537401640925678,0.0
1062,401.2973183750473,0.1859928720022166,0.0,109.9751426188516,121526.88083052474,37.42544635173554,16398.26723306416,1.0497347944016655,9.22915137578778,0.5375906722937468,0.0
1063,406.8371140413443,0.18260155446776738,0.0,111.54274666610934,121652.15338918564,37.466119826371646,16389.705293231527,1.039613302128871,9.22147939536415,0.5377861644553247,0.0
1064,401.2345643761784,0.18888639575243915,0.0,112.92955805474509,121778.89154195006,37.48234438069812,16381.114084451043,1.04323206193742,9.237133741681241,0.5379620068805887,0.0
1065,404.2516421041483,0.18548298490149295,0.0,111.57865970946368,121904.20501314374,37.45569981628338,16372.561949922625,1.0384648317673952,9.245064051430727,0.53814987475511,0.0
1066,401.7972756995558,0.18734499785640757,0.0,111.76684947925425,122029.75203418072,37.56161028116211,16363.980578193321,1.04031384856593,9.264613793178917,0.5383389949261943,0.0
1067,402.2943742310705,0.1856275533089875,0.0,113.63060390630906,122157.1329701,37.489284394810795,16355.435192178338,1.035317348577646,9.282928543986205,0.5385445864715073,0.0
1068,402.87560662099656,0.18425745765320378,0.0,112.28182104757788,122283.12789319722,37.668842826125214,16346.897743887746,1.0544132267299962,9.306586798924519,0.5387641890449297,0.0
1069,403.13684780433283,0.18390307097543057,0.0,108.24619674199971,122405.10219375536,37.638241605726414,16338.363998399496,1.0163605113774994,9.317839273239326,0.5390041210267386,0.0
1070,403.718651760217,0.18640460940766346,0.0,110.42111994056661,122529.24682567945,37.44148860106516,16313.830107929372,1.047826281351205,9.331966976973868,0.5392470301253184,0.0
1071,402.7995997751404,0.18740788729820546,0.0,110.53457646538268,122653.530840691,37.5371896399318,16305.290670663378,1.0483229726051646,9.340614960413022,0.5395083374039733,0.0
1072,406.4088310944715,0.1851435810401063,0.0,113.01832264831606,122780.26059649984,37.59361523407452,16296.749453076274,1.0433758814893213,9.347675558252556,0.5397563113232465,0.0
1073,404.041168263391,0.18487747132220766,0.0,104.95350124130641,122898.99054599003,37.518931446564316,16288.219812395193,1.0051255728365904,9.369098968164623,0.5400013239550853,0.0
1074,404.2535695310781,0.18870263120871944,0.0,103.38111684164552,123016.05929436146,37.53184715839032,16279.729048956518,0.988965867775882,9.392750438245436,0.5402624151086063,0.0
1075,399.1376776509964,0.2145717523264301,0.0,112.20318074677394,123141.93533653587,37.33736948958354,16271.243139138618,1.008586853498173,9.0007042987974,0.5405416993913132,0.5750400666280271
1076,404.87127119212937,0.19183071010945552,0.0,106.84189683860647,123262.22896962153,37.54699858832129,16262.762080069928,1.008010319200229,8.941117083854351,0.540377576311079,0.6199539950703645
1077,392.33738974843226,0.23429190270375466,0.0,111.61427448398753,123387.50591628544,37.33125378145883,16254.245212830641,1.0231168954907457,8.935250057362603,0.5401500120138303,0.8059808346169746
1078,412.74590775824544,0.17237905208417714,0.0,107.35052067756308,123508.07506141976,37.57276186772201,16245.767181268287,1.0279804125210426,8.949582552622255,0.5399540249895364,0.7660247101160103
1079,392.98953366840345,0.23495342988099344,0.0,114.4368820904828,123636.37814411901,37.55567250363759,16237.293999183186,1.0097631862666883,8.926771922979816,0.5397806205280657,0.8216427942398781
1080,397.00492296765304,0.22401703919972593,0.0,112.65810646956848,123762.22258202467,37.36788523585783,16228.798368487944,1.0131897706817485,9.10580316682732,0.5395941495992312,0.8577067255623128
1081,403.15956431410456,0.21235214702238348,0.0,110.92740613141889,123886.41051610332,37.54680040349821,16220.307611551638,1.0425410527712944,9.030736221229525,0.5396578668225218,0.8743309137124591
1082,397.0958828567123,0.2293395793453461,0.0,112.29508624681719,124012.6827077327,37.4860791345947,16211.85559677621,1.037907617196436,9.049237441265548,0.5396219222179747,0.8812622414986926
1083,390.0570808824093,0.2385319466283733,0.0,113.97265342580866,124140.36434888694,37.4196830267422,16203.408412699431,1.0387983700327619,9.070036249983797,0.539612981977312,0.0
1084,398.00880042582816,0.22645867322027102,0.0,114.25567012362382,124268.13229934943,37.388555326978604,16194.96501460526,1.0220186208060194,9.079171377431406,0.5394995109657923,0.0
1085,404.3547248403374,0.2071467920840303,0.0,110.62612161455075,124392.52906731953,37.87495359139988,16186.527483356027,1.038734096235596,9.087862263397156,0.5394040358973243,0.0
1086,405.5841231200306,0.2053612742706744,0.0,111.76401116807514,124518.26156556437,37.7585162519149,16178.088124656486,1.0186206661005899,9.095233814154442,0.5393250661311325,0.0
1087,413.09617301995365,0.1807281913675004,0.0,109.88074836139722,124642.1389017208,38.043009477668335,16169.6263635166,1.0246351978120394,9.085810962108354,0.5392600345250832,0.0
1088,420.4467299372932,0.1590474612418561,0.0,103.67663615453102,124760.0447543857,37.73361814613187,16161.16281379755,1.0343668044364474,9.165106926202736,0.5391861433931519,0.0
1089,421.4554067225536,0.15685265075536425,0.0,108.44588297057695,124882.94058340674,38.00680864926641,16152.710757146584,1.0175765069859828,9.143870806914585,0.5392205623875354,0.0
1090,427.252844293696,0.13550211788922795,0.0,101.80217282540848,124999.19948723163,37.803872147745295,16144.26354840808,1.0306097586938199,9.301947170639432,0.5392255651134964,0.0
1091,421.5502391752701,0.15722248637237657,0.0,105.3310057446238,125119.17526641036,37.86036425129286,16135.848272250505,1.0448670566226468,9.248313802165306,0.5394385449866853,0.0
1092,417.6952296085776,0.18570423165046712,0.0,110.7231137003426,125244.33046635934,37.794790706086495,16127.44443610307,1.0396002416643104,9.248163841778362,0.5395704771312957,0.0
1093,413.36284363684257,0.1914605922324384,0.0,109.60216031927715,125368.14923703106,37.74766074238186,16119.011679647156,1.0353769512446092,9.257732285725307,0.5396958091129404,0.0
1094,412.1103922978333,0.2052304378810219,0.0,100.48837213943102,125482.7883930164,37.89965159644033,16110.583759653984,0.988672157477522,9.260664982093093,0.5398276562490921,0.0
1095,415.26120623394695,0.19621160334849086,0.0,107.72521365312346,125604.42973878332,37.62998758086031,16102.154045581925,1.0069325256554755,9.46552571129916,0.5399569562938406,0.0
1096,414.83619262388106,0.19471756392991968,0.0,108.51373959267453,125726.91410953664,37.68705097165623,16093.729169508168,1.0138980450835335,9.575905678406649,0.5403494996063921,0.0
1097,411.41621080665226,0.1946124344032768,0.0,107.38192138273396,125848.21253810548,37.69143335137419,16085.309128549992,1.0194543369666864,9.667548127195039,0.5408677030952697,0.0
1098,410.975816199264,0.18689060084934084,0.0,105.20383467997539,125967.24447914603,37.85789722291838,16076.92745727604,1.0245157333871837,9.952067302771205,0.5414805684562581,1.1540990511216584
1099,419.27194196385483,0.15674391212640992,0.0,104.49537936527817,126085.62627640307,37.792717459811925,16068.517041016994,1.0250270062691058,9.849270768567724,0.5426101363979448,0.0
1100,419.3176214726065,0.16414529283420565,0.0,104.0640481270065,126203.98298930502,37.76307065918573,16060.111451276922,1.0293830074320771,9.914515004582142,0.5427093468118711,0.0
1101,421.0333042744148,0.1561591676313986,0.0,104.45521349295984,126322.66899646315,37.66009995367336,16051.750732928913,1.0306449505359876,10.005494184292472,0.5442186790250892,0.0
1102,418.27032573700126,0.15553688969032875,0.0,102.74127835660131,126439.69387058476,37.60530532341328,16043.411518218272,1.0372996501351321,9.914669857491411,0.5451073574961319,0.0
1103,413.9916597837365,0.15856264001111198,0.0,107.75706615112958,126561.73060013432,37.698698959494116,16035.071458261513,1.0228005508477986,9.902463480008072,0.5458318718043088,0.0
1104,417.99328682170494,0.14646587805205336,0.0,103.61459229073402,126679.59529030736,37.712505661813,16026.702693450909,1.0368373566791078,10.092651793542444,0.5448063699641333,0.0
1105,418.6596055452054,0.1515614596644549,0.0,104.50797548086764,126798.46182441918,37.70753676301593,16018.344265930184,1.0364340790282303,9.917515393761143,0.5443743546581951,0.0
1106,419.0767285228335,0.14594053318480826,0.0,101.32884258010785,126914.05260483641,37.6313581527366,16009.991645248952,1.038376485850189,10.085430227023297,0.5419726791101755,0.0
1107,419.87563180229847,0.1411286940452937,0.0,102.48176285929569,127030.91161688753,37.738791549978075,16001.637237161302,1.0398368377223863,9.957017582262273,0.5493032854735358,0.0
1108,419.13766919106257,0.14559338954040424,0.0,88.80394769902458,127134.10399831581,37.83399980029382,15993.28761341593,0.9550023574266306,9.935790555520953,0.54731295919754,0.0
1109,425.4627948881364,0.12630690531453248,0.0,100.86840174836203,127249.22679382985,37.73046125106635,15984.94277117309,1.0170366612023938,10.136767688820612,0.5505566430006875,0.0
1110,427.39220433251035,0.11745800020605945,0.0,101.5565446760639,127365.21728561551,37.62150992638577,15976.63595104855,1.0156460677155372,10.205657360749997,0.5512993868303155,0.0
1111,428.3200470351906,0.10803141470169142,0.0,99.57656884481302,127479.27967160729,37.67257565221279,15968.30716524035,1.0156446723812356,10.290868355171133,0.5520953215253444,0.0
1112,434.92960346969784,0.08815363986634028,0.0,96.73269208908984,127590.65255394886,37.66954643815453,15959.983145274044,1.0098661869975667,10.36346857884448,0.552570825426717,0.0
1113,436.9099239568166,0.09021999409343395,0.0,98.53159177952696,127704.01093649335,37.667742171319716,15951.657349815447,1.017378482504537,10.440414928656317,0.5522317330426799,0.0
1114,432.16081561966524,0.09761664492988642,0.0,98.50135385827579,127817.31860267499,37.64057239441476,15943.336321743434,1.022242757720978,10.505081786576497,0.5510383392334758,0.0
1115,440.8134421474528,0.08403039974784088,0.0,96.00577149064803,127928.17802927055,37.605500550876755,15935.022812518453,1.026648380892162,10.702483793413304,0.5515155336098589,0.0
1116,434.80065527495555,0.09130357472582784,0.0,95.86622644653355,128039.09848072071,37.572496204573525,15926.708521161607,1.010540414388014,10.730836455010607,0.5516340321847959,0.0
1117,431.8491464617303,0.10034073482529993,0.0,98.45052979821959,128152.37510821148,37.916386256531034,15918.398991777978,1.0094724962252364,10.77735576676733,0.5517064136696238,0.0
1118,433.1182388506277,0.10255954035136228,0.0,96.72123769351805,128263.83544332947,37.67101346265287,15910.127209862761,1.0079103415661093,10.81644992497991,0.5605890873603542,0.0
1119,429.74892101548636,0.10568291440112998,0.0,97.31577322262649,128375.86559887647,37.67084332463737,15901.85910821324,1.0149361139559556,10.868524521991336,0.5575779121732435,0.0
1120,431.0567961409432,0.10188754281345125,0.0,97.75481999162103,128488.27518091354,37.623461611509946,15893.596763581654,1.0111859373625942,10.927821202873632,0.5580171271234492,0.0
1121,432.1490230433633,0.09620332770272189,0.0,97.41844156186252,128600.38483748262,37.60985377677284,15885.339133418178,1.005739160430271,10.985336747558092,0.5604397778380706,0.0
1122,433.8960421414154,0.08947994529983394,0.0,95.91043660626488,128711.03340552707,37.56990068549151,15877.085196058835,1.019669070050634,11.037158103595928,0.5629157273789578,0.0
1123,431.84740149188497,0.0969847199883056,0.0,97.80047158448231,128823.63333770998,37.67924960275686,15868.837002612388,1.0010463545867123,10.84600791481896,0.5640783261055828,0.0
1124,435.49049860211073,0.08837549779542286,0.0,97.98871357837623,128936.3327328194,37.641977368730686,15860.56282693592,1.0182174241714355,11.004681815137232,0.5676531203622881,0.0
1125,437.5502627878546,0.08337853366381387,0.0,98.47653272102264,129049.60885649247,37.81736266885601,15852.291094346852,0.9973711220917777,10.767246455593858,0.565868607457978,0.0
1126,439.956620564407,0.07510737457239214,0.0,95.0432282156857,129159.48832482778,37.67615453864108,15844.024097563228,1.0081283741141,11.00590835028954,0.5652560289818171,0.0
1127,441.90766128643,0.06989879909860885,0.0,97.06794469798243,129271.45106097308,37.85977569429307,15835.761834281539,0.9934976627613871,10.82331168922864,0.5631180487923518,0.0
1128,445.90087964220504,0.06556685332041412,0.0,94.72673133955186,129381.13790524435,37.922238497707205,15827.504302034766,0.9903794439404378,10.76413269282324,0.5720927932619513,0.0
1129,445.6814091299499,0.06496539176842597,0.0,-37.98532637896997,129358.17211090939,37.515225309528276,15819.251498158405,0.9994060323691977,10.909818385164971,0.5714216644406785,0.0
1130,444.07568009975984,0.0678672510971372,0.0,94.21256942304237,129467.40324755889,37.51450065163053,15811.003420065963,0.9945159769472242,10.738044277059313,0.5720772413866547,0.0
1131,443.0619843964542,0.07253431656964571,0.0,97.16223263994111,129579.54563828421,37.68462510733245,15802.76004647428,0.991860140755134,10.688459002478947,0.5735683760901489,0.0
1132,439.47840217842196,0.07611749603285667,0.0,80.5600118919048,129675.02858771742,37.46101746462058,15794.52139287324,0.9556821383199531,10.877990675261245,0.5709342108497809,0.0
1133,437.4028845641422,0.0827946718908612,0.0,95.28188326109678,129785.1198154196,37.52166843606844,15786.28745646209,0.9860053376024525,10.929997475243496,0.5722876564314634,0.0
1134,436.8915205524932,0.08291476351940485,0.0,96.73085449032106,129896.60075889502,37.517885251657844,15778.05823444186,0.9957039313529852,11.001072127043173,0.570382225773828,0.0
1135,435.4826752942191,0.09118497553618121,0.0,94.80792826147231,130006.24861892391,37.47754455952779,15769.840112075892,0.9636545519053382,10.788226581256469,0.5716748627879111,0.0
1136,435.2528459378078,0.08388323678652809,0.0,94.32105466728356,130115.32496051188,37.53940499973526,15761.62030342075,0.9963058809322081,10.988573257613389,0.5573842661023908,0.0
1137,435.043579707195,0.09507908160825651,0.0,99.0566852008643,130229.18097207928,37.42433462999418,15743.818409094054,0.9837239785889526,10.67285230242654,0.5595349242980614,0.0
1138,435.4235300838931,0.08700826149931706,0.0,95.64029957010146,130339.56089378303,37.487833695614604,15735.623362779941,0.9970431136112987,10.887754970429606,0.5677675595134921,0.0
1139,436.13188006287965,0.0821073091257748,0.0,98.54220687512336,130452.86661464737,37.67674655019051,15727.428192370067,0.9909146893346154,10.672842091669294,0.5661556540088432,0.0
1140,434.16978595263566,0.08535031848407493,0.0,97.55576035111396,130565.2149422933,37.5105872195326,15719.237708020517,0.9945733608611269,10.635728745333322,0.5663640564627737,0.0
1141,432.7731790286356,0.08886187338295226,0.0,96.49578040169138,130676.42861551372,37.249199721501306,15711.051906957367,1.0048049875586405,10.597862707266504,0.577846246230518,0.0
1142,429.8822772014856,0.09464115351167623,0.0,93.60607748868223,130784.67302224431,37.46503537298312,15702.87078640844,1.0033587939920217,10.551859382059918,0.5758420367152223,0.0
1143,438.3425412743989,0.08309060381723321,0.0,96.02717535724736,130895.26705376737,37.52147596134551,15694.694343603296,0.9857496156680167,10.504865504555697,0.5795774103421019,0.0
1144,439.30821879247696,0.08136158174634411,0.0,94.72910961865915,131004.74204664145,37.43907256112915,15686.522575773237,0.987149206256445,10.483453364685229,0.5768403826362937,0.0
1145,441.4576493130701,0.0773524263092712,0.0,95.74003817068937,131115.23136449952,37.39304808187831,15678.3554801513,0.9872596268213268,10.451869725535262,0.5783668491085407,0.0
1146,437.7678665344502,0.08029460454744308,0.0,91.76888517493508,131221.78744655426,37.34866926754967,15670.193053972262,1.0025513793409053,10.76097950182427,0.5795110307171543,0.0
1147,442.03643490326914,0.08221599585545036,0.0,96.42053798112401,131332.9460263949,37.35498923611264,15662.035294472636,0.9821261724979032,10.44703644794663,0.5764604325966115,0.0
1148,446.12622294853367,0.06270229066049327,0.0,91.91523103205824,131439.6273617022,37.27331949930089,15653.888508373388,1.0064136398829042,10.774976496241736,0.5771256498335845,0.0
1149,442.0859067242057,0.07263593581444194,0.0,96.78794610182923,131551.4815364349,37.4736411899919,15645.746376491348,1.0067243838820596,10.456774381859088,0.5785555403466156,0.0
1150,441.7137401301727,0.07565451568869763,0.0,95.46794264340308,131661.8963183369,37.31435584585665,15637.607913522519,1.0014619989558347,10.454767791912161,0.5791048369524909,0.0
1151,438.92790787166854,0.08369312173337384,0.0,96.71981881333824,131773.5225967456,37.36046018746099,15629.47508182466,0.9978027411863121,10.437777276496888,0.5787384478448937,0.0
1152,439.8532840987225,0.08678342520911664,0.0,96.88945761458044,131885.239742955,37.37658551824727,15621.346896097213,0.998484932287565,10.428393487430855,0.5782564547868405,0.0
1153,435.62730114727333,0.091882773114909,0.0,99.12100403945433,131999.11325803323,37.48195925291445,15613.217045192783,1.003603363606374,10.412538926707853,0.5778873577353602,0.0
1154,438.88486392746466,0.08219102396401501,0.0,98.12149284225569,132111.93124456724,37.43723698634329,15605.091841708756,0.9860946939976406,10.404594326569326,0.5776461261641164,0.0
1155,441.20379831330126,0.08018276466854479,0.0,94.33095616149976,132220.97982619668,37.35215689566481,15596.977577426505,0.9911046089888641,10.379847214047482,0.5753121879727816,0.0
1156,436.53255749973994,0.08630946527424654,0.0,96.66201997820045,132332.37159436135,37.36877071328607,15588.86165361197,0.9854168451374814,10.376944158427271,0.5752076017281523,0.0
1157,440.9674202943665,0.086079809356012,0.0,97.97078020141166,132445.01519500578,37.42229877938934,15580.750368981575,0.9841536361546424,10.346403083837203,0.5580768483436611,0.0
1158,436.39682893493216,0.08917667995263101,0.0,96.21916577951953,132555.90617609807,37.321861219350396,15572.6437207908,0.9895050818364104,10.338035994668193,0.5772722917222307,0.0
1159,435.761526122991,0.09105860984390468,0.0,93.91224571444305,132664.4300672571,37.19161033062897,15564.54170629685,1.0086968200580495,10.329199944443861,0.5768412882236573,0.0
1160,436.2765424352058,0.09669228145570341,0.0,96.85334879011052,132776.09562116244,37.262977262474294,15556.444322758643,0.993110221644777,10.310289732274647,0.575483661430111,0.0
1161,435.35412454910744,0.09908156700889448,0.0,97.88810282150443,132888.73782895404,37.289813486460616,15548.351567436823,1.0048388266022947,10.291987510836055,0.5751384986231607,0.0
1162,440.7330448932833,0.09872899997931583,0.0,97.13129028802167,133000.58656035573,37.29178806491253,15540.26343759375,0.9903000968371065,10.277255270831722,0.5756555319849663,0.0
1163,445.01636832548087,0.10030749651156146,0.0,96.29928096273979,133111.612070213,37.38595261693007,15532.179930493501,1.0067738886969748,10.278928405593284,0.5747455077574279,0.0
1164,437.15002165586475,0.10997503672161879,0.0,98.36440166117269,133224.6961278329,37.61526028083095,15524.10104340187,1.0080429131975182,10.26370841895794,0.574660414220292,0.0
1165,433.7971135834094,0.11526251262044418,0.0,100.69128686621038,133339.9702772634,37.4996626361569,15516.033006075055,0.9994381934464759,10.24678721169747,0.5744407148602204,0.0
1166,432.0906481390353,0.11759147228310696,0.0,99.595633849406,133454.07300486963,37.55806465468818,15507.963343949155,1.0089787151782696,10.24800768666878,0.5729724130294555,0.0
1167,432.59668695873904,0.11481807920589582,0.0,93.60587343748746,133562.36039340452,37.29866666124909,15499.898293647077,0.9717855145051175,10.230976099866423,0.5736928674305258,0.0
1168,440.52662330374653,0.1073269104153306,0.0,95.05685488102509,133672.10375070633,37.43147832187311,15491.844071226213,1.0042222525013713,10.240546819720784,0.5732976791882078,0.0
1169,436.6046175359758,0.11535904220126347,0.0,100.36570111473999,133787.25730520263,37.463025756026155,15483.78822955073,0.9865390873159661,10.232477701498194,0.5729346228885752,0.0
1170,429.3129743006466,0.1239941014135848,0.0,100.0268020776621,133901.9538048896,37.0962930182125,15475.73699152963,1.0055021739845953,10.249113938036503,0.5725788795464741,0.0
1171,435.4702615800461,0.11899735603580763,0.0,103.54611105886804,134020.0431452461,37.215179628059225,15467.690354440667,0.9920819327343054,10.252571088443842,0.5713836294053019,0.0
1172,428.74339552040817,0.136046741826245,0.0,99.75930791159794,134134.3906968608,37.21879274108842,15459.679604225934,0.9961373645383071,10.271884124506366,0.5701550239876905,0.0
1173,432.93330670031645,0.13216773411216276,0.0,102.56793693249205,134251.26034584024,37.23101341258512,15453.860695921885,1.0036752920275485,10.283059706510047,0.5718447972297344,0.0
1174,433.9616534964736,0.12274848885933554,0.0,99.53419135644177,134365.21624950785,37.235440274574046,15446.393916358458,1.0019064275462992,10.288294100368445,0.5713210673818871,0.0
1175,436.9651754273829,0.11974661138714249,0.0,100.02060934597695,134479.75608809377,37.181408375399684,15438.362558325432,1.0071639567438764,10.290986575636792,0.5714063948630316,0.0
1176,436.39145722522386,0.11958890491035734,0.0,99.792893964973,134594.29767142155,37.42848065115652,15430.335791046124,1.0117615648070801,10.258480142733202,0.5712026384601453,0.0
1177,440.44939571376074,0.11304839187771298,0.0,99.28328600521749,134708.3222856106,37.364603501080644,15422.31361180476,1.0004662644968365,10.249587447218088,0.5709660565376176,0.0
1178,441.06423846889936,0.11320141582740284,0.0,98.7535080387922,134821.88277159378,37.24770426287996,15414.29601788727,1.006127522293836,10.252114945509826,0.5707293771728202,0.0
1179,444.37808544880363,0.11589562115120244,0.0,98.56888548153736,134935.24565419962,37.354108314905716,15406.283006581294,1.0141526025148822,10.254966165786081,0.5651487160316673,0.0
1180,445.9384215839971,0.11168929611943734,0.0,100.31275656299233,135050.3198199969,37.249187884299076,15398.27457517616,1.0044782466764515,10.2593935847266,0.5705684576919404,0.0
1181,438.888767926121,0.11798081878882827,0.0,99.21614063614726,135164.34166328682,37.28335643071753,15390.300030039032,1.002899666126785,10.259959384995767,0.5703638947485999,0.0
1182,436.08872744038274,0.11756573821631555,0.0,100.41722900927529,135279.480294725,37.20168009113553,15382.306860947856,1.0064988946370503,10.273271500182029,0.5701700802930932,0.0
1183,435.59820225266566,0.1226999158809493,0.0,100.0756652296729,135394.25406686004,37.328026128433585,15374.318256914026,1.0024072267930186,10.269264522052133,0.5700032470407267,0.0
1184,438.2016765114217,0.11864199924134444,0.0,98.44035225480002,135507.33516564118,37.340919020982646,15366.334215241066,1.0127454197071428,10.276083212053821,0.5688370011152305,0.0
1185,440.10496203219896,0.12109289904861553,0.0,101.96963398947614,135623.96202819416,37.331818135334075,15358.34859035674,1.000821234871053,10.28345956793507,0.5697423159136769,0.0
1186,435.1035830166324,0.12594506774928482,0.0,103.35677628487088,135741.93969687234,37.37248138165901,15350.367529202551,1.0011540631970794,10.29828392751163,0.5687778468301318,0.0
1187,434.868686421215,0.1269138605200134,0.0,103.34892713972032,135859.8278928877,37.444524551999834,15342.391029079654,1.0005922720479783,10.297989651141776,0.5687748463900278,0.0
1188,436.3315277259064,0.12441176468142312,0.0,103.13643552077626,135977.43438473184,37.31534234449359,15334.419087290884,0.9980942200565104,10.318171136667493,0.5694786385357125,0.0
1189,444.25466173582356,0.1107143217907256,0.0,97.4466142228672,136089.3624478833,37.109641608866944,15326.451701140773,1.0139197917080203,10.320372244078623,0.569404047124586,0.0
1190,440.3469562022501,0.11271259612710727,0.0,100.95966503756775,136205.03631435416,37.26601055573589,15318.49497710141,1.0008820277733816,10.312923202577277,0.5693358305135613,0.0
1191,443.797635568197,0.10890268356759014,0.0,98.05917229091774,136317.7564495004,37.250034826537686,15310.53668742889,1.0060179329397245,10.333360065068996,0.5692609734960771,0.0
1192,448.8234062070796,0.10268988377732435,0.0,98.74298739536843,136431.1894926558,37.2414663687372,15302.58294532615,1.005820548782812,10.335174627772982,0.5692165012276423,0.0
1193,448.32794494283377,0.10051648661440649,0.0,98.99889391363466,136544.94481380412,37.22034886899492,15294.633748104465,0.9952879214935635,10.346541250948068,0.5691763833984124,0.0
1194,445.71341556343526,0.10227978340575439,0.0,99.36202240476119,136659.06760847772,37.215216930837364,15286.689093076793,1.0049575745074546,10.358585207005135,0.5691529693335834,0.0
1195,440.50143791941343,0.10872133773792658,0.0,96.04555841114488,136769.839457602,37.31327021214565,15278.748977557781,1.00701525596158,10.349328361384632,0.5691463094467762,0.0
1196,442.6973264532401,0.10780431905336196,0.0,97.88851400459248,136882.34858283552,37.2849747007477,15270.81947450305,1.004998752358095,10.352202779557556,0.5691275358649778,0.0
1197,442.86053925829793,0.1089071537866314,0.0,96.87489982780446,136993.8587493522,37.26079324287592,15262.888423268816,0.9936232421690542,10.34657770876929,0.569113221010051,0.0
1198,445.69013872909375,0.1084484637008436,0.0,96.62427439881657,137104.96015571494,37.309624043122156,15254.967972460709,0.9971311324785124,10.354562672846699,0.5690919589946084,0.0
1199,437.4738169900321,0.1122716053621069,0.0,92.93163437563972,137212.43759206834,37.13893888177755,15247.045974812056,0.9754495304418479,10.376367483747348,0.5690820073510054,0.0
1200,442.9711015230297,0.10181131764018458,0.0,95.93478375289925,137322.82375671066,37.25256561560646,15239.12850328518,0.991166145703483,10.737048403087313,0.5691009789715403,0.0
1201,434.6727672734005,0.12119690994086141,0.0,95.58403810058876,137432.9794392493,37.36808924878975,15231.21555520479,0.9832470216441985,10.40994559641165,0.5633688530955245,0.0
1202,444.69755056361305,0.11080662313715117,0.0,93.66239954055308,137540.98435631467,37.32356078188357,15223.30712789727,0.9813502414868077,10.415323949901392,0.5632679549016664,0.0
1203,445.3114986337595,0.11020002055597289,0.0,90.41249504881964,137645.84890011378,37.299997473117195,15215.403218690677,0.9413342474861203,10.436675927814566,0.5695417034832517,0.0
1204,446.77336385542316,0.104525859704237,0.0,96.75605958601541,137756.99382814643,37.246676051931495,15207.509860564931,0.9749077478898054,10.813422512734942,0.570375195676542,0.0
1205,438.23346406536,0.12580151378703497,0.0,92.10136001942224,137863.52507291827,37.316002040173636,15199.621008562031,0.9654260616775256,10.505169099692617,0.5709028814686506,0.0
1206,444.34228026359204,0.106355388125148,0.0,96.81389980590313,137974.5423327814,37.496610191022654,15191.740093510494,0.9853682795939438,10.861811958984635,0.5709981142812847,0.0
1207,447.2710974770713,0.10150551951161269,0.0,96.91062813317,138085.83748155294,37.544804904189924,15184.290660375593,0.9825946825135591,10.88129259715152,0.571176793364139,0.0
1208,445.00123524641486,0.12146739908292614,0.0,93.9955981424111,138194.58194712375,37.3224594692509,15176.896625823772,0.9555119317377697,10.57215042513371,0.5721329635763096,0.0
1209,447.07149083669924,0.11144613993349017,0.0,97.82468515498691,138306.98116817643,37.40854496172278,15169.50864788265,0.9899838659125433,10.937717097544255,0.5722533853409703,0.0
1210,444.7122290372125,0.12172219593955946,0.0,97.42252904906097,138418.9867749166,37.59437959536495,15162.117206914592,0.9840380595857466,10.612791817428427,0.5683870720317492,0.0
1211,440.8533935931396,0.11833638523786993,0.0,99.21407618285562,138532.67560057185,37.568451616611405,15154.749516523962,0.97264821086569,10.625825921638656,0.573208605210656,0.0
1212,442.17493171199544,0.11279776184262291,0.0,98.86392329572983,138646.00289936987,37.488334291520914,15147.371682189745,0.9873826514073653,10.979228116213877,0.5733445207737643,0.0
1213,438.6996802956091,0.11733346532824696,0.0,100.19195191871084,138760.68129129004,37.58456587516468,15140.059405601258,0.9876100061642803,11.00424372219301,0.5739381948676264,0.0
1214,438.0783462669068,0.122594622373702,0.0,99.28560290446296,138874.4686791159,37.539557522097056,15132.735763639426,0.9842181449195467,10.695652050053427,0.574534499095951,0.0
1215,438.7201548636786,0.12230896939449853,0.0,95.41169384505339,138984.27893856325,37.498188962041695,15125.134327175394,0.9970135198787857,10.705805832517385,0.5746943815209213,0.0
1216,433.24405539183647,0.13289979450993017,0.0,98.44735777925823,139097.1008575989,37.459576079453484,15117.288842114445,0.9891614311127476,10.693997405863115,0.574859197596814,0.0
1217,434.0616241604849,0.13175679092691284,0.0,100.4585130183896,139211.8407803924,37.28242200755203,15109.447751349493,0.9875806080205901,10.6959470856276,0.5616119829311489,0.0
1218,432.0103068341706,0.13837115948124923,0.0,99.30287681373446,139325.45062347877,37.448855790388,15101.617248531113,1.0065882620616067,10.689479241459566,0.5758049055152252,0.0
1219,438.3321206250168,0.11864217941996202,0.0,98.14882855635837,139437.81039996585,37.47123757146806,15093.785052995148,0.9821740244038626,10.68670169508537,0.5758914272520094,0.0
1220,443.7555811590933,0.11588469728725337,0.0,-1099.1006958938738,138353.11047459557,37.12534007379264,15036.038940694649,0.9768244872495204,10.694516913855782,0.5759695477134821,0.0
1221,443.77397630853955,0.11018417902012656,0.0,96.25265970416491,138463.776740233,37.11042455003672,15028.215559279422,0.9876771884312529,11.043081186548667,0.5759768805626069,0.0
1222,444.5394690930468,0.10641152406364218,0.0,97.52913707116835,138575.76061554332,37.07243346704407,15020.42646094517,0.9797837791781482,11.055650037323195,0.5764420459885699,0.0
1223,447.2661163615591,0.09440312406934792,0.0,96.66271803627808,138686.91945954377,37.01479636414031,15012.612066901675,0.9788926779213208,11.070699893750733,0.5768999041071482,0.0
1224,448.02365929276044,0.09575907803002837,0.0,95.2126323028207,138796.72020112164,37.10228720461687,15004.80209936228,0.9813174187584767,11.070457780038431,0.5773540794377254,0.0
1225,457.1741567551672,0.08283606286705747,0.0,95.25052471466488,138906.57080634258,37.236742015684165,14996.99659437579,0.9763447226569912,11.074245776445213,0.5777846309655286,0.0
1226,454.7322451584961,0.08524952518943363,0.0,94.2484938325869,139015.54516162752,37.18105785056594,14989.20050470382,0.979584783689669,11.09668017423155,0.5775566566147242,0.0
1227,457.67929347967487,0.0691869402800942,0.0,93.12854312980973,139123.34051543009,37.14394340240314,14981.404021396884,0.9811322988172712,11.116454278715883,0.5780518762192559,0.0
1228,452.3803338593016,0.08812056717980432,0.0,94.48585011614092,139232.64653064095,37.14939289357222,14973.611926425614,0.9863033133695659,10.772433334625157,0.5644553293016444,0.0
1229,451.0320978602226,0.09248038133723124,0.0,93.72918872302907,139340.96908854085,37.08971473555329,14965.824273038043,0.9757403006843874,10.773337036995287,0.5583655037425017,0.0
1230,455.159864889258,0.07687713397082407,0.0,-627.8797579788726,138727.62064864367,36.892316771275055,15300.066764494171,0.9729010053887823,11.115196113857435,0.5685210553651323,0.0
1231,454.8715944642181,0.07719846966495914,0.0,92.41792462320649,138834.68333827952,36.86107609021188,15292.099867132914,0.9866602109682819,11.129206565181446,0.5690227285107963,0.0
1232,454.3054202544992,0.07742499102279499,0.0,92.66978609142785,138941.97013332255,36.92128291643265,15284.137584742093,0.9786290927516796,10.788574033047789,0.5826218038366919,0.0
1233,458.78827147833704,0.06531844281987609,0.0,91.01635282360184,139047.6010887002,36.83325641526807,15276.179750782245,0.9824471661396184,11.141076743356004,0.5824136558337801,0.0
1234,458.46169368522044,0.06665560459412401,0.0,92.16575484786588,139154.51535019005,36.81420099147675,15268.22649947779,0.9800630754165187,11.143810757359212,0.582679267361186,0.0
1235,464.0450118663926,0.06235468425672508,0.0,93.59291778102055,139262.84005969236,36.77484216822985,15260.27774248135,0.9751301734648813,11.165163905100307,0.5690491966672402,0.0
1236,462.92491551001626,0.05465706344559673,0.0,90.50152220549678,139368.13306173135,36.83467012982022,15252.333667761615,0.9888115305630296,11.176596582554103,0.583898872742927,0.0
1237,460.5314606763146,0.06146096438562931,0.0,95.16961496957313,139478.13090992608,36.94369584769579,15244.399911804112,0.9801456911866073,11.180427054380862,0.5695259410434104,0.0
1238,462.4843069091916,0.05909455259786767,0.0,90.07348619358308,139582.96591737616,36.92989517452052,15236.470793263728,0.9834482442985187,11.198443142833073,0.5697688964952894,0.0
1239,462.7764293593755,0.05936298277293628,0.0,87.128494363915,139684.8815890151,36.938607194265686,15228.54021251555,0.9835485555985395,11.209131266059556,0.5716773247982972,0.0
1240,470.0321274052451,0.04072074725254926,0.0,88.05097656761896,139787.70803035572,36.92950930292975,15220.614168121938,0.9773790793615341,11.215388058563624,0.5713611685703173,0.0
1241,469.45494306882745,0.041015086943263834,0.0,89.31243644970296,139892.0087562548,36.90030636929772,15212.692694887695,0.9686156421677948,11.210502467626846,0.5836265225405041,0.0
1242,469.5772108921534,0.04025485451845845,0.0,88.90551210486052,139995.89283178066,36.92962921011088,15204.775618523843,0.9805412326460597,11.226267025013502,0.5853047968640358,0.0
1243,464.26301856736376,0.06732187716116933,0.0,93.16291532336419,140104.03161648187,36.76324667677072,15196.863113613159,0.9745443605351364,10.889052882880438,0.587255131952034,0.0
1244,465.43086070039226,0.05737394986635602,0.0,92.7006838636338,140211.42708058454,36.78209215314829,15188.955061884835,0.9722780461279003,11.231867062338836,0.5880688011268069,0.0
1245,459.7039089818452,0.06844717721753513,0.0,92.62444442523953,140318.84001715842,36.82862096959855,15181.057351556952,0.9748224794154885,11.250258670586883,0.5846143445041435,0.0
1246,455.66074407192775,0.06630016324354082,0.0,93.02255992567243,140426.52929827568,36.822497366268124,15173.164133559134,0.9800198367755721,11.275749447176164,0.5760704493777239,0.0
1247,458.29769831116386,0.058372201395784806,0.0,90.01340786044153,140531.183665832,36.86942531186252,15165.269640937813,0.9762157204148431,11.294753509525751,0.5836354521574495,0.0
1248,459.62144376904433,0.053807695620920026,0.0,92.04591037356833,140637.95406235236,36.80082492682348,15157.379661604957,0.9692730006927345,11.299297669560362,0.5844137914874423,0.0
1249,458.97660630585796,0.05673463149228353,0.0,92.7122351721546,140745.4174174259,36.83466616387317,15149.494169605488,0.969984525353477,11.326631220080607,0.5839222698775264,0.0
1250,459.44933548826464,0.05069983622600238,0.0,91.38722016341436,140851.4872753335,37.30667609954317,15141.613208155422,0.9734012549716128,11.353006101106157,0.5843749651467823,0.0
1251,463.55727688441294,0.042824973372106445,0.0,90.47053316748313,140956.64966740407,37.33139539807366,15133.742513655141,0.9699021411810353,11.362417822828702,0.5832843406190904,0.0
1252,468.3611530709537,0.03691859193202085,0.0,86.97048187815852,141058.40902937227,37.28363992625954,15125.87044029958,0.9727571106322902,11.385068536166964,0.5835560957796112,0.0
1253,466.3149776277663,0.03562995017123616,0.0,87.86401452489852,141161.11342438165,37.300059471524946,15118.03171095034,0.9802163980737703,11.381513802265152,0.5843503438179496,0.0
1254,468.5315409817328,0.03268251607713035,0.0,89.42905073894515,141265.3716400726,37.35005420552852,15110.197339060294,0.970136924759537,11.392139557619174,0.5829127114963869,0.0
1255,470.4543513366774,0.02968267877773212,0.0,84.73340114037197,141364.9621280048,37.16987066404779,15048.427175750587,0.9752081139773592,11.417530021136503,0.5825766585240097,0.0
1256,464.37958254675107,0.03670732514266695,0.0,88.74411607374347,141468.58326960253,37.171112844020925,15040.601865531784,0.9704589921174464,11.42170314982236,0.5814404773321168,0.0
1257,466.115867761358,0.034156851224240725,0.0,88.11631509497673,141571.48471364786,37.102960342722014,15032.780805580343,0.9670936851397396,11.445479154230226,0.5823633129362188,0.0
1258,468.31399095200544,0.026899445027881552,0.0,86.37832719456868,141672.67708965373,37.12425236917849,15024.964270432065,0.9733244234914351,11.4722514187013,0.5845009414666886,0.0
1259,470.79173441992134,0.028526371869945444,0.0,87.72013922990347,141775.2757427878,37.19745567158782,15017.12339045154,0.9692864772056262,11.47403750007395,0.5838169595752558,0.0
1260,471.33340646971254,0.029506505217512302,0.0,89.92691825570967,141880.07988304208,37.1732651709255,15009.28694385739,0.9565453101574283,11.480908059203331,0.5829286483513801,0.0
1261,469.3122863714366,0.028424566667092033,0.0,86.1074874621356,141981.04081580925,37.15640474385444,15001.460688841351,0.9713401177382494,11.494215148027942,0.5837228122845285,0.0
1262,465.4917152727799,0.033431231524673866,0.0,88.99250827967383,142084.90228803374,37.07360345827407,14993.633210991195,0.9657776221565905,11.504000023175381,0.5827023454762446,0.0
1263,469.5560197830502,0.025687450422584912,0.0,85.49125463498201,142185.2138804767,37.107511576133014,14985.810294305002,0.9671385190916307,11.510897340868363,0.5807405335978637,0.0
1264,467.42732059002014,0.028153178156914982,0.0,90.25447327822587,142290.36927587603,37.10072709642541,14977.997416806851,0.9673934555680932,11.538579974001905,0.5808083702997553,0.0
1265,464.6107129709483,0.029132333807321276,0.0,86.70501873424796,142391.92988527374,37.082873344952105,14970.189149076183,0.9850110453788661,11.540285204972484,0.5822754518038256,0.0
1266,466.1565802391034,0.028811176579162656,0.0,84.36135659130144,142491.29229722437,37.03685130046767,14962.37979846894,0.9998929206599094,11.546921448376379,0.5820838171826473,0.0
1267,457.5978348249284,0.044004195172212546,0.0,87.31707460195354,142593.60798193867,37.113399163202274,14954.574845936762,0.9893391458363809,11.545411428184865,0.5722836990044733,0.0
1268,456.84460778242294,0.047505882318114034,0.0,91.45036680246785,142699.88859680158,37.07032124536874,14946.774330476635,0.9978402180935279,11.529929185918425,0.5733496401050059,0.0
1269,463.4323822954953,0.03963628492107585,1.9309286888840393e-07,89.70032928582431,142804.53740296033,37.06775625797952,14938.978181524859,0.9944725439376083,11.541362452073924,0.5637389290041815,0.0
1270,466.27289783878587,0.033350092846449075,4.6913354090991196e-07,85.815395881018,142905.44037085245,37.0530902402528,14931.186580716727,1.0014038583167961,11.566630616735802,0.5637440597222285,0.0
1271,465.8225286275194,0.0434657891900837,8.106428828242537e-07,90.92431245941026,143011.5038521898,37.035505667521235,14923.399410924834,0.9966574041217351,11.586277684132412,0.562959908921897,0.0
1272,463.5286115731193,0.04498930763209896,1.0332508720578496e-06,91.17595612964502,143117.73069364,37.11293822038009,14915.616652991253,0.9883768478036578,11.607022865222307,0.5634833310499467,0.0
1273,470.8381716474735,0.038423319746933804,1.2386534870931893e-06,89.93213122606325,143222.68186940032,37.139322866111186,14912.289295700393,0.99481534215374,11.637017783899404,0.5633396401886756,0.0
1274,468.5643126924181,0.04104836801438705,1.5130525123981678e-06,90.72966052378897,143328.52227837805,37.072380741539355,14905.47736702697,0.997394235774687,11.650737018756319,0.5641730629071532,0.0
1275,468.30775108401133,0.04028565792286565,1.8718655739929136e-06,88.49469424863835,143432.2413946446,37.10395549093206,14898.669836802872,1.0303442169128487,11.679421900569736,0.5641855387840933,0.0
1276,467.6980282492489,0.05749450965118019,2.423398967888977e-06,86.07655072133191,143533.75744684035,37.104573899470005,14891.866864177911,0.9945470528156746,11.348360804620029,0.5751543166638524,0.0
1277,464.7805189005719,0.06182888520436314,2.5698466679535595e-06,92.82643003737778,143641.74893490973,37.101775743669336,14885.068300380288,1.026973891588392,11.705890549822476,0.5755808496716648,0.0
1278,461.77773148355783,0.06899908671681731,2.904011688984333e-06,88.41815440344602,143745.65748727776,37.14375840764859,14878.274117925028,1.0043805990200774,11.362390324296259,0.5754034485050891,0.0
1279,465.732056288094,0.05979518189612465,3.159434204893624e-06,93.12050783381227,143854.2232810072,37.09912622340244,14873.315089207572,1.0171100873937895,11.708615364164146,0.5624418459052389,0.0
1280,466.2752796976181,0.060554973133920664,3.5109329827280957e-06,91.42974626955943,143961.21633386638,37.100830427559835,14868.439356243069,1.0224136265237669,11.723535412026065,0.573072302086506,0.0
1281,464.72229525376423,0.061343185182576976,3.851763949775863e-06,92.59173713947428,144069.34987334287,37.09762782293145,14863.568080084338,1.0287351983900865,11.729217610528083,0.586257563626463,0.0
1282,463.6689997864961,0.06293862842888698,4.181705617229828e-06,87.61722324658105,144172.47850994754,37.11817426824537,14859.14116270964,1.0074037177514517,11.37747435283513,0.5875344024823824,0.0
1283,467.9277115481746,0.058703896934066746,4.500842110297081e-06,92.03780383189324,144280.02688349196,37.11198731185643,14855.82832818708,1.0206899017610584,11.713843648803065,0.5906201000953726,0.0
1284,463.0498409046767,0.07212409479702864,4.862681646643661e-06,90.8205298290721,144386.38852212526,37.11497392737563,14851.96690594237,1.0068857663068422,11.36366682449343,0.5940452651409509,0.0
1285,463.90293966396246,0.07940637226262726,5.0790510999925345e-06,95.04582151863708,144496.7776921751,37.12078790925119,14848.651100544772,1.0243157725395875,11.364479609582713,0.5933511270316777,0.0
1286,461.8985473033179,0.07482766125632889,5.216363381477238e-06,95.3035255744175,144607.35877875172,36.9931823616828,14844.670936070443,1.0449303842679947,11.372489453101203,0.5932352320424676,0.0
1287,465.4431247630075,0.07866831338163915,5.567242862671629e-06,95.80075158930983,144718.72570930162,36.99414889088133,14841.4005066634,1.0427120365188867,11.36024293543497,0.592889276148497,0.0
1288,471.4369350579441,0.07726985994560187,5.874346457894186e-06,95.79539812532722,144830.0209098348,37.079325578920994,14838.162689292138,1.0452093865558263,11.363206572277116,0.601748091232474,0.0
1289,476.7086988967661,0.07479351168685211,6.193751411911305e-06,93.56931483563662,144939.13558356764,37.20885469288189,14834.901276200218,1.042779337867896,11.357589526905576,0.6001168136362189,0.0
1290,479.957875877344,0.06512028082354782,6.536833499286846e-06,94.20305271174144,145048.91229708906,37.145452998525414,14831.644152078812,1.045508218569775,11.356261311592029,0.6257752721359823,0.0
1291,479.21040397627183,0.06949127165856162,6.979988067815229e-06,94.89104792746271,145159.42312104895,37.094813285790686,14828.391316981606,1.0451028766032424,11.344193753964,0.6241920072208902,0.0
1292,483.6095387501016,0.05870470156216301,7.373024509985182e-06,93.22505780348285,145268.2084424737,37.4255262538047,14821.375623110316,1.0410602596768828,11.311260342115427,0.6205234291338451,0.0
1293,476.3553867129913,0.07426478642963008,7.877600633204657e-06,96.37791009067043,145380.21067993852,37.619116133288635,14813.683201773074,1.034280134609119,11.291956014657377,0.6155146466344374,0.0
1294,475.7182573967348,0.0803127481554965,8.212540787542992e-06,97.77580360131998,145493.44070371627,37.61276408014959,14805.995163558337,1.0387279208786302,11.279371753263224,0.620133655436342,0.0
1295,479.4491207287577,0.07009237445688166,8.500304264772377e-06,94.7734681601939,145603.65986874566,37.06201478239814,14798.31154202073,1.0384460160951874,11.252937822901403,0.6187289234876866,0.0
1296,470.285843504602,0.08437994335166399,8.894346621515663e-06,97.1916159617496,145716.39226305913,36.995278607073224,14790.637860734076,1.0289153369274404,11.240622260151282,0.6172823396790753,0.0
1297,476.13741028395515,0.07456244101310083,9.133096158993803e-06,93.59014112010695,145825.36910997523,37.0480711569594,14768.855977164905,1.032680258073642,11.248024529540709,0.6158913678802026,0.0
1298,481.862275616906,0.07460738441158399,9.474211589448205e-06,92.79004914034152,145933.613023395,36.976531202507125,14761.18547483289,1.0345680557093329,11.228410790710612,0.6138990066159075,0.0
1299,480.97460517272384,0.07545499632715047,9.81197903733737e-06,96.10512157468378,146045.16728488135,37.04480853736873,14753.544641915154,1.0350426379791138,11.22529696177064,0.6133402941580525,0.0
1300,472.7406051739617,0.08803396793656437,1.013788408119134e-05,97.9858053661161,146158.56350630487,36.969522348937296,14745.9104075795,1.0327263343177095,11.212794988083845,0.6121247546609152,0.0
1301,475.56239695290014,0.08612599511986851,1.0327195734021484e-05,97.58760303637217,146271.40336217723,37.063170547597544,14738.252949028316,1.0283302789071005,11.213551081640201,0.6109530532009065,0.0
1302,480.3860775381485,0.08336517391662013,1.0535093719177452e-05,95.08336275510592,146381.7471644268,37.1334128248596,14730.599852655372,1.0433583840368232,11.203841506924892,0.6098404497883979,0.0
1303,476.9150982760326,0.08555965405978205,1.0770511611253256e-05,96.90541932940623,146493.92360653164,37.16555451533483,14722.951115929336,1.0341255698516116,11.179118964347413,0.6087702218262373,0.0
1304,477.27930977650385,0.08465099463780568,1.0980516375521894e-05,99.00336813274274,146608.15197832344,37.13692389497124,14715.334203962453,1.0217725534149553,11.177033424325378,0.6077205062012795,0.0
1305,477.50295154726814,0.08219435806455067,1.1198319078625674e-05,96.25963298234186,146719.62594699115,37.145615078705575,14707.694148507659,1.0396204758716139,11.160865738766452,0.6067200754711137,0.0
1306,475.25265268741333,0.08905354516928077,1.1440394114248783e-05,97.4354428241501,146832.2586092316,37.130179433835366,14700.063958681674,1.034903534914435,11.142155926998788,0.6055086106588412,0.0
1307,479.0301265459873,0.08318823622134308,1.1607374389369019e-05,96.82395592289045,146944.19337998028,37.04860182521697,14692.432598351754,1.0386427002839531,11.140496567495457,0.6047587452547827,0.0
1308,479.244845930127,0.08178237549642542,1.1852878389013779e-05,96.49901641528767,147055.87104973142,37.05818194717093,14684.832961995138,1.0382623766679464,11.137366823432238,0.6039095813988787,0.0
1309,478.6215352260282,0.08084996096142949,1.21111691629054e-05,96.35308037286488,147167.39528020757,37.09221438395718,14677.23767342721,1.0416008288344518,11.126041819408211,0.603045753552456,0.0
1310,477.75186268303196,0.08233306454247225,1.237711264503044e-05,98.12087518896298,147280.70057185943,37.19175615549421,14669.61931893386,1.026905939061675,11.10924480243323,0.6022097926607917,0.0
1311,479.88675336017894,0.0828744626936121,1.2624950141879488e-05,97.88036733105092,147393.74329829204,37.148941851899025,14662.00530329462,1.034892986215164,11.10377372762198,0.6013931142477498,0.0
1312,479.2078457086629,0.07933735020526334,1.2864839583440952e-05,95.41946617592347,147504.32299084775,37.256862909522724,14654.395624000237,1.0336546443946997,11.089815370497348,0.6001789914998008,0.0
1313,479.63465697978774,0.07903234738916076,1.3140237305765754e-05,98.73427039944886,147618.2214001229,37.260209544026544,14646.790278462171,1.0314360082791783,11.082993124080781,0.5982600040917087,0.0
1314,476.8677849346461,0.08449012401175515,1.3457089165295602e-05,96.74198964335586,147730.13919373282,37.291008274624815,14639.216521078857,1.0401558521746188,11.070443925009211,0.5985776389814732,0.0
1315,472.6983393706656,0.09023246541232266,1.3713082773933995e-05,98.17400932000317,147843.44524767474,37.358181532738044,14631.647062379592,1.0243430283429305,11.062312617127828,0.5973324919310461,0.0
1316,470.4839290006066,0.09403000895537483,1.3905653606073713e-05,99.45180208633624,147957.94735455452,37.2938413117364,14624.054642872728,1.0308816540545032,11.06521867680067,0.5963642961180471,0.0
1317,468.80471716502313,0.10084734688463615,1.4055977043573998e-05,100.20915859776179,148073.14122058908,37.41766241922962,14616.466547001493,1.032032204429294,11.05691636932639,0.5951064910832107,0.0
1318,473.2767024743993,0.09630711714683748,1.413224427255158e-05,98.49943937642854,148186.56792858697,37.15182832373736,14608.882772219506,1.032739432793198,11.04674645282499,0.5942249802070688,0.0
1319,468.88286287346176,0.09998353836627205,1.4255863356990925e-05,99.52346579173977,148301.08143314306,37.36488902362682,14601.303316134543,1.0209007784752426,11.038561800238721,0.5962685598156534,0.0
1320,471.6141981092068,0.10077305421313187,1.433904997206577e-05,100.02341788169252,148415.9971705509,37.33797602266486,14593.728174523929,1.02348031950492,11.031334259144012,0.5913896182819758,0.0
1321,474.53490073671554,0.08992092432723575,1.4412828791808332e-05,99.56958950178934,148530.45632149774,37.51440395994076,14591.759500132563,1.012917382979352,11.03733623161033,0.58965401077068,0.0
1322,469.54591212024525,0.09713936605043016,1.452575464123694e-05,98.3650767104489,148643.85758521853,37.308417673724335,14584.186822319429,1.0237605168270927,11.039560444040525,0.5880210795395587,0.0
1323,468.143662629958,0.09971206132238997,1.4560787560507233e-05,98.597519404691,148757.35988388036,37.411140214173884,14576.645507423473,1.0162133378659526,11.0118859383774,0.5872104740971571,0.0
1324,466.0685480302178,0.09658830134252838,1.4567950716029712e-05,100.35113606391434,148872.58068423136,37.31719710369357,14569.081427699703,1.016751432558475,10.996632697471044,0.5872268543704272,0.0
1325,467.2981185497331,0.0990058851690302,1.4608066638956389e-05,101.32113414049977,148988.77182873362,37.37531313290427,14561.521658084059,1.0255275688202246,10.98728189722307,0.5908611951852906,0.0
1326,466.0152521129853,0.10556159656710484,1.4621925426393e-05,99.52236360876996,149103.14595362454,37.17631126359131,14553.966196086369,1.0292689155357533,10.9706594641312,0.593943902835801,0.0
1327,469.38332753522343,0.10655744819356949,1.4565697390616608e-05,100.81886296352978,149218.74943977557,37.349273064684226,14546.42043890977,1.021770145559362,10.960960460221393,0.5933523994938491,0.0
1328,471.3237460698813,0.1020707908788886,1.4499072534035149e-05,98.51311589024039,149332.0799092092,37.425150108008864,14538.87895147876,1.0336372292707132,10.930844388953435,0.5927774066803042,0.0
1329,473.4119389070567,0.102017980315937,1.4480464201376416e-05,98.22961307023523,149445.16157660203,37.1936187159647,14531.363258046253,1.028459125109113,10.903215514363415,0.592191243981867,0.0
1330,466.69694851003777,0.1133210919912423,1.4462331770551947e-05,100.11465090936956,149560.1341994211,37.13253152582483,14523.851859112316,1.0312746860921271,10.874546726658751,0.5809273429422266,0.0
1331,466.10686619072345,0.1099951693639496,1.4401352808723825e-05,99.76800695737742,149674.89125314445,37.1929530144043,14516.317826223882,1.0212435600914387,10.864731039133666,0.5827350322734505,0.0
1332,466.98457455244863,0.11466624245655266,1.4375851276521002e-05,101.96399500510032,149791.86549088676,37.304900150546324,14508.788085864891,1.024200887267265,10.849837091948192,0.5833154665217852,0.0
1333,466.3319938533826,0.11102549511660564,1.4300470221290389e-05,100.49412525696782,149907.36082280456,37.40117883074943,14501.262622476468,1.0259841294539842,10.847745962551322,0.5845424118458252,0.0
1334,471.20805844945517,0.10281342449627351,1.4264027205731574e-05,98.36172381907635,150020.72164967214,37.4201394189015,14493.741446868677,1.026347558743862,10.827697555014158,0.5908520184806689,0.0
1335,468.9505848399731,0.10542611354693576,1.4314865888021627e-05,99.48204507533264,150135.26613523735,37.380677361728324,14486.256721193986,1.0164407611814419,10.811324256664987,0.5902249402988208,0.0
1336,466.6151194496866,0.10718285524609217,1.4337148190588405e-05,99.71513780748701,150249.99303263737,37.42980205369078,14478.776242513704,1.0281976078799848,10.806912020721093,0.5894422840085211,0.0
1337,467.1650577467766,0.10947375959442218,1.4340199126626893e-05,98.8878096472536,150363.81875965846,37.28235798129436,14471.27322713292,1.0139928259566948,10.806351873805484,0.5890231034153718,0.0
1338,466.7049565394627,0.10406943118132783,1.4318482067485254e-05,97.01105656152623,150475.75598835078,36.92884349577885,14463.76909509972,1.0316720661172136,10.806209616713012,0.5729674411476837,0.0
1339,468.7548714463766,0.10107415437796174,1.4354063228721434e-05,97.91745280294116,150588.63999650173,36.77819577519462,14456.269238230234,1.0244106654674163,10.809701916899103,0.588696828175731,0.0
1340,471.17376035035,0.10091285901932912,1.4420875535611866e-05,95.81958792730558,150699.44645735517,36.89663736006179,14448.773654023642,1.0153048632399349,10.815575543687828,0.5881528147244502,0.0
1341,471.09407048600957,0.09532839480534117,1.4488528768424768e-05,94.56147815813678,150809.00513443604,36.78230284703787,14441.28767661553,1.0271906510687068,10.832968755437195,0.5876435291995472,0.0
1342,472.2002615551844,0.09599420912451584,1.461471975096211e-05,97.91802209552804,150921.9342800229,36.862873236809186,14433.805970766678,1.0210788854810589,10.829413059199327,0.5871823882782977,0.0
1343,472.68823045190305,0.09611841670076793,1.4712163252123917e-05,97.93333213251341,151034.85769202036,36.88296308738726,14426.327467507943,1.0214592963326126,10.834980244712403,0.5867394142485894,0.0
1344,470.18610546592356,0.0989662708932375,1.48072178639285e-05,98.83775956955256,151148.674856761,36.89506901479412,14418.848932342233,1.0185774637242517,10.834773587399074,0.5863257040699328,0.0
1345,468.4968239101814,0.1011835967245781,1.4870922762763671e-05,98.09001833671987,151261.69168289047,36.858677814449806,14411.374657283666,1.0226670382254557,10.831004637574653,0.5859321958391821,0.0
1346,462.20923817586714,0.11250160250522667,1.491022564785612e-05,99.84996570348872,151376.43774704472,36.942367854913414,14403.931157009081,1.0180386010317954,10.825825953128698,0.5852323517899639,0.0
1347,459.7211762537442,0.11953368017527399,1.4828481358318005e-05,100.96137764018204,151492.12735083853,36.79982427552548,14396.49190412522,1.0268115242293983,10.837260614568624,0.5852021626101791,0.0
1348,459.5296043710116,0.11904177464787014,1.4672212745066599e-05,103.93312926267868,151610.68277317687,36.835281707267534,14389.061139555406,1.0447859977177592,10.842237213143024,0.5848674809071029,0.0
1349,459.8303117188556,0.11654005286688851,1.4664144803664768e-05,102.90175179839065,151728.6418038741,36.88855905482351,14381.616011982738,1.0373311590105219,10.316207560856926,0.5840590736183566,0.0
1350,447.32567488924906,0.16338872802616766,1.4659351189852321e-05,108.3686548967775,151852.05583200319,37.04329362512518,14374.206922338895,1.0333627477293414,10.336522260868048,0.5835924017029375,0.0
1351,444.3103454856229,0.16699565764284174,1.4155575535716635e-05,100.69068584660859,151967.0740660114,36.68543788231264,14366.775542360874,1.0149532030382769,10.367058421074166,0.5826790828493834,0.0
1352,448.12782297857177,0.17143156859815178,1.3589596818181894e-05,101.93250990839955,152083.27805824266,36.70799724046592,14359.374845610431,1.0099338149185828,10.390920083247591,0.5818516825395953,0.0
1353,454.55161407688075,0.13617954666943588,1.298022646317359e-05,104.06129647804534,152201.6556821816,36.6939108386525,14351.978341642698,1.0302480044360312,10.88002153201388,0.5810971058201462,0.0
1354,447.6937390059159,0.16490023519022412,1.2750074793490569e-05,104.21646917498235,152320.49584081507,36.819378910827055,14344.567400038646,1.024393475079745,10.513268370889506,0.5810237875386635,0.0
1355,448.0013106866723,0.16457505611793866,1.221559104662275e-05,106.03679270008715,152440.89262071968,36.89003129740022,14337.147507629532,1.0286145116368262,10.529095988951257,0.5804713848906826,0.0
1356,448.7417014482838,0.16328438209498353,1.1688137114444672e-05,107.51581265264502,152562.75784066576,36.93667068755346,14329.757283685694,1.0250120680919166,10.54524651428722,0.579967402856923,0.0
1357,448.04531220036944,0.1632324970632273,1.1177933371757332e-05,106.07410788498642,152683.1786904192,36.78486522386116,14322.345801626136,1.0494643179054015,10.563761437361507,0.5795098362714133,0.0
1358,447.8581959494398,0.16393310206548573,1.066006319719609e-05,108.629564507102,152806.1363648046,36.83511914215137,14314.964933547377,1.0196818050653176,10.565547995066508,0.5790994659503966,0.0
1359,447.4746859255896,0.16216301501312247,1.0138207082550631e-05,107.92716638993305,152928.38690849618,36.889253294806494,14307.593535073976,1.0195497694320157,10.572322927585008,0.5787119130734119,0.0
1360,447.38857758251004,0.16035628172758476,9.638684372327526e-06,105.64200068192919,153048.3356231262,36.843454875912,14300.226312329864,1.0272665750970285,10.589048860505992,0.5783525988672635,0.0
1361,447.1177110921153,0.16038997962773582,9.161716134787885e-06,105.37312357024479,153168.00798554296,36.86477635802481,14292.831578771811,1.018463096546042,10.589218851140808,0.5780331996953637,0.0
1362,448.5092665453973,0.15809713447453966,8.687549652653523e-06,106.69972844714741,153288.9961707864,36.842957971722655,14285.467420387433,1.0320573088767695,10.598811982341779,0.5777299287262526,0.0
1363,446.86582762888844,0.1623949573040755,8.240918933520304e-06,106.02340533517089,153409.33099856976,36.93854487423924,14278.112710255571,1.0236053228337663,10.605627290559639,0.577454377198848,0.0
1364,446.61390020101885,0.16473511990199385,7.671478329438714e-06,105.90163325861135,153529.4784744535,36.67640760276498,14270.762166140867,1.0184092141308057,10.60610453074683,0.5772014992755587,0.0
1365,446.5084912887719,0.166616637149549,7.081156153727791e-06,106.32983247385455,153650.04554675787,36.76727076416412,14263.41578561899,1.0319615717880037,10.593200607267793,0.576961819004747,0.0
1366,446.3110016388966,0.1678697235352583,6.474991681841117e-06,108.16726547976275,153772.43940424215,36.8617498020573,14256.041922814435,1.0137834819885156,10.59407037132384,0.5767170716655959,0.0
1367,452.2704003601228,0.14986799489073344,5.859792407461948e-06,106.10960454456591,153892.7678887101,36.96474965363068,14248.70288088425,1.029351396190612,10.750940037501147,0.5764856395430078,0.0
1368,446.4462907511442,0.16595482055268795,5.440498813756253e-06,107.56582082074432,154014.73422313744,36.822902035765175,14241.337369044277,1.0268653390673461,10.614136534691117,0.5764720969567249,0.0
1369,448.2844688740028,0.1649951758694953,4.852920385360487e-06,103.69382326347318,154132.65375898796,36.62699828436617,14234.002356274663,1.0249252439488776,10.608228977501758,0.5762790906257036,0.0
1370,445.7691471860969,0.16834489212982418,4.279711116008488e-06,106.41281218683316,154253.3146198859,36.62716253114677,14226.65044701201,1.036376687612041,10.613090319519758,0.5760878850428068,0.0
1371,448.4727375270171,0.1691382629052992,3.6749107830596913e-06,106.85675833946834,154374.37728482916,36.7562672276905,14219.302715768687,1.0194867903749476,10.317132568921448,0.5759125618806923,0.0
1372,445.8146180411958,0.17472960730577036,3.065959576855042e-06,108.19071246861395,154496.81104027093,36.70535991208561,14211.983480643554,1.0254731786230267,10.309752505605381,0.5753565537017105,0.0
1373,441.43998465319953,0.18161848541589853,2.4018391858537226e-06,107.65364784670817,154618.67116838045,36.79853287013706,14204.644069225113,1.0298515438260376,10.292782463235662,0.5748187298257489,0.0
1374,443.0457375225332,0.17978724722010664,1.6691637172775677e-06,108.42958909453793,154741.25155739798,36.70496426987944,14197.322774517688,1.0311331324517312,10.289220238102413,0.5743032107595566,0.0
1375,439.68874416003047,0.18334275174440662,9.612368061971009e-07,108.4476911469884,154863.83592362868,36.64756193093187,14190.01789691106,1.033188513403162,10.303079366231914,0.5737912371364385,0.0
1376,440.34675314025674,0.18256366830572746,2.205559989194712e-07,108.79901777587752,154986.71650144845,36.61506811615238,14182.690932664176,1.035715324691531,10.294075842544173,0.5733232041677079,0.0
1377,441.65011441192723,0.18111335013994256,0.0,108.55934747056514,155109.38388571033,36.64024929076041,14175.368131879342,1.0307062350196006,10.29683459836034,0.5728668273721063,0.0
1378,442.8808281761097,0.17880209231534605,0.0,108.66327651696018,155232.17459816282,36.68585711657821,14168.07565812225,1.0099522074943303,10.28657475457046,0.572437003683097,0.0
1379,451.99312746347164,0.1366851944047035,0.0,102.55050991185294,155348.87112381833,36.50069811082143,14160.76114816972,1.0148279519007537,10.818730406754282,0.5720152756276624,0.0
1380,450.82384552140326,0.14522377158890765,0.0,104.5540442855808,155467.91095813352,36.57024217559367,14153.45079440471,1.0185974644081317,10.5029671942382,0.5723148695618,0.0
1381,455.6709253607097,0.14301687620607106,0.0,104.15967648643279,155586.47746485,36.637432537488515,14146.144594394791,1.0147255615471162,10.507420228140392,0.5721838552549838,0.0
1382,448.0477439462126,0.1641275825228109,0.0,107.23443036257953,155708.19170943592,36.72051726027226,14138.868625458756,1.022404738090275,10.375758559272288,0.5720652350536762,0.0
1383,444.8851683889336,0.16542594818979217,0.0,106.36121838798785,155828.82372091315,36.60396159755828,14131.567250744582,1.0194777191539166,10.384350336421894,0.5717793082795884,0.0
1384,451.5720835234509,0.14603533568128213,0.0,103.32253825520635,155946.37014311887,36.5174609223707,14124.27346876416,1.0222613091342831,10.532000648934918,0.5715190392382306,0.0
1385,450.2356571024722,0.16069543990957236,0.0,103.98071456949322,156064.76328067735,36.4814913084828,14116.983830855606,1.0266235257456326,10.376519472203872,0.5714660914282127,0.0
1386,449.27609161967024,0.16383100620663893,0.0,107.46625701477458,156186.5186308478,36.64858080538597,14109.698334593939,1.0151022275377355,10.366595815810385,0.5712112010226159,0.0
1387,448.4532612438743,0.15170573552188849,0.0,106.06525886818456,156306.85437012164,36.58888728379533,14102.416977555671,1.0235225753575963,10.517876255666312,0.5710328019777879,0.0
1388,455.32208121845997,0.13729538685929454,0.0,103.61254002100378,156424.8416905635,36.96104975933046,14095.139757318811,1.0182595517927893,10.511656399757934,0.5710623831135005,0.0
1389,448.38901784595043,0.15561902866405264,0.0,106.0860264608962,156545.40927819881,37.07350837533981,14087.866671462858,1.0141873261435457,10.39287769576279,0.5710822444650945,0.0
1390,448.0217667092118,0.1571338997721845,0.0,107.16468647923531,156666.8731491262,37.03653087029375,14080.597717568799,1.0125778256245808,10.369946333020414,0.5709447884324258,0.0
1391,459.8088000308628,0.11178851304657977,0.0,99.0396310950236,156780.20450150364,36.89528791174368,14073.358744348687,1.0119832182339563,10.886670754682267,0.5707840500069605,0.0
1392,446.0101374820251,0.11740504660936169,2.318223374582035e-08,99.34276364501157,156894.24536043312,36.84180122826842,14066.13539764615,1.0340393597448825,10.945569813352721,0.5692172958230115,0.0
1393,437.97543502675086,0.1636605505541635,0.0,108.07369820727823,157016.81894203238,36.963366824417236,14058.891305439443,1.037069766192395,10.507533685445772,0.5719939120515654,0.0
1394,441.745895274565,0.15500270334516641,0.0,105.83261672803272,157136.89343392136,37.02586274061081,14051.65132180515,1.0409491484848392,10.49251797317629,0.5719611915050374,0.0
1395,442.95328879427655,0.15247770050764553,0.0,105.65517096867384,157256.8404233631,37.09274687096816,14044.441237513443,1.0327614753242222,10.488748793033409,0.5719103023879368,0.0
1396,438.39169611720615,0.1576541270168289,0.0,105.99095860269372,157377.161737479,36.91804128108355,14037.235228630198,1.0396050839265414,10.495218906501282,0.5718569583371604,0.0
1397,438.30243263432766,0.16166495698818306,0.0,107.62606000546103,157499.0527712737,36.96039009788339,14030.00749962645,1.0318872425107481,10.50054471558565,0.5718147556738848,0.0
1398,440.3202267320559,0.15991157236698395,0.0,107.57786268795694,157620.89099218333,36.97962241391784,14022.783869680436,1.0281513892049599,10.502512966012338,0.5717816282756406,0.0
1399,441.0972297608468,0.14992716007268914,0.0,104.01760899831572,157739.19300850751,36.881215943896336,14015.590072854367,1.0423973714383838,10.508869407348671,0.5717527021395941,0.0
1400,437.94817013434135,0.15704031587818046,0.0,104.55602642641492,157858.04304195597,36.79116802341436,14008.374605543175,1.0483823003842236,10.511633785717247,0.5717335395430935,0.0
1401,442.10635980701613,0.1514606739995481,0.0,104.61497003490757,157976.90817166513,36.84117870714289,14001.188938296025,1.0382714362786727,10.49478837507419,0.5717189229704677,0.0
1402,437.3386461781256,0.16166469033362552,0.0,107.21476340600572,158098.43236932097,36.93234662446841,13993.98162416208,1.0375149303632434,10.496616041104225,0.5716828242255577,0.0
1403,440.050608838481,0.15696693057870303,0.0,106.41643024039425,158219.09102728785,36.87174760368744,13986.804077073164,1.0432631019312406,10.491960692453809,0.5716508943647414,0.0
1404,437.05448592703016,0.1599888664828184,0.0,107.1287215498896,158340.49951606753,37.091789725416945,13979.630586534176,1.0381408784715276,10.496311665730058,0.5716143947137026,0.0
1405,437.01595677925707,0.16077191586478978,0.0,98.95042278315067,158453.68959329306,37.07705285641616,13972.437441043603,1.00408567126066,10.5009950128252,0.5715854056954756,0.0
1406,441.51309263536683,0.15498733899752803,0.0,103.50748770276101,158571.37504921964,36.99878618403938,13965.27508528513,1.0203831013618079,10.57402416489045,0.5715639867221516,0.0
1407,437.4852401899523,0.161584868056053,0.0,92.14719413142666,158677.78794966286,37.09443496081432,13958.091141968638,0.9593265511190509,10.513913319719155,0.5716396755124007,0.0
1408,444.83973014084705,0.15575315355098374,0.0,99.26401086455037,158791.1716094534,36.99840628994559,13950.895676489345,0.9791923916702233,11.073416608126585,0.5716324102388586,0.0
1409,449.02459427932024,0.14445320467365563,0.0,99.04738372237902,158904.44570566938,36.81949281381988,13943.704297812737,0.9824983069717128,10.600158745493426,0.5723345805206225,0.0
1410,447.6341997473935,0.13866938538571583,0.0,101.92191554629622,159020.63287103098,37.02890963670683,13936.518017039776,0.9753330941036095,10.612693880466672,0.5724326018888384,0.0
1411,443.27040572245653,0.13739207812292187,0.0,101.1819928211801,159136.08519844757,37.0434877091936,13929.350454413549,1.0046799913558584,10.634702269851552,0.5725151314092941,0.0
1412,441.075778479619,0.15516808179377783,0.0,99.82981783590286,159250.13602443837,37.035639287887555,13922.212438147168,0.9944585693793994,10.58368057377028,0.5726223846781644,0.0
1413,444.6474998742776,0.12574129499879438,0.0,96.37824581054004,159360.67671680605,36.814668802471985,13915.049831688713,1.0161857713006857,11.13377803173041,0.5726570317283936,0.0
1414,442.729241804592,0.14868216945158752,0.0,103.18262249689897,159478.1604417133,36.96731624451116,13907.916769182033,1.0058102214451765,10.642413835942879,0.5728556945447866,0.0
1415,439.62534806049734,0.14327764921084019,0.0,99.78417011191145,159592.17711513257,36.983137367846126,13900.76472030999,1.0152833062942148,10.59039763851983,0.5735133554759195,0.0
1416,440.9175954614249,0.13750235798561805,0.0,101.03140834959548,159707.4546723512,37.130379938945154,13893.642953227736,1.0187707429251844,10.612706829019054,0.573511682561351,0.0
1417,441.47747393441375,0.14028688139544243,0.0,101.34489567705626,159823.10541556933,37.05500062078393,13886.51269334545,1.029284339668864,11.103893977088896,0.5735393551752701,0.0
1418,443.66848442021916,0.14844640624731797,0.0,103.1171986797468,159940.70305503908,37.12257150054462,13879.386462970573,1.0234554985095206,11.014438932630883,0.5742117700609691,0.0
1419,444.6333267113339,0.14707420491464607,0.0,104.10551666196484,160059.2008423837,37.057043610124325,13872.264205274641,1.0199607612610302,10.98443020670996,0.5747324911392453,0.0
1420,450.9891806544434,0.12812006973709,0.0,100.99077548348438,160174.58563086647,37.133678713704946,13865.120576702302,1.0218955826245837,11.016380060278975,0.5751873659113473,0.0
1421,456.074640204949,0.11110510984430033,1.1762750576437725e-07,98.0523862907064,160287.21794218186,36.860225874755315,13857.980913989806,1.017391908734879,11.49375492734021,0.5748649040991635,0.0
1422,452.12652669163253,0.12579602363572973,4.1459669615347125e-07,101.00951518773468,160402.94034110368,37.02536223065555,13850.87083641916,1.018855605354164,11.035721722247791,0.573634262431344,0.0
1423,452.00053168496385,0.12923577489127758,5.521956050512634e-07,100.71018491877726,160518.2248342359,37.01331404230751,13843.739245786015,1.0299827063658213,10.966544052653845,0.575985289297019,0.0
1424,451.44611875389796,0.1300206600812176,6.513493397653846e-07,100.5380178670978,160633.35406420348,37.03654757566693,13836.637043413924,1.0227478201727536,10.948828574830037,0.5777220822044179,0.0
1425,456.7694017405152,0.11865866691004179,7.449845087384946e-07,100.5941244164464,160748.53529830865,37.044857090986326,13829.538921357904,0.9985312347235205,10.924111142389831,0.5779787687439826,0.0
1426,457.5400587336529,0.11393620182099107,8.210228315472059e-07,98.59350535149464,160861.7675301541,36.99070940903665,13822.444749244438,1.0031367494053671,10.98642710086877,0.5781898180495815,0.0
1427,459.29802481989526,0.10856063320337384,1.037482745082536e-06,98.37089513516925,160974.8121610656,36.74027539976508,13815.354651078605,1.0058878612722717,10.98143763953425,0.5784720321525934,0.0
1428,460.02508866978786,0.10627342099661075,1.3087771977050275e-06,97.99715506726757,161087.50589086497,36.77292492434451,13808.268531063564,1.0066876217467997,11.00001221345861,0.5787332682191227,0.0
1429,460.3464001397469,0.10547936090187826,1.6016306958958863e-06,97.45756970230268,161199.6771263274,36.78356659873864,13801.186452416052,1.0064651556638282,11.007085101134255,0.5790055810365405,0.0
1430,464.17774115581113,0.09334276577802125,1.8999936110402834e-06,93.81405596111145,161308.20935367103,36.914178519419025,13794.108287899253,1.0004345138072999,11.511594464687198,0.5792732751545151,0.0
1431,460.485344856271,0.0973506067955432,2.324510000301407e-06,96.36287905801265,161419.4044818629,36.879405227230194,13787.034157681128,1.0115536131733434,11.099355125932924,0.5801910279184366,0.0
1432,465.17491708129944,0.087041810025695,2.8333087282301058e-06,92.02251283976022,161526.23797975882,36.64079689574782,13779.964077742661,1.0170856136870507,11.59330741000746,0.5805199341150017,0.0
1433,463.9530258402499,0.09615932004680039,3.446967908083284e-06,95.01974774439206,161636.15511932597,36.895964463544104,13772.898022670604,1.0000771935324937,11.093062197184516,0.5814818996736618,0.0
1434,467.47538237589083,0.07985214731147572,3.898913978856166e-06,91.27208099434745,161742.24177559876,36.61981224723607,13765.835948209113,0.9996017712017148,11.64397665769444,0.5817369805345017,0.0
1435,464.15781996962926,0.0919577775380056,4.336949249437438e-06,94.48082165339638,161851.68577240844,36.88496487858396,13758.77787831927,1.0091487323921846,11.212216816808171,0.5816228251219951,0.0
1436,466.41999003239596,0.08396384415194724,4.817938138143024e-06,92.43394154113992,161958.95481162408,36.73938163572579,13751.723681253183,0.9991200835290492,11.69485355007756,0.582429994346974,0.0
1437,466.68734272523716,0.08298380225712243,5.379501487655699e-06,92.85029044588521,162066.7255408707,36.65409425534488,13744.673487287517,1.0182248380497017,11.794267864141087,0.5829800725064777,0.0
1438,467.1313269625124,0.08428161344147056,5.767914968304047e-06,96.66691311462907,162178.52475187188,37.31513710175372,13737.627348870654,1.0057504028419972,11.319715718880275,0.5852061015496639,0.0
1439,470.2132457241646,0.07383034888674012,6.383752027718847e-06,92.15860998475928,162285.76595299653,37.04502924065586,13730.585057315946,1.012088663544823,11.805980030141457,0.5790088222923482,0.0
1440,466.34827521811405,0.08407731791441653,6.8918098958967765e-06,96.14801442766934,162397.0834588075,37.15683485349124,14010.242252644293,1.0107024405426168,11.342630841352843,0.5868836242368712,0.0
1441,465.83165256113733,0.08388592764511382,7.5031040518727385e-06,93.34679314614158,162505.4778989478,37.04274411705277,14003.050411858689,1.0208786263317535,11.84636086857806,0.587192865945332,0.0
1442,471.5232643222884,0.07120494209772787,7.96054658130821e-06,94.91933781497956,162615.43994396814,37.11390501635523,13995.862591727117,1.0157181294794382,11.38208048890522,0.5876520212765336,0.0
1443,473.0085244311559,0.0650643744364573,8.717066046475909e-06,90.74778786839117,162721.35057731543,36.969941295438545,13988.678702617795,1.015030096206415,11.880663941542982,0.5867326756916604,0.0
1444,475.78822748638635,0.05636803781700239,9.38175162117342e-06,90.27426304581158,162826.84938979492,37.01842289596391,13981.499022681792,1.0247900714358096,11.956770675845641,0.5869466744455103,0.0
1445,475.80188455850447,0.06032130032769645,1.0031048032540716e-05,93.40773709919577,162935.5532140129,37.07930165437962,13974.32328791385,1.0153596931548596,11.48089120283277,0.5875727500840497,0.0
1446,474.3782863027072,0.06581229408937173,1.088549753068265e-05,90.64233610185698,163041.4697787977,36.977097697804616,13967.151656496688,1.0145154755029937,11.974541757152373,0.5858944702075408,0.0
1447,477.3097309712945,0.04943967259547022,1.1429867768802972e-05,90.51914212791698,163147.2195250434,36.99992110698143,13959.984140256036,1.0063728513228287,12.046329681524899,0.5886449205602153,0.0
1448,475.9812629314056,0.05356477717437269,1.2236395246521567e-05,89.74085826367465,163252.34615896258,37.00333289349729,13952.82061754779,1.0196840800761997,12.091875794867258,0.5923969367798553,0.0
1449,479.1740969919614,0.04406083126261118,1.2898547534409282e-05,88.84930113283099,163356.52782441265,37.012604692044974,13945.661069606376,1.021211598598391,12.136679740300261,0.5924196705017732,0.0
1450,476.62811589725396,0.04885684006973434,1.3752952774896957e-05,90.34460114344361,163462.31069265146,36.992743940034906,13938.505642776001,1.0123163280039233,12.197829009357957,0.5934317130176803,0.0
1451,477.2697527068282,0.04815473058521791,1.4449320519407839e-05,88.46173445539289,163566.11232680315,37.030661554327594,13931.354265879501,1.0229481729348298,12.229075320376552,0.5930676112851643,0.0
1452,475.66816647068686,0.04683203707889316,1.5211848651351918e-05,89.48053033141724,163671.02221056927,36.93729461633421,13924.206813027853,1.0346742391995005,12.261941818398551,0.5943572175448327,0.0
1453,470.6817404531216,0.06456213218142559,1.5981120697390327e-05,94.81595492461497,163781.2842271252,37.13562540745865,13917.063576876528,1.0163057500878003,11.71227785719812,0.5921000190631187,0.0
1454,474.1268259580602,0.05736376291886902,1.659278090917414e-05,92.25888417516495,163888.83922156904,37.04854844265655,13909.924303293923,1.0216770563924715,12.251098542892235,0.5936703174385467,0.0
1455,473.2971249739229,0.0559762285814166,1.723579236688069e-05,90.49934039342443,163994.67736774113,37.02567873341637,13902.789010072363,1.0318803646586967,12.305428532277029,0.6005430079390889,0.0
1456,476.78256827823895,0.05466601026666151,1.788783188384274e-05,94.52596134369227,164104.5316764506,37.238173299529045,13895.657828487922,1.0121755228135167,11.716714979480658,0.60142411342802,0.0
1457,472.7569687891869,0.061190139853030456,1.8559463378749308e-05,92.7377442816616,164212.59953129865,37.13540087748066,13888.530689734309,1.0245603502701601,12.261275164500454,0.6014856401336598,0.0
1458,473.6409988510852,0.06422579277397289,1.914270956752222e-05,93.50239914562647,164321.3660999147,37.03834355790988,13881.407457502113,1.0257299130134194,12.312037389407186,0.6018704422470931,0.0
1459,472.49626012198763,0.06609212291640232,1.9688058979232646e-05,94.62356920389279,164431.22474060918,37.18651795961898,13874.28832844,1.0161662286467832,12.346920911998668,0.6019036721798776,0.0
1460,471.52148805239034,0.06917930908037262,2.0208171380394804e-05,93.28795880823046,164539.70805997725,37.09536927711403,13867.173099427031,1.0274231085936063,12.364446014227525,0.6024916720119813,0.0
1461,470.986886008237,0.0712412962634904,2.069101187644427e-05,95.95939415280851,164650.8385408281,37.2166291782072,13860.061977795747,1.0107321085704024,11.47939175460231,0.6004521586660233,0.0
1462,474.6342659670266,0.059581106355817925,2.121738114721253e-05,91.36050679834892,164757.38732226245,37.0077296200315,13852.95491454449,1.0275782675746852,12.352301074037488,0.601674665996202,0.0
1463,477.0728101392811,0.05492201321565193,2.1793079242742755e-05,93.00488301349183,164865.70178678763,37.099538055116895,13845.851798773865,1.026960353890406,11.81173201692175,0.603771023741557,0.0
1464,479.2804277619881,0.04987840989642589,2.2413891713796265e-05,92.04433230683527,164973.1242151782,37.11369184475872,13839.615199888944,1.0278533326604427,11.457445067178224,0.6040989689669066,0.0
1465,478.8406707622067,0.0491679395017498,2.3063180684230902e-05,80.50543366006139,165069.08231765727,37.01465598991699,13836.177575959207,0.9655970591589755,11.723179557176062,0.6031493453542712,0.0
1466,480.2645852203298,0.0438579653901201,2.3524861716555327e-05,90.31120336477247,165174.77959227705,36.98583130515182,13829.078014765757,0.9959975825721675,12.296362751421901,0.6015081811894445,0.0
1467,476.0831921470532,0.05186968524094382,2.4037931957642332e-05,91.62812916388455,165281.86249979824,37.040784763513976,13801.37949261848,1.0019478663713637,11.875718282666186,0.601548931862176,0.0
1468,476.0960892904567,0.05349613809027409,2.446407749203473e-05,84.78763183297954,165382.0622081736,36.98694843145804,13794.296452589602,0.9722342595844414,11.736489345020715,0.6036523355304978,0.0
1469,480.5531734777646,0.03540404775136885,2.4870621078902792e-05,89.20785086045575,165486.66584331874,36.95345714660239,13787.217517973335,1.0046878480623118,12.340263143127215,0.6029904121733635,0.0
1470,477.4591061047896,0.04097439633899613,2.548709123467557e-05,91.29751911865633,165593.50568029116,36.99041171043779,14527.334412422695,1.0122273831694595,11.909390726759412,0.604898821987326,0.0
1471,479.0423241629736,0.042783911208369996,2.6019021349738264e-05,90.2675467870246,165699.25561686562,37.07610942909811,14519.85236605968,0.9792627861985937,11.692180890565227,0.6061483404256817,0.0
1472,481.1433661607319,0.03494279278121193,2.652708926231121e-05,88.09720644496997,165802.85526958,36.995948477872346,14512.374568071282,1.0145196024885488,12.377326852135603,0.6058826320660631,0.0
1473,479.5297565419908,0.040716945486420464,2.7108918275166266e-05,91.9770153238224,165910.3875761285,37.27764007958902,14504.90100812804,1.0025532812903448,11.707441982991794,0.6044962768645574,0.0
1474,480.61698946576337,0.0359140278961495,2.7653827300823968e-05,90.99108138529422,166016.8647706169,37.16430471799151,14497.431530998078,1.0087249302014374,11.807332024616178,0.6046867891623438,0.0
1475,478.03034520004746,0.043818005247628244,2.8245168024736294e-05,91.97659712983548,166124.35483058987,37.10467505185283,14489.966305619131,1.008935259962439,11.636131265598678,0.5896957796695959,0.0
1476,477.68599986198643,0.04641542030237433,2.874720661193164e-05,92.9061508931395,166232.7191338453,37.11990661015083,14482.50540400523,0.9998074835239633,11.597986743231916,0.5878095715734002,0.0
1477,477.78782900471634,0.045793520064100424,2.9207868284781226e-05,92.89943575135408,166341.05379580634,37.13093673436978,14475.048614076311,1.0104353124079963,11.570232184496426,0.5878118537002924,0.0
1478,476.21975103470606,0.05004353583476695,2.9676470021582516e-05,94.03201599488591,166450.52145814878,37.13508940045587,14467.596037304413,1.0101796991812901,11.521659269179784,0.5757840096528748,0.0
1479,475.88211449270364,0.051948712622771676,3.0080165377423825e-05,94.19069658665445,166560.11885396633,37.21312632793533,14460.147594137276,1.0042864208616205,11.17284072847489,0.5748772975636991,0.0
1480,475.61036210320003,0.05653104730935199,3.0463821808975112e-05,93.42128313262221,166668.93919008356,37.093849003913554,14452.70339390325,1.0266185796048541,11.142188496659463,0.5762915088535816,0.0
1481,486.1186290539781,0.048028990728182785,3.0838826527594e-05,93.45970510291446,166777.7547972929,37.15454470302121,14445.2633144921,1.0089301648753244,11.446253259504543,0.5775765168800262,0.0
1482,485.5460966125793,0.051375046535846014,3.1248964890969475e-05,93.3042926281882,166886.5165605737,37.13927467929596,14437.827439700513,1.0139243075566435,11.411984121687757,0.5763224471691563,0.0
1483,488.6790078442278,0.04061648498873949,3.162005398832861e-05,92.81730866437397,166994.76816023944,37.107577942978324,14430.395739286294,1.0049160304383116,11.37978819913352,0.5756154935226727,0.0
1484,487.96972467805654,0.042198016259155424,3.215488400080667e-05,92.31234505298863,167102.59135046418,37.11146598210429,14422.968286922893,1.0084236685356727,11.350737615925068,0.5780557084024643,0.0
1485,483.8365251829519,0.04564061905948247,3.267045757498793e-05,92.20575999321673,167210.28769706495,37.161865068990096,14415.544970023748,1.0087494791293579,11.319166472880573,0.596088309729876,0.0
1486,484.14212069142303,0.05177012267858283,3.308721230799175e-05,82.6259795559929,167308.3542196567,37.09762524832262,14408.125773055315,0.9540822175700049,11.284579394082026,0.5944716246823649,0.0
1487,482.04440486798205,0.05380440565013833,3.308763580356364e-05,91.30257951667343,167414.9123382038,37.05450297898684,14400.7108502251,0.9692266014370983,12.106131971394069,0.5945865499149422,0.0
1488,481.0455829867828,0.05915222910618678,3.305564142593673e-05,83.31712467675611,167513.45720005853,36.98308059138479,14393.300110219116,0.9527663759348622,12.180914556421053,0.5940412798013612,0.0
1489,482.2035039297285,0.05118602185642185,3.273512036216305e-05,90.04874093909339,167618.6295973639,37.042680193287964,14385.893539942525,0.9525954213439133,12.27018472178491,0.5940544431143567,0.0
1490,481.27826437873773,0.047763771358065976,3.25033755783105e-05,89.15459123022993,167722.971397597,36.98237365065838,14378.491240420473,0.9569581063899819,12.34820765468504,0.5928195171466696,0.0
1491,480.94960898893663,0.045359550712342656,3.232001255828635e-05,87.30216993564063,167825.52696513914,36.99457236598992,14371.093102683533,0.9718286934030995,12.452251505521282,0.5920068004048432,0.0
1492,482.40350066573694,0.04441082344180303,3.228662341320201e-05,88.70814006417774,167929.51317879124,37.05141122772183,14363.69912829922,0.9743911355074121,12.540425840436914,0.5911130495604835,0.0
1493,484.4918676312317,0.042232471649840564,3.225808423455773e-05,89.36709164267995,168034.18723897263,37.049979406416185,14356.309252803148,0.9843725520454714,12.613594454864513,0.5900673176985628,0.0
1494,485.9421664000259,0.03940483685533547,3.2253308826421166e-05,84.01622441162495,168133.5235299962,37.15953957697907,14352.836879699173,0.9617941301209697,11.947672467233739,0.5897653477303474,0.0
1495,484.8684683415248,0.04154012592289835,3.2342841052825776e-05,89.79250113419215,168238.6399068425,37.07029418069561,14349.232764997689,0.978184901509567,12.747633530433351,0.5955707227185747,0.0
1496,483.4346653130307,0.03740737257547411,3.2345170715052835e-05,92.60317102417655,168346.5219376271,37.338121198519474,14341.948810400421,0.9759738750194801,12.158924983528703,0.5966442408654155,0.0
1497,483.95167529100354,0.035604310603967515,3.239411862313293e-05,90.4389428013824,168452.23788249292,37.21014132816097,14334.66934479557,0.9805079142167298,12.103593293488377,0.5955834313984438,0.0
1498,483.63533518470814,0.03760074619151976,3.246229177576425e-05,89.0849010557658,168556.62427877254,37.16312951470178,14327.38928082192,0.9587824740762766,11.503343111814416,0.5957528817661728,0.0
1499,484.202097865663,0.031002655057561723,3.250904447958789e-05,87.85906627049968,168659.81627386162,37.06783035990372,14320.093474102494,0.9873598039634031,12.311293837793603,0.5938724258361293,0.0
1500,487.0722747296198,0.030940043640358295,3.262404156008322e-05,-472.74975122348775,168202.44509498266,37.17391937080609,15378.62145186633,0.979680324776652,11.82483572005253,0.5929619627533088,0.0
1501,486.80674043844016,0.03744948572347773,3.27411109754611e-05,91.12431680314452,168309.0755687531,37.20139378339124,15370.657485001357,0.9914990598752257,11.779384270557381,0.5916185062885939,0.0
1502,486.23464161118284,0.041438964195336436,3.2788381450413084e-05,91.07819226618975,168415.59707873085,37.28004305167178,15362.697932041912,0.9820051738336436,11.73336531239862,0.5917799576904171,0.0
1503,484.58111899770876,0.044367909189286014,3.281407866676296e-05,90.7836582673356,168521.79041465346,37.19182100051213,15354.742845776433,0.9947893002142846,11.683979142228015,0.5921913373510836,0.0
1504,486.95756645192847,0.03736649294961536,3.282421121231299e-05,90.6704151414192,168627.82427608836,37.28666756782146,15346.792323171265,0.9925102005127348,11.628875354942942,0.5952121378671916,0.0
1505,485.5445017462585,0.03651511221385073,3.291027627181935e-05,81.42554793057215,168724.70257812215,37.66298985178596,15338.846228222725,0.9499151405327478,11.582000199838376,0.6198326682734743,0.0
1506,487.88446675961006,0.02863869982279288,3.283362638730353e-05,87.4172872571059,168827.427258132,37.464010304458554,15330.904597842002,0.9763055009290563,12.38699781032057,0.6181469150087803,0.0
1507,489.02552881541556,0.031477217280833414,3.279696364562079e-05,88.41493002999597,168931.2757723287,37.52336205700011,15322.967520503866,0.9641515936486561,11.597989845130776,0.6192166619123911,0.0
1508,490.7998998611385,0.0254127666653452,3.2752916281623466e-05,90.80770280439407,169037.49625968377,37.64996814313908,15315.03497962932,0.9678524805149719,11.795546699258558,0.6315551564879125,0.0
1509,489.1509395422489,0.0300550825661986,3.2799473565236296e-05,91.62401710306,169144.57760916126,37.66283696572531,15307.106897833633,0.9634657938088454,11.77135949207046,0.6308512807474673,0.0
1510,489.8086983635211,0.02588607020934286,3.279351422357113e-05,89.25823173714966,169249.22971580317,37.54893539543553,15299.18322243281,0.9864257061036896,11.749629796776004,0.6279599504458946,0.0
1511,486.15151228580777,0.03129333927558087,3.298557567783758e-05,89.81978709077836,169354.59391043175,37.617994274017605,15291.264013384964,0.988428309509454,11.485485099486537,0.6264650055940693,0.0
1512,483.4380561772294,0.03873108647168233,3.311911303555652e-05,90.81498700840231,169460.93509300935,37.53750211468139,15283.349211169587,0.9884636623967892,11.44284003561195,0.6247547306469069,0.0
1513,484.60895349919514,0.035999271129910526,3.3172981542263036e-05,90.58657138124002,169566.96884111603,37.56273129775863,15275.438926340432,0.9791497335929303,11.409915860246988,0.6205028371812613,0.0
1514,479.1475888275666,0.049089853393605165,3.325592464034861e-05,94.14279236461974,169676.5937975956,37.70143215659266,15267.533121060784,0.9995185090171624,11.386915957932978,0.6060185166663691,0.0
1515,479.66790131824513,0.04978589862050853,3.358875376198661e-05,92.89258278465756,169785.13448139484,37.62189575862615,15259.631809362807,1.0099252825485963,11.352615662348366,0.6048464423785541,0.0
1516,479.7290846629107,0.05010058499104075,3.387980917707042e-05,93.22113652168483,169893.98900063513,37.61995438055302,15251.734945279737,1.003232594752975,11.321993724266894,0.6089171523187016,0.0
1517,483.2798455219173,0.04439498359348759,3.4165998731766304e-05,91.81808011982815,170001.45967495008,37.50202068918747,15243.842465273663,1.0094871448658056,11.302418665347961,0.6032808617371596,0.0
1518,478.96035188082783,0.0524908379463076,3.451164230399677e-05,92.94592845018033,170110.10094413473,37.5524941603992,15235.954612239864,1.0016824348663493,11.282986542785476,0.6033435122807138,0.0
1519,477.5071848822952,0.0559095157928472,3.473659749743229e-05,93.59690770803655,170219.22266900234,37.64188026421991,15231.050505502311,1.0070082749043032,11.264824410461374,0.6029334943663225,0.0
1520,475.1023366770299,0.059967385146567964,3.492146995707221e-05,94.05867184709359,170328.76274329497,37.635019763611176,15223.168173868193,1.0037574023058262,11.236993253175365,0.601612233515412,0.0
1521,477.464849912128,0.05673421983576443,3.506144080837849e-05,87.13255317100293,170431.35450909298,37.584257897666376,15215.29033134078,0.9750026275150122,11.217445318850435,0.5994296460130096,0.0
1522,477.4145861395905,0.05982346214582268,3.515558182996981e-05,87.5254711770265,170534.36559566454,37.49698778390158,15208.308516902885,0.9775047002727852,11.19251371524904,0.6191985256443544,0.0
1523,475.3824163315153,0.06878041144229874,3.521619656526125e-05,91.23357217316224,170641.07959800927,37.53819639102257,15201.347310228835,0.9787050610040315,11.186972515947383,0.6181783080633757,0.0
1524,470.74397257227685,0.07835908284287918,3.518112188823412e-05,94.98641056481219,170751.44667184283,37.76034221354886,15194.741376202428,0.9877261541169899,11.174422787918152,0.6073797186373358,0.0
1525,472.07672964206927,0.06972034154068296,3.5007884042799616e-05,93.67699202077556,170860.40561210478,37.7388992288296,15188.168831589073,0.9924486656789018,11.173752566097953,0.6100939164087029,0.0
1526,472.7450440801983,0.07401866303654858,3.506321874105103e-05,93.69676602100434,170969.63926453816,37.708352791202856,15181.600773712209,1.0204475032656553,11.146297794585843,0.6126747382621903,0.0
1527,464.679453730042,0.08618414034302468,3.5072321904313297e-05,95.7515027579469,171080.85900188077,37.662378318281014,15175.21630278584,1.0042348975877362,11.121556435054057,0.6135575053584635,0.0
1528,463.9745358341045,0.08392542384143253,3.495184748642125e-05,96.04999707113534,171192.23011891352,38.078001348729565,15167.59140340703,1.0090287858753826,11.110063493918448,0.6122637936583328,0.0
1529,463.86185447679054,0.08167862620801758,3.48562166600349e-05,94.97508355555567,171302.50676725997,37.92239578587128,15159.949173014753,1.0111713673148568,11.098164113774358,0.6110194691467828,0.0
1530,467.48295731588007,0.08202176034214637,3.478510046900928e-05,96.58236852844776,171414.37109479646,38.047787987910446,15153.705687925256,1.0014916622919707,11.085036426840105,0.60886608337889,0.0
1531,466.437242546252,0.08259161337503684,3.47109031454355e-05,95.30827224722489,171524.9374130065,38.02351731572613,15147.483936672015,1.0084430417615173,11.064530001615422,0.6087138356766034,0.0
1532,477.3255568849202,0.0695886161312067,3.4631032238444195e-05,95.00570969227667,171635.2484210464,37.99051127756158,15141.266656757809,1.0217336452893637,11.050408620538269,0.6075866146545735,0.0
1533,477.5435031262218,0.06923883406123443,3.4698519964821686e-05,96.33823538758338,171747.1008763762,38.170556813149005,15135.053866663471,0.9925757596622887,11.031312837619126,0.6055040160666906,0.0
1534,485.5900963028176,0.05944625511819701,3.481383639750389e-05,94.2767365967472,171856.92273654265,38.045044174491814,15128.12926450041,0.9882691883342001,11.034135711735559,0.6031364241141728,0.0
1535,481.81684352237625,0.06216374354522047,3.4993717086031784e-05,92.52783967818853,171965.04435285824,37.935631884635086,15120.314868062487,1.0179117569340248,11.028443129565296,0.603248462673656,0.0
1536,484.52206277252594,0.07015151643767736,3.514942227884547e-05,95.08108366697395,172075.6368840111,38.059375941575645,15112.50657114085,0.9977256892429353,11.011466493202763,0.6024915568321138,0.007815417212583498
1537,483.9796478560028,0.07537922127744656,3.5219187505494444e-05,95.78005217656104,172186.90575167598,38.01052579739793,15104.702653039096,1.0023903833418322,11.005767629961337,0.5899594506758257,0.0
1538,483.8623938553307,0.0758260279214159,3.5232913187037534e-05,95.26382022848338,172297.63482440868,37.89835509492154,15096.903184127004,0.9984800091970708,10.99064660944331,0.5879526177798362,0.0
1539,485.55280342241025,0.06781867535583486,3.523731356587596e-05,94.26791656013663,172407.33128388616,37.97981741845629,15089.108119123683,1.004563105413378,10.989580751027919,0.5998273989554991,0.0
1540,482.36524245458384,0.07767749399942625,3.532128641763588e-05,94.35269459892288,172517.16251338844,37.87947652741383,15081.317383890342,1.0054043937090809,10.980971344856883,0.58633151405032,0.0
1541,480.2005114590374,0.0852198863576078,3.5297828731526774e-05,96.83854124314648,172629.38592589434,37.95881507904191,15073.531117435443,0.9928354658882728,10.97081469424688,0.5852928742684989,0.0
1542,479.6795994794458,0.08607623410256837,3.5191077444596874e-05,96.11478537802306,172740.819076273,37.94458052304315,15065.749230365782,0.9967285204059905,10.970583918737743,0.598143240447664,0.0
1543,478.9243346659676,0.08528836907573656,3.507351975857626e-05,95.98181954802405,172852.08367833836,37.9193858103007,15057.971817647689,1.0044141521420973,10.956897847866944,0.5991458171283542,0.0
1544,478.67261388874135,0.0839108364166814,3.496368343610056e-05,97.27726232674873,172964.633210477,38.0573186324332,15050.198660844357,0.9848003334984086,10.942232480312187,0.5988136229064103,0.0
1545,481.5735726162415,0.08108317027250644,3.486905910597323e-05,95.28229559705609,173075.18140693536,37.899497116358546,15042.429833728207,0.9992373790798837,10.944076049265174,0.5973790476406217,0.0
1546,480.90152911973126,0.07788662913728472,3.4805285224732284e-05,95.5228436722883,173185.9566643135,37.99882228090527,15034.6655591406,0.9978162742007589,10.929862908203546,0.5978860153720545,0.0
1547,471.7159986285133,0.09342146080128122,3.477583836439909e-05,97.94620212147133,173299.1499886107,37.95552476335366,15026.905504948549,0.9976429706246333,10.913148758827464,0.5958610581938608,0.0
1548,477.2647702842705,0.07909019511861204,3.458125352020182e-05,94.82697468559005,173409.0261652383,37.889690580779536,15019.149876635247,0.9919680203936911,10.910284650779968,0.5957681020506025,0.0
1549,475.52804684778505,0.0831297796413204,3.454214371855017e-05,91.35566604627378,173515.54948296392,37.77982413274776,15011.3986958751,0.984355109628048,10.902990957394245,0.5941284046752658,0.0
1550,479.4095444293576,0.08297827085177967,3.426594727972917e-05,93.04439782279287,173623.63872468157,37.85911710449757,15003.65191151183,0.9772788837201776,10.894815845398117,0.5925437043510012,0.0
1551,483.42522271852897,0.08328987431331247,3.403318120397987e-05,93.00927265802713,173731.7511023152,37.802503425879856,14995.909330289449,0.9974161555689696,10.887409376371085,0.5933495776660374,0.0
1552,480.8095623331289,0.09222228302092761,3.3759365092635926e-05,95.18940900450902,173842.0572229227,37.856518052071486,14988.171321284095,0.981130304164277,10.867941784271261,0.5931368623085103,0.0
1553,485.11168226535654,0.07578251548273718,3.339316453344503e-05,94.08159241419935,173951.1925377947,37.818679908690385,14980.437491734656,0.9772532352151991,11.09118924814464,0.5938399935434079,0.0
1554,477.4721640412709,0.08759734918042783,3.320524214872684e-05,95.3386960826312,174061.70466279375,37.84060686355365,14972.708103933577,0.9854212933977273,11.096126413564097,0.591402067266338,0.0
1555,473.49249963058077,0.09480972994044035,3.3005140471364284e-05,96.58804240779372,174173.5391625749,37.78891800292896,14964.983027709764,0.9824639363193505,10.847346444172478,0.5892336348826259,0.0
1556,474.80365813483684,0.09257972399614867,3.2732195002693325e-05,96.14565041195154,174284.82857644718,37.8057027181351,14957.262475474668,0.9842591130319646,10.835298840904517,0.5928266066326238,0.0
1557,474.0888530973928,0.0889850630295308,3.2485441655118454e-05,95.9121153838871,174395.89145846487,37.90262530236179,14949.546187708163,0.9961057128221267,10.824397128790077,0.5911837589234161,0.0
1558,475.699876453214,0.08924747519255083,3.2253898174365263e-05,96.26086088693138,174507.27603191647,37.88883060630706,14941.83417799156,0.9953086790144537,10.817676669669845,0.591298733525072,0.0
1559,470.62463889530204,0.10489336485942236,3.202266051736858e-05,97.3179110660739,174619.71348468287,37.89952895674689,14934.126534823567,1.0024332020054816,10.813422304367231,0.5903586639982435,0.0
1560,473.7069144842866,0.10803004468798283,3.162705318582399e-05,97.99447878589986,174732.68124474026,37.86829834761836,14926.423202462942,0.989256542638461,10.7991666147327,0.5716903790396956,0.0
1561,468.44273626373973,0.11969380381216732,3.12021257682667e-05,99.11112591136863,174846.73463341713,37.90686355345606,14918.724341175213,0.9910983785175138,10.797867873041683,0.5899813867010405,0.0
1562,460.07313781482947,0.12898094467834853,3.0696424404971506e-05,99.88690584597144,174961.45549216276,37.84623980991752,14911.029750652067,0.9916760566527054,10.795169344866668,0.5884075651476514,0.0
1563,462.73661004007727,0.11542576589971787,3.009401476368327e-05,99.14992176972987,175075.3297378999,37.92235377414487,14903.33955429615,0.9918241953810373,10.945351984565022,0.5879392180529295,0.0
1564,464.68330728356165,0.11782775762891318,2.964511267089483e-05,100.5734585782195,175190.71142113282,37.9180891442218,14895.653641190278,0.991513182782017,10.805888220173932,0.5863789717203234,0.0
1565,465.643841881729,0.11257383913208896,2.91770853379677e-05,99.07407506901905,175304.57226777787,37.80583400031125,14887.972078645607,0.9841892671946514,10.948170257959783,0.5850851508383149,0.0
1566,465.4351112085536,0.10768027602094621,2.877415663609776e-05,97.86294911726704,175417.25342478947,37.84161496094665,14880.29494553608,0.9903563044288002,10.946839111125646,0.5843663213641026,0.0
1567,467.47636038404977,0.10520544441731805,2.8431010446346536e-05,97.42274920167823,175529.51300873174,37.84980958086652,14872.622145592408,0.9924558332911497,10.955176461871353,0.5760706782049889,0.0
1568,468.2323550888789,0.10385897482601913,2.8126026320009365e-05,97.53157081978584,175641.8874982525,37.809710249158655,14864.953640254422,0.9896332269285644,10.953165900192017,0.5836362354505458,0.0
1569,469.954109846646,0.09931107649930537,2.7894231095648542e-05,97.93184480608195,175754.69703287474,37.8508725390749,14857.289504654726,0.9805555178727026,10.959167375333015,0.5808822713078061,0.0
1570,473.8289173968367,0.08950446429511771,2.7716457515869557e-05,93.79547392984156,175863.4319112409,37.744415004895394,14849.629667296784,0.9733516607921568,11.758172192067162,0.5794540727292704,0.0
1571,471.3206696534538,0.0918236492300274,2.757003620818503e-05,97.47374975606262,175975.94121144142,37.74911234898472,14841.97417027417,0.9816875274992118,11.067339427834822,0.5795029431821377,0.0
1572,477.1923492721555,0.08069037204938734,2.74747796975228e-05,91.42857228329537,176082.33836507727,37.660267455247585,14834.323028089011,0.977409751292816,11.858937236960795,0.5774640450250825,0.0
1573,480.99368463644004,0.06126164916034893,2.7451566892036787e-05,88.77654016520367,176186.226608352,37.717284284914335,14809.710759384878,0.9753870714300417,11.859362929373992,0.5873325207846181,0.0
1574,487.1538508994794,0.0539763434365359,2.7620106982156478e-05,90.70887313457345,176292.2450542188,37.717231119156466,14802.068175808294,0.9753565070757414,12.073770229499209,0.5923321678867821,0.0
1575,486.13898429108025,0.05686316034959882,2.7870157302176312e-05,90.81710264190818,176398.441043931,37.68485471043433,14794.429864685995,0.9793418111928495,12.14828412915824,0.593343789168089,0.0
1576,484.6880092970604,0.05343892687401097,2.8095028174877024e-05,92.39869749781806,176506.17859433373,37.36844798109318,14786.79592540443,0.9785295657836811,11.426213614210466,0.595667066831567,0.0
1577,486.68789133911383,0.05189769678319622,2.8396288751277094e-05,91.83145402452261,176613.3457101425,37.36301728957967,14779.166374115386,0.9948922270591284,11.512011355930081,0.5956622829158058,0.0
1578,486.2974807807027,0.05348006696735119,2.8638704313263272e-05,80.43647979829368,176709.102355184,37.382545320529125,14771.541130905736,0.9439808893556259,11.25269865675505,0.5957702898007359,0.0
1579,487.93840456292793,0.053429281763692216,2.8691993267568428e-05,89.22410348334864,176813.54292981073,37.308859504218596,14763.920034697006,0.9685048081247963,12.18854307248819,0.59534060849679,0.0
1580,478.63040610936264,0.06496706219382375,2.8707491000086548e-05,90.27699834882024,176919.04300658946,37.38580424691901,14756.303421228577,0.9727357037572807,12.263322841901816,0.5956038610301232,0.0
1581,480.8526136237657,0.056839930627484825,2.8602631220242e-05,90.51429820057487,177024.66050698204,37.27807147497811,14748.69103555085,0.9680778042699072,12.340619230592344,0.5956236876360357,0.0
1582,479.908509626143,0.058339093266156494,2.8723979864414396e-05,88.85691901461809,177128.85265268036,37.26112305947363,14741.082946459526,0.974078406900045,12.402059720133737,0.5964915074311995,0.0
1583,482.9007059431145,0.061241870069108084,2.8830707086536427e-05,90.88761798021022,177235.08917982175,37.292558120675075,14733.47643294518,0.972256891213671,12.471589558160886,0.5958096452103929,0.0
1584,479.66335571735004,0.05906508970446589,2.890684839061158e-05,89.8658283903867,177340.29477078046,37.27298509991142,14725.874208713509,0.979250522452417,12.515625852945234,0.593349450022731,0.0
1585,476.4166417287849,0.0621550668823484,2.897766594059789e-05,91.75619954628323,177447.36202458694,37.27984843864842,14718.276271289136,0.9732080921090059,12.567191855690684,0.5960448533270843,0.0
1586,478.50118025743205,0.0577946837917771,2.9015300267000858e-05,89.8587143274471,177552.4881065289,37.29524150123343,14710.682618198178,0.9705915196662734,12.610848557371321,0.5982240083214558,0.0
1587,477.0798530506448,0.05992982401692559,2.9105861553278677e-05,89.14481382187591,177656.94789523783,37.28629828439276,14703.093246968236,0.9785576112544202,12.501298539651891,0.5984013906006179,0.0
1588,476.6132363000251,0.059854845988090544,2.9173044169178182e-05,90.69354493904711,177762.9150933248,37.296734326875644,14695.508155128397,0.9849756148907646,12.529249961364696,0.5989399856516942,0.0
1589,474.74220990125855,0.0644216327390198,2.9366481064546982e-05,92.61000408123229,177870.84716134798,37.383052594652774,14687.92734020924,0.9717830958877558,11.745841816477027,0.5978531688949884,0.0
1590,474.46055250059777,0.060771954824339836,2.951308401053527e-05,89.16668246510807,177975.29224381736,37.29518854497173,14680.353362515638,0.9881253824033825,12.640374986582097,0.5960438774179754,0.0
1591,470.0989897439734,0.0630845389030269,2.969324868934065e-05,93.77959835412105,178084.38536787694,37.37065122268467,14672.783966124553,0.9886680912121956,11.759223193367225,0.5818699602089106,0.0
1592,475.3070283884849,0.052760359950665414,2.9849988235144485e-05,91.19524239001552,178190.86164745095,37.347981280063145,14665.218777600343,0.9906856271087363,11.148750416791657,0.5876544997049293,0.5743748265494979
1593,481.53897035676954,0.055278335007624024,3.012156541395837e-05,91.98878308284196,178298.21804729596,37.5351792746179,14607.739545781034,0.9911565129658299,11.114767023545165,0.6017302957765444,0.6071635673961495
1594,479.3055861997651,0.06017459210377696,3.0361498105941357e-05,93.91998121613842,178407.53280016367,37.586576054011935,14600.182829232395,0.9803220704369724,11.06503986633842,0.6002949617222719,0.637200214713932
1595,478.47159424278755,0.07037595055640133,3.054690584177121e-05,93.76340073396517,178516.65619914958,37.48137961316888,14592.63030018959,1.019310372926905,11.021730806971773,0.5916042937702941,0.6802800583415198
1596,480.704490374078,0.07426266244059965,3.089214178426281e-05,95.51070064859876,178627.75878359427,37.42057679887908,14585.082103155013,0.9946406328237065,10.980480344579325,0.5948201218575251,0.0
1597,477.8640007714976,0.08176070340704633,3.119215845584657e-05,95.74384737101269,178739.0603130235,37.39733664856357,14577.539535944983,1.0298652994808406,10.981042405636396,0.5966759691853534,0.0
1598,474.1007811608314,0.08860228002659964,3.1490288275104497e-05,96.70075210582786,178851.35123564515,37.469370548418425,14570.001180379682,1.0147521215760988,10.967038594141892,0.5936371430923031,0.0
1599,471.7318753162536,0.09588732220331575,3.17112975107615e-05,98.31762286049225,178965.13720096374,37.639212776297725,14562.466971080707,0.9990761720551599,10.950549630294852,0.5947191860239947,0.0
1600,474.95337942829946,0.09100276468919288,3.184443586611611e-05,97.53664486742903,179078.04546218374,37.45293428408547,14554.937101775566,1.0196341359465961,10.940592654148894,0.5938673861536357,0.0
1601,470.01382986500477,0.08762875756771815,3.202921927527456e-05,96.75419782511274,179190.2104496758,37.455055624305956,14547.411416738909,1.01633813686139,10.93317779964111,0.5940500663843941,0.0
1602,471.286230875836,0.0883573546378923,3.224735004105708e-05,96.93150510984647,179302.59660891208,37.371023777323494,14539.889961081222,1.033936375932593,10.93000516501679,0.5926391714937022,0.0
1603,469.1168828575956,0.09350034700495058,3.2454886230035576e-05,97.64717036370934,179415.6919567643,37.343017689147736,14532.372695976128,1.03063899900626,10.91807274443346,0.5918412177584416,0.0
1604,471.17516339213523,0.09579577775725812,3.260369398510589e-05,97.39351480073806,179528.4738559975,37.37803795112069,14524.859773712575,1.0255957013427226,10.902603407526737,0.5925429628768012,0.0
1605,470.36216959273395,0.09494325040609564,3.2725725809497766e-05,98.2021284928121,179642.05879700536,37.53170132657865,14517.351076586756,1.0065928938850035,10.903309169772252,0.5911477606634514,0.6696242143950997
1606,474.6164361807135,0.09306785568734033,3.2854103243264585e-05,96.93442690175515,179754.36897961423,37.367619541748404,14511.97809887502,1.0231698739373363,10.884036589133709,0.5886279332724031,0.0
1607,475.54469810036056,0.0982295029121788,3.30004845804191e-05,97.98169698261636,179867.74151795497,37.4117687016188,14504.469608865082,1.028448496138127,10.877947500865305,0.5869446877480113,0.0
1608,480.57582397626015,0.08004481643315797,3.3091119178181374e-05,97.09348063270264,179980.18558531668,37.4152796305387,14499.102616785785,1.00587663627942,10.869443906933192,0.5870565480661062,0.0
1609,489.2448182057806,0.0677347168747785,3.337420748922955e-05,95.3943462005471,180091.11677571476,37.428349929764764,14494.959296903091,1.0132915587847127,10.883565001534445,0.5873540292333509,0.6515047482593879
1610,485.34185950893414,0.0748376402976687,3.378161630375393e-05,94.97969409169245,180201.7427988285,37.38537047641228,14490.805084335578,1.0195975668089943,9.971520126718337,0.5859608957756718,1.5367779086738054
1611,481.19663425736366,0.10957313028653681,3.410946915919559e-05,100.79467004283683,180318.08760791403,37.640453450210124,14486.400335120623,1.023979333797067,9.763615134910298,0.5850730392194488,0.018495781122233268
1612,473.5004150115463,0.12931918351734828,3.406434423105571e-05,102.5017851344768,180435.95220090286,37.457877893334526,14482.471884922497,1.0229944061982206,9.777513526559634,0.6000903950526388,0.6277021292407596
1613,466.9450356631529,0.15598138661943173,3.380849351803568e-05,107.37557379800333,180558.5011768678,37.53648966284572,14479.003730729093,1.0120953549901242,9.757323658149314,0.5977758512265853,0.0
1614,459.5502042832865,0.1757144344941951,3.327008897334657e-05,110.39042478459338,180683.86189009392,37.56943367846579,14475.546059339404,1.0272344123359538,9.77429217575414,0.5954566509474081,0.0
1615,453.7872764251108,0.17378487206205784,3.257701194900565e-05,111.55051252670886,180810.20063138756,37.78599589857567,14472.240815819427,1.0224625186383647,9.79705759739364,0.5932764127656359,0.0
1616,453.9596286409911,0.16638213355836828,3.185633707232914e-05,110.07491394532711,180934.9534599984,38.0175043044575,14468.923580144768,1.0407182886004773,9.810769428182615,0.5912358029569535,0.0
1617,450.8876009560212,0.17337566800667503,3.1219104495565474e-05,109.854789621968,181059.49351597845,37.85233852975034,14465.594757110652,1.043804984658285,9.81556565080836,0.5893159132503916,0.0
1618,451.32350166478125,0.16376244891484115,3.05143311183675e-05,109.87053450195361,181183.96325363836,37.957305069873506,14462.254379638063,1.0356502644547456,9.813321219898057,0.5874989675625709,0.0
1619,454.818768950638,0.15527053674509472,2.991626739718004e-05,108.81392560883346,181307.46924608154,37.97452186281784,14458.902419607726,1.0204794539252577,9.80633966713524,0.585770550526092,0.0
1620,455.015224949436,0.15008873675840817,2.9412425040987516e-05,-383.98712431701523,180938.2813017228,38.05781015207115,14455.538980011399,1.029226029352085,9.809378524467386,0.5841200022164965,0.0
1621,454.52789533041056,0.1493146998929482,2.8966673332772083e-05,107.78126082490594,181060.87433476868,38.12492019045452,14452.164068171902,1.031417857635137,9.811616336841011,0.5825566140770219,0.0
1622,452.639465945186,0.15362490688127717,2.853163700185863e-05,107.72235573447168,181183.41249760406,38.037051679498994,14448.777835598908,1.0374054253132676,9.814553590872704,0.5810749700590598,0.0
1623,450.5316783360384,0.1570203700591034,2.8444391263834067e-05,109.23783521509935,181307.4321303029,37.92300945455359,14444.94712604523,1.0288086009514588,9.812380663671332,0.579671899496541,0.0
1624,445.56133513453887,0.16830427354092814,2.8315167898244996e-05,111.56507006745281,181433.73290495132,38.157502053384654,14439.528222711562,1.038002754676573,9.818937717503934,0.5764123072159283,0.0
1625,440.89647206124806,0.17791113750202148,2.823044606293144e-05,111.66501077463052,181560.4209194991,37.84142346789416,14433.493438904126,1.0608435937766398,9.875243593080947,0.5771738215045447,0.5450336115308296
1626,439.1585566592558,0.182338916475985,2.8042251556192757e-05,112.54503212964599,181687.88145338313,38.00795351329984,14426.072838334952,1.0433412383847143,9.826030184171664,0.576004250615323,0.0
1627,443.6041326722974,0.1759473975368655,2.780825569528942e-05,111.47804446989613,181814.21508681867,37.91696878470182,14418.656427964255,1.0491910888915446,9.84986553113868,0.5749969433640211,0.0
1628,442.5976540638458,0.1747709758375563,2.7639434297610194e-05,111.00490176055337,181940.14386613373,38.24022475869899,14411.244312995821,1.051078302814411,9.852842942832556,0.5739469707423731,0.0
1629,442.2739563301642,0.17603795467167738,2.7483514640310488e-05,112.636811911586,182067.66891089026,38.421921218450926,14403.83632235505,1.0409329262748475,9.859049209977405,0.5729540061710602,0.0
1630,440.84278602704154,0.17783203708292017,2.7315105434091045e-05,111.3663428584818,182193.91028678726,38.19470360742801,14396.432471977674,1.056368222744207,9.859650012008597,0.5720194433181374,0.0
1631,440.7401484211139,0.17903535737603682,2.712747558828702e-05,112.99854162019302,182321.7293172056,38.34511711139156,14389.032778276456,1.031260139063313,9.859523196236388,0.5711329815160011,0.0
1632,439.87956403583155,0.1795313817049693,2.6928755526024522e-05,112.30453124404602,182448.84935971352,38.17225195093908,14381.635598024723,1.0476363644406819,9.870764587752172,0.5702912558691141,0.0
1633,439.61494132858377,0.18007311443422835,2.6724675638726742e-05,112.94148234746152,182576.56516639047,38.16103535131433,14374.241771106572,1.0368902188907974,9.873630687604223,0.5695069839516057,0.0
1634,438.5145600494906,0.1794582015906151,2.651654411793068e-05,111.3191535473328,182702.6431699251,38.12110230448195,14366.852110127056,1.0438894573615227,9.890944478668944,0.5687662655494048,0.0
1635,438.221038045648,0.17943389647418073,2.6314738935823194e-05,111.9030664971465,182829.2646494788,38.260044563267826,14359.466612685643,1.0332192857646427,9.90297163823196,0.5680859272018555,0.0
1636,437.99982055241435,0.17831654255186224,2.611293833409244e-05,111.61378712475971,182955.5855873001,38.21366351559295,14352.085276383237,1.0385423201115163,9.9159559302168,0.5674559825293162,0.0
1637,438.5751177052266,0.17728062962542745,2.5922839427458496e-05,112.44895854444704,183082.72754302507,38.18766379442459,14344.70809882219,1.0348530345708937,9.921994918540584,0.5668751621111587,0.0
1638,437.3451659309069,0.17850556859514233,2.5744189919070582e-05,112.85275678008165,183210.28221952918,38.29235612091641,14337.33507760628,1.0411093285903166,9.929970181703524,0.5663318626922883,0.0
1639,437.5184242788219,0.1777598113915968,2.55520867359284e-05,103.85035441986419,183328.7855277133,38.208595929088595,14329.966210340735,0.9964378022007156,9.945230550829793,0.565826750184238,0.0
1640,437.00291714328546,0.18384754093843436,2.5244469235355125e-05,112.41720502299972,183455.8118611859,38.18563431776076,14322.601494632214,1.0073198465070707,9.95628428731718,0.5653674932734649,0.0
1641,436.8639459214606,0.1805471764601876,2.4873081171358593e-05,113.23683536401163,183583.61542891487,38.34222599990607,14315.24092808881,1.0271737663495504,9.969354847546487,0.5649462540336024,0.0
1642,435.8467712871843,0.1812508360171151,2.4538173734960474e-05,112.51303162482228,183710.67942403935,38.3278683010292,14307.884508320058,1.0341091352721763,9.954025940180891,0.564563776734275,0.0
1643,436.5066535133558,0.179874241711807,2.4196862113771685e-05,112.96083805631739,183838.15792756385,38.45732856740008,14300.532232936917,1.02708684808174,9.95776098778246,0.564180750300058,0.0
1644,435.2799887270256,0.18073907715856363,2.3871334348905857e-05,112.25546218236677,183964.95311642878,38.229812710203596,14293.18409955179,1.0449700708065106,9.963264921671373,0.563822290454316,0.0
1645,432.97392510765275,0.18465257315141992,2.3537595602335733e-05,112.95600196877825,184092.41717594935,38.31232263617018,14285.840105778505,1.0232635085857358,9.9590112042848,0.563489492050772,0.0
1646,433.92733515211694,0.18127998714810245,2.3163229321822706e-05,111.99471000553814,184218.84427351068,38.29577402704975,14278.500249232322,1.0443357814111625,10.28309205714887,0.5631682293847026,0.19867110286676848
1647,433.3011194608234,0.18103249441235558,2.2826298843909293e-05,112.35028496992204,184345.64950083362,38.453130334522605,14271.164527529932,1.030686372169739,10.146587496078858,0.5633196904145107,0.30342922465923294
1648,432.23888262723176,0.18257124145690606,2.2493156327463337e-05,109.01085791698931,184469.11390860734,38.17342816779462,14263.832938289459,1.025364027841833,9.941993205149826,0.563299888853761,0.0
1649,431.2235708493043,0.1877462707017692,2.2069175337992235e-05,110.18786232659306,184593.711071677,38.19668150974107,14256.50547913045,1.019531882638886,9.938399266591379,0.5629666117161666,0.0
1650,434.01607101870303,0.18591597249631908,2.15910391939407e-05,-911.5472384105831,183696.5409909066,38.047360554018276,15319.279479819972,1.0425702038543014,9.9425792892113,0.5626457691833544,0.0
1651,432.35374481854,0.18610287701334005,2.113532247159189e-05,109.68108731521545,183820.87149867817,38.50165439679438,15311.37172015557,1.041445256553191,9.941441353752717,0.5623469674492543,0.0
1652,432.26084333500654,0.18614830094103763,2.0693462379817804e-05,110.51222414834065,183945.9900854107,38.509889922447414,15303.468407144286,1.0429865363773128,9.946862809889312,0.5620621036463987,0.0
1653,432.2296136522109,0.18545156792587192,2.0240195678884272e-05,110.52490718235488,184071.12895804632,38.68162608587762,15295.569538233338,1.022869860755006,9.953566701632306,0.5617991094720842,0.0
1654,438.2140314251232,0.1726047966607317,1.9797703968100285e-05,110.17434186433022,184195.92842050554,38.54215085034232,15287.673773744378,1.0302469841012782,9.961961021489454,0.5615585736961335,0.0
1655,435.5158014764569,0.1775609597636072,1.949443773278639e-05,109.35468832631176,184320.08297910736,38.55701610906422,15279.783785381836,1.038632220540789,9.970159737571802,0.561341591708079,0.0
1656,432.54271948876294,0.1812432991702997,1.9139507202403684e-05,111.49462638012517,184446.29249150434,38.596136072097714,15271.898233470409,1.0254027478965178,9.982700670050791,0.5611467218362202,0.0
1657,432.29395796251595,0.18009404153902897,1.8746701374389736e-05,111.42241004645976,184572.3422673198,38.56914384726125,15264.017115463394,1.0280979542864808,9.981547255146374,0.560978564785155,0.0
1658,435.6410026702895,0.1741063628310221,1.8379180862442784e-05,110.33482168303466,184697.29744496214,38.40837785901175,15256.13909315936,1.039300666544915,9.990519000025435,0.5608177590693006,0.0
1659,432.47141590155775,0.1776346871847585,1.8077729894918614e-05,111.05213019218648,184823.07120378673,38.406500687693736,15248.266835327133,1.0313873957932969,9.997348599147402,0.5606772571350986,0.0
1660,432.54202801539407,0.17667768767967673,1.7726725759879717e-05,111.00228770779526,184948.69956028988,38.43511069420996,15240.39900376832,1.0353435474091544,10.00422969257166,0.5605532186128187,0.0
1661,432.5916401435366,0.17552036874048538,1.7490272006761414e-05,111.05557186404039,185074.54463707996,38.494484043714266,15232.535595942283,1.032487152258109,10.010201430965113,0.5604448824519632,0.0
1662,432.55536718729417,0.17506177124270828,1.726662693315038e-05,109.40787261853266,185198.74282551405,38.32252299154338,15224.676609309903,1.0512328815761207,10.01344017845491,0.5603502615108901,0.0
1663,436.3471235967418,0.16996934974596434,1.7048133785793787e-05,109.11245718507863,185322.63604775324,38.32197188934671,15216.820707146544,1.0371213870124802,10.014295176921175,0.5602650692911463,0.0
1664,438.5049464096298,0.1650377006948308,1.6883965417325114e-05,109.5616709093696,185447.089879527,38.324239888348245,15208.969222570746,1.0205016059075143,10.036892780815968,0.5601856946798583,0.0
1665,439.94999118025333,0.16159646394819782,1.677197288210705e-05,108.60208375892398,185570.6342015843,38.36031178446518,15201.122153046306,1.0318099461700954,10.060499685038229,0.5601404501886859,0.0
1666,441.4491110668769,0.15720376660100666,1.6696395960121415e-05,107.32291610940635,185692.92026331258,38.304142041669294,15193.279496038538,1.0339289362321058,10.06956371982759,0.5601289426273703,0.0
1667,439.60746080620873,0.16304035416613505,1.666655932404889e-05,89.18694903126162,185797.09839163473,38.25986088615565,15185.44124901427,0.9581507144439759,10.079039095133437,0.560130336825295,0.0
1668,438.6638575747136,0.14206464004593455,1.635681684815811e-05,104.80032547752243,185916.729807331,38.55457723079379,15177.607409441833,1.0048023497787826,11.075979901169138,0.5601445221622298,0.0
1669,437.85656324300277,0.1714285373580261,1.6271209732009453e-05,110.3887557194108,186041.89138920128,38.65925612887891,15169.77930019664,1.0120429278719076,10.153499668744496,0.5614700050696159,0.0
1670,437.3887927156073,0.16980359259417788,1.59021140833885e-05,109.90928036876488,186166.50048238528,38.689321082125865,15161.955591886532,1.0230300493492108,10.174633099071423,0.5615153742683185,0.0
1671,439.57216834036234,0.1665953724173962,1.5521526977521603e-05,110.25425389375333,186291.42820882236,38.55673561444186,15154.134956580398,1.0224941183172025,10.158435962393375,0.5615866234185639,0.0
1672,441.26303327427945,0.16198820688198523,1.5211616468434101e-05,109.72496903052063,186415.8941041289,38.78973221255399,15146.318718617724,1.0115104227850873,10.171561809406471,0.5616333313912742,0.0
1673,439.12869962580197,0.16518755172922128,1.491781166706504e-05,109.67271918722918,186540.35730208742,38.539328296245266,15138.508197965657,1.0131011568574633,10.181132003480469,0.561695311858617,0.0
1674,437.7483641773524,0.16490533381332895,1.4625752510897868e-05,109.48040324283514,186664.5591288204,38.56441132386177,15130.70206815555,1.0251857921862026,10.192054939105605,0.5617671144263178,0.0
1675,437.7584081479443,0.1643119943993414,1.4303772128126437e-05,109.80724054345255,186789.0438474899,38.62110001186916,15118.12351621511,1.0248192076158236,10.19365682137603,0.5618500209866159,0.0
1676,441.74183160698163,0.157702936139678,1.4024584234256329e-05,107.98719181795748,186911.71660010004,38.4808843699297,15110.324838040566,1.0106417617303356,10.196759245805673,0.5619312056753426,0.0
1677,442.7928212510384,0.15472234694199472,1.3795556382520213e-05,106.8809291787031,187033.42417170384,38.518356621218096,15102.53054460865,1.020407129011708,10.21449012639825,0.5620127266483497,0.0
1678,443.96815454837986,0.15191631413247908,1.3636046726087456e-05,107.16001823649083,187155.43310275674,38.41502915605158,15094.740633402736,1.0151850399985272,10.216553273721512,0.5621138099638758,0.0
1679,443.1128448506317,0.15634252941333426,1.3467022236089989e-05,108.09089933878788,187278.40262870918,38.39429518319125,15086.955101907699,1.024139661288878,10.230177432322332,0.5622128530227306,0.0
1680,443.62665841793546,0.15470635895303353,1.3290727202260528e-05,107.30784579871673,187400.5580624157,38.39837099454371,15328.251278536725,1.021986473905642,10.2312991191175,0.562325165693727,0.0
1681,442.35277599775696,0.15723318199802871,1.3091289928962398e-05,107.2337330094073,187522.60822073006,38.39523905921769,15320.337506392052,1.0221152391398622,10.23165747357842,0.5624336267722314,0.0
1682,444.63769071310145,0.13321700302854622,1.2943748484789315e-05,104.54489626354487,187641.97604937656,38.305755586285095,15312.42818176776,1.0076783570259975,11.206606366473446,0.5592830484911863,0.0
1683,444.1997939694609,0.15415720614567074,1.3051818349124389e-05,107.11433419226972,187763.9835574291,38.39786278694192,15304.523302113274,1.0248420893313064,10.296945858983822,0.5640817186666037,0.0
1684,441.36243024482536,0.15725352471416698,1.2935254756221873e-05,108.43836701625162,187887.24430288357,38.43260999916006,15296.624175777599,1.032223454756568,10.299778129988022,0.5641890181569643,0.0
1685,444.43297288743827,0.1532844462746017,1.27856535951093e-05,106.74002595119023,188008.71930927594,38.436700272020175,15288.728176975075,1.0388246047613032,10.290669947222074,0.5642949268113459,0.0
1686,444.08193367556515,0.15531046528869785,1.2685059996985156e-05,104.22276516169899,188127.7734041612,38.506462681707156,15280.836615501317,1.0198768223488548,10.275148188069931,0.5643838022238629,0.0
1687,444.855049904164,0.15853208773617167,1.2354429124840177e-05,105.76044821423045,188248.3312772225,38.53533750236168,15272.949488811812,1.0031550375063971,10.284396497076202,0.564448062351604,0.0
1688,443.64722508766135,0.16216384778579307,1.2025716850165187e-05,108.39925834187225,188371.54744369345,38.632356045690244,15265.066794363556,0.9999704870978179,10.29025155216597,0.5645215344791767,0.0
1689,438.1262773236636,0.16901842754444174,1.162624839588395e-05,108.91995690006351,188495.24302858426,38.48933434451817,15257.189834754692,1.0132871072077625,10.290937254904257,0.5647527792165925,0.0
1690,439.5047668733187,0.16450981970271739,1.1190497652483002e-05,108.60786552618872,188618.4946220861,38.00396212726444,14999.460609568081,1.0335096334284342,10.28716367527311,0.5649735440734508,0.0
1691,442.55841215515284,0.16116959857271196,1.0770210258340058e-05,109.2651066376983,188742.41831390985,37.96533639924205,14991.728615629027,1.0387085663438897,10.274172205514724,0.5651017392425095,0.0
1692,443.33065611758974,0.15940210448766334,1.0641281238404535e-05,109.22621544507224,188866.7817303826,37.879037550246444,14984.00096819467,1.0323238904678769,10.269861147371639,0.5652833923855446,0.0
1693,441.37976322049667,0.16278309141088332,1.0531332738523142e-05,109.91707292627373,188991.84736973554,37.95827980231297,14976.278965608533,1.0485695586608825,10.270743425807611,0.5654504782886486,0.0
1694,443.32408605486273,0.16078499129408008,1.0346069961665749e-05,111.47156225685792,189118.3901492328,38.089078441296884,14968.560002272507,1.0325764806402646,10.268434140004327,0.5656105596501401,0.0
1695,441.50147295174907,0.1633900299129365,1.0222073142585079e-05,111.49076233650702,189245.00257626263,38.039461560057596,14960.846677372056,1.0291146607854238,10.268910459274647,0.5657597865121122,0.0
1696,440.8235130228497,0.16307534127659673,1.0029280583050075e-05,111.33489027346488,189371.38946301403,38.01807893836325,14953.137687581928,1.031214176150369,10.276564355890251,0.5659023670714228,0.0
1697,447.5986038160528,0.15298150984619718,9.881825060123397e-06,110.7704566020353,189497.1785346263,38.00095271168606,14963.990597561578,1.0357712867895617,10.957912791200313,0.5650788833623669,0.0
1698,452.8334126218777,0.13994945791899538,9.799643329063956e-06,109.7275411813512,189622.2758166858,37.9864371504285,14966.290468134897,1.0476073610063494,10.930088454662034,0.5671315529301495,0.0
1699,454.4548396649952,0.13647205972253484,9.855614607732832e-06,108.61059737705288,189746.49913114143,38.01221166958988,14959.825467778166,1.0435040167244012,10.906808054166676,0.5659944884606799,0.0
1700,451.4794820671037,0.14211463129801616,9.990489466280005e-06,108.78992314253587,189870.96502008542,37.923677123667254,14959.063054399838,1.0504844915898204,11.191592144556404,0.55094437496622,0.17648180062288432
1701,456.3873481673466,0.1250314764535888,1.0045135487136768e-05,106.2007544262164,189992.81902524858,37.504905397562624,14808.926410605009,1.0343910383143735,10.96237375900362,0.5622042238359926,0.3717339835289444
1702,450.3453164046349,0.13772759839803383,1.0254017577738798e-05,108.73115083954464,190117.41627127354,37.82009909057276,14801.323736519818,1.0394578804789156,10.30227044972408,0.5723802343505079,0.0
1703,454.8675220433939,0.1442052789006525,1.0325503045833396e-05,108.72267925270899,190241.81888295893,37.682845386352554,14793.72403844746,1.0422768180649042,10.308549942470773,0.5721579037113116,0.0
1704,452.8520479675002,0.15273578798699372,1.0326811107682366e-05,109.95463892089616,190367.23444299147,37.653909154685515,14786.128612474353,1.0386997936374287,10.31365692290857,0.5719551567761243,0.0
1705,448.7060043771918,0.16021642098460998,1.023664313342453e-05,110.6401419307887,190493.23220149075,37.65764294475593,14778.538747669465,1.0359565681164409,10.326736918663187,0.5717694673777559,0.0
1706,447.14562177493434,0.1621833387304913,1.0066879069322743e-05,110.5530192184663,190618.9430390747,37.61857560159277,14770.9531490581,1.0478815436954165,10.333205767768854,0.5716104686026808,0.0
1707,444.16680861533104,0.16561169841867662,9.877022170817205e-06,112.29175820602693,190746.30162107578,37.68094289946526,14763.371814193026,1.042460844058412,10.338502712862994,0.5714681197720227,0.0
1708,447.01980106804456,0.1613872456031682,9.695868569779764e-06,111.74715004776485,190872.95730709404,37.739311550201634,14755.794740628353,1.0409834290540645,10.34647041550923,0.5713400421604671,0.0
1709,447.44970543839213,0.1600791315873401,9.517898656112318e-06,111.51244059505761,190999.51172835528,37.803136453284736,14748.220630796492,1.049673765875261,10.344739779358607,0.5712290322405087,0.0
1710,447.1514984372955,0.16140254824395084,9.398055469091325e-06,-929.0299186639883,190085.47035376122,37.68937981519068,15407.422904420277,1.039974089130489,10.335143836743615,0.5711214718208335,0.0
1711,446.43136186477216,0.1625562363607076,9.221047468822222e-06,111.59682353889814,190212.00703419582,37.65327934192304,15399.49058315147,1.0383611900927807,10.341755859575533,0.5710068408051795,0.0
1712,446.62348522221413,0.16267381370755862,9.033287973608169e-06,112.33854199994406,190339.25174150415,37.59331322536216,15391.56271389149,1.0509562391960203,10.342568438492236,0.5709068214542761,0.0
1713,449.2430020959566,0.15947361739898214,8.918444297839073e-06,111.57979014637814,190465.76105259874,37.56985642907003,15383.639297133292,1.0413736576691168,10.3385201286192,0.5708130487114477,0.0
1714,453.476093226926,0.152081906092557,8.815904856902635e-06,109.48176178214491,190590.27033622874,37.503988448935985,15375.720330323436,1.045875602863409,10.341954809788287,0.5707188139116176,0.0
1715,452.920630973418,0.15250969070778653,8.792268533734836e-06,109.1241856487205,190714.59645010106,37.62546806728006,15367.805810910262,1.0343755860981163,10.343536868602943,0.5706339867584942,0.0
1716,451.44012336056755,0.15468630369454994,8.763432428282805e-06,110.5744126692734,190840.30663068162,37.602835123329086,15359.940181679849,1.0285704729967033,10.345780226746543,0.5705556568407153,0.0
1717,451.9819541497975,0.1503214376806048,8.710997720541367e-06,108.94452774912509,190964.29375294247,37.658657091543844,15351.990104076067,1.040842364886387,10.350684203987822,0.5704843677630772,0.0
1718,455.17918088359045,0.14722274674455516,8.70396232957552e-06,108.0612882062776,191087.37027697288,37.47891123996198,15344.088911560431,1.0443035262274074,10.340585655687862,0.5704232659707491,0.0
1719,455.5601844905381,0.14698436684077987,8.729313915956459e-06,108.24095007439865,191210.77750583453,37.569939543927795,15336.19215625222,1.0460511270381858,10.326250701078257,0.570352100662906,0.0
1720,459.70282004735054,0.13848029646132087,8.755930048490655e-06,108.07866586989974,191334.04469780327,37.557904797193274,15328.29983560839,1.0441389515184827,10.306648819645645,0.5702658065531891,0.0
1721,458.8850533481703,0.13668066703360116,8.87118874747055e-06,107.66407397917618,191457.07211778234,37.929713198870495,15320.411947087583,1.0399175327971104,10.292732219276187,0.5701582182252807,0.0
1722,457.9571143592629,0.1389730992382644,8.999504036840492e-06,107.17198687148786,191579.55977186735,37.844960713413194,15312.528486643192,1.0439939372290816,10.28255000334556,0.5700378907237313,0.0
1723,460.4417572233312,0.13283504010843583,9.101478621577719e-06,106.60389672603145,191701.42560008552,37.85338539864047,15304.693897690484,1.0473186869379936,10.269088519328463,0.5699103813634274,0.0
1724,453.4767262745641,0.1433945129086358,9.294516189133632e-06,107.3366184658336,191824.11712309936,37.884465559992364,15296.774842150526,1.041003800054094,10.264873389383025,0.5697717399604301,0.0
1725,455.18166044190906,0.14264257190203766,9.37355617414816e-06,107.99520619109477,191947.11503345342,37.969529407235186,15288.904653577827,1.0345022153733645,10.260200359826406,0.5696346949554046,0.0
1726,455.18591261951997,0.13856880030387164,9.459538711627221e-06,98.53638928880592,192060.73909121662,37.9277165483164,15281.03888407838,1.009896324830541,10.252319257528075,0.5694985657089925,0.0
1727,449.7657049569907,0.16488226435647968,9.4788929279861e-06,98.84049037321878,192174.57912065578,37.85375729185352,15273.177531122177,0.9704833892432531,10.249647140040091,0.5693590876209929,0.0
1728,461.8084199550425,0.12393393003977615,9.01077616593032e-06,103.64832370886006,192293.04629323687,37.8510358426457,15265.320592180718,0.9960776843253659,11.078600364804307,0.5692232849999499,0.0
1729,456.2727691763398,0.14705509570549868,8.96976153161573e-06,102.59817836375437,192410.75570842455,37.86431427004053,15257.468064726996,1.0106477639413318,10.335165877745244,0.5701850976163636,0.0
1730,466.13290585636867,0.11796988391030361,8.732684470118536e-06,101.79083002355208,192527.48019628215,37.77249997501031,15249.664391618879,1.0238306968805648,11.778409159498047,0.5701204673386505,0.0
1731,452.26506735964904,0.15235853997514048,8.76684021628758e-06,105.63764158867386,192648.44876952987,37.86144962055677,15241.77623418224,1.0280448044114814,10.9421097711811,0.571958031901889,0.0
1732,458.3382563228204,0.14586581964968137,8.435898354104491e-06,106.76236781621063,192769.96152666915,37.969715658614334,15233.981371434029,1.0069631713017302,10.913241284808018,0.5726027888573255,0.0
1733,457.3054306918075,0.13096234893653913,8.546131235243525e-06,105.5489202991432,192890.60759149634,37.86038119640293,15226.102019301845,1.0178470922384426,11.11188238663956,0.5731771510368224,0.0
1734,452.52015395171713,0.1448667752801558,8.883736757321329e-06,106.82151012547023,193012.49192873028,37.80829775097312,15218.271511434185,1.0212704259919132,10.94914455866439,0.5739839769730818,0.5254624476731102
1735,454.148809497995,0.13947155155112223,9.070187956028665e-06,93.31200620298732,193120.77320940892,37.827544614331494,15210.445399923681,0.9588661140828093,10.612831188596367,0.574614883008794,0.2914593201898512
1736,458.60881303151456,0.13249662001538998,9.019720669360105e-06,103.25709799594641,193238.8653610482,37.791581568163345,15202.623682253809,0.9729043376854162,11.71136070815415,0.5747362064675037,0.0
1737,463.2149636065203,0.1170478874663804,8.995878178734265e-06,101.87073163102204,193355.60179766637,37.78077732227167,15194.806355909528,0.9891751234431898,11.731910043958901,0.5762528802150236,0.6539747498231243
1738,462.1185272159147,0.1212151596658193,9.136719588677695e-06,100.7450122188913,193471.4042572361,37.78122512862705,15186.993418377295,0.9945624608296433,12.459987214276545,0.5778182145742694,0.0
1739,460.0319687546816,0.12737162607924235,9.231659958426087e-06,104.44378894448464,193590.88353609966,37.83444207265124,15179.229312555259,0.9886082605877299,11.769214297694726,0.5622305439555105,0.0
1740,460.0103476772708,0.12570974217486408,9.33095913876451e-06,101.10397737880109,193706.9367850431,37.7374655100776,15171.42514511542,0.9831690861450041,11.984330668688088,0.5628907546588867,0.0
1741,465.8252624700975,0.10597690144567884,9.39765694635644e-06,99.78086027114188,193821.64973340963,37.6882892608287,15163.625356245255,0.9849314708145779,12.067253807040101,0.5848443448842285,0.0
1742,470.4923066516299,0.09063520714941742,9.554521752969329e-06,97.26197313501056,193934.00870515752,37.754656582572316,15155.829946147858,0.9985302914946832,12.127160384288807,0.5863198112293407,0.0
1743,474.1279864078009,0.07896583538509783,9.873854694468384e-06,97.683836335702,194046.91324459628,37.770938699934504,15148.038912317124,0.9912559470762494,12.186129031788843,0.5859881208020484,0.0
1744,472.85926514374466,0.08165071723258877,1.0335504174408636e-05,95.01583430623732,194157.29476380933,37.80017931727548,15140.25225224844,1.002308577199056,12.214486875951959,0.5871918728461141,0.0
1745,473.13384111779027,0.07939094717102846,1.0764192832242735e-05,96.78981848372848,194269.43621974185,37.76799833882512,15132.46996343867,0.9996492541789354,12.254178926013314,0.5891705367287692,0.0
1746,472.591061169445,0.06979986036239483,1.1213216208344752e-05,94.76213309074399,194379.56548696224,37.86215183454818,15124.692043386169,0.9981730621955383,12.309807302846869,0.5899795851457404,0.0
1747,481.7269679557801,0.048244697212790344,1.1744849347102562e-05,94.27247449169376,194489.2939718531,37.89941837018435,15116.91848959077,1.0045416668810958,12.377996061121245,0.5917134184847862,0.0
1748,472.1899974349149,0.060134985101238936,1.2550036318195416e-05,95.43132911338417,194600.40103459125,37.86160080274571,15109.14929955379,0.9954895631107478,12.405643528481347,0.5910729623144751,0.0
1749,468.9552776601939,0.06545930874075478,1.3174144127876256e-05,94.21256161875135,194710.1801581555,37.883445638430985,15101.38447077803,1.0089453006735296,12.437943101410061,0.5917756482672837,0.0
1750,467.68821887183924,0.0674066889525593,1.3780859709190361e-05,93.75796074102435,194819.42950690203,37.73696318774588,15093.624000767768,1.011719000597519,12.498059636589543,0.5888185865893043,0.0
1751,471.3826559803738,0.05920113735021981,1.4317965671768403e-05,94.19291210296636,194929.06922423755,37.73928648478638,15085.867887028762,1.0051383890476058,12.528670508125435,0.5903731272857232,0.0
1752,471.21657568445795,0.06312896121126099,1.498349041667419e-05,97.98461246745957,195042.6090761897,37.83433203092233,15078.11612706825,0.9977937266661773,11.840946285596797,0.5901658959953281,0.0
1753,472.20070010212567,0.0591469969087145,1.5611177409821643e-05,94.4668068937078,195152.66074358867,37.71573676742322,15070.368718394944,1.0124504693837266,12.53878424003759,0.5902879214245124,0.0
1754,474.7068131917125,0.05629678388095105,1.6265994820942415e-05,94.39635407997433,195262.67585823737,37.69445726211847,15062.625658519037,1.0094030506035725,12.558857126006297,0.5900466345039242,0.0
1755,476.89136203294737,0.05235933799705028,1.698626348234544e-05,93.6657643348943,195372.05993529013,37.677325803189646,15054.886944952195,1.0088249744777824,12.593678961708513,0.5905516601650839,0.0
1756,475.9197197918907,0.046896033142421634,1.7740965188611702e-05,90.6907705681658,195478.49818400713,37.726958623433376,15047.15257520756,1.0211532130809124,12.628355126200145,0.5980455902465477,0.0
1757,480.83732496151873,0.03570662770888633,1.843624835353061e-05,92.15581671408935,195586.40945568492,37.83101584878556,15039.422546799744,1.011766571581933,12.017167109625095,0.5984194927643645,0.0
1758,480.4035460152298,0.03558498869059867,1.925199627497102e-05,94.66154516400233,195696.94135852123,37.891162762948255,15031.696857244837,0.992246261958584,11.898274817032185,0.5971911271880332,0.0
1759,480.60463283133237,0.030451467079635752,2.00423049202768e-05,92.64415464056151,195805.43880753755,37.921481840815936,15023.975504060401,0.9976326798623735,11.856229066098273,0.5993621300643349,0.0
1760,480.4890243089399,0.03214577519727846,2.090616901831481e-05,90.97808498954096,195912.3431694522,37.78963303994539,15016.258484765463,1.0096835584383546,12.539754016415904,0.5993745662178379,0.0
1761,480.66574631985003,0.030885270899656425,2.1731114412936027e-05,89.86323527347429,196018.12821586363,37.72637469388816,15008.545796880526,1.0088548267831678,12.571799274180295,0.6082283223133105,0.0
1762,482.665195671069,0.02474553544562641,2.256296241972095e-05,90.75349533726276,196124.81413951848,37.769235614543916,15000.837437927561,1.0106125579258864,12.620447198180218,0.6055614115796841,0.0
1763,482.96647663935846,0.020876898407123035,2.3453419774869196e-05,92.06570718717057,196232.88438718984,37.838837749004604,14993.133405430006,1.0030960319652469,12.017877704761606,0.6061744591453363,0.0
1764,481.22725751598927,0.025418178994797702,2.4384459095521716e-05,90.91875588865258,196339.8293168338,37.74077983945548,14985.433696912763,1.0094172781738613,12.612040083842503,0.6077738310244337,0.0
1765,480.06198605778854,0.02642594272010268,2.5253212723431277e-05,90.65409324952815,196446.4768797309,37.77330868946327,14977.73830990221,1.0051975325820974,12.643361022825975,0.6069603428486386,0.0
1766,483.4627963342783,0.020011873619804388,2.610277383013809e-05,89.64686866475873,196552.10909821047,37.778635490403204,14970.047241926182,1.0169730709467224,12.686066565244959,0.6056902052570466,0.0
1767,484.56686601506055,0.01903902795253576,2.701633251400581e-05,91.94487597720946,196660.11369065725,37.93790323453419,14962.36049051398,0.9996932366273364,11.930658958421423,0.6112185828561446,0.0
1768,485.01800330109717,0.017333161260437713,2.7944478347922655e-05,87.36598724172943,196763.5738300165,37.757861955359225,14954.678053196372,1.0218040959658339,12.675654450161705,0.6113841275866528,0.0
1769,486.1172192281732,0.016298147448621347,2.885740891250506e-05,91.12410221792199,196870.81076077448,37.86315542687063,14948.117955485346,1.0095628043429825,11.952344310808506,0.6126834992482679,0.0
1770,485.5103991341299,0.014925303953910674,2.9799641956268516e-05,92.63375484303614,196979.59571003745,37.93466948188133,14940.439737073315,1.0076539459469653,12.062707549126074,0.6161728211343461,0.0
1771,483.99965172062116,0.020001600896808913,3.075014239033477e-05,92.24358083312863,197088.02409207218,37.90709517694872,14932.76584224924,1.0041614427752845,11.883612563257532,0.616577329752967,0.0
1772,486.77324113818236,0.015206226051660443,3.162423882082653e-05,92.12730478623862,197196.28797203157,37.868613374384076,14925.096268422292,1.0027579249956373,11.848306628714163,0.6147208977479941,0.0
1773,485.68597957097853,0.017183210349658418,3.259364812598986e-05,91.5341012497662,197304.09767524642,37.85954448571222,14917.431013090909,1.0054675612201436,11.818233147454198,0.6134344513457128,0.0
1774,487.07967062525387,0.01035659026006197,3.354884827612932e-05,90.48858425611641,197410.88941870033,37.87701552868049,14909.770073562697,1.0001252722244973,11.848085280226428,0.6129706233891796,0.0
1775,485.2850904841182,0.017408050229422378,3.4570782071556044e-05,91.89940409803363,197519.13558858508,37.860221474571276,14902.148804160825,0.9985509838470102,11.910063576152156,0.6108944921913104,0.0
1776,484.6266163467609,0.01746409696748208,3.5507884996251966e-05,89.16004157300908,197624.56973661485,37.76657663630633,14895.623708696203,1.0100047935239755,12.51518506301899,0.593816883065126,0.0
1777,481.19380200244086,0.020902472595661026,3.63936204544952e-05,91.12911709564106,197731.9804696428,37.85567999277162,14889.09861496796,1.0158339794987186,11.943620510115123,0.5926015359066437,0.0
1778,480.1492774910242,0.020240482594304,3.7277215099447086e-05,92.08724345370788,197840.29946645763,37.828055481398714,14882.575067232687,1.0075306925992553,11.764969392367618,0.5852893058890329,0.2940984095681145
1779,481.5236773032046,0.018961845852008552,3.817459899579774e-05,91.9906774756318,197948.5138478233,37.85930714997128,14876.050937613967,1.0063983547310338,11.899524723267122,0.5853014113905792,0.29031574011189676
1780,477.6256198880575,0.026219024705697813,3.906383341988156e-05,93.82122397939204,198058.56384509045,37.80935669056597,14869.527070596196,1.0164062126791689,11.735270582713941,0.5902993382295164,0.285776380151038
1781,482.2194931311909,0.021780095175600533,3.99935469360383e-05,91.45599314888089,198166.31937723764,37.81923807781523,14863.003477550119,1.0208653336638072,11.863498708755507,0.589421345286285,0.2810934865045738
1782,481.7289589870819,0.03279003051006557,4.094884394790168e-05,93.1857611708195,198275.85736114462,37.79954744830549,14856.480181743618,1.0211230457566973,11.70147470970383,0.5559347954609436,0.27671701681343563
1783,487.47006735036507,0.02403211071205502,4.179316164032604e-05,93.24108608359408,198385.34739625518,37.83799950264936,14849.957202633414,1.0052973188801453,11.830707607310089,0.5716210100678912,0.0
1784,487.84431212574634,0.02657989320450116,4.270894679132713e-05,92.08894962883369,198493.81087778555,37.77282846936795,14843.434526814455,1.015456362092509,11.675517225846205,0.5721371302020032,0.0
1785,488.38333883719235,0.02613283734333338,4.3589697964883276e-05,93.44636900406215,198603.59005088103,37.80127694279538,14836.912184991663,1.009373372793139,11.658042795840906,0.5709975447472418,0.0
1786,487.0637560424045,0.028706414033078276,4.446756339753631e-05,93.06807648043142,198712.9865008901,37.80852792270853,14830.390181727646,1.0140212076705353,11.78523867837137,0.5704748705029838,0.0
1787,486.5107981320728,0.026581360680081545,4.531044539163329e-05,91.89406462306154,198821.1856085743,37.79149150973586,14823.868529447767,1.017781376492642,11.618378911765275,0.5708734983874203,0.25723824535603157
1788,485.62888751034336,0.031789304452931266,4.616810126967798e-05,92.64705369102927,198930.12821611384,37.81944269449328,14817.347232805572,1.0126592355689639,11.599982065565351,0.5690444565551469,0.2529530251903438
1789,485.8681031646887,0.03313453812657874,4.696345933240695e-05,94.7640771372578,199041.133298523,37.82001564201015,14811.89353613394,1.0060859611141493,11.561982342117382,0.5687221976600327,0.0
1790,484.30103941379446,0.037222009212720786,4.774209791451633e-05,93.48304157364616,199150.84863884197,37.84390667353018,14805.37180973928,1.023954186228942,11.532307224035714,0.5672231993327775,0.0
1791,477.46823266029224,0.05137546198125853,4.8482070995343984e-05,-153.90625237450763,199013.1152367439,37.51396631977417,14798.850463577799,1.0158487427062353,11.506397290668525,0.5664443635733483,0.2402862243142181
1792,479.59559339231373,0.04573683394483885,4.905315938197165e-05,93.59998264789931,199122.74225541748,37.41052465806057,14792.329500473857,1.0212715586875147,11.642788730638747,0.5922805788607686,0.2360362959552056
1793,479.9937551799118,0.04243904601440218,4.968577556826058e-05,94.0823366391235,199232.89197925985,37.41452890720348,14785.808892685618,1.0163938137135708,11.473931041779972,0.599034603146556,0.2317146050022778
1794,481.2845647516108,0.04229260349291697,5.0348121205020975e-05,91.31808962260484,199340.3259915792,37.43403134367266,14779.288667951998,1.008012728181097,11.45113126459956,0.5976828987656553,0.0
1795,482.13367960235416,0.04048822007650188,5.095132607149485e-05,95.27638088955159,199451.67969693203,37.4715730079231,14773.801026097028,0.9995043119384097,11.57963898826103,0.5960123443646288,0.0
1796,487.6780137659252,0.03561419053989068,5.155705070754203e-05,92.62503454588015,199560.39084733574,37.478308139450384,14768.322919949263,0.998992309136763,11.571909936630373,0.5932320300023974,0.0
1797,491.5784997625067,0.030579442505415333,5.2212507263374874e-05,93.44199136913412,199669.94453845313,37.538173331191864,14762.83621327848,0.9976665519693516,11.571995029722856,0.5947358185344278,0.0
1798,491.49284233821027,0.030463057631736845,5.291736479934473e-05,92.89067793241173,199778.99872039538,37.58921229202818,14757.313019369456,1.0107215252190203,11.553330745809122,0.5928297845298711,0.0
1799,491.49096257617873,0.03490073916647152,5.361952514560517e-05,94.83767115288424,199889.98123217095,37.551103676343224,14701.906117745453,1.0040703862642082,11.546176481673466,0.5924266623895543,0.0
1800,493.8885507323135,0.03402932940289427,5.4271064507224855e-05,90.48620111353115,199996.62831289083,37.36453682403451,14695.732120076975,1.0024460881756192,12.221339445007771,0.5928547110230594,0.10196973486865346
1801,486.1214185345538,0.04244654288558336,5.490181421439771e-05,94.29940638293482,200107.1739674348,37.39523340880651,14689.216247469245,1.0013902632576999,11.823645212854476,0.5928671379395443,0.0
1802,487.8318846714886,0.03787350919796362,5.546416987280082e-05,90.81005984521772,200214.03089605935,37.414399377992346,14682.700860186435,0.9878671406469912,12.365532175654689,0.5959642126767871,0.0
1803,485.7316269861953,0.03594325689911004,5.599206295466131e-05,91.19189236834052,200321.2805174321,37.37634797618186,14676.185953996779,0.991424911556167,12.425643321115844,0.5889957336179846,0.0
1804,489.71351180799275,0.03698300121073883,5.653689325772697e-05,90.4888869578433,200427.81837139852,37.37622318942296,14669.671532642951,0.9982911319849286,12.48420244232289,0.5880980524099549,0.0
1805,486.9083021459206,0.048810385520172694,5.709706374710664e-05,94.16180789681144,200538.14546997243,37.38517504162339,14663.157612633619,1.0020134167282815,11.82723515398631,0.5881103515171668,0.0
1806,490.93814894901357,0.03417618693626279,5.749438818617461e-05,90.58626201417817,200644.75181730464,37.3593509282454,14656.644209407206,1.0055356501785857,12.512252173572568,0.5874565334542754,0.0
1807,489.0249735088045,0.036283093254723564,5.7987827256049814e-05,92.4776978529193,200753.3701540207,37.41082828014181,14650.131295332152,1.0148660523482333,11.828569902509912,0.5874688295614883,0.0
1808,491.30213865975946,0.030347243813166336,5.851131399683147e-05,92.3223930404194,200861.81412782893,37.38578663535298,14643.618906071573,1.0083581712098038,11.849781084396703,0.5874812396654246,0.0
1809,493.51804820107725,0.02325071094822262,5.906516788248003e-05,90.91125667761646,200968.9110596769,37.38761456148439,14637.107061248078,1.0100046851223603,11.89171171595926,0.5874935462137166,0.0
1810,490.4453686102603,0.03488503806507248,5.971879668082411e-05,92.52592389477273,201077.68690641,37.406508525103156,14630.595780503987,1.0073867562258252,11.723660020924568,0.5875057441759637,0.0
1811,485.9219816229654,0.04081913227929057,6.022546331290687e-05,92.22402629089747,201186.05458199463,37.402001882833865,14624.08510006801,1.0101966870577943,11.832720962455333,0.5875181155951512,0.0
1812,487.660176487846,0.03479862537036771,6.068275185559594e-05,90.16189630170072,201292.32707607,37.36928136091073,14617.5238677316,1.000797060214255,12.376095732990677,0.5875304726657236,0.0
1813,488.54077964301956,0.03105323820981043,6.114235123680173e-05,89.41761355418538,201397.89739114992,37.3842730320053,14610.963150654596,1.0065854234356066,12.433703604702938,0.5875428205881702,0.0
1814,489.83494821463256,0.03623280084041247,6.163783043890034e-05,93.37820898366458,201507.45810152448,37.42338828957034,14604.40296082107,0.9985645030520456,11.75838062202295,0.5983546977191072,0.0
1815,488.1769092703473,0.036598020863943814,6.211424439241877e-05,89.70870650246897,201613.31105146004,37.36469619234665,14597.843309850006,1.0098064237645077,12.440214707982282,0.597167819635798,0.0
1816,486.0538924114246,0.04511445775462386,6.257781284504666e-05,95.00525112456253,201724.4619566455,37.47636083357664,14591.28420945255,1.0086996506038264,11.767448646942347,0.5978542832326461,0.0
1817,491.0234355663984,0.03626364606895638,6.295550935184672e-05,93.22813793486532,201833.74453888548,37.377571277519074,14561.661270382201,1.0079002465412685,11.867129911545039,0.597677791493829,0.0
1818,485.0103453525413,0.0462684243928948,6.345315115162209e-05,93.91520776176215,201943.96185109552,37.398882264936056,14555.103306140138,1.0108909487559636,11.765028379009763,0.5758839494267282,0.0
1819,489.5693482739441,0.03954032082745329,6.383717641423108e-05,89.84223917535773,202049.97479821034,37.34665316191148,14548.545926982322,1.0148298583209405,12.39201986687255,0.5770178427430992,0.0
1820,485.7425249810804,0.044000634014593976,6.427579807620062e-05,94.14949346798889,202160.30030924705,37.42801914882797,14541.98914464428,0.9981676963826618,11.777877794415323,0.5770300423036568,0.0
1821,485.8250350480476,0.03823504377915499,6.467780873969871e-05,86.88972429912377,202263.31451398198,37.357626973330014,14535.432970341548,0.9900838092857879,12.389885555876575,0.5659809461551943,0.0
1822,489.2643753566055,0.03487762098791847,6.493732211691572e-05,91.24239684761756,202370.64727090017,37.42170697334738,14528.877415736975,0.992051814795469,12.422249774841413,0.5646348770676137,0.0
1823,496.92456888032575,0.02168814153063603,6.519013497306269e-05,88.74784542084818,202475.58617002607,37.39378073025813,14522.32249245299,0.9970682377508792,12.452618820647917,0.5828480367042015,0.0
1824,496.0665793897532,0.02149216991049463,6.562502905269658e-05,89.49452778586236,202581.46177152716,37.37683286672977,14515.768212035146,0.9919054397568535,12.49712145110983,0.5559184442737082,0.0
1825,494.2968268351479,0.0231492171006763,6.60581092224077e-05,89.29862978464224,202687.14041406105,37.39249195696967,14509.214585669055,0.9975483174676429,12.527021584392877,0.555929930565755,0.0
1826,502.32620594538145,0.015121162695304502,6.64699299820556e-05,87.2657137682158,202790.73151045354,37.3708121508443,14502.661624475395,1.0027801252839124,12.566445629195863,0.5578077176055933,0.0
1827,500.9386203368409,0.01836411703040841,6.696338435408425e-05,88.25240195842653,202895.38615219615,37.39936200007295,14496.109339721266,1.0013253831771654,12.60820357331959,0.5798993465726583,0.0
1828,503.2403206422891,0.014339131286116968,6.75091799583324e-05,89.16611294453276,203000.93115550998,37.46032771155743,14489.557742504967,0.998450472308341,12.642691027665455,0.5828980380743417,0.0
1829,503.21183040463194,0.01308841178925424,6.800281770902479e-05,89.28952392092907,203106.6366490206,37.44437274688796,14483.006843958607,0.9980537244909625,12.671571978425854,0.5840519079673279,0.0
1830,500.36988039782807,0.01918342914962201,6.847011880771716e-05,89.10374245419018,203212.16976585248,37.40456631439277,14904.332155181406,0.9955590499094195,12.697207660471527,0.5720268279205818,0.0
1831,500.1858488680524,0.018717720600887944,6.883557523758501e-05,90.09075658564593,203318.5651615266,37.4365281788226,14897.547355003919,1.007722362294278,12.721729258538256,0.5734206425898443,0.0
1832,502.60048380968533,0.012156340436798807,6.920277415392959e-05,89.00738866614883,203423.88074126097,37.450359882719894,14890.763415688794,1.0037665155918003,12.084939079369047,0.5721898145399095,0.0
1833,503.224053864488,0.012074737604389596,6.972237651500137e-05,87.91252030277485,203528.16717395853,37.426204126401956,14883.980348018891,1.0054797829024456,12.695311549370361,0.5570017369447372,0.0
1834,501.024492077707,0.010282665485885634,7.024246823570711e-05,90.0257580711226,203634.57696393415,37.45023822707342,14877.198162988678,0.9909280665342053,12.00465715284287,0.5583161101466032,0.0
1835,499.4331396523282,0.005772313193043055,7.08133792859826e-05,87.47720845434085,203738.4725621807,37.406032679153554,14870.399124913853,0.9947770180674369,12.67578509313329,0.5575156419557517,0.0
1836,494.45983537039297,0.014112646972450404,7.128207639218103e-05,89.84588408830537,203844.7980813575,37.467105747475095,14862.735349130686,0.9867531047932376,12.146629807086594,0.559662653500451,0.0
1837,494.7554468457487,0.011048782351043451,7.179543552756406e-05,87.58852095524581,203948.81215666758,37.39178371734325,14855.076006503261,0.9968759385481907,12.698280304863882,0.5596741800031741,0.0
1838,492.12138060697646,0.013561533640677026,7.221453069783704e-05,90.59515954685767,204055.82963669996,37.81300187524148,14847.42110528702,0.995013091663277,12.012220783204622,0.5636350894353866,0.0
1839,490.555528743388,0.01763899779624689,7.266957191790586e-05,89.09832844880219,204161.30387053275,37.7734023801472,14839.770619927365,1.0007780130284305,12.69672766803519,0.544009200864663,0.0
1840,490.3069716381303,0.018380283194606717,7.301183872890268e-05,91.08308071617165,204268.71884592762,37.81133322018546,14832.124556565272,0.995717561417733,12.066942731762854,0.5433094659669049,0.0
1841,492.1715482563196,0.013336381071926251,7.345637402643679e-05,90.67472384463844,204375.71750779398,37.79211524799716,14824.482885192298,0.9938227650651635,12.207537169407608,0.5425854253981665,0.0
1842,487.23156876319723,0.034626346926923124,7.381238104412676e-05,93.50491043899297,204485.61772450924,37.83979560483846,14816.845628069932,0.9940880014031794,11.92838661105558,0.5404503142325392,0.0
1843,488.1427332550506,0.034107693053401444,7.407678598414847e-05,93.2094735212525,204595.06105410127,37.85382128697217,14809.212761110704,0.9904278014714939,12.135013272535287,0.5392488239778324,0.0
1844,490.4111411880165,0.027821852022776872,7.41904059984142e-05,90.98408361717692,204702.29292689764,37.902799977646204,14801.584259518402,0.9989614161514109,11.865241675288063,0.5505495410187825,0.0
1845,495.6154665204579,0.019340640698219835,7.452409179218848e-05,92.73364827970072,204811.3298777478,37.97618456487025,14793.96008418593,0.9820312139669071,12.077044287351644,0.5481659774018486,0.0
1846,495.1241616915464,0.019629827375953424,7.47890258205454e-05,91.99231301047689,204919.7745758636,37.89308996366629,14786.340285931927,0.990305236862671,12.546059241901666,0.5503058805072477,0.0
1847,494.93791136168653,0.018975368973976114,7.511105561072586e-05,88.68290449538247,205024.94157384775,37.83174889096719,14778.724845541325,0.9986331451969636,12.572143642875202,0.5531398115803166,0.0
1848,501.1251183117478,0.010891659268107534,7.543781775396436e-05,90.15123722997531,205131.58035128695,37.90889872032167,14771.113774289814,0.9912421980487395,11.900903157884004,0.5558999275887294,0.0
1849,501.620529786171,0.006414074300300943,7.601057714263154e-05,85.17161164960308,205233.3281099425,37.80377892996276,14763.507081635615,1.0196880459916497,12.596454177131447,0.571709107160432,0.0
1850,502.0789359244558,0.004079872926156192,7.646433424541355e-05,87.33456803523346,205337.26741008353,37.877962403782554,14755.904826290343,1.0077201544284473,11.901228672193128,0.5717206439482393,0.0
1851,501.88260308175086,0.00032648264252888026,7.710797815984237e-05,88.51302844226099,205442.44881419858,37.87746868427757,14748.306986052921,0.9914907511650147,11.859323004768418,0.5729495028128495,0.0
1852,493.76414646020504,0.017044508596151475,7.767209659755036e-05,89.4661829077345,205548.63839343327,37.846504244289676,14740.713601238045,1.0033686788864515,11.837135947458039,0.5662352186439327,0.0
1853,492.31541470965635,0.017743731831211473,7.802572489450227e-05,88.79092839550397,205653.99717661575,37.834932952631654,14733.124656429982,1.0121057240362699,11.80721079710513,0.5696511861677263,0.0
1854,491.89598979397965,0.02148486014751272,7.837057550771825e-05,91.08748326302684,205761.67887593634,37.91391413659686,14725.540096289942,0.9915603379575797,11.763277190394188,0.5696624713952954,0.0
1855,490.0221239550672,0.03031485208047846,7.867174220614719e-05,92.42739164061385,205870.6716874846,37.91403206770834,14717.959908213836,0.9869775899302103,11.728473468006978,0.5700435842786283,0.0
1856,490.1290994637761,0.029631816907309982,7.884971459869958e-05,93.48892070673327,205980.67379585275,37.86429608509374,14710.384077600356,1.0020259560147977,11.702115498197493,0.5702486522209922,0.0
1857,485.78151827435636,0.043443595709292016,7.905098898661833e-05,94.31579873353715,206091.51341345903,38.07938987642276,14702.812570416108,1.002420920478214,11.678545375986982,0.5738919696853206,0.0
1858,482.5844251191068,0.05011294765886665,7.924707872458247e-05,94.75725938315183,206202.64325559852,38.01864865814344,14695.245385029206,1.0017722183947146,11.652549331978376,0.5739039404564038,0.0
1859,478.9929962019168,0.05528054275523375,7.922961881257302e-05,97.36692451109894,206316.31958240285,38.107703237032815,14687.682348657598,0.9943570157952193,11.63153757506307,0.5739159535584812,0.0
1860,485.68318593310084,0.05010507441912215,7.929396396534514e-05,96.78798810410126,206429.3647906057,38.18984685313379,15094.728141530924,0.9972712081133966,11.626503449769986,0.5995558333846641,0.0
1861,485.32543233563075,0.056675325389521136,7.924463622025264e-05,95.95263558771929,206541.6293903318,38.12227456160531,15086.947102439479,1.0006862694277876,11.615424330905302,0.6142231353489523,0.0
1862,489.40205890703146,0.05113885551975628,7.9132269631128e-05,95.9579393511651,206653.8533727372,38.173862997337004,15079.168934093033,0.9920714401621389,11.599996531566072,0.620101463404969,0.0
1863,487.8547310776373,0.05750521139603337,7.908033668420719e-05,96.1098486226246,206766.29131045862,38.16823690950779,15071.395117788472,0.9988995667313473,11.566248042489125,0.620114264158804,0.0
1864,493.29525670275257,0.05211977966080683,7.897678036839712e-05,96.21466401904578,206878.77571899342,38.13096009320695,15063.625665536723,1.0003381190903908,11.551248243805626,0.6227712695622292,0.0
1865,494.9437626766168,0.05134897090320556,7.893581639091051e-05,96.45907220690441,206991.56713339715,38.19024599968019,15055.860562453896,1.0074094944333556,11.545479807219872,0.6227278921193472,0.0
1866,495.92101805278526,0.04659133244363123,7.889910998575597e-05,94.33930504936077,207102.23649237325,38.01659678643586,15048.099821053105,1.0084753385132916,11.528715184225407,0.635817577013793,0.0
1867,502.5621759902876,0.04017263545888172,7.890349604420471e-05,94.48626895878367,207213.0296802688,38.072079652099305,15040.343439850312,1.0053374693327986,11.512166978919335,0.6341717748939377,0.0
1868,496.50949915871877,0.047926443253347606,7.897585290540633e-05,94.81949149980458,207324.22225359347,38.072364740098685,15032.593056467305,1.0040545308927986,11.49796741435708,0.6343557002532082,0.0
1869,498.44913239514193,0.04206813012446986,7.893280713107296e-05,93.01144441663128,207433.5148692516,38.0247626383216,15024.847298177725,1.0059203091592306,10.993549077094983,0.6321191626652793,0.0
1870,502.6441272104867,0.04194488757195003,7.895012076726572e-05,94.79149843869936,207544.61899402936,38.07232600738238,15017.104016948091,1.001439918020929,10.983447718197633,0.5958998208086331,0.0
1871,506.2072843976254,0.0382367000904279,7.896633878436908e-05,92.95334769465069,207653.9086073299,38.1363099660562,15009.365098804534,1.0042138918317356,10.980455986492263,0.5948713481854082,0.0
1872,499.90559166481074,0.05407871229731931,7.901852052538418e-05,96.14353238795121,207766.44458369113,38.15725128598003,15001.630540973621,0.9997219897348862,10.971633520363595,0.5928178449262179,0.0
1873,502.46889990242994,0.04475330055994442,7.890181486165971e-05,93.77453718619442,207876.45594035776,38.097487489318674,14993.900349532285,1.0070665138764139,10.964777624656817,0.5913946454373435,0.0
1874,498.64962233171906,0.045871083671976565,7.884191076658109e-05,85.7903233396972,207978.57699769194,37.89123386346781,14986.174482639337,0.972895278688895,10.9498681975018,0.5914069633213664,0.0
1875,486.89868322402543,0.07404803107323998,7.862435691676891e-05,96.3798672283649,208091.1768101101,38.014620523486144,14978.452949412422,0.9860776052987563,10.96964627209801,0.5914190647228209,0.0
1876,489.7320481146551,0.07280062003233811,7.812512592926e-05,97.25906249760381,208204.340862188,38.058612821665555,14970.735710765384,0.9957380970958726,11.606548419989117,0.5922373096240173,0.0
1877,498.3786792715322,0.06614279096731002,7.764122763691791e-05,93.21514919486948,208313.47913759097,38.05407746920185,14963.022697147913,0.9780689419664681,11.592387939914767,0.5918282512471824,0.0
1878,499.1298891363111,0.06039836654846242,7.711728414250851e-05,94.63273366511211,208424.0897452396,38.160317063290634,14955.31498514678,0.9787929717153754,11.292626593755154,0.6220554469508529,0.29060185373696257
1879,500.2944727130227,0.06160870070661639,7.665697500214793e-05,96.65361509634158,208536.79558284962,37.98711402933438,14947.611486374271,0.9939165422914013,11.0076316420096,0.5937574092622162,0.0
1880,506.6138464752383,0.05282331101018034,7.618629957039084e-05,95.57836286353957,208648.36970652445,38.00866712738296,14939.91221360821,0.9934514556089649,11.01015873887828,0.5926996106498617,0.0
1881,498.59227872206577,0.06457526006484682,7.58114449068904e-05,96.8164270781092,208761.28444664524,38.034216101505244,14932.217162011424,0.9911697923263988,11.009041361862018,0.5921466867984515,0.0
1882,496.2076382939378,0.06695371779372927,7.531269923810146e-05,96.67097943249436,208873.95557723276,37.93322466593763,14924.526351981322,0.9860490780467841,10.995219388578878,0.5917813763192362,0.0
1883,501.7988060983216,0.060210570109006545,7.479113437257034e-05,95.55070938607375,208985.4851513369,37.97643567445805,14916.839751706204,0.9889033532145428,11.030028779254984,0.5912115355753351,0.0
1884,497.5458529186859,0.0687934269678444,7.434365260103387e-05,97.67419722925997,209099.20580414185,37.97679123979901,14909.15735341158,0.9837751561537992,11.045034360375308,0.5914419428041304,0.0
1885,503.0026246907624,0.06579712099609902,7.380697564762862e-05,96.33735023224753,209211.47954888002,37.97252044348556,14901.479172318657,0.9947268473742296,11.06381915559971,0.5899306413821095,0.0
1886,504.59510849542903,0.05795618878246889,7.330501239360413e-05,96.7719670541244,209324.22753507126,37.95736421260978,14893.805184912364,0.9893608244219231,11.608805964770195,0.5905324422905469,0.0
1887,502.2882068221612,0.06263906003754205,7.28890742926465e-05,96.08652817390214,209436.35185336386,37.98358679908587,14886.135397073043,0.9990892202099834,11.087066714354336,0.5911705949464322,0.0
1888,508.82558730048163,0.04102696981704179,7.242528642351666e-05,96.00089501107402,209548.29925576394,38.01488501862376,14878.469826820183,0.9900897285078073,11.092898481158352,0.6141012849131058,0.0
1889,509.6144804042159,0.04149483006480226,7.219381978856146e-05,95.49005747267577,209659.97314209634,38.045440760591354,14870.808460455124,0.9846288750270675,11.105441421529592,0.6148307344594199,0.0
1890,508.5554632904906,0.042630652845776607,7.196292687647218e-05,-468.86212099893714,209207.3270792022,38.01733704307793,15286.471039550977,0.9867010915182501,11.119172340044232,0.6127058657227265,0.0
1891,508.92419128059066,0.0376508975276304,7.17236426004297e-05,94.74249215113574,209318.22723325086,38.04720941827244,15278.585358044396,0.990082129375335,11.137265173246583,0.6123297152340667,0.0
1892,514.3338413378051,0.028791981800127542,7.153448806764984e-05,92.78224555004347,209427.15773892213,38.008658183528546,15270.704052269837,0.9898522023493616,11.129916782034522,0.6204775559661746,0.0
1893,507.4679127754926,0.03827007889813938,7.145390861926202e-05,94.17429863985802,209537.5834990909,38.02546891443173,15262.82713370728,0.9941953012556793,11.124498800420099,0.617759855625774,0.0
1894,504.301964138157,0.04483659557316866,7.128896514163107e-05,94.87682424244737,209648.66349418263,37.97578860890837,15254.95462548939,0.9952346503865394,11.129866772805334,0.6163954816162122,0.0
1895,494.56862480312526,0.04616852393715476,7.104832370560773e-05,94.57698903612598,209759.3292091118,37.94218281857379,15247.08650519204,0.987517479104143,11.13057865768742,0.6138440899649533,0.0
1896,493.949257201372,0.04908218549799104,7.077836053549805e-05,96.08320169547831,209871.45214427702,38.10259116811938,15239.222752468484,0.984472078810008,11.12769698043082,0.6125620149160313,0.0
1897,493.4413969626047,0.04767541013511423,7.046844103710257e-05,94.4873707983925,209981.97752258822,37.95626205861877,15231.363358392195,0.9921673336037795,11.120698892904597,0.611787597241919,0.0
1898,496.70321744881534,0.041922316847596064,7.017184934218357e-05,94.02858321919796,210092.03366714707,37.98689752710969,15223.508314306488,0.986217220669647,11.12607533736057,0.6101220934934903,0.0
1899,499.57909306689095,0.041515390831489474,6.993786753610653e-05,95.18357529529567,210203.338786584,37.95532665822321,15215.657621241866,0.9819116287947287,11.142595769449482,0.6083073613096428,0.0
1900,497.9183881216457,0.0462581084710727,6.97091615375055e-05,95.08971272197283,210314.58686306587,37.94817337493984,15207.81129047511,0.9828895233026201,11.157677256709308,0.6063315843730308,0.0
1901,498.4679903536797,0.04379768392664596,6.94309231548948e-05,94.84359972351987,210425.5485624596,37.985582339245106,15199.969320758706,0.9845509766601828,11.172196433156927,0.6032551677500324,0.0
1902,494.5228484681453,0.05397499745899559,6.918019350800546e-05,93.68075590898957,210535.3600791189,37.98401276076833,15192.131699008101,0.979302676839816,11.621866931877312,0.6157995107113596,0.0
1903,494.7122305631383,0.05195973903858764,6.882417221510858e-05,93.70529182396986,210645.0362720045,37.95951414303803,15184.29842889091,0.9971073054427493,11.14566394880459,0.6209855140576813,0.0
1904,493.6040321338907,0.04415807377943359,6.84979625174567e-05,94.29196672354838,210755.31292873737,38.01535239514173,15176.469482247245,0.9775083812641842,11.119523682864575,0.6189038007936373,0.0
1905,495.0542169508385,0.038447121353798575,6.825939319325817e-05,93.69641169123614,210865.03420232006,38.0221616630959,15168.644864618296,0.9811600896667785,11.120600489089911,0.6182917592202068,0.0
1906,493.86786569770567,0.03555141204538648,6.808373839308392e-05,92.73492176610334,210973.83477428672,38.06843830306312,15160.824592879719,0.9868091600045689,11.553121270893865,0.6271515115273034,0.0
1907,486.8383417250536,0.047246235079492216,6.794017969094081e-05,93.18368504612712,211083.1371140419,37.95625066037253,15153.008679729324,0.9865733500464279,11.151242370807909,0.6000313536520907,0.0
1908,487.05472938490533,0.04373218425273884,6.767352196813172e-05,93.87055817838056,211192.96788766098,38.05774606764659,15145.197129758228,0.972664508545001,11.163831809387979,0.6156959947722153,0.0
1909,487.83511195928946,0.040834450064820005,6.744535131093736e-05,92.98794578940903,211301.921072187,37.96147974615897,15137.389912649724,0.9882443216855725,11.547632513170411,0.6058341214125913,0.0
1910,488.2780756151606,0.04563573149429956,6.724963876874235e-05,92.41038643449856,211410.32361667402,37.982832451136055,15129.587036036566,0.9871078800910594,11.169090138711885,0.5793088424740671,0.0
1911,485.0157559513409,0.050954864676030054,6.700464703119357e-05,94.18082661571216,211520.44471050968,38.00020321430636,15121.788507237481,0.9820499337651861,11.17694102436414,0.5784454371810932,0.0
1912,482.64257162443806,0.054515553347867174,6.670445013113548e-05,96.07394076984917,211632.39044362013,38.03287784646159,15113.994308753168,0.968690310053127,11.176301703501684,0.5772438659401539,0.0
1913,480.68254581017464,0.05159699719502309,6.636716873524847e-05,95.11653357016985,211743.32125915893,38.05892170755152,15106.204422059818,0.9773662159471416,11.156848190218998,0.6107757256067002,0.0
1914,474.16397457301565,0.06382604816861048,6.606206235538911e-05,95.90289773255665,211855.04649452073,38.07766836091924,15098.418885332181,0.9750138728950823,11.504098342566518,0.6104626896657569,0.0
1915,470.4166354545568,0.0667431332439028,6.562900477119646e-05,95.93831289588546,211966.677905495,38.002215104178475,15090.637654366341,0.9875790052445745,11.157648174786852,0.6105683310594966,0.0
1916,478.0506461740067,0.06571391528995274,6.532092216661906e-05,95.22550789294908,212078.00701769977,37.989978652931754,15082.86069690392,0.9868193302077218,11.164338603885192,0.6095478530727537,0.0
1917,477.4918993248492,0.06426708668664383,6.50241141935341e-05,95.57548427409665,212189.62852898825,37.948573186715564,15075.088039657729,0.9804667312865213,11.177930591033236,0.5794988625335006,0.0
1918,480.93460154634596,0.0764722889271311,6.474210601471563e-05,95.0229561122879,212300.65955304995,37.948793842189914,15067.319682814901,1.0018717498973908,11.19318853924598,0.5794803943161583,0.0
1919,480.5006127179089,0.07286740674226655,6.429686909292182e-05,96.99208338796997,212413.55757968704,37.985205080614776,15059.555627368132,0.9803131251304226,11.185746032612762,0.5817506818951165,0.0
1920,474.5257940485867,0.08040731601175477,6.389210999284115e-05,97.37684871101425,212526.80154435989,38.062140143573075,15579.183682073995,0.9847137387633831,11.196632922715978,0.6302177337228118,0.0
1921,483.8137675864686,0.06602893298512202,6.340966195250993e-05,96.40257085785203,212639.01136299665,38.038992578222505,15571.136919288414,0.9880773404565331,11.211100080415154,0.6603282467857062,0.0
1922,479.9576996906294,0.0793976711254829,6.30833467937432e-05,98.09263956123681,212753.09202579226,38.03615102956389,15563.0945647795,0.9821399359751801,11.234287433468406,0.6279556245499093,0.0
1923,480.01457454768905,0.06292200841523965,6.262116065995312e-05,96.62778437312492,212865.5819602461,38.07965769573813,15555.056652352374,0.9814722648347203,11.248675754737647,0.626816688928857,0.0
1924,482.75079384189627,0.06247207164915691,6.233991907085337e-05,97.77090423771111,212979.3936303285,38.10846070424815,15547.02314795304,0.9822204396044858,11.272487827209638,0.6237759884944025,0.0
1925,486.25836158654585,0.05969456998359435,6.205816034643114e-05,87.69553763307064,213083.15307327997,38.0472960333895,15538.994091102908,0.953659007114558,11.270819732434811,0.6242440447969875,0.0
1926,491.3809344612683,0.06601469114686287,6.171749038217918e-05,94.98244190863628,213194.2194141143,37.984529343955636,15530.969479165271,0.9728096526324372,11.29160549394364,0.6230839491338653,0.0
1927,490.70395483203407,0.059392042203997075,6.129869505699446e-05,96.79757207111642,213307.08407933198,38.05826335768752,15522.949295970375,0.977808264586816,11.304639836171333,0.6224761171711933,0.0
1928,485.2340290125568,0.07099300527271446,6.0953384992372005e-05,91.74527495345468,213414.904850964,37.94369497062361,15514.93352092096,0.9617419124633297,11.638630547229239,0.6221077390541012,0.0
1929,488.30475714814713,0.06495007419242649,6.0663591836990635e-05,97.59582069539229,213528.75835792205,37.99761828913572,15506.922168557488,0.9740121607689712,11.62869433625778,0.6244767188965783,0.0
1930,487.78048524433893,0.0602781362352659,6.0439278325958724e-05,96.40558108273451,213641.48591238304,37.982477491490336,15498.915249237383,0.9761334897161504,11.603260766433532,0.6442827148241523,0.0
1931,494.0860901293551,0.04926433615382475,6.0269404873101505e-05,94.43361026210766,213752.25557702826,38.00129531676141,15494.885637668936,0.9721037757457963,11.604278855895819,0.6456161341731641,0.0
1932,494.8690825223009,0.04301901587607926,6.0213310789719604e-05,94.58986238510315,213863.29418163453,37.98187850941699,15486.887624639672,0.9752774509365855,11.59303174368036,0.642612238164389,0.0
1933,493.2482693098312,0.047634901719332046,6.0223723855574726e-05,92.68112080754456,213972.397824144,37.97051807342278,15478.89409963572,0.9835433224539054,11.578059377613716,0.6433322470660635,0.0
1934,496.20431900985204,0.04620989400969233,6.018374166746405e-05,94.25308816205424,214083.01293869002,37.97426919259729,15470.905066387193,0.978398971299289,11.575868247361559,0.6403494516427671,0.0
1935,495.43552798061575,0.050878114840682276,6.015442314483961e-05,95.81556330655096,214195.19432449003,38.00754184264702,15462.920511371698,0.96719686889908,11.575411263634415,0.6392552961907289,0.0
1936,497.1590183033094,0.04447755098412165,6.007537703720952e-05,93.75401307750892,214305.18898156285,38.03206875695616,15454.940433861271,0.9749382996350467,11.553828530409113,0.6379791669308402,0.0
1937,502.85342936189613,0.03623902960910286,6.0064780010274435e-05,92.13329790210145,214413.60447082735,38.02734149466209,15446.96482108777,0.9768868648599126,11.543386876691143,0.638376091066188,0.0
1938,500.2731761305662,0.037671869804430935,6.0141694780182075e-05,92.64226883138593,214522.6015034897,37.997130190057845,15438.993686361164,0.9796401166595344,11.525515915232127,0.6356303950476508,0.0
1939,497.1896465133089,0.0424121803291031,6.020257789510221e-05,95.24807460132281,214634.1712867678,38.07241170124763,15431.027046222225,0.9657197375862564,11.529753510611664,0.6371608420628083,0.0
1940,495.3924452800774,0.03886161628598317,6.0212381370894167e-05,93.78904925929267,214744.20468210476,37.98077972423775,15423.064896506812,0.9761075683171139,11.54296638025119,0.6360427409866966,0.0
1941,492.8691952823272,0.04219612549446339,6.0259728421391666e-05,93.77208758696162,214854.38766089408,38.03596542955805,15416.486347335906,0.9765112275478866,11.531960911468659,0.6364159148789813,0.0
1942,485.1701282023374,0.05679879196772353,6.027109997733466e-05,95.54224796882458,214966.2952302032,37.938731601435514,15409.912309556112,0.9752974423755862,11.533447425455497,0.6371340312863545,0.0
1943,485.13252625992766,0.053185607611845986,6.012689886895972e-05,93.31753233203665,215075.79323496768,37.91513761772645,15403.342771370826,0.9719225801931382,11.530983715237857,0.6368069732944623,0.0
1944,488.90639727006936,0.04347164126761183,6.001422319799438e-05,90.6811295143393,215182.67189744362,37.923975174476034,15396.777695176126,0.9811872681235548,11.532178206049169,0.6377914692556773,0.0
1945,491.6107366414716,0.04108660878861614,6.0005712662808316e-05,93.75148214624652,215292.67107907945,37.96295502559986,15390.21707984008,0.9639800159861917,11.529464236964637,0.6344724802377549,0.0
1946,489.64910884479275,0.0496373221775126,6.002261630199981e-05,93.78683679139266,215402.74242275272,37.569370198896785,15262.85947515611,0.9737426034607867,11.51318837018412,0.6346346195113547,0.0
1947,490.6701867724205,0.04493225930958156,5.9948844260272745e-05,92.65447351956546,215511.55625496208,37.62600400398846,15256.36820214206,0.9752740790246835,11.514620018058,0.6325097781264925,0.0
1948,487.1485329229473,0.052368423939268216,5.9927748665188604e-05,93.22001559315619,215620.95686876765,37.53965850855172,15249.881379862927,0.9839865958425249,11.50354644450833,0.6291950180794831,0.0
1949,489.2558241730508,0.0522759138891945,5.982998111429009e-05,93.82214595951274,215730.85401824943,37.635442459846224,15243.399004736544,0.9738110293571182,11.499839486850162,0.6233167563883747,0.0
1950,487.2708273131126,0.0530253215550065,5.973586560547238e-05,-472.07073380392717,215274.8439348267,37.540959518056404,16018.95631394717,0.9749230036547595,11.488544480115184,0.6240526274891085,0.0
1951,486.8910611985685,0.05827617864593848,5.963324469215114e-05,95.0320302068071,215385.91444915152,37.61328609344389,16012.052695826633,0.9696135521992973,11.468086273114379,0.6200282764495415,0.0
1952,489.0826983526288,0.05598728629026006,5.947462956478986e-05,94.20950090143494,215496.12184646341,37.65568144693053,16005.153753209588,0.9619321099523002,11.463988272607615,0.6190900128567116,0.0
1953,486.50866880697544,0.06682956538402773,5.9345334990648483e-05,95.33713056919711,215607.49872068677,37.63965251992203,15998.259482618749,0.9783537594055784,11.459201736109051,0.6083510806083058,0.0
1954,488.8737461420903,0.05578716474333434,5.9101803974426423e-05,93.68415932239009,215717.121466449,37.637897242072846,15991.369879279862,0.9810477547315921,11.44258478369574,0.6093809413970577,0.0
1955,489.701897164279,0.05230427957781203,5.897777978840307e-05,94.85249541397474,215828.00967687464,37.577033981227125,15984.484940494449,0.9759607553696971,11.446179500757163,0.6105688982324077,0.0
1956,488.0672431466589,0.05335068875137061,5.889194186425206e-05,94.73529310789148,215938.78639812593,37.64701113198537,15977.604663829394,0.967373245615842,11.453874931304771,0.6224579203845617,0.0
1957,488.0113663164315,0.052649947625019844,5.879583051813002e-05,95.02278489000884,216049.82595945772,37.65080094745855,15970.729050992732,0.9697273500508852,11.468014557394422,0.6202114206090642,0.0
1958,486.6451622010436,0.05319256896124791,5.870813291929702e-05,94.7997401293025,216160.61996294666,37.64595947005778,15963.858093104533,0.962833326274525,11.456533345158828,0.5982219118421486,0.0
1959,487.9775897563849,0.04657466454651005,5.861436436197862e-05,90.10192562114412,216266.69097225755,37.58233205522505,15956.991790354246,0.9842754493416407,11.458813408725172,0.600364798661181,0.0
1960,484.6575246167655,0.05559704323471093,5.858904107233499e-05,92.533303619522,216375.24420603964,37.6273983727646,15952.16461692375,0.9843393691434236,11.451408342295581,0.5755997646164949,0.0
1961,490.7701199316288,0.04768477460144693,5.846449244914995e-05,92.32053615140492,216483.5084161916,37.59645626342618,15947.500064346608,0.9737574413352558,11.454726817233148,0.5730443419897625,0.0
1962,490.0257480629864,0.04807344365187105,5.842540087139465e-05,92.75324339710077,216592.36526170434,37.63194511215637,15942.964959097542,0.9740454528520546,11.455812103802272,0.5732553014512356,0.0
1963,491.3477047100928,0.04151052607056338,5.838281592455132e-05,91.41585223921318,216699.88990359797,37.53094198698622,15938.578183868198,0.9784366552827074,11.45778692863138,0.5758540924978365,0.0
1964,488.999372504774,0.04846095435826758,5.842264361123216e-05,92.22226448879577,216808.2564489896,37.56376530245102,15934.315373008181,0.9785997219351924,11.44510212657102,0.5849777808932399,0.0
1965,487.2942290101918,0.05261082990624588,5.838858157094045e-05,94.67629285821455,216919.02360362356,37.766520733489536,15930.071572440582,0.9666805242127561,11.449844194849428,0.5882403999257513,0.0
1966,487.78265717455224,0.055009532176706455,5.83110108154625e-05,93.43746658636849,217028.51774345685,37.77083375300951,15925.83229934013,0.9780535613518874,11.441981840322686,0.5904460591240488,0.0
1967,486.88537225278765,0.05710208246024906,5.820891773026073e-05,95.38095984983117,217139.93878906505,37.72301129998564,15921.59755192077,0.9783636832221817,11.443124725944905,0.5903129383992841,0.0
1968,487.99157912412693,0.05226156874424481,5.815139521273294e-05,93.81271194631321,217249.7817514939,37.67250180919859,15917.367326365083,0.979759721409969,11.443246643052072,0.5889754597699189,0.0
1969,487.79877091555204,0.054818853867362516,5.8117033481472185e-05,94.83118807032193,217360.66415141465,37.55970555491781,15913.141620929868,0.9750452498887694,11.443361231172966,0.6153703933004333,0.0
1970,480.20957697110464,0.05864734753775347,5.8066724157760154e-05,95.48548907957708,217472.20251167828,37.56853613111238,15908.920432999243,0.9679607744482843,11.447058305685376,0.6157448657909054,0.0
1971,480.0133134268088,0.05279161381520692,5.795827555863702e-05,93.11260789070073,217581.29534751995,37.57363632577536,15904.703759484915,0.9741883875700851,11.455717057190238,0.6160898790752825,0.0
1972,479.2238076832603,0.053443285456123424,5.796203906063365e-05,93.87445342903219,217691.19661674235,37.57282472356902,15900.491599216339,0.9816169521398,11.444462020441918,0.6161519027897764,0.0
1973,477.1106624983568,0.05991743858651999,5.7959767842011936e-05,94.97685570752427,217802.19115230764,37.57285995439794,15902.836502679336,0.9798263022821494,11.712740259863727,0.6088116169837,0.0
1974,485.0936225941261,0.04034397512205523,5.78890443255583e-05,91.60364707966136,217909.738831021,37.59379971114699,15905.533926655511,0.9818209109353507,11.700529405836935,0.6171177342347957,0.0
1975,487.09795525105113,0.043995869548051125,5.80275559886548e-05,92.75592959563014,218018.62697618327,37.576332944657715,15907.320535605035,0.9673001328679719,11.700707868233746,0.6075157410284244,0.0
1976,487.37592602547085,0.0440429821556414,5.812661554525922e-05,91.61537242683153,218126.37044793542,37.56854912660965,15908.529434014217,0.9873363467242131,11.582608224791958,0.6090035507746919,0.0
1977,473.1730797303762,0.09482435409909917,5.8224901016216264e-05,99.27719922751183,218241.7600132876,37.610963585139416,15908.41630936165,0.9824679712444472,11.105051099487486,0.6098207029603433,0.5872725565213166
1978,462.92754301735914,0.1181477594557293,5.7771167599284365e-05,100.15774509882118,218357.59455451625,37.56267703664203,15907.182083426012,0.9740391876528859,10.935247212621,0.5946853305344648,0.6636113911491499
1979,458.05325338538535,0.13260971199926697,5.707306031508627e-05,101.19398070892557,218474.21152616094,37.57749609162607,15901.888699471465,0.9669509682847809,10.876784575094433,0.5935522487149684,0.757739815427712
1980,457.613381023712,0.13086121684901186,5.622875755277332e-05,101.07349412481824,218590.69361771372,37.61692640728015,16408.8065028931,0.9827589327312454,10.967168548108864,0.5911844468186231,0.7932057508340087
1981,452.2410603764427,0.1349252676964432,5.541188902592321e-05,102.27458121056674,218708.35913326027,37.699332469054305,16405.44389662073,0.9615342749829023,10.940342807440869,0.5918727133081982,0.0
1982,453.9889983172671,0.12486440826057088,5.4560709470492676e-05,100.9060952917379,218824.51695189768,37.66535098586011,16401.380027793497,0.9694136824094606,11.759409659669767,0.5909898283106645,0.04472022500861783
1983,455.7936979550744,0.12011651028309389,5.3833860058304134e-05,100.84627619448895,218940.9078648425,37.648985643322376,16396.89440732031,0.9672371115709114,11.761944657885108,0.5912151816007402,0.0
1984,472.1928082441552,0.09755990135323389,5.316730826266089e-05,98.87777104981558,219055.37431466387,37.67136811894059,16392.413463554767,0.9692666673003324,11.75589451517448,0.5913153753122258,0.0
1985,474.90020179259676,0.08979452546588662,5.274646588510075e-05,98.04122302802936,219169.29030224326,37.77572954310877,16387.979868591134,0.967198977408681,11.618539137098486,0.5829576615312756,0.0
1986,476.5186555661195,0.08840337663956044,5.240896968651782e-05,96.67605034881177,219281.78088095575,37.74451065754442,16382.137776984804,0.9725349959544127,11.61355729487374,0.5822949203880733,0.0
1987,479.9576351968672,0.08651974856958178,5.2083236385188844e-05,96.23363046221678,219393.49467726596,37.63873442699868,16373.897251603683,0.9563243879019029,10.834320630629152,0.6136182341497229,0.0
1988,475.88959306245476,0.09553037911284734,5.177657014620589e-05,96.5164808095046,219505.46802856305,37.185753520801605,16365.517697917308,0.9780582929303413,10.847711458869949,0.6106074537164817,0.0
1989,481.6005391532026,0.09147181623486278,5.136251964155166e-05,96.67287705519652,219617.44678621768,37.19186968221236,16357.142565950471,0.9644495659306636,10.85281416951986,0.6095947722864897,0.0
1990,478.3702097419746,0.09546871866939755,5.099556797341273e-05,96.50445590346665,219729.3266784793,37.185593275668666,16348.771757010196,0.9640317175531922,10.871036084269916,0.6060680110502026,0.0
1991,483.7361075239916,0.08078390377666056,5.058888704934171e-05,95.1401568515934,219839.78383663032,37.22268727792161,16340.405311029817,0.9726535624249619,10.89244492097943,0.6044577215636997,0.0
1992,483.3573588303415,0.0803625294801138,5.033879374569878e-05,95.29103600842582,219950.55450148776,37.246545981860336,16332.043190088028,0.9687732073220601,10.91151884131216,0.5986688352209542,0.0
1993,473.40904557121314,0.09048875101495457,5.011064560474657e-05,96.20479366089124,220062.26508890933,37.20532378299691,16323.685532111534,0.9676527972477446,10.793604326394536,0.6013464777290688,0.0
1994,474.91297887552605,0.0854257158929973,4.978123325290839e-05,96.70428524489074,220174.35344532866,37.28783416113449,16315.332354302125,0.965921061745051,10.805475299347222,0.6002972210554681,0.0
1995,478.65392646410004,0.07617644100667287,4.9515871382072065e-05,94.94446659406456,220284.71348017303,37.272789057771575,16306.983563617167,0.9734382077257767,10.833213148385438,0.599214767605066,0.0
1996,472.9762199721144,0.08196461229898189,4.9338979595189675e-05,95.63436561606223,220395.81888546096,37.30033121121116,16298.63921496847,0.9709406964662034,10.84303164923223,0.6000518845153029,0.0
1997,469.9734624168229,0.08414228686806913,4.910193719361835e-05,94.59681931800908,220505.80479696428,37.172907791746674,16290.299384988237,0.9681791474951147,10.975863570909723,0.5987791611729597,0.0
1998,477.5363127549108,0.07116762381477548,4.8843616833979266e-05,93.17969051059552,220614.32532504472,37.199981165070426,16281.96401745431,0.9685401938920741,11.004528341773044,0.5977451340979644,0.0
1999,472.56464205461793,0.07327211246210918,4.87254009281994e-05,77.82352098772976,220707.59192083593,37.20896522897102,16273.633090933037,0.9151977387372883,11.035156150604795,0.5956065854268434,0.0
2000,470.47486619046134,0.06894763412343685,4.841840436067804e-05,92.70004954795661,220815.66668246864,37.14127125237989,16265.306727991732,0.9647136218907036,11.391989818222697,0.5948437388099217,0.0
2001,471.93969932412807,0.08384835718752881,4.813235250252211e-05,86.22247241265676,220917.26533118915,37.089842134443785,16256.984757756149,0.9335774107078781,11.051730893542144,0.5934393280019568,0.0
2002,462.473749188744,0.10613314973187304,4.7690391484486314e-05,95.06422269053182,221027.77177458795,37.082191764670334,16248.667196521803,0.9570123060721094,10.570306666517329,0.5919698014677474,0.0
2003,461.48019578630533,0.12246379844589572,4.7015138841891e-05,98.47012576153477,221141.52189309147,37.11965935131961,16240.353903021214,0.9608175208798564,10.59867617661731,0.5938216499191629,0.0
2004,465.12554201927406,0.1069797570836174,4.617171880807512e-05,96.88105002143848,221253.53053895605,37.268261764958076,16232.001993902506,0.969819595712198,10.715180671679601,0.5925404850461518,0.0
2005,467.70699004805596,0.09785199968915137,4.5499916885920865e-05,97.120884062885,221365.9217872041,37.25347467869312,16223.696664351413,0.9520926102852464,11.14295967089594,0.5914770913943219,0.0
2006,466.2630164242283,0.10146119015431532,4.4930797046315415e-05,97.7150083145821,221478.97434200183,37.1574377311307,16215.395391712911,0.9568810886272594,11.1548558342339,0.5910300385225791,0.0
2007,464.86639797177537,0.10320278531466043,4.432805691181132e-05,96.16583923943375,221590.42945350613,37.33664229527818,16207.098265232047,0.9618318408132662,11.16357222947964,0.5906211095686527,0.0
2008,464.92264472644365,0.09983051887708072,4.3711822343949435e-05,96.8035839839796,221702.48743547263,37.1606533156001,16198.80525292383,0.9607587409238613,11.161700491494912,0.5902442076325513,0.0
2009,469.3449377289398,0.09419844374907327,4.313660652272836e-05,96.07592216502344,221813.83432956177,37.258720046579654,16190.516340723503,0.9638709674717215,11.161139205153438,0.5898837957350912,0.0
2010,475.5835615886918,0.07233232050214222,4.262614120668661e-05,-535.9389519763887,221293.21200066237,37.303922959809995,17637.355211868475,0.9619121425520277,11.13478348786858,0.589540774124345,0.0
2011,476.3808665827659,0.06774353340679118,4.2352663702157595e-05,93.42232498201375,221402.16196051927,37.2893019177825,17628.27430584537,0.9481907461073884,11.133308449509519,0.589180336909386,0.0
2012,473.68819318364893,0.07255107421351825,4.213054118494584e-05,93.48781572353933,221511.20457792337,37.28754657522124,17619.198618878305,0.9644895803789383,11.1439045591599,0.5888361036503031,0.0
2013,474.3418555412975,0.07190401475275188,4.1859405569728816e-05,93.80932133787361,221620.5069137642,37.3151732859925,17610.127793040512,0.9647726129821691,11.141375026554377,0.5885231458594271,0.0
2014,473.7776477306822,0.070468795058098,4.166990721842394e-05,93.11328805174945,221729.2300449434,37.30062676888298,17601.061777998904,0.9674254355019453,11.14211173914532,0.5873684538300469,0.0
2015,473.4308233925104,0.06679087954441132,4.1497431825628904e-05,93.52634899237474,221838.3642920828,37.36411334137042,17592.000650519058,0.9796959239528185,11.148254299219705,0.5864291031933412,0.0
2016,471.49807615582955,0.07143759383453496,4.1568575092254856e-05,94.44645524705439,221948.69773997043,37.30574695477024,17585.0106375563,0.9903496712873983,11.24970163100402,0.5863709878891039,0.0
2017,469.9307725809997,0.06552624406160346,4.1589662038464514e-05,92.49896925421616,222057.04077822284,37.29312049800696,17578.659025294848,0.9864073280635652,11.454623260996538,0.5877443433462579,0.0
2018,472.52061669718387,0.0689357964717463,4.167341103564788e-05,92.61940478496143,222165.49781856872,37.22385355227338,17575.039572711128,0.9730824889200658,11.453087568776223,0.587755804127008,0.0
2019,471.27251888762567,0.0674980209161179,4.1720171594444295e-05,92.29410177169208,222273.62056662442,37.19660657754676,17570.56339891948,0.9825384165668452,11.36127945411665,0.585652441545405,0.0
2020,471.39253656101897,0.06749580391437748,4.178180053772721e-05,94.0770207214712,222383.7039808102,37.21535971792906,17565.707371437118,0.9807449187612279,11.348353129331938,0.5826995548482482,0.0
2021,470.1792932433051,0.06528855700601843,4.184291066367879e-05,93.21647283633389,222492.93961487807,37.17173899978726,17560.411333478696,0.974230802190287,11.348237858192372,0.581653687770789,0.0
2022,473.6634381373477,0.061629257121658676,4.192696757416707e-05,91.91747546728257,222600.98542684154,37.26305984558063,17554.579672219552,0.9774680092256086,11.349922748445879,0.5826568507379062,0.0
2023,469.63860179520856,0.07274985686594349,4.2049246857676875e-05,94.12884348312271,222711.3459051344,37.1410727259684,17548.41198526087,0.9786479289497175,11.421560005985803,0.5835518755753397,0.0
2024,470.9768552904213,0.060038737367206996,4.2052200032240415e-05,91.43300849269907,222818.92111942088,37.6512007337851,17541.865418170677,0.982702550332827,11.425633107129931,0.5826370399128745,0.0
2025,468.1943693110991,0.06872743500275935,4.2190303608881126e-05,93.68736773346473,222929.05586658907,37.62743712602197,17532.857037420334,0.972373283437832,11.209238537880646,0.5815637356373647,0.0
2026,470.14020900823607,0.06709122765886544,4.2234836529818386e-05,92.42178282044662,223037.2361497063,37.54486352622548,17525.13038712653,0.9898780928722993,11.37847821068815,0.5861382342494905,0.03585430861493677
2027,470.18466032360396,0.06724279977774805,4.233921050373682e-05,92.78923467521201,223145.95511463686,37.670942544283015,17516.13230269414,0.9796279117238723,11.207769803011454,0.5875921943528019,0.0
2028,467.20804362977725,0.07529528001346697,4.242079922566456e-05,94.53520359788678,223256.28292043856,37.65852182555602,17507.139332593262,0.9728688683752345,11.211762238398125,0.5865928222401238,0.0
2029,462.0486138505109,0.08291540279043319,4.241597375438596e-05,95.79865395549305,223367.7684012864,37.536052931800086,17498.89403548314,0.9677768403746607,11.224771890949429,0.5897028031771663,0.11476598420338746
2030,465.8219261258638,0.07626554427019894,4.232999134101602e-05,95.49909524854277,223478.9940283139,37.63914205936051,17490.264290687763,0.9622447227154552,10.97510106557,0.5884608319899441,0.2603659986866482
2031,466.91933586966485,0.0760260139429636,4.231530159878455e-05,95.02087029247915,223589.74902376058,37.64644981601093,17481.49992055679,0.975033518127309,10.971776875539552,0.5861906612301163,0.26977872129798897
2032,467.7216368638974,0.06495516238078225,4.230315703046814e-05,91.99209049226519,223697.44231251194,37.60905555653319,17475.0439189353,0.9920974866509485,11.143942758759636,0.5846943293693398,0.2928920408763709
2033,464.4799224109946,0.08072760706499049,4.240878376931939e-05,95.41797869639718,223808.76569375076,37.58066026042226,17466.07602577842,0.9715129184395901,10.899423169398867,0.5885664129399482,0.3632821700947204
2034,471.9362295702468,0.06782037830150156,4.232665850710616e-05,93.66948335884177,223918.01433442085,37.67736951004308,17458.32045703494,0.9728409839367141,11.467233810911317,0.5880770668844623,0.0
2035,466.6556159103582,0.07804420885456731,4.2382412024785426e-05,94.8082168013024,224028.5084360609,37.61003804113349,17449.497280579915,0.9749584713194017,11.297885173191828,0.5883047607548509,0.0
2036,473.2878286802037,0.06402075020621778,4.2328882121245534e-05,94.4219535779969,224138.54379010384,37.777622034392266,17441.050235832656,0.9768696374680725,11.281971426902135,0.5882981635145829,0.0
2037,473.4616062390265,0.061150744494755216,4.2424890656051867e-05,92.92012478929958,224247.31305018885,37.615876686996785,17432.287397186858,0.9773263027887311,11.285013651155776,0.5882709526702025,0.0
2038,471.588118694621,0.06415727017220818,4.252041249792469e-05,93.69665953339396,224356.79830462,37.645045183454314,17424.71846529285,0.9846181983711285,11.38514251085176,0.5878170675140422,0.0
2039,475.12620399106197,0.05969224062556644,4.258319865821985e-05,93.7463843400696,224466.4015739959,37.61251084085154,17416.823647576904,0.9675743648878473,11.341002053222747,0.5870893941234729,0.04160280331727151
2040,472.3256192936677,0.06627363343093917,4.269299531423819e-05,95.61933796668372,224577.92207480583,37.593231450844925,17407.88879236391,0.9692403037828182,11.293881152384147,0.5884987672901852,0.0
2041,472.1818393346458,0.06891269041059134,4.273191129085009e-05,93.78530732990409,224687.2440860891,37.58215420856857,17400.50857582877,0.9701727128802214,11.447680495913893,0.5872485580862189,0.0
2042,467.64494936554007,0.07101985489299012,4.274243177279489e-05,95.43537173825449,224798.1854737415,37.61894704860216,17391.583855109016,0.9645239380113324,11.309818740282003,0.5881184646283907,0.0
2043,473.9902680597056,0.06172507084504708,4.268070378447147e-05,95.34377562403469,224908.97943446113,37.662611783418065,17383.67099589599,0.9733971990129976,11.149110625110762,0.5887384659963961,0.2814961170207191
2044,473.9047830802462,0.06543407729148298,4.271841582420591e-05,94.47654288190654,225019.00480327412,37.68665227949618,17374.883325356353,0.9684079625861167,11.071275650959754,0.587529715106817,0.2936376496171462
2045,471.04761813551147,0.0762728371233038,4.271645167557796e-05,95.09158364048247,225129.62108738837,37.69526909489693,17365.942408816405,0.9791560602823378,11.344603405844207,0.5881625102355222,0.0
2046,474.37030520405017,0.06520200472316873,4.259925216052036e-05,92.17674447327349,225237.2471308015,37.62452751755353,17357.037957651515,0.9739116570461885,11.341572387833303,0.5875487272252544,0.0
2047,473.45044596794173,0.06602750626562026,4.260081098835577e-05,94.06364949830325,225346.8345976035,37.61736997563022,17348.708866713892,0.9746718381866029,11.126525347091942,0.5866762459432311,0.2866513387433187
2048,469.0345871950852,0.07835116450796087,4.259364846198638e-05,94.92948196163685,225457.32658415555,37.62486084510328,17340.62780080749,0.9667216465280363,11.47614558540695,0.5865759000654369,0.0
2049,469.3225948740761,0.07952095629657374,4.2455490336141664e-05,96.3086384968843,225569.11269306374,37.69439879701107,17331.737829292688,0.9677567027255329,11.085918834248723,0.5648165875297377,0.28841480893430926
2050,472.1498720779275,0.07412621788473717,4.252617526703092e-05,94.70749618368232,225679.21360968158,37.66979676753696,17322.852697976086,0.9637704591143461,11.39354312936179,0.5689991676507276,0.0
2051,473.17871149305694,0.0649910923848509,4.2653378102845724e-05,93.73320331061635,225788.39632366938,37.57813114306309,17314.594896900973,0.9688520911764211,11.329929401420078,0.5670671999838747,0.037709000388275626
2052,472.46191257968474,0.06367053671608569,4.287611191773398e-05,94.78902237791254,225898.86135669213,37.69911377965225,17306.847451735797,0.9579076334622775,11.420657973750599,0.5873496087215951,0.0
2053,472.62346515222794,0.06240835964820701,4.3110860746993e-05,92.77006858657133,226007.31878527364,37.571487605772724,17297.97761969634,0.9629881570631638,11.375690548685553,0.5891635354476497,0.0
2054,473.37872622158807,0.049828956289334814,4.335691277974995e-05,91.5733401818477,226114.39548794832,37.98713864309524,17289.1129721088,0.9683169792192452,11.208078461140493,0.5905356999282112,0.0
2055,474.87919998842267,0.05308338146020386,4.3734598049706266e-05,93.87749641205701,226223.8386922927,37.96114769747684,17280.541199946452,0.9569061356805749,11.31598787564018,0.5918246820209443,0.1562458539965057
2056,470.42386443924676,0.05133247215458059,4.407444485777907e-05,91.19322623950457,226330.57854521,37.99578135093202,17271.687058068852,0.9677939031269289,10.967089714835504,0.5912756873750327,0.28232460397357784
2057,471.6397367552148,0.050132781300262885,4.442999818295157e-05,91.60380404320398,226437.7034983671,37.969235002465325,17262.975280451254,0.983651302563064,11.386868786042687,0.5905301634596553,0.13908101365690584
2058,467.5455932196332,0.0605388032273223,4.479527433798405e-05,94.33647392653305,226547.57437648287,38.052481943529116,17254.229129289917,0.9636318271276776,11.23433669744662,0.59018389661262,0.30096856039000386
2059,468.96436114975984,0.056390998992210895,4.504671529075928e-05,93.6677098041137,226656.68659471703,37.9522697112178,17245.390835291262,0.9577477844397232,11.493009789342254,0.5907899852061682,0.016473132985115768
2060,471.2308346594021,0.05208051586624762,4.5340039543337256e-05,93.83188019405497,226765.98870675397,37.96090504587918,17236.847432715316,0.9638760522450182,11.553014928018817,0.5890559023373036,0.015440690369434407
2061,470.73755764700144,0.053101341817875736,4.5676660328971564e-05,92.31151269849926,226873.78783643758,37.95844275985407,17228.130090506966,0.979763265004261,11.57695018477801,0.5873848292629645,0.0
2062,467.73078174850053,0.05981552473646501,4.599952410713726e-05,92.20913099178725,226981.45824853313,38.00226039412227,17219.30745152845,0.968855002636716,11.33204063175615,0.5884598519513222,0.0
2063,462.363334998159,0.062325700406975826,4.6248158753455255e-05,92.05206807266583,227088.89099937753,37.64547020790849,17210.490052508565,0.9745878587331839,11.262691728215446,0.5894319631279793,0.2816327885247638
2064,462.26185025167933,0.07180074078139409,4.646785968572282e-05,93.92109733706278,227198.15644781236,37.584778211007716,17201.677819995923,0.9676148881046371,11.263844169955997,0.591690926050357,0.293506084656876
2065,463.45895823512495,0.07402904677411826,4.6584741277778194e-05,85.11417206365475,227298.519972164,37.58124613744205,17193.178095268428,0.9556870911972882,11.398814558787365,0.5916254262130187,0.0
2066,463.6908059357434,0.07538583021291267,4.6512083322654824e-05,93.51365647740546,227407.25997508763,37.50493726345544,17184.376033480075,0.9705788395254269,11.713983529713518,0.5836579810711485,0.0
2067,460.72013531678255,0.07526174580335276,4.642049791204777e-05,87.46855314633606,227509.9431109044,37.46110136627102,17175.73293810148,0.9308726684104925,11.359981048069672,0.590412145271245,0.0
2068,465.92524698163874,0.06444156674005486,4.633091723453245e-05,93.46728060260034,227618.66167177478,37.5675774947131,17166.94056224117,0.9508294533938052,11.920379435092697,0.5893565080094619,0.0
2069,464.6420949310452,0.06797370474409814,4.6357132523244e-05,92.84695555324903,227726.8733152259,37.51918169047106,17158.1530184951,0.9646628259537066,11.936052260366738,0.5824308815477477,0.0
2070,467.2216448158435,0.05405994233759026,4.6345555097191694e-05,-370.47344745641203,227371.72079725552,37.15988375817993,17023.78380590453,0.9572631184783583,11.746475102211402,0.5810654827351942,0.2429677263145642
2071,468.4551778900562,0.05181868723772187,4.6482096583283377e-05,91.27541402219094,227478.39840073857,37.073123556318215,17015.016042620893,0.9631000824182006,11.744839294646269,0.5813229059929346,0.2478863613056106
2072,467.6077400502985,0.056070313285324525,4.664143582190989e-05,92.22829450372095,227586.0591202646,37.19219111964977,17006.96714509188,0.9671032109415855,11.760357771742528,0.5810865612669055,0.25353890185749606
2073,467.10291410819445,0.06866848418738147,4.67543153165671e-05,90.42384425504638,227692.08883182605,37.076191196562995,16998.523634013673,0.9551220184663355,11.345164088813126,0.5805614022974755,0.3591555058860081
2074,465.39678128965176,0.07088586970486488,4.673228094584054e-05,93.63709721423994,227801.1415452494,37.13689800377997,16989.830173606046,0.9451529896968793,11.275793813029123,0.591305232632336,0.2578345928675212
2075,456.85643602948255,0.09117495882168258,4.6686809633340344e-05,95.94151848520185,227912.42304024388,37.063492052443195,16981.360154461418,0.9651259943899043,11.284458490248781,0.5913056960772272,0.28188804491962216
2076,458.70344724565035,0.08707395622602732,4.642579659522715e-05,96.90771123783789,228024.46027419184,37.1529530451846,16974.461964567396,0.9524629687261775,11.576336431646773,0.5915560141980222,0.0045061170466134115
2077,459.1428330480133,0.09472895357342259,4.621039054609516e-05,96.53716606270007,228136.4853229621,37.170255371492665,16965.85421679545,0.9600493643623359,11.554204967190389,0.5953235518754235,0.0
2078,462.33093552315614,0.0877261863254708,4.591516105505174e-05,93.17309280753683,228244.7821026726,37.141206667998745,16957.27426464424,0.9660640862755367,11.923989439562941,0.5938857939852343,0.0
2079,466.867549159343,0.0772726331800414,4.56966734171265e-05,91.49929224460334,228351.519810664,37.1263660057198,16949.82995107637,0.9718074905075019,11.936550532368306,0.5929780729940972,0.0
2080,469.2327605948486,0.07158661973031832,4.559106077772054e-05,91.81277725569342,228458.88366213534,37.123731737369035,16941.164625133366,0.9722727319409299,11.584292013873887,0.5929747564680841,0.0
2081,469.96910137893525,0.06723535239008505,4.554673868597748e-05,92.68593000792006,228566.8723616102,37.0986214633331,16932.98775540165,0.9624319903670246,11.944206278377308,0.5979338675878589,0.0
2082,467.992887201847,0.07008889474491731,4.5549039656583966e-05,94.93102380646309,228677.17065966985,37.07883724122274,16924.632680986648,0.9561835658427097,11.972652465648894,0.5819470153760427,0.0
2083,472.07471229235426,0.05830340835751857,4.552095020052373e-05,92.14226879937496,228784.63732654136,37.09575047295236,16915.981744953773,0.9664701349020758,11.623141871355218,0.594537682773723,0.0
2084,472.94486556761154,0.057566415202936705,4.561846057222918e-05,91.71006022733137,228891.78388791712,37.15563399753553,16907.276499959167,0.9566159045108675,11.6271989802243,0.5944235003666569,0.00011971421955081496
2085,473.90257791255965,0.05556775786991963,4.5831019746107705e-05,90.01053985775611,228997.23680955454,37.10755894102648,16898.635301476595,0.9560709443357042,11.803053358235934,0.595224185253246,0.18865067064416507
2086,473.8826276958772,0.05456636374428425,4.6064623976015495e-05,91.34519298407898,229104.04000486556,37.08045937185458,16889.999134130892,0.953795306896658,11.928273801210633,0.5812756315272196,0.08956058853843629
2087,472.6293391857099,0.056752651837804424,4.630688868951769e-05,91.19975160165748,229210.69181329725,37.049933788221004,16881.368014661704,0.9528794073501249,11.850953841476835,0.582147960874047,0.1857215366135101
2088,475.4206294606812,0.05099754749870744,4.652383154414689e-05,90.25032198514467,229316.35880775933,37.07372096286357,16873.254697537675,0.9557390608162282,11.914529907479226,0.5821481825661441,0.1852469055492172
2089,478.5325167917506,0.03863032720683601,4.680014181674288e-05,89.87733788197195,229421.71382449538,37.136138988186815,16864.63454960426,0.9537523872571237,11.924850332380903,0.5871774892704889,0.18655304278271956
2090,475.80234112647827,0.0413664697055488,4.7205721643106985e-05,90.26181823406134,229527.53604029058,37.13325932592289,16856.23755836288,0.9502449495782507,11.95637079114611,0.5719694028744661,0.0
2091,470.35001280105917,0.048826442170810336,4.757888920819169e-05,89.24382378470544,229632.39438998073,37.139531490228585,16847.56862815063,0.9577079907869555,11.987027110723457,0.5719803907510081,0.0
2092,471.4103938729669,0.04548762054545741,4.78696297072056e-05,88.99046138028575,229736.8119348692,37.13414591779503,16839.442103430418,0.9815347572299662,11.663725054097611,0.5719916911412247,0.0
2093,473.63975747609874,0.042298567205508286,4.835584605285855e-05,90.94885116056825,229843.30361576247,37.14665630459643,16830.842472330398,0.9642999550595656,11.653161098521839,0.5720028567153721,0.0
2094,479.48433560468743,0.036676880010205415,4.891862506997317e-05,89.18221630064859,229948.09609575247,37.207419915954205,16822.24810268392,0.9532981366374973,11.641547387190753,0.572013937037491,0.0
2095,479.1489628626086,0.036805772944041526,4.9537953056844514e-05,87.2083045288726,230050.98671079968,37.122735324823175,16813.65906262997,0.9626084936815018,11.988227713284259,0.5763566437575314,0.0
2096,479.92342318595627,0.03583916766889883,5.0152234107586985e-05,88.91840727657927,230155.5839325842,37.0674927334364,16805.075401554735,0.9617436026537506,11.959531588337727,0.5767742355766671,0.0
2097,477.46423558758124,0.043823927571440935,5.077151482292693e-05,87.29865456683365,230258.56522966916,37.094651838873844,16796.49711142108,0.9687894334624331,11.981693496666665,0.5777812107979977,0.0
2098,472.89777527159384,0.045169778784273085,5.1300515851233996e-05,87.74537174884492,230361.87813742485,37.092212674671636,16794.115579858233,0.962524178923368,12.25848693952212,0.5809187111343012,0.0
2099,475.22353874017176,0.03871304343169735,5.181552788770291e-05,88.91306257169934,230466.32075136536,37.06513413950099,16804.029254631256,0.9616778248979113,12.277756626551035,0.5804335591361816,0.004320085257479178
2100,472.9979194749151,0.03917306824738087,5.239470309027997e-05,86.55860841536203,230568.46158822093,37.07612112513901,16797.625149565214,0.9648198203132925,12.283960197687504,0.5939716247777787,0.0
2101,472.3177114660375,0.040302335146816026,5.296726692805471e-05,86.14092370775676,230670.16841753447,37.020309949988906,16791.76390857521,0.9711182884887308,12.29888751717393,0.5921117921574867,0.0
2102,473.75957704462655,0.03237922131921267,5.352449278540512e-05,86.55619134487871,230772.26939676874,37.03181441149309,16704.66035934976,0.9636509423736898,12.287359203452942,0.5918557052543968,0.0
2103,475.3303287967513,0.02991894951455354,5.42373528262676e-05,87.08500219258191,230874.9165114272,37.06345396886319,16698.243932030102,0.9676653121226888,12.313649863043377,0.5908380826029191,0.0
2104,477.1828384143996,0.02668032809159604,5.497584828703251e-05,85.81886582175693,230976.33345436567,37.10277741493096,16692.214362365186,0.9568477365801431,12.331686195128118,0.5930385926868668,0.0
2105,477.1655523880081,0.02674828422762021,5.574123162268296e-05,82.35927519240671,231074.33065863926,36.99650717685715,16686.039144159262,0.9761418554497053,13.012465893479714,0.5921589738478643,0.0
2106,478.629144834688,0.02628251183921748,5.639004652213723e-05,84.90701170913404,231174.875910414,37.04819665234938,16679.658011034175,0.9658175589840118,12.40602301695397,0.5907716671838704,0.0
2107,479.3010797576332,0.025978124252318047,5.707367707654921e-05,82.46829219076831,231272.998799299,36.99339260861724,16673.391210874168,0.9797100903047984,13.068083500412804,0.5909667021272969,0.0
2108,478.1930360873647,0.02968615791883189,5.772013394182557e-05,-140.6994075783169,231147.96471577976,36.66967543692178,16666.923392065786,0.9825561285992098,12.508269605706676,0.589438461740339,0.0
2109,480.3983627132749,0.026677680408955573,5.8358086994122856e-05,85.60216725335195,231249.18274152084,36.666261022539075,16660.42487769328,0.9639676110124992,12.4597383872995,0.587949387380283,0.0
2110,480.58822764078684,0.026926716602856504,5.9023118499585735e-05,82.44915803725044,231347.38541734716,36.63065047188431,16653.567159782404,0.979656044348736,13.134256542317774,0.5868991245898033,0.0
2111,481.52255452408025,0.02330039022338115,5.966178846083102e-05,82.2668406952397,231445.4634266851,36.62174502459783,16645.329991939732,0.9789204054079671,13.159465425596617,0.585495182938094,0.0
2112,484.59114468877846,0.02291607905626769,6.033511433224168e-05,82.87525173394073,231544.17666984358,36.608811127998145,16636.877553675546,0.9821014265030645,13.224413357843574,0.5884895107169297,0.0
2113,483.09287665498596,0.023307254829431523,6.094126485712813e-05,84.36884376927962,231644.40337880762,36.65966288225517,16628.377172976732,0.9708451146055793,13.30066729245909,0.5886749530827564,0.0
2114,485.4994212135368,0.019004286106402368,6.153951407625866e-05,83.56142120195923,231743.8314005772,36.624144233654455,16621.28386623723,0.9739450208351375,13.33922675092833,0.5888540293816279,0.0
2115,485.8210220475504,0.019102999794796682,6.21799199732549e-05,79.97905339860887,231839.78870514643,36.61529900363916,16614.200251337475,0.9997320523534022,13.386961496753983,0.5911273311154887,0.0
2116,486.70487323498855,0.014300234368657905,6.281537296770289e-05,85.3513883644115,231941.15558400826,36.75308875794298,16606.220750160595,0.9700131328814066,12.76487059716116,0.590617591366047,0.0
2117,487.84970530868424,0.013679528395494356,6.350773501280314e-05,83.93268681789742,232041.13489363348,36.64647586024673,16597.697928742673,0.9739420446697816,13.395809040628116,0.5913043166760784,0.0
2118,481.6117112712883,0.018789800931720002,6.419240683883976e-05,81.72812224086692,232138.91880362513,36.64162353528549,16589.77725417958,0.9823304361104506,13.42180272118572,0.5910726956211099,0.0
2119,481.3479185982662,0.019326504951442613,6.494188349052657e-05,82.21313932386958,232237.1896218958,36.63027043508084,16581.26326574399,0.9903342963544509,13.4481007189345,0.5910568089587024,0.0
2120,480.5941668115599,0.02186078297626759,6.568058848518014e-05,84.50621402958981,232337.74475408794,36.65929386596039,16572.80049477297,0.9733587475967369,13.423095010544012,0.5896551982591465,0.0
2121,483.5734143040398,0.01944888635320252,6.638734876426698e-05,85.040649637078,232438.82310381022,36.707034411015925,16564.925914504354,0.9703955479177698,12.460241185439012,0.591104649129833,0.0
2122,484.26989838895656,0.023309321840821906,6.724361065824086e-05,83.02103968845806,232537.97708757134,36.66999999263382,16557.877274115996,0.9824412113692232,13.48463339651346,0.5917676563765857,0.0
2123,483.82151396006117,0.026201645702833565,6.781848894268008e-05,87.52654587130185,232641.619882381,36.78395091851791,16549.43075010639,0.9596592143589644,12.479120590021566,0.5942239237970223,0.0
2124,486.8624279359766,0.022627667332638768,6.853993579654945e-05,83.22882034591888,232740.94612407964,36.66864493621526,16540.941653839553,0.9963335096402113,13.42771923750445,0.5931036839448224,0.0
2125,485.51005805481026,0.028312573844805233,6.922031351135924e-05,84.08098045420985,232841.22253558735,36.75388447582681,16533.86552122409,0.9425423129521292,12.503099757380356,0.567070050192353,0.0
2126,484.84605881061054,0.02439110941604794,6.996842572565295e-05,85.7982766948234,232943.10124111376,36.68726452895604,16526.160436131024,0.9790138641770115,13.527128887945208,0.5675358191973006,0.0
2127,484.9031118671819,0.02726283106387939,7.070923870757369e-05,85.96933574215291,233045.3103405182,36.66910771372586,16518.856814751933,0.971867255133739,12.520317425377337,0.5684551513083684,0.0
2128,486.2732512973743,0.024942041851359287,7.164200353669835e-05,84.6098919498513,233146.1499318564,36.66114812538997,16510.52939069901,0.9873750315280801,13.537721462025523,0.5683998922713618,0.0
2129,492.37070399844544,0.020596061871486437,7.236347380876184e-05,86.58184323837081,233248.9951658843,36.789239685812845,16502.61202534087,0.9783471991616871,12.311765722043422,0.5700108595942693,0.23816279313447097
2130,486.65516697732136,0.04807340848059094,7.33649559293222e-05,87.09764321136436,233352.42418079148,36.76856436917427,17521.104169011134,0.9876962735969395,13.07837206037191,0.5700323969764987,0.0
2131,483.7638245402179,0.0492291635496781,7.383230443281593e-05,90.39622967240629,233458.89325429162,36.75644621373931,17512.134280326187,0.9824812136108494,12.58994350128686,0.569173347810644,0.0
2132,485.10463522145693,0.04640074290025986,7.454888019397721e-05,88.49973401669388,233563.4424974692,36.737927198263456,17503.527013136798,0.9828862393437408,12.849825735747356,0.5690476803798795,0.0
2133,489.6722801100368,0.03251932130912394,7.541121213584378e-05,86.62517665640775,233666.58827983192,36.73255866020169,17494.67987099408,0.9937762453918944,12.555726736775929,0.577103662291122,0.0
2134,488.44538537302293,0.034838290420129536,7.653606172311712e-05,90.5279054452972,233773.76785575837,36.68239602423212,17485.780906212964,1.0148621346499278,13.523989866426295,0.5781281331004785,0.0
2135,490.8367897664674,0.028881894726226598,7.73757478388754e-05,86.59592454826394,233876.9702009559,36.76849738437869,17477.31265228966,0.9866509813256614,12.586604215367617,0.5810627338640195,0.0
2136,489.16874889618356,0.028398129775698222,7.852975447252331e-05,86.813541898508,233980.46023177364,36.687247409208894,17468.378472060278,1.007962542669969,13.548373284016943,0.5868239281587301,0.0
2137,491.9291508810134,0.02732033438095749,7.942716043906435e-05,88.40547553646468,234085.54832466424,36.79350362667549,17459.66091360331,0.9634333262528797,12.602126135842576,0.5837052829748268,0.0
2138,496.5629232637757,0.01565450774700372,8.058840428961109e-05,82.6246961868921,234184.88695859283,36.72325839586879,17451.20456168343,1.0238593282478676,13.570062259815714,0.6082463091825566,0.0
2139,499.934723677174,0.018351019283760484,8.163862053197167e-05,87.2483497468727,234289.02325891354,36.76259101900573,17442.57677723327,0.985105295769297,12.596440074228761,0.6099841139516312,0.0
2140,499.6310110242094,0.017783190446389763,8.289914969535121e-05,85.53281394929493,234391.38892721263,36.676498475880436,17434.757779434476,1.0286715910776614,13.571642109398345,0.5894298405834484,0.0
2141,498.92478288378936,0.01512483892159111,8.401863493560435e-05,86.63488369865385,234494.95889722835,36.79390592679913,17426.8209279718,0.991366330440674,12.64587774256325,0.5899114714820943,0.0
2142,499.1355604450189,0.01342038640704124,8.539554337177691e-05,82.3635940017968,234594.29843503548,36.70017978091774,17418.521910719788,1.0287895502452478,13.615983891909883,0.5660785418312669,0.0
2143,499.2981009594283,0.013367268231529006,8.653293282065133e-05,86.05938560606265,234697.33068589162,36.82634193878642,17410.029947467756,0.9842785649500516,12.634111256082571,0.5671666236536602,0.0
2144,502.8517916653324,0.01185304668613596,8.791026174910236e-05,87.65711496522188,234801.95972161635,36.677726684901195,17401.13620241238,1.027393834561023,13.593594861300005,0.5685577192696429,0.0
2145,505.6539077575184,0.008848701748254029,8.904888427677906e-05,84.3862664713173,234903.32522423737,36.774015202607394,17392.6218080112,0.9902714199996199,12.626177877149756,0.5716689115601672,0.0
2146,508.2052247875215,0.0077277441060749075,9.045143505940191e-05,81.81825208372837,235002.14544674626,36.68295556626296,17383.74037155158,1.033507609702425,13.593218676731945,0.5674325538273507,0.0
2147,506.5757463953426,0.013451719159202402,9.160672103951702e-05,85.65953014509623,235104.91061955635,36.785549823377636,17374.866076531278,0.9751407580010885,12.375258262137569,0.5960890681561193,0.0
2148,508.5309063911637,0.009452267124491986,9.294249130313293e-05,82.59710379863716,235204.56555057707,36.71454780616471,17366.002481506664,1.0386372280467926,13.572083828152008,0.595273567777193,0.0
2149,508.93956900148027,0.009521850485226468,9.406019204611111e-05,82.7567701419356,235304.43926646386,36.749779567678985,17357.894597417573,1.027647504661868,12.55744528314777,0.5960665325399116,0.0
2150,507.7917896780203,0.010146358637323494,9.543412142670888e-05,85.41504111713904,235406.9850280068,36.74945679421796,17349.042587758824,0.9824996496207613,12.492491940823617,0.5953553997218366,0.0
2151,509.6649172692018,0.007062583241014719,9.680108483216934e-05,85.59782701584211,235509.71772512127,36.68535914817264,17340.84528387483,1.040853332961928,13.359851897524253,0.5950650741378223,0.0
2152,512.3477920885988,0.01228569217756914,9.793663720711134e-05,85.41414409048998,235612.39259874835,36.73636838006068,17332.749627980025,0.997816198004779,12.36754629781084,0.5450944488223592,0.0
2153,512.5006235047006,0.01194649430977146,9.936733630571289e-05,84.54192334696015,235714.28204522585,36.68063148824525,17323.9158367518,1.0339335950014306,13.526917854416434,0.5457716774729564,0.0
2154,513.8516027163263,0.009287370620411961,0.00010043849641554236,84.81946022156527,235816.4440811446,36.78592540918586,17315.08876550114,0.98813439954841,12.357671120056478,0.5460022227540755,0.0
2155,511.5646076586053,0.014283328949738827,0.00010187871623195847,83.13087508713939,235916.94866353038,36.689169412159906,17309.108304487665,1.0396680599703354,13.367756038241593,0.547530089256095,0.0
2156,510.3032387252735,0.016592290338379723,0.00010288662485809085,88.2269311538543,236022.50395439373,36.726286010938054,17302.03029145375,0.9971543329418128,12.459503597419129,0.5468555464791836,0.0
2157,511.59133748794477,0.011633930703246698,0.00010428568581147552,83.42660902765012,236123.24137969667,36.74627421591748,17293.220820590024,1.0070517211467251,12.391966121605847,0.5461592365708456,0.0
2158,513.1841759351693,0.01141993976046185,0.00010572441220492759,86.41725420587443,236227.02245294137,36.74396925139216,17284.69830422155,1.013414731011229,12.39370127986485,0.546167759752045,0.0
2159,512.9752548620053,0.012770543074600016,0.00010715210960510774,83.45486258437492,236327.82167854,36.74721103114243,17275.955596675514,1.0125862096572833,12.31355925642742,0.545428400758256,0.0
2160,511.11361502693654,0.012724777903860063,0.0001085522926421195,84.25600274979952,236429.41612803566,36.72607190667341,17267.218993407896,1.0122724078862098,12.358905422957962,0.5470190896484557,0.0
2161,510.9735900748691,0.014515621418556113,0.00010994010508586908,86.46432480578127,236533.10935801794,36.73924333269645,17258.48687966283,1.0218630580573371,12.347729052926486,0.5444958192598428,0.0
2162,512.5189560762518,0.016159335333893687,0.00011145151045829736,85.79059429503144,236634.93610625414,36.7507339355373,17249.762570937663,1.0005473881802873,12.269335687617792,0.5424060150262571,0.0
2163,514.2620357277747,0.015544664057188351,0.00011266348431151231,84.81746907178106,236736.5626919942,36.83849344371372,17241.044830457282,1.0223959811941625,12.310491659983937,0.5426192685138577,0.0
2164,513.7382851737239,0.018201355171685307,0.00011413702837237962,86.19783396031424,236835.71788044594,36.78210653662534,17232.332155818378,1.0173159456930785,12.30247116017819,0.5412145792841052,0.0
2165,515.7650372544929,0.018124345285924548,0.00011556880103806955,89.35749359562115,236939.34602178377,36.83171562094789,17223.626317456044,1.0139684578556718,12.336139656269667,0.5402617374009147,0.0
2166,515.6234018943326,0.017777095583724978,0.00011699538523409522,87.95307654413394,237042.49491136806,36.823813318150634,17214.926665273502,1.0209121234602032,12.240225133740164,0.5632292882329905,0.0
2167,513.7208384732395,0.019030709229951426,0.0001184068698651811,90.01465286756715,237147.47048376853,36.771526419229616,17206.233154705675,1.015243396352835,12.148526974073791,0.5615808810572844,0.0
2168,511.97379877207254,0.024483740499551043,0.00011979782731176645,88.07182797845,237251.67406443242,36.7773083613719,17197.545742421822,1.0116386740280898,12.205291136092466,0.5609549486149173,0.0
2169,510.288354458427,0.026243975965488997,0.00012113936417747735,87.20583954531192,237353.09401282817,36.84353538841109,17188.864156013762,1.0151550856830143,12.187145273173227,0.5835344970909548,0.0
2170,510.11626428605115,0.028157072561202368,0.00012245000812503487,87.39079058593198,237456.39142495338,36.849054159782,17180.133991244176,1.0229534057187029,12.089719788695898,0.5816894622218834,0.0
2171,507.86850236452887,0.03360264951466985,0.0001237284382510087,88.43926437337991,237560.73430726057,36.83905843295827,17171.52010785713,1.0146890369376507,12.057476228064319,0.6146034097604581,0.0
2172,510.67129585229645,0.029389445152270488,0.00012494916635274962,89.43054416080258,237666.19536947226,36.76329278803152,17162.855136596812,1.0278126347039347,12.11464719576469,0.6247645678670095,0.0
2173,514.0190616028061,0.018666615521258256,0.00012626776354216694,87.40420130150794,237767.79625365077,36.88253442108543,17154.196024886925,1.0312544744736751,12.035270619893888,0.6247522875367477,0.0
2174,516.0287205429432,0.013745776835545231,0.0001277043632176505,89.21483502573787,237871.81551445392,36.938076129809545,17145.5406230154,1.0263247420160655,12.008834908150313,0.6252495540284287,0.0
2175,515.5243229207829,0.015896568458414917,0.00012919626090344627,89.21239580000591,237977.05807745055,36.9579388483924,17136.893384842555,1.0289350545246643,11.996064055515552,0.6251865208992736,0.0
2176,512.8449657518,0.018260305986627423,0.00013273550221219453,84.82763896423002,238070.9345529895,36.859007784212835,17128.249142891364,1.0333687967158864,11.983249505595685,0.6289624584999667,0.0
2177,510.7221190202438,0.026808364933762485,0.0001366166851268259,92.04678614373262,238172.08862776513,36.946200268987894,17119.613083922883,1.0196648141224667,11.968241005266966,0.6275267598336396,0.0
2178,515.0545854046994,0.02287037691262861,0.00013747605214911628,88.32609883171035,238277.8165831919,36.90692919679929,17110.98943773937,1.0268930640353682,11.95449313446832,0.6275354543677162,0.0
2179,514.440187990901,0.023486205420038875,0.00014126236822685777,86.73961917480338,238377.27716138013,36.82484970971525,17102.366623677914,1.03630542055874,11.980299549142975,0.6275475719271257,0.0
2180,518.7892322080758,0.05427020103572078,0.00014500572443280915,95.27357782395043,238488.60108889244,36.813160870634896,17093.751742905286,1.0360736044250118,11.298819453396556,0.630724331574343,0.6611273654569558
2181,497.9417232225088,0.08043860796285252,0.00014838547246372717,97.80321378850607,238603.6811362204,36.85292980646256,17085.14591522466,1.0458891964490231,11.258561364649104,0.6384921764631656,0.7577194318521911
2182,497.9174476551271,0.08283707284793707,0.00015145350007760182,101.8879157107929,238722.49925758448,36.89132356502915,17076.547780242985,1.056572854444917,11.317960553501923,0.6361625350647299,0.0
2183,508.4548485944052,0.0683777894377523,0.00015446510297764644,101.24403647205762,238840.67074959696,36.88216863507069,17067.95814387835,1.0503885553089878,11.32871340636702,0.633930637474939,0.0
2184,512.3594195397033,0.053706732603372664,0.00015760009085081917,96.63255939728845,238954.5644764669,36.886379890897494,17059.31751174768,1.0514542488146739,11.386680419677369,0.6787665436485549,0.0
2185,526.3202341544018,0.037945061682085446,0.00015797234991636198,98.81445983921553,239070.75680197438,36.9740410963412,17050.69053462264,1.0587358983447348,11.386214033779149,0.6741909588036502,0.0
2186,517.270856533791,0.05243224101913291,0.00015850742526676644,96.07857729730905,239184.38450675033,36.91853148032219,17042.06792324578,1.0482089851434615,11.391975006945286,0.6409943015113823,0.0
2187,519.9095702386676,0.04577387412823475,0.00015888204304164534,96.39400581575308,239298.08479827116,37.30361594160774,17033.450898443894,1.0541729184473883,11.35984268017418,0.6383821286967655,0.0
2188,521.6554575093743,0.04202173785103691,0.00015932260820197675,96.77597991644089,239412.19828194694,37.325562571050995,17025.116774997983,1.044825770774339,11.348599872794253,0.6348364774240091,0.0
2189,519.0775352649283,0.03694241839510859,0.00015979914970128893,95.78983159949478,239525.37262989784,37.239465750586334,17016.56463776772,1.0533188165668874,11.322562347728269,0.6305462617489699,0.0
2190,520.4437855046091,0.030049176515383857,0.00016032406793345388,93.89629348439189,239636.72026573808,37.323305111344226,18013.088630753144,1.0532564422452162,11.327761855265107,0.6120099459060481,0.0
2191,519.8751514043653,0.027719254114783265,0.00016091629925636157,93.15185231808518,239747.45512023536,37.28830204262383,18003.9941300146,1.0555859577300981,11.30025875007696,0.6115899051302942,0.0
2192,518.7791052415066,0.02769438475049546,0.0001615587937896484,94.30185942915115,239859.31230449566,37.289957756249706,17994.90465853473,1.0521456301437768,11.279684244942727,0.609655630102196,0.0
2193,518.8748473238006,0.030806882024096205,0.00016219457527910257,95.0575758368364,239971.94291238912,37.35071675784111,17985.764810489807,1.0451965946465038,11.283250436120747,0.602644304413838,0.0
2194,514.2776111767948,0.041694391553412924,0.00016279520374717641,96.96362999720455,240086.4575080391,37.3008766111052,17976.63057015396,1.0478813497627748,11.245129162885117,0.6024883877262234,0.0
2195,510.93137143183935,0.049814521756297636,0.0001632733283098176,95.34561260529358,240199.2419988949,37.32721173864541,17967.501936088258,1.0374429444824014,11.253626906625689,0.590718037916022,0.0
2196,517.5847061817767,0.04098608891523303,0.00016365684451970515,97.29201325200609,240313.93195476237,37.23325076960889,17958.378736008523,1.0477683809657201,11.224428321304092,0.5905562093227835,0.0
2197,517.5195080579324,0.03871825315633859,0.00016412929718179507,92.50897432813207,240423.97093351043,37.282372353641875,17949.256103436303,1.0363192601556512,11.236493120803853,0.6024441481361841,0.0
2198,512.9782041081005,0.0446784220231089,0.0001646156780257136,95.50941838820262,240537.00974358452,37.274071085899074,17940.14396384165,1.044826038397887,11.23249961213282,0.5987867495070345,0.0
2199,513.3619498034499,0.04060178816752957,0.00016503287934761533,94.1545977373833,240648.5963288898,37.26997217172258,17931.43159111341,1.0439673654435404,11.244708770583733,0.5990578579561581,0.0
2200,510.1972097921003,0.04758223293644337,0.00016548617012094682,91.95026631796554,240757.99755543505,37.30948266759198,17922.386843648128,1.0538339008119133,11.221271204365854,0.5875839953015086,0.0
2201,510.4528215468348,0.04516891277228552,0.00016585968886706305,97.18237888796422,240872.52703275616,37.29832917589137,17913.291198970364,1.0449490705086555,11.211714608254075,0.5876794726909274,0.0
2202,512.889870072944,0.03839178650765618,0.00016625186010314652,94.14587215174159,240984.06468213547,37.2774172235006,17904.19498719027,1.0412958415222444,11.210524700865822,0.5881374979734838,0.0
2203,511.74806971344043,0.041651942907281025,0.000166711116235295,94.72675126029867,241096.2867613047,37.281559035200345,17895.104285133453,1.0376125636729112,11.231515366209331,0.5884680783675602,0.0
2204,507.99805577240494,0.04843670681106371,0.0001671284333601921,96.34300168897755,241210.13533900498,37.30674063237982,17886.01911433873,1.0375999538541203,11.227482568950705,0.5881906372372335,0.0
2205,511.0851819768541,0.04553061923171342,0.0001674570853479711,96.18429579833331,241323.70821235562,37.28599429723038,17876.939407324862,1.0418597414362172,11.225067778349885,0.5867935844046807,0.0
2206,510.5398700511886,0.04603343727304099,0.0001678121534306679,96.04389450792566,241437.16950350674,37.304837100000775,17867.865027077227,1.0339750272683692,11.246698152392502,0.5866890809947926,0.0
2207,509.78013237981196,0.046930653022247526,0.00016816008634757253,95.11976883901258,241549.69913223607,37.31716846393014,17858.796277435842,1.0489627943803497,11.254163360728032,0.5856177910707822,0.0
2208,512.1069623363771,0.03923833720525194,0.00016853197202904526,92.2447065235007,241659.36907476277,37.36967887802856,17849.732571404336,1.0338616428000014,11.26567740150718,0.5795393165593342,0.0
2209,510.44113806716706,0.031026490247805905,0.00016894776723984153,96.01744872274679,241772.88586930538,37.262361693231554,17840.67445262354,1.0714658496294698,11.25522804673151,0.585917659705343,0.0
2210,508.9245207052174,0.03146409222075808,0.0001697695959093388,92.38601015148791,241883.03697854962,37.302099785950745,17831.621667638632,1.0411180354032719,11.263906979604037,0.6031363870661174,0.0
2211,505.11442852395976,0.043482338896204564,0.00017058326705780721,94.83022274918262,241995.5912251443,37.23893550515587,17822.57474991583,1.0589048795573428,11.256670539563839,0.6002917532355293,0.0
2212,507.4619403499014,0.03511176098732016,0.00017127487120556696,91.2240279371185,242104.39048535476,37.25772754882502,17813.53377766092,1.0501267613004834,11.255148447505746,0.6021698403264513,0.0
2213,504.26245267153297,0.0370438312827992,0.00017202276194750238,93.5497856679414,242215.58520770862,37.30432636851698,17804.498386722265,1.0433846791457317,11.283136303724376,0.6017482773708351,0.0
2214,504.79089210478753,0.03314988486952175,0.0001727659526523836,94.24333127845503,242327.45991884175,37.29351246321993,17795.468587686777,1.0469265373153536,11.282684089084428,0.6025600979742199,0.0
2215,502.417579728669,0.03502476681261102,0.00017354229179663,93.03026778641048,242438.15547514975,37.301457055062876,17786.444539105814,1.041527620765209,11.308103859495239,0.6110579616909629,0.0
2216,503.29908175694914,0.031111411219687746,0.0001742900433624982,89.4657825883605,242545.22915447052,37.28345822747453,17777.368992263397,1.0560962796597022,11.293858251855253,0.613211385198873,0.0
2217,499.42017168600717,0.03566686525968277,0.0001777661295352201,97.795667279522,242660.84510708245,37.19799797519486,17768.35631753414,1.0423905705443182,11.303580521114482,0.6107031583737609,0.0
2218,495.6955157600351,0.04823657957713845,0.00017859943185258143,95.39281124957094,242773.93905235952,37.292729048176064,17759.351978082002,1.041235176008571,11.370303063407423,0.6073481710644647,0.0
2219,489.877269522028,0.05498280120385046,0.00017927381334117528,95.71307713101932,242887.2355236048,37.32938931704577,17750.35353019263,1.0466766158748675,11.365461080480104,0.6257507064874751,0.0
2220,489.3137207695479,0.052283071524054536,0.00017988137736555106,97.27971538100252,243001.96592902814,37.32608704960744,17741.360299798802,1.0448014249731967,11.363034373616028,0.6222564290667887,0.0
2221,490.4448550078013,0.05320311612168527,0.00018051180378954993,96.83511855917989,243116.23277608858,37.33794579627572,17732.372604377033,1.0404855966189759,11.366665588886828,0.6237315034983145,0.0
2222,488.68081984675,0.05732083376505748,0.00018109483908307816,93.83615196965908,243227.54691051436,37.290267657796036,17723.39060305142,1.0419448648023608,11.369632496343247,0.6442758385423233,0.0
2223,497.55203677627406,0.04655194842543797,0.00018166144940923656,93.8263170169441,243338.81365073213,37.34354586778027,17714.4141450377,1.054671807239913,11.345258316179859,0.6420609137121989,0.0
2224,494.8787732869205,0.05084340454772285,0.00018235767192642942,94.10954676872205,243450.50436996642,37.33309348919284,17705.443168413913,1.0413253700012792,11.323518929026417,0.6603382345091928,0.0
2225,494.790597122614,0.051812942765186665,0.00018302964230071392,97.54002522435171,243565.53995171038,37.294937142901844,17696.477801208806,1.039144387373593,11.314588426590166,0.635663159887129,0.0
2226,505.9550416233322,0.037326188704869034,0.0001836459421517752,94.68137712162567,243677.70052042644,37.36619375853476,17687.518077640947,1.0457122341233325,11.311325818269296,0.6361650033455533,0.0
2227,505.5078551595466,0.03653764404936999,0.00018440771397087668,92.03679534469892,243787.43080120406,37.30229656213818,17678.56395235595,1.052007933313657,11.30718543162916,0.6485822670162296,0.0
2228,505.4909432580832,0.03749960339562797,0.00018528854845957575,94.15514071809628,243899.51246981465,37.26779458853402,17669.615333426394,1.0546426310735433,11.282305997294973,0.6483302353316609,0.0
2229,503.01153808381684,0.0426915331496025,0.00018614869765689893,93.69311972654212,244011.10428419904,37.3498188075707,17660.67266253613,1.0489620632409502,11.262517599245562,0.6345085603553381,0.0
2230,507.1927459567943,0.03830444065468075,0.0001869443247986863,93.0533964164502,244121.95114741774,37.32566623274166,17651.735577247968,1.0528404437692596,11.250479933856047,0.632351705704364,0.0
2231,506.5500494305565,0.04060174714248366,0.00018777692645462942,94.37820041461302,244234.17934527787,37.29879250430209,17642.80420434953,1.055824984518337,11.247290069910443,0.6406581496578443,0.0
2232,502.5544779210838,0.04269909211377698,0.00018857465453255001,94.61802113606142,244346.61808016803,37.30865913863471,17633.878541467187,1.0409519930407418,11.24662822217034,0.6387786650446764,0.0
2233,495.9660088670548,0.051397731134601665,0.00018933649650512886,99.02643397743222,244463.39929852792,37.27898885968683,17624.934008642293,1.0517443485388045,11.237543457964843,0.6347814614614015,0.0
2234,500.00894056411505,0.044982339834879204,0.00019037168450540637,97.37955749275523,244578.33581820581,37.336156592879966,17616.019676087348,1.039747273915566,11.264674470799983,0.6581477452401212,0.0
2235,499.19191473464906,0.048086815002010175,0.00019146034542581633,94.98958792536273,244690.95700664588,37.35439164347033,17607.111204589924,1.0631012476445527,11.29526621925468,0.6584812081720369,0.0
2236,502.29958552443935,0.04096097856362757,0.00019250146487752241,92.86543752465168,244801.41084974524,37.4924443268284,17598.20866796328,1.0436047932410697,11.289547572162766,0.6608308274670276,0.0
2237,503.88378335626976,0.03826729197244294,0.0001936045627776147,93.85890213577784,244912.91968025177,37.29506403805201,17589.311963307686,1.044304247045592,11.295661429230698,0.677018925419801,0.0
2238,499.8568762248143,0.04474507443605513,0.00019472446394087328,92.40776930911963,245022.96038924408,37.33218404970768,17580.4213148825,1.0569931578759761,11.311307080067547,0.6733839348410894,0.0
2239,499.80518847277347,0.042883954238904565,0.00019574608584952663,92.73517280502222,245133.21081031827,37.3125226782044,17571.536521020033,1.0532606788309322,11.308403857018613,0.6674922435611551,0.0
2240,495.90016584231483,0.05461072824468527,0.00019677295858317885,93.98948075894499,245244.68729793327,37.719285200841405,17562.657547955303,1.044297656518354,11.318062735519895,0.662920704054004,0.0
2241,496.55586715249916,0.050444619999371776,0.0001976644255174513,94.374248228461,245356.42031192023,37.648804579166786,17553.784440085976,1.0453684358807087,11.327384894579586,0.6578956740102647,0.0
2242,501.5945733018433,0.04100939083028243,0.00019858903180026903,94.58491227330741,245468.38088867418,37.674478979067565,17544.917051009506,1.036240482043104,11.320331879573716,0.6604137140001373,0.0
2243,500.56996777960745,0.04251530709312956,0.00019960151399289056,92.10136171374009,245577.9406037835,37.662073284534536,17536.055314083893,1.046272736440452,11.312937867266728,0.6564571567893303,0.0
2244,497.83517995859614,0.048608713298017414,0.00020058490205037219,92.42449515874281,245687.77474515702,37.61977860946377,17527.199432685324,1.0400696947359884,11.275959464202018,0.6528273163834112,0.0
2245,491.028842496189,0.054497940225858854,0.0002014938610345198,92.75949283392828,245797.83904707624,37.646674934924434,17518.349539872554,1.0500739048786232,11.26981359148245,0.6498066536731054,0.0
2246,487.73319014033723,0.06006694742566765,0.00020232881476993475,94.26270656120126,245909.28418670225,37.740306339905764,17509.5053573278,1.0493971191885971,11.283786880030673,0.6465655812274913,0.0
2247,484.2490986693671,0.0674781298771776,0.0002031801208295427,95.04632503239179,246021.4733463723,37.675604145365405,17500.666694610118,1.042269515517648,11.288180609538983,0.6435051627291948,0.0
2248,487.3883429659665,0.06600082104682192,0.00020394066855919293,95.70031208177029,246134.2593659924,37.71869277034677,17491.83375293502,1.0526550944832733,11.296530130702136,0.6404978255030782,0.0
2249,493.2148475126633,0.0623178535556691,0.00020470847772493603,95.93863566000395,246247.29274428947,37.725090738845516,17483.0064609542,1.04088485635708,11.302523840287643,0.6258075587063721,0.0
2250,491.0679952969637,0.06424312893678308,0.00020550706264589044,94.25965883744114,246358.62137123448,37.7520075567952,17474.18465493304,1.0384875021097701,11.309177780799484,0.6204784274535771,0.0
2251,489.7549291468124,0.06766645480506794,0.00020627589880898109,94.66858049098977,246470.297449774,37.69793988963439,17465.368554197274,1.0467117898928051,11.30984715280234,0.6192953184406862,0.0
2252,489.1053654636594,0.06800480693458355,0.00020699828195832657,96.16933266867139,246583.43305810506,37.666636711856405,17456.557968957222,1.0416934582034474,11.30422800914666,0.6324831707799244,0.0
2253,489.4173542621429,0.0638038924516422,0.00020770875112032926,93.87700382592399,246694.26302753665,38.067358005349895,17447.750706405877,1.0550586864685054,11.317915594634167,0.6301549504039567,0.0
2254,485.8945276531041,0.07078308041107584,0.00020845477109441844,94.31270992224694,246805.53355274745,38.03530071641441,17438.948977527973,1.0480606275957869,11.301825129666424,0.6269637403985767,0.0
2255,490.2492785407802,0.057854711943255976,0.00020911921977249004,93.56310761583947,246915.86793422274,38.11614693286857,17430.160224108095,1.0326615919838735,11.30609162828153,0.6254557649597559,0.0
2256,490.9357675173027,0.05886910731442352,0.00020991302221975175,92.31633019515942,247025.10539184828,38.036390709181156,17421.378153891583,1.0498421682286119,11.302728803344067,0.623602092904063,0.0
2257,490.0920046065131,0.05875266956838132,0.00021068694401807332,92.98363789826989,247135.00377251866,38.083307594045586,17412.601924969757,1.040717721617547,11.305177481782708,0.6211191847078148,0.0
2258,493.2672498777955,0.06058083238167333,0.00021145289605881669,91.1268562817397,247243.06269012712,38.05231703325822,17403.83139313122,1.042376982757374,11.311595374502772,0.6194011145884708,0.0
2259,495.72637987101916,0.05795728033308345,0.00021218928371088074,92.25586021284509,247352.22841001043,38.088556704392076,17395.08036695386,1.0530072413334743,11.307626443912591,0.618399387745433,0.0
2260,495.5449109732786,0.054440630484307806,0.00021294431310698984,90.86816348801152,247460.07532919382,38.11746926187382,17386.311948778653,1.0368354985717705,11.312262713042477,0.6019157314952233,0.0
2261,496.81188120742206,0.05472596460070622,0.00021372780347098778,93.80867569081829,247570.83874506687,38.04672972744315,17377.54907920278,1.0588873000663641,11.308278981952082,0.6109083609730849,0.0
2262,496.66914674094835,0.0575330908755487,0.0002146968999676367,93.66787291538054,247682.02476766272,38.026988062655306,17368.791778413044,1.0517978874312939,11.295385654247688,0.6115246394817626,0.0
2263,497.9518325414733,0.05505051829159491,0.00021562672660312252,93.34546717608576,247792.8683148396,38.05236507656257,17360.040197127444,1.0538348176030938,11.305469020684003,0.609033884312096,0.0
2264,497.9226699697868,0.051511300685688544,0.0002166122606500322,95.06083590702032,247905.46564490386,38.00524169535812,17351.294299079073,1.0500099376177507,11.307612584494532,0.6055360820967891,0.0
2265,497.3211291231216,0.05150388900443259,0.00021762372811347906,92.76852503422434,248015.83985234002,38.05682674697463,17342.554126885065,1.0542562870756969,11.327922478198095,0.6060568119902539,0.0
2266,504.4812881358047,0.042207350771436,0.0002185826840448447,93.27874918485816,248126.64872027276,38.083366735245505,17333.819698392672,1.0469208829337922,11.342780658947138,0.6063691328716869,0.0
2267,500.7570122442298,0.04891278030269974,0.00021963126905978224,95.19869135322378,248239.44412262228,38.10473815764931,17325.09096637772,1.0530663823304631,11.34235189212694,0.5901992680848092,0.0
2268,498.1359941696996,0.057309703653750654,0.00022063648344189626,97.82973863856454,248354.7404586251,38.04824552135161,17316.368001475817,1.042634382579421,11.346632413770424,0.591103077148359,0.0
2269,489.0287900797335,0.06862053008855151,0.0002215491748588027,97.89452469090355,248469.96813469095,38.01161359871488,17307.650764051883,1.0524834627618005,11.339447702717768,0.5940806415958034,0.0
2270,488.65288392365306,0.0673119448241315,0.00022233347436380444,101.57568259729635,248588.7134352818,38.10044734270789,17298.939173841696,1.031582120857347,11.340312804900341,0.5918215368913802,0.0
2271,488.22067776762685,0.06654824278874738,0.00022307154224995827,97.66439146206639,248703.51888772045,38.084721693836066,17290.233121027926,1.0551842598160488,11.354344608893873,0.5927974126735154,0.0
2272,490.6065470216383,0.0621512219193151,0.00022380886065240222,96.49041546685996,248817.10851235443,38.00280084015636,17281.532563904333,1.044266758988524,11.361520852868926,0.5992067450917061,0.0
2273,493.21607355312574,0.04610885846241397,0.00022463358965170378,94.36511433390179,248928.63504320045,38.02166562176044,17272.837577899445,1.0804545703356212,11.378107586538357,0.6009112904260843,0.0
2274,484.6675059103369,0.06937331202370767,0.00022604172545896917,96.92223593027654,249043.3591807561,37.98462760273354,17264.14824352816,1.0664336893056856,11.369938855259331,0.5791655361027709,0.0
2275,482.9880135059466,0.07507080322255233,0.0002271875793505562,97.30844630617673,249158.17556971917,37.9869002228416,17255.465051460797,1.061558577134599,11.36411788198825,0.5859454660087244,0.0
2276,479.429431860666,0.07270176327246924,0.0002282656351035126,95.72825688792798,249271.35153974927,37.9641787333983,17246.787403107777,1.0728213088102467,11.38738964056763,0.5876664260939451,0.0
2277,481.99060542996705,0.06722203508458235,0.00022935601848107572,94.75930947153164,249383.54566377855,37.996194235896255,17238.11560158195,1.0782182063298644,11.411735638265675,0.595468589283183,0.0
2278,485.61674882108764,0.05963941551352048,0.00023050658573643972,95.95944968557816,249497.0114977263,38.01611225209975,17229.449699218214,1.0552966768683716,11.418313173338706,0.5938398256068703,0.0
2279,489.2278635895027,0.054902138057725036,0.00023166835317966282,93.62233383326613,249608.20945964754,37.983875846569646,17220.789750148673,1.0712744467057496,11.431801386817288,0.5923109564026016,0.0
2280,488.31090162567597,0.05682628225614961,0.00023292569356610273,94.75605413010202,249720.65834642478,38.36744174807103,17212.13576836328,1.0775195409866685,11.450634360660965,0.5920662591302616,0.0
2281,487.2296311229925,0.06056974526651615,0.00023415131214026046,95.0820536093229,249833.40590643484,38.37090506024157,17203.4854764665,1.0595954959311515,11.460930948614056,0.592092913231495,0.0
2282,494.09962685350274,0.05774208511551593,0.00023526585110348691,95.29226465553438,249946.25409456433,38.39261385802697,17194.840844603525,1.0622031485712025,11.474450288962773,0.5915546204812976,0.0
2283,497.85083302428535,0.05052262863607582,0.0002364486793761471,94.6001499684751,250058.44380773127,38.405049241242345,17190.020627594284,1.066176156513539,11.653825669448164,0.606194115699798,0.0
2284,501.14261075065394,0.04804870500433289,0.00023764896997657898,93.66417725825485,250169.81879070355,38.40376541016196,17200.856436497383,1.07657933944869,11.665158870575302,0.60563252485361,0.0
2285,499.23458039326005,0.05443409891648465,0.00023890910935420303,99.1470796162441,250286.69217910428,38.400616483863224,17195.781241997316,1.0699224716591205,11.664194259830264,0.6018099083631008,0.0
2286,501.8742780559905,0.053221600900199895,0.00024009259701332988,92.80239530987281,250397.1501509469,38.42482980182366,17189.474644097434,1.074476079735204,11.682716026062177,0.5584081279803211,0.0
2287,500.06086192157795,0.05122560903557172,0.0002412756761250009,93.88128063597236,250508.6913614236,38.395764421608355,17183.157054182127,1.060734456241046,11.647890502459964,0.5553253272570841,0.0
2288,503.0330817952781,0.03576775570912616,0.0002424666422228101,92.72936144353436,250619.05863109074,38.36048055055698,17177.254832001603,1.0646581619638247,11.65276369672996,0.5556692543024939,0.0
2289,495.40279567752737,0.04559305684902426,0.00024375511175615802,93.25240882133716,250730.01567695139,38.34588334753362,17170.727645555897,1.076449342302003,11.66044323491768,0.5539109176305652,0.0
2290,498.0448594381508,0.048920219046091895,0.0002449234256404155,93.31765865468641,250840.90864491015,38.41876398585573,17164.487037381277,1.071321246443352,11.616207652723991,0.5527970915051451,0.0
2291,499.33179031179026,0.05126583231316495,0.0002463186373365953,94.77585523084527,250953.70498323016,38.35297351441206,17156.372566920883,1.0789987335542486,11.605600115523604,0.5534639294270917,0.0
2292,489.8116824288171,0.0729429855947229,0.00024767437905599517,95.86335507217046,251067.59715790534,38.37988486886688,17148.11163031255,1.0770111173943453,11.616681827718246,0.5536408108383968,0.0
2293,490.9574785268426,0.07014296729864866,0.00024878452950165,94.99187214869222,251180.30704885407,38.35014475794193,17139.487281114532,1.0655769050361106,11.58547399824498,0.5538644797418126,0.0
2294,496.70559039798934,0.06010210928014714,0.00024991409333622314,96.89278549389867,251294.87557280943,38.334004150469504,17131.177535504223,1.0701438666078538,11.580771757548016,0.5543270501272064,0.0
2295,498.2354573610526,0.058616048363228423,0.0002511710819616774,95.11947523588302,251407.77996104973,38.34430671694897,17122.454154551026,1.0774482432087116,11.588586981551655,0.5848275383777503,0.0
2296,494.06033210061,0.06704543216959491,0.0002524297527170929,96.51004440299614,251522.08826540955,38.33361293102939,17113.84641574489,1.0671000430694357,11.574814363219257,0.5846054878956455,0.0
2297,482.5995484909117,0.07792929579996066,0.0002535846266646822,94.9489756193478,251634.7083018675,38.33090338443146,17105.971701327293,1.0824863672658436,11.574748913863937,0.5846179818593119,0.0
2298,489.3837192156772,0.07395348640109511,0.00025465454336883814,100.11957281777062,251752.3030719691,38.38978518548691,17097.201971733863,1.069543257144013,11.573593479564867,0.5918280640290291,0.0
2299,486.3794634997679,0.0746046422120683,0.00025575424881663604,96.52016559689187,251866.30548007996,38.42342639211155,17088.441166645964,1.0730856194098881,11.580048301223231,0.6021983807892153,0.0
2300,489.4692893045965,0.07376548730193122,0.0002567700261337697,94.12466696783162,251977.83488841166,38.440579211918305,17080.415915557664,1.0740104588220318,11.560314988326803,0.62205012011214,0.0
2301,491.33593823608817,0.06551464377773786,0.0002578468572339399,97.13062746400765,252092.35690496612,38.431268439696176,17073.204956040132,1.0666342299320535,11.54788728310841,0.6202211254753647,0.0
2302,493.4611663515941,0.07657211607173231,0.0002589989782083741,93.95829345560514,252203.73440578417,38.44123703425778,17064.78834050837,1.0834102603662903,11.547658600502036,0.6003391220353604,0.0
2303,493.7114405086225,0.08039704674850301,0.0002599565533770321,94.47315110481583,252315.51042500944,38.466436511992086,17056.79016141869,1.0807065120084764,11.535897873831848,0.6041307059880768,0.0
2304,496.45450519888357,0.08089325353850751,0.00026093602553898734,97.87038188836938,252430.6541556244,38.46975639429234,17048.599286952805,1.0754172238299429,11.509126554906503,0.60252909849553,0.0
2305,499.14903780948845,0.07512931025764724,0.00026189926562417793,94.4099338494262,252542.32026949193,38.48927475844164,17041.19885935485,1.0745457054117424,11.503109817512842,0.6077468455609452,0.0
2306,498.8707292950479,0.07333996698501788,0.0002629199013235506,97.25782861254734,252656.82796551072,38.51267202290385,17033.168655280242,1.0638458735357161,11.473108269210973,0.620945162261818,0.0
2307,504.10778945310307,0.0639178151449008,0.0002639433628884989,93.74525604681646,252767.8343951789,38.42817228466882,17024.96875904252,1.071634394128309,11.46350439298304,0.619496885067284,0.0
2308,498.9920675573918,0.06907440804445564,0.00026506114996206786,96.17835475034929,252881.5154057475,38.437726037909684,17016.42458628905,1.0671281457770538,11.456098908895093,0.6181084323030954,0.0
2309,501.79412284713203,0.06337498431433031,0.00026610662934050663,95.37967863426437,252994.304004465,38.500621853254486,17007.701732053694,1.0755293753526414,11.451279764203353,0.6166183275028756,0.0
2310,502.721725210109,0.06739883660826218,0.0002673059940194164,93.8904331628116,253105.9402403487,38.43267791090525,16998.98379503823,1.0891487110868996,11.440624743599201,0.6140045496467658,0.0
2311,503.2945713013177,0.06513857329173478,0.0002684995158156019,91.69408576357186,253215.34445182246,38.401881839892276,16990.270772685406,1.089879638701713,11.441180739269303,0.6138054847562784,0.0
2312,500.4852943107114,0.05786319585721322,0.00026975780576473735,93.44585916336132,253326.5430305765,38.391130816460155,16981.562662176333,1.0762655419430192,11.42027562978393,0.6118744950082666,0.0
2313,495.5089402402171,0.06942368722970071,0.00027102518945193335,95.59083872163828,253439.96933175283,38.3706523806318,16973.76422204752,1.0743157875838047,11.43425474169173,0.5924095833561973,0.0
2314,492.9641329395739,0.07810773250162562,0.0002721776897073557,95.21330942799908,253552.8043348201,38.51799777865389,16965.636362965175,1.0753720191404146,11.431599102118355,0.5928526193507325,0.0
2315,488.5674808368758,0.08796264884575644,0.00027317570101153757,97.99330348980656,253668.26594658787,38.4024432694159,16956.94137601511,1.0790470436661552,11.42116415371415,0.5914422449144422,0.0
2316,493.8597860226533,0.0899480174745283,0.0002741294427027983,97.35297826474977,253782.95166005846,38.51944203701807,16948.251290845597,1.077387338899208,11.43002597370434,0.5899193399562171,0.0
2317,494.3881652566852,0.0954899582087898,0.0002749915125440704,101.77306332418173,253902.05161373725,38.48214609231528,16939.566104559904,1.0799307312945385,11.423358014752294,0.5888494192603578,0.0
2318,491.4681716873538,0.0912206474860685,0.0002758599212167692,93.96394275693837,254013.26329783155,38.44396332947677,16930.885814248006,1.088585806109388,11.408267611919163,0.5869920293876234,0.0
2319,486.7609669133034,0.09925154274358217,0.00027667553074301685,97.32415005262095,254127.7568601729,38.47315251341951,16922.21041696521,1.0760225427519254,11.361214102442077,0.5841246926980337,0.0
2320,487.9902438620843,0.09532680561225226,0.0002773866656806253,97.1978742194363,254241.9110219901,38.43351373440297,16913.539909845877,1.0675038061769053,11.322085386602454,0.5832152913397284,0.0
2321,494.47834381998035,0.08488560804709655,0.00027809357303890103,94.58753699051618,254353.48110641903,38.47691919050704,16904.874289868956,1.0701223085517513,11.266563931336227,0.5808456560772153,0.0
2322,497.5287126163323,0.07396057920901256,0.00027880784579299554,93.30672299373238,254464.0415160554,38.400516679700885,16896.213554198726,1.0793886728727595,11.228536504405373,0.5790926871758909,0.0
2323,490.0216018092726,0.08257778229423773,0.00027971908002748995,97.50887494735011,254578.96948346242,38.43271160887512,16887.60772966432,1.070533693828608,11.203844700279308,0.580139920803508,0.00531711403729318
2324,489.9215943495861,0.08743957868741548,0.00028043563764372455,97.74596419314054,254693.99943963793,38.48897036434059,16881.949770938336,1.0780942724758789,11.188395845526822,0.6068597032770819,0.0
2325,487.6598414435228,0.09164320313731988,0.00028118982912373874,95.72167539790277,254806.96266057086,38.428341285871355,16874.17676070293,1.0771960909975697,11.179103589492165,0.6066897590341955,0.0
2326,487.8436033517283,0.09050410384065666,0.0002819021095568745,98.21628673399991,254922.41389539774,38.42603400745964,16868.505545909025,1.0903466782103144,11.159973730666765,0.6041457643551654,0.0
2327,490.6385984759188,0.09003470625505672,0.00028272031586793514,99.0488986662053,255038.75038935963,38.40447708789775,16863.54456235906,1.0761972152738704,11.108144193612928,0.6108049857821946,0.0
2328,494.0594569781489,0.07944208918275408,0.00028341840535220093,96.31265573214964,255152.32757412537,38.5033466506776,16857.146703366237,1.062723287160463,11.021411035089072,0.6094623392452246,0.0
2329,495.2973887957818,0.08286686416317235,0.00028431345241485765,96.38651802320399,255265.97874892206,38.435223517366126,16848.576898226194,1.0744155618269935,11.02261095163871,0.6078096444373453,0.04974565604096526
2330,489.34925245135656,0.09364723383459927,0.0002850650418944716,95.40269130625006,255378.56773956516,38.414186039337515,16840.012002663403,1.0824745720315283,11.041623562533868,0.6067754535144956,0.0
2331,493.5391487246307,0.08510762613609502,0.00028569257904877046,97.11358507962807,255492.74053082446,38.41780090146117,16831.45198652279,1.053981230800372,11.005719624607023,0.6055474742141312,0.0
2332,486.70178608114026,0.09092865044584353,0.00028640270369149017,96.31682342315978,255606.19529159673,38.40302475630995,16822.896792269403,1.070135489681744,11.031271884664012,0.6043339059460451,0.0
2333,482.09496950070303,0.09686287050147113,0.00028704078222924564,94.31687595127764,255717.43170931743,38.40978649921091,16814.346450650166,1.0734908685465918,11.064234449485898,0.6028064643977753,0.0
2334,477.002115017305,0.12209101653057419,0.00028760570650801113,100.01899428236106,255834.32059795765,38.464639257500764,16805.800959880722,1.0601028201507026,10.95986319988652,0.6009493721124035,0.0
2335,479.63536707215474,0.1094709707546373,0.0002878907437306147,96.23811862798773,255947.04478007203,37.975580190247655,16797.260334441213,1.0764424454935944,10.764560388129203,0.5992638661134668,0.4150036990027992
2336,483.83485089254185,0.09281433251741655,0.0002883039071758706,96.38547133974514,256060.0467631627,38.034067432028905,16788.724937974926,1.0642587217587587,10.746129342815868,0.599648165463954,0.0
2337,481.3674344727767,0.10407136682552831,0.0002889046119371872,95.49362884641742,256172.34920414648,38.04640448017239,16780.194328467245,1.06978264966098,10.600156779086992,0.5975331598369213,0.0
2338,477.2545114795227,0.11486476081227659,0.0002894714107095248,95.64807395424768,256284.69853637303,38.013933213711226,16771.66855025399,1.0802001565596409,10.648923027230873,0.5959942090943089,0.0
2339,474.4835933854479,0.11049162630276055,0.000289817607702392,99.81268184426298,256401.07604858212,37.999655246113775,16763.14758835557,1.0789970536672904,10.539600660071663,0.5947119388603388,0.0
2340,476.20995417271723,0.10881640154663297,0.000290202326233657,94.18960703022158,256511.89219730243,37.986066883942634,16754.55997946767,1.0724512885422537,10.714845022515423,0.5949298813008603,0.0
2341,481.1680138629182,0.10180044978115044,0.00029059305486837933,96.78150543091411,256625.31305227475,38.038709281875136,16746.05840115239,1.079147295078679,10.443046377156465,0.5938676137145886,0.0
2342,478.50877599020225,0.11501787643319183,0.000291050318150168,99.73356859036939,256741.89575716562,38.09968640739936,16737.495730833405,1.0577050440189846,10.44226561601721,0.5924160212597036,0.0
2343,483.4361640193476,0.09680133906318589,0.0002913645537916962,92.65896436742905,256851.26430701168,38.09049638125862,16728.939610336405,1.078716354429357,10.428655528261263,0.5912071002050084,0.0
2344,471.3508493099653,0.12063522441849805,0.0002918671877603572,98.87224894991228,256967.03102156942,38.03279965247235,16720.391363566257,1.0670563782822813,10.40625533060932,0.5899560232878296,0.0
2345,481.3264292223946,0.09656480744923912,0.0002921062827653432,94.46682172704051,257077.8283357026,37.997688651748426,16711.849100062533,1.0750752445291485,10.641339844753679,0.5864427400098038,0.0
2346,474.7945378661314,0.11380731891705986,0.00029259101718702603,96.81015271167092,257191.45045065408,38.01494912210553,16703.312830587554,1.0800004353396286,10.52942417293986,0.5878388838269013,0.0
2347,476.54080911382096,0.1097146909264598,0.0002928799138336873,98.34712073401674,257306.38538127596,38.02792291668487,16694.783125519207,1.0677228086618982,10.413626568589066,0.5859590416921564,0.0
2348,480.3836063938222,0.09231018230688759,0.00029320515000640063,97.99009169719251,257421.06157402665,37.96433334039423,16686.25959808489,1.0621157243303565,10.730964076960872,0.5836467738454486,0.0
2349,481.6016115529694,0.08819819542271157,0.0002937081144289465,92.77254899547492,257530.7105456949,37.95859672532856,16677.71526212515,1.0787614109863668,10.721957341006949,0.585579368275938,0.0
2350,473.6772748976788,0.11290794187531461,0.0002941797603121002,96.63719942203375,257644.21760406345,37.91725219241477,16669.175748648853,1.0759237188202333,10.493928058527676,0.584935216858505,0.0
2351,472.00147176710277,0.11681868258914785,0.00029438008819876417,97.17947864432531,257757.97795674967,37.942240495200515,16660.641054736992,1.0785415913048109,10.487862338587487,0.5841505972069998,0.0
2352,470.70528767123955,0.11927362540096853,0.000294532058938226,98.24094823804,257872.76138402693,38.06058773442045,16652.111176676302,1.0607848440711798,10.480721714868476,0.5833342940259733,0.0
2353,470.40664862037875,0.11797205114944609,0.0002950472839938954,97.3031234279844,257986.65602849267,37.89489129073187,16643.586111519595,1.062864120055634,10.69628759548694,0.5825499429690554,0.0
2354,471.3353143919014,0.11097800762799459,0.0002955669341679538,97.90384159951934,258101.14843145656,37.932171314539666,16635.06585770494,1.0600539210535007,10.76136728374067,0.5811706946881263,0.0
2355,464.659551037867,0.11968737132362461,0.0002961515507124175,96.38524271196732,258214.18627576425,37.887781775597055,16626.55041246824,1.0711422236484076,10.79070814013544,0.5725235976395763,0.0
2356,462.29349459822487,0.12438261434705922,0.0002966295449470723,98.1745060308858,258328.87064710166,37.89736861682237,16618.03977324265,1.0797719585450098,10.827006334851216,0.5807735919538354,0.0
2357,452.14107700445214,0.1386030140786758,0.0002970483869104051,99.85661112559464,258445.14374776193,37.91467436404518,16609.538570791345,1.0669402182179806,10.625636071203564,0.5781782342362732,0.0
2358,453.39084925787375,0.13765607074328134,0.00029730361980161,97.58556499896815,258558.90248260833,37.904487750503385,16601.042162999696,1.088466488910984,10.63152455988052,0.580326304999595,0.0
2359,451.15062272147895,0.14024448019594926,0.00029755305143385386,102.52863165235857,258677.60083581306,37.98702272828967,16592.550545038834,1.0583942756983764,10.620501911501393,0.579218503537673,0.0
2360,457.2647996991558,0.13500174820881383,0.0002977693075930996,97.5539623662394,258791.2275346649,37.91552241278294,16584.05900339119,1.068772296728967,10.640930191736983,0.5776595807215146,0.0
2361,454.3019839140005,0.14384133184231152,0.00029803577832428647,-66.90328076136043,258740.5620085644,37.52534340655626,16575.572252619077,1.0571305055930038,10.826973807805933,0.5803491510525972,0.504490693144664
2362,452.7382506151182,0.14024126487687139,0.000298200829482316,99.09132256057308,258855.7939803769,37.5428358991396,16567.09029085265,1.0602866741867858,10.612742144172127,0.5810469440638462,0.0
2363,456.4028993769955,0.1307596355785673,0.00029837306431922345,97.46045742319404,258969.3191451288,37.50161929924589,16558.613114244836,1.063351159728436,10.599499130287764,0.5806308134762792,0.0
2364,457.19561329684205,0.13394119284244643,0.000298639628660327,98.78325884835898,259084.23119571814,37.52394410921888,16550.140720045045,1.0729343066235728,10.606898764827292,0.5802184780109738,0.0
2365,464.0089416552322,0.12465453467241394,0.0002988599229670929,99.00532162969061,259199.38812130786,37.53019223324482,16541.673105774393,1.0578509631864013,10.594055196164753,0.5793086629406068,0.0
2366,465.01951980715444,0.12209009161158879,0.00029916787496150047,98.66654300572723,259314.30534865952,37.53366190013753,16533.210268523933,1.0583537162741652,10.608662161552486,0.5794843516500147,0.0
2367,463.2598986073413,0.12471586717339678,0.0002994985691080866,96.50609285610373,259427.06271061156,37.4806523042898,16524.752205795703,1.0666382350889674,10.59086005732789,0.5791426417884588,0.0
2368,459.5876898387373,0.12940988044055135,0.0002997896876792855,100.17003188229387,259543.43054097827,37.50165860311403,16516.303585847832,1.0961874917458239,10.593382704958163,0.5787950039032815,0.0
2369,452.4378414360757,0.14066035767860785,0.0003003160632917722,101.88580984677415,259662.05643435966,37.491854559602935,16507.859729709246,1.1009508056191604,10.569023992764603,0.5784684831661409,0.0
2370,458.1935704547067,0.13629607664345322,0.0003007121344995473,100.64256439928548,259779.31124369113,37.5071565890743,16499.420635333532,1.0957836368804867,10.531809045236255,0.5781266543963977,0.0
2371,457.4126008163357,0.13905681612928888,0.0003011460139656551,101.9591683149421,259897.89913172458,37.470100260160564,16490.98629957182,1.0903432556753814,10.514923476732934,0.5777533811307181,0.0
2372,453.8160283259578,0.14563151390651463,0.0003015416786305804,102.783206514285,260017.2810654979,37.46016470917263,16482.5567199569,1.0906980414578804,10.500029862723483,0.5773770014883862,0.0
2373,456.42241781626956,0.14331487226515893,0.0003018590983907452,103.25599598466731,260137.06027550247,37.50107280452892,16474.13189345368,1.0964521319594118,10.503990655316997,0.5770002994576734,0.0
2374,455.617007625107,0.1454506571171309,0.0003021941420471347,104.78355221445597,260258.38127745377,37.467819758645135,16465.711817069827,1.0803291778749453,10.498109921074985,0.5766481036406208,0.0
2375,455.3258457478773,0.14519495534225368,0.0003024984845621568,102.01072461874362,260376.8902760518,37.495171536615295,16457.296488111155,1.0907780941317688,10.511361093185846,0.5763062367673031,0.0
2376,454.82508223341904,0.14979294728572135,0.0003027987313459486,104.82800310728672,260498.19108095573,37.464788165336266,16448.88590374189,1.0797764616060301,10.515826275867855,0.5759993547978688,0.0
2377,454.34614970658566,0.15046764588745276,0.0003030431780244702,106.32988839328686,260620.96863592553,37.090470850399115,16440.480061206767,1.0903645021018553,10.526959810105577,0.575714139934017,0.0
2378,453.45387066682866,0.15565576746900556,0.0003034558130282061,103.61339478751925,260741.00692823165,37.0631960265216,16432.078957600443,1.0787890919347727,10.51991790373294,0.5754582777385995,0.0
2379,451.24794954180055,0.1608880788447904,0.0003036197871400984,108.06502939358352,260865.46142269706,37.05289555729617,16423.682590689485,1.0754161570946474,10.52658415811743,0.5752063801134903,0.0
2380,453.1766004517246,0.15636647374601553,0.0003039165519371163,105.28618986010989,260987.0476978228,37.06521785902218,16415.290956992965,1.0841929453855363,10.535531012277074,0.574976286259724,0.0
2381,454.24417899835225,0.1555547502427912,0.0003040583067844675,103.44323774651312,261106.83391378005,37.06437843135056,16406.904054175568,1.0950335621223264,10.545556508772485,0.5747699009665539,0.0
2382,451.9716203366553,0.15913574376145467,0.0003042022628285123,104.83360088854667,261228.02059651428,37.082306562489904,16398.521879040087,1.07871481975322,10.53577724114626,0.5745874511520179,0.0
2383,451.3169356895767,0.15973879486403075,0.0003042959580751041,104.04062459684799,261348.34090408473,37.09383561769794,16390.14442886884,1.0878672193282162,10.53802253914764,0.5744016766698292,0.0
2384,451.2071867847752,0.16123558502549096,0.0003043772260221156,106.29958684736258,261470.8929672463,37.067659452660266,16381.771700787835,1.077761269805668,10.484542946707812,0.5742285678024871,0.0
2385,448.53572762194744,0.1674760304374665,0.00030443667916891755,108.32846806648423,261595.46071332827,37.048971335619484,16373.403692031141,1.0701503830864165,10.434780211354603,0.5739941742636349,0.0
2386,449.34921629634437,0.16209749106392446,0.00030466239370643337,107.07864276420284,261718.72236416442,37.0160458305475,16365.04039981299,1.0877837387865383,10.433773485087695,0.573706479342959,0.0
2387,449.09726731512194,0.16275147391931344,0.0003049379442453725,106.06159729914836,261841.16633942572,37.09767384868445,16356.681821903956,1.0949807918784376,10.443766226806897,0.5734323204166597,0.0
2388,451.8476662712125,0.15999905584692398,0.0003051987946593565,108.25944084502251,261965.7870242691,37.01391261909117,16348.323284796452,1.080125638616049,10.449672424675509,0.5731854908364494,0.0
2389,451.33331483393937,0.16038983708312293,0.00030547625035608813,106.06178796656633,262088.27105961335,37.018037332814544,16339.969461817027,1.0842691867893821,10.467326951579006,0.5729592401791621,0.0
2390,450.3910322784764,0.1615331590923148,0.0003057468126790977,103.9030519414908,262208.5658221744,37.048212599310865,16331.620350311345,1.0770955117206618,10.480106704239386,0.5727679909634849,0.0
2391,449.44030174125294,0.16268695517395138,0.0003059959143056114,105.47228605476562,262330.3755517189,37.0288381380254,16323.280603095054,1.076952976738961,10.471314989698596,0.5726035677963731,0.0
2392,448.32365344179095,0.16325824524622656,0.00030622200728056687,104.61237393035856,262451.2740314328,37.03968826851128,16314.945556706809,1.074611672724595,10.480707412041856,0.5724362399850853,0.0
2393,451.0724131496403,0.15949886778176825,0.0003064347908379828,104.09935203267509,262571.6081571367,37.04377706925671,16306.771835365724,1.0762838432531254,10.446915642278862,0.5722900799646966,0.0
2394,450.40964135030015,0.16077339244920963,0.0003066855773115467,104.97186896781444,262692.8774022618,37.041242135188405,16298.441443195408,1.0710189563236165,10.44114078621868,0.5721072072640042,0.0
2395,449.9974726455154,0.16086474633587255,0.00030691544052469804,105.73121400403505,262814.86943012755,37.02835360207398,16290.115748896102,1.0707626953623528,10.447917110425735,0.5719263354678068,0.0
2396,449.7180128035045,0.16005724891362316,0.0003071371547472979,102.90823049373267,262934.00750705495,37.011207053444544,16281.794749694709,1.0756391998941597,10.47111259192015,0.571763878989756,0.0
2397,449.0659121211915,0.16050903261838323,0.0003073603712822557,105.0429507777316,263055.25612317974,37.04923368557637,16273.478442858286,1.0767925831063234,10.479841996116392,0.5716405132177913,0.0
2398,447.4174680183065,0.16206295225669254,0.00030757170534663226,103.36545758343335,263174.79579090385,37.03796211403482,16265.171455689793,1.0812437728598374,10.491427361059191,0.5715352364279764,0.0
2399,458.73118228261916,0.13273962109024562,0.00030794461909726173,101.87887806233333,263292.79238090303,37.01316245809136,16257.127864673557,1.076484334635599,10.723208063407247,0.5714508949487842,0.0
2400,450.01862121507975,0.1568989228303641,0.0003084305480210743,102.70207713666167,263411.9869830656,37.03159947378607,16249.436882591419,1.071622115373665,10.071588209351619,0.5716761324172895,0.0
2401,450.2152451293621,0.1554587370384608,0.0003086496855131161,102.03759922427247,263530.1858115705,37.06067783323515,16245.25064094671,1.0670341006508104,10.118924575946487,0.5710330951153582,0.0
2402,449.80052952532174,0.15591599887188778,0.000308877918700794,98.95651386552966,263645.3154388278,37.0010361361463,16239.12130306679,1.0431474594765069,10.088799223908733,0.5704851459480258,0.0
2403,457.6944264149437,0.13868551827971798,0.0003086046464626423,104.85953343085811,263766.3242463338,37.034334541254225,16234.625691285402,1.0955743047757207,10.280228716145771,0.5699255888883336,0.0
2404,448.3424691207958,0.16626392898849662,0.00030877053712962516,99.81711262905179,263883.162750539,36.96691658810877,16228.429870184955,1.0981971420463215,10.07097924678617,0.5696465064613789,0.0
2405,446.4755710611338,0.1744861622355206,0.0003086361676757978,101.69625578155147,264001.5887178971,36.97647458401116,16223.512481382917,1.0912504739888709,10.094880491461236,0.5691066121402677,0.0
2406,443.8714245519911,0.17794734218427044,0.000308406128300315,105.15427614243023,264123.4044484933,37.04804296592597,16218.413330411524,1.1144890682491897,10.106973139290723,0.5686258075180887,0.0
2407,442.5894632376905,0.18197156862293773,0.00030832669689497975,105.81057506819252,264245.77531259053,37.107685648773085,16213.136261083971,1.1198157431245028,10.105559524471708,0.568185586061042,0.0
2408,441.8128419902759,0.18418931732920008,0.00030801302087357424,108.92228925098922,264371.21341200586,37.15794357643432,16207.691055695892,1.1173559962853312,10.078627255728247,0.5677661398544173,0.0
2409,441.0071258345975,0.18264534514750275,0.00030767344952726004,108.87211583298036,264496.56572679395,37.21007855113898,16202.102273433668,1.1200101104450317,10.072497818987973,0.5673328551108002,0.0
2410,439.99737112638184,0.18677248212312259,0.0003073482257069485,112.42994244769966,264625.4434266847,37.06713040024316,16196.073398016868,1.1009269168852434,10.075449468894769,0.566913805917515,0.0
2411,440.1063434174896,0.18555366012337016,0.0003069769242219704,109.3602478015618,264751.21898268367,37.07023831259964,16187.841711018866,1.1171271187856773,10.509555677579808,0.5665202290650397,0.0
2412,438.95315482687437,0.18694507822762896,0.00030681479911597704,108.55721043741133,264876.18404557754,37.142905425325544,16179.828633383824,1.1242611070487984,10.073706131328418,0.566718092710672,0.0
2413,438.53095971629523,0.18844871736675406,0.0003064301200806479,110.3325013963026,265002.88476996875,37.149030247407765,16173.862051600421,1.1111076105554174,10.0936079835962,0.566333022091901,0.0
2414,437.85325283963715,0.18961931653372532,0.00030624194325810033,109.36837628050236,265128.6066691883,37.08696517565493,16167.515768212725,1.1243683481386397,10.086638320493858,0.5659940183521855,0.0
2415,437.58690354149996,0.18816100275593672,0.0003058404888969561,111.15754413771167,265256.09964094183,37.17788411858786,16160.05141119229,1.1078476617262383,10.103103072484306,0.5656634110244779,0.0
2416,437.15146582839094,0.18641784078523882,0.00030567298711562773,109.58113128576029,265382.0004973911,37.08812856524424,16151.821369987278,1.1190122295612142,10.28298233834697,0.5653716132810321,0.22303421731214357
2417,437.1623169523388,0.18738497052379122,0.0003052690363899173,110.4109037293538,265508.69026494934,37.01212937912811,16143.59750393895,1.1017860069019108,10.12914737080989,0.5653651144900286,0.3862439210551578
2418,435.9750047550436,0.19236460295322755,0.000305098654357235,108.34259448896535,265633.3081153313,36.97775538155694,16136.736828465908,1.1160722144195794,10.118523406084654,0.5651813969957119,0.0
2419,436.25916728745295,0.19214243626561356,0.00030494529178273154,110.01082163105848,265759.5786057281,36.98793047925003,16128.490724051795,1.1090090021186365,10.515853173495849,0.5649353337163687,0.0
2420,436.1622771087143,0.19244665467415056,0.0003047434675699058,112.46812004211839,265888.3091377102,37.037793923098576,16120.24930076819,1.1013723212313054,10.510063250340322,0.5652249098671386,0.0
2421,436.70141425594164,0.18978826428808415,0.00030453404608973025,110.55597424621777,266015.11034508614,36.96968306684138,16112.013674573442,1.1062970483553582,10.514975063465043,0.5654927519687163,0.0
2422,436.7364252025051,0.19207421631249444,0.00030437352677167,110.0166916053673,266141.37922339945,36.93132233402917,16103.781816924704,1.1194125296965145,10.515821205282126,0.5657540283335009,0.0
2423,436.2920111498718,0.19242924729181443,0.00030424608963723236,110.58245239522773,266268.2095657844,37.05843835519468,16096.14622173244,1.109299823540364,10.15738466106958,0.5660037140790009,0.0
2424,436.7247022049927,0.1896072628551071,0.0003041098175478683,108.58721682697919,266393.03107994504,37.007727972289196,16088.180671815684,1.1015763616762273,10.178766570774876,0.5657696987962798,0.0
2425,445.7223033489689,0.1662142045582754,0.00030400198052803,101.58900396407263,266510.8561357971,36.92731212284834,16080.570871889195,1.1126362290355762,10.429717934298775,0.5655760770563856,0.0
2426,438.09074107062514,0.18852083486072446,0.00030413785570196713,108.01226703377313,266635.41001701454,36.94065895235252,16072.355907019975,1.1124453329006676,10.529969013496258,0.5657228464767049,0.0
2427,438.21190632038036,0.18900558187252925,0.00030402807912378204,109.79625357832106,266761.46000845026,36.92616621697144,16064.186469320091,1.123291217322715,10.187117817238011,0.5659945739534324,0.0
2428,438.2631633780645,0.189227114325354,0.0003039079948750502,106.63619000844133,266884.34618767875,37.01792259713,16057.514210391613,1.1135553366074091,10.213287103950227,0.5658019878882554,0.0
2429,446.99477918354904,0.16383894402429777,0.00030384020496863656,106.20064909414775,267006.81183351314,36.898621188428194,16050.713704019263,1.1156621421315454,10.460433270093395,0.5656539983354477,0.0
2430,438.8597513973544,0.18564950508595424,0.00030403698539954797,-585.0821461711989,266438.3052271313,36.91712295644123,16592.988686800745,1.114811800652824,10.232907680607704,0.5658390853484235,0.0
2431,448.2948890197396,0.16025839217078486,0.00030399414247401753,103.00492639049601,266557.56483125174,36.91842205162539,16585.744310370254,1.100752751141499,10.500087547380943,0.5657159527288544,0.0
2432,440.12221700844003,0.18474012835185627,0.0003039327911492326,109.57825135772691,266683.7391055978,36.93404765333148,16577.246441836676,1.101631726702037,10.626182628998352,0.5659509964089452,0.0
2433,449.20429444744667,0.15316192191353273,0.00030360591757799306,107.12721787847096,266807.1583209737,36.908466004202296,16568.753380607293,1.1038541574726297,10.862196874977746,0.5663405354751134,0.0
2434,440.4513279072048,0.18103472745335702,0.0003036197854656607,108.04162496568539,266931.81201186497,36.927484407806936,16560.27355156875,1.1169820733031555,10.636586807119901,0.5670213861759396,0.0
2435,449.1924207368522,0.1529640765934267,0.0003033314846145885,102.69456037108418,267050.8067636477,36.89362155204048,16551.824104725387,1.1108514270563674,10.860998828868507,0.5673715136379259,0.0
2436,440.35428648800325,0.1794791232313102,0.0003033349449303962,108.01338233248232,267175.4371331439,36.905054018404975,16543.345424131083,1.1088285588652094,10.599321222685111,0.5679996513725467,0.0
2437,449.27824627840215,0.15189875046987134,0.00030305078989656636,104.14656316430742,267295.88639647554,36.91457952258917,16534.871539867265,1.103417776252425,10.811386638466507,0.5682522485976373,0.0
2438,440.65078831448466,0.17393939152403481,0.00030314635814626467,106.2658566290016,267418.89541910315,36.885453090291016,16526.40661323519,1.108128279993711,10.42987041915819,0.5687715086238858,0.1611298126402687
2439,449.5525259575312,0.14978136864690594,0.00030300106928622894,101.45843185673006,267536.7810016542,36.89766621033596,16518.78080594696,1.1177425738203384,10.54798912280886,0.568787196911516,0.0
2440,440.29299940939904,0.1769968788941818,0.00030311042818485036,105.67885181003172,267659.2081534711,36.894516368491,16511.155579788567,1.1165649090305847,10.28037392658263,0.5689336333064561,0.0
2441,449.29256399777785,0.15106593349798236,0.00030292378187731476,101.65069902308913,267777.27180648607,36.88896799842256,16503.810383412107,1.1003893965657507,10.513114360636171,0.5687209781631462,0.0
2442,440.48147285667534,0.17602960591492567,0.00030301101015165936,105.67907479592341,267899.6813695525,36.89425707811231,16496.393740465315,1.0999746759100195,10.299504987540743,0.5689023736858508,0.0
2443,441.6088345571758,0.16411292687030565,0.00030282637816255944,104.58569553118306,268020.67354489525,36.90664645401786,16488.934145454597,1.120719483660142,10.864669702734492,0.5687939657456598,0.31415204904623906
2444,450.6242598632585,0.1515244651510287,0.00030276653325217,104.08734228467782,268141.2974559778,36.880813580206265,16489.117129491235,1.1015428143790813,10.93693094123555,0.5694820653356304,0.0
2445,454.0560656771196,0.14298172142844923,0.00030305457887768995,96.64533914017171,268254.93900244276,36.889209963221845,16487.191071043813,1.1188596221953029,11.459240582509453,0.5495753705981494,0.5547178470573435
2446,453.2644235864317,0.14408775455806633,0.0003034211476769526,101.558919712508,268373.6386484489,37.05276421919783,16483.509124493452,1.107494232805903,10.409939872108568,0.5704412827113493,0.5701533906322958
2447,442.0820534114796,0.13796646954560587,0.00030593192767814546,102.03852231701131,268492.7317381428,37.01113347960651,16479.63138568183,1.105459547207875,10.620712107095128,0.569822638014689,0.0
2448,441.3790321979249,0.14271265698670466,0.00030632048284970673,101.33583601070607,268610.5652807327,36.89850241092442,16476.036078005436,1.0940154691058435,10.422866948546584,0.569779564433564,0.0
2449,448.4390213874387,0.12432083199849797,0.00030665266218756734,95.46764542348276,268722.4437828942,36.86646302498101,16470.06850907033,1.1226556323660657,11.714361869919532,0.5607098157360547,0.0
2450,445.74596794634607,0.14584551855316308,0.00030707535813379716,104.02504648362043,268843.10554512695,36.926327652016006,16462.1331817655,1.107585490465977,10.514070843306001,0.5594282354682123,0.0
2451,449.37597578398584,0.13745119612876544,0.00030735889717915343,100.58856155718729,268960.1969111092,36.95799614282899,16453.95536854875,1.111235345323313,10.55172906816049,0.5582227193234645,0.0
2452,450.4213949534601,0.13940063962135574,0.0003098767984527584,99.6882355652775,269076.4929023933,36.86255785324236,16445.543636146285,1.121314265463352,10.93582862760972,0.559792639421343,0.0
2453,450.59455832207453,0.13513433243175488,0.0003101938021626479,101.99172796769798,269195.09882127953,36.8800256104073,16437.13667457434,1.1030632619011123,10.955773927948316,0.5603571420985324,0.0
2454,451.7740225061751,0.12137061826334106,0.00031054895290129304,94.96576999215344,269306.73289187544,36.8588813462044,16428.7344735806,1.123462247857674,11.79081817397213,0.5645954645750033,0.0
2455,453.6117069899738,0.13374088971998965,0.0003110319180004002,100.38099395317911,269423.941209624,36.891210749455766,16420.33703050805,1.0838445108546864,10.777498128947338,0.5760497054319775,0.0
2456,466.3109937188715,0.10582667082935016,0.000311939585348106,92.35912980206518,269533.02437587973,36.8588813462044,16411.94434305542,1.1083190357202313,11.84433577780507,0.5745166121096476,0.0
2457,465.7799025201899,0.10865567785154928,0.00031258093071342405,91.88680956411703,269642.12436750164,36.8588813462044,16403.55640785305,1.125200239450164,11.963459167487459,0.5807109349943572,0.0
2458,465.60293569445173,0.11540049559126153,0.00031311474377229996,95.03725495396743,269754.27180174517,36.89073164002571,16395.173221066347,1.0992265577878728,11.743901318166452,0.5810766254096539,0.0
2459,474.08129117620354,0.09641701792335144,0.0003135771751171275,90.12558427338179,269861.5626859486,36.85517622341501,16386.794779368083,1.1169579794134175,12.544244714239236,0.5787891272770684,0.0
2460,475.6945841926954,0.08676028660628232,0.0003142243175266145,90.76710471784708,269969.8075438227,36.854418631242226,16378.421079605088,1.119880827637939,12.625844509983606,0.580491080103348,0.0
2461,477.2627341351719,0.08462119610717111,0.0003149641582691703,88.37981990216507,270075.8170686818,36.84921365620288,16370.052119489297,1.1256493513594155,12.661593577954482,0.5797666911225563,0.0
2462,475.20757177735226,0.09261073104533502,0.00031571533914660473,94.32964104319784,270187.8610906546,36.88128446285558,16361.687895748752,1.0997203397282946,11.266673421066118,0.5738972289976806,0.12732892269205465
2463,472.482692850751,0.09618969471832428,0.00031638108643988245,92.35610559333897,270297.87670302595,36.846347209945954,16353.82041450101,1.1235475465393403,12.073333192691441,0.5765948241851714,0.0
2464,471.6281479391126,0.0981441145554478,0.000317658894366004,94.21054391107086,270409.7633422602,36.84866343328768,16345.955038058246,1.1157016486568423,11.286778315437566,0.5780978899956803,0.0
2465,477.19407380201534,0.09040427161790965,0.0003190139812647263,90.9326302640055,270518.55051598145,36.84738087604716,16337.995279157787,1.1344587653171003,12.17622425591489,0.5782565113207347,0.0
2466,475.49104377341513,0.09835894350455798,0.00032042386712782567,95.53071970538964,270632.0629006692,36.866299555206474,16329.648469591042,1.1039090343786766,11.52404549549156,0.5782706936276141,0.0
2467,480.6889372716386,0.08524392548855342,0.0003217427592646459,87.82289091325805,270737.75234441925,36.84958663787495,16321.30638669809,1.1547493681943133,12.390631955783077,0.5799949826998231,0.0
2468,466.68207557608486,0.10648193107206516,0.0003231738884613911,95.07544933233346,270850.8873693255,36.89029070142584,16312.969012600075,1.100085494359985,11.861936820289788,0.6003944666121074,0.0
2469,469.1228129841297,0.1044641724906119,0.0003246645907315718,91.26063814762432,270959.78664822923,36.84738087604716,16304.636359695445,1.1393134858977192,12.902962837245163,0.6016476729132975,0.0
2470,471.276508822294,0.0986042159345144,0.0003258554971489828,93.43135752036125,271070.93678875366,36.88850292528168,16296.30842561169,1.1044093032431515,12.09308371087089,0.6022505274627428,0.0
2471,472.3310150622426,0.09974763595499891,0.0003271040765892617,89.03999066279488,271177.72695929586,36.84329687319391,16287.985206897632,1.147230577326294,12.891662847785012,0.5994449327650304,0.0
2472,476.18669357975716,0.09228319612336056,0.0003283290753754008,94.59788141374702,271290.0856745365,36.856368112613104,16279.666701179103,1.1013171692271546,11.860837253437486,0.6018551529961653,0.0
2473,481.0186678399413,0.07574484751076149,0.000329613102448261,85.29776198160255,271393.1957230029,36.84329687319391,16271.352905846874,1.1369492188099497,12.915132429495198,0.6054165302305019,0.0
2474,480.84311984023947,0.07586504834910657,0.00033104647281983373,87.3502336005819,271498.6014024492,36.84951095393922,16263.043818570051,1.1393437715029242,12.934556107824863,0.6071220150652761,0.05589201594339244
2475,483.3646608639893,0.07443505573601839,0.0003324614131886761,86.67350726401715,271603.3404145659,36.84951095393922,16254.739437281538,1.15198537824245,13.049766572437475,0.6083544562529474,0.0
2476,485.1449427628452,0.07617250587202917,0.00033387463302929165,91.64969243326053,271713.0790918756,36.87098112938383,16246.439759336798,1.096851592912602,11.732810723902986,0.6055709930942327,0.0
2477,491.71670864362886,0.04956209576104509,0.0003352617905995867,86.7123112992056,271817.8559656469,37.22941783640504,16238.144782198164,1.144260868554366,12.779122317347396,0.6062219212056477,0.0
2478,491.41488345491956,0.04794495495734963,0.000336905124791721,90.09759246424579,271926.3148526199,37.252395173905214,16229.85450322113,1.0983443095112488,12.138149967010795,0.6073025570794114,0.17466004698343696
2479,490.52032655185894,0.04514177516104212,0.0003385564077763776,86.25174501305246,272030.9287275759,37.230562165816764,16221.568920612108,1.1379306688237685,13.036272985617888,0.608177367795045,0.07696938546448706
2480,496.31989452121906,0.035729611796661676,0.0003402085182040195,83.69004649841199,272133.03132732457,37.23285327902075,16213.288031771217,1.1497548463105447,12.878350565798243,0.609397753903322,0.0
2481,497.8050337863159,0.03681102142162951,0.0003419418025151984,87.86771230176252,272239.42433616903,37.256561527170156,16205.011834103616,1.1038935401992256,12.363320814527452,0.6102497157432389,0.0
2482,502.740878986244,0.02403362552655819,0.0003436534094038468,85.12914565753546,272343.0193350834,37.23360592224049,16196.740325236382,1.1371786661914471,13.166410417489889,0.6096897927984618,0.0
2483,505.15008284949096,0.019455009213176777,0.00034547037132583207,84.2957980319437,272446.0321993947,37.23414717109966,16188.473502486175,1.1520671946820888,13.247705235704114,0.60970187134194,0.0
2484,503.58962280534627,0.03240408275593265,0.0003473155722866334,88.45576852944778,272553.2612811065,37.25711983230587,16180.30286642425,1.1041181560915512,11.335427489765436,0.6156639650191688,0.21360150882675555
2485,488.6748827894785,0.08487333472762637,0.00034901321850230963,95.97306012025541,272667.9114746779,37.248818579007995,16172.050199601304,1.1683965774839888,12.15246130997571,0.6075842977864568,0.0
2486,498.54647769660056,0.08774672663195904,0.0003501220262094016,103.81284259395287,272790.1552673728,37.285444756203276,16163.76603547373,1.145447821137691,11.55190285566036,0.6073024623154726,0.0
2487,494.59988044971783,0.09421277611497547,0.0003511960727096697,104.96576325441404,272913.7015736748,37.28298492054165,16155.486435481174,1.1620574625006443,11.511105954509729,0.6048521932685914,0.0
2488,496.95817930897863,0.08435074127364517,0.0003524115199095393,105.06318917245089,273037.4777823867,37.24998013680134,16147.211516814674,1.1600089729217644,12.461940231476266,0.6036778661412231,0.0
2489,498.18110668463896,0.08057793138270586,0.00035371379056748996,103.52818720538059,273159.929166353,37.26055618532493,16138.941493931763,1.1765014888931955,12.377175289130772,0.613462763054874,0.0
2490,492.7739163713523,0.08648264924277838,0.00035503123608119665,106.86179641763292,273285.7518204622,37.258887758423654,16130.67618466745,1.1744499999811606,11.580420521669309,0.6134378681800267,0.7341755360117652
2491,498.52280115945354,0.0710918597938246,0.0003563546825259321,101.93846828942793,273406.5423117194,37.27668456430476,16122.390742150608,1.1623390608589097,12.292235079477136,0.6196748953349112,0.0
2492,503.1071223047184,0.06256215132121856,0.00035782317065732465,100.78294373170837,273526.32299961033,37.278105602899586,16113.994280513776,1.1614726839522007,12.253035502104595,0.617726038291461,0.0
2493,502.02959986769366,0.061368827012716176,0.00035936677886270964,99.2887670205638,273644.7657090708,37.268375716536845,16105.43259434291,1.1701706137039587,11.40784909860984,0.6188564154005061,0.0
2494,499.79439540068404,0.06503609910553365,0.00036090477976180954,100.92438608380402,273764.83468550176,37.25740504129118,16097.01923012427,1.1522765333241987,12.190203816790138,0.615595863043071,0.0
2495,497.4799806579893,0.0692484607885413,0.0003623841497966484,100.27571453710988,273884.19093506533,37.270476724656504,16088.417445138157,1.1653789142028015,12.15823331285418,0.6162003708786271,0.0
2496,499.8025938014538,0.05962736121548462,0.00036380026146959896,99.39016298753258,274002.58866657893,37.267860578409106,16079.943192256367,1.159555544612671,12.106453851005705,0.6174284301760788,0.0
2497,498.7670633405864,0.06292722132268491,0.00036529965875183636,99.41919276203532,274121.11620992393,37.267212717774925,16071.507058616662,1.1618865353309342,12.050239779852323,0.6106527335838712,0.0
2498,500.076132002458,0.060325289738057286,0.0003667414692218192,102.84612162301896,274242.9729520574,37.262912139548824,16063.084994036048,1.1519201664485186,12.00385988881176,0.6128526549075181,0.0
2499,499.22003784795976,0.06748064384023689,0.0003681908328596509,100.53377253062848,274362.5396713587,37.26433116671284,16054.58894405406,1.1643532558402394,11.973774445645336,0.611294589188552,0.0
2500,503.6395090004484,0.06261373009219329,0.0003695459685371616,101.52429158609453,274483.0473208009,37.27078614779198,16045.933715980593,1.1651208482355733,11.940053825220685,0.6111508729737285,0.0
2501,502.0856094641177,0.06987465443187568,0.00037093552731697375,100.97027451783501,274603.06210134085,37.26684769956588,16037.295740344145,1.1564770019597184,11.378792675366483,0.6083295349392382,0.0
2502,495.147610142085,0.07960931466488586,0.00037223022595048996,101.72632235888979,274723.7006760733,37.32688658434145,16028.970049909598,1.1696848909230924,11.339537270100882,0.605443841292329,0.0
2503,493.40214931943115,0.0831526370854705,0.0003734044824473108,104.77179430642317,274847.1047281328,37.33709556725928,16020.634261133158,1.1580621572394807,11.85126261125272,0.6054566236211766,0.0
2504,495.24215671686096,0.07973130089246427,0.00037452510127554894,99.91486840060739,274965.5877372075,37.28270398214008,16012.1761167707,1.160370711679621,11.799227102465608,0.6104099807701464,0.0
2505,487.5876540518762,0.09503647562405548,0.00037566661076418237,104.22026844952084,275088.39097647596,37.29652929508418,16003.797012943896,1.153390663471012,11.74965930129971,0.6098148403734416,0.0
2506,484.46887731422197,0.10356791614811733,0.0003766296213631789,103.27040477122391,275210.0815043916,37.27373020015484,15995.446392738866,1.1599191750902071,11.695910078321766,0.6093998973621955,0.0
2507,484.4757434018309,0.09953088075038252,0.00037748758729277065,104.56948211564054,275332.98559034173,37.28361938508834,15987.09524191979,1.165742102489274,11.643774083313385,0.6099012900327347,0.0
2508,489.46297680119903,0.08849921890810664,0.00037837505582497336,104.46860751925283,275455.8413795363,37.28708293076822,15978.742861858915,1.1452709344844274,11.608693116674374,0.6085178925490945,0.0
2509,491.45343143384,0.08873591764711719,0.0003793662414561614,98.85677906382494,275573.1928073975,37.25751097318597,15970.408608027068,1.1805995982285387,12.436111501723564,0.6057768911810885,0.0
2510,497.3747843704806,0.0778555773898616,0.00038033550386787183,101.73978718103038,275693.4444163874,37.29440247540945,15962.131667178766,1.1560309553953134,11.640789593814112,0.6050030763413687,0.0
2511,496.4276051011043,0.08298104191708722,0.0003814110405914655,102.01623038690451,275814.1853034642,37.31031161466471,15953.854727739523,1.1546671305076135,11.608034367029445,0.5856427249625171,0.0
2512,495.38955597520845,0.08494975406677785,0.0003824169896360543,102.04319227539247,275934.8867791503,37.31787121760221,15945.533679158601,1.158892138754204,11.564609859928408,0.5926932139587442,0.0
2513,495.7386696731836,0.08246046458635359,0.0003833875517484677,103.02203024938648,276056.5525965301,37.29991697733432,15937.187926468492,1.1498291174457262,11.518478736932673,0.6185185852562507,0.0
2514,494.12386210957646,0.0756721075467901,0.0003843703671347904,101.30197447801766,276176.51190969493,37.28352828596814,15928.794079323847,1.1570315274163396,11.497902622193363,0.6176740690346335,0.0
2515,493.55305554761185,0.08193639442148148,0.0003854109236517794,102.67070378326301,276297.9203908355,37.327297841329,15920.510587243783,1.156080241299469,11.179358261764703,0.6144749328558808,0.0
2516,492.65852465321814,0.08732780563845777,0.0003863702585283689,103.04120999768656,276419.57550287247,37.322538824330124,15912.255756662094,1.163725214466311,11.405072865331833,0.6108285253063631,0.0
2517,493.84726540569,0.08571899731575261,0.0003872581190459172,103.09890864801898,276541.22020525555,37.30416254381146,15904.024163018126,1.150306000172425,11.378179362387112,0.610253945934574,0.0
2518,500.0293078661035,0.06739765258364683,0.0003881466769876983,96.61094946035978,276656.4000926788,37.25644322902772,15898.039557369979,1.1831972828473796,12.185507670668661,0.6124639360017342,0.0
2519,493.976674879062,0.0781885806914524,0.0003890983102759358,102.04764751006512,276777.2208572388,37.297480937498506,15914.904529891897,1.1592704949889774,11.389662842471472,0.6131370468187057,0.0
2520,491.4245425655245,0.08736418407726632,0.00038995231906176805,102.3588282427151,276898.1772983255,37.336215404422234,16246.278170559523,1.1442777937872666,11.331810161752825,0.609705467441523,0.0
2521,494.5614322538138,0.08353122204486141,0.00039069767340191113,98.4891428545679,277015.1926439814,37.26947232432458,16237.79056663658,1.1747197984069875,12.159526361475027,0.6075338490027319,0.0
2522,491.46589638596953,0.08467791848926842,0.00039144660156398395,101.78007649188433,277135.57337967155,37.32826783610226,16229.318661220956,1.146015951849313,11.351833281590718,0.6072933346277348,0.0
2523,498.71902673962006,0.07302775497883451,0.0003921963231505308,97.60751812734657,277251.7850579066,37.25760953544134,16220.805580949505,1.1623871888756108,12.174611203377907,0.6045489067345755,0.0
2524,494.0229176955317,0.07933044644853993,0.0003930409249789687,101.64270017388476,277372.2624729008,37.40051504671547,16212.380897900593,1.1530378025678512,11.361390728045546,0.6071348314123929,0.0
2525,497.99352246669207,0.06606446576373515,0.00039382220928930745,100.36892607936704,277491.3118171944,37.27668071339161,16203.936597234215,1.191799208825437,12.156028612653694,0.6083861465045632,0.0
2526,498.52083663835896,0.05958511158778357,0.000394827899677616,104.39434461588385,277614.8714642108,37.3305285745237,16195.781940752982,1.1695617220076526,11.366360994283896,0.608955737121134,0.0
2527,495.15247204209174,0.06399314413819346,0.00039596513372726816,102.6033292605098,277736.7394975859,37.3619648116722,16194.750692965574,1.1708283439799376,11.35391161020357,0.6117655977927577,0.0
2528,492.9044518890301,0.059183827484606155,0.00039703986113182814,101.75062283545944,277857.71461857704,37.34839349062788,16197.301088856633,1.1783263577951548,11.317859667940516,0.6043134468119592,0.0
2529,489.03000522265853,0.0700968055039296,0.0003981547400537944,103.88859779905233,277980.85925043485,37.40706365196083,16192.34773925216,1.1751523297866922,11.285950690786038,0.6049168823744723,0.0
2530,485.1668497879202,0.0807771458002492,0.0003991362594607069,103.64727740298201,278103.65030086,37.29422180696296,16184.158484350597,1.1766137812994326,11.213212992459228,0.6053481737480394,0.0
2531,486.4652049549726,0.0836243654455936,0.00039999060916726846,105.48684578622908,278228.13952841127,37.37743395275118,16180.554733336086,1.1646744508536548,11.194651836848859,0.6030177205484565,0.0
2532,488.0305142389524,0.07524960229895716,0.00040080309931756056,104.3327131373318,278351.44455408544,37.31946408456548,16181.26414441424,1.1790170548314143,11.176266704591727,0.6029426010611814,0.0
2533,486.8032291034545,0.07696493282843164,0.0004016913807404929,103.93808929193234,278474.4539411592,37.33263648761701,16176.16267574932,1.1810979916639657,11.158258572946304,0.6021391476052563,0.0
2534,479.43253504157013,0.09150676860290574,0.00040254827694748396,105.22455816242625,278598.73013187083,37.27978257913419,16171.76148518689,1.1772992146893746,11.117186789703378,0.6023335065113171,0.0
2535,483.94946592896423,0.08978236053543054,0.00040323933660272053,105.7607512157958,278723.4186772843,37.36744047392129,16168.627259166697,1.1715928158513926,11.091135209008518,0.6067026137761892,0.0
2536,480.2058035981907,0.09476692595213865,0.00040393937642614765,108.75036719164757,278851.12588801084,37.37118418911402,16164.289509917247,1.1738264946825288,11.05584390607293,0.6033319287855115,0.0
2537,483.4424847813113,0.09252568582316623,0.00040457339437501504,105.92377935620999,278975.8694630367,37.35818121416636,16158.531525508173,1.1840185178791616,11.027305181052357,0.6016768586781395,0.0
2538,483.1531416724654,0.08937104171146537,0.0004052104313432164,106.59781719936106,279101.2842460579,37.362527418189934,16156.451791500021,1.1736871640118416,11.016369048929395,0.6009600016513981,0.0
2539,487.45926941028546,0.09491086944039517,0.00040586943543126423,105.50752941438819,279225.6441461076,37.356454298968714,16154.262785551053,1.1871526685203133,11.025381895988371,0.574020259110592,0.0
2540,482.516750298097,0.10198926585979606,0.00040645774187377263,108.35804562670783,279352.8197586037,37.33391876313583,16154.010104886216,1.1757402485826605,11.018690013248879,0.5803039221665338,0.0
2541,482.61153781620106,0.09545408554510149,0.0004077073935001025,105.80715509852135,279477.52120293526,37.31572923296553,16152.300014373483,1.177790988242118,11.003855872349364,0.5806695829300023,0.0
2542,480.8199529401642,0.09571602654991762,0.00040900894324665064,106.18781928040912,279602.6296325658,37.262877446096155,16149.384740061178,1.1876762172517576,10.993757751981482,0.6053819603807387,0.0
2543,481.6833760528748,0.09667628051245702,0.0004102896983619386,105.41003238807183,279726.89750464924,37.255507984340596,16149.111799095963,1.203302334573379,11.004650213214708,0.604404514600112,0.0
2544,479.4939287004584,0.11521627438471338,0.000411610295594917,109.30888994680788,279855.1439953022,37.285159691849366,16142.1197912968,1.1919752290898458,10.803639489536033,0.6034903961879186,0.0
2545,482.5553023688251,0.10480871905062572,0.000412715380745627,109.19025043229081,279983.0914674562,37.38338303122942,16143.23781756806,1.1874053976505081,11.037731325595887,0.6023576429312639,0.0
2546,478.29716560704895,0.10486139186602328,0.0004139146201277877,106.95015818312498,280108.9099190181,37.390769348650124,16144.864131738334,1.1878069344416213,11.055979609952768,0.6015897411528269,0.0
2547,479.6047398948767,0.10461121666762596,0.0004150960274268236,106.85046570234846,280234.5730966573,37.383007884604474,16141.418423199742,1.1834429518823717,11.055510139075484,0.5852609104467996,0.0
2548,484.08523725015175,0.0937439765169853,0.0004162602363958682,106.39967970687833,280359.812661194,37.37460187327611,16133.378780497475,1.187379192289089,11.026869197820982,0.5990803671928694,0.0
2549,470.0367756054627,0.11929146328214557,0.0004175238201847717,110.24302664664643,280488.97867544,37.38602987788786,16124.884249279221,1.1849768571640638,11.035641590524198,0.5955491920807738,0.0
2550,474.34562309278425,0.1116165805544268,0.0004184971718862395,107.58949597859386,280614.8641474723,37.283143137273285,16353.945043299655,1.184606517875485,11.050054142768445,0.5993521911122709,0.0
2551,467.48356258750414,0.11724862402114777,0.0004195366977459755,105.83236120805182,280739.1041171123,36.8730561485678,16345.251264904291,1.1900803625646765,11.047032436627664,0.5898812017688216,0.0
2552,470.3743786104021,0.11993729762220517,0.00042050129697291305,107.6586428978849,280865.04530879506,36.88893929455129,16336.912266857682,1.1846193005086798,11.038237720024828,0.5886333586712842,0.0
2553,468.26967894232456,0.12270822957638305,0.0004214222718843551,108.34903571878452,280991.7408400792,36.87333750434884,16328.57958733825,1.1809604823878614,11.0466552717285,0.5882623209683948,0.0
2554,466.3707020425756,0.12213596028889495,0.0004223116605747385,107.18139322472581,281117.2169055331,36.885693861913026,16320.15072585204,1.1800664933147569,11.074718017890312,0.5879168597402314,0.0
2555,465.9028144717964,0.12630003799423728,0.000423192011905673,106.22999266296183,281241.6847653086,36.89091895111728,16311.58590609762,1.1851115450011542,11.062202268159632,0.5844183386539024,0.0
2556,474.992547172717,0.13530531207568575,0.00042401405912644317,109.65761310260073,281369.48355714633,36.94642266586057,16303.317080616622,1.1767784696270815,10.819538875218628,0.5841686609368733,0.0
2557,478.83901113866165,0.11876148165760547,0.00042472598566297944,106.38259584229769,281493.9724335612,36.93500433741702,16294.873026404228,1.1724868780784312,11.036430860481397,0.5865737985134519,0.0
2558,474.04531118905214,0.1223277843379661,0.00042560070832242425,106.8641357491706,281619.08519963117,36.93346875841065,16286.286601079635,1.1853364098916255,11.047871321144884,0.5858537061968456,0.0
2559,475.3545389044669,0.12188122606245178,0.0004264218787429203,107.13372445900602,281744.4169764022,36.93884953689878,16278.080130630837,1.1786058645870046,11.05242252685306,0.5466565814983544,0.0
2560,472.9269685458452,0.12706725048609913,0.00042723256475060326,108.16718253958958,281870.821142596,36.96499688095177,16269.767498230114,1.1800098254153364,11.05629699297264,0.5466086517315627,0.0
2561,481.30134365365063,0.11636128027360693,0.00042797348985050635,106.88819169805315,281995.86560436536,36.89608793587924,16261.459556280488,1.185036870614001,11.027207064939667,0.5442962669159731,0.0
2562,482.1340662912588,0.12252782897206349,0.0004288101089783024,108.8447417082656,282123.17807003844,36.9619925125832,16253.176595494615,1.180879680167141,10.78168131025031,0.6035891126428572,0.0
2563,481.1829174728775,0.12359895790862363,0.000429566941763438,107.30618087966263,282248.84279318113,36.88872696335643,16244.622833869547,1.1938998005583765,10.800817333990578,0.5962019375678548,0.0
2564,474.6343921590749,0.13335499355748381,0.00043041242724996585,111.64519298761192,282378.82099101995,36.939858533073775,16236.315965914711,1.176508921192099,10.73040973270908,0.5954646660297741,0.0
2565,477.77912292007375,0.11955392254286312,0.0004310261088781027,108.4988745298365,282505.4933363601,36.95596276480204,16228.134789838547,1.1860922086549208,10.769920189640533,0.602643770948924,0.0
2566,480.6431003595492,0.10646064092553342,0.0004319358437127915,105.53364867384177,282629.3840388687,36.9597471896719,16219.852891605326,1.1933929543124782,10.941886646987653,0.6015115966809944,0.0
2567,468.0400600025651,0.1708341172733404,0.0004328562879330806,115.32372122935362,282762.9536568289,36.923313074231466,16211.286946110406,1.1974468414624537,9.368023405964664,0.6006625194329419,0.0
2568,447.4523963322768,0.23705498344870346,0.00043319804836219444,126.21414516748038,282907.0791422259,36.91723827031228,16203.118941082299,1.2085690048832716,9.34734254638841,0.5977853948068172,0.0
2569,432.0755553850911,0.27850634539277597,0.0004327035825900896,138.53722158873074,283062.8625012635,36.95410905411093,16194.667976948884,1.2318943668279887,9.382198614692154,0.5950259599017115,0.0
2570,431.7294231020463,0.2728240757367876,0.00043189562048910114,135.74684796779172,283215.4126638324,37.064208302995596,16186.53314846562,1.2465839859977634,9.453261551459407,0.5924514049238937,0.0
2571,419.87764304612546,0.2904139166788129,0.0004311515686604193,139.02893714172836,283371.48254735593,37.038598546811414,16178.038814287012,1.2426281657645448,9.393884642667924,0.5901000972955095,0.0
2572,419.58632843039055,0.2878479300894563,0.00043013723330559005,140.24144091480636,283528.2686923977,37.22337705814839,16169.958091898234,1.2495526875299683,9.397277828784997,0.5877892177082351,0.0
2573,418.5790518075849,0.2844728756027596,0.00042923045206740733,138.01342035896982,283682.87920862756,37.15875779328233,16161.544115555802,1.2415290641389107,9.386282100807708,0.5855993580900347,0.03895718824212935
2574,420.4837118431819,0.278517240040554,0.0004282222074238236,138.11646949540926,283837.61628725403,37.05670906230003,16153.282792180285,1.2468397753629148,9.372888842504143,0.5835113730041614,0.03259562423383855
2575,424.54736538967734,0.26470066116189883,0.000427344942040131,138.46287694231842,283992.8123201012,37.11335931514362,16145.18653254303,1.2420335442296702,9.374965810231151,0.5815101986775187,0.03593729224095554
2576,421.68623570088005,0.2678945356414618,0.0004267599815272202,137.67511912404527,284147.5237148781,37.05652626114273,16136.721875374013,1.2535158495796195,9.387714438382009,0.5796133105203172,0.03541918779117381
2577,422.71768916956063,0.26261022691884384,0.0004260431854352943,137.53327795155332,284302.00193289027,37.11699888097885,16128.315750709802,1.2443179252688665,9.406994712308762,0.5778289486477572,0.0
2578,421.67399655468733,0.26246292784125225,0.00042549476821848346,137.83126641116723,284456.8796081742,37.02633985182537,16119.926323673817,1.2530334876733014,9.380818637023562,0.5761548355382848,0.0
2579,420.78068970551027,0.2622091451925195,0.00042479103124159866,137.5119061690951,284611.4293186077,36.98775869010405,16111.891586201236,1.2426842671042537,9.394743513729491,0.5745309713039375,0.0
2580,413.9948612712746,0.2729972359000935,0.000424245670052539,140.541960790775,284768.997998373,37.03934331557011,16417.306812930674,1.24714610301818,9.361993187178523,0.5729308674221536,0.043066295442400815
2581,419.25732542719004,0.26037296813856914,0.00042342370724891945,138.83170006867286,284924.56945527386,37.034680725453875,16408.69040139117,1.2516532173860242,9.396921262155612,0.5713751536915805,0.0
2582,418.30413535314807,0.2602105818784163,0.00042290863022912594,138.3913145701873,285080.0148484462,36.9785259550312,16400.13999816381,1.2546017379926162,9.382440075207636,0.569937725144356,0.0
2583,415.60126575966854,0.2643255514773708,0.0004222173177603897,139.08216291628852,285236.1499261418,37.05283618653079,16391.729189334856,1.2529445539128519,9.34426665265866,0.5685541215069762,0.03712504372560943
2584,416.998022436994,0.2593292491701453,0.00042168369368525334,137.54569639836524,285390.6530287569,36.90229914573205,16383.28012401371,1.2505022970048634,9.366196103053676,0.567196052736113,0.0
2585,416.5343168969324,0.25834472586555113,0.00042109513078189635,137.7594883312674,285545.47965350247,36.90281880887195,16374.872921931748,1.251397027054143,9.366032017180132,0.5659301783393753,0.0
2586,416.0258209458966,0.25736940753763193,0.00042060947596965357,137.59541166183203,285700.1440539914,36.87713918271931,16366.363842079982,1.2467103690509787,9.262183509640415,0.5647283934423076,0.08330279557164033
2587,410.49533541187964,0.2658566427408908,0.0004200308222203953,137.3502087445376,285854.5612281795,37.03281631918101,16358.748503332929,1.2568595285225905,9.24399544556596,0.5634635701580435,0.03402557609052792
2588,411.4311328469072,0.2636802084207531,0.00041947111684423593,137.46969234155193,286008.8498303123,36.877731461411244,16350.373691623874,1.2524078197458286,9.246896081787561,0.5622316854024978,0.03307445132941211
2589,408.95282141332893,0.2624261478211678,0.00041881488622260614,135.88712540918274,286161.828815707,37.302330402383355,16342.656670229082,1.2540866164873021,9.235546376890372,0.5610661190935258,0.03971996990000548
2590,411.0798888061979,0.2588216437113452,0.0004183067958002714,135.44837848582677,286314.26291673025,37.30699291824568,16334.119699976425,1.2577420228552276,9.289657827076615,0.5599459410198098,0.037123849311370805
2591,408.0500444248368,0.2621852650327351,0.0004177419989822068,137.17885566024742,286468.599948594,37.293199765718576,16325.457499697673,1.266055657184655,9.249930104686104,0.558953618194032,0.044047547396800724
2592,407.6238312876633,0.2619117258474729,0.0004172971126405373,138.58205501196784,286624.2058013861,37.287829509258586,16317.062208761374,1.2533274253039282,9.229196487428839,0.5579606930691308,0.04730521932582832
2593,406.8643130861386,0.26037649644054506,0.00041685876268270615,138.36891690228057,286779.6090827691,37.326523186866545,16308.309755961196,1.2491448132000367,9.211601125223272,0.5569916504192531,0.04496324984673805
2594,409.183444919838,0.2564580395546331,0.00041621663242163005,136.4029000513398,286933.0268765976,37.31275057239335,16299.847236319038,1.2621543906804578,9.21180280397498,0.5560485913283524,0.04927265664248992
2595,406.33767479327446,0.25596289608695477,0.0004158470527443963,137.24018101330324,287087.4045253522,37.67408557355288,16291.80237159143,1.2484153134805351,9.11237095276854,0.5551546361089421,0.048214186072208065
2596,406.93045399815907,0.255119287454446,0.0004152426767485933,102.49770069495635,287206.9307901295,37.709411648363364,16284.067219921431,1.067715289638369,9.113501272221527,0.5541754358281872,0.050717403954113394
2597,440.0384526760024,0.16021618386633907,0.0004144775287162616,119.79692007789123,287343.79555882333,37.57210153449974,16275.633989292664,1.2371990599967353,10.278842698953117,0.55324814441735,0.05317788265800516
2598,415.91881459877624,0.24249713760021807,0.0004144134320691564,122.8371122503982,287484.99549846235,37.58850720070234,16267.392446456439,1.1677351823541928,9.188175251457984,0.5539018411085707,0.14555019223689314
2599,408.88770649620693,0.2505488514971276,0.0004135121368469007,135.44457957477186,287637.86603406095,37.6125477422737,16259.58924515671,1.2330878559145724,9.183387168776932,0.5531021832007132,0.14175449266011242
2600,407.9683839293284,0.2510520592679779,0.00041278713825204985,136.49544962804083,287791.44132347166,37.60396330204997,16251.842750816953,1.2280632681559631,9.164357398018119,0.5523366173339316,0.14051791489751153
2601,407.7558285299808,0.24836386676144828,0.0004117924520180959,136.5605320394921,287945.0692402857,37.60995216153193,16243.82794445542,1.2303059771942662,9.16799262933556,0.5515850868688539,0.1379744941397405
2602,408.148215447888,0.2457349107487533,0.0004110893182871131,136.49170034367793,288098.6312128054,37.591583865002,16235.890042309707,1.2280220890047764,9.16299341235276,0.5508765210034332,0.13556469562790951
2603,408.02047181262196,0.24427518079364552,0.0004101391277299444,135.8340714052274,288251.59743186,37.60126705072135,16176.19560083407,1.2328787170795288,9.161693669464444,0.5501974273061838,0.1374152935364492
2604,409.606372790624,0.24093386273280015,0.0004094673284775273,134.3032022984848,288403.04294433736,37.56707965533668,16168.347027110807,1.2343506159045712,9.161210851757502,0.5495518387496805,0.13839253522998263
2605,410.25588082196185,0.23938736665334737,0.0004085639734255936,133.2585119879494,288553.545584237,37.549070245035466,16160.406036197506,1.2298779667727369,9.151442015064607,0.5489390198444685,0.13941787144733908
2606,407.7879982150877,0.24258820590326802,0.00040794217533800546,135.5804525719004,288706.41596681485,37.582921141197694,16151.957645742617,1.2270270859624934,9.216831473666781,0.5483451182251797,0.05937828375636656
2607,407.05109974458105,0.24261717745294575,0.000407024549034391,134.5386192956881,288858.147129962,37.55269502284015,16143.434968881138,1.2282908789969207,9.212677229353142,0.5478559143549446,0.06125623940446445
2608,409.1859976020324,0.2352478857223922,0.0004063663061408849,133.4336846474982,289008.7430592721,37.97032565600814,16134.923043977726,1.2228098658148916,9.19546524740744,0.547386967478285,0.0650927253383955
2609,405.74890203810855,0.2398317418731818,0.00040553168988738397,133.3650186951401,289159.3975951672,37.96271922308617,16126.514093223921,1.2242761176990666,9.188275081373718,0.5469203766936777,0.06414915189262516
2610,405.56066191457506,0.23932439936196426,0.0004046540109227751,134.23806909588717,289310.76280713815,37.98733076961644,16442.656112460943,1.2287426060933084,9.180819786422997,0.5464684964603412,0.06531914665005445
2611,403.833624334595,0.24110022218379745,0.00040377334275565747,134.6436625157421,289462.5324816072,37.981800347589854,16434.22320347196,1.244415295877249,9.152039456660157,0.546030560305206,0.06428051682080849
2612,402.1806816692027,0.24154246826989811,0.0004028729424588798,134.75693316286933,289614.3815028308,37.98457015447653,16425.509439131252,1.2227532850790188,9.13631681450824,0.5455774835273797,0.060605136270922344
2613,403.4561897703731,0.24007807546672177,0.00040204522755922213,133.49581637971158,289764.9158290234,37.97281061864203,16416.8929247653,1.2243853511649858,9.120007296061884,0.5451268203369108,0.062015773183528466
2614,402.5544847083006,0.23992371485556052,0.00040112622700158265,128.36272654197364,289910.3669766823,38.04497229610397,16408.382083424367,1.2003118643546067,9.119990025970656,0.5446784479374921,0.06252459990125203
2615,404.2855925831178,0.2413382993915103,0.0004001016520834514,130.20627224235963,290057.5516924751,37.972205299006546,16399.896468692456,1.2039561910793,9.108887732484233,0.5442535560634029,0.06211390090919622
2616,400.606372110367,0.24650246287122712,0.00039906471372704434,130.21958638767887,290204.84433566727,37.96669264420604,16391.10368842941,1.2164035191297038,9.09384962487421,0.5438362447404095,0.06039963061813225
2617,403.8520451938143,0.24166146822594692,0.00039820412561276567,133.9020239706711,290355.6534199318,37.963346467259605,16382.71913144952,1.2192446807099888,9.078391035346122,0.5434207640957113,0.06372739294583596
2618,400.33816445581226,0.24462234280135997,0.0003972360401729493,133.93268814563515,290506.7968002301,37.96621255120806,16374.146428421187,1.2240086971014918,9.078541400360612,0.5430072312485643,0.06235384779770925
2619,399.99021406619045,0.24265834592106317,0.0003962412814907385,133.44086242157059,290657.27836588694,37.968126690967594,16365.386458172825,1.228664609222531,9.076734499003557,0.5426153827235959,0.05938115842204539
2620,404.4421436288343,0.23678615690358817,0.00039521566080528736,132.95491290471276,290807.2698458339,38.02934328432538,16356.853784407494,1.2228132422500042,9.059321901617201,0.5422413162673196,0.0639442351067423
2621,404.1058216181625,0.2363935213271442,0.00039430976104950225,132.8416480539754,290957.38406973553,37.99897881321786,16348.339833868433,1.2308408122032355,9.05776720757323,0.5418647401827494,0.06533350780502545
2622,405.4444109078472,0.23345566901732828,0.0003933356555875421,132.4912012096355,291107.1421331493,37.98739526823212,16339.815333250333,1.2307881968961898,9.04517037581288,0.5415061708770986,0.06917485241132937
2623,402.7871727749264,0.23778272725253713,0.00039246834058933265,133.44054069429646,291257.9251626602,37.94628171331232,16331.302843591307,1.2276971321310854,9.038783856807182,0.541150544443928,0.06879476486806624
2624,404.4635106426318,0.2340103355691171,0.0003914901223114243,133.09402433961122,291408.2422024305,37.973212207685215,16322.603606884046,1.2241622543110449,9.096582637624325,0.5408052524260866,0.0
2625,403.6823350073215,0.2372338339755825,0.00039054981842784515,132.89665719238053,291558.4503139826,37.95949831428881,16314.462374756677,1.223270921117202,9.027836888591438,0.540543963634415,0.0
2626,400.6738461232765,0.24189764764919341,0.00038957768984270916,133.85498455010787,291709.59548273205,38.01753791012851,16306.863474696818,1.2249502672190704,8.954736030026348,0.5402063091464374,0.0701602681062603
2627,399.19434934892365,0.24261724865591272,0.0003885483603517128,134.46526962533866,291861.2087291335,38.03781987925866,16299.107171853571,1.220037494772729,8.9560995542874,0.5398009342023742,0.06886300522711153
2628,402.7230950918906,0.23503146538506203,0.00038750848145867176,130.87252944401766,292009.16253191535,38.045885187323606,16291.27168590534,1.230643471327313,8.941076933991916,0.5394184754835565,0.08219263939833965
2629,402.32915282861893,0.23640227698852945,0.00038655728641711956,133.08075426623122,292159.5036274735,38.02736503738348,16283.015268500912,1.228975139366643,9.019425120596036,0.5390384182785819,0.0
2630,401.9899670647165,0.2363100096231483,0.000385586011318571,132.71144793630006,292309.46896522073,38.02867407552561,16274.551203367508,1.23712049471456,9.056814764361288,0.5387691577207077,0.0
2631,401.21506832360643,0.23769092188406737,0.00038461936968098705,133.35500113538407,292460.0617967413,38.053029437352414,16266.09606414402,1.2321614572477397,9.038268618396849,0.5385635908231712,0.0
2632,399.2814839311863,0.23959298185510747,0.0003836655696786429,133.60037879245957,292610.91847865476,37.991665488140306,16257.6631177173,1.2211230389626881,8.97942401735385,0.5383449159836657,0.05324494721659789
2633,401.24654408408554,0.23377683048109632,0.0003826940833787248,131.53096349829167,292759.61261080677,37.97763849235845,16249.214485034314,1.236088927999444,9.039819831437487,0.5380687615702447,0.004342635312212906
2634,401.89980773285356,0.23325640411937953,0.00038178586742156957,131.44719217885532,292908.31437378743,37.96994372366554,16241.044447285925,1.2381703799140216,9.008081245813605,0.5378738475272988,0.021518760408582693
2635,401.5364743372458,0.23374268834654377,0.0003808748991400914,125.15395570222472,293050.73327206646,37.95172759284331,16232.639018793887,1.2126136992992893,9.000641219197306,0.5376562235705297,0.021720662960042603
2636,400.80096320143036,0.2407782532978282,0.00037991568242947197,129.9962776860241,293197.9629997953,37.98185703527773,16224.812231763806,1.2170243052941254,8.920782708131755,0.5374407366625565,0.0
2637,400.50698858442775,0.24072728937626542,0.00037892757492446094,130.8787479706764,293346.0399914851,37.943721130751,16216.508850369666,1.2298447615547696,9.003141247578354,0.5371287157820822,0.0
2638,400.38495800061156,0.24094253220520412,0.0003779774917568176,132.12416252700484,293495.3477114088,37.99695803582644,16208.134577283157,1.2290011545088462,9.001035530832747,0.5369417189500538,0.0
2639,399.87411265417467,0.2413262298404597,0.00037693961041651905,130.9595592687084,293643.49161720637,38.031356263669096,16199.557026916847,1.2212631050298486,8.992414879502943,0.5367623189061372,0.0
2640,400.0258744074451,0.2405088925135913,0.0003759860071812722,130.93496045421114,293791.5885754481,37.94336147606047,16609.006323863774,1.2267993293082142,8.91839988210703,0.5365815618154365,0.0
2641,399.94814444554754,0.2404572439064463,0.00037494822625343564,131.47614392406783,293940.22454177303,37.96967642905443,16601.49167068818,1.2353915483666413,8.865874524158263,0.5363134809308057,0.0
2642,399.8084448000565,0.23994409619849122,0.0003739135316919024,88.81870916688021,294046.2233410723,37.94218442466427,16594.010612300044,1.0169949566446002,8.871830059500565,0.5359907536343166,0.0
2643,439.53999307578977,0.13604867802095,0.0003723978836697322,115.25708384340558,294178.654333749,37.85638112490392,16586.300084885985,1.205884946163074,9.756427866869405,0.5356930783190333,0.0
2644,400.5618540819761,0.2480488983289847,0.00037196475781482903,107.91852800939016,294305.26422024146,37.99004425611851,16578.4708659167,1.101104043705494,8.815623577298878,0.5365751752532644,0.0
2645,442.92496422383033,0.1246830825183286,0.00037036882485206717,113.87200376841221,294436.3217895191,37.90181508641102,16570.382326134033,1.2124618573723904,9.877788302019916,0.5361759665340862,0.0
2646,403.48921802096027,0.2424134764325131,0.0003699973064285988,128.15240321715726,294583.30398777773,37.91329798896899,16562.260727015135,1.1884098490550512,8.884195064350457,0.5371952475099648,0.0
2647,403.24230662406615,0.24155952513522183,0.00036839799477144915,130.07439738764396,294730.61430649983,37.99623159087511,16554.439902142378,1.2116065820472741,8.890154755898008,0.5368568364367426,0.0
2648,402.63852061697236,0.24178922469489372,0.0003668135641223927,131.42117096180513,294879.2528359499,37.87800114155105,16546.48500338076,1.2031697282402323,8.884794413992067,0.5365442401771469,0.0
2649,402.33804631001607,0.24091719505897358,0.00036523425634909097,131.38889252764653,295027.84521704644,37.87661824127495,16538.63128302061,1.2121663089475285,8.887753676156706,0.5362412674449948,0.0
2650,401.6693687141306,0.24171776619209617,0.0003636727860097715,131.04636385529133,295176.093381244,37.9445817708843,16530.326169516906,1.212362413863586,8.922650492971778,0.535958381791958,0.0
2651,401.03010059286487,0.2429072758897447,0.0003621090713200462,133.44331416758288,295326.72143009637,37.94473428685363,16522.25810628024,1.2039380380944729,8.857253233481584,0.5357365916500831,0.0
2652,400.7478658642359,0.2419268961384311,0.00036053985474149747,132.3417324702368,295476.2345395421,37.870252637736314,16514.046463083272,1.2105638577739704,8.860733704741895,0.535440867038614,0.0
2653,400.14932633435,0.24251399608857516,0.00035898613934072043,131.43764485118365,295624.8324444398,37.86563950160492,16505.580771060308,1.1962296310251086,8.922705276783306,0.5351655567996962,0.0
2654,399.70799581002797,0.24255682967866665,0.0003574230969599386,131.59918539343087,295773.57744778425,37.852493133420296,16497.09606430877,1.207938413215146,8.923461244066148,0.5349865876994652,0.0
2655,399.1774981138182,0.24370992975222894,0.00035586621276793645,132.51308945453584,295923.2209464324,37.91696666124638,16488.418401184852,1.2049843262357363,8.95922109786509,0.5348185653286947,0.0
2656,398.82221689623077,0.24315691610619783,0.00035430752388070856,132.0570003836544,296072.39403670555,37.87993105672689,16479.746237211068,1.2078270821648058,8.940961418902953,0.5347069907555645,0.0
2657,398.67367916052876,0.24269332064166083,0.000352780032690156,131.68508655853026,296221.18354861025,37.85117704203953,16471.002461288354,1.2056073851064204,8.947529517367805,0.5345779468660193,0.0
2658,398.5184865939983,0.24242282766315593,0.00035126344982659973,132.07419448052826,296370.35787356336,37.91170514041013,16462.331020041773,1.208766049023182,8.94582153985679,0.5344649783799842,0.0
2659,398.42082845551363,0.2422984032798433,0.0003497531352425609,133.02617280639885,296520.4803305403,37.872191479926194,16453.66329291098,1.1946467321288006,8.936794752137466,0.534356385669655,0.0
2660,398.2234122806577,0.24125756092652362,0.0003482465398159502,133.33494022460852,296670.91067083733,37.94990891755228,16445.018754284145,1.1943890906170422,8.934304168277368,0.5342423182720859,0.0
2661,398.11468913808505,0.23950459459292572,0.0003467573382341453,132.52358800020232,296820.5158748141,37.914231770744856,16436.33308042738,1.2052277428415954,8.93464536025882,0.5341316507096362,0.0
2662,397.75928389332717,0.24023250454810696,0.00034529481983739275,131.75214740890843,296969.3371998989,37.91471205689845,16427.609649720744,1.2160216578489547,8.935706808539296,0.5340279363258325,0.0
2663,397.5475531482646,0.24417906252022203,0.00034383328535283954,132.1605903102899,297118.55438824877,37.96863348485025,16418.894874683756,1.197801474917656,8.909052795493524,0.5339317711779351,0.0
2664,397.35461773555284,0.2448730737115693,0.000342330505261195,132.66136658672713,297268.2733670049,37.98294090268885,16410.265851911594,1.1972845843916626,8.898319491321406,0.533806309843579,0.0
2665,397.24452051985736,0.24458965556622736,0.00034081324484071436,132.08772505358388,297417.4092715476,37.92410842706625,16401.573702585323,1.2037292755711217,8.905806936837433,0.533673974704483,0.0
2666,397.2084456048838,0.24462108462144394,0.00033930902351988557,132.25791734306478,297566.7043403459,37.9460273847727,16392.957333406026,1.2087725389137878,8.916160915401598,0.5335590839069857,0.0
2667,397.01121888296706,0.24544310095942856,0.00033781064922088557,131.24174554860176,297714.9834155034,37.921732986832126,16385.075260979345,1.2026200833442506,8.803438748607315,0.5334645285761084,0.0
2668,396.6883948697057,0.246306949095647,0.00033630958602155184,132.62440967027493,297864.64094482514,37.90103979046406,16377.192471631906,1.2092315298599265,8.79533017167639,0.5332273579498729,0.0
2669,396.279690094515,0.24756816576567453,0.0003347887917490802,132.02763488989015,298013.6882526203,37.81994450957481,16368.841336701358,1.1972131521561935,8.864700120519124,0.5329923978632333,0.0
2670,396.30371464238533,0.24732569889856904,0.00033326355306267886,132.76656603331645,298163.4631569983,37.87216634464024,16651.465689857087,1.1967973697024779,8.91736293077936,0.5328614727042463,0.0
2671,396.42812160929066,0.24653821343196702,0.0003317496710670207,133.0679187785331,298313.5325282433,37.89701151176824,16642.869787157797,1.1953803048121208,8.844883022006808,0.532807356520783,0.0
2672,396.49008365807646,0.2456375515493604,0.00033025974380337605,131.24169822798106,298461.79114980635,37.880729189045375,16634.63137789021,1.1966717494265267,8.85916987705469,0.5326615317666162,0.0
2673,396.71521200570675,0.2449926174430881,0.0003287874018307456,130.20862302544646,298609.01463038154,37.83101415216797,16626.066130853098,1.2050143583095099,8.878940148915307,0.5325427759125074,0.0
2674,397.6076808935337,0.18851819822583082,0.00032732599338476193,124.85380406415939,298750.888086652,37.822164211483305,16617.869677223167,1.1943831267892944,8.899135376970419,0.5324569378363896,0.0
2675,397.8635726071679,0.2429088051491216,0.000326473646451884,131.64785739832863,298899.57355855044,37.86694586419193,16609.53239921807,1.2057100897366737,8.920125213668149,0.5324029157478325,0.0
2676,397.76590628163717,0.24324400146195935,0.0003250430848299887,118.45771115960464,299035.07466269203,37.87435723784576,16600.960744843473,1.131037631137849,8.910961165037984,0.5324568949872122,0.0
2677,398.17523493671706,0.24762322510923584,0.00032350271277505765,128.43818571382099,299180.4622055866,37.89832679431951,16592.334344586096,1.179619156931806,8.966920367434122,0.5324970088717345,0.0
2678,398.304287814591,0.24583429435678206,0.00032192274921461915,130.2034864138455,299327.71493462997,37.89195627545961,16583.66530691868,1.2034593825993416,8.899513988853684,0.5326096315387566,0.0
2679,398.09245574121564,0.2466868329474714,0.00032036903020791726,130.12394204452815,299474.8812738629,37.87756330452584,16575.208551306416,1.2071845667724108,8.882996382062336,0.5326287969704533,0.0
2680,398.08369444474687,0.2468363525232795,0.0003188132628903553,131.21123124181065,299623.1308233192,37.90453358414515,16566.66005254595,1.1977086422012169,8.89709131610357,0.5326261648352995,0.0
2681,398.1787571952,0.24618574338784127,0.0003172626874762038,133.06268585708,299773.2350715195,37.82530887525884,16558.255121148257,1.1918543082156643,8.895417480335148,0.5326431062742932,0.0
2682,398.3479564768035,0.24525067582398596,0.0003156946285889568,130.59519702760946,299920.86057222896,37.92668217415221,16547.0675075452,1.1959810905938342,8.86049846103891,0.5326578850470847,0.0
2683,397.7166131051122,0.24586268087660068,0.0003141437728366251,129.75792345841995,300067.6550606213,37.847670270522734,16539.085475238695,1.1792288299362594,8.84545100767181,0.5326268680512795,0.0
2684,398.14316399962456,0.24818171212921425,0.0003131117959490761,128.1661237238366,300212.85969848867,37.78742144352414,16530.570087337,1.189024286125439,8.928539595377796,0.5325785055952207,0.0
2685,398.50343620250237,0.25018803021636804,0.0003120574167814872,129.7545785930478,300359.65330220514,37.750048051731284,16522.22039984984,1.19465101567051,8.966415471225684,0.5326427822240019,0.0
2686,398.79885109855275,0.25044822601445826,0.000310984239919166,130.43563592073548,300507.1226556718,37.760023525130755,16513.68970392198,1.1925725722812832,8.958552760353122,0.5327545311818318,0.0
2687,399.3203727299668,0.2493329236025822,0.00030991131611717335,129.6188568338974,300653.76954717183,37.74484662020949,16505.010987372214,1.2117909018293287,9.016958882028542,0.5328511782430421,0.009996526658259342
2688,399.68956770713334,0.24620432276588777,0.00030885279024110766,124.52112686908328,300795.3194556064,38.161976156504494,16496.3319471866,1.1572296110161966,9.0405397443839,0.5330221651166483,0.0
2689,400.3354946249803,0.24903522371568243,0.0003076176563576738,123.83186697391884,300936.11752931186,38.11614724540072,16487.562761449983,1.1662065327635638,9.078722885420065,0.5332149167391358,0.0
2690,400.811423322143,0.25126450566792746,0.0003063573410713433,125.10120299015371,301078.176115599,38.229350193586065,16478.820044272114,1.1567317411356122,9.075677280639015,0.5334490445644098,0.0
2691,401.14584796430245,0.2525619147275878,0.0003050776855859102,125.06027712417847,301220.19841818523,38.200787199108085,16470.114299367295,1.1657552882197777,9.045293621452672,0.5336682126333865,0.0
2692,401.217078220785,0.25359439647432735,0.0003037895896589945,126.56920969054642,301363.72303207254,38.11098767348204,16461.362587643576,1.1656444806586739,9.102283014816761,0.5338372006669244,0.0
2693,401.58747153171606,0.2538891604860035,0.0003024946980455395,128.58014076374354,301509.24759471085,38.08682350860496,16452.633002616327,1.1694150189756365,9.070097799574937,0.53407348401461,0.0
2694,401.77557080733106,0.2541910137008866,0.00030120193674823325,128.92437198206503,301655.12223468587,37.69568307327179,16444.01916460849,1.1767400786032716,9.145275807111805,0.53425634036376,0.0
2695,401.70895242650863,0.2537140668090926,0.0002999105105295963,128.54991836255414,301800.6188738646,37.75005117210901,16435.476347523454,1.1756765547471784,9.041642357631732,0.534529708468705,0.0
2696,402.0271542865935,0.25184229240254663,0.0002986271528160141,128.09600279431245,301945.6472761923,37.724815386330484,16427.29021641362,1.1873411870975163,9.05259151031102,0.5346537646896733,0.0
2697,401.87779141083087,0.25211226861851455,0.0002973650290316831,128.40417585443117,302090.98886491696,37.733110587250344,16418.980560133277,1.1846176412805907,9.033030545538864,0.5347867811428348,0.0
2698,402.06972044268315,0.25061413470926597,0.0002961038935151422,129.0451743547751,302236.9638812426,37.723139863152674,16410.635584781507,1.1839165527413118,9.042575816748824,0.5348881602224762,0.0
2699,402.11233254988105,0.2503577215559828,0.0002948656888184662,128.98024028945244,302382.8794865261,37.78110897763886,16402.29821849966,1.1648182639008875,9.067745899430808,0.5349977855844192,0.0
2700,402.28203834932407,0.24938659314070177,0.0002936350456283577,129.4981520142469,302529.31107297895,37.77256555289447,16393.58124910414,1.1698445735999305,9.139664342675196,0.5351357932661104,0.0
2701,402.6259815784724,0.24708601532647245,0.0002924026649061804,128.60365475262893,302674.82572174794,37.85782495658708,16384.968989503635,1.1741232525270187,9.12101254067398,0.5353622511057459,0.0
2702,403.08323681058505,0.2457620404892955,0.00029120258989374784,128.85786964641943,302820.6140747758,37.89461678021547,16376.36627598588,1.1683004967809971,9.102348835917525,0.5355535344826593,0.0
2703,403.17162850420226,0.24575080605631194,0.0002900414496365715,130.70114035277268,302968.2527950383,37.85635653906497,16367.65871474723,1.1639734028605446,9.096221696978509,0.5357113945167352,0.0
2704,403.95874770498875,0.2427940779805995,0.0002888962259282845,128.9362074302367,303114.1198087828,37.87223469143145,16359.359087689007,1.1641790700046983,9.089949553243063,0.5358540040646693,0.0
2705,404.48004165760494,0.24078357769699543,0.0002877837577365181,126.7581644522972,303257.83503517776,37.76553116065441,16351.053231085636,1.1849272797944856,9.106015708195027,0.5359819357070872,0.0
2706,404.8699017082433,0.24118269254338853,0.0002866882398669625,126.69517048800557,303401.49264875735,37.762931314821365,16342.359175565485,1.1911330563491085,9.170805749896543,0.5361253134973111,0.0
2707,404.9251222108753,0.24151419760966186,0.00028559211161888345,127.3583383666882,303545.8267901246,37.76272527268019,16333.670777217769,1.1786405894145624,9.18589034166358,0.5363474565435007,0.0
2708,405.1646015985372,0.24160915296641416,0.0002845463622302132,128.40242536687936,303691.2714777983,37.75851780975647,16325.026624199378,1.1739576168914647,9.211020382525934,0.5365789922121769,0.0
2709,405.8555726410837,0.24026274317680862,0.00028349998192091756,127.92601639222232,303836.2447397459,37.76538227844232,16316.383654600733,1.1701865603132635,9.211822098678583,0.5368326559931604,0.0
2710,406.19324786827565,0.23942241709506318,0.00028244177869210085,127.63137089561044,303980.9285713554,37.77382260630562,16307.746762359488,1.1760177425303697,9.19739868578898,0.5370753172506427,0.0
2711,406.2850096542589,0.23958941237982878,0.0002813835884499895,127.23068339145037,304125.20031325554,37.768777208075505,16299.1055577316,1.1763691074284375,9.18325748383486,0.5372874924250745,0.0
2712,406.420148721942,0.2404334496559013,0.00028032720888590036,128.39327272957752,304270.6309497667,37.74920651999138,16290.444187477315,1.1846772363241171,9.188020435035547,0.5374710829926292,0.0
2713,406.3177026045293,0.24102397121103492,0.00027926580141693705,127.88943089096227,304415.55766915093,37.75477961100703,16282.018253652788,1.1718341106754242,9.141731341029855,0.5376523950172852,0.0
2714,407.00455548119805,0.23901926408809382,0.0002782030158258204,128.44929701804767,304561.0410809494,37.80419177025363,16273.356598310838,1.1734596244313331,9.218824841123675,0.5377643709762373,0.0
2715,407.3490153455676,0.23807513970345107,0.00027716431916354194,117.67530226828976,304695.7701481131,37.64478337190659,16264.744443737969,1.124354901794676,9.24265596495717,0.5379728293211047,0.0
2716,406.4589844957926,0.24278530492590755,0.0002760009279919068,121.58240568174838,304834.34248341,37.71996371145369,16256.247817975905,1.1321807519558214,9.152670763689413,0.53820282502723,0.0
2717,406.48014612275995,0.23925990495381289,0.00027478452588851603,124.60033391331106,304975.8987904399,37.73924469656386,16248.034382553367,1.1494844231540733,9.174351576962717,0.5383035235297903,0.0
2718,406.7616133649386,0.23962172032098605,0.0002736121036551363,124.86229803444985,305117.70401630073,37.62446359485776,16239.786267915439,1.1572705314948364,9.204712380546749,0.5384283516316636,0.0
2719,407.3362803536114,0.2384638818166962,0.00027244233634485737,126.02465763210768,305260.8514330684,37.69031033409593,16231.537786273755,1.1572667390626408,9.169813910806356,0.5385875077944763,0.0
2720,407.72333742842295,0.23749197317256043,0.00027128891638407513,125.38919186912648,305403.3763387275,37.70353539512104,16222.905059457757,1.1594167061335743,9.194705020788886,0.5387701438003896,0.0
2721,409.4119744616687,0.23616632450590558,0.0002701492892796511,127.68608684208297,305548.19687294285,37.699464724399505,16214.276909981969,1.1507475226946322,9.223860463407359,0.5389769858519816,0.0
2722,408.7399599672387,0.23537043812465952,0.0002690290007311539,127.07779737861259,305692.4255048614,37.70458572173446,16205.669759120425,1.1542736293657494,9.179190601044443,0.5392124175100298,0.0
2723,407.80451655780416,0.2359789234958949,0.00026792388990709245,126.72637290674015,305836.2859115763,37.71618356931705,16197.126958188554,1.1656894028494225,9.18430933124537,0.5393778626222336,0.0
2724,408.14189085163054,0.23508127281839208,0.00026681888556355916,125.288627481417,305978.6892491519,37.66644710593117,16188.506769113068,1.1776619890106912,9.189584586839333,0.5395423480203301,0.0
2725,409.5754466034999,0.23406356624045177,0.0002657281104419754,124.95916970463573,306120.76486207126,37.584896564907574,16179.894743330728,1.166190544836256,9.191378912305307,0.5397061224968396,0.0
2726,409.78268463720065,0.2341018647147306,0.00026465088059847707,126.76515297894514,306264.6685304002,37.64934822592266,16175.220688573529,1.1596150578189401,8.622313811094594,0.5398646367382877,0.0
2727,410.09168625184844,0.23307250464930473,0.0002635776234741557,125.06490020494516,306406.8736193675,37.64180023688565,16167.479518751941,1.1585602501769345,8.646293728780972,0.5392671028281417,0.0
2728,408.52195207973926,0.23519967175273415,0.0002625184590057916,125.91660344095187,306549.93628927635,37.62740036232772,16164.334733041165,1.1646339527521226,8.630054221096746,0.5387318826310614,0.0
2729,408.58954921477437,0.23461575204013407,0.0002614408939150939,125.69164073852257,306692.73398467083,37.61989615989589,16160.856184214847,1.170065034789562,8.675333940653253,0.5382029289267989,0.0
2730,410.51661813271005,0.2327654255066376,0.0002605089971113544,126.40003985103417,306836.2798049584,37.65021411583028,16156.447283481768,1.1782564157536801,8.757534765162763,0.5377608717690965,0.0
2731,410.4277338808217,0.233494703366791,0.0002596000829751559,126.8190385223991,306980.2450063415,37.604036755276475,16148.051211525182,1.1564933272200362,9.388020348160957,0.5374499121253843,0.0
2732,410.7636207597115,0.23291214542953598,0.0002586770926629566,124.77269593089447,307122.17547792057,37.60433601868737,16139.659979235901,1.1624693897976706,9.388967406539747,0.5379847923970666,0.0
2733,410.6005253058075,0.23468784482003768,0.0002577745172132702,125.94296743128733,307265.2752221505,37.70768424697377,16131.273583644192,1.1673042238337623,9.379593877931509,0.5384946083621344,0.0
2734,411.10781151325773,0.2337992807606729,0.00025685976663347937,127.04657061337062,307409.4602219069,37.80274790490092,16122.892024721541,1.161538611784761,9.370104756424489,0.5389670328283523,0.0
2735,411.23715060091513,0.23363121513441687,0.00025595774776449785,125.84390232685473,307552.4577145315,37.74560599133356,16114.515296946485,1.1487548304499628,9.369384913603662,0.5394037870136451,0.0
2736,411.67383690769213,0.2318053283833209,0.0002550451182506284,126.13066715603424,307695.7375118745,37.78808011317192,16109.478465377668,1.1513153936621243,8.816629890593553,0.5398181954544612,0.0
2737,411.99632758680207,0.23115860688805512,0.0002541583455956679,125.75342583133938,307838.641463674,37.780019815675374,16101.722648431009,1.159954202057253,9.111009114657902,0.5394850924430235,0.22093659005184563
2738,412.1583353747777,0.23111826247111988,0.00025328210527052284,126.29996977882203,307982.09116553265,37.76667019573385,16097.563597524197,1.1539449721938222,8.859355299128314,0.5395898268505127,0.0003932035495957109
2739,412.37149916162224,0.2297636337676121,0.0002524095887927682,125.43868465261629,308124.6766020449,37.80522878920694,16093.704933515146,1.1464595846182442,8.831492872516579,0.539325620088503,0.0
2740,412.58943880226917,0.22933523335975137,0.00025155518596085396,125.03724226374368,308266.8585906556,37.673287092988986,16089.032735450077,1.1542250263765181,8.93198134642857,0.5390386307050219,0.0
2741,411.91774103217426,0.22958864781883948,0.00025080695320796244,125.08010125654599,308409.086439713,37.60339376603581,16083.262724864917,1.1627404840279607,8.884375175233407,0.5388989342948104,0.0
2742,411.3988321824191,0.22962189303905334,0.0002500577575337316,127.12478032431618,308553.34987835126,37.6770406094338,16077.867412461257,1.1558696842466298,8.931503784659142,0.5387042661068374,0.0
2743,412.1128764713708,0.22711985500417242,0.00024931047919452324,124.57273648014848,308695.06272702396,37.68522362649824,16072.674261414491,1.1587938277017775,8.97407851479758,0.5385820366322283,0.0
2744,412.72519251467344,0.22670014249319115,0.00024859033769179497,124.61289707869355,308836.823435234,37.636252531528356,16067.281516914401,1.1634405961316092,9.015048159253961,0.5385993489262024,0.0
2745,415.3093798634765,0.22442961621299617,0.0002478772803317372,125.8580836725436,308979.836915643,37.725322293962435,16061.71843157751,1.1456028930072206,9.08914652087352,0.5386703080103303,0.0
2746,416.0505252861589,0.22238753820266566,0.0002471906546093093,124.64733328772859,309121.67598373553,37.65280213716183,16055.929190524306,1.1610177912693729,9.131940102145276,0.5388357913838611,0.0
2747,416.75503907040877,0.221044621159464,0.00024652836817413645,124.5696519561599,309263.44175127643,37.71067994125584,16047.53926749433,1.155723716131634,9.660277588902174,0.5390498422781482,0.0
2748,417.47083042055647,0.21923520473409552,0.0002459440847741508,123.74730744755925,309404.4029056291,37.71276829432979,16041.395564046543,1.1591459347758688,9.17898735695859,0.5399488086800329,0.0
2749,417.7847797226849,0.21911357647954233,0.0002454115864789741,124.89235673203446,309546.5285367467,37.78688431476063,16035.331365661157,1.1494669666444834,9.207597204164669,0.5401698300515643,0.0
2750,417.32804988649815,0.21849454216083308,0.00024485302806109594,124.98742783082707,309688.7495228053,37.73619803664524,16029.055576752431,1.1533780681185315,9.172060726152273,0.5404179251041448,0.0
2751,418.942092618216,0.21672870631679475,0.00024432694760788155,123.3050346812118,309829.28605522285,37.68014867059387,16022.380880721881,1.1500365003564843,9.275985210447285,0.5406073282236608,0.0
2752,419.54168142751445,0.21528528650004441,0.00024372795013900342,123.61054882485769,309970.14019424224,37.746740574191776,16015.839917652314,1.1573203946713864,9.303761792457873,0.5409244735326767,0.0
2753,420.2531138601965,0.21389775846031722,0.00024354010163306263,122.82534752596068,310110.2721772868,37.68178840521405,16008.050137771263,1.1614663815975736,9.334369113307677,0.5412627291064942,0.0
2754,421.2249203591098,0.21246069046151483,0.00024327409789962312,122.0379646325121,310249.62933429517,37.613286834761546,15999.950233775144,1.1480841322730173,9.31179177842425,0.5416247461783532,0.0
2755,420.79278118120067,0.21201739730874514,0.00024318570654315722,122.4156238022189,310389.37666470505,37.595134399567016,15992.941874527984,1.1589787135836578,9.283068078350292,0.5419393455527609,0.0
2756,420.73553056341655,0.21218048401242084,0.00024293386768268156,121.77468185467878,310528.4676639394,37.536123638635374,15985.881093992166,1.1656506200018704,9.32890165344892,0.5422008231310615,0.0
2757,424.1926920075983,0.20916072983418177,0.00024275299793167832,120.74921600441718,310666.5365432143,37.174272080511905,15977.44028743952,1.1562032600796277,9.87937595410918,0.5425099407471401,0.0
2758,425.0823316330963,0.20865031608647844,0.00024269524192483834,121.57538542955565,310805.4713101501,37.222145267991465,15968.99332309047,1.1444009232318328,9.885173120593603,0.5435282161224363,0.0
2759,426.29231579499833,0.2062552657924106,0.00024242922620425255,120.61726242845403,310943.45931116526,37.26326367782987,15960.558250960788,1.160494021659601,9.90281665193691,0.5445032738503315,0.0
2760,426.80814885079707,0.2059979176736898,0.00024229618434142317,119.66438933053371,311080.4886846851,37.21659070322758,16343.006158966562,1.1484114419032614,9.475279029900332,0.5454528568325635,0.0
2761,427.48026353567934,0.20529455140530162,0.00024214806461160722,118.1323710108999,311215.98581333365,37.14247020510383,16334.399974932638,1.1565049459610368,9.500851281781282,0.5457925285790294,0.0
2762,426.29056079402216,0.20779697744868586,0.00024203964303186242,119.5451729752011,311352.8951938235,37.11020874032594,16326.456747618578,1.1435767813133324,9.460982317632729,0.5461491602621548,0.0
2763,427.8595472347086,0.20697874450017917,0.00024168435562503944,122.36738608966164,311492.6185201036,37.250651413041176,16317.813923114789,1.1571770003159516,9.915908754834897,0.5464357907797351,0.0
2764,426.88319557866527,0.20775813497124596,0.00024133455375111365,122.30239389868058,311632.3052881494,37.270218679291546,16309.167088156733,1.148115112049629,9.910003860344409,0.547306916488089,0.0
2765,427.24018365687687,0.20682237839153328,0.00024097322413559782,121.18678365077284,311770.86653472885,37.25457425176071,16301.64082216962,1.151223392768837,9.517596814361642,0.5481267612902228,0.0
2766,430.6426609504532,0.2032105960483619,0.0002406187321488696,121.2965810147727,311909.54087536276,37.24120065801644,16294.25977362753,1.149438682665396,9.618135928675198,0.5483893932288264,0.0
2767,431.0729773010777,0.2053967693423021,0.00024030908446570008,122.01374477591017,312048.9832758511,37.219290089960424,16286.88741677181,1.1516768224699623,9.639821978955869,0.5487714388607969,0.0
2768,431.6537757990294,0.20379660611169326,0.0002399745185341893,121.20145815029045,312187.62270602735,37.13405144826393,16279.45353402071,1.153146853899837,9.663046107002517,0.5491631264029285,0.0
2769,431.9191629049848,0.20337827976147294,0.00023982463989570896,121.01827011060799,312326.11393185856,37.1218175244295,16271.799825375849,1.1458362354613854,9.679429658227802,0.5495659841078089,0.0
2770,432.2026590410649,0.20330100000016815,0.00023967617280812168,122.02388805517626,312465.6100189252,37.14775721653233,16263.1315350148,1.1513967054549674,10.055643316139767,0.5499704396596781,0.0
2771,431.6993830050864,0.20360079618883797,0.00023952355413829922,121.3171931227959,312604.3953248061,37.10186544477023,16254.469860439618,1.1317876615238893,9.9605717859241,0.5508498113869704,0.0
2772,433.69339399785537,0.20011242161680354,0.0002393628278843525,121.30610331335491,312743.1610345342,37.1266364738684,16245.776862667748,1.140439132056448,10.069436069857625,0.5515600941092794,0.0
2773,442.8147430931547,0.16838951286585635,0.00023923438487673514,113.90451497538398,312874.5504765372,37.05817259255137,16237.105708345309,1.1486344163195532,10.29019851123598,0.5523781037301543,0.0
2774,442.71346221702237,0.17078547982502212,0.00023944801384737712,116.12889440235983,313008.4864922204,37.07002900665262,16228.449097184402,1.1364966434796464,10.279050999820416,0.5534456097095949,0.0
2775,445.2079649447626,0.16206816360736642,0.0002396330572368691,115.06785172650962,313141.34809184074,37.043679760210736,16220.524929444753,1.1580565133653922,10.022892897324084,0.5544449002069717,0.0
2776,438.8630975326337,0.186948373748843,0.00023989856440366912,116.96917242582688,313276.18175981485,37.031251807983125,16212.95232578179,1.1505899607373904,9.869785530395145,0.5550570463353774,0.0
2777,439.2707474753927,0.18716163914434958,0.0002404631838733917,118.30375825172077,313412.1802245353,37.068012454143165,16205.284238085218,1.1449199448904015,9.888716577670563,0.555437130551762,0.0
2778,437.73671281324266,0.18910866844101715,0.00024102060390415384,118.52777100173117,313548.387392687,37.09724880604257,16197.513107260045,1.1553187305445416,9.81022096430587,0.5558231849048105,0.0
2779,436.72042011408337,0.19054142543366193,0.00024154691662722438,119.31781383026626,313685.3376809461,37.03596896361268,16188.946691731502,1.1531150396787853,9.98851199947773,0.5560867210054492,0.13495981156966863
2780,440.35465340393995,0.18669627310725134,0.0002420506253965626,118.45106167993619,313821.3911296825,37.05961684611362,16181.104723747227,1.1421595310421155,9.850759399266963,0.5565919878750237,0.0
2781,447.27578563641833,0.15642288680449012,0.00024258440348901193,112.8428399198112,313951.87861845444,37.00304590400832,16172.497873544715,1.1329746066465995,10.392566677354743,0.5568704415522153,0.0
2782,450.9815892393299,0.14342286233445378,0.00024342924141941937,103.74999003903204,314073.5868021854,37.00281367770398,16164.19194032703,1.11076206767756,10.213287977499736,0.5578478761569345,0.0
2783,452.5754674153483,0.14673514609087046,0.00024420094825356267,112.80391367760515,314204.3598583648,37.0234729670553,16156.269828307024,1.11920605319694,10.26540354539017,0.5585403400237279,0.0
2784,455.7664420103988,0.13947435127579288,0.0002449289265251185,110.39629283412026,314332.71764265833,37.018828101566825,16147.745497274936,1.1203761569118784,10.578524360350505,0.5592666175886288,0.0
2785,456.3751937650019,0.13612965383378473,0.00024572204370798523,109.51544039999057,314460.2664818072,37.020637594768,16139.222167012213,1.1259804800581044,10.619108227365453,0.5603683788153948,0.0
2786,458.4335148843035,0.13072301402100261,0.00024653814831515804,110.0057219143789,314588.33752870397,37.022602470397864,16130.803029415943,1.1209520842849108,10.424519175410534,0.5614681094253333,0.0
2787,463.24265892092194,0.12327240396436423,0.000247399017087587,108.3735966862113,314714.8319105259,37.01990902976702,16122.978161910725,1.1261146223970409,10.471146978128855,0.5622564851877055,0.0
2788,461.8251454590107,0.12181056743069896,0.0002483260723900309,108.36931179117815,314841.4054796984,37.02997596085546,16115.03877932134,1.1266581642167128,10.527577143619615,0.5630665420089342,0.0
2789,462.9759869767034,0.11962796309997614,0.0002492328312713075,109.71914688197646,314969.3389729854,37.02609355926885,16106.51066263332,1.1172512692236882,10.789855697759059,0.5639100665168634,0.0
2790,467.59285287985784,0.1135277407669778,0.00025015082079328066,108.2758353475976,315095.8553022876,37.013492904113114,16513.53473884721,1.1183740162671862,10.912777794899089,0.5649794313677284,0.0
2791,470.3815479343505,0.10347901863490427,0.00025113421809773656,106.96481981481527,315221.1270753822,37.00257673365547,16504.793468517728,1.128332790347145,10.975933558847824,0.5661566314518448,0.0
2792,472.33983359318023,0.09588905822833227,0.00025221754088517714,104.91673596369625,315344.45624235616,37.000046621924476,16496.06450343995,1.1209093849391794,11.025194027223186,0.5673575750685899,0.0
2793,470.00763101053036,0.10476150897901759,0.00025338765178901566,108.0826268841887,315471.02509779984,36.99549808573845,16487.33909471598,1.1278173333502275,11.028698641231701,0.5685627595038353,0.0
2794,471.23065890681016,0.09659024633146174,0.00025444863893295207,105.72737432302768,315595.14266881754,36.995918218241634,16478.632690684663,1.1378131879991351,11.030803935467267,0.5697117481067939,0.0
2795,474.41393370145767,0.09346712370140997,0.000255581567622722,105.67783887407742,315719.2930038179,36.98334489165557,16469.929197967394,1.1267462197898581,11.04729189669711,0.5704584285766052,0.0
2796,473.98847609918033,0.08921888173877512,0.00025672902916714757,105.66069271818793,315843.48460637394,36.98575691985923,16461.236355019482,1.1257548948727494,11.029692291227187,0.5692905722101952,0.05507164332073344
2797,474.29116919766244,0.08981777964959092,0.0002578909601711001,104.42353286412143,315966.4721723115,36.99449310476067,16452.565366222036,1.1419707843732203,11.084546731739568,0.5730035992897039,0.0
2798,476.39334817294315,0.08785230500469443,0.0002590295253852047,104.52406584946615,316089.56209301285,37.003656115165,16443.897567093558,1.1379790276802997,11.094769892516076,0.572476089327421,0.0
2799,475.8092585903006,0.08994002978973326,0.0002601739955807662,105.35886029843351,316213.5256238821,36.99964218969665,16435.57405831367,1.12390855687319,10.950488026620501,0.5718833300630007,0.0
2800,477.2776306108141,0.0852976435619971,0.00026128111259910136,103.86794120290509,316335.9860330643,36.97607269400221,16427.410739124305,1.1214894414944174,10.999039848904403,0.5717782631906496,0.0
2801,478.2543615961886,0.08336331359569094,0.0002624228515063157,103.6345256999554,316458.2500455399,36.977610087455226,16419.184842716168,1.1271278256183124,11.028526155554944,0.5744694678026485,0.0
2802,476.3252789244212,0.08674656400547842,0.0002635701499374314,104.76336213239247,316581.6771018492,36.973691681970436,16410.541926503247,1.1282590468248466,11.183425039169977,0.5777103463257353,0.0
2803,475.16367695632334,0.08265250901922028,0.00026466639999005225,105.51940015070046,316705.7990998419,36.96289099686521,16401.907530151188,1.1147321873006202,10.986855830877875,0.5786006180745322,0.07806888647652954
2804,471.2182103173956,0.0831996833481754,0.0002657594960117861,106.20469886081,316830.66376277024,36.96974718725484,16393.295426124107,1.1205780585354967,11.083150912495157,0.5791988511516611,0.0
2805,472.9988825801316,0.08481770177645598,0.0002668347685868995,106.03308128378586,316955.32889903727,36.96177536462857,16384.690346404856,1.1258650989296224,11.091865865642765,0.5798816084378096,0.0
2806,478.77939164935384,0.07944946040095302,0.000267886882260213,103.71504526376984,317077.6708273782,36.954453156003304,16376.078515913907,1.1307828685083643,11.095585029771804,0.580541138180635,0.0
2807,477.9204538775382,0.07748885671863281,0.00026898239299118215,102.33683573087681,317198.6885652284,36.9619978126578,16367.47391820865,1.1498152322295734,11.24322000611199,0.5811720262033364,0.006833905715016186
2808,478.93047285012597,0.07833326058426215,0.0002700713857825408,103.29678235885048,317320.70910550817,36.94973326342221,16358.869595441876,1.1331234106475694,11.216536193775934,0.581966071367208,0.0
2809,483.72612222042727,0.07315929459938808,0.0002711414125965184,102.18775987411196,317441.6387057005,36.95776624470967,16350.291018581673,1.1313692472133179,11.20998530564226,0.5800793529349623,0.0
2810,486.4075322378888,0.07209113918554078,0.0002723689822221551,103.20476204097751,317563.67700242973,36.94974449933414,16341.715705113038,1.1213094119149725,11.198312153507382,0.5780558794799656,0.0
2811,485.64735809685016,0.0714713290970278,0.0002735875166135955,102.09286661493262,317684.6431208494,36.933596314640624,16333.140215963369,1.1259912213932275,11.2054309627956,0.577413674192384,0.0
2812,483.8570207808218,0.07929609414768735,0.0002747970888733496,103.97791268907835,317807.4954648619,36.92958764426484,16324.57185319419,1.1293965621178579,11.21454588306055,0.574201681777517,0.0
2813,482.38088043088123,0.07952899853699091,0.00027590793323906604,102.11081777967678,317928.4197997191,36.9256967936474,16316.013792647791,1.131200643653926,11.215712872665339,0.5736468548543838,0.0
2814,477.66174533132215,0.0856787868828095,0.00027700159461140024,103.94736112354975,318051.1632663062,36.9256967936474,16307.459193078956,1.1100581023394078,11.066362732500641,0.5737456991181393,0.0
2815,478.3197562887119,0.08504257925043124,0.00027801526758832574,102.61901717764766,318172.5064009965,36.92955889735965,16298.915060330213,1.1332051200469795,11.214463758052277,0.5884603059255645,0.0
2816,482.7003530911735,0.0804350493881375,0.0002790190795014531,104.52791926867295,318295.7519645552,36.92955889735965,16290.455901393052,1.1252665559056236,11.085009532720107,0.5887613533582923,0.0
2817,484.0170837544686,0.08565783703158958,0.0002800531123302041,104.62739620376084,318419.160377203,36.93039764364914,16281.922139975195,1.1205520561302615,11.21572022125958,0.589046182679716,0.0
2818,481.87157377678705,0.08714018724247219,0.0002809984610913297,105.0100862895977,318542.9564424365,36.92122808621574,16273.399369219182,1.1200890647969437,11.20959659927682,0.5875347121659652,0.0
2819,477.2486437492955,0.08866945384638802,0.00028191473624285203,105.25903558078215,318666.9566529308,36.92122808621574,16264.879411277281,1.1210764904840766,11.205064441115027,0.5894613374299452,0.0
2820,474.72054766519875,0.09277188293928917,0.00028280168169796555,105.5951446251864,318791.24782815686,36.92122808621574,16256.36405656856,1.125289409492476,11.066409927745934,0.5900718239020301,0.0
2821,478.0587784335046,0.0882889177293088,0.00028363215970505205,105.20059143590163,318915.07870997314,36.92122808621574,16248.394001405431,1.1180081373432982,11.05618854464938,0.5901027492644985,0.03767141163282517
2822,475.7630440535805,0.0875747997095262,0.00028449796657170173,106.28615574371794,319040.0834078219,36.92122808621574,16239.907392886958,1.1109513289292257,11.064720905943744,0.5860661478300915,0.0
2823,480.8347744323319,0.08241381507468237,0.000285407751977233,103.34640734159838,319162.13147875806,36.925582115920086,16231.411991418918,1.115664992592835,11.071525388831944,0.5832291092989341,0.0
2824,482.4956314865671,0.0817430120238154,0.0002863645614343247,104.26265624646577,319285.1575331438,36.925582115920086,16222.92200096743,1.1193369776658624,11.231640025240555,0.5896612620329948,0.0
2825,477.4677757650022,0.08494630894096988,0.0002873144688035656,104.90836622732695,319408.85026715614,36.921542926120416,16214.432028747615,1.1152695226894778,11.08335512517568,0.5906659055503457,0.0
2826,486.6696303413056,0.07534186103437468,0.0002881309979976993,103.4954954982745,319531.0325456669,36.91377881729448,16205.956294827092,1.117948459394964,11.092151710907626,0.5908193798710143,0.0
2827,486.69879055485353,0.07509845740430199,0.00028902206061540804,103.5013087251407,319653.3450321775,36.90592009263421,16197.48987610027,1.1112653746463736,11.096744843162877,0.5879354738516619,0.0
2828,484.2789778740556,0.07667939371879673,0.0002898855472825,103.1439813023606,319775.3075171456,36.90998980527877,16189.058990373078,1.1165810584082727,11.104027683972182,0.587159289963333,0.0
2829,482.79306277904163,0.07649991953002766,0.0002907045772772202,105.17225879505668,319899.2656551428,36.906068891150404,16181.745396778377,1.109613989335526,11.106145537470564,0.5862150995646239,0.0
2830,476.5681046203719,0.12092405277813023,0.00029151352940960077,109.9560072635058,320028.00119241985,36.906068891150404,16174.374480811195,1.114090633416987,9.263159843967827,0.5917106319533568,0.0
2831,465.3069928521883,0.17333326459994114,0.00029183791736138746,119.64348855984986,320166.1458862417,36.97850778870403,16166.940285431987,1.107390313231895,9.266730686527001,0.5892822998425377,0.0
2832,450.3712780693568,0.22470834789637473,0.00029159648280734573,126.51834567105472,320310.7842737149,36.9785895542146,16158.513460422846,1.1352007972609923,9.429900356718935,0.5869806556035092,0.0
2833,426.5068857796898,0.2676869897792693,0.000290804548183028,136.2074576490443,320464.6404465199,37.07608838282826,16150.575382276664,1.1498227161214396,9.33888617593898,0.5850093358516213,0.0
2834,429.97347807634185,0.2592870921603252,0.0002895556533294882,134.68245584026025,320616.3146158586,37.1199547173334,16143.08686662646,1.1616624287325887,9.324300982447346,0.5830173134204363,0.0
2835,411.4612861896782,0.305408920755991,0.00028839996248900413,138.3980184572449,320771.8040146897,37.07920618996445,16135.141988927728,1.1427970614861345,8.968043985311239,0.5811062270403301,0.0
2836,425.3298283317646,0.2556599339272483,0.0002867566718819365,133.10563223392987,320921.48225610633,37.138013001821996,16127.577258334135,1.1641334490226196,9.343194590923535,0.5788225178238677,0.0
2837,425.0946260320712,0.25157480357001805,0.00028564958339347536,132.69125588140275,321071.3019728034,37.08091367823861,16119.171818612664,1.1622731208871717,9.479333219786536,0.5771472906642502,0.0
2838,411.6986839431542,0.2900268197665121,0.0002848502548422207,137.94640454581915,321226.4621121728,37.52013613624139,16111.5598909058,1.1510796124319884,8.974898547648275,0.5757354494239278,0.0
2839,424.2627816153686,0.24267872428201753,0.00028364179966862435,133.34714652255354,321376.55205480696,37.29967870408916,16103.908277177223,1.1353725318304924,9.28887885240012,0.5737309785965792,0.05582109853839157
2840,425.1251676012927,0.23612062399161893,0.00028293922277073313,131.98966290594592,321525.8123920212,37.25543653854958,16097.080443034192,1.1413572679247104,9.283882441849437,0.5722489102145192,0.0
2841,425.87025134317764,0.23134418982358296,0.0002823062997463652,130.89443399648297,321674.0402152597,37.25797066037366,16089.340021661441,1.1552730475797488,9.388995779267386,0.5708265083106066,0.0
2842,429.9459108640205,0.22443657108458803,0.00028172244774345113,129.55701583075472,321820.96919398115,37.28413828845683,16081.786391253012,1.1522554574259083,9.290185213665543,0.5696140584760369,0.0
2843,425.5681796978914,0.22410268805194344,0.0002812103712536967,128.56806525052397,321966.9957390443,37.25027810207451,16074.721080899317,1.1441334821696099,9.333095085362762,0.5683327096802729,0.0
2844,426.5633405373351,0.2184027467876355,0.00028067886740226083,128.01522927232452,322112.44341705134,37.24917537315787,16066.352862952033,1.149606119650284,9.584577681940596,0.5671724152108955,0.0
2845,426.45227762096374,0.21587617621965927,0.00028020616904041374,127.97818454066154,322257.9142054246,37.254612072056204,16058.68342111591,1.15054278784731,9.49393281477797,0.5664015032227655,0.0
2846,426.6770788316835,0.2125268034989567,0.00027975709558187325,128.1919736315531,322403.61991255713,37.27641937803508,15992.43723144498,1.1472457826794003,9.592684368838151,0.5655502408906171,0.0
2847,426.9246521047803,0.20916096879202128,0.00027934042677032876,128.27278604260783,322549.4420163919,37.22149347602179,15984.068626890912,1.1597274282321601,9.587016949724426,0.5648718744664906,0.0
2848,414.4192505789261,0.2534109843960506,0.0002789943115978639,135.37303208554496,322702.4584065142,37.325991600138586,15975.723262223652,1.1453253895571478,9.1448482712894,0.5642203229162701,0.07351319811338897
2849,412.8474247415584,0.2512697738399189,0.00027860436269768575,134.2624693889935,322853.920876569,37.32585578964934,15967.366283430785,1.1654730498127204,9.20831044098451,0.5630309912290452,0.0
2850,415.92669828706784,0.2465556935841673,0.0002782344807824934,134.0908882193487,323005.2048520535,37.26620791920182,16535.47006491393,1.1502910286892263,9.112439664421025,0.5619741601279709,0.09248002669161792
2851,413.27661688707076,0.2464029208976236,0.00027790328698508215,134.4376660891594,323156.88858032745,37.35416956297494,16526.81568753802,1.1520703828336691,9.224683730605335,0.5608584750116773,0.0
2852,415.8370113216541,0.24101563349122312,0.0002775711115368968,132.328212877065,323306.4542142409,37.23543481035042,16518.166308603584,1.1675961647093889,9.236392223550183,0.5599329469137784,0.0
2853,417.77126873536264,0.2388012511272387,0.0002773588860535094,131.77881531183328,323455.58375566965,37.288225975838195,16509.53755829248,1.1497024432636402,9.23076162060577,0.5591463995383293,0.0
2854,413.92265517948016,0.24145583059271358,0.0002771651568800374,132.61277058352226,323605.5812278262,37.243540613003944,16500.91378338684,1.155846644865222,9.228847663222817,0.5583922837048553,0.0
2855,414.5797167863176,0.2396700822500566,0.00027693800850654563,132.3954999832622,323755.3196247802,37.27383073327147,16492.279344928193,1.1696671608881777,9.21314528263061,0.5576738688935367,0.03489716623935735
2856,415.71775333761826,0.23725196098292212,0.000276724968654491,130.6944239692014,323903.38291911315,37.17631926040266,16484.25050514512,1.169583630022789,9.159870573327966,0.556976461734609,0.0
2857,415.28921433199423,0.2365076344178182,0.00027652064291243487,131.13814750365773,324051.91761963104,37.18343979919726,16476.37829767559,1.1538191321271976,9.177566251214838,0.5562391008025189,0.0
2858,415.6713425026651,0.23500406001828855,0.00027630042530284144,129.80676287173682,324199.1174688626,37.17147817484049,16468.46719123823,1.1587019543702064,9.175612510188676,0.5555624372001353,0.0
2859,416.2200105137057,0.23338560952263465,0.00027609141761409495,129.80081230175628,324346.31782401016,37.13109592150296,16460.503754543905,1.1652171632224302,9.196585632766915,0.5549175722170803,0.0
2860,421.0259036652755,0.2286857723540361,0.00027589478512114496,130.29047360701773,324494.0249236222,37.13109592150296,16452.514894371972,1.1605186836753207,9.192646540294197,0.5543330785928022,0.0
2861,416.4905847073091,0.23264795734164234,0.00027574325088795506,131.6582477764569,324643.1741301205,37.13109592150296,16443.90666407275,1.143511572776207,9.29834762658769,0.5538498940211237,0.0
2862,417.98887479565997,0.23001030170143322,0.00027554357428664753,130.32087262675876,324790.92807859875,37.13109592150296,16435.303406477946,1.147393127174041,9.301176407641066,0.553530421495342,0.0
2863,421.26274273209555,0.22540201986316521,0.0002753659171642663,129.52462607535207,324937.90044907853,37.15890194804631,16426.72068580153,1.158176781992405,9.315441402671558,0.5532310697711657,0.0
2864,417.5210671159886,0.22814074183185096,0.000275228501987511,130.05025511724514,325085.4530365821,37.12695527659869,16418.12734757365,1.153788929974276,9.306360100990316,0.5529658755590555,0.0
2865,420.9924796086667,0.22336518596251742,0.0002750582560722643,129.00520704805336,325231.9123888882,37.12695527659869,16409.538972880167,1.1686538499460333,9.311723497038823,0.5527024058051205,0.0
2866,422.0206679515718,0.22223002275112635,0.0002749700087881355,120.71666360429968,325370.13894130907,37.122996611162115,16398.457262114116,1.1596702647728114,9.276002998227593,0.5524595819926473,0.03214630918818173
2867,418.1269451815749,0.22489011643059653,0.0002748887825633686,128.63215813185627,325516.3320559532,37.12511456974464,16390.022819098973,1.1549346081410132,9.204345162448353,0.5522013777357158,0.0
2868,421.47992300504745,0.22101386501756404,0.0002747736154231641,130.70321274214618,325664.501897322,37.11701812381373,16381.909120207245,1.1535292186398087,9.216803814357677,0.5518431510003331,0.0
2869,418.7795973779115,0.22300078148667546,0.00027466191291725643,129.02988350484924,325811.0545309555,37.11701812381373,16373.36954104763,1.1594051972116663,9.237191571848014,0.5515196965535957,0.07428367056852991
2870,419.23512852405145,0.22182515119790447,0.0002745221435020221,128.80013355231034,325957.3428797006,37.11701812381373,16365.483466047652,1.156379860944713,9.230485591900987,0.5512508383568173,0.0
2871,419.85404873464864,0.21980852173929355,0.00027451374028664534,120.93312283646151,326095.85876270325,37.17009424359413,16356.941664159798,1.12742565508895,9.342365735839213,0.5509758659260395,0.0
2872,420.74393366547025,0.2217434553788481,0.00027445415908512077,122.68404312495038,326236.06898221764,37.13753924738806,16348.688804414294,1.1336726221909916,9.271631533467307,0.5508622863228753,0.0
2873,420.76853301499744,0.22311669106932297,0.0002743624156942035,126.86202245659905,326380.4707675226,37.122111218928666,16340.224427215468,1.1211606018448086,9.255772942512216,0.5506617087410234,0.0
2874,421.67812851916466,0.21888530260380845,0.00027422110417980086,126.9101463659674,326524.86911155685,37.11376067278063,16332.738497910837,1.1457321230373447,9.282836867783786,0.5504507188470854,0.0
2875,422.4374292782092,0.2178309533526328,0.00027412196834989365,128.742642064042,326671.11757296755,37.09959011343183,16325.184671183399,1.145090735800718,9.307436357171957,0.5502863154687747,0.0
2876,423.14452802993003,0.21502643730819293,0.00027402285317588764,127.47066699952074,326816.1184584844,37.09959011343183,16316.915272005344,1.1405595128379207,9.327843273221706,0.5501629098429667,0.0
2877,423.45863332835506,0.21390582192475982,0.00027394834366792505,128.75173344941228,326962.4200076595,37.095481515492914,16308.927485066375,1.1374769556062994,9.341560939911446,0.550072920505885,0.0
2878,423.9767400142356,0.21169556004182943,0.0002738803649309777,129.1734425227679,327109.15087046707,37.13537928046796,16300.574178460354,1.129935919763337,9.378428398859928,0.5500058627879595,0.0
2879,421.4971239306653,0.21197028256625305,0.0002738304892047373,125.03360686193054,327251.75645835855,37.1095674849587,16292.915676172002,1.1206948233698193,9.279906147498018,0.5499910376838338,0.0
2880,421.5231445707673,0.2123249815986935,0.000273682558185092,125.34208619660862,327394.5743689818,37.09440177679257,16284.432920813568,1.12122893803634,9.40872994910326,0.5498476863960535,0.0
2881,424.3020259163348,0.20916718006723167,0.000273524502339898,126.29783358369679,327538.3410876743,37.10988809970807,16276.60190925302,1.13070186820731,9.313264247773777,0.5498813967067661,0.0
2882,425.6545897399923,0.20689658798057053,0.0002733955763141356,127.53877337975682,327683.4101246628,37.10727920670363,16268.128289371938,1.1316249816430997,9.436635376445196,0.5497881551713472,0.0
2883,426.8240538281702,0.20545836435523734,0.0002733535057462759,126.21601889834521,327827.1768918276,37.07939782805566,16260.149552507486,1.1291180854769791,9.243329506682038,0.5498622740758847,0.0
2884,426.99108958021264,0.20798571424342804,0.0002733316750733608,127.36081343439585,327972.1061929421,37.09076057167068,16253.08882512763,1.1263606483026811,9.346027951631658,0.5496786791875177,0.0
2885,425.0094961813679,0.20753445535602155,0.0002732772495378379,127.80175343446419,328117.4798738149,37.076770987033925,16245.756915216056,1.1359552360161724,9.286263785250448,0.5496398018610331,0.0
2886,422.8387655221623,0.2090233125462495,0.00027320490180675073,129.4204677807673,328264.46073883807,37.15336789318305,16237.54380704321,1.114034036229157,9.393895703881244,0.5495246029143903,0.0
2887,425.6768232497902,0.2038358476674551,0.00027307924193049703,127.65987889969543,328409.6585364915,37.166937043365984,16229.07143825785,1.1268601562586114,9.520689753292965,0.549557164880676,0.0
2888,429.6793851290536,0.1989164246045858,0.000273001844414764,126.14935528737665,328553.3832338729,37.178018988246706,16220.603945301595,1.1295157640184446,9.606271256959591,0.5497552471838985,0.0
2889,430.110847857057,0.19668698773999338,0.00027296376234054305,127.02310105550971,328698.0332151346,37.193182501374785,16212.125875051757,1.1135066992920077,9.611336561934657,0.5500562789781631,0.421207260430311
2890,433.31715378287623,0.19101811137711566,0.0002729346785299406,125.24540440001496,328840.91673413495,37.16089927886992,16203.652701301531,1.1393757751757156,9.509254931148774,0.5504122966055738,0.4197299121295437
2891,434.3828123667602,0.1895554258962805,0.000272957095547864,125.61066915359373,328984.2080389497,37.15728701558433,16195.219109498887,1.1139436128393336,9.53532729770474,0.5506159538947589,0.49991665662702545
2892,430.5588463232567,0.19159778339397626,0.00027298519334246563,124.43494481460102,329126.3372670011,37.14356214792094,16186.771100381451,1.1299886599268794,9.53563271370978,0.550855779638588,0.41648233964521353
2893,428.1563842131624,0.19336821874826504,0.00027298354014189483,124.22471193687495,329268.205963199,37.15066423613008,16178.362621643864,1.1313162024996508,9.54559553665032,0.5510714679028403,0.41491796360539723
2894,427.7680649010529,0.19478602637362796,0.0002729438323282447,125.19872742612756,329411.0206372251,37.1410495610814,16169.94354599843,1.123587427318128,9.542506061033052,0.5512892560260994,0.4133577282849963
2895,428.6938538445819,0.19359704913803322,0.00027288148246235505,126.01714103109194,329554.64034928795,37.150009381870454,16161.510059854563,1.1283140752297165,9.549113932021783,0.5514918626082865,0.4116624653231824
2896,432.40206860415446,0.1888398299714622,0.00027282698202330896,124.18263494411957,329696.43882822007,37.13429008902076,16153.08145432296,1.133868452195454,9.645998193855887,0.5516927873646319,0.4102865357017933
2897,432.61746835703906,0.18928182211393185,0.00027282642562833433,123.26018008627794,329837.36334364687,37.14554161302228,16144.731232543636,1.1391428334691596,9.560302664624102,0.5520109310116889,0.408569401140884
2898,432.9855233739179,0.18910770079781047,0.0002728184443849448,123.28902157334369,329978.32544490887,37.12584381917583,16136.331390260879,1.130368733660746,9.615565664238385,0.5522001167825443,0.44910921299348416
2899,432.7402263016189,0.1894806983025179,0.00027280562825797146,124.95234428362438,330120.96353583795,37.070079361098145,16127.936390272635,1.1383977015635214,9.562055893881212,0.5524586308552417,0.40562724401878114
2900,430.4226483935561,0.19027073955311335,0.0002727808103923483,124.57178533986566,330263.22823326587,37.0418482217971,16119.798078240454,1.130867611217893,9.482276126993009,0.5526272459203974,0.40398398888141074
2901,431.6439889640962,0.18857932666656108,0.00027274231130179004,123.13479868090488,330404.0306721686,37.038678048370784,16111.42778444852,1.1343844711075075,9.592197808672388,0.552682224704511,0.40245440949545497
2902,430.95862080555526,0.18921200002745198,0.0002727232091252377,124.49798572476199,330546.21808200795,37.036188485023494,16103.012436312596,1.1174814062864036,9.607147639205945,0.5528788921915351,0.40081516393130556
2903,436.0974532574735,0.1838018214122814,0.00027268296499894116,123.98733592134263,330687.8834159262,37.035914206151205,16094.601948237461,1.1270190036779235,9.598748412196109,0.5530851361673129,0.39949681538842086
2904,437.3231229577595,0.18026984366309606,0.00027265205818400386,122.59334954105614,330828.18733074673,37.03081128835517,16086.230499495492,1.13262496096634,9.506439066391106,0.5532697993149845,0.39790325795170034
2905,432.5911472357662,0.18413098605856537,0.0002726674841762663,122.6000948509525,330968.53176751133,37.02612282291274,16077.829680990959,1.1262898882077457,9.626326818484177,0.5533235292002313,0.3963053108459391
2906,435.402409547359,0.180687165189102,0.0002726367793027445,122.81059517636879,331109.0318806276,37.039510435063455,16069.449030441376,1.121769720353656,9.638109723602906,0.5535321014212534,0.3948549075856249
2907,435.1259593726817,0.17910211866766623,0.00027263555944935557,123.81741823149216,331250.5776795622,37.02277556576876,16061.073216700708,1.1247467450387227,9.643837812212144,0.5537455006847167,0.3933189158753798
2908,437.45313054707685,0.1756489231138575,0.0002726409109161062,122.4168152807062,331390.7324099895,37.02743126436529,16052.686907550096,1.1243141192329429,9.752767586652915,0.5539555010174164,0.3916828979339222
2909,433.408500853356,0.1789080078071369,0.0002726784620787396,120.15065309906313,331528.65842092875,37.0331263876348,16044.33967098098,1.1294483517036478,9.535555011143629,0.5542980317690462,0.39036913108582283
2910,436.85151822573175,0.17663883778814482,0.00027267455842749954,122.62066151337233,331669.01384084544,37.01616584476051,16035.997238837086,1.1167883986632239,9.65890388385601,0.5543373663004801,0.38888989707203336
2911,438.3632538094577,0.17394669246941374,0.00027269003258125656,121.65325637739294,331808.43600252585,37.010535570769996,16027.640637626968,1.1255859914338704,9.67197608086748,0.5545368225868085,0.3875907670686054
2912,439.08034541821803,0.17229608104051808,0.0002727292639477633,122.56338417961143,331948.813745244,37.012576980465916,16019.307788110173,1.1189436369066108,9.675936493050969,0.5547432668903497,0.38607541431964165
2913,435.95631731936066,0.17324251248160616,0.00027280806603952046,121.56134695864426,332088.20500057086,37.00240208735898,16010.994974983161,1.1259431341092117,9.68925867620256,0.5549443229459184,0.38446450086136963
2914,436.3385245930115,0.17193976775591457,0.000272871468676975,122.14809261960893,332228.1501342155,37.01213908604746,16002.686937852543,1.1268839063380602,9.703623134846621,0.5551525613781648,0.3829450693218277
2915,437.17117822058697,0.16992831873901637,0.00027294354701292757,122.43534522000235,332368.3985259449,37.00405180746957,15994.368426300585,1.1296991553740012,9.72305586504316,0.5553690015396217,0.38160268443852985
2916,439.77421597478275,0.16645897035112345,0.0002730109224510524,117.9057245026219,332504.1380143686,37.00240208735898,15986.020511006862,1.1365400536294223,9.73350832097201,0.5555999208002315,0.3800320887805455
2917,444.71377287128286,0.1626570543679693,0.00027313508908599437,119.82415440493779,332641.8615369579,37.00240208735898,15977.67741168495,1.1248519686544642,9.827855958638114,0.5558327360317818,0.3787645799288981
2918,445.93631854208445,0.16037070967691447,0.00027329248965596216,119.32799066757865,332779.14904496854,37.00240208735898,15969.388446647039,1.1198814245029798,9.807257320914701,0.55617776927214,0.3953275057440031
2919,438.12662223922723,0.16712244621392858,0.0002734504807798336,118.9517938576704,332916.0852536902,37.003742503120556,15961.309578821025,1.1216777663744062,9.617202979865398,0.5564808021629525,0.3759309045675323
