t,real_gdp,unemployment_rate,policy_rate,gov_deficit,gov_debt,benefit_paid,total_credit,price_index,energy_bought,e_capacity_utilization,energy_unfilled
0,310.4298335214511,0.8543321360362583,0.000134,179.8521750125992,4957.352175012556,109.72459517868239,5409.378974446038,1.2000000000000002,153.10530299999996,0.045420392934751676,0.0
1,571.9288086693005,0.7171681944687125,0.00012544097036057417,334.39003285249333,5292.197758265159,110.12247739255311,6280.976488670948,1.2000000000000004,146.65643325996916,0.057301956675875544,0.0
2,780.3382352552646,0.595633065676834,0.00011840547819469275,303.91521829682523,5596.6284438135635,110.05479008616207,6754.681111522,1.2000000000000006,140.51755704696194,0.07498474316762208,0.0
3,923.0753290385137,0.5078781070857337,0.00011271565738290143,265.1053432998379,5862.271031767119,109.85725090973827,6989.531900600105,1.2,136.019442957151,0.08885229309180735,0.0
4,1068.0316005733603,0.41064896319957744,0.0001080018639939409,353.9175427385082,6216.743044231916,109.81693244840243,7126.431504426971,1.2,130.67785386433235,0.09672372405213336,0.0
5,1144.9318324600833,0.35568725467124684,0.00010435748490321875,328.711925891186,6546.029634187324,109.65276714520016,7202.0205834764965,1.2000000000000002,126.25790289537161,0.1032083538586583,0.0
6,1237.4426260485136,0.30250033187957104,0.00010132460748298307,310.86709557386376,6857.4909356195785,109.64709374999978,7234.200868624216,1.2000000000000002,122.06120049174113,0.10984176477114768,0.0
7,1318.1593735393697,0.255950434577615,9.889535933676905e-05,309.8464409198781,7167.95128938176,109.65993749999947,7250.769654261645,1.2000000000000002,118.22469706458516,0.13847945854343585,0.0
8,1359.8017970137898,0.2251763786569696,9.696332656529258e-05,315.19764094648315,7483.781762845795,109.66849999999995,7261.40608864669,1.2000090128109728,114.74893871237828,0.13848580467664445,0.0
9,1406.8457041837223,0.19699577210571684,9.540340072142378e-05,313.53820413250656,7797.971211489779,109.26824999999995,7273.934628414737,1.2001407730212315,112.54226744623273,0.1578473355185247,0.0
10,1459.3462886660743,0.16661024513942468,9.412362663664242e-05,297.4181936254066,8096.058459431454,109.27251562500042,7286.057085263481,1.2000124735046978,108.88513133967108,0.16655457937080748,0.0
11,1493.0581508591183,0.1445838179258968,9.320648161988247e-05,272.46025778697805,8369.2050139846,109.28534449218719,7296.541400276661,1.20036481256982,106.91322794439341,0.1744509063640457,0.0
12,1525.5748356309155,0.11915020378503538,9.249970676579777e-05,245.09584556769977,8615.00397581301,109.6899383593747,7305.486583507142,1.2016148826623323,74.53197990102842,0.17947539457445014,40.234033040005485
13,1546.7880297720558,0.10206095342482757,9.215070634657736e-05,222.15652071439357,8837.879906808539,109.69421960937537,7313.030713218708,1.2014742987568876,19.77423847559617,0.17947614614639068,117.16648024625007
14,1575.7553719846505,0.08585229983572862,9.19916743693501e-05,168.12598854470758,9025.487985491418,109.70706335937457,7319.185387619869,1.2036868600595798,20.51228463554528,0.17947711691332213,118.82564976888982
15,1596.5010527687014,0.07361152971668294,9.201471802305928e-05,147.6160434298309,9205.068084224567,109.71134460937505,7321.912380071296,1.2033304701790368,18.880495144685277,0.17947823675292074,120.413512725279
16,1602.9734834313738,0.06706690509541136,9.216672306317108e-05,128.3723880303186,9365.688664778772,109.75354003410887,7324.3124378941775,1.2039480734540076,21.974675662984843,0.1838745770942559,121.37333059245705
17,1605.2585402052553,0.06541837752889945,9.238610998046502e-05,118.91755070760408,9516.99852715224,109.76516453124617,7326.938703338809,1.2036791293177782,19.001311542812246,0.1838759036702073,122.86740295669887
18,1610.926556848078,0.05869338882696051,9.262028139478983e-05,112.94043027211052,9662.428672932598,109.78137405442915,7327.029178203391,1.2043176774395008,21.04462892689613,0.18387722377287782,124.48015273851914
19,1623.1609526659806,0.04617411620263767,9.292314653756545e-05,98.03660922080047,9793.082251942235,109.78724555772635,7327.029178203391,1.2032413404356568,23.14629177472255,0.18387851071390945,125.98751034344401
20,1640.0383889673103,0.035126390995659396,9.33558446431833e-05,77.80833413513085,9903.76534883198,109.79723527810177,7327.029178203391,1.2044955640716135,22.36129876645496,0.18387972544474743,127.37910450564722
21,1646.4055915456468,0.030026032543856274,9.390174456967338e-05,64.41831815216776,10001.409501254266,109.81552354206708,7327.029178203391,1.2038858273445214,22.205557527282693,0.18388087649514648,128.78088910404074
22,1644.6495610526285,0.03041294970058006,9.44973254881014e-05,54.86679227151623,10089.666575603389,109.8401112146152,7327.029178203391,1.204017452143467,21.98466353596997,0.18388198962077454,130.16948301653542
23,1632.396955765782,0.03554962663401251,9.508323184867554e-05,53.31894594211383,10176.114409768188,109.84956661879018,7336.141616699459,1.2038696095904442,21.40304346656865,0.18388309791497487,131.54211504550065
24,1638.4866345709424,0.029304782001596474,9.560908941678558e-05,59.898502759509086,10268.908634650781,109.86642281296102,7345.744432919982,1.2041281894000855,23.15478822227026,0.18388424546991725,133.1589050426415
25,1641.6547795127028,0.030247336745994446,9.619630808304418e-05,54.08247096098262,10356.025175663119,109.90140469707589,7362.009559382288,1.2044125026025927,24.028218932266626,0.18825162634050085,133.6111406268256
26,1644.7320349301988,0.03142251082952641,9.676802492266901e-05,50.84922738120056,10439.82230335322,109.96579135568122,7389.055409356421,1.2069782727759248,21.463374127804826,0.1882524927766818,134.98426870886755
27,1647.9237530982698,0.030434243529359306,9.736338790532949e-05,52.01426306781377,10524.886858530015,109.97727213225852,7424.659232612736,1.2073806610236215,19.673813745477958,0.1882528359894321,136.56660120530128
28,1651.0817034684362,0.030089966521405276,9.796327031100813e-05,51.59954109506569,10609.623166756297,109.97917882996005,7457.929707367407,1.2074125282489112,24.318917594274577,0.19771605989456167,136.29933057792329
29,1643.5902671573294,0.034786579690117,9.856201353647614e-05,57.931284225371485,10700.761900266887,110.03729899838177,7504.660177388203,1.2078320139520278,24.78758770657216,0.19771611509394887,137.52879270778828
30,1650.7774447150737,0.030771960509523466,9.910443816813478e-05,60.76199633568015,10794.439185911917,110.00654251695119,7555.023659886587,1.2084154221732595,23.39026558090126,0.2039333698498356,137.844968697508
31,1658.995953335486,0.03042069172183892,9.968431580962218e-05,54.2360350146902,10881.685289242514,110.03385553670444,7639.011901510368,1.2078283819980786,25.959082797215697,0.20393317201431238,139.16663176080297
32,1656.3087602320625,0.031100639354256998,0.00010027909315167601,26.942010835119277,10941.821139049604,110.03393499941403,7729.170486194161,1.2061612305850633,25.707225828138178,0.20393246616757638,140.45861880131207
33,1661.9758337889762,0.026023429247138852,0.00010084473190971008,47.751516003053496,11022.713876659476,110.05384119436624,7810.803035467463,1.2062228759266735,25.37250087632239,0.20936513788221225,141.89430245180228
34,1654.833732533456,0.030748995728028694,0.00010145896771739588,50.22156082271613,11106.085478297473,110.08772971700256,7903.140715943098,1.2064225224146579,23.67299519097592,0.20936377356416802,143.47860160820161
35,1628.8786810547997,0.03452209638008874,0.00010201708188993175,56.267690376448684,11195.356132320081,110.10647342888902,8014.211384410584,1.2062860024834385,25.66808968801911,0.20936224383207097,145.13056591285005
36,1602.3957146191644,0.03281501991576474,0.00010252967972484173,56.594255962579666,11284.441757663579,110.0922772428192,8121.282878470308,1.2072128572995764,26.662716564091976,0.2093605058067349,146.69261821449012
37,1583.5901067545974,0.041566365768473834,0.00010305558829236392,62.576661273025536,11378.995355502977,110.11388978831009,8221.77134950247,1.2105314642362186,24.080463016953413,0.209358409192919,148.18812339143489
38,1591.3402677735112,0.037342796054468996,0.00010352482368929313,87.33225907063553,11497.980599090943,110.17518685601574,8312.964611255398,1.2112558006869567,25.298383279376985,0.2172198764472525,147.86416501179923
39,1612.0997858826465,0.03662713702403397,0.00010403454641133747,63.64262114653906,11593.447797621373,110.13625592646049,8406.484653702104,1.213199253138348,27.502533932742217,0.22114026029122832,148.56568282636977
40,1590.9131871905658,0.034764505929117506,0.0001045825844397468,61.83007917441262,11687.537000553475,110.12139601549067,8498.126795253385,1.2132372684921253,23.24030236836467,0.22584348851664635,148.6798876681838
41,1548.9579484047897,0.04078551293565069,0.00010514501739960144,62.61645666717837,11782.216076525172,110.14269144299628,8599.476193449109,1.214718194226768,28.405903625070774,0.22843521823871246,149.60300074616868
42,1525.4139070821561,0.03804023886172092,0.00010567079698251535,60.933437147310144,11874.431703079114,110.0784351043388,8703.042523925913,1.2146214459286824,29.731955091272372,0.24049354918279459,148.74504120029184
43,1562.4643561033813,0.032203182802513886,0.00010621892859848162,69.58081154023859,11974.852489438357,110.18535237555409,8809.659296656446,1.2148888731220597,29.902382308633978,0.24995040292576376,148.26060654658949
44,1561.5708022327394,0.02699114920389678,0.00010682385039141819,53.5453194859318,12059.72588700361,110.19561469176489,8906.99070892987,1.2157986722437086,28.92635815966457,0.2529435119021219,148.8329854020304
45,1547.277886573055,0.028109386338476372,0.00010747879128558673,46.64471228362967,12137.749884746694,110.19465481640653,9003.477804276816,1.2157547143251746,32.713290219049476,0.2554429528308023,149.4691871583657
46,1568.599077316531,0.032072076744411815,0.00010811547520669092,47.36165772468095,12216.392424590644,110.21035171464436,9085.08221776924,1.2158863810041876,29.507794342443272,0.24667418428790508,150.96302394375743
47,1528.4856068878014,0.0340020850161874,0.00010870378444425846,54.76041687760048,12302.850809861637,110.2734863238775,9163.149679417576,1.220033597712087,31.22643253683443,0.2475463673201858,151.80984460239165
48,1519.9868256431216,0.03272324981104202,0.00010929543277203459,56.75205083491855,12390.55826042977,110.36752172814109,9245.999189816566,1.2200251670339932,31.812842488510018,0.24753824289452628,152.71981216070273
49,1514.5338664957171,0.028568741180844515,0.00010989477742743055,49.74357909938789,12470.816381865307,110.33016000012523,9326.753791188858,1.220088790531454,32.372135669440254,0.24845460420480053,152.60278788973363
50,1503.4026313139914,0.027518448182744626,0.00011053236486769001,50.07288953484169,12551.289401530332,110.76384516771013,9397.931853423132,1.2185179703291817,29.979608125299073,0.24779835707408437,154.67936226379044
51,1510.3047163420722,0.030067514474329093,0.00011117488188004724,45.487804263228185,12627.190998607182,110.7642748831879,9460.77586608295,1.2195677328500127,34.11569043276427,0.2556526062173213,153.81712293038356
52,1486.73345076721,0.03187034350218476,0.00011178400087932755,-18.502445585356725,12639.240618798092,110.39258502401854,9523.755252467123,1.2182264873802793,30.149431183329177,0.25634715352084736,154.6092742033817
53,1525.3900843521653,0.027637058358566224,0.0001123679221628016,100.84156354612506,12769.981313753055,110.40701973868563,9591.69723540559,1.2208797595666476,29.575338638889626,0.2640401208548899,153.6087214045997
54,1540.6706554306422,0.0317084688803706,0.00011302531094523296,58.76853650753313,12859.461041707247,110.4281117017494,9647.5335417234,1.2211404743795398,34.46740418056208,0.25958192709465144,155.9714716628062
55,1540.2637375068743,0.033652043550816635,0.00011363294357011593,55.30346606960151,12945.836501584072,110.44461423257927,9712.478180613698,1.2215888999743396,32.9965568773208,0.2620230645277626,155.44426725156922
56,1559.7102052515324,0.03904196492416523,0.00011421384497756032,63.11303239173458,13040.13990244146,110.63775216297032,9776.832150196195,1.222830493736454,33.489490296746396,0.2632471124966617,156.03235263280558
57,1542.886936215164,0.036070465676589114,0.00011473155518052961,60.35193008851161,13131.656127992095,110.62224166884027,9828.715703055721,1.2210233254489398,33.50759353428705,0.25785807794252275,157.667960149506
58,1501.5015114196779,0.03910889503666237,0.00011527552547156675,55.743183108401865,13218.308606504957,110.5011988506383,9892.454161445155,1.2214604821571449,33.744412322941535,0.25784541383368603,158.47973290714114
59,1484.5904762635237,0.03685140374288287,0.00011578161573953853,63.797554841804555,13312.508427391927,110.58305523322238,9765.012739825592,1.220076339389266,29.234802745589025,0.255511824879995,158.99764119422488
60,1452.547088750117,0.03542767543730052,0.00011630646743100149,58.632446851593926,13401.324887114417,110.567621209714,9823.142678398146,1.2196332274089294,33.45951699136647,0.25598303860944216,160.20282433233038
61,1472.4770645139733,0.03184741908692734,0.00011684107205500607,54.110752637728865,13484.950460293949,110.68194646332933,9871.306137082907,1.2167289179906409,33.9040791063421,0.2563211033481871,161.61241115530385
62,1459.0217457990304,0.03546434280237987,0.00011740902591491048,35.70370768340459,13550.395373059331,110.71193710369865,9913.302353988744,1.2195932418795523,31.25935991490027,0.2494691428995737,163.96778441317312
63,1424.189729170405,0.03588345586806052,0.00011793311651474338,62.32729724241065,13641.860345180809,110.90064100115823,9949.240779003392,1.2174470338660588,30.58006121013394,0.2506547242294197,164.83647427330558
64,1431.7590255604928,0.026490202366405202,0.0001184473662376878,-28.35728160528629,13641.730238963206,110.78799654142023,9983.403507597683,1.2190962465584583,31.60717761909728,0.25156726511433747,166.10642011046633
65,1418.7078941649993,0.0279988021729205,0.00011905625403395295,105.90649411591437,13775.983956693868,110.9078582219855,10013.89739112987,1.2179799154775184,31.12873966684495,0.2515528059127616,167.11076576084204
66,1415.9448382875073,0.025258889769054327,0.00011964306407957568,55.14295202947423,13859.39807478683,111.00837940153163,10041.32401548257,1.2208909490013025,33.71469032724913,0.25153795022841213,167.94082676838207
67,1430.3982229532821,0.036481137021747934,0.00012027700614613587,39.32511948720381,13927.092190868647,110.83991893142363,10060.837844479998,1.2204474941779049,33.015261224020634,0.252958009881971,166.59482638908418
68,1415.6329623330646,0.03431873568724275,0.00012078528298534286,-24.759604583625105,13930.978472758525,110.87984494808654,10084.46832060989,1.2200138802634284,31.422238090660496,0.25294206384525103,166.3452420145503
69,1403.4618219456604,0.0369124266724461,0.0001213112625483872,133.34940815944083,14092.74766304494,111.0156693908053,10110.46095181997,1.218279147687655,33.081300982158396,0.25292494169962426,165.28923450922633
70,1425.7102376998562,0.04060230723496938,0.00012180420814683697,59.6864559999309,14180.484075596682,111.43536901486115,10126.865564748743,1.2206728138822127,32.51510012734016,0.2529073789445271,166.95201511774874
71,1412.6748093973786,0.03977570850008416,0.00012225271107567436,67.33075479007073,14276.272239873211,111.44727981013459,10157.350369339869,1.2204816001006338,31.74735040291936,0.2528895165040287,167.81147586564683
72,1379.2162196043291,0.04094023055649221,0.0001227051631931855,63.3459481559579,14367.80282267765,111.70414839721722,10178.898343457477,1.2234549223423812,31.249092466558317,0.2528712874203782,168.07211168803178
73,1332.3311324499434,0.03747133279341508,0.00012314391806105717,54.54253047062306,14449.404083129388,111.46914544290999,10202.839138099327,1.221150926962736,31.32483490580192,0.25344228999612095,171.4293724135743
74,1309.0415643428155,0.03726504957909327,0.00012361484570906503,46.88140527566128,14522.345928921026,111.33943091163222,10226.530110890917,1.2229222065087868,34.362270528150255,0.25342373570474774,174.25859307246205
75,1345.8037863304007,0.055090728228770036,0.00012408298649506825,77.33758343411381,14625.213850388509,111.76450944991883,10243.285037444279,1.223116814548057,32.17927041235861,0.25358872633863094,168.6776895228617
76,1352.6655416881401,0.05573406772867717,0.00012435280826038667,76.84935298240856,14728.472481463185,111.9392306481003,10262.676695099,1.2190708195726006,31.204828158501876,0.24783575273836095,172.65275289328494
77,1305.880570326585,0.04813414278001327,0.00012461229927258392,72.36872928765732,14827.522267418777,111.41888182331026,10281.099715471008,1.2220919670951018,31.641784812773274,0.2599598363779515,172.93809667228751
78,1328.4331393167179,0.04794145964887919,0.00012500147093608396,78.72551110392294,14932.444671252128,111.51678071875604,10300.902761915908,1.222995047733479,33.95327730049256,0.2648606725095391,165.1463008408431
79,1329.6661268512971,0.049128528819126105,0.00012538820453839557,72.41562623796605,15030.978555891812,111.79786764915654,10319.741485630302,1.2231209660681162,32.134285428273785,0.2648379256553861,167.925073217687
80,1316.7535272002358,0.04896418480140885,0.00012575804963370232,74.38629226327785,15131.175825261442,112.02061386711448,10332.006665200897,1.224857161722806,32.82876804511622,0.25921033149160927,171.52449077864023
81,1288.23813667927,0.049579256314028375,0.00012612531092172114,64.87162408887798,15221.524114060543,111.73133909085932,10348.504861860527,1.2248113963156622,33.766642042173075,0.2591874345203249,170.4730439795427
82,1309.9927403643158,0.049495089476762844,0.00012648171929997712,71.5649611105923,15318.36973841213,111.32295631492859,10360.018502193396,1.2238296300025902,34.27231070024743,0.2633713730606699,167.81495266499968
83,1298.8545499717711,0.05583293687595503,0.00012682723316636914,74.84801187835993,15418.967759967863,111.50486218316543,10374.790347363945,1.226105258916278,33.28489968518178,0.26806279788705656,160.95411707967997
84,1303.5932798724368,0.05052514028003796,0.00012714219594907428,73.40964580067183,15518.122508337587,111.3386439271545,10386.50191886028,1.2258970011961716,32.79773136841024,0.26803672473374135,162.06428268734547
85,1316.0618334260296,0.051643950976058006,0.00012756287001086504,74.08461104783478,15618.0918515625,111.6027841209257,10395.974896709156,1.226077372441193,33.06117473304137,0.2680092644173315,162.0157168434738
86,1322.1033672439364,0.06032363309416666,0.00012799597731857782,71.20450209840047,15715.41438933531,111.69689022923775,10403.086573500157,1.2241586869390702,34.05132762503126,0.27555769911221706,158.5244386936133
87,1313.8217230791656,0.07210680981203088,0.00012833172023102687,91.01561049031915,15832.393755323586,112.17549269915281,10411.316597691544,1.226121544937559,35.19271632806036,0.2755287213043948,160.21384450005235
88,1281.0174264987188,0.0742531725006852,0.00012858727345208012,80.16660009660148,15937.919376792186,111.90556211979577,10416.237997143238,1.2271045392433613,35.72357085317684,0.28376788975305217,161.54706762892147
89,1234.444568019166,0.07884907814943831,0.0001288164720317406,108.50935781049304,16071.580426639604,111.47548354645183,10420.97061892275,1.2268035131378103,34.648170093654784,0.28373632016140204,159.4541500894547
90,1193.368392951817,0.08554139456039711,0.00012899321292271886,101.09784772657733,16197.203787047583,111.70926402855447,10427.086386969997,1.2271481135875912,34.87833466129993,0.2837043472107181,156.30435616326818
91,1212.907242538971,0.07683824544976514,0.00012909552256294357,61.51883103640154,16282.364829804319,111.92178947614394,10430.974132414152,1.221173964979086,37.27555997748273,0.28367203260568546,161.8865538302352
92,1281.309746584023,0.07360967499878857,0.00012928787984929621,99.05186987028378,16405.288704987557,112.45089332828663,10428.453343573316,1.2203637540693146,37.33353039714528,0.2921971463903079,160.2179816421402
93,1302.8665276338716,0.07249955441099243,0.0001295117080901375,149.76535426940146,16579.80396844718,112.40459178983667,10426.769071677807,1.2243937971389434,35.86530115233087,0.2921633598141608,160.73143416210812
94,1262.8978281644668,0.06985896636600553,0.00012974387668357018,35.95250745068756,16640.872259908476,111.83187963583386,10426.36396815085,1.2202528436569036,36.979548854832714,0.29212918389528864,154.82816205450138
95,1317.7497913897973,0.06453881065026301,0.0001300006097801071,87.09342641321439,16752.38144902487,111.57129581357928,10429.114146900323,1.219543315713795,38.560501516099706,0.2920946834830738,162.34064913720513
96,1257.8871290741931,0.061209955982890474,0.00013031023464659907,83.26820874142084,16861.350390628744,111.3545694494835,10429.345918416844,1.2200446875133737,36.34980678396882,0.2920596342615716,165.02657552322643
97,1228.246278936746,0.0565028581698378,0.00013065116521311887,71.85481405749431,16958.17329092922,111.18256966512786,10428.376866875926,1.2202132577065221,35.35511613576216,0.292024179734299,159.26382339956467
98,1227.6809026551834,0.06410667914152057,0.00013103783140772917,82.42108972730853,17064.87763974025,111.56142464772299,10425.992185970974,1.2423397790821091,36.36186446412416,0.29198826311008186,157.7244628251463
99,1230.0233006247736,0.07522974126308535,0.00013133890080174553,176.93264754757647,17265.845542010713,111.89140111044105,10423.39543937379,1.241761304279051,37.24303624229557,0.28544429104218705,168.8699911277661
100,1242.1077359916496,0.07744569939813384,0.00013151758253663421,119.7548351843217,17409.63209753259,111.52389086045095,10421.096273588071,1.2377617617713168,37.83241309904282,0.2854087293239103,159.32301535788707
101,1241.6029210892639,0.08103005773157623,0.0001316695816703076,106.83779309433626,17540.6691998257,111.85365759847178,10418.788453043995,1.2416245964603678,37.83851068961074,0.2853729075706941,157.26246889666305
102,1268.2347964964404,0.07826122357446841,0.00013178054453139238,118.86612855791267,17683.808568177454,112.36716503723747,10416.80529506536,1.2380405471868066,36.619647961147734,0.2853367648496446,161.6093203104383
103,1252.2595622311533,0.08658141127517227,0.0001319170770467888,113.14597783853804,17821.518395299394,112.42258493779944,10414.563603447328,1.2375453233103666,39.19164857648792,0.28782344999136705,164.0719840332956
104,1241.1271446143528,0.0891094047105142,0.00013195660153932602,57.378087529465745,17903.094827789795,112.07602818537472,10411.937257729605,1.2393145346194618,34.57918956075335,0.28808310193748715,162.8318116565878
105,1233.8951585365344,0.08562090360554253,0.0001319672075346292,167.87640365038007,18095.090712493788,112.197435864347,10409.99913544941,1.247471960220772,35.34380081443462,0.2880452916673663,158.83908380259237
106,1205.808753816579,0.08454252104602833,0.00013201313358368204,127.37346579755811,18246.489852198785,112.0767949444637,10407.644369816646,1.2477016462045383,38.45141485725113,0.29311944880483926,164.03971065243707
107,1153.3892391805366,0.07566542034500767,0.00013206961662848917,106.48242255074089,18376.347283469608,111.90544981082878,10404.672842944208,1.250850503774634,35.706459110148515,0.287968375838562,158.0282077354342
108,1171.5210118470382,0.06814555481413376,0.00013221841010257508,100.6198254603905,18499.708061564124,111.84557077695881,10401.700436505978,1.2480986047084615,35.18781685037738,0.28792918320264194,154.32418985256948
109,1169.7931465973288,0.059856620045241615,0.00013244437471850387,88.22473280700962,18611.189552168915,111.87579069721951,10399.726747105204,1.2462629476695748,35.835852511854114,0.28788959865203495,157.25142637855177
110,1156.0948042835732,0.075093850325477,0.0001327974366837191,88.78639617210249,18722.753818331013,112.80569950032093,10397.672529561785,1.2466623482152268,36.68515249071691,0.28784840991877814,151.74085553630252
111,1167.2319742534976,0.07507692210729777,0.00013298395244679064,100.57316553530629,18845.759155115753,113.0839105426752,10394.727465297796,1.2468195937129847,37.27615280215464,0.28780754596102137,153.08902794449878
112,1130.9481404205283,0.10050379969058276,0.00013316745078209054,104.4482544405588,18972.846223945035,112.6718393296139,10391.787740158374,1.2484671305200241,38.01362873420291,0.2877663722699669,157.6443629333765
113,1114.476797202718,0.09537416481420202,0.00013315285612957434,112.43540027613895,19107.3470381331,111.94552041454544,10388.852915323594,1.2533261966794789,36.56190951369553,0.2877227199908057,148.78958911467384
114,1079.0310874910688,0.0853720457827416,0.00013319103476653788,108.00245764389086,19237.097391247917,111.86032310561602,10385.91585074157,1.2629519031720027,36.84117703513859,0.2954834724260156,145.1481408635342
115,1185.029554222205,0.06838986877927611,0.0001333334324895866,109.56898911636432,19367.898564465337,112.16414443199618,10382.99054663543,1.264694408176759,36.320146346913305,0.3044202780999692,143.92505914631298
116,1176.5748639662372,0.08755890573468117,0.00013365352868576364,107.40344073543005,19497.799430822284,112.12252746878742,10380.081437345723,1.2571738106058123,38.33997265423992,0.30887362657208217,146.03363718005147
117,1103.8306174341108,0.08620858338038284,0.00013376532755851914,116.57433570577786,19636.998573907786,112.2492062091261,10377.187310344332,1.2595442382351012,36.55719184731572,0.3088266071194302,137.6832106700351
118,1081.7125777573326,0.11225734305788093,0.00013388874177204063,114.09862473364905,19772.89288362619,112.35037331002,10374.29310454541,1.2639559673914393,38.93796228919062,0.3087795113939257,142.96443382302806
119,1103.352027330048,0.1142951674568482,0.00013373216043151352,132.51267771331985,19926.822150849108,112.69159895081754,10371.402427762434,1.2737029393179733,38.420360668644804,0.3087323432412227,131.8720494813262
120,1123.2041125176797,0.10472081741223072,0.00013355319146223795,-112.79829816155234,19835.499752402236,112.68484580278515,10369.294501467612,1.281819737428714,37.844454440599854,0.30868512326355807,149.3604838174491
121,1137.882642839356,0.1082357434069422,0.0001334755621471433,330.18656210569327,20187.35072378499,112.83782331220941,10366.801871419988,1.353878158582446,35.93129048535247,0.3086373799172892,138.6172356059474
122,1143.5933279337335,0.10966319019580073,0.00013335923600182878,190.68768809821557,20399.972841789917,112.78868474991738,10363.920090603995,1.3018795164336654,38.96767948775735,0.30858958314177976,140.51241305213802
123,1170.5969249695002,0.10665719871513413,0.0001332267214881552,-100.67927668876075,20321.656591309536,112.8368315366325,10361.037211117991,1.2793522719645694,38.37451251723443,0.3085415720564857,133.75569263982754
124,1178.2630409154742,0.11790090429956979,0.00013314030551473308,349.7818849238545,20694.17663774591,113.02917760034553,10358.156445245411,1.3759270213136856,37.64103371929346,0.3084929093724462,130.17961481232686
125,1165.013140042536,0.10469975959763755,0.00013293275191448575,196.54132609049853,20913.743952608686,112.62402160221953,10355.285240830526,1.3109467973627904,39.281962998948075,0.30844438467029783,134.1822571264178
126,1153.1127006969305,0.10447817874231857,0.0001328650814315039,176.08643390983033,21112.70531802233,112.57276102528562,10352.416771531041,1.2244961616146584,37.36455088620985,0.3083954927457598,132.8135954223561
127,1159.0918682865063,0.11329990259238121,0.00013277666908049343,124.79203325242705,21259.906989704956,112.73419762793333,10349.53369684656,1.2402584571769684,38.42215784861958,0.3083471247572141,124.92419550573541
128,1206.7852354760312,0.10726975145022688,0.00013259325925135988,151.00800330102513,21433.86188014737,113.33480114811921,10346.651326817924,1.247576466195226,36.62142364491662,0.30829849082707544,123.48950705946383
129,1215.264668023673,0.09830876392935362,0.00013252777699271058,139.3710637077937,21596.759574976684,112.76890914334224,10343.76028699111,1.2523561352273693,39.954030073310506,0.3082479367061553,128.63195246810062
130,1139.5761879478016,0.09282993446629062,0.0001325554369375759,130.71187237509952,21750.969661243427,113.28434259409427,10341.241387771754,1.2641756621801827,37.453407336980334,0.3081978506384122,123.60888145804837
131,1135.4289134858861,0.08974074169752666,0.00013263943333036659,116.54127393327175,21889.858648935955,112.58911983445988,10339.265218384831,1.266461394598192,35.105527442987864,0.30814766687953216,140.5201742677113
132,1176.6182895574239,0.09726702443867596,0.00013275291363963758,120.47739814028961,22032.47493220944,112.8418571369354,10336.915010670751,1.2563767962465295,39.62714533137385,0.3080970410244775,121.09451398846221
133,1180.6984953415163,0.10091881195194541,0.00013278324835486633,134.43406611753798,22189.530014159245,113.32224159359446,10334.030006916757,1.2457928382130046,37.02796956488909,0.3184608603091533,120.60146170968996
134,1145.0021903794902,0.09497432294913455,0.00013277344940963736,125.1389936491282,22337.647036336624,112.68593653184892,10331.152298838451,1.2476404581356901,38.89127356051418,0.3270072250837345,117.93952056794825
135,1193.6297169093477,0.11272780158222184,0.00013291142391636714,135.77129453022448,22496.085914785894,113.52923745197185,10328.278265299705,1.2493405994428781,39.94929152096254,0.326949275484888,124.05386790869085
136,1186.675257412771,0.11793708682700177,0.0001328558450272852,142.92852282794135,22662.199348388553,113.82793753081596,10325.33590956564,1.259329877251269,42.84491416015781,0.352106664605519,126.85834587564193
137,1178.236431370102,0.1085738892995134,0.0001327438068997937,148.10066405122845,22833.13249708963,113.41550630761041,10323.809964367789,1.2702795391661432,45.79229084533611,0.35968755971475674,136.97253736943807
138,1170.9324948436308,0.11526951439236066,0.00013272947399714836,138.2053831620894,22993.947081302373,113.23301189655754,10320.952080560557,1.2645754265425269,47.39609747686133,0.3937005378018625,105.78133166592303
139,1107.7581529891625,0.14047768318451503,0.00013264263372273453,139.6475090093974,23156.167156020652,114.74212486050779,10319.099234329047,1.261315238808219,47.13290543231531,0.3812395909755816,103.40773798501462
140,1149.5696285561887,0.12297110427377456,0.00013228521688593312,166.10932001555133,23344.198123045288,113.5940901775085,10317.19738874495,1.2621927634195362,46.19101852431109,0.38499061273120305,126.31338305997724
141,1171.1271151530163,0.11699475831230144,0.00013211504471904298,160.82024882717457,23527.75316083988,113.7645876220806,10316.29721607898,1.2542405120719198,49.66446714280087,0.41219495668009193,98.41672737978419
142,1163.4199620023578,0.12010513845683501,0.00013200770654960266,152.49894019081833,23703.26179406543,113.69585500020997,10313.976322754075,1.2550489896790549,51.507145587576666,0.41976478665094163,93.0722836091888
143,1174.1957028471854,0.10374726993075167,0.00013186762669835936,154.61647752939768,23880.731189185208,114.33828171931229,10313.259217529992,1.2551293927086997,52.09011466342927,0.44364059673435924,87.9035808959106
144,1135.2304956321316,0.08957846985628215,0.0001318985715241558,132.29498436772897,24036.126012181183,113.89245882650361,10311.880250299286,1.2538217429004526,52.20899291464535,0.44229865520508904,117.53412136969895
145,1130.950492887767,0.08713933330016,0.00013207780858886427,115.0908109430186,24173.928496003995,113.24555444867478,10309.332101009777,1.250899428824733,52.02271968109217,0.4299894260188195,108.81643496129296
146,1146.9005898840846,0.08495750681513248,0.00013227942880667703,112.63052261951643,24309.33237816626,112.95181485726472,10307.65970263217,1.2447825656307852,54.20137311659234,0.4565560196868788,84.12314369138963
147,1201.0464033124856,0.08248213956775285,0.00013249888825176244,110.09907861793363,24442.681303798337,112.8293495389907,10309.601071005049,1.244742461095005,54.94429043564055,0.452424816081681,82.60456991318098
148,1217.8278835949695,0.07179194131089628,0.0001327415519948756,107.84606205998847,24574.198057365466,112.717579676442,10311.970878274185,1.2430800758334475,50.825421883577626,0.44576452866858435,82.43534194185168
149,1207.8293370666404,0.06174711272474731,0.00013309423614055502,93.03174613931739,24691.09030748007,112.27314449147796,10313.758100010622,1.2490616100613037,50.41948882645812,0.4434262954431425,80.87283825963343
150,1202.467918292014,0.07143495793100774,0.0001335906842064625,84.61191033291504,24799.404314106785,112.18953065722425,10316.74358497081,1.246387836690737,52.293312159607034,0.4465973064443055,88.05048394952732
151,1185.7161291980995,0.07216465317519982,0.00013397883605973458,89.84972082935101,24913.082710955627,111.8871265217159,10326.044935494683,1.2491720016692955,54.08290338072588,0.4409847511104791,78.18874914601433
152,1168.0985792372715,0.07948551816358285,0.00013435432156785022,105.3909166298275,25041.99752721142,113.11812564571844,10336.160927861161,1.253569196902566,51.738080401595894,0.43615692534322376,78.03761269112391
153,1165.0007098380013,0.0813807630626755,0.00013464676813756428,104.97505091394021,25170.373036236557,112.76911415204435,10337.412421583262,1.2533904131998812,51.0796091755338,0.45838734734408904,85.86336034222731
154,1163.4824536547978,0.0786243466652029,0.00013493653705599898,103.19260632360144,25296.987944464745,112.4369173099304,10339.29994241039,1.253762128813391,51.614356314785134,0.44576180474359495,78.26525077314263
155,1177.1779505124352,0.0717688601266726,0.00013529390861297992,-151.78473638211426,25168.483129161672,112.46858706500534,10345.793200375965,1.2522529557714968,51.86071648788669,0.4551842359127016,72.53295909524275
156,1169.1834375099425,0.08002688677029401,0.00013571995113982098,297.3251078087709,25489.287657169545,112.21011828349731,10344.05736785487,1.2629232753286512,52.504852414476616,0.4484242006005117,72.83890336251771
157,1135.4652555475257,0.08280341484400577,0.00013605200366351362,-106.73964120849746,25405.919682500804,112.78495772360037,10346.701413466786,1.2597220641066447,54.22853990674875,0.46125858110433476,70.46903599473889
158,1158.175335997155,0.07944150554482698,0.00013639006629057035,312.31306520220727,25741.108171855718,111.92402669874767,10348.781883608584,1.2761193598252025,55.92803601263395,0.49524001258449973,79.22317665659293
159,1182.4958421682347,0.0724898554466965,0.00013675889832394847,156.4850646764174,25920.847959242055,112.30078565185183,10346.19255561434,1.2571017283577735,54.8452133571246,0.4948765794658534,67.04200864469256
160,1172.6064589713872,0.07104854523266069,0.0001371970955059797,102.63736029226288,26047.19284060594,111.97656315501084,10343.597567092098,1.253885787820698,56.27485931497223,0.4801899579706106,72.39354186256347
161,1166.4599082821874,0.06725938802265075,0.0001376457105976659,91.46483734606639,26162.187903868056,111.98513767084482,10341.999109696566,1.254278625655348,55.73636916715499,0.4790424538917287,69.02260957464065
162,1167.3385858289578,0.06486347342938004,0.00013812894358199634,87.01491112092191,26272.64352975752,111.87111065934083,10341.498551956529,1.25279614852721,57.1431031921162,0.48460098737520935,63.47324541976714
163,1149.341718778922,0.06254302024652547,0.00013862496823032914,84.32143279261308,26380.444004006247,112.06178152272044,10339.604457543308,1.2551284213129417,52.67004549758591,0.483139523334757,62.65414258107296
164,1169.0309246728973,0.06663335109722013,0.0001391833969449135,83.4595682460778,26487.159169244173,111.77772100008721,10338.164564356786,1.2585729743746392,57.681022913339206,0.48365605644474213,61.72659066582378
165,1164.866233417479,0.06940010677020181,0.00013969091688361676,73.3603417222588,26584.283313888747,112.17176573671094,10336.756405033273,1.243658510849235,52.92372115276742,0.4762179020462627,61.8458893369352
166,1166.0558343329355,0.06635642195399583,0.00014015950846289584,92.0055682755966,26699.92063310572,111.6062158539384,10350.015282522136,1.2527321521770245,59.47491471345457,0.4945234047146217,69.49447238738539
167,1156.7024809086543,0.0730722810852189,0.0001406533829822936,96.33324663048259,26819.922938046984,111.66315790900708,10370.08428791302,1.249691810881838,57.64890795453402,0.511670776802038,56.274385606167016
168,1133.1552910633854,0.07712132738813915,0.00014106394771626612,-144.26979217703615,26699.162742198117,112.22014861137136,10386.854646301095,1.2494325470552576,55.32025469506273,0.5072898960451752,53.482285864012354
169,1118.6035933674543,0.07842726753847118,0.0001414535961140659,301.86209945421535,27024.122797397657,111.6022225698754,10399.216680025906,1.2378706333778278,59.58382775650211,0.5181283232503184,49.29736457793605
170,1123.6846335594314,0.08604568627744325,0.0001418402595412127,139.78822737615295,27186.877071997464,112.15627612378279,10415.47559619397,1.2561120085968374,60.02256223456044,0.5236044728601895,47.59660939316974
171,1123.910699551672,0.09798677139714895,0.0001421413712539429,128.32133733774643,27338.16905089552,112.30363991390044,10424.200616692788,1.2492421083401508,57.00953763989677,0.5155291747637896,46.39354490542382
172,1105.969615868144,0.0942927457713234,0.0001422896087418949,127.01202058359115,27488.165220476123,112.55182088477616,10439.416633803396,1.2533362990915975,59.24833395007664,0.5284331774565169,43.19022265689317
173,1132.6614807666992,0.08325205779801548,0.00014247373923110577,111.83187630999575,27622.902107323796,111.92365265590323,10451.116817807257,1.2585455724420294,59.99874995540712,0.535187985829555,42.10588735131482
174,1132.3332321085109,0.08050683080106091,0.0001427716694709806,111.44119632649534,27757.555332806925,112.21121953512962,10459.700444400825,1.2561336663097928,57.54108744010897,0.530385521954876,41.88298329455132
175,1137.9687256435973,0.07354099311827988,0.00014311927723594328,102.07272648049062,27882.86128200646,111.98251260012032,10469.021293716087,1.253480107229116,57.42285583559308,0.533391964236953,41.393189577805245
176,1146.6721623984438,0.06802846874537938,0.00014353602013908494,90.9059499877747,27997.133413689444,111.75628489275385,10473.189802148378,1.2567247853532262,57.49369064327849,0.515300601138938,43.44737727644451
177,1145.3586875747815,0.07066532423960392,0.00014400591394489427,39.17795887369334,28059.82804510904,111.47170801580566,10482.457611350734,1.2631550438067933,55.62966407525709,0.5139437601137109,40.09853464797041
178,1140.7177146577246,0.07465511384325574,0.00014450279487244566,134.61161621426686,28218.01289956191,111.40106047235113,10485.36449775625,1.2561685445044322,54.546599247544634,0.516493789659316,40.02668966747747
179,1153.1992086429698,0.07081377677549716,0.00014494016124146758,106.53341147203517,28348.056518687656,111.57904142193954,10347.839417556743,1.2645847884528436,54.72306169188694,0.5169255966274339,37.80068043261551
180,1154.8543976969981,0.06319645936626306,0.00014541286759963754,84.77994935576157,28456.475760160538,110.76695671111953,10352.715920208804,1.2628879952288585,58.71814781051798,0.5389948726713788,35.47970503451499
181,1136.5460892426922,0.07551787808724719,0.00014596061704539952,90.85746495620546,28571.05147861746,111.31774875199633,10357.396939749053,1.2628534096167814,57.32611506053879,0.5177450377910074,36.75427671650664
182,1131.6443962692888,0.08196662641999442,0.00014637065884461626,98.69429471775521,28693.13831975886,111.42018397149478,10368.633380947094,1.271399402744257,56.669380156036745,0.5182072953440093,36.97099127695749
183,1135.6224378936815,0.07515371242683988,0.00014673957635622924,107.14313032835446,28823.648593485268,111.85707489332219,10380.493469488805,1.2675486594495318,56.45399229804205,0.5221269710804283,32.97094588524581
184,1127.420760306246,0.08430494453241655,0.00014717571797473564,100.3089606242751,28947.426615881555,111.82648722655355,10388.575521560411,1.2685698069585793,54.77019764368687,0.5141401428937514,34.628262212190194
185,1123.244938651206,0.08781825575564672,0.0001475087189593299,111.80847440452698,29082.53707737471,111.43628976662094,10396.023788618617,1.2666543637473715,53.723873919950066,0.5126521668727321,33.96016295002552
186,1113.0261776266432,0.09199119577032355,0.0001477993553250291,116.04141893580791,29221.842531473623,111.39479815915156,10405.212477203218,1.2652098020470297,53.7268620731799,0.5128762359394683,31.729755115914585
187,1118.533806869285,0.08597414353310717,0.0001480409352517379,114.22783459169972,29359.130566909473,111.28472992422421,10410.425353531922,1.2623494531770845,57.605084602319344,0.5561858590747041,22.416692564933456
188,1120.5049385524728,0.07898780136756745,0.00014834197121036646,110.55223274014108,29492.85889479739,111.60356497515585,10416.220552553852,1.2648800475061504,62.74964224840748,0.5990734769036986,14.294984363881909
189,1121.896362687772,0.0751121584935519,0.0001487126162916387,101.92296622473765,29618.051245749986,111.35461494702322,10419.071499800004,1.2677459347871767,61.39920984836267,0.5994127045303869,14.242417155789724
190,1120.090157965414,0.07391953480087177,0.00014911924825736166,93.66951327093068,29735.06256473743,111.14840903129092,10432.528323134753,1.268476389666057,59.330943434367924,0.5988284235938337,13.12251828017233
191,1111.674752517773,0.07905323337602332,0.00014953305090592502,94.57726236583426,29852.966938395544,111.11505678332529,10441.208268746705,1.2674445365477904,59.52597597060578,0.5882421518426157,13.587161291907933
192,1105.5481281380978,0.08794571041261368,0.000149886662285227,103.69155281681475,29979.844389404123,111.1482692555204,10448.246664415059,1.2678058229862752,57.421911693675355,0.585600843559876,12.732391340532942
193,1106.008789153035,0.08159276068377053,0.00015014055105133528,110.97686974629974,30113.91074327248,111.3878071609339,10452.541526707275,1.2683021825560146,59.24716965884092,0.6062767908889727,8.11793790930274
194,1100.1676976800948,0.08602409999424554,0.00015045769103339533,107.07047695484272,30244.147724391554,111.16986095621998,10459.813362557576,1.2686748442789044,57.83236936204655,0.5856580292230354,21.493122706203707
195,1100.5752901611577,0.08544149299091253,0.0001507228612745552,106.4250149076797,30373.677222989718,111.12403513315564,10470.889514475828,1.26885961788336,56.4017916842902,0.587066076954198,10.119410404939984
196,1108.0088934091,0.07324648117901422,0.00015098980971267552,74.30639388714911,30471.060901818153,110.75713624394426,10479.543472347279,1.2618604733797953,57.858193190935076,0.624385996644472,3.861398847142283
197,1082.1983349743566,0.10180147456306898,0.00015139632783920423,124.4723221427,30618.89681652105,111.51819938687468,10480.50978044905,1.2651301516625049,56.10053717044907,0.6116333079281198,4.553244276661289
198,1092.3379446315573,0.08404728697859942,0.0001514935079182088,130.70957390069563,30772.44260981573,111.42711518463607,10494.823474329316,1.2623971927647908,56.342660025423754,0.6968660947844583,7.747708230825737
199,1065.9580774240262,0.10668247339595882,0.00015179908023941737,121.13970749421154,30916.625757436403,112.40734526968762,10503.947219114922,1.2651885467936468,53.841039141943625,0.7154426772277203,7.507133217329198
200,1065.584576189397,0.10959372666034595,0.0001518925658783581,135.02084842666557,31074.233439890988,112.06524968688669,10509.149766762586,1.2668530532260076,55.673670577387384,0.6994281309921085,5.720985066549133
201,1061.8310602116078,0.10598028235232237,0.00015195176947142635,135.92109591991243,31232.698625346424,111.87207496640052,10512.5989357267,1.2679919449244308,53.3293816854429,0.7255283905901918,5.300090037391456
202,1059.3922056776253,0.11487644203029468,0.00015204645885036837,136.34598602854908,31391.51523641408,111.83993652589584,10521.571639408172,1.264406068045233,52.454474462448744,0.7146126726339993,4.493057917791674
203,1055.8866897043986,0.11148283162894779,0.0001520432669082976,143.3527496462917,31557.126011707194,112.36456750542409,10525.596601510048,1.2632723388458602,49.98746904584043,0.7546495096792741,3.308356460225639
204,1063.8084096279729,0.09747010911480081,0.0001521942872420641,137.1765636707155,31716.65087961301,112.3267400346887,10526.777949062662,1.266242244156992,50.81915113002164,0.8003154353398083,3.7704503342198166
205,1065.5424829848882,0.09735809903915715,0.00015252951250352412,125.13739269855583,31864.34833814584,112.24680846900975,10527.268434055097,1.2683084184905027,49.0555125035719,0.7733473456046567,2.995010110518905
206,1058.597539109373,0.10452999244790762,0.00015286058681897148,123.30295143248642,32010.20032356902,111.89240771939059,10528.849141931085,1.2736890552044242,46.762377380596945,0.8023809036215273,4.272581876826436
207,1053.7963937186414,0.11190762814311705,0.00015311004631306227,133.83782888356777,32166.46847412625,112.47487554922526,10532.474472698037,1.274224367378777,46.05250441400743,0.7926207353947146,3.695669484200323
208,1046.1343771111003,0.11536879405980105,0.00015331665128172557,133.41131034195948,32322.247807438613,112.36903403370808,10535.593207838947,1.272240257933959,45.72998439004955,0.8095748178746708,3.320321444935516
209,1043.471569325131,0.11436060699969297,0.00015348205343281165,141.0283350960863,32485.50701442082,112.38499604443697,10539.636369149239,1.2731361181215959,45.65064911392036,0.834442643420514,4.207694269246417
210,1029.7658010360672,0.12707773751905616,0.00015365407523379673,149.0463902869317,32656.79223584065,112.83819829099602,10538.391095364901,1.2750330028958095,43.33251961114243,0.8472944081722075,1.8263392074443203
211,1034.7168307360764,0.12099812586662406,0.00015368691358785185,159.17570499784856,32837.97876948958,113.48655025943293,10544.339652304963,1.275017501575702,42.8177085978409,0.8319072189756954,2.133746277095298
212,1036.15617198299,0.11614940115720485,0.00015378134932513728,148.57916722034594,33008.71974880707,112.42382445391289,10546.46625183621,1.2744645517453501,45.84932995108639,0.8297148156347827,2.4264165333583634
213,1029.1416754480504,0.11960046135199631,0.000153923823064682,135.82884394722652,33166.75415946264,112.74001132743216,10548.190692767505,1.275634703205762,44.6228986581891,0.8303751432276764,2.2038091789556375
214,1032.6860305959503,0.1178434544942153,0.0001540256653922504,162.11274080303417,33350.99246525498,112.9923121929434,10545.961592730375,1.2778435937040393,41.73708032708096,0.8429164891065865,2.429947851820586
215,1035.6229782074836,0.11244376838510162,0.00015414260431574194,146.20667647170623,33519.31468122444,112.38786892670689,10547.854465274537,1.2762176411445414,42.454309382068566,0.8449346703949872,1.7811955751008668
216,1027.132913092326,0.11879333016311033,0.00015431320110658052,144.91353823663334,33686.41013543271,112.60538319376234,10546.260428401285,1.2812126741375787,40.78916867715004,0.8408170336393573,0.8667508459938773
217,1034.3100970694693,0.10823772240599083,0.00015441212895616013,146.87510600923656,33855.31122647037,112.55795529973499,10548.9507909197,1.28023264132832,41.73132785360751,0.8352856593151192,1.5115817616949982
218,1031.1607597441898,0.11154205782481241,0.0001546202911678872,128.43327081085855,34005.93103678793,112.55137120644754,10548.92716570148,1.2744810893771332,40.83729806262928,0.8339792092385793,1.2058898632070054
219,1034.0645104215264,0.11078629577450239,0.0001547889099128083,150.54135707825375,34178.62547719309,113.07570539796586,10553.292349793199,1.2838383889625473,39.06139909101405,0.8351550110091505,3.7336070962069385
220,1028.053227037282,0.11721113448328369,0.0001549614904846225,129.07091364155562,34329.89372086919,113.11230028154058,10552.95235593306,1.27250823287191,38.54608101371416,0.8330759559476583,3.175724300443818
221,1037.251531787949,0.11033019470742667,0.00015507619538537864,153.7663299074265,34505.749645492804,112.95608494383343,10553.219493324174,1.2781488635558245,38.106546820233326,0.8147472333446496,4.479493869032993
222,1035.4769787868102,0.11336463028859856,0.00015527951976302315,120.21380217422274,34648.18962967934,111.99723353085112,10552.58464840046,1.274085027684404,38.75026010037493,0.8118384970520289,3.3580003762388486
223,1027.5020916246817,0.11770562682186414,0.00015544659562099575,146.32473475096484,34816.72673509702,112.95831251676488,10551.392883886461,1.2775565710927685,38.46142481333925,0.8341897130402465,2.558383117129779
224,1022.7500244088735,0.11536796673616856,0.00015554769760769852,144.07697465259244,34982.926939280886,113.27187701550938,10548.960363620617,1.2760460554408093,38.66269293997864,0.8618835049978236,2.6353553155271925
225,1018.7085937661222,0.11446553092073719,0.00015581264762472397,141.8934995938955,35147.00980623854,113.32047380780136,10546.796107215265,1.2733794505395692,37.70313726083235,0.862539563864873,1.9158219379380625
226,1021.2112085510282,0.11008153305608692,0.00015608211419409487,140.94101522382002,35310.05278154316,113.47625552189035,10543.87499087955,1.2777490762005301,38.675476915336745,0.8727771905841216,1.4597907864802124
227,1039.179066534541,0.09182963138742062,0.00015639296506749956,132.91141057429738,35465.12082795349,113.29092458702554,10541.639605884258,1.2802580214051569,37.6769700208084,0.8763346340708323,0.9488703554239635
228,1035.5608416642124,0.09761876475820797,0.0001568925939053603,118.41769972531443,35606.01955442122,113.41429698328263,10542.604314180386,1.2816744644511482,38.838318352563306,0.8829915375919402,2.2182466219141332
229,1037.577507836299,0.09534849294117376,0.00015731748773417328,124.76141363699276,35753.189781618,113.04219147824804,10540.0758102379,1.2832293433051774,36.91790231289581,0.8785530565699575,1.0123922803519747
230,1023.3759934972541,0.10986020642359129,0.00015776027182174142,122.29470705331775,35897.958345487816,113.28016574258851,10539.565183182372,1.2809249118462513,36.560813655397574,0.8821415263261325,2.175609169225851
231,1021.3067713594936,0.1136193976151344,0.00015804225564736857,138.98510274419826,36059.14177087978,113.44396938391604,10536.508563243777,1.2769164692526487,35.80269986657427,0.8687091013807859,2.912590573742065
232,1017.6612267679506,0.12050722817587445,0.00015827943569188743,143.05440841083234,36224.35168464018,113.10721790987965,10533.48707328362,1.2775251829698575,37.45739797289952,0.8373620849103702,3.4435568726118646
233,1022.406501143029,0.12211018791956363,0.00015843850699690337,148.26491512912747,36394.676733406915,113.60927179611434,10530.461544232016,1.2764855163284556,37.420492571440796,0.8215699052216203,3.500822627779371
234,1004.6960097766511,0.1387641632204667,0.00015857629995167258,159.0710852378617,36575.75967153243,113.98064974918898,10527.450169643342,1.2752873807662546,36.328427208907385,0.8111978426715963,1.2977929456001789
235,1005.024298639318,0.13582649626178067,0.00015853279080753452,164.73135442610095,36762.117158516114,114.55652764747761,10527.985397120414,1.2737214503810037,37.23066522562986,0.8028210258435867,0.0
236,1016.4394967607369,0.1291583113537812,0.00015851786672661122,160.86979824926865,36944.6060051347,113.5526857112657,10527.08893173381,1.272967363873676,36.45294994126698,0.7946063468403642,2.082188966688875
237,1013.2051536105861,0.13500896208986946,0.0001585597472576305,162.2679685811487,37128.672993575165,113.8931406884023,10524.072964251776,1.2723938812255833,37.175872979822586,0.77731826948655,0.024655308211933402
238,1016.5041179690942,0.12748413743357367,0.00015853608898535527,163.8586025101182,37314.28467579319,113.29541295315629,10521.064141427709,1.2720253764252711,36.433843381741426,0.7614264667713133,0.0
239,1018.8883218196349,0.12451957497250621,0.0001585892732274185,157.12136231684048,37493.22089722597,113.44126130811247,10518.26984739544,1.2731063005437009,36.50743254178346,0.7537734055747094,0.04033750308650497
240,1023.2709119914841,0.11725271360119116,0.00015867063873132057,123.08225076678093,37638.11594875189,112.75875092513466,10518.46078535983,1.254411526890551,37.467389765430866,0.744244976481614,0.0
241,1023.1952489394989,0.12187521784721222,0.00015882515771259065,156.81120807268653,37816.81629816291,112.62093789840036,10515.943910666081,1.2704669611735193,36.862741808639484,0.7301064783381941,0.0
242,1027.1478979640176,0.1135068463135589,0.00015892637378147955,116.79730361527535,37955.4814266578,112.45751270799616,10520.434769922922,1.268255228481328,37.00795479157395,0.7186545713467972,0.7986922483767529
243,1038.8606539579957,0.10804862923702752,0.0001591129205541507,176.99347701661307,38154.4578052608,112.58878345666714,10527.294134590671,1.2700186248323246,36.11208599742957,0.7074050309358985,0.8628568807558139
244,1035.9417019059351,0.11109081466061521,0.00015935319105893329,136.46791361273583,38313.163897074555,112.0581649876692,10535.995968010517,1.2762289169734788,36.919463131158714,0.7046100196901863,1.8630928088047085
245,1027.2540091328779,0.11178833021205814,0.0001595471033154685,137.61290879948623,38472.94651963815,112.18352996731755,10543.40749301441,1.278162773661131,36.79389474808487,0.7177578886976718,0.9483146167069094
246,1027.0993559399835,0.1209616853024873,0.00015972921501611117,141.14408924042675,38636.075971710205,112.84098737771211,10544.213541087698,1.2747396902982044,36.70014958574558,0.7000600552030009,0.9853766537126205
247,1016.3780208997073,0.12977157653434668,0.00015980943843238012,147.35741824116312,38805.40467590419,112.85913468265873,10544.568268919726,1.27551547108877,35.91013973213551,0.6906054047696693,1.4053673102850297
248,1012.4135227200218,0.13248837214371223,0.00015979242068019263,158.83792869973354,38986.028936074326,112.69921128739148,10545.001010129656,1.2754332604429965,35.87039541015896,0.6784633028216681,1.5796714476657172
249,1016.8291795399972,0.12810282120271166,0.0001597437368288851,156.35051272342727,39164.10591627887,112.4507027289747,10541.850122620532,1.2751081414050007,35.81283481116199,0.6702252753336726,3.0978137587474492
250,1016.1166082773773,0.12480273145860366,0.00015973920199669137,127.12189472824647,39312.94072287204,112.16754519779813,10547.21776040295,1.2636853238309047,36.027569382438195,0.6612070478091698,3.0041901545287573
251,1012.1073321815965,0.13626775580528372,0.0001597664163999501,150.27794972653462,39484.92832166759,112.32982397732675,10551.923336307551,1.2615608074253897,36.11814129468807,0.6690047695587092,3.08552000166614
252,1009.1766995810158,0.14610677770823532,0.0001596685648092332,178.0030039692405,39684.511649077744,112.30492305162595,10550.259044102238,1.2684573809130766,35.46362546152221,0.6567005449457473,1.2725100207211568
253,1033.5325145456839,0.13736619122265092,0.00015946390384757655,179.38345298864436,39885.343111754635,111.51871838562617,10548.254747951534,1.284837597219858,35.84563896415531,0.6447310838320116,2.531445436023205
254,1017.099530440892,0.1452108978207568,0.0001594950551627206,179.1190734086046,40086.51068725475,112.06037924671595,10559.942921667223,1.2846802003597348,37.13729729666032,0.6289960236346038,2.0410628238784767
255,1015.519649389102,0.13747848332641088,0.00015943937325647368,184.47241142702148,40292.735810098085,112.1955604426934,10562.599835412266,1.287919715456582,37.471103463160304,0.6235645524485005,1.6346424089120006
256,1022.8843282611326,0.13132339851769836,0.00015946349486442417,169.88081824521439,40484.518547168074,111.89580228052613,10562.382507344779,1.2894419786154154,38.59211207534522,0.6139645633752099,1.9572265288595077
257,1031.8463202935218,0.12328838766934813,0.00015954944519947493,166.93172628199864,40673.48733213833,112.23786838889764,10564.239370635818,1.2895360273934802,36.99132853174012,0.6052430180519284,1.056832061893303
258,1039.7713223764176,0.11776776739904937,0.00015971712408307888,149.170307571182,40844.884190828976,111.99238747959797,10565.38007229666,1.2951997455596187,38.80422796169417,0.5963936368838579,0.0069173081795952385
259,1038.8140060788744,0.12188627755260362,0.0001599391631729308,154.64612824045915,41021.932999150784,111.87745308572964,10566.856616057405,1.2933148414053004,37.424780067923415,0.585075895192576,1.2767346444381502
260,1034.2819102952913,0.11729697855887933,0.00016012280510714654,124.29433309542011,41168.59596013372,111.13698324872438,10572.46606389002,1.29010035078515,36.900369247135984,0.5794684377005869,0.7762641258041754
261,1005.9484667220775,0.14294217738280157,0.0001603502535002402,158.8905202920109,41349.69541022845,111.1383394281695,10586.756337469476,1.2939140407572585,35.830306594006714,0.5733208646043851,1.2669987686322628
262,999.0725987747833,0.1592313454571156,0.00016030000281708862,184.41469602565525,41555.68380759408,111.70394857461636,10592.421395665859,1.2869104324752647,34.319473950680155,0.5657209743140384,2.6806305779561086
263,988.4512260209673,0.16272907052467922,0.0001600737176383978,200.77973777088536,41777.88864907161,112.4639892037154,10606.693533540338,1.287720003676857,35.12166786801775,0.5580564742092405,3.260582673796648
264,994.4785516105405,0.1538544725044173,0.0001598088426692652,198.12509620803468,41997.14287789237,111.47351732906796,10625.770207526157,1.2886974653533054,37.229514569440525,0.5510760948826925,1.4652752440429708
265,989.079720993612,0.15132419988924506,0.00015963769940469753,192.7608869560607,42211.16508062295,112.15263225437539,10640.187954355486,1.2881546783808853,36.41453265943426,0.545093129087983,0.9476697006135737
266,992.5048646065002,0.1511564943729995,0.0001594915773550168,183.93240047751615,42416.216797584275,111.73002115839736,10652.03505026245,1.2914766426256141,36.241991941509674,0.5390884495217579,1.265169147887164
267,976.3856344436304,0.1553618847869087,0.00015934720874831324,183.18801790567787,42620.612632897006,111.54521450184062,10663.424707397835,1.286988364802738,35.77833824005095,0.5334188151826174,0.9965505290675338
268,987.4372753901448,0.15347291062039248,0.0001591561174993021,190.86073168657623,42832.36624810946,112.50347329819891,10678.524306334442,1.2899826130827616,36.303584155150354,0.5278394058818766,0.3292625640355311
269,998.73314463587,0.15237768156488207,0.00015898350858073115,187.226142872156,43040.71326907632,111.35442990050166,10686.490971591813,1.291707694954139,35.370580782955614,0.5226987785792935,1.2440404771767817
270,1001.8227544586433,0.14660233045007387,0.00015882080190933947,188.50043207600504,43250.57948385844,111.87731119645517,10694.84580071675,1.2904396057764187,35.79578931869449,0.5175258222216494,0.5507795277346901
271,1003.5267522233003,0.13236927428509015,0.00015871772454611313,171.5974158998012,43443.62040482118,111.50933771228243,10714.378518364727,1.2903812817431894,36.774038728958004,0.5127362478291896,0.5389255581773966
272,1000.8068559697065,0.1271329709766441,0.00015875979197930951,167.93069777404804,43633.01230295998,111.82609171940429,10741.353952597448,1.2936495121586475,35.991393146089194,0.5085228528248176,0.5219667250518967
273,997.5874180020231,0.1394336066507479,0.000158854216225901,162.7841575783136,43817.18958268105,111.83528883037928,10759.602037246033,1.2947204345830174,36.40313070011234,0.5042647480360065,2.8051217369301185
274,992.2447378885297,0.14467316036204858,0.00015881401211503994,164.27556787850045,44002.77271533866,110.78190505793377,10774.848300073398,1.2924758021566307,34.6586265425933,0.5004535751297954,0.7854490767956861
275,984.7503533386032,0.1504916023281191,0.00015871533849506946,176.55103693885437,44200.4849572053,111.2125814955684,10797.015889969589,1.2914534734084415,34.58354197626424,0.496177397538397,0.8271413452999496
276,982.5265094336842,0.14517822238226818,0.0001585524861130249,175.85046429271802,44397.35063085113,110.86874579694573,10818.17033477681,1.3038586051302643,34.19744357670616,0.4920997882213271,1.3207638946433633
277,991.0115377504673,0.1378215222811473,0.00015850281710678217,173.64360564432698,44592.08588296536,110.74139587601366,10839.911860235357,1.3045934795524943,34.99492422610296,0.4881180692407206,1.3527854999915405
278,987.9974371264234,0.14046275752474602,0.00015855448030126462,173.95624852323962,44787.334223115104,110.5399490267865,10867.128625904796,1.3092732640590758,35.438359887383044,0.4846175120850209,0.9463968482790222
279,1002.5109834473258,0.13068083619089843,0.00015857809801623005,156.1191314827176,44964.71489264016,110.16517242679883,10892.49154828436,1.3030064841631879,34.301679612980934,0.48143340265355034,1.398286728208376
280,992.1706324981878,0.131682357347774,0.00015870401803892768,140.56596303176877,45126.723301923965,110.43580270584681,10922.85122159352,1.3048643080871345,34.11142517242909,0.47805220413864996,1.630152687201388
281,948.9661495516779,0.16721103315067054,0.00015881579817081634,176.53633597148632,45324.482817699856,111.1119586876614,10954.532996673131,1.2925009398733662,33.819256082872855,0.4747932463568483,0.9280171479226169
282,965.1504187845729,0.15576269392571418,0.00015854794427046633,183.76301448512774,45528.58051386047,110.96747981683555,10981.97295030636,1.2922327014176698,33.17666383555505,0.4715803908863337,0.25288635722655783
283,956.7027225920265,0.14818606118246314,0.0001584072227706761,197.89325068423568,45747.06040862456,111.14548273019597,11021.304784814594,1.2881512142393043,32.470005676597395,0.46827521791455146,1.1534500315721914
284,959.6995952336935,0.15516701075351602,0.00015834725245786931,187.58608729560493,45955.08542823731,112.15408715848785,11054.888182515846,1.295847593495749,34.32274425330786,0.46494091768358087,3.7073414020903215
285,965.8504655889338,0.1537268330348659,0.00015802476532836068,177.14733787901548,46152.632650286716,111.62391869265505,11079.324078771539,1.2939752262666875,34.11266865517931,0.4625037778677307,0.9363754815214804
286,964.7726372964032,0.16224191184597347,0.00015771760652048464,180.01634468625863,46353.20512876681,111.57959079667829,11109.613908095782,1.2945877292545638,35.86644265539865,0.4600197622806138,0.2400194000162088
287,956.6736666081869,0.17200679518660766,0.00015731877087163227,197.4209415484382,46571.157583654574,112.25953774787149,11134.813524268451,1.289776577011754,33.78185923053431,0.45823048624992513,1.5090125751874268
288,975.2346110657844,0.1661555799550497,0.00015681257790665215,204.2400091843096,46795.77627420387,111.72417866965436,11167.614555855867,1.293742142423133,36.73303498751771,0.45422332836640106,1.2205405284228306
289,982.5258248453598,0.16399862930972087,0.0001563714378187483,195.6358800944432,47012.195015319776,111.06215467442401,11192.529070325883,1.2964266457807234,36.93122106894947,0.45473275994220685,1.1058210217790503
290,993.6124930460068,0.1517918442312678,0.00015595134041526118,158.37136046782192,47191.46619977182,110.18379963783919,11214.96239393423,1.2973819200911596,36.213610995102044,0.4536226460017557,2.596569147826642
291,987.5235807875949,0.15460100624334483,0.00015565418442990087,223.1540129688755,47435.76841938306,110.17182183555731,11228.322465995914,1.296657095193974,37.33961475606446,0.4523724124275984,2.6416262121860683
292,989.921009423317,0.15810317648104788,0.00015532537497614735,187.59328914891623,47644.37246801483,110.32061512704604,11230.641126725568,1.3036786353471677,36.582720263867756,0.44935651104965346,3.3718003960102862
293,989.3662314778658,0.16088612499173682,0.00015495888871174023,206.01824437821264,47871.44782827442,110.70956858708088,11234.35777857445,1.2997584172475216,38.07594225080999,0.44803935712615894,3.519329049794351
294,994.837215212405,0.15497130616981702,0.00015440121158605516,192.51075603830068,48084.81921607687,109.90722110532062,11238.896170372565,1.2982989155938383,38.509020057974524,0.4465326019990801,3.1139273226643382
295,994.3765542404443,0.1529499819061355,0.00015394024501092765,194.148863338546,48299.909602572785,111.05128937307043,11245.040105731225,1.295951710379148,37.67678595382843,0.4451377517774927,1.8257060082131318
296,986.0859407826512,0.15532527244843997,0.00015350064921365844,207.48452369261503,48528.32710876545,111.02517152854813,11254.952084058017,1.3155601528509335,38.2607604613561,0.44663207957245266,1.9112877281407918
297,980.4856363052804,0.158166186123872,0.00015303069727398293,188.7250342438067,48737.839527414064,111.81267969019264,11268.484774720051,1.307852077021944,36.689145829025485,0.44982321809014436,1.9732644300315485
298,978.4411964972712,0.17221996711864873,0.0001525424465411266,162.86515027654107,48921.29462513215,111.25147697386635,11282.867891529924,1.2834627682789603,35.42799690379353,0.4489518840510083,2.896842859229821
299,967.2383626336762,0.17989389140096357,0.00015190913354438314,234.10868791207864,49175.9556644656,111.28054897542471,11297.166297097865,1.3028225446580455,36.562510840776355,0.44774372440198434,2.417915991088293
300,990.9623717191088,0.1711470554847141,0.0001511875140589901,208.78713965704063,49405.06459848903,111.72902855222955,11312.094444242905,1.3015180602325325,35.58183451389837,0.44692715592869875,2.3644840775147173
301,993.4787630330466,0.16834214729069785,0.00015056426909723996,161.21165776232914,49587.096414791435,111.17045951898079,11322.125738425084,1.261668007255118,36.07562880267935,0.4458276447753788,1.6404696706454729
302,981.30765606226,0.17125880270725857,0.000149968432400371,203.6541391103182,49811.59960113231,110.84626795572252,11326.699297397658,1.272978087347514,35.47116480148966,0.4449290217638933,1.725442617141269
303,976.748458306474,0.1769474095232676,0.00014932730881836792,249.8141849486508,50082.02868690685,112.50355109121527,11331.046100746476,1.2944527789692528,34.38854812319695,0.44388355356341985,1.9917058019733247
304,965.0079827332384,0.1920702789430968,0.00014864547837398212,171.9065367302734,50274.45888504649,112.36293098702478,11333.5519569001,1.2754345103706175,33.484651404074356,0.4425449219930203,2.9690212232699196
305,948.9837287785003,0.20331872054745448,0.00014780717206805806,236.38941905585003,50531.10948539018,112.45910580789092,11337.64409296705,1.2742951184655436,33.792313066138945,0.441015198148162,1.8319589036045159
306,962.69698163241,0.18921033076219484,0.0001468480221801378,237.57586646882635,50788.63044734893,113.02721020385265,11342.645809758122,1.2805069063232515,33.91198870387518,0.43962949296194204,2.6542342244220407
307,953.724914279324,0.19898485958440948,0.00014604699822903143,252.46643445486154,51061.32577521229,113.177612367444,11344.927451448008,1.2931624527476406,33.639525790707054,0.43839228533422625,1.8966072242229757
308,953.3920301132762,0.19903577567673358,0.0001451424096276786,235.70587690812735,51317.0853313204,114.06188445986884,11354.762119579806,1.2968153499281214,32.54923861135075,0.43710386988530797,1.8963302852185393
309,934.908886336973,0.2140385675813642,0.00014424592040503714,205.584395169784,51542.78337537465,113.30207654906951,11357.492981241972,1.2813314870506636,33.222811069238254,0.43552133816476185,1.934721889630282
310,954.0066517835746,0.19135510584890658,0.0001431982587223561,232.26424944890982,51794.78106779105,112.94644452213227,11360.661376968197,1.2805448931743637,32.2493357623497,0.43425319733045875,2.9059133037816594
311,949.8703682288552,0.19267955705206186,0.00014239719240812288,226.39663376144475,52041.27839760276,113.16794123896666,11361.49020581925,1.2836613720928265,32.474359146770155,0.4327663182187253,2.474364175453516
312,942.0179177388478,0.19391785201106027,0.00014158855948949084,226.25625286505053,52287.54426941003,113.37541979313237,11363.021669518788,1.2832285338752103,33.34373115926491,0.4314203089566345,1.6343977297769214
313,942.9732355524734,0.1880776816357318,0.0001407708831671027,220.56127776734715,52527.97915789003,112.55341136141637,11367.792657576698,1.285482013587169,33.21201804622224,0.4304088291232712,1.844960730587431
314,935.9283755480756,0.19463616794470862,0.00014002003349864974,219.90734107780375,52767.80341088766,112.7246356276815,11373.270025760556,1.2849512194249284,33.05955225020026,0.4294192204954052,1.9355502916006344
315,930.3741177074105,0.20163474157715722,0.0001392042177505077,226.67785648517992,53014.274872070746,112.96816168886185,11379.176689811722,1.2839175289098403,31.654637974443858,0.4284318828622378,1.9411247033943368
316,925.4228499334304,0.2025957387592655,0.00013831835394524503,227.65779500501606,53261.61748265981,113.18648753185074,11387.94011903151,1.2836936022520702,31.689669238049582,0.427036757995173,1.98223791536914
317,932.6204013297806,0.19319031461238179,0.00013743169993315834,217.25376815157077,53498.46153955857,112.47819223314833,11398.039649929178,1.2845074212494556,32.00483040311986,0.4257323014236043,1.9863526704902341
318,908.3257985495366,0.21305585433807417,0.00013663770922059686,246.37330578002252,53764.59033964469,113.73814788369607,11407.356764851222,1.2843063486863626,32.01562363873704,0.42460657364746235,0.5851621223389287
319,920.0770309423773,0.20083288975145797,0.0001357163960133769,206.36416180067732,53990.18780205942,112.81409633907812,11417.415075104826,1.2870376519524485,32.52684103709201,0.4234945975014655,0.5805345072216141
320,922.7798066316312,0.19430417194288252,0.00013485009183869631,210.0635709169265,54219.75823988579,112.81833074542286,11429.552586080865,1.2846094988282741,32.98552033881634,0.4226173132686463,0.5782300377780132
321,934.7888882474899,0.17828124592628047,0.00013411305804346594,226.71599753548116,54466.0480089585,112.61170222959316,11445.521580101107,1.2855974726205701,32.90564575254956,0.4219453333629019,0.5752890067284397
322,919.6170062755566,0.19364158983781454,0.00013349534889004085,235.5860206381561,54721.48426105958,113.18431151493273,11458.792353912511,1.297558585174232,32.87349217039565,0.42128746109868875,0.5717024779373645
323,894.9252859993337,0.21469010973128233,0.00013271685571050035,231.21288024748412,54972.22799419175,114.50010407457373,11479.530481084963,1.3088931801524748,30.942278201202484,0.4206589718682901,0.5696401039742796
324,881.4944034861011,0.22324157754977614,0.00013177157954758113,229.955787328749,55221.30281669761,114.0934192965939,11500.537453021914,1.31148115086505,30.640533983328815,0.419420849149225,0.5786266258810286
325,882.3628261547076,0.21829885904716384,0.0001307647609600282,226.91182966746638,55467.06522245068,113.6763300825282,11522.904988908786,1.308406827798974,30.640983151589438,0.41815132298541813,0.562290495371343
326,871.4316329329748,0.229050218832485,0.0001297854433037372,192.8003997225909,55678.754391755305,113.72173678629689,11546.926998767023,1.2776256058649977,30.05708012923725,0.41697204991554165,0.9252251460773522
327,882.1737993670547,0.21707131260768542,0.0001288221992163787,234.37495389394635,55931.76388737457,112.79239884395705,11568.041775222659,1.2836729633621786,29.866595473947797,0.41567722329725953,0.5544999424277535
328,893.077133668997,0.20708594144248382,0.00012786591108118354,211.06308278416927,56161.72069262551,111.93361535129999,11589.553643721643,1.2852601277803741,29.786202593967587,0.41437663322125745,1.6151939755057896
329,876.621977667218,0.21933363538710515,0.00012713620947395483,252.18467915036172,56433.041468682386,113.50287466451161,11612.528691628322,1.2906324930505733,30.295335156373422,0.41316235989676553,1.6317614450235567
330,886.8521808967415,0.20993527527301692,0.00012616228833920926,210.17978720668452,56662.03674484115,113.13631110276646,11634.066615835343,1.2940490891663834,30.26500934142274,0.4121682993637101,1.6459946201023996
331,881.1854086342839,0.21149179050756406,0.00012538038886680193,246.4878928857132,56927.55568450867,112.41294332125418,11657.280767706057,1.2939576730340387,30.816962842459123,0.41122172394058315,0.5404564485041874
332,889.6189632007321,0.20465322468301395,0.00012449749493621438,205.76579934290706,57152.254858854176,111.73448440091573,11679.469476006981,1.2994484024607855,30.68693945255509,0.4104728741685937,0.5361127495963132
333,881.1107151962887,0.2056974168048601,0.00012382500031130205,260.4097362610257,57431.78641617425,112.16322287943625,11697.894790474582,1.2974397146916297,31.456419587164692,0.40972509228235415,0.5314873352836855
334,863.4641311586468,0.2115491572405246,0.00012300507857583795,204.6223386397387,57655.32275009206,112.39050629150745,11719.668152221057,1.2814725031505847,30.7547530124209,0.40928030103396873,0.5279549519443805
335,892.0003966657919,0.20757698427397941,0.0001222582646858686,226.71696414335756,57900.463471067575,112.15350433291691,11750.19630487911,1.2824183782015433,31.821264277873006,0.40862933607577634,0.523931108139422
336,882.4916913198064,0.21351622722368857,0.00012142537437626664,217.84894660256748,58137.39347191994,112.06370114762665,11772.861399717784,1.286706599310697,32.62425363407672,0.40837620323983714,0.5202275172147353
337,898.2929006827234,0.1872534452856196,0.00012081679307022961,220.63730514773798,58376.93304304216,111.33492224703909,11805.476528784497,1.286281806644198,33.026822440831495,0.408412366305912,0.5161525640031925
338,883.2595493658871,0.20266397670330238,0.00012022292450435804,210.49310457835114,58606.69175953361,112.38366634879456,11835.345326069351,1.284572441234102,31.65258602776452,0.40858876672901645,1.5687659439182084
339,893.687610196758,0.19931722995764423,0.00011979513805173583,225.23074440537158,58850.860014987804,111.70634981655378,11863.133264223581,1.279393300563251,32.06057707490828,0.4083422078017187,1.5561735242100525
340,898.5204889517779,0.20235937911597957,0.0001190748926895183,192.69721846194162,59062.725022283325,111.91300408938922,11885.234366856877,1.1051709321830239,32.18068679565817,0.4082514529691489,1.6370425450688657
341,906.9961049442262,0.18831167236849677,0.00011846453424219943,232.36767301501874,59314.36462297366,111.03325605107855,11912.14698568966,1.2649983861699223,32.3561537154636,0.4082155522684343,1.6757424790643825
342,913.7008164688765,0.17849322886593932,0.00011787597854654634,194.2372479557812,59527.97537923875,110.23485536918454,11945.510637825539,1.2661922174091993,32.52973533703314,0.40824867916410845,1.645646963737022
343,928.0040517228648,0.16194330815598734,0.00011739386537483394,202.19646698630692,59749.73393222502,110.78135816338477,11972.553061731056,1.2711086381576315,33.350235386603714,0.4083440594116517,1.689267455170068
344,927.6724921329368,0.1652251297138838,0.00011736600511590226,202.7033791873155,59972.31558361325,111.02177100258184,12006.745549347219,1.2800833255072097,33.2685446239715,0.4087185482959045,1.7146789495457
345,918.5154339656513,0.17707152760431655,0.00011702394718216202,199.2193352782123,60191.45039706027,111.7142808350158,12033.855135342408,1.2876624229957767,32.85046051979604,0.40905444402184193,1.8070773469425916
346,911.1210541544159,0.18563146547607723,0.00011656677988857457,-1199.0944524180932,59012.07253554858,111.51928775816697,11929.839032275513,1.287611418750246,32.657224238292905,0.4092432835937738,1.792859097845806
347,906.7287732454638,0.19142439416246604,0.0001160264383689172,1287.965327849661,60319.56481949667,108.40964487522719,11957.531330505533,1.286067785627528,32.33947822019857,0.40934426733258344,1.8259000147218103
348,973.7618291143,0.1285204949368367,0.00011543162861108574,427.53286061110236,60766.54130984566,109.09371114580155,11979.416207960825,1.2914602280386394,37.418057241041396,0.40934139249491314,1.9108232396103375
349,970.8679650433169,0.144520958929385,0.00011583771257906011,242.35465466383303,61029.79496146156,110.60407465527742,11997.946446845677,1.2824083135570126,38.55529032879609,0.4102069468092522,1.0348685957108472
350,990.1408067728436,0.12780116395557284,0.0001157828669053348,153.86231520722816,61204.51006119485,109.99864445627381,12020.911075894152,1.2915563967655748,38.58345627890743,0.4123725561767262,1.474730519668796
351,995.739114341668,0.12252916564981553,0.00011590414607479426,160.17230439470129,61385.95202900645,110.24387344037395,12033.398979790894,1.279343750086122,36.917614540032645,0.4134597994348852,2.169185467343823
352,1000.2325396316726,0.11963221311705152,0.0001160787968528266,147.70583980872667,61555.02990329097,110.04018730502766,12046.017226196249,1.2821227256234755,37.62194312075779,0.416388961799166,1.6705985360816271
353,998.0110922475113,0.12348251667851873,0.00011628119906663539,144.54006135076585,61721.05701120361,109.98516979479108,12057.092274570683,1.2833937806230657,36.8792864692371,0.41672970002797033,2.253270981337991
354,1002.2993233568342,0.12563844709482008,0.00011643778854729498,148.36849673615396,61890.84500350217,109.97812686736933,12067.46656325497,1.280351644738518,37.31724061537074,0.4190350660565354,1.102906069416818
355,999.1378837945548,0.12861380356259478,0.0001165689565362787,154.53794251954608,62066.86724000633,109.97129714169343,12076.717130168781,1.2823282167622785,36.41558089107086,0.42014101984838975,1.7988265097212803
356,995.8120424276727,0.13351443183004752,0.000116665572045804,158.19859583324944,62246.46142565069,110.39311267598204,12086.328027307083,1.2806727330107177,36.25014501423448,0.42110432804121867,1.8119833941498484
357,992.3302891055816,0.13330734751215845,0.00011670316372523312,162.38668040641173,62430.14353288265,110.49495766862047,12113.94051574841,1.3075100037325584,36.301689365902334,0.4218788343652394,1.871853956233494
358,995.9889699561788,0.13561546416603376,0.00011674424254272495,141.8611847864744,62593.339834534214,109.7154629830319,12137.379478758465,1.2966623231210348,35.42866229431269,0.4226400631088531,1.903016436336216
359,998.244979849974,0.13730853935196663,0.0001167583024470956,178.72051499018912,62793.50506119117,110.86699502496504,12158.299970716298,1.3054671581656245,35.58833977533291,0.42307712928430435,2.3643225558303698
360,997.4859430927412,0.14034353332538563,0.0001167527367317065,166.7556182608214,62981.77258008192,110.72466749143182,12188.616645898537,1.3079547179674795,34.8707984778442,0.4235499339597873,1.9438763639301726
361,981.3310719273164,0.1587783582335277,0.00011670785325304994,177.57986284936044,63180.813765386934,111.35556581068121,12220.686510468882,1.305487563869843,34.456206596032025,0.4237674983192701,1.9768826477688606
362,977.3538112358382,0.16500969535644816,0.00011646503930905278,166.80936244001091,63368.74442377736,111.00706798268341,12255.27027920317,1.3002381667989802,34.160981074094884,0.42384219879223256,2.0123044544012174
363,988.0829160253252,0.15307121866014295,0.00011615787521634622,203.78857728855309,63593.542878689244,111.47358930861394,12299.282844475676,1.2869551303374445,34.52666522050376,0.4238017951171346,0.0
364,991.7784656944696,0.1489499319712485,0.00011597736092430454,183.7999681512111,63798.525550053964,110.84773803986535,12344.644116355841,1.2893714020673255,35.2671490401257,0.4238151795072185,0.0
365,1005.3127924216591,0.13482347694999985,0.00011583976836836816,178.97725621620256,63998.78348874995,111.31071232145311,12392.098397888974,1.2916576854056976,35.40360916030492,0.4240827195951158,0.8364772872527197
366,1002.2752028904893,0.13879088711897714,0.00011584806489451991,167.3080520312715,64187.68908493816,111.44890124879917,12432.207196179803,1.2932361693439276,35.178184747529926,0.4244207937745312,0.7229870261067504
367,998.3325782098467,0.14365457225833522,0.00011580907636969162,143.25925561868797,64352.46721663825,111.26538019585603,12466.705508809033,1.2947051216389105,35.09274547340799,0.4246678596599576,0.0
368,981.2421079983724,0.16231029320425228,0.0001157176409460872,169.47837663945842,64543.38857391226,110.47039552743668,12495.970254769498,1.2907047895236508,34.93711512393389,0.4248325837830069,0.0
369,985.6488353291239,0.15681879457397252,0.00011542579797623415,216.77534137468572,64781.29403793358,110.69415517027748,12528.139490432714,1.2902938617108104,34.81206999591282,0.42492328836642873,0.0
370,993.022427850543,0.14664674076127115,0.00011518786052203248,186.5284189651096,64989.095406901586,110.95804087157552,12553.179228327366,1.2935531181444269,35.03404158438558,0.4249735357719484,0.0
371,995.4001002755805,0.14801685372283957,0.00011505986460351881,183.01566081645143,65193.56156967714,110.88894063919173,12581.209503442895,1.2934924934955538,37.37310437476409,0.4251018500455385,1.1641102833289523
372,999.7810554604464,0.1463076620211604,0.0001149234241458272,182.45657369155526,65397.57894532352,111.0125748956104,12607.624132585339,1.297709305113678,37.660851931840206,0.42605960409827565,0.8170750046416799
373,1021.2624094971769,0.13289473962639375,0.00011480421276689146,174.27328323547127,65593.49012144902,110.65081229905209,12622.547439123207,1.2936945357025873,37.045309348276405,0.4267409714637622,0.10221386673684663
374,1020.3119484455028,0.13522231831685283,0.0001148272289993585,170.6095767322364,65786.09737526644,111.07813834556114,12639.998315589819,1.2931947796060521,37.00284544293385,0.42779429315526385,0.0
375,1016.2885326401405,0.1391585907905114,0.0001148229014849852,166.3332612785114,65974.50290643139,110.93826585676034,12653.131613955758,1.2938513431105108,37.48816553541418,0.42846511554146877,1.6760489157159952
376,1018.4471105816241,0.14370472186518657,0.0001147747752339137,169.36228026859374,66165.82968481466,110.51774577397131,12657.033485644717,1.293784683366571,38.238093892476655,0.4292011696086629,1.2869897606128688
377,1013.463955526823,0.15558618103091182,0.00011467686418338478,179.63164500831152,66367.40736727022,110.95524283344959,12659.176943814533,1.2956068001197858,38.143538803118815,0.4298554678349651,2.343571042618237
378,1015.7718283860338,0.1519035937459149,0.0001144069818992466,163.00557946984762,66552.25249459245,109.97218059006607,12661.02137130885,1.2931023947447027,38.10186468046677,0.42963013610414963,0.9294585814728578
379,1016.4901480602354,0.15174579813578537,0.00011419133236613656,208.52750444526686,66782.72093536104,110.27249375854656,12662.967018199974,1.2902201300365412,37.93640438310744,0.43245220995224165,0.5091571612669981
380,998.2622983283094,0.16770120473242078,0.00011399118770417714,203.11127471455438,67007.8346154877,110.95093250457671,12665.077019577648,1.2968132409828834,37.16415604964953,0.43322991905254826,0.0
381,997.3355314841295,0.15994443718455653,0.0001136160422656833,167.73472504962007,67197.23540654301,110.37096277483548,12671.128241133645,1.2546169817035018,36.96175352728488,0.4336953113917073,0.04789679780033396
382,996.6053771431788,0.16775423347546614,0.00011334580918429301,217.8904853704642,67436.67997435849,110.72849576224908,12678.622439198696,1.2871473995831064,36.61119616549249,0.43406072370313725,0.0921232306192934
383,988.196802753457,0.17334771427386908,0.00011297288484362387,217.22824025185855,67675.50614419395,111.18478936326848,12685.860934655086,1.2915252656240357,36.32448819152145,0.43431344368797203,0.0
384,986.2057418957203,0.17463704611958297,0.00011254023903489789,210.15040728922153,67907.02419191701,110.97242011452646,12692.512372145113,1.2898429280145634,36.1469040313835,0.43445926083797093,0.23789739930650455
385,976.9630558063061,0.18612934202482168,0.00011209420949157318,221.3467332770361,68149.67243914871,111.4177212883449,12698.639621890283,1.2904984003977014,35.45646318433364,0.43455282059364103,0.0013546070523915432
386,983.0694839297792,0.17558766767618417,0.00011152639959082235,219.03013950566015,68389.87489875537,111.60547876279885,12709.769438589778,1.2901649955510028,35.23778723579552,0.4344063657834724,0.0
387,993.1902972704406,0.16221581160121723,0.00011106370498666363,199.14461045657737,68610.24288847177,110.84327616459633,12720.81253444249,1.2873923734307813,36.56481990661264,0.4341993999269006,0.0
388,985.9287169189018,0.1718200629944252,0.00011074406036298075,170.7650912054059,68802.47074976607,110.40669304634991,12733.642451223766,1.2475161619498352,35.59518179495005,0.43445396096057054,0.2141716977178021
389,982.4331605676159,0.17180418393380692,0.00011030317078717877,232.42404333473502,69056.13157850051,110.76567132486623,12747.09079710135,1.2758871799108698,34.2790941701628,0.43438387851399207,0.9479901052622353
390,978.1833946491059,0.1817022191716562,0.00010987580804118149,210.8058878636707,69288.11461492768,111.36309180739504,12770.069728230172,1.277111751981273,34.53515779776491,0.43386987565038065,0.1959863803799209
391,950.9313103165931,0.20696102109581405,0.00010935741278291427,217.06773639311515,69525.86074067734,110.03379351826571,12792.620605705133,1.280982338696657,33.87337320125353,0.4334443671504609,0.0
392,961.3059237446259,0.19582923554145015,0.00010855790236072637,232.90993420351901,69778.91302765824,111.21953004913355,12818.780963247405,1.282494780700415,33.74204246958905,0.4328161020839356,0.0
393,978.6528960360956,0.17818525958379505,0.00010788127210194763,224.77537941215903,70024.1427488604,110.88312078861672,12848.292424851568,1.2782894119020258,34.23649691547698,0.4321809143058201,0.0
394,987.9205156708506,0.17133208070773154,0.00010740995817071473,210.53977719242246,70255.46682216364,110.74975595831026,12878.492289364041,1.2817753512887884,34.876493489675205,0.4317492457848987,0.0
395,993.7370346434977,0.1677536662562057,0.0001070961685198241,207.9203182467044,70484.34595169756,110.80099218973207,12908.106624229307,1.285868187964417,34.807183842724555,0.4315596902313808,0.12550181920404668
396,988.9256391911001,0.17225152078932604,0.00010667934845335387,209.6896814083233,70715.19641591902,111.19022482161435,12926.226468782457,1.2832461871584613,35.25239561932671,0.4313666902250503,0.3552128008803095
397,979.872999334154,0.18073671504363453,0.00010623733725368195,211.15020310460167,70947.28010027349,111.37291112154423,12941.28911868375,1.2834306844227776,34.88685853427429,0.4313471199659146,0.3704301654682638
398,971.2124973892271,0.18666134971327575,0.00010582569900895126,200.29351721064123,71168.30504833207,110.93216548693168,12956.26325482372,1.2788109030339205,34.770290472343916,0.43121178288694006,0.39646898220523497
399,949.0269704457181,0.21602404100631323,0.0001053293889226173,237.8968988870597,71426.8194454551,112.06052266975054,12971.92436631702,1.2718851245710294,34.21016128983459,0.43105049991858263,0.018355415254944774
400,944.7762413009145,0.21299813690593483,0.00010447258938867358,238.53737488790952,71685.43084693435,111.09624006519377,12988.98677086211,1.277540205730895,34.35150117907929,0.43070017546988926,0.33622085125035994
401,949.4993143518502,0.20931353656842833,0.00010366348658538791,238.0996691718934,71943.53254492382,111.38219611253156,13008.555908226086,1.2790973679250854,34.12102352598386,0.430432519840227,0.0
402,962.1796896488648,0.19638574097134642,0.00010290525109537949,235.72535336672712,72199.33753977602,111.14489007016479,13027.976243832885,1.2780235463357097,34.153842897257285,0.43009344862424187,0.0
403,956.6668583280383,0.20167487321688493,0.00010228205011024409,233.20367052278743,72452.83260082563,111.58463705259419,13046.772470393445,1.2772664771351512,34.010345291375046,0.42978785919877627,0.0
404,940.8794632728111,0.21540299898158421,0.00010160736302173952,236.15329138855088,72709.1512457666,111.36426181240748,13066.051074442332,1.2797288113099108,34.01226642150044,0.4294548558116998,0.0
405,968.9193708879517,0.1935685285820007,0.00010079189352694948,229.35235567255032,72958.3325074545,111.0751224362711,13091.299116454784,1.277654173180651,34.041376665019754,0.4291446315564631,0.0
406,967.7671208961666,0.19458386807972416,0.00010057000580315682,207.37019705066496,73186.08555931377,110.17447885318983,13112.80953711297,1.2771500062711503,34.07377492325451,0.42886515471785563,0.0
407,967.8426713714019,0.19595861632559686,0.0001003372438056451,239.8419411206613,73446.32999368609,109.59573953539939,13132.31725544892,1.2742549718156888,34.746340797346804,0.42859638222843394,0.0
408,967.2500237149214,0.19813107409902908,0.00010007897642245133,236.96019501530782,73703.63131925403,110.18444046307486,13151.144288669855,1.2780189083103657,34.57830632155788,0.42857227382336,0.0
409,965.8652776892505,0.19878699501037844,9.989599143319347e-05,231.20436519068147,73955.09879359414,109.99899255591619,13170.292870432948,1.2771195308068863,34.58225046159658,0.42849825782430484,0.0
410,980.9899467933046,0.18484676439116798,9.976253822341494e-05,225.4239261112488,74200.80742875829,110.00210652708257,13195.954167178921,1.2790723407377442,34.67187277495282,0.42843457338303625,0.47522831686038103
411,993.3716453719451,0.17177293478025557,9.971282087143289e-05,205.04488090944693,74426.4356697381,109.59252656449206,13215.874606479048,1.2785640402027794,35.742310803918215,0.42842763446230203,0.4568489554064996
412,980.411291427242,0.17930371088638397,9.977572711872692e-05,209.36988507875682,74656.71517581944,109.49091891322428,13238.364638230818,1.2811961159894176,35.72030923690986,0.428784907151407,0.13477637706741064
413,1000.6401883174891,0.16880018348224168,9.978487414658971e-05,185.35991067318147,74862.70686907138,109.19223319128353,13280.952453023958,1.2359978501575695,37.3222599680206,0.4291096146845075,0.0
414,1010.2623922565647,0.1578966485857567,9.989943197370405e-05,214.53265937120042,75098.44245360486,109.45733396807334,13310.99799463787,1.2721409264083574,37.613092215850045,0.42995580283446516,0.0
415,1007.2652004120359,0.16235762427279044,0.0001001031437782351,201.3401398870955,75321.08506655929,109.66044169129768,13340.030771551326,1.2832418163279924,37.52326631409611,0.43086213227790676,0.0
416,1011.6307954073557,0.16766486317889717,0.00010034370690040125,188.95004220150227,75531.20916043731,109.3086389411277,13363.011808837751,1.2800316853509703,37.04972639659285,0.43169773462782285,0.0
417,992.579497348179,0.18932073095890944,0.00010045522426211086,210.75766441694617,75763.14143231658,110.00458201373593,13385.603648484857,1.2776661284803588,36.071371807171815,0.4323373147492618,0.0
418,995.8539597876346,0.18860181631016826,0.00010033348964178541,219.84985967323482,76003.79125013587,109.73960293339357,13413.01843708937,1.2785325589679097,36.34063983679452,0.4326212404593652,0.0
419,1017.9777170449199,0.17084918869431331,0.00010021809986290506,217.68286092173744,76242.3782906033,109.66512247063476,13441.467040817752,1.2791946766796163,36.736335936306006,0.4329862907549878,0.24710962776990186
420,1008.5569117599439,0.18800421385679933,0.00010028040956881599,219.5252379439525,76483.14568720102,110.19631812324934,13451.983222453193,1.2790298238223343,34.10372768149429,0.43348025424705156,1.138645574412294
421,1022.2007706887116,0.18235046580384406,0.00010015810090437145,215.20568170906557,76719.41984881577,109.90009118516257,13457.31787498458,1.2746098461718174,33.48639800471851,0.4331045236026435,1.0210715239996944
422,1010.011196907304,0.19068128544445084,0.00010008338459638338,218.10802259955773,76958.75803793684,109.85804500826973,13462.196639712707,1.2782262926340433,33.77913349931532,0.43254080482078444,1.0691673988375925
423,1004.5925747429425,0.20595617799362942,9.992723823544852e-05,232.6492352259044,77212.46438855784,109.7842804238427,13467.21717007406,1.2782222939136405,33.09367546848065,0.4321104669687557,1.2930676720020102
424,998.7291146977626,0.214341393590057,9.961468440372972e-05,239.49360309659883,77472.82612266383,110.48384924292279,13473.559346621227,1.2730489995997483,33.43122064624366,0.43148508502012956,1.1603105378414824
425,1008.8843669491991,0.20556022399467966,9.920188423755225e-05,231.2368874237579,77724.69830337014,109.47248795362621,13482.632435871008,1.2797962520093702,33.51603846531835,0.4310042699761354,1.203114971980881
426,991.4160579349184,0.22854429305375445,9.887590176348217e-05,247.31068933718242,77992.88626441796,110.94856848843428,13488.008230768595,1.277366140385381,33.66096453163525,0.4305826130769315,1.288305992381197
427,978.7517272748626,0.23903259156675827,9.831975521769413e-05,251.39993366837876,78264.86221035432,110.98995506881347,13492.917147524739,1.2769023184623107,33.73622580931862,0.4302239385954896,1.2605874597182236
428,968.9639445997942,0.24927871181820116,9.7653595761942e-05,244.23601773536913,78529.40858768654,110.77507784606857,13497.665537234583,1.2807348284241997,34.006066423922896,0.42992730721687783,1.3725863651211228
429,965.8999672632259,0.2540906330638032,9.696233110322268e-05,254.04953438992342,78803.51211230778,111.52679991745633,13503.195628562587,1.2804460459348288,33.905975578048114,0.4297452758476711,0.0
430,958.53003925429,0.2560146769369964,9.613696295217751e-05,247.85525780811517,79071.2967484587,111.16360350945978,13508.491603659002,1.2770732753730556,33.97839023936346,0.42949102884352847,0.0
431,963.4230169796988,0.25351397744364945,9.529013656466526e-05,246.0870405836583,79337.1880307086,111.90085942876145,13513.506300330231,1.2740955869579182,33.94439552083648,0.4292788153506881,0.0
432,952.7099869411834,0.25788004958360156,9.426459519625469e-05,246.29514211855715,79603.30441677467,112.20885820133947,13518.195586225456,1.2818467863516232,34.00501898731758,0.4290707786421937,0.0
433,959.1364726057222,0.25869805336899354,9.322961553120105e-05,252.6495719617621,79875.73725043624,111.38853683005192,13517.713200612976,1.2823508037997284,33.979201012882385,0.42889846263916287,0.0
434,953.0951701677234,0.2595747146552356,9.229332629448424e-05,252.76644474890963,80148.43964876673,111.6904784183873,13518.994877403191,1.2787801846057492,33.9933270365474,0.4287310320952115,0.0
435,955.398051783607,0.25518484228098937,9.137681754687155e-05,251.40739017199093,80419.6705673245,111.78605565493736,13521.175975516631,1.2795782468016643,34.03059811211984,0.4285816383762744,0.0
436,967.1804342584866,0.24574689556575913,9.051662749220234e-05,248.91645503089202,80688.44862593185,111.3795068334692,13529.663813322857,1.2869048774260476,33.96696410264917,0.42845712949723913,0.0
437,971.1097469415596,0.24724916024065502,8.978478449135071e-05,246.9543549872797,80955.42544406449,110.94887259196105,13542.35995843694,1.2834013222664997,34.8017863657691,0.4283223596907644,0.0
438,956.7050198678436,0.2545825805473034,8.907439182682619e-05,252.47680262529755,81227.97740755163,111.28359395072938,13497.063921720348,1.2792462558260045,34.8017297144883,0.4284794767632405,0.0
439,963.9747172514266,0.2547246952384903,8.829533378870517e-05,250.1329359866933,81497.98983963065,111.05498683562676,13509.747639413592,1.2882115512293026,33.86056378304398,0.42863344720168334,0.0
440,960.6541216483874,0.2551855621255451,8.75318243713599e-05,246.99676487884116,81764.94182263414,111.31012952689981,13519.890928235456,1.2855612734959003,33.78296794977886,0.42846844622675145,0.03756464005398641
441,956.7514347931808,0.25649878716563534,8.67739077195257e-05,248.0576720529771,82032.94253308301,110.5963841978635,13528.77077464907,1.2902650130750761,33.78202388579827,0.42827929908828777,0.0
442,940.3023421642237,0.27007180580612744,8.591079783629186e-05,257.4591421565674,82310.26052943023,111.28735472145905,13537.853844870915,1.2853991844049024,33.483259768316515,0.4281152893847988,0.21849465775387955
443,947.5326586006997,0.2709570876753832,8.490767659377632e-05,250.07031712955396,82579.89306902693,111.33128978018566,13538.353342000097,1.2829938417794307,33.65481035022924,0.4278723402410097,0.04078698189091767
444,943.6824747759999,0.28170682145444803,8.391782351449992e-05,253.98196310933272,82853.54437151378,111.14449126019593,13541.420623455384,1.2805320006060301,31.737702155401724,0.42769713185240466,0.16766263801545733
445,934.6162721788711,0.2908372235931376,8.278282136929018e-05,260.4140194818651,83133.60089082208,111.94727178314501,13542.195669442044,1.282687181672145,31.75889566148809,0.42689667785644253,0.1996973359181311
446,915.0250812108997,0.3012143202602886,8.15702360919032e-05,259.5251949919961,83412.57219098073,111.99590320411329,13540.159845422671,1.2832181222676442,32.00938115445891,0.42614961181441346,0.0
447,918.688298195302,0.3009119099339752,8.026906718540999e-05,260.09375627072296,83691.94691774924,111.2899343352668,13537.938808959472,1.2885261268920452,31.987636515300245,0.4255213511074865,0.0
448,911.8221827006107,0.3131078448980662,7.904528851501324e-05,264.4718056796851,83975.67126816264,111.72544346897344,13543.785792477025,1.2911281803636536,31.97266798308622,0.42492217355331197,0.0
449,899.2852022730107,0.3182357547572653,7.766673588339273e-05,266.5183679583681,84261.23828320373,111.80590418422521,13541.66216358745,1.2929925771439823,32.06006168866918,0.42435288426243417,0.0
450,903.7038935075481,0.31597285482562654,7.620688573542439e-05,264.6968113095643,84544.92346334994,111.67819287333644,13539.42496625353,1.2905381052005716,32.11510984316983,0.4238267542611971,0.0
451,905.483405179294,0.31620673817473255,7.479605739623183e-05,269.42180292872047,84833.37444816812,112.17721310706784,13537.393182865933,1.2900210425694218,32.116950361234466,0.4233503276088002,0.0
452,909.5914068317115,0.3151013982468557,7.335857867524661e-05,262.1353050963419,85114.53331503796,111.78440390965096,13535.207927710597,1.290387109282694,32.088995599542955,0.42290322871183567,0.0
453,912.7438412476263,0.3148513997370844,7.196049633899373e-05,263.02945294219535,85396.65216777028,111.11066140112642,13533.074635582561,1.2939794023471085,31.08326525782041,0.42247396899312784,0.0
454,897.5848689636622,0.3213315558222788,7.058983411092681e-05,269.86574191446897,85685.63172638722,111.62698981626818,13530.974957398092,1.288333942324564,31.113076957068735,0.42173336772529757,0.0
455,904.1777152797075,0.31913907454239254,6.912644429093266e-05,267.1301791434633,85971.77889901701,111.04344325025234,13529.139253503405,1.2905690934571339,31.12550244560468,0.42104478896359177,0.04290718494537771
456,900.0808848470172,0.32247936866295523,6.771364423023685e-05,270.66375586509935,86261.51135087328,111.4551105133157,13526.616906210169,1.2893480571115157,31.238602898390113,0.4204014130914297,0.0
457,929.1606642853171,0.3000455898492612,6.624373712905674e-05,262.17487295268654,86542.6952923394,111.36850355738676,13539.649573372053,1.296075298636239,31.88181152679904,0.41983146931398996,0.7598511075391627
458,918.029267978677,0.3020216403532794,6.502601930021854e-05,261.9057530368567,86824.20426336868,110.99333459450514,13545.895345649044,1.294053519224807,32.690995296625076,0.4195399533106855,0.0
459,916.499084002154,0.3046359142602302,6.382151890165646e-05,262.21456603534386,87106.01897912892,111.04822987222892,13550.040674245207,1.2945915606549228,32.70743134138267,0.419510288491246,0.0
460,922.2526170674225,0.30235390893396974,6.25949922395717e-05,260.88488666957903,87386.44963947087,110.37161539163803,13556.546035078196,1.2958269897016685,32.803033944748975,0.41949228102353736,0.39130190508261364
461,915.0539095220314,0.30378305499248115,6.132436458792577e-05,266.9285741324419,87672.97389689782,111.50925344469086,13561.475862428808,1.298491457566052,32.910900577659575,0.4195268813496188,0.389724578253805
462,917.2101839321226,0.3069616305210162,6.005808480642188e-05,265.2360629353374,87957.74083393588,110.82714466152618,13420.855883258633,1.2998834019224113,33.01744741722216,0.41960045337197044,0.3883329148407597
463,910.2118333428019,0.3106522523312688,5.8715645880605444e-05,267.7290172921456,88244.99430290126,111.55188974659552,13421.625635488916,1.2970790722156615,33.08168909248455,0.4197105797124842,0.38675883387118404
464,912.3731577287584,0.3076517806040807,5.7344337430102704e-05,258.8796255863464,88523.25341898846,111.11337210941313,13422.542216621778,1.2987417316560286,33.103812566123366,0.4198411898069408,0.38531447141033937
465,910.5723464591166,0.30766841455713,5.6087111328540415e-05,261.24515160662463,88803.87964550337,110.98195333042018,13422.932818431113,1.30063917771089,33.26466850890062,0.4199770976597073,0.3836450527039261
466,922.3841565952855,0.29649068214390994,5.48487615677644e-05,251.67313454313123,89074.96271558333,110.58930719355229,13428.450260968239,1.1533736376854078,33.33446797284531,0.4201645872861857,0.38222591669264716
467,929.6264718781867,0.29001267567881284,5.336790032785134e-05,232.29752894278158,89326.90321950408,110.30033812710914,13366.094228837206,1.2895313909547563,34.21106431323955,0.420370478154038,0.3808470428121211
468,939.9047169385442,0.2850168483740577,5.193133173184096e-05,279.62001459006683,89626.25755003461,110.78627757149377,13365.584283010305,1.2915825821495361,34.4245230407837,0.4208646957142492,0.37943877252777725
469,938.1412123835548,0.28351524024031616,5.060771190977636e-05,260.94436425921504,89907.05720414614,110.75888623008086,13363.232261271129,1.2895477783692324,34.55127404570528,0.42141003905566937,0.37810539184017955
470,940.2561933349433,0.2803122669582613,4.929520285026118e-05,260.2781086869569,90187.23048215984,111.19040539322154,13363.767430309343,1.2913433810141317,34.59509795197485,0.42197479685290473,0.376773970010575
471,936.7060514365619,0.28150461805722193,4.8041221697193565e-05,257.8411474206642,90465.00848467706,111.39830182784979,13361.349929024205,1.2930391882300842,34.623190364793025,0.4225301226717717,0.3750229568501027
472,935.3494887803311,0.2827231332142319,4.678360648192658e-05,246.68018532093012,90731.63864894173,110.1451236318274,13298.734751393373,1.292417141430997,34.63556900767833,0.4230711684782715,0.37376209031700114
473,949.9726548756644,0.2734550212020772,4.552111394786525e-05,253.211941992353,91004.74385202053,110.3010630236188,13301.648161542798,1.2920476180622893,34.800141010707144,0.42359337184519136,0.37245707360264646
474,943.6766998632501,0.27525071231867815,4.436885457150605e-05,256.2557002845178,91281.14193902913,110.46192081493952,13299.601874672082,1.2952790488318437,35.12886492456965,0.42414875276485636,0.3710665460435223
475,945.7626119332954,0.2741386232709059,4.32050513661485e-05,255.23430782175726,91556.48469356436,110.71431897516963,13297.7901027795,1.2892588506399028,35.165504352533176,0.42479072141740065,0.3696646761829925
476,965.787788141019,0.2637355187452508,4.2058018634332294e-05,250.57620846706376,91827.21999978228,110.18822145838419,13300.07562396109,1.2911773049709017,35.17257670637258,0.4254168215844738,0.36801914397049984
477,965.4455102345532,0.2616178367125187,4.1029516192977376e-05,251.38934674521894,92099.00657033343,110.02859067993171,13298.364473726098,1.2883853333415238,35.239254660229946,0.42601789036051174,0.36690843975944176
478,961.2495099370715,0.26188628902233635,4.0052397768830496e-05,251.7102501112031,92371.17423914462,109.96199170116054,13296.294806489785,1.290222791031572,35.90609531790891,0.426615195671189,0.4006771345904241
479,958.8183330449347,0.26319443094554396,3.909966100848873e-05,255.83735860782846,92647.45312614732,110.46939923465797,13154.853986661896,1.2921451175668437,36.05459809714334,0.4274117320408326,0.3641967639858166
480,956.4337419970981,0.26394113481821524,3.813776667587461e-05,254.07576618578574,92921.98178252885,110.07436191625524,13152.968001667296,1.2933217029725244,36.1581685797869,0.4282011232536524,0.3627594403147185
481,962.1028068568929,0.26139839601751347,3.717391897193121e-05,249.50406947491305,93191.85149346995,109.77316969282259,13150.356993105064,1.2931248476252464,36.25881410313809,0.42898954448941673,0.3614338606613501
482,962.1790049897204,0.2613258345724362,3.6250189116371096e-05,252.0146890122337,93464.3234729424,109.78562164425539,13150.012066880909,1.2948175801447654,36.30323333557678,0.4297760372273341,0.36002016761426603
483,966.1169513215503,0.25978079836237067,3.533374634675847e-05,252.49626766337846,93737.2800521323,109.90860734955717,13147.303888009188,1.289239018502543,36.27115679348098,0.43054178857703834,0.3586628463331607
484,974.7552646080869,0.25517634585946847,3.4424901180263084e-05,249.75502742847561,94007.49279923568,109.75126226122289,13145.887454626352,1.295305480160579,36.298460939023066,0.4312621349585578,0.3573002275073094
485,964.4825391896819,0.2593583456910141,3.3608646414933666e-05,252.77386769309447,94280.91811377404,109.72709890167941,13143.329847156816,1.2937223907715198,36.29639203477802,0.4319592734502734,0.35596340494937806
486,968.0531117462072,0.25788497925664533,3.2751755813908407e-05,252.39364018959787,94553.89330136849,109.48855984543188,13140.935856144273,1.2946847366493635,36.342967418877535,0.4326244860201664,0.35464702675153603
487,964.2308450074522,0.2590920586809723,3.1918576532140566e-05,250.42312934251655,94824.90745579143,109.19288743836877,13138.263675290751,1.2995268321962674,36.41914287659924,0.4332756879043214,0.3532587636769051
488,964.9075535743526,0.26029931700385944,3.109494825717838e-05,252.4591271058037,95097.93224386832,109.67990745400269,13137.608037521593,1.2959782801306703,35.29393818429158,0.4339234941650556,0.35191919248292436
489,964.9642821619334,0.26286371544537257,3.0214773732825967e-05,252.38879876484037,95370.8918661608,109.31756288630203,13148.366364752264,1.295862422973773,35.32894916143051,0.43416470526525275,0.3506226593228803
490,963.3783145101238,0.26577796048824287,2.938785766407409e-05,257.4338553625835,95648.91009121087,109.82880229256776,12990.390971887644,1.2961686222335498,35.31724466284635,0.4344093293343297,0.3492613628980479
491,963.1307648366119,0.2678758156227684,2.8542352396317912e-05,244.654291540102,95914.10358304156,110.33855374144753,12999.595025288707,1.2860599388368816,35.37690475282978,0.4346414899409689,0.0
492,978.3846192953908,0.260536632368771,2.7505019170064507e-05,259.55692828713865,96194.17410044947,109.5074562604494,13010.970844592726,1.2919380621216734,35.43959166556297,0.43487244412474924,0.0
493,970.010882658534,0.2641318489787251,2.658956565472958e-05,258.4776063195575,96473.36504366339,109.31423622960564,12851.379754944355,1.2936771152716027,35.58852033362457,0.4351166618381988,0.0
494,970.690098427351,0.266218814213523,2.572622702654918e-05,242.90798471827912,96736.909429209,108.8679456919384,12853.761306156322,1.2930028254073862,35.774681044358395,0.4354024108988409,0.0
495,953.7948274270401,0.2777622805182459,2.4865878050080706e-05,274.82634226184825,97032.33385224639,109.30402750382851,12851.062441199185,1.2975233001293425,35.36809638850944,0.43572049432151155,0.0
496,953.7386731357075,0.27653326478574947,2.37782005712981e-05,261.0506493137639,97313.60467934416,109.10372365635244,12849.177641533852,1.2987561372272212,35.506348887209434,0.4358898413534801,0.0
497,955.8706795767754,0.2747903839169281,2.2748092922432054e-05,258.63833544711565,97592.48413948767,109.22305374255428,12846.927274156265,1.2942317667069498,35.54481428683686,0.4361008555892812,0.0
498,956.2238131329583,0.2745242300397276,2.1800544588068774e-05,252.80389868898473,97865.55429207557,109.09564357587001,12845.166616090448,1.299277616420355,35.548832630895824,0.43631791724880875,0.0
499,973.7527473405542,0.2631359526095869,2.0880773007703447e-05,251.1617950873296,98136.98060279129,108.93473708310414,12848.647812198331,1.2963632550792308,35.65231826916717,0.4365291392345598,0.0
500,967.7899667026566,0.2629443910666809,2.008899984972307e-05,253.7058662624978,98411.2430913786,109.05909073443217,12711.43195641703,1.2963131797092826,35.66570928689964,0.4367681937588027,0.0
501,974.6428522008505,0.2577296589367176,1.9303457336559216e-05,250.37530967242736,98682.1715069152,108.87241797205611,12712.51648864563,1.298240311451019,36.15934876164226,0.4370034122225874,0.0
502,979.259452043523,0.2537020256171677,1.863242211755333e-05,250.51065712859008,98953.36758343373,108.79197685554792,12574.272023160105,1.2956918957473977,36.31375851825179,0.43739620735324286,0.3304012225095647
503,981.673985973945,0.25270585986395344,1.7900356317866856e-05,250.64067555645576,99224.78520460939,108.63231604062082,12571.763095094091,1.297004828927295,36.80461470397029,0.4378373667710991,0.0
504,982.7856034377718,0.250997478569,1.7183212869290027e-05,237.02370980244675,99482.59794491253,108.51064173460935,12569.285535393064,1.1130811127775755,36.9209066193025,0.4384120578419691,0.4322383610341376
505,999.8753888048337,0.23978042348430506,1.6349592005258636e-05,218.05909548133124,99721.4787328977,107.85967931697445,12567.664863934544,1.2810896360914874,36.95868208752333,0.4390169973617093,0.0
506,1017.6393326870441,0.2258786082424422,1.5564715464466262e-05,268.99926135171785,100011.55650084067,108.33123304263513,12568.05840218582,1.281122434301887,36.846637249274636,0.43959113756499574,0.0
507,1004.4722364860274,0.2381620327077687,1.6524019191555683e-05,257.4370961285878,100290.36765837063,108.11277053054688,12565.85424379736,1.282226886823001,37.22071780757281,0.4401023040479348,0.0
508,995.2313950692524,0.24094625738448405,1.580622144792248e-05,249.13221282468794,100560.57831970695,108.29916533941804,12563.52655234961,1.277415780247569,37.436431095187764,0.44071685885680506,0.0
509,998.3533611353301,0.2403663789444831,1.506068538668508e-05,249.2487435156599,100830.8167364982,108.61204956073132,12561.426924545884,1.2840660249379663,37.28072445021752,0.44137639564800174,0.0
510,1002.5521721936321,0.2392259312921785,1.433226652674313e-05,247.7326821982229,101099.59369990956,108.67250622353906,12561.87264278561,1.2791444686065858,37.960587226122925,0.44195392234555764,0.0
511,1001.5038023432468,0.23926661221811518,1.3611648843188034e-05,-116.02880957615889,101004.59843957034,108.43381512391417,12562.178240180778,1.2824220487480102,37.98843698773098,0.44273408049405083,0.0
512,1002.8955023223482,0.23854146522338882,1.2894319570275318e-05,524.2627685488492,101549.89089979042,107.1946910266747,12559.396632764696,1.2817512035668033,38.20390093011859,0.44346813816021396,0.0
513,1036.832060373979,0.20247196527881994,1.2188249225860055e-05,302.4014146649173,101873.33498540192,108.17543473745238,12556.40126413733,1.2870014446507818,39.02690492601766,0.44424096628389476,0.0
514,1039.9314531864648,0.198237536687362,1.1882376464729225e-05,246.4092396455959,102141.49322106801,108.17646428640532,12553.54158316886,1.1726690479944006,39.176412584904156,0.4452545559739563,0.0
515,1041.143431386121,0.20049932977826768,1.3027925547879597e-05,239.83832917673158,102403.16544574763,108.31957475697018,12550.592826870641,1.278415201632321,39.727447214261026,0.44627062038464677,0.0
516,1023.771102853518,0.21208317298712542,1.4126004207258512e-05,248.83373811746037,102673.75255051794,108.49906886833436,12547.66237907642,1.276470965612705,39.39058238177812,0.4474238097218004,0.0
517,1041.8777917407438,0.20245942874820655,1.355987221087098e-05,243.54091225989782,102938.84592499743,109.24535303279858,12544.801139790685,1.2719865021456556,39.37558513816892,0.4484090764769941,0.0
518,1044.1808594741183,0.1983951203145069,1.3125864432134018e-05,233.73013606991722,103194.3333360791,108.78257931861476,12547.363687843883,1.2758426416211754,39.39689883539049,0.4493429176795392,0.0
519,1034.5141883447498,0.20651931657250455,1.4243268283587278e-05,242.5928488599533,103458.81292345862,108.95490008871856,12544.536060086315,1.2758549261834835,39.882785974604204,0.4502400867649114,0.05058856494854069
520,1030.992090563994,0.20820761340597305,1.5263364324962515e-05,237.64107438080893,103718.13922611649,108.63815827014899,12541.695211156597,1.272594462085651,39.921841727227964,0.45126031324106636,0.0
521,1032.6899572874047,0.20810334098776262,1.4772853370370684e-05,246.27231795881355,103986.06328511967,109.18696409815726,12538.899764880474,1.2738289706767156,39.87354464079195,0.452243465948243,0.0
522,1031.0477819438877,0.20913564677354868,1.4186039526166554e-05,239.9010996978584,104247.47611657243,109.53694759570928,12536.790462428047,1.2748325974060701,39.749602734837744,0.4531639981799901,0.0
523,1055.2582072487453,0.1911837623994711,1.5062897589124238e-05,231.82903064885434,104500.76461475098,109.20959651244135,12547.34077694819,1.27432213946591,40.29629716417026,0.4539996408716823,0.2365364324446091
524,1057.7662901806702,0.18995295981035076,1.6117846957130065e-05,231.07574135466444,104753.7660592439,109.16899852495314,12555.072461917405,1.27084802577626,40.165163748989634,0.454988854606741,0.2639915029796356
525,1059.4752718233465,0.19002647994736133,1.570539510411868e-05,227.27649511497296,105002.99004989986,109.01596558830228,12561.481127361034,1.2744566503941532,40.4443719830625,0.45588826390261455,0.30786770365736515
526,1051.6416931937865,0.1948446178932487,1.529339527357982e-05,231.08602354483966,105256.01423592237,109.13003285005593,12570.927466486179,1.2721686007487807,40.36174878543373,0.45684075894856696,0.1759463595260513
527,1049.4680920092956,0.19690074296671067,1.4828034388369623e-05,230.87584282998006,105508.75118544955,109.25142054379279,12579.135947939136,1.2758713104957187,40.21815521469722,0.4577154210822988,0.29581357210460624
528,1051.826323259299,0.1972739632986571,1.580187885971496e-05,223.01251593191205,105753.58642548978,109.08989568158164,12587.760872640196,1.2479952463263086,40.08186352923461,0.458505328897292,0.3843125684424109
529,1054.3633907396356,0.19644011980195109,1.6744976603784882e-05,237.34999640367138,106012.74638183815,108.55440710998738,12593.39088268947,1.2749645276643433,40.27593035816864,0.45921596486024385,0.39191312977982307
530,1046.2413212762763,0.20190365629060736,1.6240046826598002e-05,240.92223795153194,106275.51650644664,109.17555809687087,12596.624592697197,1.2688992324319308,40.50808432013802,0.4599591071126862,0.2501893575344383
531,1046.2664543823637,0.20213122510594983,1.568213138216977e-05,245.43150914357818,106542.71753868702,108.84893109964761,12603.781579212715,1.2690108590960962,40.321760804347534,0.46074016392785927,0.3561384917109649
532,1048.4157156856852,0.20064115256302284,1.6561588057973155e-05,232.3158287490721,106796.79795414553,108.39392459269179,12606.492035142366,1.252260491440581,40.317705627593064,0.46142619664463685,0.34563878811468385
533,1052.4763674937362,0.20021775272015985,1.744207479294569e-05,231.71657959441114,107050.27374603967,108.08291518599279,12612.192016722027,1.2662872370955371,40.434919607498514,0.4620786964013296,0.28335032813509997
534,1052.7709053304307,0.20063445396067525,1.690533926257386e-05,252.04830044736505,107324.09919339984,108.44087935584665,12616.350795092587,1.2695004044856553,40.36326663927389,0.46271848030442997,0.3925943170959414
535,1052.6197671148163,0.20051079185083298,1.776684015189796e-05,243.30177631343105,107589.17109458562,108.307956988721,12617.93657457762,1.2660484598590154,40.40184714038283,0.46330891440500505,0.39404025503897344
536,1052.6780569857156,0.20083129565270963,1.8624111153489113e-05,237.25088273295862,107848.1832010078,108.40924779153252,12621.310613228481,1.2651913291225327,40.37373263952807,0.46388533532164067,0.4482103183739241
537,1052.7356680386101,0.20109524125385103,1.7697056749531517e-05,240.50559893745466,108110.43824699396,108.80524967672504,12622.517624859049,1.2685605445762167,40.45161341172762,0.46442805411277965,0.47917374360095266
538,1050.8246969413897,0.20196875131251768,1.8540079546715137e-05,229.02097738263078,108361.20402418014,108.21442640986822,12621.892289578082,1.2480869897122984,40.44047677887996,0.46497344101263954,0.45776975817004484
539,1052.9484980142101,0.20227899962600904,1.7817263564881423e-05,240.7948325460956,108623.70961560402,108.22581810019727,12625.545370248028,1.2645526770631503,40.46826777289576,0.4654894470182509,0.4712973950145454
540,1049.640512266559,0.20315459818598236,1.8624836476320762e-05,239.0034385689444,108884.47493987287,107.94822507693287,12626.423261070671,1.2600786031922127,40.46555987844967,0.46599194278068606,0.5011997204922523
541,1054.3199248384678,0.20005297435674207,1.941112737619262e-05,228.74387089856793,109134.94811837515,108.03515427119962,12624.756414313159,1.2414315389316937,40.70960236197495,0.46647197556448416,0.5264044072750949
542,1054.7515436288836,0.2006651086832062,2.0121999679655224e-05,243.76054137025355,109400.44467677089,107.97805921269898,12624.143242476022,1.265016877512404,40.83626826804907,0.4670133185301472,0.0
543,1060.0654890596697,0.19885224977543126,2.081535742200652e-05,239.638188607394,109661.81191664445,108.21858765468016,12622.987687485987,1.25901556059073,40.76446409694422,0.46755234119484546,0.0
544,1056.3691705972274,0.20010612291133223,2.1517173670048053e-05,233.58175060320403,109917.15376493972,108.03248155056511,12622.299946668687,1.2658231533661388,40.860729308454076,0.4680427195716013,0.0
545,1054.937102169354,0.20099960670320483,2.2208974776744828e-05,236.3433615928525,110175.30475124948,107.84157328697859,12619.139032221936,1.261504111285512,41.56465825977911,0.46854331410479255,0.0
546,1058.6243151992524,0.19953962494874333,2.2880487172414485e-05,240.34780514746336,110437.44786923693,108.14406673833145,12617.37209902084,1.2622748813234388,41.0107146260561,0.46925760527618493,0.0
547,1059.0931831722767,0.19768603139621077,2.3556937116413422e-05,237.1310253000869,110696.40791223226,108.28151859600617,12615.656402345052,1.2584440112784565,41.08997005115056,0.46975248345013126,0.0
548,1063.0242898990837,0.1947201803050933,2.4242510498750026e-05,234.56740584429588,110952.82237466099,108.3386560570725,12612.58364484884,1.265507779929604,41.38520732643359,0.4702515791152018,0.3892284140328428
549,1068.5504286372945,0.19182743243700606,2.4949001173585583e-05,230.71901569911455,111205.43226590607,108.43194537240797,12611.169116685756,1.2622247574733045,41.29460275317321,0.47084206874345835,0.0
550,1067.8504731501803,0.1906986290654381,2.5675505991525203e-05,229.75763651248303,111457.13703012021,108.27242519428513,12609.570294988043,1.260849955678926,41.16167542199662,0.47135994312727947,0.0
551,1072.7863191643557,0.18707268863919813,2.640313183537363e-05,228.17335144054326,111707.28038943357,108.88852741515505,12606.88368444933,1.2577333609346992,42.18036924907018,0.47180958013714536,0.05258244460368644
552,1079.4624682800265,0.1851813580283339,2.715846588055937e-05,222.52148790999183,111951.83603345437,108.74217495179496,12603.793135982804,1.2608964186247964,42.16012060271615,0.4725830551316125,0.0
553,1071.0616044482108,0.1891088463155749,2.79246479166408e-05,223.4985768590543,112197.39784779798,108.9646775431588,12601.031240233897,1.2618942766377583,42.12097861696353,0.4733111764232068,0.0
554,1071.427594751634,0.18951245250257853,2.8637937270895875e-05,226.16813416301417,112445.55569625527,108.6830578648645,12601.522785630197,1.2596310289429038,42.032638409937306,0.4739918832573709,0.0
555,1058.7881273242658,0.19908173477331925,2.9336263051336276e-05,227.1259770663816,112694.65081229164,109.0024247794747,12598.789631195781,1.2606819545275278,41.661476638294296,0.47461102635725044,0.0
556,1061.60058294089,0.19820308212589988,2.992224768459701e-05,232.17215343816005,112948.49160390945,108.84220034258912,12596.088063846148,1.257998364148518,41.4796117011597,0.47507673536186273,0.0
557,1057.2804232893627,0.19912112279895222,3.0507944771823083e-05,236.530311047711,113206.6894850918,109.26954918459661,12593.560959151579,1.257790688530519,41.52443570587159,0.4754602817804131,0.0
558,1056.8073599759223,0.19914298969730504,3.107426937741585e-05,232.60291164379524,113460.94069445765,109.00307190430244,12590.585800141655,1.2603124921314726,41.70849154507019,0.4758418996113903,0.0
559,1058.0128775627556,0.1984600999997309,3.163094421016106e-05,233.15722424611815,113715.74396581046,109.08152978423225,12587.579055757013,1.2597315138033058,41.774583259166434,0.47626841550460985,0.0
560,1064.471562555406,0.1934670696460331,3.219894795029506e-05,228.1688973832047,113965.56959511436,109.03224361783371,12587.937944257168,1.261378364155212,41.81200454655762,0.4767175291911626,0.0
561,1069.3443535923436,0.19117213814692346,3.281068275698554e-05,231.09172404642297,114218.45801258911,109.26974000528146,12584.854261419054,1.2605497708868485,42.088732840522866,0.477158874166144,0.0
562,1067.9180794217195,0.19205673041987426,3.3437139785493116e-05,227.8246301347733,114468.17257186609,109.21654602543713,12581.713217198901,1.2575019197972876,42.06275452705834,0.4776731692824275,0.0
563,1066.9600799025338,0.19293760817030037,3.238935033004395e-05,226.05536569826214,114716.04571654106,109.27427289912619,12578.719330341242,1.2584040842361877,41.463444559875846,0.4781550891517938,0.4400347290711295
564,1063.9996559638407,0.19524290461335436,3.3000563444803065e-05,227.04375147064212,114964.88920242313,108.78526997855042,12576.295968638788,1.2610344316858149,40.7127312231589,0.4784305997441744,0.0
565,1061.8849825855846,0.1986762979877259,3.21521534138783e-05,235.04702729108175,115221.71921521628,109.18115083961325,12573.19718389679,1.2573644930488141,40.82499121203103,0.47844511173772886,0.0
566,1059.140898470766,0.20105736892724835,3.269860834345418e-05,228.82749357596413,115472.28284077844,108.77062603024054,12570.532770100142,1.2632381277125095,40.64941881350852,0.4784988180143628,0.0
567,1059.436145538258,0.2025307728732748,3.321065448771854e-05,236.92716541379014,115730.90522903742,109.14163088748727,12567.558971732356,1.2613931168556685,40.60318364572181,0.4784930983385385,0.0
568,1062.281526834155,0.2026447051629724,3.370534943104324e-05,237.16891104172836,115989.79012461679,108.87628882136417,12564.413488038203,1.2638287798923171,40.78567125963456,0.47847436440546887,0.0
569,1066.1928386980405,0.20234581603354496,3.419018528744167e-05,232.88755159081384,116244.3800611237,108.72449073208413,12561.21010413212,1.2603958863759996,40.73599732210628,0.47852005567567224,0.0
570,1058.0300415897648,0.20674713454782234,3.4669659862389654e-05,237.339195531315,116503.43214411578,108.78884382266452,12558.145486614356,1.2570908193513726,40.82566079942768,0.4785293862557304,0.0
571,1056.8080981142805,0.20743105029981412,3.509383181243809e-05,238.81290134405464,116763.88588127552,109.46190907444814,12555.030438731621,1.2625836738074285,40.8933162529231,0.47857054680283045,0.0
572,1056.6526119601351,0.20823374601316258,3.5502705839693144e-05,235.5152304776224,117020.99624224336,109.07930806605,12551.96059734267,1.2584145452339417,40.93453374595426,0.47863453551257373,0.0
573,1055.8609003604827,0.2096064191309459,3.589516319970534e-05,238.53496296455293,117281.11068836274,109.27553301915134,12549.575753353287,1.2617759387091834,40.74064983523901,0.4787113166760928,0.0
574,1053.2965635611824,0.21119299444726136,3.626529700859874e-05,236.0494405401997,117538.70557788391,108.78043909101109,12547.656846049947,1.2607891235866018,40.81053571994346,0.47872130449341127,0.0
575,1056.3129276247757,0.2116135068778633,3.6611035839305847e-05,241.331955706393,117801.53062636808,109.62778624963502,12545.592069764218,1.2648513384034596,40.81513568652167,0.4787564157878802,0.0
576,1054.6557262072322,0.21135140189187007,3.694500787647993e-05,236.59121156908418,118059.57685562938,109.65021874407081,12543.018418883314,1.2586401815221366,40.92085230560811,0.47879345715228727,0.0
577,1059.051877710394,0.20477757176175593,3.7274590422494006e-05,235.83153143135075,118316.8232532522,109.37818510447866,12545.13829346561,1.2586531889402512,41.17197397934816,0.47886627176314694,0.0
578,1062.3483278694375,0.20326613095705226,3.766699958539764e-05,238.9630996632408,118577.3788112966,109.78647955219571,12542.140772274352,1.2584588736325995,41.51166210381005,0.47902186511695577,0.0
579,1060.6918767753868,0.20310496426836844,3.806792707413013e-05,234.55592799649617,118833.55874768268,109.55506606253086,12539.56366591511,1.259686937592368,41.55829896644694,0.47928578854089476,0.0
580,1062.8194305809698,0.19908195243365523,3.8462971815573244e-05,232.27199409310805,119087.44623367158,109.76566295451461,12537.04133561644,1.2609497513410515,41.552203844608904,0.4795541802788085,0.0
581,1060.658114864982,0.19943845828196471,3.889329350838282e-05,233.21774463881331,119342.3097096014,109.73975651024631,12534.554798354056,1.2638844912002638,41.573672873223046,0.47980909846217074,0.0
582,1061.0977349257912,0.19887906215361328,3.931204850375459e-05,237.9443066870273,119601.89777521766,110.13136206145917,12532.056344678025,1.264010023314799,41.639627556331625,0.4800604643616747,0.0
583,1070.4327391685952,0.18912085295847492,3.972910078593801e-05,227.9845442632315,119851.53356329873,109.5269333951343,12535.41691803184,1.2640420660118534,41.59375313206363,0.4803233803422855,0.0
584,1081.9152731882186,0.18114275678051073,4.0242368523980834e-05,223.4474035019238,120096.87149426101,109.10617911074765,12542.563839922437,1.2577340253942721,41.68053672203709,0.4805597067235168,0.0
585,1081.642034244083,0.18061611611935124,4.082017821272499e-05,219.77643446336475,120338.72080990493,109.28705082794296,12546.41174248877,1.2623886511400118,41.88342870336993,0.480815310296891,0.0
586,1081.134090845857,0.18159359148522802,4.139484876339575e-05,213.44009879153373,120574.24910407176,109.02675999352729,12549.20869197276,1.2566039961083912,41.800037996970886,0.481128188850476,0.0
587,1081.7573385446722,0.18259116290357524,4.195043802874754e-05,220.3331654137453,120816.64060485913,109.06189801459406,12551.953575360007,1.2548801036394561,41.80491578720452,0.4813993262877352,0.0
588,1088.7445935385606,0.17996284141202423,4.248691841958298e-05,219.5261393622164,121058.2144801278,108.79441776319658,12556.948552480315,1.259396089763268,42.40352005880888,0.48166044951840736,0.0
589,1079.0248806474342,0.18430289171234693,4.304679229139629e-05,215.69672474421557,121295.99882365379,108.96736684396778,12553.702376191446,1.258752327296954,42.403131681702,0.48211138658421643,0.0
590,1075.545331276314,0.18601698291963786,4.35518842627247e-05,214.65326018869922,121532.66262161882,108.60862723450369,12550.487227741934,1.257163966695131,42.44681663817964,0.48254144888059847,0.0
591,1082.71661043554,0.18412443861032246,4.403076511568934e-05,223.77733749263118,121778.39447557909,108.6612264381996,12547.13777909245,1.2568980388100703,42.399080907840684,0.4829664703527274,0.0
592,1084.6393860527094,0.18276545316702208,4.452204903052799e-05,222.8496754424518,122023.26522695358,108.60367867588987,12543.93432294956,1.2576691850225594,42.44672727221824,0.4833559966366838,0.0
593,1076.6172611131217,0.18400846434928675,4.502001250643636e-05,218.2605332523552,122263.55139797369,109.15897986002712,12540.626688482384,1.255865580812052,42.48447909173475,0.48374382587804743,0.0
594,1079.8863144046409,0.18304746118914228,4.549697102865728e-05,221.86151328168978,122507.3421117105,109.36942606032588,12537.763167092717,1.2584904479073893,42.37645688074947,0.48412670724596035,0.0
595,1081.191318329372,0.1830892733591285,4.597849343291622e-05,218.47483573954796,122747.75931226349,109.29067366011573,12534.64923180581,1.25645983628295,42.519093227999804,0.48445593432898193,0.0
596,1092.471016824002,0.17979223618794937,4.6452016986804645e-05,210.5477086627725,122980.23978240191,108.79348829348699,12531.835240150622,1.2552250316857447,42.45657946952251,0.4848183540057167,0.0
597,1080.1522157202564,0.1848365675718735,4.695318116725688e-05,216.99241858438126,123219.22501243718,108.96598379591022,12529.383131785318,1.257109081059732,42.337237617784965,0.48514340286412666,0.0
598,1082.4661200981063,0.1849163966984757,4.7393081626944406e-05,212.88669913060141,123454.02851250605,108.75950766051604,12526.150468445201,1.2532205287266878,42.537180201158655,0.48541387273512726,0.0
599,1080.287573156083,0.18595833791395133,4.782507699331477e-05,223.71600786953718,123699.67837514385,108.96949247211487,12525.626465404917,1.2538720400283707,42.60786794257372,0.4857396986144403,0.0
600,1086.6854839901716,0.18206648329049302,4.806798523443139e-05,217.14067038418528,123938.74797946223,108.92248848103434,12523.453823583819,1.2528749741173624,42.352621747940304,0.4860550967782703,0.0
601,1087.77104607375,0.18104727210001825,4.811020447471401e-05,208.242608588861,124168.98013739291,108.68924554357568,12521.142633099618,1.2531460223684652,41.558157649186484,0.4862707371653481,0.010216816086611402
602,1069.926024535816,0.1948200199481661,4.7611151266685574e-05,213.64777674457093,124404.63281909502,109.15041657191098,12518.038352112908,1.255350936748909,41.989297421800906,0.48621099461526524,0.0
603,1082.3070400114107,0.18549961248150604,4.645963212394963e-05,172.43470124785154,124598.80752540278,108.91785757193783,12516.02896929996,1.2529038422316308,42.01348588753021,0.48630044339369033,0.0
604,1098.628943896613,0.16814205236584479,4.670283990950907e-05,270.18176712068447,124890.94337845402,108.77716053767779,12513.823858459036,1.256437896953835,42.09334012786846,0.4863953182922366,0.0
605,1094.8978530762936,0.1705459010265934,4.575603802748777e-05,221.96626498370355,125135.16242919333,109.56786673633222,12510.815157015026,1.2531477919889686,42.60944731208531,0.48651402671686617,0.0
606,1092.140640140427,0.1709316605861807,4.4789130465707174e-05,173.22975303358976,125330.6397094586,109.18120430611164,12508.205538044978,1.2289140704189934,42.24518569491312,0.48680182438467123,0.0
607,1088.2668208229115,0.1799898085582481,4.379857310587527e-05,215.90763273346047,125568.76435268804,109.52312217321388,12505.366995663344,1.2408660534796347,41.52569673746969,0.48695460345570013,0.0
608,1089.9568975098741,0.1751897334084923,4.272405736452746e-05,226.84978608923578,125817.69803143361,110.004539549695,12503.740388781027,1.2559248070439235,42.344119427733425,0.4868598991341274,0.16555968896054196
609,1087.5059120860183,0.1727450163409341,4.170696288873455e-05,223.5716030707043,126063.35315309268,110.91311497699546,12502.668016213916,1.248506157598903,42.43660315211472,0.4870528518636714,0.0
610,1074.7622523715336,0.18095254462579524,4.0701423901161794e-05,206.10971135332682,126291.6399039269,110.52780472793458,12500.360654720653,1.2486062570530811,42.36109221900476,0.487262533323082,0.0
611,1077.2572974510738,0.18148569912235757,3.960815974009781e-05,215.7766900110969,126529.37172332348,110.35396081432258,12498.28035148313,1.2465731400618527,42.20990239931966,0.4874380451425175,0.0
612,1075.0860758196964,0.18337863486187245,3.851474730043625e-05,216.8178984847302,126768.14640451725,110.65952046561459,12496.33575553695,1.2511544139889679,42.069626294759075,0.4875556923775746,0.0
613,1071.6273377054351,0.18617895217361913,3.7404907299339916e-05,183.30257263586455,126973.37152178507,110.26961745617568,12494.406247140387,1.2447380412288809,40.572843469572916,0.48762204810363036,1.3853557763673194
614,1040.6182813578412,0.21873501246241356,3.62497885330127e-05,247.98659969182148,127243.18377151205,110.32505374562815,12492.108302399507,1.2472600191006618,40.37753613439027,0.4872372778025317,0.045542146121377414
615,1043.8817368061966,0.21674811570206431,3.4757638883620296e-05,246.51012608622355,127510.93545191514,110.67631708421969,12489.458300118858,1.249649476111121,40.259801452616394,0.4867413234087057,0.0
616,1052.698918033728,0.20851946064125204,3.3299287012231114e-05,243.03707974989908,127775.29426440141,110.64924730242237,12486.444472214333,1.2503982170373955,40.38029129812692,0.4862461210041971,0.0
617,1043.9236875418533,0.21349288151465395,3.194066632504352e-05,244.45856766137007,128041.28063494434,110.63568472635745,12489.696242355036,1.252717125423686,40.23186258657799,0.4858180759947835,0.0
618,1053.498017543917,0.20973640554062356,3.0540500126857024e-05,236.71006576057286,128299.40293333295,110.51439428542407,12492.01463586925,1.2553745015027662,40.00133570292315,0.4853635199249838,0.2682662057266896
619,1051.176879935774,0.2116196401855781,2.9192530105134692e-05,240.65923113825664,128561.57817469053,110.93525575939168,12497.417334584301,1.2500281278599115,40.03187877978855,0.4848664954334086,0.0
620,1041.686489591909,0.21515138743184825,2.783584557720626e-05,244.1704836185124,128827.22466588479,111.40188417895207,12503.418155719586,1.2546228410968447,39.85237294775378,0.48441581634752745,0.0
621,1033.9370351733883,0.21794064951870262,2.6453146289543785e-05,231.94415718248007,129080.54584631875,110.82318940221712,12502.843018025555,1.2361564767399964,39.84835203159096,0.48392934460086084,0.0
622,1033.1951793394012,0.21993437058079213,2.5047514319045787e-05,240.86905581312774,129342.66463803258,110.77514809577049,12505.5681932331,1.2535122708189979,39.85571660292561,0.48346780524032607,0.0
623,1033.7350430179429,0.2190320859196997,2.363416483744791e-05,242.05153634954792,129605.97565688181,111.1342437298147,12507.286580545646,1.2118419426312608,40.2239629897089,0.48303376730691644,0.0
624,1033.598047139931,0.2158800655470926,2.216718682628525e-05,226.0987740088226,129853.29326120527,110.74142055292205,12512.610640509572,1.242105911923866,40.13255184069067,0.4827470082107464,0.0
625,1036.3311539951112,0.21078810951837768,2.0744436790499413e-05,233.11978407992805,130107.63422687376,110.95602007014558,12509.607229733643,1.2466890519712912,40.23030521624629,0.48246536393675427,0.0
626,1037.1408927711623,0.20954507625323493,1.939145706052966e-05,245.89886820592798,130374.86897703006,110.62442308135978,12507.026844007734,1.2441771828302712,40.29941813723823,0.4822325011447259,0.0
627,1041.4210549014779,0.20536454478735577,1.8063053127858764e-05,238.14727057934985,130634.40493836856,110.85878311142616,12508.869514038557,1.2426595863257557,40.344538725051535,0.4820363437191679,0.0
628,1042.7659736023584,0.20105503144678716,1.678250647731562e-05,53.45301890777091,130709.32598426122,110.37061047223307,12506.066203528873,1.2468758204903323,40.80420741516406,0.4818669841535917,0.0
629,1043.4259723834152,0.20109574515751494,1.553191387288078e-05,372.1427522289652,131102.95963267345,109.58262990742527,12503.167957413532,1.245252993606853,40.61882508236056,0.48184266305012247,0.0
630,1047.4960051979517,0.19146266722746852,1.4272383367452604e-05,265.7117279019227,131390.20719486012,109.98050773683829,12500.293362376045,1.2416005088907467,41.19074301397805,0.4817394961832243,0.0
631,1058.4873887233884,0.1858686125689305,1.3108945166800815e-05,233.13409747698273,131644.9842801849,110.31147160350629,12498.256293444132,1.2419755107889414,40.92110352229882,0.4818352921837651,0.0
632,1062.6809531232614,0.18243956431431796,1.2003263729074568e-05,214.35047683134067,131881.04992377874,110.29652744428293,12496.761546319174,1.240735750738403,40.978329278476124,0.4818374715955533,0.0
633,1058.3595053581712,0.18743349614060678,1.1213772769289149e-05,216.0675665545127,132118.9082792991,110.04195057213279,12493.82397253927,1.2368324680499607,41.09844305465708,0.4818604885363832,0.0
634,1057.8171067788014,0.17820349868796537,1.037679506162955e-05,160.22209523863913,132300.8495248612,109.20481785827708,12491.546497800236,1.248602726738844,41.50456735887733,0.4819243999528038,0.34192853160905656
635,1068.4950957036317,0.17426410597131392,9.446666343718964e-06,261.5502442015779,132584.2515152523,109.8092382191881,12489.367799994789,1.240055700140314,41.837385612504434,0.4821362459785975,0.3362007677819463
636,1066.468321656277,0.1742579270900182,8.492502608806597e-06,215.8844259152205,132822.07252593743,110.05962515476277,12487.18507777282,1.2374146098258445,41.897869535776344,0.4824505988494914,0.3388378904191569
637,1066.526754610552,0.17591074722017352,7.537010658053583e-06,204.54000469842012,133048.5011348484,109.92337118988569,12484.296053340691,1.2426655272065823,41.95165734699198,0.48277116717390167,0.3370437614140229
638,1066.397296831673,0.17825631843414758,6.571360455945093e-06,179.09502148496153,133249.49784247045,110.04428671392175,12481.26630825018,1.1733041775541797,41.81733926076312,0.48309520746924617,0.3389670318495632
639,1069.7387057565688,0.1786207772449453,5.393249108846104e-06,209.46815015696407,133480.80966993293,109.5571125266402,12340.434901187684,1.219287394997485,41.78257005551193,0.48335952116477987,0.32451547161994654
640,1075.0166623476155,0.17731103324576192,4.2259992975260856e-06,217.3803433133094,133720.14672572303,109.18790972629927,12337.442914024989,1.2336956591305348,41.97415369682511,0.4835999037270801,0.32855536321785905
641,1066.101937152595,0.1791043587990956,3.0811922866040027e-06,214.6365067372335,133956.7388164392,109.6922256473531,12334.4340808282,1.2313114219170127,41.78405015406132,0.48389425555166615,0.5745344278184206
642,1066.1434388808923,0.17879799802966245,1.9243656433118603e-06,226.7721027328116,134205.4569143845,109.91441694179403,12331.785621755545,1.2310533015032885,41.40810486354606,0.4841209563246403,0.32878665786309114
643,1061.3497087615306,0.17676787635647362,7.786656684617215e-07,202.76180067782795,134430.1251470764,109.30512084566985,12329.490388281705,1.2378544155274558,41.647540417454934,0.48420216380971204,0.3237128570670791
644,1062.0425200203313,0.18045801927721072,0.0,218.2662485927233,134670.2894631824,109.4478970413553,12327.554769142847,1.2406999928586033,41.605438631429664,0.4843610532651352,0.0
645,1059.0230926266286,0.18570777849127684,0.0,223.6374049666191,134915.82339345536,110.11102749089581,12324.61149787853,1.2388753197130267,41.382407508993374,0.4844869846206051,0.3083897681560188
646,1058.7008196424306,0.1866315619280059,0.0,223.52953463871836,135161.1728218207,109.98420551749327,12321.737778696972,1.2355928662557818,41.05628800683105,0.4845450981082857,0.3043782632718006
647,1055.0201803259372,0.18907864875720715,0.0,223.30102798840988,135406.28250303387,110.0239661362444,12319.48682251856,1.2345594748471669,41.26190559616423,0.4844922009722624,0.038794591876595064
648,1055.7374984129117,0.18869707628172683,0.0,211.02311946690705,135639.07231705458,109.50961256587694,12317.891474331107,1.2373548894325326,41.12311807224071,0.4845023994576535,0.0
649,1050.0789930541025,0.19255784665377662,0.0,232.4853167493484,135893.33260227667,109.87559983484253,12314.992580523685,1.2387215289132463,41.23939532205151,0.48446559099629677,0.0
650,1054.9570553948652,0.18963634444978716,0.0,214.59023292162559,136129.63665597927,109.63627437703836,12312.234438212407,1.2365641093875575,41.29028350494751,0.48447126480705555,0.044716530344132366
651,1061.7214147547934,0.1639518702732793,0.0,210.6100164183123,136362.0019314889,109.40094489123737,12311.590897524684,1.2373224277310384,41.4131763522209,0.4844970314669949,0.0
652,1065.6336589919065,0.18018212317157045,0.0,206.19026205560746,136590.07851920152,109.7516180921338,12308.97368215469,1.2395881358051346,41.42418541721928,0.4845626185210601,0.0
653,1070.321902982266,0.17578567414520085,0.0,211.14647630159712,136823.19351969278,109.90704208458428,12306.763014743976,1.2350593928546272,41.27689047910921,0.484630165396375,0.292417604404946
654,1068.3107187320156,0.17604481819448503,0.0,206.4166793702637,137051.6387441708,109.81985634853002,12305.691751234053,1.2347085694197966,41.75815768356751,0.4846576085389097,0.0
655,1064.9307611438476,0.1768540807157919,0.0,205.2119090481141,137278.86191875237,110.33076869225133,12308.38321897331,1.2390968384849832,41.56444040337385,0.4848355766595229,0.07241852633957535
656,1070.1727141049012,0.1731580840518625,0.0,181.5468992748856,137482.3737293846,110.4986878661364,12305.285595556235,1.190539153827923,41.849181495405524,0.4849438550919495,0.0
657,1070.8502208510777,0.1745036996710171,0.0,217.53248696849715,137721.93315183904,109.83470814840712,12304.316622544273,1.2235270857979672,42.14783525818842,0.48514103347712734,0.0
658,1078.371912538228,0.16871493734129772,0.0,207.8879028807385,137951.85219008318,110.04658932380968,12301.478060301868,1.232532666115782,42.24265335779536,0.4854300724278036,0.0
659,1080.24986013176,0.16975453201658208,0.0,220.21551605967244,138194.16353795913,110.39669361493972,12298.834600289763,1.235082097804024,42.04858942268886,0.48573789486193103,0.11681177382925512
660,1072.837656974691,0.17473859994046936,0.0,204.233566859289,138420.4815760933,110.24438460090121,12295.847074143561,1.233048366425894,42.44414755215364,0.4859710245290901,0.0
661,1071.609108922743,0.17520423963217968,0.0,198.13604109989726,138640.5972557071,110.0852185119336,12294.983580440778,1.2310707660868656,41.99091385942657,0.48632221912897194,0.0
662,1069.5178220584946,0.1759259230377226,0.0,206.74155388188655,138869.29630136566,109.76455004868531,12292.216460206164,1.2286156262693553,41.947537467407074,0.4865050296699975,0.0
663,1071.5952907375931,0.1741440934604852,0.0,207.54275404543958,139098.77531437654,109.50639254301531,12232.110658205522,1.2321223138261694,41.665767186625736,0.4866459556220207,0.0
664,1072.008954993325,0.17417112550088754,0.0,209.32564802776724,139330.04666141717,109.86496078697607,12231.246582758047,1.2321867184637,41.66106988996359,0.48668664793895783,0.0
665,1073.9672395123755,0.1757852685284056,0.0,208.37990022895062,139560.3678752048,109.63097004036925,12230.017476475261,1.2354346790446586,41.875793962619696,0.4867251774058937,0.0
666,1059.6736637790154,0.18422742411269355,0.0,206.24011024928376,139788.52085381973,109.56787469785563,12228.50722050134,1.2142597984678125,41.760674429068146,0.4868157303789623,0.0
667,1064.650106314676,0.18657499296697444,0.0,216.88537213765176,140027.17137831877,109.16614851755061,12227.182046987855,1.2283267349282583,41.45928722757695,0.4868645216265271,0.0
668,1062.1760571545417,0.18966717789975396,0.0,225.99492266777983,140274.9204379619,109.66146090972114,12224.78989564218,1.2327463051126106,41.35498425923713,0.48681111392029475,0.0
669,1061.0707843567463,0.18932739040518776,0.0,206.95455703707603,140503.5839882993,109.5192981353446,12222.337499970714,1.2317168429147227,41.345501602908165,0.4867268240277724,0.0
670,1058.5629174222147,0.19189319178127928,0.0,233.74096147305596,140759.14098140603,109.33691431111079,12219.251923547914,1.2348532281937248,41.46388357096912,0.4866450402949937,0.0
671,1062.8668262803344,0.1874191966545391,0.0,210.72451721065443,140991.6342612356,109.32487149238561,12216.272282926662,1.231254505642275,41.34284742204333,0.4866085619340622,0.0
672,1060.7980729723738,0.18970234140554387,0.0,230.3602567936373,141243.82879418452,109.30390812387033,12216.400430495481,1.2342242879903405,41.469159167969806,0.4865347195534686,0.0
673,1054.9240113362503,0.1904457224011954,0.0,215.51350972945986,141481.13589755134,108.77239844837636,12214.348083211195,1.2298470903239032,41.24892866757154,0.48650843708196384,0.0
674,1057.106581427651,0.1908929808245916,0.0,233.40844059491442,141736.31644251003,109.45964650158083,12211.27887269218,1.2350073809358761,41.554451914090336,0.4864109658705331,0.0
675,1055.8386652388301,0.19252365264241333,0.0,224.11519162554544,141982.1963066733,109.18051457365411,12208.227755742022,1.2358032247829047,41.50923079566291,0.4864224064422167,0.0
676,1057.8066712176608,0.19007128284713615,0.0,210.34078090422244,142214.27517887283,108.83225373246138,12205.177165881338,1.2294901398416005,41.421282168646115,0.48641950558197156,0.0
677,1057.6946820623932,0.18707913306778845,0.0,217.78322823169407,142453.83046263564,108.87180242166434,12202.857079770092,1.228615777429952,41.35371666790685,0.4863886364355782,0.0
678,1059.5938743333006,0.18651379117831113,0.0,202.82327148605327,142678.45154533227,108.6562977690433,12199.834569471845,1.217915280978715,41.48950599306763,0.48633804822842697,0.0
679,1056.1323787618394,0.19006463649594185,0.0,235.4673074924122,142935.6944620483,108.53280181910226,12197.220289903507,1.230058809598366,41.33154952320909,0.4863370048854057,0.0
680,1059.4514310130476,0.18960013714604462,0.0,231.98707705961093,143189.4191212942,109.29064702158995,12194.170281395916,1.226218285536129,41.48864717532715,0.48628438291963333,0.0
681,1058.6595914976335,0.19092866811722542,0.0,229.0452306479749,143440.20977134124,109.03158870413354,12191.105083727713,1.229179547369094,41.474443605855456,0.48628855396913917,0.0
682,1059.576040666517,0.19142553410078822,0.0,224.83027711108346,143686.7632817817,109.05648481073594,12188.078139409237,1.2288406850403697,41.345639536192806,0.4862891380941332,0.08597735035642984
683,1064.5079515327436,0.18689249657786222,0.0,211.4711599997793,143919.94766660524,108.85679640620165,12185.8595342799,1.2244620760997524,41.3692448406658,0.4862511261139447,0.0
684,1062.2515219702761,0.18389230190629635,0.0,218.02422553601735,144159.7457963974,108.86917539272775,12183.45737173553,1.2289684137534655,41.53350155711219,0.4862210377924141,0.0
685,1065.9365108372108,0.17966871687666075,0.0,221.07311930379632,144402.60208572913,108.83616842796461,12180.634872450782,1.225347597808734,41.8594506003145,0.48624899263687127,0.0
686,1068.8984173801375,0.17485504412564368,0.0,203.54039782466685,144627.97635037595,108.34029676711359,12177.794008679566,1.2294681514277663,42.023534565005335,0.4863863451383666,0.0
687,1070.832359427287,0.1718058327651798,0.0,208.07643996921516,144857.93954091,108.38677555025673,12175.17553957396,1.230665432140462,42.01736292836577,0.48657322874180303,0.0
688,1076.1130039998495,0.1685460761859875,0.0,206.2009137143331,145086.0711528784,108.1581297689451,12172.20987323991,1.2270581485667609,42.11473776874679,0.48674997704871426,0.0
689,1078.3959396536382,0.16656448377749733,0.0,199.4085657077376,145307.4615886319,108.66735072199211,12169.938721584369,1.2240749059703244,42.27028689424222,0.48695185712485517,0.1776995792381797
690,1079.7031009764041,0.16421063933716762,0.0,190.89978775275893,145520.39567657813,108.61764446996385,12167.633065626203,1.2319268125608753,42.379299177004924,0.48716475553424227,0.0
691,1082.2774898798546,0.16197453786317606,0.0,199.7185855732994,145742.15880052035,108.48640113460335,12165.281146409865,1.2271662917037456,42.5039782288309,0.48739802974136526,0.0
692,1085.9763012339438,0.15863198113246058,0.0,188.53472190949756,145952.77780414282,108.21198809927041,12162.29663969037,1.2259934855718977,42.78764001024652,0.4876627263489038,0.0
693,1085.8500336143823,0.15722337011237875,0.0,194.99595162204827,146169.91003378827,108.65138931624973,12159.569451732074,1.225886772919231,42.89761508476133,0.4880106275814646,0.0
694,1087.2593379784487,0.15503312601224328,0.0,183.19334504029038,146375.27309522725,108.50303846613328,12156.84109376808,1.2270424920659055,42.97742566471001,0.4883792143662025,0.0
695,1092.465707643078,0.1514367077988905,0.0,180.34678397020832,146577.812557843,108.5112464396556,12154.695987373949,1.2240258904254628,43.10754442754308,0.488757304668449,0.0
696,1094.4870175705025,0.14928893852321456,0.0,181.1071797962058,146781.16081135167,108.50164918896932,12152.439736823198,1.2261806466708338,43.00435803536861,0.4891612976013499,0.0
697,1095.7933761226336,0.1481203290205544,0.0,183.57448593519345,146987.00738141683,108.75268471038744,12150.185489632899,1.2296670475254254,43.29585872298607,0.48951154586597523,0.013238298794092884
698,1099.884920472985,0.14554775370391604,0.0,171.55078577771917,147180.84311069237,108.43558172563178,12147.924745048396,1.2246434269919253,43.12960254424053,0.4899437648017741,0.0
699,1093.8519567471124,0.14734014804303863,0.0,174.52369977525646,147377.6893697573,108.27046123765824,12145.523583610524,1.2206673248302844,43.181303638307895,0.49029910857268005,0.0
700,1097.9885058844031,0.1447073844137543,0.0,173.37270835051797,147573.29841041486,108.44555972786598,12142.92695953729,1.2204731947300678,43.426872376481924,0.4906551257810091,0.0
701,1098.6170281373904,0.14355027622646144,0.0,175.89742357616336,147771.4795567604,108.39188968386354,12140.379953334044,1.2235631827816786,43.320182522173376,0.4910768594176321,0.0
702,1102.1506808744077,0.14118095338180692,0.0,172.1829460502548,147965.95911051938,108.53291165879192,11972.326936322252,1.220916248044734,43.52131387032547,0.4914427178962876,0.10283137021343691
703,1104.6575442366686,0.1393648899988551,0.0,164.74669361372966,148153.03501671978,108.45540815816726,11969.875263698756,1.2170399011043576,43.43626859300113,0.4918627884050267,0.0
704,1103.3975166946943,0.1394704134041923,0.0,169.47009793376128,148344.85620548364,108.47687443099262,11967.380412723622,1.2226583020914854,43.47747803128594,0.4922303620004211,0.0
705,1101.906406615986,0.1398127835069809,0.0,165.13923670132843,148532.33050424093,108.30379689952886,11964.545518455712,1.2188782086487713,43.36947663774434,0.49259441050732644,0.17555133058860406
706,1096.733615181603,0.14950619687865618,0.0,150.73700031259125,148705.3737621208,108.10977071336049,11961.645695995629,1.2191214888531499,42.828524804726314,0.49291172286701257,0.0
707,1095.8145502788839,0.15403561287031897,0.0,167.75731371697137,148895.3376641097,108.03561998351256,11958.744133684622,1.2149411473699996,42.83859481771337,0.493025829293898,0.0
708,1095.3505326662957,0.15335351970271616,0.0,195.8119733415861,149113.3562007397,108.42539023931282,11955.846085881565,1.2207068929666955,42.93573739144435,0.4931387066030453,0.0
709,1098.4155084596625,0.15073139090302845,0.0,181.10269015288523,149316.68055639783,108.0130432428586,11952.906251194909,1.2179550660388743,43.09013759457288,0.49327964400087426,0.0
710,1104.7828296206205,0.1468281186086472,0.0,188.809311765677,149527.75909816794,108.15549621565516,11949.996435519683,1.2215318032692486,43.42357828845415,0.49346644360242886,0.0
711,1103.2111231930592,0.1491882882388953,0.0,187.88869139055143,149737.98227805557,108.24736251489398,11954.583963634348,1.2367315007418753,43.375946461247665,0.49375689600462425,0.1731315085531122
712,1097.9005806499583,0.15487795921076475,0.0,188.38208235364058,149948.73837601402,108.74827089711349,11959.987297801345,1.2329293917127826,43.23256711819556,0.49402445160502,0.0
713,1090.3821570164419,0.16618604377318902,0.0,190.2195037085498,150161.25329800055,108.91349810065813,11960.924649776567,1.234670831065415,42.23106692759529,0.49422483657519817,0.0
714,1080.3812704593358,0.17885929536574308,0.0,196.5390130445747,150379.9200909254,108.67080607728596,11958.014372670605,1.2361251249980882,42.05333871341546,0.49407997530781583,0.0
715,1076.6667291237757,0.18373861391953383,0.0,216.89711034754902,150618.7308600822,108.29272732965718,11955.082053494703,1.22996255625593,41.86572489159616,0.493883842268289,0.0
716,1078.796656294245,0.18294059906555238,0.0,215.35411364923476,150855.91934695462,108.27436607333782,11955.396186836986,1.2298938207163892,41.79114721091797,0.4936357036469659,0.0
717,1080.828838435958,0.18233854220050605,0.0,223.67072944528502,151101.47563927365,108.43330164565685,11952.459870698602,1.2302802495277616,41.67303232586255,0.49337613292725463,0.0
718,1075.2061428855661,0.18755188899601027,0.0,219.43642798302236,151342.8172002463,108.52724501670174,11949.569424881154,1.2298689478659757,41.617203199505425,0.493091091041185,0.0
719,1069.6427382326906,0.19124090985749342,0.0,224.8649598625056,151589.47275691698,108.67375121273429,11946.638419361618,1.23205014643194,41.41165103645879,0.4928027757709934,0.0
720,1072.7351363769774,0.19104685669947818,0.0,-370.51897416555437,151240.65055258042,108.09063774832723,12411.780022718962,1.1841466325149568,41.51071558300818,0.4924610869102386,0.0
721,1071.2931713692756,0.1932218742445646,0.0,677.698008233056,151940.02120643965,107.2857840180097,12269.155041114878,1.21765786266813,41.3013546053531,0.4921709892593404,0.0
722,1110.4498068753128,0.1442660944871511,0.0,314.0467442122357,152275.72025117284,107.98975492788814,12266.397739270775,1.2265287032517829,42.864034665830125,0.49182633454284475,0.0
723,1112.8752384076306,0.13510239053114115,0.0,201.64395246902882,152499.7633197649,107.68431204976565,12263.317468169496,1.2224986591521598,42.89004934591996,0.4920248142652222,0.0
724,1114.1859312930533,0.13487132138221858,0.0,173.50956971254604,152695.78083499958,107.79622506799488,12260.254325117172,1.2264786095179898,42.93129790777972,0.4922231251270449,1.2465718556356222
725,1103.206880212759,0.1451729292536179,0.0,170.1980592208935,152888.5695790773,108.06577036934408,12257.177795539295,1.2292073658927571,42.54805815277332,0.4924740862852642,0.0
726,1100.854712187204,0.1513738650511286,0.0,179.32147433480498,153090.30793136847,107.86168597476255,12254.103912341212,1.2296233513211956,42.43039093463466,0.49253695045856555,0.0
727,1100.846469876674,0.15588512435837887,0.0,188.06564745417245,153300.69109995654,108.13702274929955,12251.420420618279,1.2263630734045912,42.270487198094344,0.49255822264894195,0.0
728,1094.4166281830119,0.16223855882360894,0.0,195.67280615309159,153518.5921772603,108.4203453063378,12248.739269383514,1.2270951738618068,42.069198134236416,0.49252581530307254,0.0
729,1094.7691744709732,0.16533034347360553,0.0,197.57419109350923,153738.32381621457,108.36197587798779,12245.65476741468,1.228463127270661,41.940146658277975,0.4924285371360713,0.0
730,1091.131101810753,0.11514195445076403,0.0,198.30307982192028,153958.70987346736,108.33284401722999,12077.122469244441,1.219567520557299,41.77936512503774,0.48677207478022916,0.0
731,1082.1954348724598,0.12502808066948212,0.0,145.05734797325383,154125.75034686626,108.66068206277934,12077.47882404616,1.2201330271179698,41.280312422913696,0.49238925384411664,0.0
732,1067.9578613841427,0.13969744643648352,0.0,149.552362912177,154297.08655960025,108.30850496993213,12076.892098314864,1.224399846141272,40.825596571776764,0.4920373369562928,0.0
733,1065.4704449916871,0.14858594303026995,0.0,166.5517644865527,154485.1488667448,108.32835008051755,12016.128994919487,1.2231459158018418,40.71049801365791,0.4915515677769989,0.0
734,1058.4429845465693,0.1592472502015687,0.0,181.6674653785928,154688.21852111764,108.51671021759148,12013.651143896996,1.223279978990383,40.47713735257373,0.49105272238582054,0.0
735,1044.9142166607276,0.17005815057447904,0.0,186.56975849465627,154895.99272392463,108.86065417271375,12011.123896178999,1.2248473743434918,39.8249360495235,0.49050176170691595,0.0
736,1048.294926020918,0.1726033794602687,0.0,196.61068926654303,155113.61873456938,109.14359912698194,12020.297412654709,1.219260741084339,39.539865848538525,0.48976070083574913,0.0
737,1038.3726307933027,0.17961162446227052,0.0,202.23086476109157,155336.8618520025,109.21222953373596,12034.283866768505,1.2186800104481954,39.62305856277374,0.4889623940565286,0.0
738,1041.3002550929116,0.17981040374299717,0.0,176.56366500353334,155534.2976153522,108.61543362940078,11984.740621174595,1.1914425274764595,39.373332023109484,0.48823337899552616,0.0
739,1015.17184838744,0.1966284298993397,0.0,219.77409746292065,155774.9223206986,108.35355045727303,11991.028591046943,1.1964997682657403,37.82629128186728,0.48745840049109423,0.0
740,1013.1022600238767,0.19880862472747107,0.0,230.41239167465145,156025.8357480646,109.15188273827646,11854.965945785689,1.210548811567722,38.09545026140696,0.4862042328178949,0.0
741,1006.5186448651383,0.202670171119128,0.0,211.7470567847428,156257.99966143706,109.17062575846283,11856.80013363314,1.1553656219701223,37.67753645617018,0.48510481912746045,0.0
742,991.393951249491,0.22274828726036644,0.0,234.46907728559364,156512.73438110357,109.21035355758349,11577.763575836985,1.2051444830608171,36.874126950679944,0.48392170106366666,0.0
743,975.8218396700497,0.22852082965027565,0.0,245.49940205122246,156778.12031393565,109.912005582615,11575.080716225508,1.2071478914255032,36.87157959569249,0.4825296939036767,0.8979490486038912
744,993.6088030159916,0.20548468119197616,0.0,229.64847191418966,157027.48038366012,109.69893089757743,11572.338260784258,1.2025329539460439,37.14520596940417,0.4812425938490082,1.5352354299655389
745,991.463190737503,0.20683577147838272,0.0,194.7300047370498,157242.25092839502,109.17939671967964,11569.239460340743,1.1734995859576676,37.74355031505581,0.4801377648875185,0.9132589739316614
746,976.28765664365,0.23379367675752483,0.0,243.92860633201033,157506.12232592257,109.45277449330771,11504.908294237432,1.1878315923490446,36.5045914980976,0.4792667845173681,0.9210492545032878
747,971.2966252415886,0.23389551397603414,0.0,237.81662872765122,157763.47959837073,109.86786750450122,11501.859603844998,1.1993692078138967,36.49081159613821,0.47802520895476575,0.9288033141163368
748,969.4346562270109,0.23361543415172958,0.0,233.83105148309707,158016.7548710479,110.15711277003112,11498.81346462901,1.2001620834691382,36.716265265750394,0.4768430770375613,1.0841431143929299
749,963.6031589808414,0.2361596038121515,0.0,231.2441620975113,158267.42656689623,110.43047121094217,11495.730173136648,1.1935803172427049,36.3236392552313,0.4758033781350916,0.9446713222816072
750,964.8947576275663,0.23490858921006785,0.0,-10913.287692394542,147373.51357657497,104.99359203306804,15103.325671567727,1.1999264390868347,36.56755012018073,0.4746801352994244,1.040590772772532
751,998.4925519316686,0.18628538766052183,0.0,8371.946294342175,155765.1409732766,105.06398981901846,15098.118738137566,1.3769621988386775,36.10903766149103,0.47370031336243745,0.9603285934265102
752,1059.6988345964346,0.12786101501332348,0.0,229.0349929254558,156014.61978232831,106.92786995995039,15093.19968665384,1.2052861226100402,65.29764563960993,0.4726141144383496,2.047353180829745
753,1078.272186686341,0.10851818791536749,0.0,155.92111348308973,156192.30660362216,107.22356583105606,14948.510789790298,1.2003871106892,64.7167891941207,0.47689379312846014,2.097929488243281
754,1096.5930023804149,0.09014929674300876,0.0,126.08594274511071,156340.75647827948,107.36168550169955,14943.31644514632,1.2095140611795994,60.811976738880226,0.47896631484860663,0.8854800103187586
755,1099.76739581083,0.08132497598668609,0.0,110.06206954669628,156473.59572135092,107.35663134123205,14938.37848431979,1.2070367696670352,59.45361580212341,0.48050806517479144,0.541991815997207
756,1106.6523552292865,0.07448759950696848,0.0,95.90669563700939,156592.48863229586,107.36727973834252,14933.53514833596,1.2071130421327219,57.30329990960524,0.48122660637899545,1.258856342433205
757,1101.5733517211272,0.0802903699239893,0.0,93.32454175167786,156708.9286522593,107.53312579272539,14928.669696567671,1.2072720590002823,55.76926879505376,0.4854277909645712,1.5259997183271992
758,1099.9474888277934,0.08052117929805336,0.0,97.79380616862721,156829.75824025588,107.11570928726645,14923.479532148818,1.206254629561118,55.10327690482913,0.4854584153686474,1.2141904872320595
759,1110.5773820041234,0.07032031536982675,0.0,94.74154565479421,156947.5147948993,106.82219077699385,14918.310695162232,1.2050082717848127,54.98068320167762,0.48555258466057305,2.261700131417669
760,1115.7571337563813,0.06869928946743775,0.0,87.40416323001753,157058.15387796314,107.04088765777682,14913.162663908288,1.2120581248344844,53.85730146636109,0.485938763021906,0.354353013302827
761,1123.7942647017567,0.06289298695495738,0.0,86.4505842122297,157167.9321785805,106.98271858927392,14908.019023723777,1.2051496322680655,52.8828511489004,0.48907814845041764,1.1055673560895798
762,1126.922734390734,0.05726418914470266,0.0,74.98426183499035,157266.39557069028,106.5113137220859,14902.862879061546,1.2071044989407966,51.98585058458613,0.4895534921494676,1.6543748982779931
763,1123.8552722200623,0.060150856955846765,0.0,73.42205193156846,157363.39151364495,106.55396479827635,14897.728008627944,1.2061152520623104,51.41404557808791,0.4907532263677721,1.172228403662828
764,1126.6058559392707,0.05943407008541024,0.0,71.08713449430132,157457.99528223113,106.51729964808142,14892.59751688413,1.2103357865517876,50.2711229202643,0.4884948372647014,0.0
765,1129.3466092499891,0.055808169869307145,0.0,75.32640149666969,157556.86482787912,107.13787818845906,14888.28545616697,1.2062819042316635,49.48764046366434,0.4885138684671021,1.0776724107651319
766,1131.5652154599113,0.05582781950042304,0.0,70.63707882514458,157651.08116268401,106.96227015110793,14883.732922147261,1.2057227640241857,48.774082187129146,0.48853286398824114,1.038677361361124
767,1129.3831850084218,0.06014960941837921,0.0,69.46760143083429,157744.18691368215,107.08625437247451,14879.013552372744,1.204452594340193,48.02156806856783,0.48855191651073704,1.0502395948021075
768,1133.3321747028108,0.05874271920095675,0.0,76.02891698369262,157843.827359427,107.20494677659936,14874.178835193912,1.20730554739321,47.33488659248725,0.4992005027454895,1.0656160395887326
769,1134.9709590927284,0.06058158994698737,0.0,67.29427483023423,157934.8419344129,106.72212085279057,14869.26477157931,1.2052298088826885,46.709550130094314,0.49352136354731657,1.050713162835308
770,1139.7440263723288,0.05501737797808681,0.0,75.22453110765014,158033.74574858672,107.05580554215143,14864.296533256635,1.227511501393738,46.049367039322554,0.49880119141598384,1.0812739015982373
771,1142.460455381723,0.05603176920559694,7.207811500370742e-08,68.56107467037711,158126.37281241838,106.87438047462638,14859.29171982475,1.2216525794899369,45.468041958012094,0.4990132197402223,1.059933814121976
772,1138.4238887926253,0.05931024336990254,1.3329372450881548e-07,69.31698105987104,158219.84729032055,106.99943926334838,14854.262636224106,1.2145219716037896,44.894590198215276,0.5009972578104487,0.0
773,1141.7316965408447,0.06206461759334647,9.459217447672773e-08,78.79461521655969,158322.67552757665,106.9378431570739,14849.217885212387,1.216900970841071,44.41913540560108,0.4929117570963339,0.9830335153307175
774,1147.5708034309341,0.06175015969441788,2.7480883028383325e-08,71.9228057172798,158418.63754736373,106.48346068333859,14844.045669897647,1.2177106421337058,43.891042087279686,0.492931036904487,0.9944713424054612
775,1147.422496714036,0.0648379682171939,0.0,80.6489794154862,158523.39551814526,106.81907713118036,14838.877882012464,1.2158688850418706,43.05680720033064,0.5019712011891104,0.0
776,1154.675778750615,0.06450958360542658,0.0,83.07567286200302,158630.45459387163,106.83458016273393,14833.714517380773,1.213482647368552,42.64394053141004,0.5068850062469221,1.0172901327443782
777,1151.7939474379239,0.06549485245326969,4.778462796118437e-09,79.32078037622114,158733.75176524013,106.75290171373186,14828.95786377162,1.2102786378036148,42.14607217707163,0.5050602435598858,0.0
778,1147.5041020783735,0.06970661299291181,0.0,87.98913650786722,158845.68696219393,107.04930571037916,14824.396846216074,1.2131432462880283,41.78417965835877,0.5034768178777801,0.0
779,1147.6156894524881,0.06703258860080352,0.0,83.15581118346242,158952.6877178767,106.91243367618759,14819.245630945015,1.2078219778672268,41.46671168357485,0.5303992159031334,0.0
780,1140.019829051049,0.078950529104856,0.0,-2699.2329418112927,156277.21920985606,107.42393002646723,20921.341117408672,1.2098201971675384,41.123504222224255,0.5258810979816594,0.0
781,1145.776904525559,0.07288416968735734,0.0,2202.738045517898,158503.211181466,104.58684342396631,20912.818010263487,1.2095681520218609,40.78775120968994,0.5245588399640847,0.0
782,1156.8898714297488,0.06905430952718017,0.0,610.5220392768723,159137.04848532326,105.49774159877961,20904.3011739388,1.2446585379077568,47.91465179789192,0.5217740229332546,0.0
783,1160.6080301646139,0.06443533797727163,0.0,212.95870456340236,159373.53687919545,106.22860047447456,20895.790603244233,1.2214671842044982,48.95347370999771,0.5207349469772814,0.0
784,1163.9019583956456,0.060377460383375214,0.0,104.74414233791842,159501.87947431544,106.82415392343447,20887.286292994188,1.2164630906164917,48.64021543596444,0.519013685562892,0.0
785,1168.2248868646575,0.05477731342787173,5.088129799797483e-08,75.26313625152173,159600.83150797905,106.85869137447938,20878.809862645696,1.214896063945151,47.7799656215773,0.5182863721045501,0.0
786,1172.492072028291,0.05316033818789434,2.187849528041265e-07,70.46392868141504,159695.1784862586,106.87888938404278,20870.339658597706,1.2167506488327922,47.10672989597276,0.5178163386172789,0.0
787,1169.2253505349925,0.05651329127238103,4.029495786437001e-07,62.68506002405326,159781.68342836807,106.78261773370315,20861.85405106719,1.2140318841009843,46.465852014097564,0.5194299627609037,0.0
788,1174.5495784288983,0.0500034626160506,5.503709060608937e-07,67.14518039375133,159872.53589779686,106.94263721888085,20853.396284189457,1.21687744053922,45.85237916031382,0.5255696634215379,0.0
789,1178.814715567565,0.04783775055101125,7.662688433183602e-07,50.613772905031595,159946.96159460087,106.77002493550395,20844.944728190927,1.1927536140656736,45.283084861590154,0.5215440157701289,0.0
790,1177.235716185417,0.0499585300003379,9.897250715180248e-07,67.20266799673848,160037.98588967227,106.82761656734205,20836.68126867199,1.2043342689975784,44.64203741590858,0.5203585441328278,0.0
791,1180.9900551820224,0.04604999979724167,1.1892785825448326e-06,63.03666947114655,160124.77764741326,107.07531037820712,20828.22031811298,1.2111546973975411,44.24960452689082,0.5409862769152811,0.0
792,1183.2161719326118,0.045101145093032424,1.4292632445457328e-06,57.26827468087876,160205.82769395446,107.3709748777793,20819.787164125148,1.2173926114777223,43.75297796531964,0.5403041161735862,0.0
793,1185.5834120026423,0.04115317881707348,1.7127531022532542e-06,50.91191410860975,160280.55551436974,106.95686145753041,20811.360200740586,1.2190586273900605,43.22702923574262,0.5379030740788472,0.0
794,1182.0856741006448,0.04383803950757448,2.036390002386843e-06,53.22495960747861,160357.64738551012,106.98984477216504,20802.939422846855,1.2143474641431862,42.728262216408254,0.5340662579053923,0.0
795,1181.4234723808122,0.044680396214072604,2.3292957284613365e-06,50.287735060398035,160431.7679581307,106.72797838021809,20794.49868372192,1.2054447552899694,43.01458785015633,0.5334600760471554,0.0
796,1177.8669257888503,0.050123732025932566,2.521179733100378e-06,51.13971652342394,160506.6479649543,106.4860551465251,20786.0902614913,1.2149915981120334,42.62176345279503,0.5214591608967584,0.0
797,1173.8731456820924,0.055804246268248425,2.6541556596036894e-06,69.34729244437096,160599.64626188963,106.91609332456984,20777.688009442325,1.2047513858956613,41.39936785945596,0.5264849494157358,0.0
798,1174.6182991836693,0.0593265869996662,2.726147418960718e-06,-10.286689056660435,160612.90320756435,106.97897039550482,20769.26580962277,1.208385727084169,40.90537557848042,0.5234169359820213,0.0
799,1170.876345884095,0.06400107216429418,2.760581218718517e-06,130.96854783911067,160767.39631532392,106.55427755359553,20760.849798526273,1.1939052975445872,40.514863537700485,0.5241565896020096,0.0
800,1170.9466735637766,0.06033435966590284,2.7454833474193623e-06,89.00318235979003,160879.8057675985,106.72662345763106,20752.454462538066,1.2061839998549924,40.35459926082386,0.5239606354621581,0.0
801,1165.6442576945547,0.06942629460260541,2.769981383187404e-06,85.99627405809142,160989.19612501585,107.13298832324838,20744.050797603828,1.2022321917985817,40.328047906596275,0.5219237336749318,0.5268375115123973
802,1167.2343154456885,0.06891983571678695,2.698022982907283e-06,78.10112073405841,161090.51862589066,106.71624348983458,20735.653306076376,1.2178769064043133,40.69363206541809,0.5208542166085538,0.0
803,1162.0499166234492,0.07150509878128342,2.6731859689791815e-06,86.66422165190895,161200.52374007113,106.86791610222848,20727.262296396926,1.2152657839428804,39.46872039443049,0.5170690599679202,0.7230834472676833
804,1147.5045061834726,0.08940611579188174,2.6225771967721196e-06,95.8132288305643,161319.6142822613,107.36919720654609,20718.895555746825,1.2118155234568346,39.03134861373671,0.5171723594455272,0.0
805,1155.2250206061155,0.0828934136283388,2.385770498494602e-06,102.52474800504649,161445.1296520346,107.33017428375922,20710.534952950547,1.2124153703919187,39.48218882760649,0.5170436249075974,0.9652340823288341
806,1159.2224540543393,0.08171960963144154,2.2189620708912046e-06,101.62229322512687,161569.80020952004,107.30425471354054,20702.162063232798,1.2120709045426545,39.25772128731896,0.5148382244777088,0.0
807,1150.4575588045416,0.09232756314512358,2.085192933568544e-06,107.08242277592089,161700.00367704412,107.61734458989673,20693.795634702252,1.2149334833092855,39.10936164916478,0.5126320087735623,0.02519364417381098
808,1142.8324695532208,0.10338819720762527,1.8384838988942263e-06,114.18147366946289,162073.09321775418,107.55988237424303,20625.717996113814,1.2085643290607448,38.65994902345431,0.5039465216483167,0.255117239098837
809,1144.7951513180503,0.09978537419910305,1.4761174142069543e-06,122.8785805267861,162218.70658482367,107.49329794645959,20621.21942205338,1.207364952601446,38.04689671755037,0.508638857579666,0.0033608719247553154
810,1147.7076804058372,0.09805650920456399,1.19215907578087e-06,-1841.6783753820532,160399.77870425768,107.54599038089422,29178.450279861398,1.2130920614723504,38.570912406245206,0.5063298741302944,0.0131115451176953
811,1133.7086725249287,0.1088476568633564,9.290376382819392e-07,1607.6154442629472,162030.3378863465,105.2857540128891,29059.007273343297,1.2032390847333554,38.388062407110894,0.5043352820835763,0.013835829898283691
812,1144.5877325020288,0.09679238235812737,5.533833193702227e-07,489.38583907545785,162542.41252500014,106.08937236102778,29045.861191873435,1.215488374853469,42.81396433458392,0.5023699695426689,0.0
813,1140.9630600122152,0.09807029441342685,3.0915230187037397e-07,212.62360725570704,162777.95231606349,106.69857421529011,29038.52291531291,1.2157984536765447,45.10041922641269,0.5019898074214506,0.0
814,1144.6138727074274,0.09451432162678053,5.520727878063573e-08,129.35006659244326,162930.43716306554,106.89222387967831,29030.27270792231,1.2140842970294197,44.89834751601121,0.498982607029163,0.0
815,1142.05734628234,0.09809470682472299,0.0,91.24126870370137,163044.82264467273,107.1181879880196,29021.408448314134,1.2064863250130162,44.498518322621194,0.5004302306362719,0.0
816,1145.733916236789,0.09518536777468245,0.0,140.22318437179814,163208.13876377034,106.9036833499303,29012.69260270615,1.2101066778083196,43.94854586923728,0.5005683501475576,0.1118817897117026
817,1152.1959657996697,0.08666546383445184,0.0,115.74281166021314,163346.9521898224,107.01990730847837,29002.65376942449,1.2120244645547418,43.69482369630123,0.4985421735777648,0.13203553547300828
818,1152.552543671924,0.08276465856473647,0.0,102.02768729115112,163472.19679444525,106.6821665126085,28992.039452244553,1.214816880314169,42.72324117910098,0.4978150111073956,0.6846002244849245
819,1148.6331847801318,0.08562674631256839,0.0,104.7839761980133,163600.30587429833,107.18732317824586,28982.847818490463,1.2094825748150082,42.62682230448593,0.49775072460937825,0.1733727255055726
820,1147.0832050787649,0.08403929085147799,0.0,100.72022143947163,163724.26891711538,107.1215810351381,28973.007224495665,1.2119177953909543,42.25873419759061,0.502932606625779,0.12380311506885278
821,1147.3260147269027,0.08571523133264947,0.0,99.01232565356338,163846.517705263,107.16436253337743,28963.347492882593,1.2156926583495835,40.93398627168256,0.5022379738501012,0.7016932902578645
822,1144.7200502706978,0.08448128000560085,0.0,92.76562503957436,163962.5784017684,106.25133685162244,28960.89050193365,1.203123369095138,41.011555589532705,0.5013371090040664,0.6993956483959067
823,1141.6967353302807,0.08954243364748016,0.0,105.70849227279797,164091.5520279163,106.82563204670774,28959.997487345925,1.201590702751151,40.87702798221894,0.5004178275466921,0.4542890259095458
824,1141.87456491356,0.09375483989474809,0.0,112.26829497539899,164226.92882546928,107.1298873353578,28952.430857379833,1.2002011652108837,40.143686211023876,0.4993147256381739,0.11555953867799929
825,1143.9720700663024,0.09058088052228486,0.0,112.10299438894054,164362.1007041544,106.82164536925517,28944.40535863795,1.2074443115227464,39.617833756346535,0.49836105612134013,0.09548761107116377
826,1135.8759114248064,0.0982751199180032,0.0,115.84251155818967,164501.04710524017,107.28107753588785,28935.490975824432,1.2000175551411671,39.605852283854745,0.49710271939023254,0.07850742004798406
827,1136.5542666947547,0.09719531491020117,0.0,115.91502724470806,164639.9111487709,107.27276940381611,28830.779477857366,1.2055615005884137,39.71322750493205,0.49101033095215957,0.6162066315889518
828,1124.5327006543143,0.10949312102067799,0.0,120.66809071906846,164783.53668372412,107.24262026046163,28669.902874442414,1.211409381897945,38.577503025640254,0.4905911388375572,0.5208259734822747
829,1122.0562191521287,0.11674085977794568,0.0,134.16601805198687,164940.60346158547,107.05878907663298,28659.57908277222,1.2118653691001657,38.25191289907709,0.4818411584701661,0.4413457846003581
830,1115.947540061942,0.12475185224538177,0.0,140.46409429748837,165103.7786871497,107.3227892300013,28648.813848687012,1.2059337781097506,38.558215110182815,0.48080586720279483,0.9212115980219409
831,1121.4047905867153,0.1191561857601916,0.0,142.73655440947311,165269.0588146245,107.07235861082967,28638.375214051757,1.2091378458081417,37.96351604817383,0.487654116353636,0.4453922770559444
832,1124.4100673155083,0.11962368726211159,0.0,143.39765748348668,165435.12841844436,107.70040803968429,28637.26058935108,1.215137788198425,37.498910053076145,0.4910398991353004,0.5008632781136555
833,1101.8688096710362,0.1446288867949801,0.0,157.97715766306604,165615.67971382244,108.14112004615761,28646.188187693922,1.2107233747875312,37.492460464994046,0.48946077911509855,0.4841849010348227
834,1101.4256729604165,0.14966400297034987,0.0,169.13049812411188,165807.00932287416,107.62831215644097,28589.928748637645,1.2110732024997395,37.37057024699192,0.4879592797748983,0.43678277986262515
835,1094.6876610993233,0.1582979699126582,0.0,181.26141590925863,166010.29793201532,107.63238315597724,28587.920761859034,1.2055434050153067,37.410239374331944,0.4864915845698882,0.4702293646810318
836,1093.72675081868,0.1577627324414831,0.0,186.75767084950695,166218.95151033357,107.95562545952734,28586.701642241234,1.212494075463553,37.28722972787054,0.4851133575965056,0.4649173514725362
837,1085.4710826557946,0.16499110035053266,0.0,184.7353332514161,166425.4947010661,107.56870474938937,28580.4339789466,1.213253053075605,36.870014122392064,0.4837640088292399,0.4769396460023785
838,1066.622204247174,0.17824125222343856,0.0,192.92415731064514,166640.07868856803,107.77519445348686,28578.859445032027,1.208626732019306,36.775633668897356,0.48234399535768613,0.4843397323039369
839,1054.4991048650531,0.1905938845210089,0.0,213.148802603656,166874.63832491828,108.06765329661351,28577.23605546105,1.2089730646311212,36.51312857674487,0.48096511440032697,0.4646413751563756
840,1060.4623888729639,0.18682610463871152,0.0,212.82542597896776,167108.6398014826,107.93453730378495,28570.616905603674,1.2089039150643834,36.208311516938096,0.47956783372014095,0.4687788377175508
841,1063.0138803719867,0.18574743160820772,0.0,213.08861923717424,167342.91794673074,107.95193415640148,28563.05698248198,1.2043980209548042,36.43729279076423,0.47813981512908993,0.45696104711190344
842,1050.6415884465425,0.1931942575072394,0.0,212.50013133724326,167576.54678697375,108.1075897987494,28554.9847972012,1.202698315937026,36.68108927283804,0.4768612380979415,0.4587037011459074
843,1039.8790150732473,0.2001296264823984,0.0,219.1765219696009,167816.6794939593,107.708592878,28546.570199552832,1.2053259228730517,36.40620081531074,0.47573008563093205,0.44677381775923664
844,1040.3406422891842,0.19859712960464448,0.0,228.16374975161042,168065.66939054732,107.81610816720932,28536.608004284684,1.2086116132197369,36.334271353834666,0.4745642802977486,0.44882220838428566
845,1038.1991229276646,0.20252805563407705,0.0,222.9479200843894,168309.42800316366,107.39652721438989,28527.22656771084,1.209900326430273,36.29281868980373,0.4734342663040767,0.44736154063457434
846,1028.7591957901298,0.2066895834465271,0.0,228.58452024165092,168558.72829668064,107.31092531586079,28517.207078981144,1.207623963813606,36.28537503804919,0.4723287715880118,0.44118626965381225
847,1029.7533129943597,0.2100199690635055,0.0,227.04751252966608,168806.39243701182,107.6212212098405,28506.206216948976,1.204231079683663,36.233787062100674,0.47127740119466616,0.43226828435838627
848,1028.7372054282202,0.2062120484959623,0.0,225.08318069888765,169051.98823402985,107.53030902358506,28497.017318028993,1.2048813193772787,36.20646795921476,0.4702625190777159,0.4328097020699033
849,1018.9844619960975,0.21187836213806432,0.0,229.55602952460936,169302.10412908593,107.58150191429635,28488.526414774446,1.2022094723007892,36.21491290453155,0.46929081356699776,0.4198751745864797
850,1026.6467361228738,0.1965005618266349,0.0,195.96938384684765,169518.48273782717,107.20008194340684,28479.12627035154,1.1860316227931706,37.3806892566826,0.4683716152994495,0.42788400278375605
851,1012.3068625201074,0.22222326262091519,0.0,228.80998652229277,169767.874176482,107.90710751038931,28466.932310586235,1.186297931097933,36.10138102046949,0.46789165268927907,0.4119933795264217
852,1016.2022867596025,0.2186887811764311,0.0,240.84856287965218,170029.0255467791,107.27024906701548,28454.452597436924,1.1982686394780315,36.11543719735535,0.4670069694173325,0.4073090958188885
853,1008.0912446254621,0.2220019864114966,0.0,235.12949253828398,170284.72873074998,107.98484764040504,28441.852519909255,1.2114973667780262,36.13032890589933,0.46617264293928456,0.397272287449951
854,1003.8148953790125,0.22799237808513484,0.0,217.98353203045855,170523.13396033394,107.48422404168178,28429.174362702965,1.1937378258999005,35.58242339341728,0.46540580831087924,0.3904106815901258
855,993.9309231324607,0.24401216319821106,0.0,229.915311098587,170773.34959683142,107.13391707162442,28251.08256741112,1.2044189636956717,34.65141191883148,0.4644946614196529,0.3874049596303024
856,979.6758040838231,0.26223747588099044,0.0,250.2855411164755,171043.8605285197,107.13796600526636,28238.430929449558,1.2038192493150341,34.704478531597545,0.4633180180674183,0.39013763144784264
857,973.0562562345744,0.26629935851801656,0.0,250.35057730035714,171314.1437415177,107.87779991199697,28225.576821198392,1.2172848819601134,34.79081276948766,0.4622198931225562,0.3932021125343681
858,967.2425519065532,0.26915712721610785,0.0,239.7245131223004,171573.6688177607,107.73654498285194,28212.972270091726,1.2158611921650462,34.836511463982234,0.46120752764594264,0.37820150611231895
859,977.2359605958261,0.2517090374526898,0.0,232.4247213798712,171825.79411753156,107.3657694947581,28200.29958009062,1.162387917448438,35.8310632670928,0.4602622798393998,0.3717504395756208
860,970.8777728352995,0.254837228763132,0.0,239.47951497666796,172085.1730881505,108.32902827741836,28187.66532393777,1.2156056764026562,35.74061271624741,0.4596996739601445,0.36415956803276117
861,970.9939060278964,0.2549555826093787,0.0,237.12318743832898,172342.09144013925,108.50853579509861,28175.014939593966,1.221150078819302,35.68935846645904,0.4591361092994802,0.36078050051447974
862,965.0437827985506,0.25717760194757044,0.0,238.7933363190123,172600.70397583654,109.03064982335405,28162.42080131509,1.2197657056071385,35.60845262041414,0.45858496292382794,0.3554900031359125
863,961.3006581811999,0.260597811648007,0.0,235.37051800260392,172855.84398042396,108.57955278112368,28149.927611058654,1.2279495563857348,35.5101291248212,0.45803558764712143,0.3500994869877445
864,976.6477676666693,0.24475642936740682,0.0,226.0306237798944,173101.55390908706,108.29854736879543,28151.07744676628,1.2148553105847162,34.44381844695108,0.45748204993533614,0.3471641582398206
865,971.6339447965153,0.2491886580664674,0.0,232.61752367815316,173354.34055103327,108.00268585886904,28151.189225781494,1.2156923569959202,34.35554229219801,0.45659967294765486,0.34535529769412676
866,965.9869455491134,0.2531512982538775,0.0,230.12793669551698,173604.52695716557,107.91864087767155,28150.07025808888,1.220768678590954,34.40140668161782,0.45573345305538543,1.198177469465648
867,968.1002861946304,0.2547764901370069,0.0,232.13129085788046,173856.90524212123,107.06491339028831,28147.870555853813,1.2220485597148603,34.32669817080439,0.45496032974890005,1.2603895664134086
868,956.9747388204134,0.26569708624993327,0.0,241.87468921191854,174119.02175173073,107.80581328635085,28145.1498359573,1.2208467963302732,34.21992015365433,0.45420477510523644,1.3390854556017757
869,959.1685664475032,0.2650587523852883,0.0,242.03428472218528,174381.13060441386,107.70677432296132,28142.173092273,1.2239386994097763,34.218305076436195,0.453455770334448,1.370747680061001
870,953.9507899622868,0.26762961673246466,0.0,240.80913625804854,174642.01946909138,107.77380493386185,28138.38340374034,1.2219259762319012,34.219078668587144,0.4527464930556224,1.4329790641266413
871,952.7468750670964,0.2700174722223553,0.0,243.34123675441933,174905.29865683638,107.54710982695865,28133.45711021469,1.2235912717684194,34.21057301521666,0.45207691819892293,1.483166861909126
872,957.8991175173862,0.2673265640294301,0.0,238.2914198934569,175163.4929087455,107.33835576514583,28127.64060083361,1.22174426484172,34.330012288806515,0.45144146915094424,1.5268717433070407
873,954.2059918726919,0.27159984383078406,0.0,244.96099638845422,175428.42921363135,107.58704808976421,28120.57506067934,1.223514667006116,34.31764832150553,0.45088113516676964,1.5707493510472688
874,950.9246185630838,0.27400220600130254,0.0,242.52608940144694,175690.8456693247,107.31231590615558,28112.92171384784,1.2194574982711164,34.29626948161737,0.4503478862694226,1.6035515326543646
875,949.5599478666712,0.27586995063489095,0.0,246.7761742870009,175957.4337216963,107.58810692150587,28105.466200280367,1.225049783975587,34.27935610061232,0.44983690732483805,0.0
876,948.5639970029517,0.27701816248527833,0.0,239.2816900509572,176216.46448988243,107.41302150407336,28097.88451672365,1.2191345942910932,34.213920455527344,0.44928595657850035,0.0
877,946.9362115605546,0.2771716180682766,0.0,240.47400253303528,176476.6226286058,107.70418749663277,28089.912121709465,1.218788692303544,34.234041106462286,0.44874233655962126,0.0
878,944.8677126908166,0.27899113373333106,0.0,240.11310852617095,176736.37494773566,107.51807298358732,28081.50169189368,1.225643247304043,34.2141815170739,0.4482344079432984,0.0
879,942.4895143300135,0.2794016408007597,0.0,241.91267870284426,176997.88317278097,107.69474584036622,28073.069333904175,1.2169767316801996,34.224062029158866,0.4477469537515029,0.03408192349859007
880,937.7894861153457,0.2824207813829712,0.0,245.71271202588676,177263.04373642767,108.57728495668732,28064.59978291288,1.2224240814316922,34.2462139196984,0.4472787930709377,0.0
881,933.0696995857178,0.28549844894875187,0.0,240.6089692427634,177522.9993801682,108.73588173706524,28055.196592681583,1.2268457562104504,34.13284299172025,0.44687293427269437,0.0
882,930.7810513611769,0.2872232585222023,0.0,242.0231669237009,177784.2778103077,108.49518487369282,28044.75382325902,1.2176825108860534,34.06621323629393,0.44645102116399143,0.0
883,927.9865310480576,0.2873905656446255,0.0,240.3706279732132,178043.8682516477,108.56879132524276,28033.814990257426,1.2243822602361036,34.03506316966493,0.44602955917948145,0.0
884,939.5460350804451,0.2756973793860876,0.0,232.19443349759112,178295.22807284098,107.85862206812554,28022.40274388341,1.2172570645188847,34.02436602175306,0.4456008561438801,0.0
885,933.7395588080295,0.2811908965283242,0.0,238.3664501178285,178552.9831091849,108.38843272204336,28010.51192459401,1.2205021330853185,34.04559984969691,0.4451917319747276,0.0
886,922.972139247077,0.2859829816054512,0.0,239.62316025539903,178811.89611857853,108.61776423599775,27998.46050251083,1.2262047614140201,33.903394891640545,0.44481192307096634,0.0
887,933.1920226335494,0.26807562227895376,0.0,235.33560862471222,179066.466859191,108.30116424105155,27829.685114949123,1.2252495581702314,33.9510883663751,0.4443854971378202,0.0
888,932.3810138984776,0.26714367714601883,0.0,232.8657975527905,179318.79045893432,108.56351404789478,27817.40600280648,1.216152504577048,35.77856424378898,0.4439981480727018,0.0
889,934.8354998993623,0.2662744940717049,0.0,235.62793820134323,179573.87605974145,108.56982946659059,27805.215682014554,1.2186165562240954,35.6054609627621,0.4442454452567424,0.0
890,927.6663373756297,0.26884285944742214,0.0,213.4079005875759,179806.77421685623,108.39818487807256,27792.95621474554,1.2047179858671768,35.58675952348667,0.44442371683915455,0.0
891,925.4163023742475,0.2790835783025354,0.0,238.8564312916464,180064.9706616388,107.70368140361145,27780.46629510902,1.2139247682331105,33.856839153436745,0.4445882720728965,0.0
892,929.5877226756618,0.26973422809946734,0.0,240.9452602562013,180325.17069946945,108.18363009522545,27767.95643244516,1.2165751521778285,35.33425077567498,0.44416527630364655,0.36043456074210667
893,930.175189369174,0.2679800446170435,0.0,232.21033199315713,180576.76559819994,107.9386541001933,27755.546681718624,1.2166505929386215,35.71343520832642,0.4442749635486643,0.0
894,929.7949597587636,0.26736955531967965,0.0,235.9354911242435,180832.07639194006,107.66564425587192,27743.175364039944,1.2203070371701674,35.721096875966694,0.4444941245428621,0.0
895,929.8343873132586,0.26930509839387573,0.0,230.69550881982133,181082.12257054722,107.72791539649072,27730.908791830934,1.2202453228287156,35.49655642773041,0.44468675216927855,0.11592250173559648
896,920.5969910511777,0.27466866673865487,0.0,237.74243536635436,181339.16910438496,108.18517513879479,27718.44247150259,1.2173203194392443,35.393729572339886,0.4448002371678994,0.0
897,928.9934439361716,0.2708521153037172,0.0,230.20905712955553,181588.451342324,108.12383482100223,27706.109072448526,1.2185677412497606,35.33373442938662,0.4448705384938867,0.0
898,932.4594752917471,0.26906923396294014,0.0,232.82765623250575,181840.4970181021,108.50561680969516,27693.632578038,1.2222656985057878,35.29257201076944,0.44491865795722263,0.0
899,925.4201877857008,0.2719829449683999,0.0,228.42458775290893,182088.1492499745,107.97152683714133,27681.188041088484,1.2167022729099666,35.28568575052107,0.44495203062223254,0.0
900,930.1552436416408,0.27024890945292257,0.0,233.85313288112692,182341.15324316372,108.23911276433805,27668.78108569265,1.2219665142667964,35.42592796280331,0.4449633173609154,0.0
901,923.168310994795,0.2723184973895869,0.0,229.72562259794793,182589.96864975558,108.00997147131677,27656.39195241703,1.2232461691105814,35.214182434002325,0.44502260726881404,0.0
902,923.6826778318497,0.2725608537596491,0.0,234.08554958913098,182843.49004253562,107.80601463350283,27643.889951139026,1.2276352137005602,35.18800069672049,0.4450092991659768,0.0
903,925.553817493764,0.27308877659490416,0.0,235.78002334804884,183098.67525883636,108.02901301491947,27631.395155063663,1.2268091298489234,35.161882914022506,0.444989348748063,0.0
904,918.5165218035884,0.2763312342601393,0.0,235.43007672697627,183353.45551455376,107.73894061157606,27619.074209577226,1.2330399953977125,35.17096024968886,0.4449631077912783,0.0
905,916.1239256468153,0.27787636554158446,0.0,232.17007435755636,183604.87765522543,107.74024041481599,27606.627241803944,1.2199675958185727,35.20127834655944,0.4449427052727392,0.0
906,924.7878245477646,0.2739751486744203,0.0,236.7214732684675,183860.7959208034,108.03191527284365,27594.170467271186,1.2218199507591658,35.22327751512706,0.44493497361168116,0.0
907,924.6413746381969,0.27535607778099735,0.0,232.72921327088395,184112.8376623781,107.61164362635901,27581.72310369153,1.2226029775118674,35.44352043912149,0.44493647628382776,0.0
908,923.6557817281889,0.275775211197577,0.0,233.33641333453218,184365.44386995328,107.42423094747363,27569.28482122435,1.222868742476124,35.261014990348464,0.4450133003478481,0.0
909,929.6114957504694,0.27339491969415797,0.0,233.56405856748162,184618.2345359669,107.67361869714502,27556.85538736906,1.224184057280613,35.74089182989329,0.4450264249837138,0.0
910,937.0888782453318,0.27016737104304334,0.0,236.8637544427921,184874.3350918474,108.03604451904818,27544.434637689694,1.219880491995591,35.40941908328689,0.4452014419254182,0.0
911,932.7171221949891,0.269538992045804,0.0,231.8043055305684,185125.43239935383,108.27097949436747,27533.23213340478,1.2193322025852076,35.419082540493925,0.44525778188221415,0.0
912,924.9806088562916,0.268106987062513,0.0,230.801436021788,185375.56041041476,108.00659126377785,27524.417641080105,1.2205339577848726,35.42382344471227,0.44531595358053616,0.0
913,930.09485580678,0.265064599409628,0.0,225.7768729774642,185620.50786025243,108.35870373417195,27515.72479592019,1.2197589170118812,35.45016500533494,0.44537420600843897,0.0
914,924.194409450003,0.2668461031176863,0.0,230.76607620080142,185870.47163631424,108.20478215322765,27506.848640730423,1.2279757335450927,35.484068568821954,0.44543978124180983,0.0
915,924.0398581934785,0.26736047854677847,0.0,225.0501400579919,186114.64347108928,107.55426073720224,27497.961103770544,1.2222881348387995,35.20730619468115,0.4455344274357212,0.0
916,926.9744692746903,0.2660506677022687,0.0,231.66213252037275,186365.43586308957,107.99636383767714,27489.032760585796,1.2223446978700472,35.213575357549566,0.44553278602976815,0.0
917,923.0241448011088,0.26735004921266203,0.0,215.02820639962482,186599.6130782122,107.47225834956582,27480.016089483324,1.2183424234761082,35.21261534989282,0.4455347304635395,0.0
918,930.1006301612287,0.26522910741818995,0.0,230.2052765488615,186848.91054462548,107.86223169973863,27471.188424563363,1.2141517684825227,35.22188328112244,0.44553764812184515,0.0
919,941.8381759382752,0.2613235994577642,0.0,226.39200578967572,187094.50723183455,107.16314876264713,27462.150837996545,1.2258334004504985,35.19232343308592,0.4455449190771828,0.0
920,934.7217848990538,0.26400712729338627,0.0,235.86491197665788,187349.63808820656,107.6541587236785,27453.103046534758,1.2194545282340772,35.43981921320536,0.44554328316031455,0.06631095654212515
921,925.9720313661195,0.26674002993013346,0.0,232.99123335566935,187601.84649467285,108.21153876400885,27444.134976846854,1.2138106922915808,35.21853641108714,0.4456287398857999,0.0
922,927.2692540473429,0.2653578166672145,0.0,227.58095218770353,187848.60686100746,108.44805899791618,27435.320302608885,1.226104094573383,35.22655977169441,0.44563442263973113,0.0
923,928.9140616718526,0.2654209523696506,0.0,230.46157016883097,188098.2676625342,108.49452298050166,27426.242079957978,1.212128191732502,35.20213040801703,0.445643880909499,0.0
924,930.4241979384683,0.2638898931941117,0.0,225.92567970430974,188343.39665435583,107.98519724831782,27417.173347471435,1.2309181491315984,35.18046868817689,0.4456460240136731,0.0
925,926.8998475885386,0.2655271153562183,0.0,227.26504107755053,188589.88549330796,108.06508275323215,27408.07553227819,1.2217351539023988,35.16352110876462,0.445642145307568,0.0
926,930.5882909789403,0.2645550573697373,0.0,232.75918219787403,188841.84513527656,108.6054781872173,27398.98736938475,1.214443933699329,35.102445781957954,0.4456341265895565,0.0
927,927.441798493667,0.26577029859476287,0.0,225.69366612444242,189086.72275475948,108.68344097386344,27389.87032742694,1.219901600990223,35.12023673154012,0.4456073569133778,0.0
928,928.6502890884523,0.26535487263991,0.0,228.97597054110534,189334.86192858848,108.8770292881968,27380.743818448536,1.2253673726314005,35.11217471108891,0.4455892558384935,0.0
929,936.4860250299412,0.26167270483183935,0.0,222.95056171561205,189576.98772951393,108.11108896908009,27371.60793262586,1.2149654993312575,35.0698417902686,0.44557070241138513,0.0
930,930.1949046613332,0.2651997654775132,0.0,231.2279836818327,189827.47421428032,108.41962956346553,27362.481996996445,1.2176942279617198,34.882112801199156,0.4454814555493325,0.0
931,927.6039385821844,0.2654170179983265,0.0,224.79168825922366,190071.39957807714,108.51453563443486,27353.346841605788,1.2178872350059693,35.023324202556964,0.44533501563858063,0.0
932,925.400757310684,0.2676250631485778,0.0,230.7682423775499,190321.28668414374,108.97664669002735,27344.20255503951,1.2194350443398323,34.91958554812425,0.445244701612814,0.0
933,918.7543833572568,0.2707580589806883,0.0,228.8830464976825,190569.22889631032,109.11502396130814,27335.02998748724,1.2218767066799276,34.92229031871617,0.4451254427444729,0.0
934,921.0628564345507,0.26756126631021493,0.0,218.9574881048726,190807.15109418612,108.44802918418972,27325.85241883723,1.226806975444839,34.91326847622436,0.44501443309634703,0.0
935,921.976037295599,0.2492747809889666,0.0,218.51143397149758,191045.2567665038,107.2264832839426,27316.66206226846,1.22354824622191,35.082876549549944,0.44490731753072754,0.0
936,926.4218152875287,0.2677881581685596,0.0,233.9445856946277,191298.67262379586,107.80137876866826,27307.46294576827,1.2309825366030887,35.062065589428904,0.44486386991663684,0.0
937,934.4228508955055,0.26113473516390895,0.0,230.47750012017295,191548.6405348014,106.79006914771693,27298.255151730005,1.2247067411285697,35.08600797220952,0.444816946395682,0.0
938,932.4776917015415,0.2635721751946639,0.0,230.79170180745075,191799.12156633032,106.5678762675172,27289.05789812527,1.2255441617962266,35.11880401459602,0.4447621594239606,0.0
939,924.2077761333969,0.26728458465240446,0.0,233.60399231031923,192052.29361019845,106.80164013669136,27279.85211670165,1.2164490050780874,35.19764851121648,0.44472245919907344,0.0
940,928.5145361683635,0.26539867433510533,0.0,234.2309879243242,192305.9307439734,106.94025027652444,27270.64180486684,1.224232888724863,35.31748211942258,0.4447125416355825,0.0
941,932.6229663704331,0.2635176284767644,0.0,230.06557149120437,192555.46425224474,107.00304065220426,27261.423129175135,1.2274446369363288,33.76014920032311,0.4447446625651213,0.0
942,926.7177638864164,0.27760358660590956,0.0,223.50276338019953,192798.46874794996,107.47352602786458,27252.173128883584,1.2125185088872361,33.91303340961734,0.4442536126125631,0.2479734710772732
943,927.3897759911581,0.28574577301327275,0.0,238.82274561572575,193056.58362744062,107.2664311032936,27242.937974049662,1.1516455690517018,33.71777937622663,0.4438494434620624,0.0
944,915.3918640475032,0.29400590760597867,0.0,245.79392934303405,193321.60777847195,106.92696708739005,27233.671681965156,1.2087452321525756,34.136912946431906,0.44339188555382475,0.0
945,925.9245017541414,0.2910478180708206,0.0,211.30490280263643,193551.95072662953,107.91249159873941,27224.416467302377,0.9191248167341368,33.964855094732314,0.4430994288077065,0.0
946,931.7030516059212,0.2773329245682826,0.0,254.24091335930717,193825.3111974034,106.82218664622684,27215.15330191024,1.2042628100222117,34.76201836994931,0.442765267091952,0.0
947,914.9074013071713,0.2940919695963027,0.0,231.21607849348194,194075.79533119188,107.20044732773005,27205.934180332042,1.1556070609799627,34.1366115931799,0.4427169076133592,0.0
948,923.6900056961259,0.28743516001921,0.0,250.21608943081023,194344.93116460528,107.82377838553201,27196.688122294006,1.1790423423381,34.30211763520836,0.44246233054811,0.0
949,931.5380528301091,0.28248278364825385,0.0,242.77259238952894,194606.72881892146,107.45241037148078,27187.453388200916,1.1899931325159874,34.36021194614119,0.44227747080251834,0.0
950,918.3057426078391,0.28499739157027715,0.0,241.595537550129,194867.33412711244,108.11570962606115,27178.191900783568,1.203214746612044,34.43322200523784,0.4421227509749712,0.0
951,924.0773801919166,0.281298616341063,0.0,235.77293626925137,195122.0287871338,108.19187974542187,27168.94187565181,1.2023172922104917,34.45669957677967,0.44200165804935887,0.0
952,922.0322189416264,0.2788838226887712,0.0,231.49365809856704,195372.49441321503,108.11894598275117,27111.482983597463,1.1968430160720032,34.481014971377974,0.4418958649503028,0.0
953,921.5304662073111,0.28222204872347656,0.0,233.14210935812966,195624.68711154303,107.86161211050856,27101.761145487242,1.1990004378738492,34.751109375500725,0.4418048793675558,0.0
954,923.5354975003642,0.28090518914271423,0.0,232.6332133534704,195876.24927815777,107.86048678623779,27091.329615541672,1.1888466995972717,34.52961961710773,0.4418104690614827,0.0
955,929.5332964408016,0.27765758885079006,0.0,229.53664684218543,196124.77350260408,107.67317471426358,27080.32732290563,1.1976352328003568,34.74204725800536,0.4417427182871658,0.06048190262843889
956,929.2039663807436,0.2796581253671965,0.0,233.52794356633908,196377.38924531834,108.05133858097255,27069.05779997926,1.205601617770401,34.53485275360153,0.4417533176175963,0.0
957,928.6420748640626,0.2780706177104335,0.0,231.866008362709,196628.2571978324,107.66153048102213,27057.550154257187,1.2007643216442327,34.50342430751563,0.4416927934406577,0.0
958,913.4969404554133,0.28615187205061565,0.0,235.61513439226104,196882.9464721905,108.00702755110791,27045.908126371003,1.2027962879150744,34.48850366416304,0.4416260615885853,0.0
959,906.396945961026,0.28713993329788223,0.0,209.9816088548379,197111.77569218716,108.16546507476237,26872.803523654606,1.164523614610508,34.517450865076434,0.44155897428697943,0.0
960,906.5751536652455,0.2943067680123014,0.0,234.04504621925668,197364.6180972797,107.24551696786138,26860.95357036137,1.135909602296786,33.74497074056433,0.4414866898966917,0.0
961,907.6803750640859,0.29605388425072976,0.0,243.13586967990443,197626.43179262255,108.06465971748638,26849.071427113377,1.170439420475114,33.898746867102446,0.4411599842514655,0.0
962,900.0891764026608,0.3001075273787547,0.0,242.48859663000752,197887.6331637967,107.79449230451945,26837.14058060201,1.1813289389625092,34.01193444024951,0.44090266364010183,0.0
963,910.2593358095518,0.2926153245295581,0.0,237.56560630734162,198143.8349005579,107.19671382604008,26825.18524315757,1.1868894216704304,34.0359457022191,0.4406976039280092,0.0
964,903.1769320590884,0.29887870557235685,0.0,235.99918621414784,198398.63885082485,106.91361780512268,26813.225557351878,1.199887534453778,34.40727225914402,0.44051223056439254,0.0
965,904.4779166502772,0.29534808416590685,0.0,208.17933821282085,198625.42376272794,107.24433473823166,26801.194311333096,1.0701255577440187,34.460876759695296,0.44046215671958977,0.0
966,911.3893651524152,0.29352304405502316,0.0,250.2802878799284,198894.42303685675,106.83498101911287,26789.237439646666,1.1677516144633606,34.21728146827586,0.4404338873397078,0.0
967,901.9819638973049,0.29781983686298774,0.0,248.60796052025856,199161.821877578,107.62437308599272,26777.277498071933,1.1856928324565352,34.39864524366581,0.44032653878858957,0.0
968,909.8974430341914,0.2896962216559389,0.0,223.93537750421754,199404.35411669518,108.14984134545158,26765.305919656214,1.1442920622888604,34.43328422311427,0.44026718509034396,0.0
969,902.5221864670374,0.29539729263764514,0.0,242.89821433725214,199666.15757122423,107.3690150869363,26753.327988405887,1.1866526509315394,34.35737641826708,0.44022372733530724,0.0
970,911.3521088215946,0.2880890484841455,0.0,231.01087624289332,199915.90224943895,107.41339639037712,26741.376610229483,1.1858569920532436,34.33550114125332,0.4401582462129937,0.0
971,904.5967668109698,0.2911545964773945,0.0,235.00313121083315,200169.790650683,107.82136839398244,26729.346941023676,1.1827958383689066,34.413650016101826,0.44008998973339924,0.1482556564437374
972,907.5658598688872,0.28755006121760884,0.0,232.4241939793059,200420.9902574924,107.81279838072372,26717.33623928602,1.1900972671029137,34.42787868837195,0.44005835008328686,0.0
973,907.1542250592001,0.2879539678213767,0.0,231.4187445561767,200671.258139216,107.96388178173228,26705.314774105977,1.1776265608158685,34.440435124021505,0.4400286513355063,0.0
974,913.1211311920431,0.28428776203880035,0.0,228.27644258046024,200918.31421420106,107.70755710626268,26577.054876423714,1.189733555320885,34.44945516797603,0.4400059231768101,0.0
975,915.0920569042557,0.2823482251044801,0.0,218.05417385489136,201155.20903882405,107.89050109464424,26565.05329937713,1.076667939070406,34.44047315993403,0.43998862312524367,0.0
976,919.7262621923708,0.28045269569591,0.0,238.19090661611597,201412.26593507128,107.86712754464854,26553.04510017751,1.1672258151532857,34.9796082133028,0.43997042972328604,0.3195410800189791
977,921.5256940187655,0.2789992705436626,0.0,236.76104774342397,201667.98307453893,107.90847581930221,26541.05582308496,1.1721617868999932,34.77414362692349,0.44014763493877535,0.0
978,920.7784424579771,0.2767967406128182,0.0,225.45028495535396,201912.35365037134,107.59204526040482,26529.063713920914,1.1783407179214307,35.09342801093139,0.44023589368928945,0.0
979,926.4045638897635,0.278317941451134,0.0,199.813863798609,202131.10653704958,107.17929163779833,26517.098347861924,1.1334689259455255,34.80452530370714,0.4404281307470622,0.0
980,921.3487800122016,0.28173350250644524,0.0,242.2422573799599,202392.17648085876,107.15643856776056,26505.14099719489,1.156516750072559,34.84872538327663,0.4405149058168477,0.0
981,911.9573349340213,0.286893219495026,0.0,240.11818781324297,202651.09273133747,107.57434439707328,26493.19165593346,1.1667243403171232,34.060537480810744,0.440613364376712,0.0
982,911.5357142365353,0.28408815324427694,0.0,234.3756217291317,202904.12838912083,107.4386802510601,26481.261138455277,1.1620929374361353,34.110320857758005,0.44044344879455966,0.0
983,914.808412752992,0.28057048389910433,0.0,229.6047402216424,203152.47558257592,107.51653020915106,26469.31990539486,1.1600574956127765,34.33990374414863,0.4402804408107558,0.0
984,914.6573802068688,0.28151570667131876,0.0,229.17429532205304,203400.41092981928,107.4698884625769,26457.39015683909,1.1696247223981644,34.15342303197939,0.44020394115996875,0.0
985,903.5985369305615,0.28779481195114875,0.0,230.0339987656689,203649.15122162813,107.80709619186896,26368.099013937783,1.1589348632471668,34.20186205371249,0.44006989857522394,0.0
986,906.8070618058482,0.2847444434797862,0.0,-176.0057684537905,203491.7040598334,107.03380848185589,26356.170951145737,1.168465684757581,34.546181768424574,0.43996008369457285,0.5625245366087057
987,909.8947709292102,0.2832643763672257,0.0,528.4254926266709,204038.70285937237,105.67707120549233,26344.276462729365,1.1698868686743567,35.10073071036447,0.4399745531324162,0.0
988,940.0010279540398,0.2404400034776326,0.0,291.1319187205498,204348.4396743366,105.4627391154367,26332.384199564036,1.1662781787709111,36.60125914508721,0.44015407706376464,0.367985986263605
989,946.6759699741712,0.2351499513777643,0.0,225.3308172382801,204593.031581453,106.21546154182661,26288.183700876958,1.1536662828171182,36.345826880081006,0.4408436073978777,0.0
990,945.7711991248898,0.23763448606109383,0.0,223.20495542113989,204835.55837304352,105.945975647523,26276.341669105022,1.1609097306634415,36.33257615379633,0.4413409100368772,0.0
991,945.997675668781,0.2371247643125155,0.0,214.33041162924107,205069.17549754755,105.28819892944628,26264.499692021673,1.1709775564986962,36.70609421664001,0.44180985441182535,0.42729670449581647
992,950.5259757798293,0.23684569862318616,0.0,220.37856183823757,205309.03556486906,105.40557905004057,26252.700687980738,1.1775428565747945,37.081394446981975,0.44239806069526083,0.0
993,951.2749691740646,0.23670484785804402,0.0,224.2730454635427,205552.7776200618,106.18236057532214,26240.882359053234,1.1647966303860546,36.319998870379365,0.44306734025045424,0.7089108437714202
994,941.7727684713147,0.2430655853853374,0.0,220.42465724884576,205792.69867435127,105.92099067472583,26229.053350011327,1.1732317241808439,35.30941174777582,0.4434754944402033,0.0
995,954.1442889667403,0.24092415200558293,0.0,220.98062246693482,206033.03073851528,106.10361674619703,26217.232248664295,1.1716507471283188,35.222397995651434,0.4434976646388984,0.0
996,945.9407924663177,0.2452504239175285,0.0,221.00283201851195,206273.4375519806,105.97100971469564,26205.413811603084,1.172645787049848,35.572025243516315,0.4434906027800805,0.6510179899947275
997,939.6040832721965,0.25008092894970013,0.0,218.08719324741918,206510.87294735978,106.117001026329,26193.608487591642,1.1751896824886179,35.46151675389508,0.4436272882424991,0.5091855713445739
998,929.5310385312542,0.26133094693461234,0.0,226.43999805260688,206756.57352342634,106.29602647127008,26181.811053638863,1.1749249639405392,34.14353246553585,0.44371555889093595,0.0
999,925.2325042137593,0.26744684052538537,0.0,227.75351205650637,207003.43332992375,106.6328718926771,26170.02150386837,1.1674615731963216,34.92637670508262,0.44333841779164274,0.0578881882598381
1000,923.5092895825045,0.2697869478558549,0.0,222.09214964203483,207244.53776384643,106.54500980862107,26161.79570237038,1.1723978378308737,33.85490701497591,0.4432464225370297,0.0
1001,922.88816904478,0.27306195711697334,0.0,225.93951483156852,207489.4036451698,106.67521279345287,26152.535904600707,1.1661337532557505,33.88165529991457,0.44279819816262056,0.0
1002,919.0526272415605,0.27790691241432697,0.0,232.58367290260293,207740.81163918762,107.36340607112024,26142.56835101981,1.1608956868406348,33.95538739123842,0.4423826431468023,0.0
1003,913.9915687919664,0.2802784051645467,0.0,203.90630585219856,207963.4460492237,106.22536315881104,26132.133888639248,1.125399776494437,34.032686364373994,0.44201388941111114,0.0
1004,911.0838725607251,0.28366280092947316,0.0,235.31045320639814,208217.40887783596,106.37979313650476,26121.381456817897,1.1563084040032054,34.872120673094116,0.44169077883655866,0.0
1005,922.9142717892677,0.27376707503028297,0.0,230.00873097884914,208466.0351232387,106.06885344571377,26109.847284831423,1.1626812217868823,34.9345588170031,0.44166688939574544,0.0
1006,918.4502954987611,0.2786934677302214,0.0,226.37433366020997,208711.22182528613,105.93162136399921,26098.816127510014,1.158480809462453,34.962827264268874,0.4416662673041709,0.0
1007,918.7622878696071,0.2782806748277705,0.0,227.7691850458953,208957.68401573575,106.6016030236263,26087.678344553944,1.1617059999913384,34.92254936203084,0.4416762638683432,0.0
1008,914.5290107828504,0.27645468308334853,0.0,226.64301775127214,209202.97532198005,106.78903797823713,26057.896607535527,1.1675162755316273,34.955385955144834,0.4416733263921818,0.0
1009,912.5401677647018,0.28134506280668825,0.0,224.15286243254994,209445.81142172156,106.74020709038372,26046.53433215133,1.1597561237415925,34.93316010427071,0.44168265048021216,0.0
1010,910.7953575414925,0.28237446729750804,0.0,225.4064183154294,209689.7466640863,106.36988505101985,26035.12673250302,1.1610352538462005,34.95174165208313,0.4416851276798787,0.0
1011,906.6210504129236,0.28457784082590243,0.0,228.9648381991122,209937.27619669988,106.41086209058918,26023.665662908177,1.1640951732494547,35.24179108597043,0.44169479997881034,0.0
1012,912.2148855506647,0.2783926884483211,0.0,221.66718391148456,210177.42920113367,106.19389631868931,26013.06684731201,1.15994399370798,34.96614589910129,0.4418024423133844,0.0
1013,913.0770974891484,0.27625938013132756,0.0,224.84906769522073,210420.92382738012,106.4207342918425,26003.343510266423,1.1633191909393221,34.99503667972079,0.4418131857814217,0.0
1014,917.9423319410021,0.2714502467835098,0.0,199.18840621485546,210638.77671246298,106.28396999406755,25992.93029254084,1.113289517478495,35.01862236456318,0.44183415531049813,0.0
1015,928.1317736948749,0.26661080487229405,0.0,226.11376838206547,210883.60580282082,105.51174858274923,25981.432429037515,1.1490558185316064,35.931249568711436,0.4418630502277474,0.8262161879703172
1016,919.76309155136,0.2716191197562019,0.0,234.18647347167624,211136.5761682394,105.66377736643553,25970.96222217432,1.1490856142315544,35.16983189420577,0.4422295676008764,0.0
1017,911.2157506781627,0.2795153693586867,0.0,228.22127243796183,211383.49223672049,105.8064057097274,25960.967257397777,1.1531051710610867,35.275185362249616,0.4422912967219541,0.0
1018,924.9987966673873,0.26911888879083734,0.0,221.40997128056432,211623.46569964298,105.75280564314193,25949.759088371487,1.1493529303773193,35.491146184003874,0.44238632911891396,0.10773936196819989
1019,919.0666116024844,0.2732998966033048,0.0,223.62955701225147,211865.88107135388,105.91193463723859,25939.33810673451,1.1522818702282551,35.301027855769206,0.442554238206504,0.0
1020,920.3178884129993,0.27421874772405974,0.0,220.11779486573434,212104.69121827674,105.594293281919,25927.89668267191,1.157033188079188,35.26435130305494,0.44262716328347584,0.0
1021,913.7092103168764,0.2781525788654483,0.0,195.93186383048013,212319.21504787015,105.15257770303138,25916.453631345423,1.1355885387378817,35.30939979783,0.4426851253544218,0.3247786624597069
1022,915.9033317466244,0.27976051421920933,0.0,235.1647429133025,212572.88178516156,105.07763786819588,25905.523986101696,1.1490147764541012,35.47588511684693,0.4427687408007786,0.25342952913295846
1023,923.9972527072676,0.27110708996356436,0.0,231.99995571744364,212823.42894712952,105.37140444487686,25895.457372926892,1.1470634014044958,35.53358330525703,0.44290228102948703,0.313550124115082
1024,928.5668145151569,0.2667308936750584,0.0,221.93497248136327,213064.06866532157,105.586137637883,25883.855578503953,1.1508860558364509,35.918772532962606,0.4430517396418694,0.0
1025,933.2467214369075,0.2631611517462832,0.0,205.4877203599855,213288.33379201218,105.68912158928116,25872.51524674378,1.1040713009453773,35.63331457922027,0.4433119509003828,0.2987507515613288
1026,931.8459212323111,0.26825164926715206,0.0,237.14725581439706,213544.30747576195,105.786399525454,25860.939092529814,1.1373664380629207,36.042081266375696,0.443475634329082,0.0
1027,924.5611967915924,0.2715953146621335,0.0,223.7562809547166,213786.8972040513,105.94578703735061,25849.352492836777,1.1488865775714203,36.153707828088855,0.4437578220919265,0.0
1028,923.9016127194584,0.2688610213004554,0.0,224.51450902147022,214030.14423701822,105.55898153511356,25838.908086152107,1.1515781909636003,36.057963013026765,0.44406424138688166,0.15613541068996994
1029,932.2178410393465,0.26492875839940755,0.0,225.24101158901578,214274.15628587926,105.7975045211803,25828.724964248573,1.148289080424981,36.28247978623051,0.4443300140408004,0.0
1030,927.327456312617,0.2677332194019787,0.0,224.62300066533476,214517.67333869994,105.63470662331532,25818.462806340016,1.1515309326096252,36.36381638716046,0.4446527337701015,0.0
1031,928.1419392230698,0.2689054387005323,0.0,226.01321974543163,214762.52348456322,105.85324510583887,25808.302277420797,1.1574530452347576,36.17156309462492,0.4449874442607672,0.23445569763238439
1032,929.4642491476874,0.26921137846461485,0.0,223.5292470707645,215004.898577034,105.63368383397808,25797.960560093656,1.1561120570786558,36.25667692309623,0.44525064919972485,0.20876343068169945
1033,938.3244106207096,0.26450675936142665,0.0,222.68645032582498,215246.40692713772,105.6310318982499,25787.504961327344,1.1568466618698925,36.51403409071447,0.4455290815265248,0.0
1034,939.6925553184443,0.26095908853640915,0.0,222.85345099320423,215488.17258206985,105.69112426407611,25776.679774003795,1.1527271288344567,36.55086933319189,0.4458727906612422,0.0
1035,935.0369769907376,0.2612467123434181,0.0,221.93705881863653,215729.09389814528,105.82473534748577,25765.229707461935,1.1515868572376768,36.61814608919214,0.4462124544171879,0.20740660705737923
1036,936.5086871012959,0.26185348180245693,0.0,222.89515229789868,215970.9702107251,105.61336820084755,25754.213260865177,1.1611430514025478,36.68602468843722,0.44656642409582564,0.0
1037,939.8189250784175,0.2599661116017631,0.0,220.11678358092934,216210.10494286724,105.33996874077567,25743.648770351003,1.1612671240956907,36.733756285102885,0.4469182694952296,0.0
1038,937.5294916137261,0.2608984499809591,0.0,223.06420398344991,216452.2473030037,105.33775880628515,25732.174882364445,1.1546498549637476,36.76484553085258,0.4472692873057568,0.0
1039,941.3862911146109,0.2584722728904161,0.0,217.60781383735153,216688.91591900957,105.04433250779469,25720.77181960449,1.1609209604382422,36.82597727424891,0.4476139216950039,0.0
1040,939.2406283823184,0.2602816218046048,0.0,-108.4616004624499,216599.55772719003,104.52364627559452,25330.54867291814,1.1559769137921143,36.89678541406179,0.4479625708673759,0.0
1041,932.1324435419458,0.2588484530284122,0.0,469.6636016068303,217088.25145472318,103.06879752197084,25319.52468913577,1.1569219417634384,36.90345508704303,0.4482986865355521,0.0
1042,956.3328259700393,0.23526668093066383,0.0,265.8106010553013,217372.96393078964,104.142938790661,25309.51902455396,1.1424247611689418,37.869666549686286,0.4486209418614395,0.0
1043,958.6898140833902,0.22481117222045266,0.0,234.46243922070624,217626.70102252514,104.19205013565337,25298.61759006005,1.1556386502401725,38.1624251159479,0.44925217881181995,0.0
1044,960.9262875339492,0.2207366553397755,0.0,217.3168513275555,217863.3598466351,104.6002453182407,25277.55716978079,1.1543243746435006,38.2418384432266,0.44995070229434303,0.0
1045,965.6720803192704,0.21952982192599446,0.0,208.0383760078552,218090.78736295184,104.25010535254721,25270.485506633704,1.159983842165065,38.4034179049058,0.45065649200724583,0.0
1046,972.1693018036956,0.2157896967666606,0.0,211.15362771317152,218321.53922296345,103.75901647592363,25259.27782302883,1.158697619548077,38.42446307520788,0.45136671761466624,0.0
1047,962.9972532490366,0.2167240594224612,0.0,198.03244085645463,218539.0245205263,103.58138426307325,25248.067273278855,1.1241193102159128,38.49229814404394,0.45202938792563224,0.0
1048,967.9991055331042,0.22438984763861347,0.0,220.01653547195116,218778.42243469518,103.50398664636468,25237.367668962557,1.1418969076031418,38.61345777352726,0.4526821779839167,0.0
1049,968.3711441384465,0.21835518554604538,0.0,218.93729410347356,219016.77522885328,104.01167751580086,25226.700580503773,1.1528180902452019,38.73905010735785,0.4533434730496634,0.0
1050,970.0099542487499,0.21317265018001375,0.0,209.79252806215516,219246.10891889143,104.0525390447926,25215.8278733432,1.1527789980938976,38.667088140992696,0.4539947320372329,0.0
1051,972.1914077365581,0.21450763354182134,0.0,211.69377321829867,219477.35043622268,103.80087818796099,25206.157601153434,1.1522874059518045,38.7324174848049,0.4545897037585751,0.0
1052,973.7531729981899,0.21699350457697064,0.0,204.93943076029245,219701.8571534222,103.53587420970457,25197.10934347187,1.1674269466737779,38.877238577906404,0.45517730504389464,0.0
1053,975.976172512063,0.21672243926278723,0.0,218.2234725226685,219939.79446860502,103.69935820561918,25186.610514292217,1.1603294604744785,38.78285994783032,0.4557845814210009,0.0
1054,975.9523873371212,0.20856404149955965,0.0,211.7577096487579,220171.162932041,103.83960839583999,25175.45831594129,1.1501473455672966,38.85485393672367,0.4563302184184726,0.11186773810223372
1055,977.3233459032036,0.1931989257217176,0.0,200.5791872089341,220391.35887565362,103.52584967960875,25164.74700514719,1.1622117711578686,38.95942294586535,0.4568774484351353,0.0
1056,978.7472100513238,0.20779604738362523,0.0,190.29852803926832,220601.29498858395,103.01884515185755,25153.59887211228,1.1257787896990996,39.18537181385631,0.45742853812647843,0.0
1057,983.434138953415,0.21506692893751933,0.0,222.42560514046198,220843.33640109445,102.9710947074274,25142.508746690208,1.1505100555185879,39.273765356627,0.45800874194979546,0.0
1058,983.7561437698221,0.21384131578629706,0.0,218.1403347809234,221081.1441706973,102.79496766499146,25131.768790394177,1.1487502288918254,39.22396938037269,0.4585899805685304,0.0
1059,985.1761753073141,0.2104761079593791,0.0,208.59569039149838,221309.41453809827,103.01386778901306,25121.76846444466,1.1567925832352521,39.29977222585385,0.4591257927613125,0.0
1060,986.8402896826918,0.2106280293926175,0.0,213.2365759207772,221542.42089067172,102.96831300450289,25110.65844175114,1.1582510604625404,39.50455906612225,0.45966062380476697,0.020824560406609294
1061,988.3041940160361,0.2090859086203235,0.0,204.20247231667787,221766.40838026302,102.45449159537418,25100.146056153506,1.1652979934034144,39.59316266393304,0.4602386117937659,0.0
1062,991.606808237978,0.20348843904290914,0.0,211.33661018121572,221997.6598561081,102.55476346133986,25090.876287308532,1.154162386620893,39.599931319524906,0.46081696392736826,0.0
1063,992.1848198983265,0.20505250707985545,0.0,208.6977849021555,222226.41352261105,102.57683867481379,25009.23785212455,1.1630393541353148,39.526173767900744,0.4613689728915596,0.0
1064,994.3589118746704,0.21339215155013336,0.0,212.4798170842861,222458.83277962875,102.52235597736313,24998.855745743054,1.1628202761052895,39.71713992223064,0.46186891817232006,0.10501701055493129
1065,995.5363467951915,0.21301350526714957,0.0,213.15431724823057,222691.9497288909,102.74552774738771,24988.945183832413,1.1603482692021958,39.747960196728606,0.46241230861995586,0.0
1066,998.4058280733258,0.2115220932438675,0.0,216.92548034918516,222928.86755104052,103.15843294919557,24979.279879974383,1.1577690566817518,39.875127123246216,0.462935123349929,0.0
1067,1000.0635601638046,0.21021283792404033,0.0,210.25964343508363,223159.15991354358,102.62476420038914,24969.521755421316,1.1551791891234744,39.98845802872451,0.4634747667336461,0.19896607756697904
1068,1002.114257454992,0.20800093430603972,0.0,209.20330681419273,223388.41842721181,102.34741130207799,24959.43585717283,1.1647862592923321,40.06824664985955,0.46403334651906525,0.0
1069,1004.6373315866595,0.20652595476185387,0.0,210.425985545092,223618.9451703042,102.53532003359089,24950.606724700636,1.1638396361808527,40.143230686176736,0.46458338001731786,0.0
1070,1004.8508044200299,0.20890294532770903,0.0,197.6015726214957,223836.75059769882,102.49290589055884,24940.300757675835,1.1225538374892636,40.211398343608515,0.46513131200089847,0.0
1071,1008.3145300923788,0.20867179505361333,0.0,215.7519868666214,224072.60906729373,102.34893322447964,24929.333575268593,1.157351732257483,40.54574084045702,0.46567494724067376,0.0
1072,1009.4653599338113,0.20682790093210013,0.0,217.82802497433215,224310.57355209233,102.62373641892692,24920.54635423418,1.159118353796515,40.308054738496644,0.46630385425562987,0.0
1073,1010.2581651291505,0.20652290797995365,0.0,183.70282592648857,224514.5805092021,102.51927243447187,24910.08524651912,1.1364155511259475,40.43240130224227,0.46682166935667824,0.0
1074,1012.6762377939474,0.21013961540315218,0.0,228.4320859134051,224763.2474757103,102.71639867947957,24899.15714004374,1.1368323713204582,40.68629544921828,0.46735552860866025,0.09231428442289769
1075,1017.8931685896292,0.18538942550088533,0.0,211.40757793352176,224994.86448562142,102.55342915375319,24888.837230721663,1.1503742695475536,40.83863929023095,0.46795163739726603,0.0
1076,1021.0219103524943,0.200847934324756,0.0,215.49606276616407,225230.63841154403,103.0677582536364,24878.507298703542,1.150005027101295,40.99614280240276,0.4685656726694838,0.0
1077,1023.4877791330464,0.1990279895730953,0.0,211.10098516002975,225462.06548239206,102.72576147665923,24867.59137867404,1.1509254704223792,41.26222766796077,0.4692019938126041,0.0
1078,1027.9389061204654,0.19390340701758135,0.0,206.91536545389735,225689.3377092596,102.67083460901006,24859.438529026436,1.1462474530560331,41.35351316840942,0.469895917787381,0.0
1079,1027.518412853721,0.1954959945160757,0.0,209.11888931349455,225918.98536191657,102.68718413446025,24848.53699993529,1.1495380958021677,41.41958483671007,0.4705858388707013,0.0
1080,1029.767933483439,0.1944356821091935,0.0,209.40985971643275,226148.77034383314,102.5926854639614,24837.64265840856,1.1481747733030638,41.50909994854757,0.4712438939279523,0.0
1081,1034.6027235818397,0.1893208505810705,0.0,205.78282284054495,226374.93170496734,102.56117501940433,24829.704669157767,1.1451551258023644,41.57542907833572,0.4718991304073961,0.0
1082,1037.3064982741553,0.19069840356064005,0.0,203.35909920944889,226598.89912195734,102.50296396929205,24818.921092590794,1.1540004124760728,41.62286570897905,0.47254389168822875,0.0
1083,1038.874670172575,0.190959240213895,0.0,203.60812538774877,226822.96578929015,102.41336675747877,24808.048176144126,1.1442790461707812,41.897160590234776,0.4731723488915744,0.0
1084,1039.0802612792577,0.1898745152162361,0.0,200.99613269874948,227044.44702125492,102.28235840829758,24797.182426348307,1.1442991559155888,41.800292942209744,0.4738614747214841,0.0
1085,1044.0501092284803,0.18626090422164265,0.0,197.1134038200775,227262.06181787216,102.11596748581462,24786.55838265238,1.1522126184232289,42.14112908579937,0.47448358312544336,0.0
1086,1042.3326886442833,0.1859760970598907,0.0,192.78770473772013,227475.50358336637,102.12728713513776,24775.61167316844,1.0828275170392285,41.834560327728994,0.4751889921312407,0.0
1087,1055.820725310657,0.1731291928980443,0.0,189.2296760203253,227685.32828766515,101.92270017165605,24766.379652632077,1.1448886928452426,42.265990041785194,0.47575612999634376,0.0
1088,1055.4400489767265,0.1750580106833104,0.0,203.50198860786577,227909.6921954494,102.02022697325833,24755.9560754331,1.1453919579512422,42.43465784614581,0.4764397278781233,0.0
1089,1061.8946388748343,0.16802053931170535,0.0,191.97221564836983,228122.4173934256,102.46985560461572,24747.773212106284,1.1403574617162298,42.672336151599566,0.4771456813098977,0.11480712834392648
1090,1056.6719600651734,0.1740739683685567,0.0,183.2922080244649,228326.68524089525,102.29517757750159,24736.94899771001,1.1458211980130426,42.58778745613418,0.47790041098649644,0.0
1091,1059.8187919731272,0.17458151331625726,0.0,189.13833153991567,228536.60794846673,102.32268021352988,24726.43871300117,1.1433840881248365,42.58277245176884,0.47858445710179837,0.0
1092,1058.576176685025,0.17425739478318825,0.0,187.22493713509604,228744.63104094812,102.92124271215013,24715.954154346684,1.1415655379470928,42.62981574872947,0.4792324792623596,0.0
1093,1059.3027722583035,0.17519382033119413,0.0,191.2001489098176,228956.62833739238,103.2054162476403,24705.150623394053,1.1443714928480002,42.62970537129412,0.4798637577617031,0.0
1094,1059.3278689747815,0.17585406332475506,0.0,189.00085270141963,229166.41754315828,103.04683148053833,24694.26458469835,1.1432881276553906,42.634160953734025,0.48046329225484835,0.0
1095,1060.042964991101,0.1764453384191157,0.0,185.90740684506335,229373.1109025361,103.08041893728686,24683.484605377424,1.1424133425394953,42.6401359043181,0.48103420345826203,0.0
1096,1063.5822320889347,0.17555515792751997,0.0,183.20031485046812,229577.09669971748,102.7061612372075,24672.71172201846,1.152282910156656,42.62907439042103,0.48157843253379873,0.0
1097,1065.8683187793424,0.17357684470030177,0.0,180.0242391543,229778.14176810317,103.10520143044508,24663.97392425518,1.1064101423153692,42.648837171966356,0.48209159350505904,0.0
1098,1067.3969097261615,0.1747566172803744,0.0,197.94339696746704,229997.21242353506,102.84140267263659,24653.20589367946,1.137911838720803,42.76281166967613,0.48258559075691787,0.0
1099,1070.1942376916572,0.17239538358865603,0.0,195.0481938622461,230213.24543032097,102.88826656700962,24642.35317667512,1.1401220873438722,42.84468824818245,0.4830930103787414,0.0
1100,1067.080732988918,0.17256404564660488,0.0,188.1245035056622,230422.35397388786,102.72571840022285,24631.59931201247,1.1366863390666015,42.75467343168182,0.4836023887354395,0.0
1101,1069.4044524949338,0.17191741231628,0.0,190.3594950359411,230633.72325648062,102.93344336129067,24620.852527666797,1.1334394763290896,43.03361221525237,0.48405590643470175,0.0
1102,1073.1129752528088,0.16952172639909047,0.0,188.7107399008554,230843.40256342985,102.96997807407615,24610.112818461665,1.1336081112724865,43.321938323683895,0.4845802412586453,0.09308655960488466
1103,1072.24122899707,0.16953080275491716,0.0,183.67395204690035,231048.06708808063,102.59297781075693,24599.380179224903,1.1324917472181717,43.2369362397917,0.4851785261287521,0.0
1104,1072.3456475243886,0.16634824295862005,0.0,159.76213107722347,231228.80576600652,102.48590968558396,24591.72477123512,1.12535973832401,42.98594992588828,0.4857145445216495,0.0
1105,1077.6913845754798,0.16994243335335346,0.0,193.835529165822,231443.77323014796,102.64489364369307,24581.006256435565,1.134144107153053,43.29901045841313,0.4861392720387714,0.0
1106,1075.7454004264123,0.16911915608149652,0.0,191.9372674148504,231656.682552908,102.7989478246454,24570.29479611335,1.1286448755166076,43.365855167318486,0.48664768147971965,0.0
1107,1079.0651881791648,0.16508168525398326,0.0,192.42773728170198,231870.0865224402,103.61162550158315,24559.59038511329,1.1284751199873801,43.41982408708337,0.4871528802756916,0.0
1108,1079.274360502325,0.16425993487628354,0.0,178.77179875825598,232069.85906158402,103.50593935920074,24548.893018284434,1.1306540896895376,43.26031289268592,0.487650697219902,0.19594579068089502
1109,1073.2209924107158,0.16655926715910485,0.0,176.3334108740341,232267.18857625182,103.39525182619114,24538.20269048007,1.1334637320709258,42.93876608671704,0.4880773199661259,0.0
1110,1076.6578545771242,0.16558205339218457,0.0,180.35933017413814,232468.6316795479,103.27306276185232,24527.42425153314,1.1399940722634476,42.94632952971317,0.4883473212829976,0.0
1111,1071.542959068154,0.1680266014745354,0.0,180.88228313339573,232670.57685437368,103.54703220962934,24516.747976222006,1.1375716465877632,42.96923862106358,0.48860619431610997,0.0
1112,1072.557131272453,0.16907861930200396,0.0,184.54685112973584,232876.15000911788,103.36905895011935,24505.983684166687,1.1322178774412288,42.97464249300961,0.48885964709698093,0.0
1113,1074.6843147773898,0.16824601704622266,0.0,182.7682707474121,233079.93897787863,103.19644049583991,24495.32144084607,1.1326124065114882,43.0258988108658,0.4891020708022927,0.0
1114,1079.075449967444,0.1623631929929682,0.0,170.20952066638372,233271.1669595798,103.42504590194166,24487.265295106023,1.1269014600254958,43.03628088484278,0.4893494110569622,0.0
1115,1080.2891910338337,0.16637467822751295,0.0,185.49469977389168,233477.85685874915,103.37101137164846,24476.62622168853,1.1322768740358775,43.12457292989018,0.48958769225048393,0.2407938847584603
1116,1080.749085022137,0.16508897752230522,0.0,164.24410271751776,233663.12704962393,103.43128107981828,24465.98499303842,1.1181985324784758,43.215264649740696,0.48987232296529554,0.0
1117,1080.092992585227,0.1662368667343539,0.0,186.8553623957709,233870.9923375938,103.73200364195853,24455.292752162557,1.1173429599681448,43.319350779271446,0.49016372164034727,0.0
1118,1087.0320696684769,0.16217768153400658,0.0,189.5138873267545,234081.49087375612,103.34589785927552,24302.772028762047,1.12597421067279,43.46604059343135,0.4904752842331076,0.0
1119,1089.5791602386932,0.1560189574897397,0.0,180.16935791575375,234282.70088790884,103.24300184394555,24293.806668504818,1.1312082463660826,43.54466134491708,0.4908202917435125,0.0
1120,1092.8383603741465,0.15600874292360545,0.0,175.88373784873272,234479.83782724597,103.60237106332718,24282.19929524515,1.1361210573600053,43.662997440077206,0.4911741981450211,0.18486405610101997
1121,1078.4411866386383,0.16570440494287153,0.0,173.0294603061805,234674.0196953031,104.12069304633485,24270.348349948134,1.1334059287578337,43.09821432723302,0.4915569561997646,0.0
1122,1085.296095439398,0.16289872238898828,0.0,181.06966267201156,234875.99335047707,104.03918994078532,24258.70782127739,1.1303330566565162,43.471071911552265,0.49172358375623976,0.0
1123,1084.3908926447675,0.162466821573636,0.0,176.8230610798967,235073.76187643336,104.06669682452785,24247.103952164493,1.1355503191977998,43.54397547447592,0.4920068718109125,0.0
1124,1085.8500329074607,0.161411539059111,0.0,172.02108757650885,235266.6744279465,103.84473703790549,24235.258614061615,1.141217649766453,43.47679300845055,0.4923002283056668,0.11518628243487683
1125,1081.6439632635852,0.1626101980218463,0.0,177.69307828723447,235465.28960395048,103.76643468588001,24223.591651479725,1.1269963392159128,43.32733143373182,0.4925605161460857,0.0
1126,1082.5705823108792,0.16202080698143673,0.0,175.87076660178857,235662.11612404377,103.81473898264342,24211.91673303269,1.1295143080202887,43.40654453219421,0.4927529428339849,0.0
1127,1090.1954289487837,0.15674229452591248,0.0,176.99652113175387,235859.99048308562,104.01167844185541,24201.63909547756,1.121051284509954,43.43519622289162,0.49296212322248373,0.0
1128,1090.1465782309904,0.1567771443050645,0.0,145.19522004975894,236026.23822015602,103.60612583163913,24189.97717025241,1.1212481088788808,43.53943857157934,0.4931702336195028,0.0
1129,1090.413382766328,0.1607761237620845,0.0,183.78771905443938,236230.93967418678,103.64006955490922,24178.541759041695,1.1171638996069952,43.6199521084823,0.49340270271370673,0.0
1130,1090.54539380201,0.15792993021960977,0.0,182.26940843274045,236434.14801467856,103.72990437302546,24166.894074091026,1.1206146960694334,43.759569029237895,0.49365033162813704,0.0
1131,1093.8814225223243,0.15525431251744803,0.0,174.6061295220932,236629.71951800046,103.6945485399926,24155.166609084412,1.1257142408297178,43.85687263982362,0.4939321946879654,0.0
1132,1095.9244911488888,0.15444674922666923,0.0,175.60130706806424,236826.27486628474,103.8962862279584,24143.445333116862,1.1227030656707944,43.8653569993008,0.49423235469270005,0.0
1133,1094.3749445697342,0.15435520192833485,0.0,167.390566665115,237014.64898706297,103.65960629290447,24131.79619721559,1.1306103196500423,43.92621851172014,0.4945200638392002,0.0
1134,1096.533003561636,0.15376285596468187,0.0,171.03070457273515,237206.80228488502,103.67102660655719,24120.108693022743,1.1283914910561959,43.94773033437103,0.49481352942857965,0.0
1135,1096.6759904045384,0.153625448049436,0.0,167.14442056256476,237395.0729825339,103.78675276070405,24108.301959515822,1.1357338343943113,43.971701746524296,0.4950992447595138,0.0
1136,1098.841579080782,0.1532184371525187,0.0,173.66030869688356,237589.84172771807,103.62050620218183,24096.599693307082,1.1323392416959848,43.957879347662875,0.4953784211144463,0.0
1137,1098.4206781106595,0.15347498012908634,0.0,168.3729376696017,237779.37929310804,103.4490218618163,24084.907091259327,1.1233715173274152,43.98966889938441,0.49563869434944474,0.0
1138,1098.094263196223,0.15311887933476875,0.0,173.59808177888183,237974.12643101526,103.62019921207848,24073.220164520353,1.1308455436360283,44.017766884885,0.4958963263603382,0.0
1139,1102.4980005017685,0.15153358864368405,0.0,172.30115126660598,238167.5626697691,103.53496478438483,24061.60530093334,1.1232574309959007,44.03329473820318,0.49615020631840884,0.0
1140,1101.2674216407213,0.15213064650763208,0.0,158.25700732936892,238347.0236951511,103.20651582119777,24051.13922346303,1.1275681556430768,44.06325336340633,0.49637671404240874,0.0
1141,1101.5580661860565,0.1513737641886781,0.0,166.5308372088882,238534.40195819287,103.06896827487418,24040.680013107594,1.1253442067044992,44.09701436731419,0.4966016550795857,0.0
1142,1103.7496496194897,0.14931818257006668,0.0,169.8903940993154,238725.17127839188,103.2632041188893,24030.227664868267,1.130585836206218,44.21781808860603,0.4968263811241314,0.0
1143,1106.1038011688822,0.1461704808045149,0.0,164.99988249599204,238911.0175705414,103.04107342677764,24019.70133110341,1.1240701146609842,44.27188223970839,0.49708012251110384,0.0
1144,1107.9176836733595,0.14446750074625458,0.0,163.95061147909874,239095.88940216825,103.13248116348943,24009.005914277535,1.1330688223090934,44.390193712172874,0.49733900513567375,0.0
1145,1111.2351216822487,0.14245228716830838,0.0,158.42633598808573,239275.22318755102,102.99947465226184,23998.399547690944,1.1353502386451986,44.47823370956806,0.49762433540227763,0.0
1146,1112.9757089784825,0.1420507813263021,0.0,160.09824588943005,239456.33351990918,102.86967320731196,23987.77963790912,1.1303397978334804,44.542490579453045,0.49792461169081026,0.0
1147,1114.5453991856355,0.13814007883709145,0.0,135.70943887522287,239613.04541933848,102.90751010784626,23979.496976102288,1.100029869393466,44.62875610681019,0.49823109031293655,0.0
1148,1114.997027506541,0.14118865269779324,0.0,168.15070627746616,239802.3293530224,102.85575319831432,23968.80491080832,1.117571843543383,44.77263156954248,0.4985508422254919,0.0
1149,1116.9522734831653,0.13716834744842654,0.0,149.54142456524653,239972.9306583895,102.84260782811901,23959.06365664512,1.0460220939239246,44.88314758718654,0.4989025342816342,0.0
1150,1124.7934287658995,0.13549339932501614,0.0,164.3279303477889,240158.32926894655,102.91515447317143,23799.418566765402,1.1113349125494072,45.1072422771904,0.4992733499399685,0.0
1151,1123.1513774382843,0.13373055086886376,0.0,159.74350334051246,240339.1318104529,102.8187398851876,23788.68389369686,1.1148876567550428,45.225751272734094,0.49972003542121585,0.0
1152,1128.4136070659456,0.13103218545356443,0.0,147.2775124455222,240507.47644322595,102.83058070978652,23779.96825051836,1.1168123655652202,45.24436653862238,0.5001837240686733,0.0
1153,1127.1879810671908,0.13097057677668766,0.0,149.82067877683974,240678.41677604173,103.71324418478697,23769.190107899034,1.0701392959202045,45.276547564303044,0.5006300122267732,0.0
1154,1132.7485026475279,0.1298287074982456,0.0,160.97330834428698,240860.43450549568,103.91714572356976,23758.3858317795,1.104381875013379,45.36135758626153,0.5010643234852558,0.0
1155,1129.089617454229,0.1308120562082199,0.0,139.67938787192554,241021.1848467578,103.62563928738332,23747.515897848174,1.1111273895715785,45.403747775014395,0.5015049232077988,0.0
1156,1123.6818896450534,0.13484187916103463,0.0,152.26382249278012,241194.46238315155,103.86193746720657,23736.70933966511,1.109045253395391,45.38381906243483,0.5019372445162107,0.0
1157,1125.3814518428103,0.1345530790299314,0.0,136.00182861168514,241351.39851329575,103.84450375248052,23725.865797288854,1.0883449763457478,45.401495048582944,0.5023407742774866,0.0
1158,1130.3366718376458,0.1350038817660547,0.0,159.6330515261749,241531.9383083239,103.6517140031393,23714.995941581892,1.0983618484876603,45.378207394245415,0.5027295820664975,0.0
1159,1128.2481946746486,0.1344360263925548,0.0,140.2907997414133,241693.11318701645,103.68046189665532,23704.175704515026,1.0894282629032512,45.44660266173254,0.5030906502615647,0.0
1160,1131.8461776464253,0.13617924270156456,0.0,160.96250260577972,241874.92712027053,103.64709567042546,23693.216988580618,1.0923162364310846,45.47494321868008,0.5034561523148362,0.0
1161,1136.5150316348543,0.13312867409257456,0.0,155.63718869829597,242051.50355881162,103.32098612900712,23682.265703635512,1.1000085073225863,45.47169866533487,0.5038124105528662,0.0
1162,1135.8606674592377,0.13312488035175196,0.0,153.97872194048242,242226.44752894324,103.59823390240133,23672.95038011297,1.0974960776109763,45.50540762968368,0.5041492806125558,0.0
1163,1125.0740517346314,0.1372501464273057,0.0,148.8786998265823,242396.29810699917,103.34836952721012,23662.01866348271,1.0879457704823834,45.40664848593461,0.5044801408448314,0.0
1164,1122.8440201181609,0.13835058276742795,0.0,152.55437589562806,242569.71392308146,103.37302860809046,23651.182812059367,1.083826319804928,45.58010591256648,0.5047608143614707,2.0563106919848764
1165,1123.823942173835,0.13739042946505997,0.0,153.60789797078456,242744.12365476642,103.59260623252412,23640.326759290794,1.0875624358221734,45.474561643662426,0.5051639105624773,0.5865399655653647
1166,1128.0124245259353,0.13617547301707067,0.0,149.10018849286047,242913.9925835686,103.2861121910817,23629.46271807802,1.0901721470943895,45.430855316370334,0.505454378738713,0.6468603264587784
1167,1126.3259873600148,0.1361647115353133,0.0,152.71497354517274,243087.51947587432,103.46705594083699,23618.601551704527,1.0827461246659542,45.52692065806245,0.5057173972079734,0.5066973262696877
1168,1125.7029136393915,0.13615389023028757,0.0,127.83749284521755,243236.16101320751,102.84920033540097,23607.698880127595,1.0748607823038663,45.45523967157439,0.5059935924590431,0.0
1169,1129.03328384117,0.13736976866173234,0.0,152.5874860310995,243409.47128923333,102.9605716159249,23596.117435957432,1.0701039467551643,45.592408772357636,0.5059333492572943,0.0
1170,1128.5862594017444,0.13689865216372954,0.0,159.50111679642583,243589.7234001416,103.22499381566861,23958.59779742949,1.0668512587065688,45.693891094455054,0.5064593596024554,0.0
1171,1127.4865468416656,0.1354007920636986,0.0,157.7222746038204,243768.05159386614,103.6783159325049,23948.090505446467,1.0865850023018242,45.76276221415735,0.5067140446877559,0.1500648171242176
1172,1134.825113595279,0.1317681042580493,0.0,152.3799016621695,243941.13453843704,103.4572889707076,23936.295477613185,1.0870948118847592,45.626772197442364,0.5069843715886103,0.0
1173,1139.712778994906,0.1319831506596597,0.0,148.6441181773646,244110.52848066957,103.58187996999152,23909.19032448737,1.1018791736631524,45.570159994068554,0.5071892635981222,0.0
1174,1134.3973450462154,0.1345470606806919,0.0,148.1028530001707,244279.6830345061,103.30970531270108,23897.475496928524,1.1071409537856534,45.69822610680558,0.507364428769348,0.0
1175,1130.1095359287478,0.13824823009313914,0.0,150.56944160579454,244451.25862871882,103.56269590536614,23886.010218201656,1.1083310042628647,45.65516750784472,0.5075733666518332,0.0
1176,1122.2817950091319,0.14919544649556216,0.0,158.81457241325884,244631.02700550633,103.46576652406694,23874.30060834783,1.0931559179586174,44.367963267351385,0.5077569189787854,0.0
1177,1130.1829922647337,0.14155157069712898,0.0,160.97340984412565,244812.78127296967,103.48654717186255,23862.718801875806,1.1002314286212058,44.30791932986901,0.5074986588149454,0.0
1178,1132.9843091819698,0.1411437459222724,0.0,-337.0428552367938,244496.62736162418,102.91100737839385,23852.211234434402,1.094161769042293,44.27172055532042,0.5072328682279547,0.9717632219675352
1179,1126.448813646277,0.15183138057015488,0.0,533.3061567867543,245050.81596203108,102.24289486151648,23841.48908014229,1.107977766470668,43.91803604747099,0.5069855421184977,0.0
1180,1133.9274131387788,0.13577033805422722,0.0,253.98399232832995,245325.54732880584,102.73409004502679,23829.730639415575,1.1000601057140065,46.88623173678824,0.5065942491348739,0.13808441230274582
1181,1133.6983073351917,0.1337516354984405,0.0,173.68302846930112,245520.2152916832,103.04031262118131,23818.103571222007,1.0949136493638125,47.6205019152925,0.5037842294625764,0.19860987232095795
1182,1143.1231091280677,0.12992543512433286,0.0,147.41135430826552,245688.61835957196,102.89462837585884,23806.45490744607,1.0994376351018889,47.11195945877904,0.5082426858694381,0.0
1183,1155.0052308363383,0.11453017140175226,0.0,119.66226951990274,245829.31705095284,102.49164928900719,23794.90777126093,1.0928867040248467,47.225318638794306,0.5088592117048867,0.0
1184,1147.678429237445,0.11508883102752143,0.0,130.50724922813595,245981.02823682997,102.37044659859006,23783.344105314663,1.0836935173906297,47.13436657427486,0.5037942352885255,0.25469263651184804
1185,1139.176641729283,0.13605188781879884,0.0,140.79569807247148,246143.43753686704,102.37625656915395,23771.708561906213,1.0894216796228877,45.19318990311634,0.5102980130700017,0.11909835652329548
1186,1127.5090423892616,0.14609165860547224,0.0,155.28164917290542,246320.061923087,102.46756429401353,23761.03020457946,1.1016897048003167,45.04138061939457,0.5101505135651149,0.0
1187,1129.3532212708492,0.146355244397103,0.0,166.0538919493864,246507.1988092696,102.5279661503747,23749.363934235287,1.0991012264997697,45.050530397659955,0.5099544758762746,0.0
1188,1143.4271901220466,0.13855929895830255,0.0,160.92728098871652,246689.26692200615,102.58721452710176,23738.506358220635,1.0998019447979381,46.86885242180908,0.5097709652550123,0.0
1189,1142.1245425920458,0.13837740203821436,0.0,155.76847310925166,246866.3541014555,102.81994372164958,23727.024701364357,1.0966314126920844,44.9739258461569,0.5099776761956464,0.0
1190,1133.0672700853943,0.14821214023255103,0.0,158.37051503302558,247045.98365717893,102.64779697057259,23715.418036103827,1.0965783414604744,45.01541090662557,0.5099954122353993,0.0
1191,1127.8249743649383,0.15460265501953674,0.0,169.6709377341574,247236.75873102783,102.9186692737264,23704.501687923464,1.1024709845094054,45.03339571018907,0.5097967744041141,0.0
1192,1131.9236580123882,0.15300769633468791,0.0,167.1614183153372,247424.83711366612,102.88017796763297,23693.161480466177,1.0966828759355611,45.27485320957427,0.5096137698911294,0.045264131942573727
1193,1121.9963681052113,0.15626917206607616,0.0,168.74043720974672,247614.4767450037,102.8402341623027,23681.835023568143,1.0958709457738751,45.04529784558522,0.5095223756553504,0.0
1194,1124.5412261664078,0.15407034602722935,0.0,176.4909539826974,247811.77457290736,103.31162459529399,23670.600263239623,1.0985578797834934,45.040550897666776,0.509356370384023,1.0130282970320792
1195,1121.245641728174,0.15531890812171378,0.0,171.08379227898948,248003.68418890456,103.1171216046594,23659.489968723195,1.0982535502795816,45.06840052855885,0.5092355011608638,1.009250385497765
1196,1119.010274784077,0.15605427496862911,0.0,167.30016005579233,248191.73869254257,102.8666513640935,23648.539768128336,1.092752989548204,45.09500487495292,0.5091293985298889,1.0053214673910844
1197,1126.9984220944157,0.15170712888978688,0.0,166.06624480121087,248378.5395080224,102.9185959380005,23637.350015217875,1.0943293761739694,45.0845886401818,0.5090368986133423,1.0014039492649118
1198,1124.667194994755,0.1539032788221507,0.0,166.24096361208674,248565.57774509836,102.8631968263283,23626.11589417788,1.1017496102297226,45.10474602697991,0.5089448911017672,0.9975606799593066
1199,1127.3642005726754,0.15401730843171035,0.0,167.52010933213666,248753.86567174102,102.91039071294848,23614.781460343325,1.0965691716905206,45.08845269648397,0.5088636228133431,0.993714880184271
1200,1127.3719702293977,0.1542183868637642,0.0,-540.5643667944978,248234.06806926467,102.7426265795759,24338.10350311355,1.0926125047996382,45.081692365797906,0.5087607337301263,0.9897310134166162
1201,1121.6575187313958,0.15713004960980936,0.0,711.5789118105359,248966.20070372746,101.39522591181229,24326.543018597196,1.1117958381044457,45.124586883009414,0.5086600980564215,0.9860591623802861
1202,1148.1496830697058,0.12018782814768514,0.0,296.1719166168222,249282.87853090488,101.69906785438604,24314.925611093055,1.107709851873249,46.77006809868132,0.5085782893240041,1.3295585688281335
1203,1146.2544699883294,0.11610453350694461,0.0,168.96014917398887,249472.8356016304,102.21805741232409,24303.7624094773,1.0911262475874062,47.36983984874617,0.5090461090442976,0.9784200124778835
1204,1148.3492402988632,0.11658948511914169,0.0,131.06823293409275,249624.9302809677,102.4563440834225,24293.015420832384,1.094789766600059,47.44739052521786,0.5095807928001842,1.2045458727215674
1205,1149.7309721060412,0.11688514904000824,0.0,127.28057285650235,249773.20732613347,102.33689090731227,24282.269903097505,1.100582109406097,46.793953803564705,0.5103164955691497,0.9709851033287293
1206,1148.2280368685665,0.1179727701393799,0.0,134.01501071681028,249928.29436849462,102.31818215431501,24271.57523084824,1.0981204521197456,46.63945515110158,0.51043596333119,0.0
1207,1149.1712218321295,0.11061341763663146,0.0,-1625.238887446137,248324.09171401034,101.91399354573413,24120.781549029478,1.093801101700433,46.51065733976743,0.510966502422812,0.0
1208,1153.6800164834583,0.11085572334250271,0.0,1457.1600941453112,249802.32125962115,99.98418361792274,24094.468798023532,1.1574291181292073,46.397850929573025,0.5111537801084174,0.0
1209,1170.2629456254485,0.09311086806740276,0.0,445.1323116394839,250268.53849672354,100.71032163616013,24083.723477389165,1.1468126306133966,52.37761712975258,0.5045629660966321,2.2845814724461206
1210,1169.767328317222,0.09233337510700768,0.0,185.72311081566465,250475.65047971558,101.56775999880146,24072.97125452277,1.1028654040310746,52.65318907975062,0.5063455184501526,0.9188547169947299
1211,1182.6162051106226,0.08099862842932015,0.0,103.76241432356099,250600.78304236167,101.57753285093433,24061.957915125236,1.092407942405317,52.13414021108548,0.5072735109037343,2.104582820766609
1212,1188.9799311756103,0.07620723603712276,0.0,90.15430796143852,250712.5377822601,101.49353170002024,24051.20277216322,1.1021891302906779,51.115470219451275,0.5050243584638632,0.20312000838841016
1213,1193.1575413615046,0.07348781620347644,0.0,84.06431843748229,250818.31812292367,101.40021120548204,24040.32327749028,1.0935270490415276,51.110678192798375,0.5026057907367177,1.529926625002858
1214,1196.9408235612786,0.07094784828431988,0.0,63.578184768613625,250903.66698078776,101.25114481191633,24029.689044762596,1.0358173855776696,50.57442957806586,0.5037100492634039,1.7327086404910972
1215,1186.7602255511797,0.08895332767426833,0.0,99.72037751503862,251025.14645031746,101.7224464091527,24009.45259827502,1.0894574462185844,50.107231525492885,0.5042086079303717,1.3346942969409241
1216,1166.512652770556,0.10108995538234888,0.0,107.9544449299344,251154.74274793008,102.29563391910843,23996.232396962478,1.0912040505384641,50.09689471999357,0.5011687476919009,0.0
1217,1171.5161855412643,0.09845686239693807,0.0,111.4195945269951,251296.97651490392,102.4008544205507,23942.0610318748,1.08839400958588,50.216808810259636,0.5023649343352323,0.4480551663799872
1218,1177.311533935811,0.09696159032724161,0.0,107.9210980347444,251426.4274932937,102.16821536719932,23934.83819280047,1.099032255528209,49.79850082888821,0.5066577648558183,0.8477511767747501
1219,1185.6977269657648,0.08903743073152204,0.0,109.20100755944142,251557.4407731376,102.0534979078387,23924.180423229565,1.0952538345581255,49.80823758583814,0.5070175523839785,0.2388184983331172
1220,1187.0971151876838,0.090990743117915,0.0,100.05615404217315,251679.40236318597,102.26092075692775,23921.10191971929,1.0971457342796784,49.48621821855006,0.5064790770899051,0.7539636976160864
1221,1187.3607468735122,0.09116525492191885,0.0,108.7185471927155,251810.02178844868,102.66589437213284,23924.35704672774,1.0959406275326353,49.063008811215305,0.5063926288620451,0.0
1222,1186.7651624634123,0.09174044715318908,0.0,103.0065769112245,251934.94927090366,102.03872318417791,23928.148388476635,1.1035915669598722,49.37968485272586,0.5133567821628338,0.0
1223,1187.1815237917153,0.09153117749241302,0.0,104.02455337864271,252060.85517205013,101.91781434050596,23931.857448658742,1.099627062908238,48.521886867528714,0.5166728416066887,0.0
1224,1181.8820223330893,0.09629563560872856,0.0,111.37722039573129,252194.12578282633,102.08882020618265,23929.522563685015,1.100122180534686,47.655386964690166,0.5251447147950684,0.32549052803803136
1225,1178.6672311697248,0.10143951954969144,0.0,112.85447604421279,252328.81435982807,102.35583132619108,23932.44005376462,1.1027360354029807,47.83753146580898,0.518881050065008,0.22877676789023838
1226,1177.2293759140268,0.10746473591855676,0.0,113.89570471732677,252464.47294567162,102.35959668252073,23935.088739136143,1.0990574140877902,48.654450363542196,0.5137839482268328,0.13357248863223958
1227,1178.9505200042815,0.10782445948796382,0.0,108.66615625959716,252594.84925201334,101.92884179941352,23938.258731075643,1.1091855898762832,48.11927752258698,0.5178578468161666,0.8215001889803091
1228,1175.077471772342,0.11402733778796292,0.0,133.44859533782903,252750.5646564948,102.29942533881815,23939.29563803085,1.1025262881743794,47.242744763029386,0.5286919769782874,0.6162707037282331
1229,1177.934191588484,0.11611995514778317,0.0,129.90613211425534,252902.6898445466,102.19563914992293,23938.855700735567,1.099149767315264,46.656575038083076,0.5237565090456596,1.0123554704362334
1230,1180.9440107952696,0.11373798096671028,0.0,-1138.5824552285421,251786.30949324946,102.10155791392623,25233.924646601554,1.1008656271307322,45.86291942106586,0.5379246882254055,0.6123587141537143
1231,1180.4838661743775,0.1174816462594751,0.0,1097.2330238011045,252905.7463407712,100.58111409740475,25227.187611561894,1.0998770441423793,45.78878035773687,0.5365086885286244,0.6041239226754271
1232,1175.329007732619,0.11541583845867076,0.0,377.71972034922453,253305.6230554295,101.34228882954847,25220.391410376113,1.1153090522972209,50.01842616189285,0.5278268219103609,0.6008681309765791
1233,1180.9077702714417,0.10338795246056653,0.0,186.70452184801198,253514.47181461466,101.82955452181919,25213.683702990285,1.0753754977889471,50.6465931947121,0.5272285173101887,1.7501106684337486
1234,1182.6857471440671,0.10475256207144956,0.0,139.69601375798416,253676.41583253164,101.86665825306994,25206.967442724857,1.096922642969828,51.12259379265699,0.527120029281196,1.301624348647593
1235,1188.8521827179968,0.10268231682659801,0.0,119.5543150507938,253818.18608960512,101.42598337139219,25200.249415557537,1.0991738903670132,50.56033995145033,0.5293015179397651,1.546973110740609
1236,1198.476317954594,0.09219974369862749,0.0,116.15400499499063,253956.5881967552,101.42787699971856,25193.002995281022,1.1010315984891408,50.42290495282055,0.5284665738838845,1.3568278736327528
1237,1193.3012486720731,0.09614331012714794,0.0,111.80774492025887,254090.75911903777,101.81705215267084,25186.097829544535,1.09136304769915,49.62885263518942,0.5385355175824726,0.566660873373408
1238,1190.1732186211486,0.10003572591656729,0.0,110.25720038187009,254223.2654454437,101.60021470841446,25178.984239497422,1.0900475951199533,49.90619678127805,0.5305699963367693,0.0
1239,1193.4650032645413,0.09713504465015366,0.0,113.38006357302118,254358.71053628647,101.9085410877263,25170.781973801008,1.097045512536422,49.074453620413166,0.5333551969052596,1.3135691494311459
1240,1192.7125229290139,0.09779132025800619,0.0,115.38934621722035,254496.2086791621,101.93994427604366,25162.680472320895,1.0914968993911889,48.78620040689013,0.5385324624792615,1.312426638144288
1241,1192.9988854164073,0.1023240655365798,0.0,91.79475415343475,254610.07520280711,102.16299573774545,25154.684793876742,1.0642060750924383,48.95929641265504,0.532531665898912,0.5112002763534917
1242,1184.411254568507,0.11224882807655823,0.0,116.03326943530885,254748.06035867654,101.74160598184007,25146.671687548664,1.0624393397630973,48.71256892825467,0.529551355287728,0.5179761557704836
1243,1180.8314774935839,0.11419006503593687,0.0,130.8886844864243,254900.73698566126,101.62790115303704,25113.163883612724,1.068849343239477,48.821582602329606,0.5287465988825562,1.0291743394890887
1244,1179.890270320715,0.11625543919332204,0.0,136.90784528936626,255059.39254557664,102.25323522625956,25105.31287944268,1.0826252474402827,48.42751645927984,0.5177481543489864,0.5000888169489741
1245,1177.3889223705755,0.12067228178603473,0.0,141.95228204914412,255223.2001068586,102.46019857584216,25096.89496217557,1.0788936525201254,48.25833779388152,0.5240810390959111,0.0
1246,1182.0936357820003,0.11847451862772163,0.0,130.67665248143095,255375.59406311967,101.70455456474008,25088.136045356354,1.084767228668078,48.11887603923465,0.5307961909488754,0.7667605890536322
1247,1174.9152813905555,0.12606979539118468,0.0,138.29647534547814,255535.61638644693,102.2090383224646,25079.233412963986,1.0908154727266632,47.378601102442346,0.5279445781304092,0.0
1248,1168.5890692853695,0.12850291146334758,0.0,146.90135118533405,255704.09011888024,102.304033776733,25070.607628631136,1.0933409668329768,47.25123505297165,0.5340502476783613,0.7580196116335429
1249,1169.1423421270943,0.12762118208802065,0.0,135.5710257720738,255861.1987024924,102.28880234927722,25061.366317623146,1.0343183655415544,47.687867854934765,0.536908492652877,0.0
1250,1181.0443167503618,0.12121152167248206,0.0,144.7651481172026,256027.39985412167,102.19710079955945,25051.054887698167,1.080549076264948,47.64886213998613,0.5361170180901318,0.0
1251,1189.1221578026204,0.11732978005875216,0.0,141.36847963612433,256190.20434179713,102.22350931839117,25041.22962686264,1.082351139209088,47.66842976923785,0.5353515140867605,0.33775557308912596
1252,1184.850110908962,0.11898300011029106,0.0,132.1125642763909,256343.7939911895,102.18760119517725,25031.885525381465,1.0848456675225264,47.20361356965681,0.5346432801459161,0.09562467620700943
1253,1178.528264966604,0.12022357268568773,0.0,134.47811484382748,256499.78503589504,102.16211272774814,25022.111118278157,1.0883711320340839,46.66265844502041,0.5338045865568606,0.0
1254,1177.4151503137036,0.12228211544503786,0.0,136.01985029414664,256657.28058739618,102.50084174354349,25012.396163496105,1.0841583786698685,47.101103556961846,0.5260725435994508,0.12693592349062044
1255,1175.2949802613634,0.12492613695710775,0.0,133.12906607053577,256811.84043300312,102.26836463182367,25003.39318537441,1.0896038542801882,46.57237169620497,0.5323779354159424,0.2563435726213896
1256,1174.5157711748677,0.1264599224020272,0.0,143.98347804879486,256977.17498729678,102.69079111823031,24993.816551708103,1.081931891201982,46.954251250367435,0.5314455023545023,0.19946745766704055
1257,1175.5863199751025,0.12828321540085275,0.0,139.85133998108836,257138.34727347246,102.28849188404618,24984.423196473937,1.0802091024100655,46.398770981225006,0.5286144369691856,0.1918534558784586
1258,1174.6784505144558,0.13019450563523716,0.0,127.412222457817,257287.043522907,102.36152656049615,24951.52234289658,1.0475263839997866,46.46073500652905,0.5298795547315689,0.0
1259,1173.2066767762224,0.13325035571095922,0.0,153.1395378948622,257461.37512938352,101.74614610692687,24941.58940788718,1.0727000851040556,46.39513070811107,0.5290236279093576,0.0
1260,1170.879535769225,0.13529736858272,0.0,151.44642632231222,257633.92162362637,102.28618116999726,24931.23057709689,1.0802976153775283,46.32336018701818,0.5281489889483645,0.0
1261,1170.516056630347,0.13810079333509107,0.0,156.72567358699524,257811.57796656297,101.89008712094176,24920.933298720953,1.0702560951524624,46.01337335686857,0.5272937002175523,0.30179268601605713
1262,1169.032531545602,0.13348085882720928,0.0,150.00317277463733,257982.4595225913,102.07841167152995,24910.704590294583,1.0733086518694803,45.86562402562403,0.526388377012973,0.0
1263,1166.4104828767895,0.13620144636398024,0.0,151.36434363139094,258154.7391401845,101.97813137219,24900.56239212671,1.0687929145994113,45.78339661926515,0.5254668943990799,0.0
1264,1162.7838718076393,0.13869689863474588,0.0,146.30198259497647,258321.92226030605,101.81822556131338,24890.92234966246,1.0694951685382936,45.388281324222454,0.5245636739010638,0.36869789135393205
1265,1164.224412775613,0.14016188339878055,0.0,154.08532143647452,258496.89835919265,102.08730110402257,24881.350982133346,1.0770177108293584,45.62300828715652,0.5235868768423338,0.365169611831746
1266,1151.423409474397,0.14763495394173065,0.0,156.73858739269363,258674.5541225467,102.18203814185333,24871.073492077518,1.0744666533050609,45.21502283088476,0.5227374031310744,0.3628633252156419
1267,1148.1396120228276,0.15046293861831816,0.0,145.418345554235,258840.72189550064,101.79069968541047,24861.265092227863,1.0544364358223701,45.167994271912264,0.5217931187064311,0.35916945685340806
1268,1153.9550028584063,0.1507681733393147,0.0,172.63210246491627,259034.0177216698,101.67933260161924,24852.702128358014,1.059607852605059,45.11295085369815,0.5208799579147843,0.3559903998204135
1269,1155.866008394086,0.15052855403836496,0.0,167.74378147604133,259222.39664070928,101.83733839631306,24844.570613495227,1.0647469502356508,45.48255711285637,0.5199937014097529,0.3525682013344067
1270,1150.7480741489137,0.1532988893899654,0.0,167.71512726790027,259410.74126583344,102.4445151172222,24836.104175552224,1.0633191621327778,45.07168924251164,0.5192755738803628,0.3517419072052661
1271,1139.3932987542391,0.15824627989345363,0.0,164.02198059379685,259595.31831253628,102.1801580877544,24827.42829599493,1.070749217137792,44.59508736376356,0.5184551821378938,0.34778861927928517
1272,1140.4285165693561,0.16144893428593887,0.0,173.4343921846532,259789.2433031003,102.17704403409424,24817.167621620734,1.0645287059360624,44.54337216298576,0.5175155113042148,0.3455452487236812
1273,1136.8054027306239,0.1655114904148568,0.0,173.7357856396647,259983.3654120957,102.2394826272141,24806.420048544023,1.0765610417044404,44.94687034058305,0.5166053111307247,0.0
1274,1135.376721684281,0.16736736336383995,0.0,174.79165795871933,260178.32442964526,102.14851345973692,24795.362399653764,1.0754706476417166,44.91532394262143,0.5158628101868474,0.0
1275,1125.963262908528,0.1717817388853139,0.0,180.83350739448252,260379.32135726308,102.519602547438,24784.22037598067,1.0697220289714744,44.48155023781683,0.5151467783312363,0.0
1276,1143.3957905805046,0.15228369844988,0.0,173.24696496428706,260572.63403574718,102.02346088109466,24773.156057125547,1.0675628700065158,45.04773101981943,0.5143208548215965,0.0
1277,1128.1128426304163,0.16980957988410517,0.0,171.76432790235984,260764.71990821464,101.87788974909064,24747.254521149618,1.0667009283952893,44.51241584998273,0.5137263183865943,0.0
1278,1136.3024323355983,0.15397419729974282,0.0,172.65133184590567,260957.40523781482,102.08359963254313,24736.406388122246,1.0637735266775303,45.07842430959409,0.5129817052989587,0.0
1279,1122.115494478503,0.1710926532208319,0.0,175.34906897035634,261152.97841707594,101.97768637893394,24725.173845433615,1.0621843749288615,44.55535729816495,0.5124643516905211,0.0
1280,1123.7785809426448,0.17009733033985341,0.0,182.60892655039882,261355.56110960376,102.34029316766312,24714.148580212885,1.0676017894040233,44.555691635776085,0.5117971702560176,0.0
1281,1120.067741393996,0.17151149240180208,0.0,179.9129624304502,261555.45292233434,102.00933329526364,24703.103583545475,1.0659491311129725,44.543827065610245,0.5111634536687567,0.0
1282,1134.0794498266891,0.1526009896699344,0.0,171.58077001270587,261746.97014884363,101.77904762569057,24692.070543549726,1.0719456923887747,45.12133170210025,0.5105574330511391,0.0
1283,1116.4401081947785,0.17247499132866595,0.0,172.30859209545756,261939.46207892435,102.3810993725137,24681.367034805993,1.0744752731520024,44.56604651819521,0.5101755977503053,0.0
1284,1117.338389187049,0.17286622134346885,0.0,179.02791687524027,262138.40213258984,101.85986507072045,24671.07290625993,1.0650486753050892,44.34516394103454,0.5096263360314742,0.0
1285,1118.6328190170057,0.17270983906513293,0.0,180.5100171628974,262338.81042296666,101.6609179150192,24660.15041768405,1.0746218122315891,44.564980287656795,0.5090107869709124,0.0
1286,1120.141161128842,0.1730318961187266,0.0,180.5985460987487,262539.42935555463,101.4221897298739,24649.192225393712,1.0693527071084579,44.53161251341744,0.5084998487565272,0.0
1287,1123.9331980131217,0.17108527859659228,0.0,180.68659857401266,262740.1239092581,101.34402447022961,24639.03487630025,1.0723999336014962,44.29781388779314,0.5080032556391957,0.0
1288,1121.7872380171004,0.1724532088477021,0.0,179.44814224793097,262939.6478810177,101.4350651074843,24629.313245383713,1.0720944115013644,44.31377860069851,0.507453003403078,0.0
1289,1119.0779314325118,0.1736234952001553,0.0,184.00504432703715,263143.63351045235,101.55923332741308,24619.56962442018,1.0690760037249865,44.34292141153767,0.5069356636245088,0.0
1290,1121.3932669343753,0.17314274573841193,0.0,179.6788881130579,263343.27143653814,101.69418509397482,24609.746030363458,1.0715578253547307,44.341022111485614,0.5064344279658233,0.0
1291,1119.9053209738536,0.1737394256119159,0.0,155.04464465382353,263518.2515719336,101.22329579663325,24598.853742953524,1.0264388134426385,44.468473203584225,0.5059576579823727,0.13994293714860362
1292,1128.600989342739,0.15808708530953786,0.0,196.14012278547497,263734.2788704028,101.05074249150981,24588.993994635795,1.0655171098158667,45.086247696935054,0.5055529134158662,0.0
1293,1118.610047282781,0.1721373046411645,0.0,-101.58579467174997,263652.7789203405,100.75329264417095,24579.101981182437,1.0589903281229491,44.628202234948176,0.5053704623638985,0.0
1294,1135.7648135665274,0.1507983660873835,0.0,380.659620398338,264053.3119004803,100.65407978401184,24567.893857984895,1.0760427623761266,45.38917852631162,0.5050236996992424,0.07476880778014561
1295,1145.944840887652,0.14577629268540182,0.0,211.26954300690227,264284.85449370806,100.67102676520733,24557.904459489673,1.0640321464953675,45.48782042815638,0.5049526318231219,0.0
1296,1150.8983828767705,0.13981032833030693,0.0,171.9525268483814,264477.24607402907,101.33017531188096,24550.97858599363,1.0687664999193793,45.66717576585946,0.5049152600828606,0.0
1297,1147.2051751551912,0.14035148396540897,0.0,154.50189118351184,264652.30614357116,101.70819858370076,24540.07897284129,1.0805346476943343,46.03357053757385,0.5049398562274121,0.0
1298,1142.456571148606,0.14537748416787777,0.0,152.71942348917872,264825.7548044211,101.821556270848,24530.18622684744,1.077670592099066,45.761623399495235,0.5050860919739262,0.0
1299,1142.8182697781085,0.14866514784582896,0.0,154.53493076216665,265000.898781872,101.62413721880034,24521.872635095235,1.076767762580516,45.65729040797248,0.5051335181172705,0.6305651143010209
1300,1140.7684321755505,0.15148305804722184,0.0,161.506122672546,265182.94992487924,101.82629622169895,24511.8268920938,1.0851047197059855,45.58138553030617,0.5051675201354304,0.6281442758530886
1301,1139.2280988216776,0.1544885936721122,0.0,159.22286404645266,265362.65472319914,101.85753588850999,24500.976771348385,1.0782152478392872,45.66737946792952,0.5051740145792931,0.6257535087608659
1302,1140.1069681483298,0.1566472168361619,0.0,163.43770302220557,265546.4865320075,101.60398040170008,24490.59861276927,1.080581596261787,45.46964669125938,0.5052087455288145,0.6234070981356581
1303,1140.2691443040674,0.15887579051940226,0.0,172.40421068383876,265739.2534804976,101.78840078138037,24479.75851133779,1.07006445716533,45.57523784051958,0.5051750342434274,0.6210381838070163
1304,1138.8439899631,0.16017210306569718,0.0,143.24048619156503,265902.82707826956,102.14130386050093,24469.2811165526,1.024024798336158,45.38796895890222,0.5051781687773255,0.6186939171103774
1305,1151.3695556562916,0.14678775754113704,0.0,183.60820738815337,266106.6993537815,101.0866098339171,24458.915478166276,1.0602425533948316,46.55657914088479,0.5051179698530462,1.0620527697772673
1306,1137.6958613456954,0.16153622653922317,0.0,155.29886923402162,266282.4194327825,101.03449510522675,24448.101213593833,1.0440171029329999,45.760335060354734,0.5054699060581855,0.6139555356349291
1307,1146.0250021046331,0.14733914722707164,0.0,169.86798451260557,266472.51525714353,102.02524573041036,24437.313896590866,1.041110713295465,46.76506196400494,0.5055193499542127,0.6116662358123506
1308,1135.7733380323084,0.16354204021202812,0.0,172.25725319108372,266665.13893546007,101.29341870202866,24426.521558483983,1.0415638433463161,46.39885934510339,0.5057598343076456,0.727638759886716
1309,1148.7181110249696,0.14791283094814067,0.0,172.70413961996712,266858.0492369848,101.31140892857273,24415.692001949064,1.0582894893263721,46.005880585837744,0.5053890992233875,0.4123055357623855
1310,1146.3986444140241,0.15123486936947717,0.0,165.80766213324583,267044.20570561214,101.57803252549388,24404.912308342256,1.0559920877665403,45.913064352091794,0.5057721462152593,0.0
1311,1145.2876461899832,0.1527080640606231,0.0,156.38294904742276,267220.8833873349,101.78564349176892,24394.106865941023,1.055794615092029,45.86070054910705,0.5063445259733254,0.0
1312,1142.0927479332504,0.15649849323373022,0.0,159.7596019735044,267400.83512699197,101.60104095950248,24336.119146189518,1.0550019449626082,45.4281645975631,0.5063590711359914,0.0
1313,1148.2394533415863,0.14657284545831484,0.0,161.97709377634308,267582.92252468935,101.8628613780984,24325.286765469144,1.0370577669438705,45.37339807622536,0.5062275140225785,0.0
1314,1149.2814040861124,0.13941136787708708,0.0,153.1604981907476,267756.484245214,101.28731610883817,24314.43577695919,1.0551072762858065,46.23604051723096,0.5021380805476419,0.0
1315,1141.691542754967,0.15749648595697308,0.0,158.4330796454599,267935.3728057218,101.56610250712687,24303.6067646285,1.067997522282885,45.40937630505446,0.5064346010450872,0.2780615252406591
1316,1137.9825304736646,0.1612751680524599,0.0,168.13546890145383,268123.73897572915,101.8244038149378,24292.812731354927,1.0528992999074345,45.6400259039595,0.5063032111631705,0.0
1317,1138.168807902704,0.16131207792892632,0.0,169.92259447105297,268313.81562470435,101.75570772672344,24281.98021490143,1.0629440424638064,45.59550144803839,0.5062450576011771,0.0
1318,1138.1883194738455,0.1624347392777492,0.0,155.3817117765964,268489.3511528473,101.57233574772829,24271.178024997957,1.028237647469083,45.52012235675892,0.5061747408617633,0.0
1319,1150.5869680261887,0.13934841524075825,0.0,173.55837410330258,268683.0075128122,100.94474643007385,24260.423019541708,1.0508891455045073,46.05941919678452,0.5060825170601457,0.0
1320,1148.413903999603,0.15424701948530284,0.0,-1056.1579592120656,267647.20213684364,100.93210930909147,25363.208209354812,1.059476138726432,45.19544098511681,0.5061366925699327,0.0
1321,1139.9805435697479,0.16305028759009987,0.0,1089.5201888372453,268756.9704798108,99.1407400803628,25351.819486072924,1.0524189886461657,45.149093630015805,0.5058979255301782,0.0
1322,1153.782835663473,0.13541021238897233,0.0,393.3757942377714,269170.3923924122,100.61246713253598,25340.43035825721,1.0691653048214484,48.71900824757935,0.5044302465877526,0.5768035366493081
1323,1171.419381451805,0.11520799202629373,0.0,202.91704264088773,269393.7140298542,100.7018673590587,25329.07172580643,1.0522719696328924,49.922402973186855,0.5044916058154854,2.177677766529513
1324,1172.9405358152471,0.10824228584564699,0.0,128.29368698112575,269542.669147123,100.71028899036926,25317.902274840922,1.055561756257074,49.28079280883878,0.5027629382729726,1.066663486442394
1325,1178.0867841136428,0.10381977897434069,0.0,115.57888255837253,269679.06845440285,101.22629658612047,25306.410466001023,1.0602562795274655,49.00210735450722,0.5048595275671331,0.0
1326,1183.6369288768385,0.09781791828749375,0.0,114.63805019636695,269814.56958965625,101.02187789867382,25295.036419448537,1.0466427647975958,49.781638885975035,0.5052774771237589,0.5144423275016976
1327,1185.7979336472083,0.09701259264189688,0.0,104.09172751159687,269939.60243265715,100.86387332123427,25283.87910266537,1.0687231293961097,49.89525389177688,0.5075993452795903,0.08569332296660548
1328,1180.0794495434197,0.10205089325791272,0.0,106.82105302763415,270067.34951691236,100.88268252146848,25272.431080283575,1.064957216777448,48.534713130560576,0.5132872553722071,0.08125064525263781
1329,1188.5434772967062,0.09816342546929635,0.0,105.54309900058749,270193.76889815385,101.09216894708082,25261.146175078913,1.072436476006381,48.56083599598206,0.5138105725489999,0.36825743224571283
1330,1181.162387978421,0.10807964301273476,0.0,113.35985026797567,270328.06286872545,101.11312450332133,25249.869428444843,1.0600906462489585,49.01079454829566,0.513656262242872,0.02752629599902434
1331,1181.1685476606488,0.11159941253571937,0.0,98.13577588085374,270446.99348255055,100.78113839839988,25238.903173347608,1.0379641423098398,48.7172035793255,0.5140281896475754,0.04225507219311453
1332,1172.7949236556542,0.11926163928217948,0.0,137.66580823552889,270605.3570529424,101.35598436433408,25227.645508132508,1.0350262574373459,47.74032003043237,0.5144389548601427,0.0
1333,1179.7253460853872,0.11544215105408784,0.0,127.57426424687569,270753.547115396,101.03410390454268,25216.936896667245,1.0543853337724811,48.181754673192444,0.5155526165939982,0.2066054669610935
1334,1187.797035562292,0.10882476790978857,0.0,124.42474228790076,270898.639493199,101.39869550980548,25206.1173035144,1.047414876954317,47.73938920647426,0.514430631265154,0.7888934405986419
1335,1181.9401886210915,0.11308554083273925,0.0,120.23862909379227,271039.68280960707,100.61610248230144,25198.028734953685,1.05202168432516,48.284893468107555,0.5146610816241397,0.05031574656553062
1336,1183.2049494449716,0.11515598745687672,0.0,121.0231588516036,271181.4612105783,100.79913738242,25189.78840158833,1.0473913493786282,47.0406390496754,0.5166095566470653,0.28842265021290814
1337,1178.5412850362566,0.11801413247621206,0.0,115.96391435170321,271318.3158008072,100.80743365541346,25180.873732176213,1.0353059263640456,46.77326896774066,0.5164690529997221,0.08338936492815208
1338,1176.2669580845502,0.12620563742104884,0.0,139.51268266125643,271478.69240746263,100.98746478545283,25171.438378567313,1.0447509913167727,46.66383997557283,0.5162376455472628,0.0827897335158525
1339,1170.9384730999643,0.132724407112353,0.0,139.94586910825643,271639.36218910484,101.11313024072867,25161.697693675324,1.0449559474973698,47.173003676591925,0.5159807992900535,0.2843310447130989
1340,1175.0612085857576,0.12611594883737476,0.0,142.74459110358393,271802.73467327456,101.01857478283749,25152.03501211016,1.0464597285410304,46.756335775584944,0.5144710436658873,0.2850559421229093
1341,1173.8257484001147,0.1274459819990198,0.0,141.21369954100803,271964.7436165199,101.15211569302744,25142.42844295685,1.0494737688921103,47.20254530288442,0.5157849380417983,0.023808763823154777
1342,1161.6511157661002,0.1360054125997021,0.0,137.53778247617547,272123.0362898702,100.9602595444837,25133.48306575448,1.0614162078612799,45.685714334668404,0.5157284992705357,0.06792305123630626
1343,1159.7386202963426,0.13787691934971602,0.0,146.9322140090755,272290.5711009045,100.85047918394123,25123.89986559318,1.0630816861162344,46.13131044245304,0.5151670191401794,0.2551553229300083
1344,1149.0967830930695,0.1475881480982849,0.0,151.70485298247667,272462.8552153607,100.66532005479232,25114.410893263364,1.062055941149246,45.56032729596997,0.5147902998701819,0.020765877673142086
1345,1148.7493356634266,0.15140340887190418,0.0,162.49064631056663,272645.8055121274,101.08000784528511,25105.710820498745,1.0631288173302949,44.82371268159134,0.5142315746958798,0.18432019308973224
1346,1150.2158825873535,0.14884197853827652,0.0,159.6348127052062,272825.80659358564,100.73085933942129,25095.870274853165,1.0512281082682966,45.13698445893694,0.5134596820929007,0.3298240312173135
1347,1145.2923955641593,0.14990353478998153,0.0,160.01533134670518,273006.2337054264,100.63778770844742,25085.870166108027,1.0507999174148501,44.91425024921453,0.5128371581577158,0.0
1348,1137.2084934249342,0.15557672855106552,0.0,167.0342724016496,273193.63612839335,101.18165644082214,25075.92455582519,1.0576704652859128,44.94271485187819,0.5121583211616281,0.0
1349,1142.89373889192,0.15304176531476887,0.0,171.26772047152375,273385.16168827994,101.45218606977,25066.865604667906,1.0481167761695027,44.458891370911815,0.5115230255418642,0.22554306752675757
1350,1140.6638944281171,0.15309881231675682,0.0,164.77352043190476,273570.21910747094,101.61320394486151,25056.46837395207,1.0535970935636239,44.651203772979535,0.5107461429135519,0.0
1351,1141.8294906110718,0.15334370014235665,0.0,166.0720721944027,273756.54456976434,101.05645378618676,25046.034339890448,1.0553965919964832,45.44870019846293,0.5100641243199245,0.0
1352,1140.254505246624,0.15741338979460306,0.0,167.6135990072283,273944.410893821,101.31683047889949,25036.241558960563,1.0503622373347,44.464391148242015,0.5096840440386011,0.5297799758267985
1353,1141.4111545669148,0.1571843053872083,0.0,168.36677751781372,274132.98550643655,101.32863187322124,25026.056401285896,1.0423890494891093,44.64757588879369,0.5090127460013192,0.0
1354,1133.798812260805,0.1580397490890132,0.0,166.16524175549992,274319.3405155217,101.11515267060861,25015.930400781268,1.0608600257252263,44.869494248886255,0.5084162801418882,0.0
1355,1132.5275516773606,0.16112611282589306,0.0,175.0905438470401,274514.5865972836,101.29205154243645,25005.75775520281,1.0512882773959178,44.73082551134627,0.507924232896128,0.0
1356,1136.463086761195,0.15919828768926247,0.0,-106.50809038638533,274428.1996321522,100.77391042823112,24995.60117199749,1.0556192680000738,45.14862644915824,0.507410288573239,0.0
1357,1136.480794165855,0.16084929833168826,0.0,377.1502138251781,274825.5349569427,99.89269179259367,24984.906225598308,1.0410472477341888,45.124303901958896,0.5070428042967547,0.0
1358,1155.4872082653737,0.13877068423852146,0.0,216.16812710800565,275061.836116473,100.46373822886994,24973.924217816162,1.0493184184292297,45.801153566791044,0.5066855521762683,0.2513851424132696
1359,1149.2822131726264,0.1396758473826103,0.0,168.63997736191564,275250.8745915597,100.8403681514567,24963.36608091448,1.0561162879073127,45.23630851946911,0.5065830527434494,0.24543501687652736
1360,1150.6342646178705,0.1393202721230038,0.0,150.27448365352652,275421.51309881697,100.88406375281629,24952.631321473138,1.05843535657834,45.82579348347245,0.5062957037256899,0.0
1361,1152.133312307224,0.14057918468039554,0.0,149.98987245079303,275591.9313968199,100.72745717688181,24941.890194282176,1.0611915633986473,45.745555712675454,0.506211216720793,0.0
1362,1141.9369748247354,0.14614992098532908,0.0,153.23785331205923,275765.58460103825,100.74930430995653,24931.171116145877,1.0634007204849332,45.678279562212765,0.506103940722041,0.0
1363,1142.8270252098457,0.148289071325713,0.0,160.63886829087093,275946.56249600986,100.87229875732547,24920.496075314553,1.0482929001705188,45.24757772817371,0.505979378856345,0.0
1364,1147.1889263324076,0.14627680918990993,0.0,139.49889970403777,276106.35833442013,100.01454222790792,24909.810344969934,1.0432896395183218,45.37556263194291,0.5057163904340762,0.28426436053493376
1365,1148.4243906756178,0.1467871112281406,0.0,164.5793364933075,276291.24333753553,100.35350481864548,24899.125710470627,1.0456572411441922,45.80592542336103,0.5055204092700383,0.0
1366,1140.460614980759,0.1538230307134767,0.0,160.82240723186217,276472.32297811826,100.13078898973113,24888.667731203383,1.0474124923469634,45.218692357505844,0.5054677875822019,0.0
1367,1131.0338216967245,0.1593543070906256,0.0,167.80329327359166,276660.34037910623,100.31037110626472,24877.90119537367,1.0436581406305387,44.87720221400183,0.5052205708936504,0.0
1368,1149.67824396124,0.14401032507794387,0.0,168.1420713332111,276848.5715628846,100.54373619268756,24867.2564863813,1.042728652494157,45.56594585869951,0.5048710796602074,1.3441163205406355
1369,1136.9150512219917,0.15012921564819626,0.0,161.42507654934386,277030.326399603,100.62120640746834,24856.604666444255,1.0604760265975557,45.156396849722626,0.5048218005109619,0.0
1370,1149.6266993963814,0.15088906449667083,0.0,163.0280129732646,277213.5664140571,100.74319218031106,24845.65695721192,1.055830925736871,45.349441000240375,0.5045858170199258,0.41444953247592764
1371,1140.613033226367,0.15678723207068535,0.0,165.65411045032127,277399.5008813362,100.76951660191364,24835.01222544892,1.0468094065102795,45.750673252705774,0.5044423294950079,0.0
1372,1142.4944180959894,0.1528556868997475,0.0,166.84650623282448,277586.4607289431,100.28013345269484,24824.03241994106,1.0590501181445955,45.60577874480114,0.5044248004893731,0.09355134944661359
1373,1126.7481977257994,0.16028992052218716,0.0,151.99126797027105,277758.63810714014,100.23952023341664,24813.07640396229,1.0288982242639164,44.73068885136421,0.5043630198560037,0.0
1374,1153.709490598116,0.13694411860037048,0.0,170.66994142621994,277949.345714687,100.01934344845668,24802.147075286677,1.047987560720431,45.798010306352964,0.5040068951188219,0.18350207632140325
1375,1143.6586588067341,0.1551037070802873,0.0,159.57486642248068,278129.3525124569,100.01109909484967,24791.24330591797,1.0540152798850608,45.77143971818572,0.5040340244994518,0.0
1376,1148.098237907776,0.15275158222283447,0.0,167.06802954951436,278316.6207035213,100.16174514756635,24781.484882248686,1.0451626340038922,46.068621544377194,0.5040437591467649,0.41617873284371854
1377,1152.2510487631996,0.15049938455261747,0.0,-4412.574836064024,273924.28666405746,100.1772856284976,24631.267904440596,1.0450049991944637,46.22780524264873,0.5041686436187,0.021250139430989634
1378,1141.887441161178,0.1504115855697421,0.0,3622.590112382072,277567.0345597187,97.43710473021953,24620.390935177355,1.1082962927067324,45.4857185987902,0.504305861784697,0.0
1379,1176.4345975002143,0.10821830927885545,0.0,998.4703467220122,278585.6163320503,97.70287107666435,24609.500802688468,1.160069277161822,58.70721352372637,0.502393400461032,0.0
1380,1178.7501235678008,0.10356926613258688,0.0,336.7559419158371,278943.27504690416,98.16311157558155,24599.78585999927,1.0912776338791923,61.44913052545855,0.4948243836910038,0.4511213665455358
1381,1190.4372936765524,0.09115382598858723,0.0,160.0736957041694,279124.3822235743,98.89807617208788,24588.752833029423,1.0504170568288878,61.824958501511674,0.4987203462989081,0.3188110982091956
1382,1206.6137010963525,0.07556485189618589,0.0,97.69006581443327,279243.3405419562,98.73374754539353,24577.604210859994,1.0506645676919892,60.896794939811585,0.49923896954714325,0.0
1383,1216.7346996264641,0.06658788857730813,0.0,83.30108024782754,279348.192416039,98.35646430619525,24566.606735299298,1.0610754989354796,60.19485748608986,0.4994745807299914,1.1399842237388924
1384,1224.4307360630141,0.06219437732128419,0.0,77.26442721080494,279447.17092297785,98.36458253314302,24555.601780183646,1.0549000231690047,59.560980358315874,0.501177749167954,0.5168832525033622
1385,1226.5816247570715,0.05694505191010546,0.0,67.47548612169496,279536.57148346654,98.25530890188264,24544.622108752214,1.0632477844077037,57.660727554043234,0.5067769175704275,0.0
1386,1228.168816524427,0.052960549665587164,0.0,67.15078429170262,279625.8067923374,98.35107052999383,24533.646973222592,1.0577499683727483,56.86772900828168,0.5162374335757869,0.4024706156360196
1387,1229.3917289593362,0.04937506750209908,0.0,62.263628369148734,279710.24358808465,98.67882490921393,24522.652177194726,1.0602542620454694,57.31233862855513,0.5171319548505746,0.6353182832798296
1388,1225.8928732636227,0.0508880546488929,0.0,51.455819881400686,279783.9813988593,98.45394567576913,24511.56605879915,1.0635583917508415,55.81194656192929,0.5218832759784873,0.9949923983298703
1389,1222.3714820042671,0.059087847958553485,0.0,49.44150578404327,279855.68308439315,98.49122597138538,24500.624260015902,1.0222502194283136,54.97934046366457,0.5226481685447936,1.1447604565726834
1390,1229.7059917433621,0.04875082282988963,0.0,72.07733632201925,279949.9078190031,98.29597642551563,24489.672423348828,1.0556174409517698,55.82557654779859,0.5233218785694725,1.1200473251990104
1391,1223.8386764110508,0.05757852403819641,0.0,57.7421814256067,280029.96919176495,98.23371174344591,24478.745901957624,1.0604038461332403,54.36353860881239,0.5230840455705112,0.8816276114475272
1392,1222.6872575888344,0.062331892744637574,0.0,70.14427863726243,280122.4775024621,98.3012434337107,24381.71196198316,1.0615954371802183,54.186977304763936,0.5260642011458357,0.8832077360383721
1393,1234.2026666355587,0.058776047749710125,0.0,78.09049479704655,280222.8716645746,98.56248276787892,24370.358751233252,1.0635238430371248,53.31053909463729,0.5282798336156006,0.8752500262315976
1394,1242.2652394262325,0.05569230937741021,0.0,70.52510499414609,280315.8053892301,98.73977355612658,24359.039341012925,1.0601612509208689,52.84400107843922,0.5299414981273413,0.8708578323656013
1395,1248.2081706276654,0.05165110151189933,0.0,63.06779809008148,280401.3740972915,98.81508074285354,24347.748157070553,1.071190894154113,52.36755849321851,0.5281173285806867,0.866259415892884
1396,1254.8310009806646,0.05723291236696049,0.0,51.53181764583459,280475.4883339112,98.93461685686653,24336.48425429781,1.0589102568944693,51.84471302266013,0.5289738878276344,0.8620783099946436
1397,1254.002840283798,0.05915047813012286,0.0,70.63894696584475,280568.6043510453,98.7242218263253,24325.245940792982,1.0496411592583583,51.41431622335154,0.5342018280972453,0.8497873735987156
1398,1250.5696926343082,0.0673125343944454,0.0,71.86360214044063,280662.90738062654,98.87307325806117,24314.034745712062,1.0593741957549243,50.38482397647615,0.5341580342606992,0.8401048332375609
1399,1243.992345127881,0.06867561018041157,0.0,75.95264835427821,280761.18208262825,99.24176780331562,24302.850961181026,1.0656771521452157,50.31279718431617,0.5336879405505244,0.8425979392350484
1400,1253.0326050548847,0.07107879816408791,0.0,81.13557388235643,280864.6216729602,99.25152740659793,24291.68835549345,1.0657477754611873,49.99205607985279,0.5330100378910059,0.8213784542463429
1401,1248.0826578514075,0.07801821795332531,0.0,89.96905576174504,280976.8963583923,99.61350904154219,24280.548744412754,1.0546034949531509,49.75655088083305,0.5319130162176924,0.40628825074735175
1402,1251.5279778500103,0.07870267203294934,0.0,86.63405167670862,281085.7545771874,99.17472569936093,24269.431522711904,1.0599099847390032,49.358594905488985,0.5331854733255889,0.42328158643046265
1403,1256.3194945242753,0.07448898390884662,0.0,84.54039969694693,281192.5024652031,98.90191429219053,24258.33615891126,1.0477004388244717,49.07262415434297,0.5511012429718016,0.41570689004271344
1404,1246.4142560770715,0.08129479838962805,0.0,92.81033216646793,281307.54143687343,99.12457706810895,24247.261621417754,1.0658972109744738,49.20102279652073,0.547405295111497,0.42020405108094394
1405,1244.229681192944,0.08661167520697854,0.0,97.00343695737689,281426.6355503603,99.33646130625996,24236.207601398644,1.0577722950515651,48.926341125018304,0.5502778908995071,0.4097246527857834
1406,1246.7671288532665,0.08892521732942937,0.0,98.36524736027096,281547.0238404144,99.05153697570537,24225.17298253474,1.0522746060410766,48.562729282819866,0.5457192488083736,0.5123081796151467
1407,1244.7951907615359,0.09068527602808574,0.0,100.65364084827812,281669.6633302056,98.94758539599188,24214.157361980055,1.05383056740731,48.07964162140907,0.5380974223428878,0.4155083281161325
1408,1237.2802504584342,0.09404955377889845,0.0,105.36048500828042,281796.9586055627,99.10621637835018,24203.159937927732,1.0574816644170728,47.875004539670286,0.5510391577211988,0.41420311468138493
1409,1244.8138994842152,0.08474298670635172,0.0,105.21919045407253,281924.0302069976,99.2373404728125,24192.180186423597,1.0534457034118079,47.684423187875254,0.5517601298407171,0.4128311794220423
1410,1236.66264811849,0.09232822393653128,0.0,-434.4374189339394,281511.47157365317,99.16181053902496,24538.826103694995,1.0553574736168452,47.50897042520735,0.5498874980782696,0.7986447354423518
1411,1234.6280920984389,0.09456739335810738,0.0,507.54411348889573,282040.761585927,98.08778730514652,24527.68788328511,1.009879868989121,47.312440402058954,0.5480641429837576,0.794692316463312
1412,1233.7621145800556,0.0935551261374572,0.0,207.76118504532639,282270.32080124563,99.13033073618388,24516.566795349696,1.0455842676871108,48.96878635793632,0.5374882501553199,0.7906400410256822
1413,1240.5735177619351,0.08640603592054541,0.0,130.2276904205604,282422.29246557574,99.38373161078324,24505.46149553275,1.05215484904892,49.03569308514598,0.5452775623956307,0.7865784406113363
1414,1229.894697609355,0.09579793971160167,0.0,106.32422271591278,282550.41143120785,99.76786273504207,24494.376950553502,1.0589342136793063,48.66224101033943,0.5438108394690073,0.9817935087199743
1415,1228.9221939351448,0.09141488884278515,0.0,100.50902383684178,282672.5787539087,99.20083208920896,24483.26603443112,1.04694454889923,48.61147574404254,0.5433431933601977,0.40480341926500785
1416,1226.6706195053341,0.09666205685416429,0.0,107.7615083137627,282802.007151244,99.62188785677353,24472.20369334832,1.0430129190868467,48.07849766234723,0.5347734276590533,0.3982989066306999
1417,1220.882582471556,0.10204434836936782,0.0,105.59939697821761,282929.20041583735,99.59821278020786,24461.156801161193,1.0521475401664537,48.11011030328563,0.5372990027280174,0.4849880149439798
1418,1218.2956929545446,0.09933014380886551,0.0,108.98607518729776,283059.6904944492,99.60061067153806,24450.08390616563,1.049798335078455,48.04208538723125,0.5366039211649575,0.39984260055334175
1419,1219.9086425062983,0.10419188328169215,0.0,113.23343323356434,283194.4258865018,99.34325509140122,24439.02400552319,1.049567985111048,47.81415365295509,0.5392068469619651,0.39922038374902513
1420,1214.2160099195053,0.11245009043825716,0.0,121.5837606211328,283337.4552678572,99.65199587270953,24428.013453676205,1.0437500952479704,45.75879406920848,0.538046316767107,0.39801021504334244
1421,1212.1862369071328,0.11641745460250297,0.0,125.64322670942562,283484.38236887794,99.83850379910604,24417.01600105164,1.0444553019570881,45.62388596287515,0.5361714270431603,0.39670257906276163
1422,1210.0324866996584,0.11740199138796403,0.0,127.6404729419767,283633.4944928077,99.66085840148104,24406.03099592534,1.0407797192477604,45.5141336113996,0.5344704373698187,0.3952489230164957
1423,1200.2875410786319,0.1295989740357517,0.0,130.61361617285584,283785.5303135954,99.42374937893418,24395.0639925225,1.0493899001518803,45.716810392055024,0.5327297942496112,0.8474162202632272
1424,1203.8730151842567,0.12587639091631708,0.0,141.98386869007467,283948.7477951452,99.39369452440685,24384.116461538328,1.0413346692697794,45.902258188448954,0.5305658530989534,0.3925030077513867
1425,1197.749330408084,0.1326333636359298,0.0,-1945.2713902645683,282024.6978525347,98.78162964004862,24233.555714100115,1.0480517925115842,45.31775887978375,0.5297465792382549,0.39111617175861113
1426,1188.295427350589,0.14013493790182974,0.0,1719.6561660913499,283765.4264049166,96.50216278088551,24222.60884053807,1.0263915566554012,45.295875716252596,0.528156657628726,0.38970605215234855
1427,1202.710808930974,0.12145257578787694,0.0,534.1781435583241,284320.538820163,97.9024782364717,24209.02376214019,1.069646683174664,51.63863281812617,0.5178817993132657,0.3885490661285331
1428,1195.976306985518,0.12117524623537701,0.0,236.38913307864883,284578.1128699258,98.32625946534093,24198.085125004818,1.0586542627785709,53.24230542535249,0.5164556877635613,0.3868099854573188
1429,1205.1886824626995,0.1123544708803027,0.0,155.19741643584942,284754.4917559642,98.70684974620968,24187.159366041706,1.0443333274615396,53.38328343440013,0.5237283016496432,0.574659667522937
1430,1205.7671704771976,0.10932225056701006,0.0,126.40473405100403,284902.20149300894,98.74484969017898,24176.24607637832,1.047067940403393,53.20744399764255,0.5185100809582592,0.3838347616420066
1431,1211.188303508322,0.10422705731680804,0.0,123.39665524861695,285047.2339387573,99.23053665094497,24165.3446096037,1.0476564676707831,52.42931198976487,0.5223720119925691,0.7686815222805876
1432,1210.364744985749,0.10450464539425663,0.0,112.07506885327263,285180.98152182513,98.82354177197075,24154.455493628833,1.0490199828690958,51.653772397577356,0.5264511935539405,0.3811078612198173
1433,1207.106008166773,0.10695944968582516,0.0,119.1371299460524,285321.81685175566,99.14619802277241,24143.57790322934,1.054099197555753,51.325744429450246,0.526812305152336,0.7058819479499334
1434,1208.2573673754657,0.105313968016576,0.0,118.50189204527845,285461.99391984276,99.06812701887412,24132.71193027666,1.0558008432852861,51.330077868295376,0.5259012638583985,0.9172031215573213
1435,1216.7386607683786,0.10223942025324584,0.0,115.40441847983487,285599.06811958196,99.06410465034051,24121.86003251951,1.0493982957967058,51.11161344685824,0.5264338434035445,0.6707083328689691
1436,1208.6517422234806,0.10454008989903263,0.0,122.31543619164012,285743.06904001907,99.46932424348054,24111.016131591514,1.0625259534748037,50.843713441146825,0.5291205618067377,0.37538151705376777
1437,1210.3321576201286,0.10212685398396815,0.0,112.09809516825229,285876.80917649006,99.2208653269731,24100.18590782276,1.0506358025709124,50.782588222602115,0.530081787467901,0.49451835818602774
1438,1213.2177809589189,0.10037471650043384,0.0,116.13113265439014,286014.62025705585,99.40500840100502,24089.330797039835,1.0481205855153912,50.1307561868232,0.5361761882029032,0.3724392656828144
1439,1217.3734609503276,0.09996269869276897,0.0,107.53238043239682,286143.82173787156,99.33331383814787,23938.470244338976,1.050917990549911,49.66964057066965,0.5361109654435094,0.5983570612794296
1440,1221.703591060929,0.09549734891152117,0.0,-852.4078331861157,285313.07021080196,99.12485322973143,24578.052562276123,1.0588318852622591,49.3731762809517,0.5356040399522898,0.36967446656235836
1441,1232.1888404186554,0.08417071009210342,0.0,842.0260047007176,286176.8774248152,97.34674078830739,24566.912614122513,1.0772822977716479,49.11592022202133,0.5345062620199784,0.3684237904849965
1442,1236.58088959133,0.08044765493343264,0.0,276.6350788985144,286475.4344879856,98.29824586314659,24555.782643960654,1.0686679485241126,51.60844663397799,0.5335679770726619,0.3635333280463442
1443,1231.3764491868114,0.08256202709620875,0.0,127.97010846464016,286625.38307438465,98.9210874088504,24544.6624903427,1.0496255949584667,52.05983631925442,0.5312981378582996,0.5459242216162465
1444,1226.0619921358725,0.08873825428319093,0.0,92.66651655545877,286739.9592742192,98.98511571244626,24533.60002014665,1.064986851737689,51.98359445485973,0.5350804917698896,0.3543496016166472
1445,1227.2277617374507,0.08749852039256845,0.0,102.14958864232128,286863.90424587694,99.14378346351877,24522.690043148978,1.0609411751095892,51.59835414088421,0.5336695093481645,0.34912166709497683
1446,1227.5174659184606,0.09066635074733509,0.0,90.23969303326828,286975.99856118974,98.18501137947888,24511.65002110523,1.0672981860248798,51.341027547817816,0.530164312510633,0.3603711912796541
1447,1231.712966504429,0.08051384013336305,0.0,94.94934733963922,287092.7852407326,98.36553710691243,24500.58245929373,1.06323721621995,50.86294581069011,0.5321977702419624,0.35920727549009257
1448,1234.5995293835667,0.07594240849522416,0.0,98.66679254416096,287213.4301791018,98.62203728220607,24489.524013468195,1.0600525554911266,50.68935856482226,0.5291503834610346,0.3580471486564676
1449,1240.3659771943967,0.07301874724853341,0.0,83.6759959438329,287319.1322539587,98.6793532155093,24478.43872929232,1.0596409510830886,50.252906103525454,0.5293839501059701,0.35687536921876983
1450,1230.254058675354,0.08330739208992055,0.0,85.11105990081919,287426.3101792798,98.44405160487017,24467.383257443827,1.055901598013531,50.06565700570704,0.5281793737966295,0.3557253987850828
1451,1247.2736370677164,0.07218956082729167,0.0,87.01840989623659,287535.2690088067,98.30361253648445,24456.33636110909,1.063115235443324,49.7446213295965,0.5277085573514094,0.36661861033496734
1452,1242.7689617279466,0.07599172938462195,0.0,83.71675819587645,287641.0522075455,98.2906144497863,24448.006827306603,1.0601027197503006,49.510350500935886,0.5281853240980705,0.3534519158584999
1453,1236.0674911406174,0.07937001943879074,0.0,77.7334125392909,287740.76874408947,98.14396355710971,24441.70907241098,1.0625718169423402,50.18332801959046,0.5322127509044896,0.3522844393174722
1454,1242.6065466805285,0.07446382047350997,0.0,86.63471584553503,287849.31157948705,98.09068169955788,24433.96879693408,1.0643656314966305,48.73152489608752,0.5343489287605964,0.7206997090585787
1455,1235.9763596383796,0.08316280707448365,0.0,89.47854575944123,287960.73950965365,98.14862467355222,24417.45813056121,1.06732062124438,48.89280132570138,0.534499132328349,0.34972584505544546
1456,1241.708109413941,0.07766684035352511,0.0,78.65349942625332,288061.2207368546,97.94122300566201,24409.20692070183,1.0618619920355277,49.46631408705196,0.5340757955078335,0.4997396332116324
1457,1235.2244469511343,0.09006637121472905,0.0,97.47036273114543,288180.55581753416,98.34201511330942,24401.89138406098,1.065739118123739,48.61071306954544,0.5337870998902732,0.34707960289442497
1458,1235.756952614449,0.08907576928912186,0.0,97.19195432353968,288299.4762720176,98.06448246497875,24394.06311275836,1.0672496177282842,48.41824820891194,0.5330028177371428,0.34572324429339574
1459,1233.3098202324736,0.09518825498337968,0.0,100.68584668519333,288421.87409279804,98.21586964096056,24383.53653998064,1.060265815913422,48.223795306122724,0.5262692100792355,0.3444534339620873
1460,1234.097576572777,0.08872123528217046,0.0,103.89953122063048,288547.51625823136,98.22359396369059,24376.229726008904,1.0657721300193637,47.707231025515654,0.5305327599685622,0.7320987033311752
1461,1227.9779668835329,0.09708072867659223,0.0,104.55724956143686,288673.90566186974,98.23417433963317,24370.13116184221,1.0627694739369844,48.09997465495814,0.5204728305856751,0.34183927496560784
1462,1231.8075334955015,0.09569702244375178,0.0,93.17069440608685,288788.80699395045,98.06922051157224,24361.811456781972,1.0403283783116093,47.86155678494432,0.5205197349148213,0.3405708028175525
1463,1233.2668879083938,0.0943339848474044,0.0,106.35735492191438,288916.849898968,98.05270898666997,24355.092701088142,1.0556596772234599,48.72371817816358,0.5204375973808456,0.33924120366894783
1464,1231.9482037728276,0.09373579345450767,0.0,103.6167034576915,289042.16211580695,97.93825473792202,24346.252846931733,1.0501385921546948,48.75560799697268,0.528287972910164,0.33799364847268976
1465,1235.1052435830954,0.09086284012175116,0.0,103.78891329056506,289167.61869877926,97.72894182180961,24336.01688182846,1.0541666096387927,48.46635641320914,0.5295365531636408,0.6955327601697832
1466,1227.8605381424345,0.10326340735954875,0.0,110.86856770552004,289300.17376672185,98.13119458000658,24327.115831574316,1.0360756721198578,47.67936404967632,0.5283799893270986,0.4451458644837629
1467,1225.1568283979677,0.10770216910427799,0.0,112.36398704351092,289434.08628782484,98.10654712311128,24318.060049150798,1.0418963474075347,48.40255595784697,0.5243838852958443,0.7029670656736187
1468,1218.5572132388966,0.10922650679360879,0.0,115.52132491039674,289571.09251700743,97.92838917820983,24309.931903902998,1.0437222705160405,48.45476508060867,0.5252420064393561,0.7131416744729222
1469,1225.8722655184608,0.10382852608475457,0.0,124.9330996594588,289717.442499654,97.83670170961433,24300.88004172874,1.0486456846170715,47.652609518340995,0.5272559853109975,0.5112999018742528
1470,1228.8258287152546,0.0981786483378918,0.0,-392.25039639114004,289746.4628485867,97.83417068584748,23515.070884480618,1.0495478013145558,48.839379766363436,0.5264611112126438,0.33040442733361886
1471,1226.953220199594,0.09479981134949977,0.0,487.0574133362183,290255.02903402195,96.82720007329166,23508.435686240617,1.043952905470377,48.83632244387509,0.5260974151363711,0.32930315949282374
1472,1234.7124206779445,0.08923242467713488,0.0,212.3822232202182,290488.9341593633,97.71668270741077,23500.76717273674,1.0385274447358053,49.27004467956694,0.5257506041326566,0.32790158185208895
1473,1235.7658823712184,0.08392656370853646,0.0,110.3610755682733,290620.8805257755,97.87721170958706,23492.557471617398,1.0499313237922965,50.48446782708895,0.5255664665095265,0.32668957223420136
1474,1235.9297330265133,0.08082663460868456,0.0,88.7002376767546,290731.14222713985,97.71545655467442,23482.510262034204,1.0489071727801509,50.46840240576962,0.5217717818958449,0.3255707976907871
1475,1238.3149829764473,0.07682826076692506,0.0,92.55861802271548,290845.27660600224,97.65972730879867,23472.250401036006,1.0455444415464208,50.45081489148431,0.520519585593613,0.32418340302488957
1476,1235.069718211612,0.08017373791845406,0.0,91.01362838794034,290957.9016518795,97.36730711109192,23461.997938265107,1.0490386347759961,50.40235552837142,0.5247619436012062,0.3231083375539754
1477,1237.2623596280316,0.07619933814271995,0.0,70.77692465280938,291050.3122266904,97.25467112993356,23451.74360481126,1.042834626290257,50.3327056529626,0.525298802217183,0.32048868240470085
1478,1234.3559942186464,0.08022775922989511,0.0,98.84125667914387,291170.8194468787,97.18567945911619,23441.48592306529,1.047959107702251,50.32913687371396,0.5245475714715172,0.3083582423870581
1479,1239.9710679969946,0.07200366916997758,0.0,91.85658484278238,291284.2857652599,97.13158661335916,23431.239675235644,1.0520842916181974,50.299258269802095,0.5155725967420063,0.0
1480,1237.074796737736,0.08068832879186305,0.0,88.99554904567876,291395.00624990434,97.49403919962674,23420.72295085712,1.0464271711212407,49.181553613841785,0.522072068111264,0.13901818120929477
1481,1226.4716995472284,0.08335326867684567,0.0,80.94056151345319,291497.5322552177,97.38694322070639,23410.227438851416,1.0423025335944152,49.56693482639473,0.5225881032711994,0.4074334525208485
1482,1232.2800866959394,0.07601908419684,0.0,90.1795567390567,291609.31851052033,97.22468934159706,23399.859566157756,1.053574252206267,49.950294688991534,0.5249735737194166,0.0
1483,1227.2143291684922,0.08878942993860384,0.0,94.07768432091945,291725.1727624213,97.28119243220634,23389.342141554993,1.0624923395738404,49.01508153568353,0.52711450709761,0.0
1484,1232.4293161291266,0.08709757116464667,0.0,97.5483287279533,291844.36406056886,97.0291430002961,23378.780555270503,1.0628472345989888,48.371031823516645,0.5236730076320956,0.17259027501975766
1485,1238.9783779226843,0.08103406904434851,0.0,89.02161224493682,291955.0324913492,97.06143594554503,23368.568420924596,1.0448336880423854,49.450198716677235,0.5251296662472948,0.0
1486,1220.708992993869,0.08860618340299042,0.0,93.02386913217606,292069.80519076186,96.98687213945107,23358.39902548503,1.0506936043292947,49.04109164942096,0.5232368076055144,0.008392283216721808
1487,1218.1042814939456,0.09464722195102993,0.0,111.42807091737765,292202.7845627534,97.34818770511521,23348.1059428896,1.0520777803519863,47.914983278208794,0.5237851117821756,0.20123220007411646
1488,1217.9293626570723,0.1006161601226292,0.0,108.03004307566516,292332.28674570564,97.31533182055047,23337.932415997137,1.0627740544815805,47.355505318559054,0.5266253625441587,0.03755932600196843
1489,1214.8876570187747,0.10391279996215319,0.0,110.57936563713736,292464.2696838471,97.21084457092024,23327.725111444957,1.05357808938142,47.51119633525981,0.5257454348970378,0.13504937821815588
1490,1219.7770878733716,0.10541189887473168,0.0,117.32766531850265,292602.94118508714,97.86378927649388,23317.564898341378,1.0617875412877171,47.40379284960117,0.5249653402523654,0.03891101284879994
1491,1208.6121867732522,0.11498005115721688,0.0,124.57622365358287,292748.9143796272,98.14110186152483,23307.407116803304,1.047623697596468,47.68236703192442,0.524184279090317,0.040221118271404066
1492,1208.4508060447522,0.11548263836164219,0.0,124.55319518311975,292894.616768495,97.8476181830327,23297.176624726944,1.046198049154433,47.15417134209525,0.5235354476533981,0.03970168942517205
1493,1205.1774925690586,0.11986264932650204,0.0,126.86790284534615,293042.6087944659,97.84012828270771,23267.722204250615,1.0498540296404886,47.02903146283323,0.5227418762783674,0.04054568425661387
1494,1201.5677225357801,0.12178775040001177,0.0,128.15426445163783,293191.82067155547,97.8748833680049,23257.395139638407,1.0434736457133238,47.031332095938076,0.5219457937933641,0.039293643212829465
1495,1199.2300312275436,0.12813324216532762,0.0,137.52037436459833,293350.37488033576,98.30741058111622,23247.082855969904,1.0416222555656331,47.13964506386459,0.521190753590999,0.2144199345943747
1496,1217.255994089069,0.09986633437888859,0.0,116.44371585365033,293487.7308302303,97.68207432448938,23236.72734693156,1.038592967619121,48.229098630321445,0.5205138996091849,0.03812541924901325
1497,1211.6533642873192,0.1042438895943445,0.0,114.03353504041564,293622.9628027335,97.57176430514629,23226.433580047713,1.0376084775969625,47.37601664923709,0.5202330796218979,0.7577558316837951
1498,1208.0431800074773,0.10288891863478722,0.0,113.21675926239118,293757.35275067517,97.54978833899705,23216.140563095083,1.037674466469419,47.90708603178727,0.5181726769171924,0.040524527592197046
1499,1196.8810937107455,0.12453436740046886,0.0,129.38032828632302,293907.85131690785,97.81746622012098,23205.847328514745,1.0429034250959248,47.3547207535062,0.5194339326286607,0.256565700924412
1500,1212.3118156959777,0.0987321158347162,0.0,-1394.1921562343468,292534.53461439535,97.77836844747449,26444.993659129286,1.03732705180476,47.99713144493512,0.5188791387207414,0.04859692769738899
1501,1210.5577772268196,0.09968993533223502,0.0,1257.2891440965382,293813.08519492066,96.9828767960773,26432.89714724092,1.0346135465271555,47.539825024542196,0.5185597449811878,0.04000019148115541
1502,1216.4813142067626,0.08722590737470548,0.0,388.00990892819186,294222.3732484155,97.0704544834928,26420.815382563782,1.0490743603890968,52.598735122980656,0.5181053126949224,0.1484560089326692
1503,1226.0695023640842,0.07599395614637794,0.0,167.08674388002458,294410.8619736696,97.52871499799818,26408.741577259727,1.0390973678548248,54.2300102256203,0.5193776267895527,0.045601856864820434
1504,1224.3447327814206,0.08066690899162043,0.0,93.7203291003512,294526.11653621914,97.53420515752414,26396.67765986441,1.0546562286017265,53.72072238996319,0.5201574124508411,0.0361248377065948
1505,1226.960658292211,0.07636535309466652,0.0,87.19136675301655,294634.7832726004,97.56876999135801,26384.61446585745,1.0410928199538236,53.81193139881732,0.5195837271173284,0.034267894679999245
1506,1239.4572061157726,0.06570056645168032,0.0,95.28695001421582,294751.60662200383,98.10137345333293,26372.571328425867,1.046223207394876,52.63424408618031,0.5200408112489278,0.036533794125176655
1507,1239.6165055544293,0.06458272099247386,0.0,64.35248008455389,294837.7139798593,97.91518472857707,26360.52244615192,1.0413772498038574,53.545131550333245,0.5187796140295349,0.04606191743317822
1508,1228.6514366126087,0.06563865437801575,0.0,80.11808314018216,294939.6102536394,98.37182272707244,26348.345123303003,1.0441015352612315,52.286877231697375,0.5239920112217861,0.5318505578095625
1509,1239.838482769253,0.059179517293952544,0.0,59.41532057887767,295020.6982818357,98.08095005788992,26336.383162629696,1.0121114187091567,53.15213917055666,0.5240587069435864,0.037515058178314575
1510,1243.0871914522102,0.05576659321531452,0.0,71.17047923486973,295113.5633959973,98.30883213110694,26324.35606891719,1.0272271471919543,51.91743761176558,0.5236177449736039,0.04660176482917677
1511,1234.2779833363325,0.06342816571223941,0.0,62.263595143750166,295197.58218912507,98.4332824115327,26312.28737465483,1.0299086805824835,52.37316699039522,0.5239822423496829,0.08933296434445026
1512,1231.0116544884843,0.0638587302381487,0.0,70.66201065452279,295289.91673740867,98.36929827181348,26300.28125054167,1.0325839150658136,52.16484147733995,0.5251439299881675,0.03597759758648067
1513,1235.948377058081,0.06191305483718179,0.0,75.58537555644779,295387.18512455776,98.39450206212054,26288.317367172593,1.0248610723777007,52.13817734203535,0.5249089321210426,0.03845439353483471
1514,1233.002892989716,0.06268704140714387,0.0,64.74870555100688,295473.65892957355,97.93653230780987,26276.61690405828,1.042455213325631,51.59935469655329,0.5255111489566412,0.03669237998121844
1515,1229.9003442659982,0.06485140521116806,0.0,69.72245680709543,295565.0788229444,97.97130602547925,26264.637000954317,1.0326105987965204,51.325257397512395,0.5246693223984289,0.03845305047791214
1516,1232.3830885459504,0.06648393459970525,0.0,74.42348800619001,295661.1664154505,98.20643950913663,26252.534074288727,1.0330214997712723,51.26857331926472,0.5229826526791926,0.0470835338243063
1517,1236.7641316486538,0.06147416258638039,0.0,71.46657299324244,295754.28053903574,98.12743899493458,26240.426027794372,1.0384619747944697,51.7356313539196,0.523384832011564,0.047289904366763835
1518,1235.4857792725163,0.06189805683358951,0.0,76.7606028942723,295852.766764145,98.20322569055573,26228.41268095015,1.0322812847896052,51.6389556454218,0.523841177120592,0.3067372293979531
1519,1241.6905549748315,0.054900598464270756,0.0,65.18180505338415,295939.6689322361,98.1624540540883,26216.592559141856,1.0348739720082347,51.28254744783165,0.5197077323390655,0.5032941142885221
1520,1246.7384688085517,0.04929006359912791,0.0,53.2027559718166,296014.7165400787,98.02296356943631,26204.632154422605,1.0354125890914094,51.13702361342309,0.5197266945304277,1.0933812704053025
1521,1242.2018747040113,0.054636033458332345,0.0,57.52652146358207,296094.0993878112,97.9474429475039,26192.684740985493,1.0406734318835422,51.56863971594833,0.514050508481721,0.2923682103621843
1522,1241.053915673359,0.06219383678227497,0.0,63.57987308499759,296179.50689331145,98.20736352986398,26180.64552346222,1.0319008714414972,50.938838422412516,0.5140944249586681,0.037857787807766385
1523,1241.5523688762014,0.06155652078030971,0.0,65.77967054821457,296266.9953148456,97.92459508765272,26168.723903809638,1.028295776224976,51.24099003550565,0.5141551071051884,0.11804171270762254
1524,1233.852868358206,0.07025745912517578,0.0,76.02397512222464,296364.7067343056,97.96789311263313,26156.677783393716,1.0357549706008713,51.0122260400739,0.5179630376672596,0.257693832105673
1525,1232.481633631411,0.0687655397611533,0.0,71.65998300927563,296457.9299909938,98.06866883188245,26144.772627926417,1.028759522857508,50.92904843199629,0.5208490603121803,0.22314203797414223
1526,1233.1699500286638,0.06285000893005033,0.0,74.0698407540034,296553.56215157977,98.02506390019416,26132.736997837113,1.038435565604527,50.90327861500333,0.5244812473995887,0.21781698513778736
1527,1236.8412014257765,0.058769677040618085,0.0,76.04766388437525,296651.2454809827,98.31804223898504,26120.845619310814,1.0293995327835428,50.830893102981335,0.5255689613804922,0.24114652604097842
1528,1237.6640003940427,0.056700795556149264,0.0,56.04163944749834,296729.0366979771,98.02570749889483,26108.96195944249,1.036662044910877,50.10007930647087,0.5252513975974036,0.8596468742541816
1529,1226.9961392795149,0.07539196284427752,0.0,73.72327197367852,296824.5775428435,98.37654068650767,26097.068456473648,1.0292475620312354,48.64157671911926,0.5254379847673415,0.23679962989982073
1530,1217.2063807266213,0.09281311003902626,0.0,-427.9409858956046,296418.334481238,98.40512617225932,27724.470079930492,1.0307999149620781,48.638505096701905,0.5203252588114985,0.32721886146148904
1531,1205.7180177614705,0.10405702893561253,0.0,486.22608361452274,296926.0503416975,97.47685286187196,27711.715683608778,1.0249155085530428,48.70613582816253,0.5196727174553251,0.3415086304378008
1532,1210.1036816516137,0.09979096110866348,0.0,204.0689470294875,297151.4877197159,97.69400638545872,27699.47382809224,1.0399535243811135,50.31512669618185,0.5199728521862294,0.3156767996844536
1533,1210.9745709699912,0.10159751475094625,0.0,135.78474431600546,297308.7571037332,98.23062145416762,27687.014258459436,1.0466620393589614,49.39671140612334,0.5240042497477286,0.043627566466440726
1534,1215.0240193427762,0.09539931995163742,0.0,98.74669420178157,297429.0531929728,97.85042828929913,27675.018775834465,1.0448583389310326,50.99041045899067,0.5245300829529591,0.09622186688687862
1535,1219.2428291384383,0.09104372149000972,0.0,106.54298526847788,297557.26140401873,97.8865489952713,27662.438152713406,1.0397834579573526,50.97158735549001,0.5219894267024698,0.05046812474712681
1536,1234.130288731509,0.07791457945396352,0.0,99.60800756725999,297678.51409903116,98.08600146998467,27649.918969857943,1.039747496416834,49.95416996713307,0.5136346603428661,0.4127071493397665
1537,1232.957630943733,0.06991895661175485,0.0,83.0016075629319,297783.36901665054,97.96273306878027,27637.48060987799,1.046341051655889,50.48573108028919,0.5213210293668706,0.043028914386766814
1538,1236.4129619091134,0.06980034958663672,0.0,81.20895578326173,297886.43523342314,97.99290404581923,27625.66723290209,1.0444872255782058,51.034513194982374,0.5197876178766728,0.12276824201151726
1539,1237.5116257169059,0.06831537015769418,0.0,71.8950499221215,297980.20812956046,97.86151252254092,27613.01034815436,1.0418227157492064,50.67473846721596,0.5206801595618908,0.04290022179141317
1540,1234.185095949313,0.06323002386558185,0.0,79.94041597132727,298081.94718948874,97.98280669809347,27600.358165343972,1.0478161717215304,49.83517601755602,0.5207463682945942,0.2538653984883723
1541,1229.7616772004556,0.0625773988992483,0.0,64.98832451650455,298168.76886608754,97.87491890722286,27587.75086534619,1.0451402169278212,49.77489696824388,0.5328959224389399,0.36476848328760525
1542,1219.8419935894449,0.06778035598655807,0.0,72.07692866841819,298262.64554568636,98.15983813886888,27575.280835205223,1.0425022135843627,49.72872019985958,0.5278598061805657,0.05006177356807484
1543,1220.729242103163,0.06679932486870743,0.0,67.52035719556437,298351.8590418018,98.07494756490209,27562.654418655216,1.0444496478296779,49.798918020042436,0.5259492934769745,0.043846836767968966
1544,1215.925293642269,0.07199210189556315,0.0,71.4351567012086,298444.8464071764,98.12833430587494,27549.892875032732,1.0400320388549213,51.38692505705305,0.5263832817142593,0.04389632643515995
1545,1210.2995864826423,0.07366712676362153,0.0,82.91836721018134,298549.25592608267,98.3363893216908,27537.133093240893,1.0403491989550988,51.52172876538812,0.5233154621234113,0.0450786909714509
1546,1213.773737524449,0.07232420400447614,0.0,78.60548568572824,298649.2569979233,98.44896371598601,27524.521533808384,1.0461891102258811,50.283933193619845,0.5253803295946862,0.0856860635215071
1547,1215.5543012209341,0.07115133115675132,0.0,73.1132310481957,298743.8341434251,98.29562695987313,27511.746384718208,1.0491764645873105,50.04851505962604,0.5109092452697243,0.04376824394685741
1548,1220.1699873819846,0.06861020150597408,0.0,81.5014652312307,298846.855547092,98.6274409070817,27499.142993509253,1.0457832307271933,49.99137691808876,0.515877202573713,0.04194727156757949
1549,1217.6348004787264,0.0659866126684906,0.0,74.53449316643719,298942.96241884335,98.68905224440014,27486.495326478285,1.0439117486909109,51.548834364780085,0.5233044189743391,0.04834036419656229
1550,1225.4943536937985,0.07339963143877615,0.0,78.64461171698875,299043.1594826695,98.88630461716228,27473.85169344092,1.053244560079623,49.58832658843917,0.529507050299213,0.7963984562521915
1551,1228.6608137800104,0.06961674709536225,0.0,78.17097678328074,299142.88359236595,99.04772881467775,27461.337123680223,1.0420251032743157,49.66544846520388,0.5372069796032557,0.04561562280822784
1552,1230.381940776053,0.07139860130648212,0.0,73.7137907812033,299238.20703168865,98.25166889502988,27448.569214958698,1.0403413414267917,49.605976507245934,0.5396587112287222,0.049787298817264514
1553,1220.1464663179715,0.0766570161944039,0.0,80.05456336545342,299339.88579453854,98.49285146545624,27435.827622851717,1.0467520123910745,49.04593228117233,0.5370235274379982,0.046941050545797225
1554,1222.5396709223037,0.07655599717170514,0.0,81.58463356837566,299443.2113648037,98.41712680414622,27423.181691215377,1.052453024208531,49.435537835613154,0.539355284794914,0.06230690881501744
1555,1214.8062378645975,0.07794176867644442,0.0,80.10117119251345,299545.4013366086,98.26895840840648,27410.629752334706,1.0567033137386372,48.610218676322134,0.5364819905305271,0.04614476991905292
1556,1213.5832790770748,0.08013363264237305,0.0,89.9067874827544,299657.39328967,97.81951538599753,27229.154765900345,1.0471305428916584,49.10890952299326,0.5302810241679541,0.04754184972067321
1557,1216.8862573145,0.07794786073901272,0.0,87.95729882473421,299767.3950841502,97.66071897566931,27216.576128039593,1.0586861327242727,49.163607154883,0.539197150422156,0.053552395786368834
1558,1213.810684930525,0.07889227107336039,0.0,88.26282796894426,299877.7050207997,97.7179202730388,27203.87045837735,1.0543334255506758,49.18242479975878,0.5347705829680158,0.04618874950840279
1559,1221.374452369855,0.08049785770402151,0.0,83.8752998051047,299983.62630714616,97.76066127444366,27191.60013226171,1.0568173987950724,48.99049491680567,0.5335050353557756,0.22412369980615665
1560,1219.6622127353976,0.0819932872450817,0.0,-1867.190691000423,298138.53971416055,97.95611290790646,29007.79361671195,1.061495039320104,49.221263969788005,0.5397775361655416,0.044153535834965396
1561,1227.6058408463377,0.08491889226208638,0.0,1593.711622514384,299754.437657845,96.61015423545199,28994.317706381975,1.0434892078310816,48.227143831862804,0.5389248819786491,0.04565452690584948
1562,1226.9057415376903,0.07728783374608494,0.0,446.4798197219549,300223.12279664504,97.14476504634523,28980.63395703325,1.0846396573363564,54.515739294227615,0.5357105408812199,0.04493742639296272
1563,1235.719933585107,0.06592373203548607,0.0,180.77499648146247,300426.1791238335,97.5764681958128,28967.279334658495,1.0587891958320519,54.28030912437182,0.5352679377954072,0.049621914931350375
1564,1233.8054758329408,0.06862121052500392,0.0,93.80912601974734,300542.48797646456,97.88478428675008,28953.724241536067,1.0773376538195185,54.85473199198217,0.5323991854156186,0.06422517775872905
1565,1237.5075495912129,0.06787485623788514,0.0,83.52997642645073,300648.4520447724,98.16824351253216,28940.062500487176,1.069870908781899,54.14544635427255,0.5333838211777854,0.06542323533827243
1566,1230.1751391101645,0.07084170000336498,0.0,74.53527549878876,300745.39451090543,98.1266048125563,28926.501612467946,1.0751200330585524,53.62879408325603,0.5348199530850268,0.05913557519441781
1567,1234.0756574835589,0.07073829230328865,0.0,83.65616193896577,300851.4152656332,98.10868554219856,28913.47790668076,1.070793947228247,53.220475810882206,0.5378428887533286,0.28555526672427334
1568,1238.1677923029015,0.06889917075561114,0.0,77.40718197213164,300951.20512022654,98.0415946533708,28899.9849549741,1.0693387524562064,52.680467041138165,0.5360884591257199,0.0547318145996627
1569,1238.761742297456,0.07371111939673458,0.0,76.86732248228287,301050.5111204138,97.62709393059882,28659.308238050973,1.0589679505728038,52.179866677111704,0.5313378675796723,0.32065762847109625
1570,1237.0748457715515,0.07795446689325869,0.0,84.42880195057825,301157.3591487253,97.65534023422849,28649.64755027862,1.0754851560320917,51.66492408173307,0.5294386036920112,0.25623589342613684
1571,1243.4495198119082,0.07072252272063728,0.0,81.54916847597141,301261.2527115018,97.5296993063175,28640.320255747272,1.0706439369137095,51.09860808965048,0.5251373309250426,0.05448771297267285
1572,1241.1793297162722,0.0754433141574512,0.0,80.7610318428618,301364.49157315574,97.47216165357344,28632.608104037216,1.0660933815029914,50.741505244706296,0.5271889814461411,0.0602979364308851
1573,1240.2157821068656,0.08459458237338224,0.0,87.74805105092491,301474.58293516585,97.65740456177394,28624.92751357074,1.0668661896141958,50.18612016356006,0.5222564067375766,0.07517400482619507
1574,1234.425032890302,0.09273437742080914,0.0,94.93972686033646,301591.7803578376,98.02299567910858,28613.719464514113,1.0617742635161165,49.763901090725376,0.5257579218497723,0.0718329052378266
1575,1242.3666019934656,0.08771971327346595,0.0,-50.721071445665956,301563.1260407784,97.9573975404862,28605.333501335088,1.0619975872674188,49.6837825477456,0.5283558588811678,0.34039976654763393
1576,1235.3991795274894,0.09141749899317231,0.0,210.93769958405892,301796.2027251534,97.97607149667304,28595.13659010007,1.033400552443574,49.7463320336103,0.5311213131064733,0.2678267529584417
1577,1243.3962399344996,0.09046953734864194,0.0,115.86931309596747,301934.0608654156,97.71557313440508,28584.885753824095,1.0466401577875746,51.477589721894745,0.5391268369326392,0.9621117070633431
1578,1239.251231188197,0.09504692982887575,0.0,114.11141476904706,302070.2034974778,97.84598889328687,28575.221666753874,1.0620738711310598,50.67876129476188,0.5335709556702958,1.150722235361684
1579,1243.834168465026,0.08540296687165883,0.0,109.37022106235773,302201.5393755841,98.30579822912627,28565.673709639184,1.0551192671144058,50.022552257268885,0.540733261192513,1.3293588912605827
1580,1254.5355025499186,0.07956828704684293,0.0,100.55111517297951,302324.2393994155,98.11423717345508,28556.45010991445,1.0596913018640233,49.18135250479361,0.5333845851569944,0.3813851155505148
1581,1261.330774466281,0.07371631862995087,0.0,85.42452118256259,302431.9155507266,98.36835456692273,28546.0455394438,1.065085045177271,49.148808313789175,0.5363827097814303,0.2035834956605953
1582,1258.1428217477326,0.07808279668700047,0.0,86.0722122267185,302540.24736362667,98.19312941098728,28438.27793908926,1.0558684668462186,48.5735156052177,0.5411610085452111,0.3851751511846402
1583,1245.6061790682118,0.08547036379968342,0.0,83.74798520017313,302646.20870172884,98.03193487800672,28427.49357466027,1.0602962763447579,48.29909730703527,0.5341025798993003,0.40777110739493594
1584,1250.3561389512754,0.08485047336708029,0.0,94.12803975741573,302762.434841856,98.14184099698343,28416.619248364987,1.0664191232259341,48.00916216644549,0.5326835645741058,0.19323255353798174
1585,1254.5845031887652,0.08617524142175148,0.0,98.38796709677618,302882.87909120484,98.05801916278182,28404.863513308497,1.0582579781548462,47.70123436495608,0.5377309739307035,0.07428923799868414
1586,1239.488798694081,0.09887862520097113,0.0,98.04570345026164,303003.0370847331,97.71199135890586,28393.537531198806,1.059880099632953,47.490451366244244,0.5362894176335371,0.05029975508658424
1587,1224.7833216885351,0.11265994977618954,0.0,112.87503662029619,303137.8800668033,97.65593952446805,28382.601812208803,1.0550981082474717,47.59246595647542,0.5348564637400278,0.07530203799180413
1588,1219.8541471201795,0.11561574432018284,0.0,119.13003891760621,303278.6581297001,97.73850317162325,28372.50138131044,1.056366707071538,47.45938742985744,0.5329625119466866,0.06502847510543575
1589,1213.0695987722027,0.1240372745282905,0.0,128.4172374462756,303428.6318139787,98.12624713045547,28221.635360104152,1.04591626357576,47.297641157933654,0.532241093531882,0.06441160859100137
1590,1210.2519553448014,0.12444488755219107,0.0,-1638.9868931426531,301811.17750845174,97.94363444601001,29169.255556732776,1.0566069902535258,47.13047466310907,0.5251312062104275,0.07396153056208732
1591,1209.1593927499014,0.12359184317513228,0.0,1474.2752434269535,303306.7553155088,96.43292181285551,29158.379875228693,1.0042720887201175,47.018112503021804,0.5294344683551265,0.07927174793101699
1592,1223.9746771389516,0.11152156403214819,0.0,442.00431499274794,303770.084507996,96.71954345716497,29146.092580924436,1.0548816107970882,53.51867445242674,0.5272784742642187,0.08425160122655484
1593,1226.6100675333585,0.1039947015582674,0.0,215.67878712211322,304007.24861833244,97.49760283711728,29134.52486460879,1.0437300811795083,51.248855966371366,0.5295513684661038,0.27184491015904655
1594,1231.8661383882209,0.10305532808667472,0.0,137.21456526835186,304166.0370348464,98.04738498662506,29123.189287442685,1.0457127799662138,52.38319890969496,0.5263440056117902,1.315451048277339
1595,1229.5350805794515,0.10229231721224119,0.0,107.2864445477764,304294.93152852176,97.75449739166761,29110.72213640345,1.0687079170690357,50.9571411544199,0.5181604857781482,1.2527454406327365
1596,1233.0490305852236,0.09511092350457206,0.0,117.58071142350042,304434.14768656093,97.8291318368767,29099.09484330997,1.0532964522107835,50.71548142788754,0.5130028589225204,0.08398887478608685
1597,1228.2587528758424,0.09455726999222913,0.0,106.73046661544998,304562.5858472104,97.94363763031708,29029.741383803874,1.0601641268976838,50.42577841343469,0.5177676332456851,0.06684963838831948
1598,1218.841038789436,0.10385364672578234,0.0,109.06045183987155,304693.2600505233,97.98872082703008,29017.268813936025,1.0540754510865422,50.100088756073504,0.5221197240834259,0.053211665256625906
1599,1218.9036467414398,0.10414884600609575,0.0,100.25970519261136,304814.9719246017,97.99690199894253,29004.279694832305,1.0406607786895417,49.72051948066123,0.5205496661136304,0.07608945064239947
1600,1220.070045487606,0.10042745429178246,0.0,123.32453222436308,304959.72605132137,97.58000407599756,28991.213376677224,1.043097889385681,49.78966551109849,0.5205646795800872,0.05021096935692526
1601,1229.5473561470524,0.09453953039460872,0.0,109.97829640934614,305091.1639283288,97.65748660353705,28979.162489080136,1.0343483061294967,49.236626709331475,0.5195475361202957,0.052894192050402467
1602,1232.7987925433624,0.09521000351717102,0.0,109.76863696420787,305222.45848380553,97.91219187733375,28965.865685077635,1.0516874317865652,49.20159818621302,0.5306215633178939,0.22106645656846524
1603,1236.3614487297305,0.0887859351059066,0.0,102.76062256998807,305346.7479561416,97.8120314900869,28954.41390287496,1.0502283915098232,48.61064688343375,0.529140787988601,0.23060251820761835
1604,1221.7188324468018,0.10043052366767713,0.0,103.13761355284234,305471.46537710214,97.77242473653955,28941.84731318001,1.0448073813872627,48.254064902711505,0.527300171595814,0.06929282587039154
1605,1222.6371533695963,0.09858732269024673,0.0,113.69270073002079,305606.6681851017,97.56831970590531,28928.494916689357,1.0491945319199594,48.556228390994946,0.526814718433891,1.1254764127706522
1606,1220.5257060397819,0.0982597106905565,0.0,108.92664152829869,305737.111812079,97.45639500458498,28916.12412671344,1.0480197978500536,48.34295300610576,0.525938222639417,1.3199107804881862
1607,1219.8049092480585,0.10028209609395844,0.0,112.67631698828203,305871.29126039834,97.11315549908578,28902.929358747188,1.0473355057546094,47.92333400224832,0.5290645523225939,0.06786183279390912
1608,1214.1730386731979,0.10339991585670405,0.0,110.96026224681123,306003.7156582189,97.18930281057737,28889.35283070577,1.0489850846923945,47.773945998161814,0.5284520803085894,1.1404414126018878
1609,1208.4870919446155,0.1110929490753354,0.0,114.66271891313318,306139.88451492734,97.07410172696129,28876.414458794232,1.0486613222846422,47.154653005380055,0.5275052301972373,0.08650432745513115
1610,1208.8976010668523,0.11407918091047375,0.0,117.76436559794897,306279.0255518352,96.817171269628,28864.06115362528,1.0549848249493543,46.958097838858464,0.5134696129616549,0.08053532432333554
1611,1205.2935810131478,0.11915368864055986,0.0,132.48255910415727,306432.81665799534,96.87161782353822,28850.656077750857,1.0479836641864242,46.76961848177696,0.513675609829866,0.06676627260205237
1612,1202.5738509865744,0.12174835399694617,0.0,129.1546859545631,306583.2545371513,96.9254648280337,28838.105337825808,1.0484107166488117,46.62162805331177,0.525236413521534,0.06498633443592894
1613,1197.8313944128886,0.12812157385610878,0.0,139.85315441719288,306744.32757817407,97.0115822598339,28826.499483165564,1.0390936582184025,46.455807596828066,0.5240197367073232,0.07460790499845871
1614,1193.8576832884858,0.1311757167138251,0.0,141.0068698686854,306906.43566937145,97.07626057228224,28814.225829042836,1.0528137389091543,46.315840121103115,0.5228056940111183,0.06404698838116474
1615,1191.2591075615674,0.13534501055567338,0.0,142.9193485708796,307070.42001922976,96.87375669019497,28801.22718173934,1.048963648264923,46.16269825283811,0.5216088600820916,0.06329894385670798
1616,1189.54353086536,0.13835603048816447,0.0,151.39602721954918,307242.810007603,97.18543444434712,28788.402334407587,1.0429708584632935,46.008274077473764,0.5204210514197771,0.05349030133004362
1617,1186.7240576106121,0.1407186741737213,0.0,150.68657425035073,307414.43394564267,96.76182244054829,28775.47488720188,1.0475475271185573,46.084937149061375,0.5192441024054325,0.07274043269673314
1618,1177.1149900811872,0.14596821417421557,0.0,154.73962893406582,307590.0912641161,97.05222727725435,28763.04375814528,1.0423504566123811,45.8066260329134,0.5181464313123738,0.08574725436967867
1619,1173.0094457522662,0.14808048664227969,0.0,153.78150159778454,307764.69977079495,97.04394715570201,28749.73496672823,1.0571721338134719,45.7639111328926,0.5170067410880569,0.05192360404683427
1620,1166.3642628490516,0.15192680400082215,0.0,163.4525963441486,307948.90360300563,97.06949831744227,28990.311232577224,1.0451178473001907,45.70757113300918,0.515900615851865,0.0652782588861669
1621,1166.0281098561627,0.15227172161760139,0.0,160.92446962242866,308130.50103196414,96.83973162630468,28976.82586870336,1.0466697376002772,45.67128144043849,0.5148273665250941,0.05176938478039972
1622,1167.8478974235854,0.15157345689139357,0.0,163.26862865340158,308314.41670739313,96.74862273296173,28963.673124031684,1.0463141599039414,45.62144845206198,0.513800078449124,0.05983403698979828
1623,1170.2640040761412,0.15105313901454975,0.0,162.4173162950872,308497.581134481,96.90787950935571,28951.26657964483,1.0451387362615745,45.578395471728065,0.5128054926866051,0.050895271095455996
1624,1169.2668998660452,0.15144083189318402,0.0,159.8698533087285,308678.1967405908,96.90587040061709,28938.860990721325,1.0492263500066923,45.77257052648547,0.511849313886147,0.05015396826117069
1625,1165.1077194362929,0.15368983530418134,0.0,153.8417602283964,308852.6731263932,96.76285403602873,28925.700528077883,1.0312543903918847,45.47509820398538,0.5110068336626585,0.0751387254324527
1626,1167.3919133674956,0.15440030425089357,0.0,169.262302211498,309042.5219165501,97.23515454583273,28912.801896862446,1.020147776341444,45.73527288595507,0.5100996205868908,0.05053564734096483
1627,1168.0110865260458,0.15349653291138032,0.0,163.40938944752222,309226.4717805258,96.81304859490754,28900.104474702286,1.0258704556718545,45.76612945527625,0.5093329259330786,0.061033693683540946
1628,1164.5121451958373,0.15520927536297235,0.0,144.950872364751,309391.9205364307,96.57159717340792,28886.544684765566,1.0172218708770295,45.483436132881664,0.5086122521543324,0.2936098583056719
1629,1168.0183056653566,0.15567398010725197,0.0,177.9152216743097,309590.2584144989,96.82239108807308,28873.119271491152,1.0194898948471194,45.956198644080715,0.5078412049829159,0.15405514507877172
1630,1157.8251696971124,0.15641947050867544,0.0,171.32746139903153,309782.0113682536,97.0297987854749,28860.72150174195,1.0311302691388367,45.519020218812194,0.5072599288725322,0.3309184647215204
1631,1160.4283205971733,0.15377457953298523,0.0,164.79621716301352,309967.1674200207,97.14903152334232,28847.14019077209,1.0321760012829613,45.78734140641875,0.5065661903843466,0.12067217074611847
1632,1153.5019565499717,0.1565038892761068,0.0,163.30329196312445,310150.85516500275,97.21911214365872,28833.61382428692,1.0301608384200298,45.03905278201209,0.505987055797951,0.05296760716235838
1633,1148.8519280746893,0.1580245054331607,0.0,168.1164433027215,310339.27543376555,97.56428527073392,28804.59829783739,1.0279335549905984,45.15633980010868,0.5051941270750717,0.3656946191648842
1634,1153.2433698522564,0.15506013854910627,0.0,160.6578954903667,310520.24283318484,97.22837055555,28791.214072714698,1.0342925825346494,45.47545461347981,0.5044932321856999,0.07176848628590449
1635,1146.8864894522237,0.15874837996249846,0.0,164.31841782502732,310704.9498536433,97.31777861188301,28777.825152934627,1.0395428831571807,44.98097484756353,0.5039169349474757,0.0653930433863934
1636,1153.282477986073,0.1556446801521204,0.0,163.8697676355517,310889.05538529804,97.42523722101785,28764.333970174197,1.0402590768526971,44.93080285148024,0.5032058079432913,0.07204628371731303
1637,1138.1074431896952,0.16153764698625084,0.0,168.63172670519552,311077.98411556403,97.3131373752137,28751.101000611296,1.033430094740542,44.95095963978977,0.5025119574848026,0.063582140491107
1638,1146.466347826556,0.15880084712690112,0.0,168.31040562967766,311266.4942590931,96.88214590327395,28737.625280182234,1.0344948029061125,44.91908933333366,0.5018626338376061,0.08208603312434093
1639,1141.5835807687279,0.1610551135938667,0.0,168.03084507279198,311454.76888603845,97.239617921833,28724.534132654542,1.0378071234537838,45.29841306673866,0.5012105315479942,0.05661484145089446
1640,1144.8511603118543,0.15959073844713556,0.0,169.06327420250932,311644.10135744966,96.8288681556041,28711.076244046242,1.0253228669438548,44.87267438829584,0.5007265190181972,0.07311934736948444
1641,1138.1210245403888,0.16260342010915763,0.0,164.8572965605238,311829.17809771776,96.73161642606742,28697.753275395105,1.0312039817143335,44.88576500435051,0.5001193595071465,0.053738245511596006
1642,1139.3684911988792,0.16210857421426716,0.0,172.54293024984858,312021.8894720384,96.85270371488177,28684.318585425473,1.0324478701193054,45.27970134538528,0.4995532761825138,0.05237529994317924
1643,1149.3006716552109,0.15748751472845568,0.0,167.7244804849554,312209.7997779697,96.8143304711557,28670.892819991484,1.036402658680025,44.979335751038136,0.4991487149450829,0.4915612978020789
1644,1132.3469085376382,0.1625973423289876,0.0,167.3596559088391,312397.39762298844,96.69367686640177,28657.59871498566,1.033244783683427,44.91003970353009,0.4986789936300406,0.09109017410430909
1645,1130.6738201116189,0.1640010324511182,0.0,170.48019177576256,312588.0899607751,96.5095351705971,28644.315937979463,1.0392499453509516,44.942913263878005,0.49818348894583975,0.061123290757905124
1646,1137.0093329536023,0.16094783111304567,0.0,172.12110615419215,312780.3319656954,96.76350049056387,28631.044594729385,1.029766026977556,44.94146227265139,0.4977332551345558,0.08011612336200358
1647,1140.1877189032125,0.1585579012552496,0.0,170.19866703402835,312970.70832645707,96.75547992330937,28617.661411269328,1.0284591113265402,44.99470228692789,0.4972999338420433,0.08318688011537745
1648,1137.779907781377,0.15888819149159394,0.0,165.1686975676717,313156.1487105848,96.4271073809574,28604.27727602458,1.040071702946169,45.008144640940046,0.4969057756600515,0.07540271103475504
1649,1144.3124476418773,0.15705529719442457,0.0,170.44138192885853,313346.81013509294,96.77805516633552,28590.901868640536,1.0312374624677891,45.59747952384083,0.49653868011580066,0.05820842419760197
1650,1141.1918768613905,0.1565095636914564,0.0,-283.196276507342,313083.8523397768,97.26459700468838,28825.679043560252,1.033531528477205,45.00003104193698,0.4963934371040435,0.08172263501073473
1651,1131.294084521007,0.16093145444719126,0.0,506.537587405464,313610.67776417825,96.5598092351174,28812.302087381762,1.013903374543983,44.814150611522805,0.49604831075063405,0.25176803428776395
1652,1172.9005313479252,0.11992401286292154,0.0,241.24657223003763,313872.04114860506,96.69783992320525,28799.98805712547,1.0244085815059611,45.19013465528443,0.49567475940528094,0.07297507311528761
1653,1169.2558432279743,0.11798606400127842,0.0,134.76147044766302,314027.5526583323,96.83830710090524,28789.164417682212,1.0182073677673344,45.49645385502886,0.4914398181960913,0.07015033064473641
1654,1148.3656979122393,0.14464976879700875,0.0,143.0616415007144,314191.325661696,97.21762443117116,28776.019717795007,1.0197423139395876,45.5492870592065,0.49554637748012836,0.06352385986367892
1655,1156.6292641001642,0.14202469093039793,0.0,157.85996024282454,314369.5384838642,97.13342165167855,28762.665872068683,1.0232855974167885,46.03161358116641,0.4954549552544655,0.09238729398798284
1656,1158.9516701294133,0.13938215431154333,0.0,151.30270486429635,314541.26610644005,96.87394498293718,28750.718625971298,1.0250689142397833,45.4638715041166,0.49552187610693316,0.07768282902105739
1657,1161.2469492137297,0.1405828892708635,0.0,151.61348460529518,314713.3547046763,96.88308595997022,28737.5630457607,1.022954613861529,45.96002615561869,0.4953995652284037,0.07686736117668147
1658,1150.7672472542376,0.14517882647526636,0.0,151.80183690489014,314885.62709373026,96.98896463940976,28725.047664335914,1.0305778879868714,45.40799521948306,0.4954506225100064,0.0763323005388088
1659,1154.1552216471775,0.14541560251201602,0.0,152.48117591410528,315058.47807150363,97.03321012942936,28711.794939439562,1.0314886452943943,45.910168299714314,0.49531430854974473,0.05483951037416546
1660,1147.0459177245198,0.14998366488080472,0.0,129.24712768767395,315208.09991694085,96.69349859882436,28682.132292101807,1.009157572960173,45.88017413022684,0.49536023949050834,0.05482142818509317
1661,1144.8155555473695,0.15411915005984722,0.0,169.21950356666767,315397.60337066394,96.72166746111591,28668.907167994294,1.0133465386932503,45.79949121878386,0.4953941724309026,0.14424871806244255
1662,1122.1406833063268,0.17104791408195963,0.0,176.8648762744735,315594.71182233293,97.32389122770157,28658.375721674514,1.0188272668797307,44.179610517734645,0.4954028811449723,0.5849326746710801
1663,1128.9808498222371,0.16617505060618654,0.0,179.27947589325643,315793.9115040602,97.63299006070045,28647.690192235455,1.0198997539130557,44.8120412610634,0.49487992412836945,0.05488547922517739
1664,1124.9956718544888,0.16593769768588862,0.0,171.59305070450503,315985.48772689427,97.55401503617921,28636.57015969326,1.022849653691413,44.17451014242583,0.4945805100655377,0.06941397019608075
1665,1137.155065595907,0.15572905877979004,0.0,166.15880813372195,316171.5952469584,97.44584847927274,28624.94569629671,1.0251477612023343,44.95220280044249,0.4940782202651607,0.09285356558598323
1666,1136.860598028836,0.15629876286822664,0.0,162.1917121960486,316353.93780976103,97.47780146723258,28611.56877897434,1.0211004274863251,44.73074879368487,0.4938557802508489,0.07500597843690571
1667,1131.1291774592298,0.1610042432889398,0.0,165.25979023355288,316539.3513377088,97.7889889601199,28599.700639316703,1.0180786953671874,44.229393512999295,0.493485841816313,0.055029169885230544
1668,1132.7148713204215,0.15936508230237512,0.0,165.6275796911645,316725.05542366183,97.72590675375737,28586.455945673264,1.0242215712125426,44.81010682440373,0.4931526871646895,0.05482415829446552
1669,1133.0754358386534,0.15909711518868075,0.0,164.70873592322835,316909.86489656195,97.27471380175878,28433.018148574818,1.0286368589641102,44.83464420697933,0.49294173970537924,0.054779622261023064
1670,1118.3546894544838,0.16464709088047946,0.0,154.27576797890967,317084.26578364347,97.50932302705469,28419.797185876978,1.0138720289015157,44.860022316290966,0.4927696828148164,0.054583312253569716
1671,1123.3277225701845,0.16419928171107345,0.0,178.41716825720073,317282.6804498689,97.48717115963088,28406.460065562405,1.014079253851896,44.694899959413206,0.49261530075702586,0.2746396303277123
1672,1126.1025583477112,0.1609435502128237,0.0,169.65505498100956,317472.38259415666,97.52461170561465,28393.157714194185,1.0205146779754057,44.64492051231929,0.49241478383058884,0.38098349371797724
1673,1133.6236072054985,0.15717476427990895,0.0,164.44060379562717,317656.8515309483,97.6324454684828,28381.787931681025,1.0208100604191446,44.46723978849501,0.4922189218309541,0.05561797093297116
1674,1128.6007712300623,0.15828670735396866,0.0,169.67355471837644,317846.6001205197,98.09250989042803,28368.501218163223,1.0214332402251998,45.02581578864726,0.4919613357627425,0.06108540323118916
1675,1122.4022997835161,0.15984374200305485,0.0,163.01212150115464,318029.6686578164,97.64022413660203,28357.042936839476,1.0240341569882003,44.563615665148745,0.49190307616480894,0.09016276728750938
1676,1121.4271732610182,0.16061082068446053,0.0,162.90460867495474,318212.60782048124,97.3010395279976,28343.91493565465,1.0196940992010075,44.88392311669283,0.4916843587635332,0.23948436547777874
1677,1127.6366125951122,0.1581414724701966,0.0,162.8079487846681,318395.4275341642,97.27755217022346,28331.090341106756,1.0276470579513688,45.022542524867596,0.4915963270985379,0.08802292939003564
1678,1124.2883327907134,0.15907618523679445,0.0,162.72323772928948,318578.20527061407,97.37494550191587,28318.326980055685,1.0167304705281368,44.51386846634914,0.49154863227657386,0.08682877451634852
1679,1125.1791754231617,0.15779505187473575,0.0,164.9250278341857,318763.1613213467,97.22906676646438,28305.41983879252,1.0152659207001007,44.74146635075138,0.4913333483217513,0.4289348552355108
1680,1124.2442710579467,0.157361881190484,0.0,160.63812507630726,318943.87224811455,97.34493526861357,28293.262915120886,1.023433996561758,44.59057988514405,0.49119564728777015,0.07213432211847248
1681,1128.3073877819427,0.15562229826740548,0.0,157.44168010962187,319121.3611630044,96.99369245314136,28280.34317441212,1.0206180463255472,44.59340496680793,0.49100952617020716,0.0773396834839275
1682,1125.496682490747,0.15668376971584463,0.0,157.73398669165908,319299.1629102457,96.93945203250799,28267.43701869116,1.0204494494127034,45.11779363945652,0.49085221294351844,0.05475240280679827
1683,1132.0957452655687,0.15435657704791161,0.0,161.3741861044942,319480.6289659627,97.07557354344908,28254.66463849411,1.020843034800417,45.8411461404915,0.4908860467591431,0.32294020638860843
1684,1132.515206811597,0.15347366400842744,0.0,162.7258299267179,319663.4853495772,97.06256401354668,28242.556353044976,1.017281732747296,45.5814707580096,0.49117125826991626,0.05559178796437436
1685,1121.4649904948164,0.16324507119803922,0.0,162.42766206643677,319846.04653207585,97.49959165094802,28229.818483798157,1.019436891251785,42.5654703161414,0.49134527279733065,0.05550975678707459
1686,1115.9747994158338,0.182745043620145,0.0,174.04002037887327,320040.124165148,97.4271842261531,28216.916414736694,1.0243313752168406,42.67717889756909,0.4904983888736108,1.0177025849785934
1687,1090.8367355459782,0.2021376919165211,0.0,185.49450202711947,320245.5433080574,96.88242549426407,28203.764839520172,1.024754030850172,42.61079744113923,0.4897599489110376,0.05606179636360764
1688,1121.8572423786923,0.1731367311409049,0.0,186.2893590553389,320451.5548293423,97.06743849435843,28220.888618087713,1.024106096048094,43.718803255100894,0.48900882224288195,0.05511067897371902
1689,1119.377719781246,0.17564226494600077,0.0,185.3139730542122,320657.4223735446,97.61228093407752,28228.553216687855,1.0380401925529485,43.85694677282983,0.48866831639518443,0.05620535536199611
1690,1114.543620721454,0.17549969375262087,0.0,182.92173399014135,320860.7695429307,97.41928871079315,28234.495870870065,1.0341145033882762,43.9531418711261,0.48839150947807547,0.05629653144474389
1691,1107.5617524421948,0.17671285058937747,0.0,186.0766307129035,321067.2755501176,97.39141669826785,28236.162611645083,1.0354788129455066,44.07457816687692,0.4881614089457546,0.055320247353904506
1692,1108.50096871444,0.1746080125014221,0.0,182.47135154352208,321270.11816734984,97.39060435473215,28238.253460753887,1.0290144078198058,44.183309070151736,0.48798445507920285,0.056124944095756746
1693,1117.8653995025686,0.16791266898612833,0.0,184.13387968788413,321474.6557068123,97.47990229807806,28238.55428850393,1.0395988478706222,44.28886271313284,0.48785317517079013,0.0565468021149087
1694,1115.016332196383,0.16846456884924177,0.0,175.89555964394475,321671.0316785784,97.30609611246354,28235.83336816131,1.039708803191902,44.39768021590885,0.48776431468227144,0.056407895161925126
1695,1115.45884954139,0.16927675102230832,0.0,174.90825689631998,321866.39942563616,97.57668256236134,28237.121160989755,1.0320020591368586,44.45877293539282,0.4877169977767654,0.05642561962213222
1696,1109.8210713314845,0.18060745876536755,0.0,181.47400418706874,322068.3327256287,97.85827364598542,28224.59346465066,1.0328009538415674,43.78971542038317,0.4876930598795663,0.05642904302570173
1697,1102.4649422906216,0.18599815225675276,0.0,187.21459581323862,322275.73640697496,98.09378610729532,28211.68852409517,1.0367857589159954,43.63303232005704,0.4874461878170508,0.05586197021727912
1698,1102.6174743624424,0.18439358403487427,0.0,185.8286125101862,322481.47675977764,98.02992660034175,28198.89390724662,1.0303436214299655,43.99951844971031,0.48715981625405463,0.05548191833436533
1699,1107.2070826705867,0.17890225881916866,0.0,171.88539003524488,322673.32196085923,97.53757578786072,28186.224798500894,1.0338102426343867,43.78662201328851,0.48701153183479395,0.36009919591747064
1700,1102.843170793777,0.18120016345604395,0.0,187.3968967700032,322880.69583511754,97.81366290323705,28175.38765043068,1.0310445534217267,43.48480219090944,0.48681094409542913,0.05636965648294279
1701,1109.4319135664105,0.17491020903324817,0.0,190.82842053760422,323091.5578329628,97.8135651969812,28162.75438327488,1.0250404697667101,43.885462249176236,0.48650812964065854,0.056688067409154996
1702,1115.261824233931,0.17123196519195483,0.0,176.55048298759488,323288.24623354134,97.73967445639194,28149.53687501026,1.036830180684963,44.25398839997412,0.48635550524981846,0.32341526119869
1703,1112.750532696167,0.17057704587441147,0.0,177.2667999990322,323485.6086545316,97.83988022018215,28137.740882936047,1.0294499672367812,44.09106534259728,0.486345327324061,0.05644588729708744
1704,1115.2104038648622,0.16776425007850937,0.0,176.29212540161623,323682.0370532895,97.9591323122968,28124.945861209402,1.029181959606298,44.41037421234449,0.4862709830093332,0.05584110058508429
1705,1115.2254037152748,0.17159576264720966,0.0,176.8420603922558,323879.0280911283,97.94522939861463,28111.9026783415,1.0329226804428173,43.36928550496116,0.48630827252502073,0.05665009053045367
1706,1102.3325751219618,0.17970460367124375,0.0,177.39273830233347,324076.6836438489,97.88491567739759,28099.044894789484,1.0328766644575844,43.225142240537394,0.4859944107120085,0.2635754118367828
1707,1092.3789423870371,0.18518763826403806,0.0,181.52835397744556,324278.2681049981,97.57657237469876,28086.13369446076,1.0341130056871541,43.49015638562393,0.48565655664275353,0.05650324155051578
1708,1089.8736098844445,0.19395259779422014,0.0,189.88906868810093,324488.0886776133,97.60850457773924,28074.031144237062,1.0267384435948923,43.08504679347551,0.48541716298562265,0.056005289803891856
1709,1084.8853084692569,0.1971689719308939,0.0,200.24465523481325,324708.21056497155,97.65319300366292,28061.4662915156,1.0328787365690362,43.554576479731935,0.48505448964479214,0.283960351398278
1710,1083.0280809154438,0.19436810875836075,0.0,201.19854642429607,324929.19366325106,97.64137612504697,28425.398527057765,1.0341419147862239,43.65055395515735,0.48485738749766627,0.056278415361418865
1711,1084.593985728895,0.1898702787602895,0.0,198.13069144484325,325147.13195113244,97.58109069074814,28412.519159809166,1.0405496666698253,43.84604538991007,0.48469414070903405,0.05647343088227785
1712,1093.8784276434244,0.18417861237117117,0.0,190.40365746499003,325357.405172404,97.3149189097395,28401.64030905877,1.0374196574405028,43.794984881362616,0.48460522212444834,0.05636165559005235
1713,1095.582219153755,0.18201863557013342,0.0,192.5280967164384,325569.9200923757,97.46670598002078,28390.499161301042,1.043529197849737,43.918960369957745,0.4845041994806938,0.05661104104299852
1714,1101.6717408026932,0.17753936099510625,0.0,185.2263358415926,325775.12204905663,97.46485094620114,28377.66744523171,1.0406610672378693,44.288931483725634,0.48445034173837664,0.28677516825857197
1715,1099.8910077453847,0.17729919246029846,0.0,185.16839091451092,325980.39842730464,97.63290754452412,28364.616953735433,1.041884976063394,44.21696049629362,0.48453273283857834,0.16442924906286294
1716,1102.6332887191195,0.17402903191688723,0.0,180.4191112504663,326180.8949527073,97.60522279409759,28351.74424948366,1.040064785032616,44.436130749195705,0.4845825802904633,0.05632302882457907
1717,1100.7176024278829,0.17360109061692586,0.0,159.96316532663252,326360.99055237253,97.26011173334949,28339.201981746966,1.0041501558250592,44.000266724747476,0.4847195879960677,0.05633221439620684
1718,1104.6088621355852,0.1724670463040091,0.0,187.9651773214701,326569.1045199893,97.58625782076274,28327.79856509139,1.0217468729556953,44.44279676664807,0.48470386244410746,0.05684298367026486
1719,1106.9634129671056,0.16811543359620718,0.0,181.7037232775409,326770.90553351043,97.52459095273827,28306.68893559429,1.027196005172145,44.302161347203764,0.4848378613922092,0.05640169283262253
1720,1110.3874232284172,0.16438658636420667,0.0,175.1823574663517,326966.26963126566,97.41540503282584,28293.81509817011,1.0379410008121548,45.204266545658776,0.48491852569190247,0.05687594316637501
1721,1115.1532261209193,0.16162161922656637,0.0,171.27121776584747,327157.70973746927,97.14845652079555,28281.140352976618,1.0405723300691345,45.25875220025208,0.4852983539873919,0.056481058311263155
1722,1123.1291839923617,0.15502319000327214,0.0,167.46211803982132,327345.4545860092,97.04399697692523,28268.820549015334,1.0361965178088148,45.30778578239462,0.4856583522666995,0.0569625533166942
1723,1124.4573532731208,0.11383885593579213,0.0,143.9016430202448,327509.8751367178,96.97921197466874,28288.93750177074,1.0374304791815085,45.33822650473811,0.4860170047580661,0.05682608007130341
1724,1118.5040090902608,0.13836703941431872,0.0,139.9658228088345,327671.2322255908,97.25530399568497,28291.99606399183,1.038343400491971,44.92786242383973,0.48636831185603985,0.05701870595656544
1725,1119.4033154256954,0.14535089215967478,0.0,146.41400351398428,327838.64063457085,97.01728163780157,28290.06223705257,1.029016408985973,44.50473112337238,0.48656454326086024,0.056985688834728876
1726,1117.9437189645798,0.15640612463763492,0.0,162.81151747949443,328022.33866710425,97.32911226286626,28280.401532856587,1.0271752681987982,44.61668934602378,0.4866092921478345,0.41140300319086975
1727,1111.7986889457231,0.16056973338197578,0.0,165.83835865454517,328208.6756611801,97.30635273460824,28267.96316530935,1.0294661798485165,44.66478051947396,0.48669884793921886,0.05691901716772918
1728,1123.294064585292,0.15448499009798466,0.0,165.8525929056322,328394.7887153684,97.40244527552946,28255.54423679479,1.0296903168871652,45.10102854964155,0.486791448000383,0.05723828084474292
1729,1118.493141752307,0.15680759030247027,0.0,159.72960628902092,328574.97927908995,97.18175362254212,28242.703480042237,1.0364898070106288,45.05805558700168,0.4870262006680171,0.05702762343513257
1730,1124.1779251858345,0.15476961301226688,0.0,165.14002483284324,328760.49822541885,97.30440875487555,28229.637770374553,1.0363238370059462,45.4890763235137,0.4872351990132471,0.10733397146645984
1731,1114.730475548929,0.15842780980732196,0.0,164.12903399990566,328945.0544542894,97.32084238660121,28216.809751799785,1.0291872545647391,45.20743373125393,0.487580850430045,0.0658581992596936
1732,1119.319774125882,0.15654057955914802,0.0,163.22146301540968,329128.58790731267,97.24252543664393,28064.06697767476,1.0326442213136922,44.90866797982016,0.48781027577641184,0.2618697821600904
1733,1120.7745486726078,0.15337500663014103,0.0,159.44277852564375,329308.3920039789,97.43502857516626,28051.29809720078,1.0346920261803267,45.125331744952554,0.4879582779697133,0.05675110061240218
1734,1116.2971591692935,0.1558774067252252,0.0,164.7517723847356,329493.5919065761,97.57600477785371,28038.233725347374,1.034420747370448,45.16157872078415,0.48816422298337053,0.057328068741881566
1735,1119.665905482409,0.1537420578564228,0.0,158.23220986860505,329672.11660602153,97.35147118067803,28025.21383217352,1.0253864877169012,45.2329175760439,0.4883721984262468,0.05687131761663977
1736,1116.5564389544854,0.15189703633246177,0.0,161.872761149355,329854.34390667157,97.50989926735275,28012.200049528587,1.0261091190960598,44.52669715292612,0.48859418533376586,0.5415979033127769
1737,1117.6261191901906,0.1515675595731779,0.0,161.19738122652396,330035.9681386775,97.65560468808675,27999.31210162371,1.0271854587660214,45.072993825065794,0.48858666677977297,0.07531397456563127
1738,1120.5136827666502,0.1503502246243511,0.0,154.7826474140906,330211.15675107355,97.37567484942495,27986.681994237344,1.031197688252383,43.362742156121044,0.4887455131793155,0.07550172159946555
1739,1105.4234387317204,0.17179072645053628,0.0,162.44455947958176,330393.98353125044,97.7642701013124,27973.942958061834,1.0325137504428414,42.54529339803348,0.48831639224838497,0.08009392669717386
1740,1098.4049430290647,0.18442974070284746,0.0,184.9713579373341,330599.1803702046,98.15239424296259,28436.603263665216,1.034968878225923,42.58437211146068,0.4876334954282016,0.05717217889910842
1741,1101.1816031662956,0.1875267048584146,0.0,185.21206451081505,330804.5527188364,97.85803375854175,28423.637145875095,1.0261545747972884,43.14259583252597,0.4870053801545279,0.4528971033753493
1742,1095.6249907408544,0.1925415598032053,0.0,196.06178540561203,331020.7690346498,97.92927259531125,28410.663868580898,1.0344599185508856,43.82852142993155,0.4866121186609223,0.05640999592476703
1743,1088.056325988962,0.1943218800487706,0.0,191.6706543183109,331232.51425162505,97.42130708555192,28397.76614186945,1.0363099217372247,43.860839944931215,0.48645424222950284,0.056854933058843926
1744,1087.3859323195272,0.19217461244152678,0.0,197.53373246837137,331449.99871365534,97.8518392456935,28384.653729729787,1.026254502272386,43.106709419356875,0.48631548116006684,0.14032060009695613
1745,1092.3358451333131,0.18580916133599723,0.0,193.53772018357486,331663.5036114057,97.64284621177603,28371.708179338162,1.03068122143701,43.40459642021381,0.4859342883986729,0.05693229492327134
1746,1092.9301473004264,0.1800979619001719,0.0,190.6694304661304,331874.26227965683,97.43667640699363,28358.768284607708,1.0372955194577769,43.43330739407959,0.4856694142479333,0.057195864822489284
1747,1106.6375953208328,0.17275965157949946,0.0,181.27893353737164,332075.760966814,97.42192413217292,28345.811761252466,1.0403740638079058,43.49666361627479,0.48542790394374336,0.056960709487128725
1748,1116.6176670515863,0.16499005297303504,0.0,165.77907619828784,332261.86324557423,97.46361232677619,28332.823789095724,1.0060240388559651,44.572566314976804,0.4852203629854373,0.5305385216197038
1749,1112.4284301753228,0.16523172705033728,0.0,181.06252508874593,332463.3613970241,97.46704109617563,28319.903226198963,1.0223093255949924,44.67814657739585,0.48540310541791354,0.05706540216129952
1750,1113.5789493665377,0.1657857031236557,0.0,174.49790973281566,332658.3121951049,97.73056169933305,28306.92646494081,1.0241658220719025,44.740047927992705,0.4855942946226487,0.05668322286619798
1751,1106.9162029439312,0.16506969086208334,0.0,172.39170006582876,332851.1030081905,97.7945512175361,28293.873704743786,1.0257299180528547,44.34500687243293,0.48579718641624536,0.05669420477002518
1752,1106.8732798121698,0.16475011765125913,0.0,172.0920693811955,333043.60941034585,97.62591375457865,28280.748630028877,1.035716162589626,44.054615374636725,0.48585765632935807,0.4250521616255156
1753,1109.2302453631,0.16337378399870883,0.0,166.8757069309569,333230.8653607928,97.58975038946178,28267.596837273373,1.0385289501300636,44.32940292086882,0.48583201096360284,0.22702698590467207
1754,1107.9806532589769,0.16135661236485854,0.0,168.81621628463978,333420.0616801776,97.59557890311635,28254.451578417295,1.0298548386802995,44.26053063343827,0.48589261797507105,0.30022765570272725
1755,1118.5618780069356,0.15593922755286882,0.0,163.2988299102744,333603.84421841457,97.30895191793522,28241.43087513664,1.0350924164935267,44.569390299246464,0.4859303437735468,0.057136109546362945
1756,1116.470234585115,0.15487229731183427,0.0,163.93450880732942,333788.34742539824,97.22068743629491,28228.306122932456,1.0321271849063698,44.66963589096684,0.4860609391687159,0.05682861125121974
1757,1109.718061542869,0.15764613087378276,0.0,160.16147252592356,333969.12246796244,97.19387733635364,28215.23464983104,1.0395220878970899,43.80667101299244,0.4862191252914869,0.418366436271981
1758,1115.747985119565,0.1554618448920777,0.0,163.4729650678802,334153.1443812873,97.25834983988304,28202.492748464567,1.0304189258132215,44.18027800175575,0.4861132657385152,0.05714636470212042
1759,1125.7667909316785,0.14766359439878096,0.0,159.75273989703285,334333.5007454612,97.10953507892258,28189.71383966983,1.030555524697774,44.13315782452357,0.48612480807516223,0.13343886113518977
1760,1124.4393010924825,0.14882674290458509,0.0,142.28741792843837,334496.5606859273,96.82651189032387,28176.958031850336,0.9851593007517434,44.22067956089384,0.48612320082248905,0.05722682662097611
1761,1122.3617273568098,0.15127512325777515,0.0,163.4656539227298,334680.6907431319,96.64860884606998,28164.20750461917,1.020737007869268,44.36735132993985,0.48614861475693205,0.06871288172378343
1762,1125.814602494572,0.14793973777174463,0.0,160.69213212026358,334862.01975028095,96.8954380056659,28151.371673308753,1.0350788236872084,45.04475926015853,0.48621899209144454,0.06411254330221539
1763,1125.2111058516182,0.1484607482758774,0.0,152.2631180348935,335034.9711166863,96.87781554072058,28138.513807152893,1.017512677398867,44.39100963500731,0.48651503405945873,0.06829322107140001
1764,1121.8470511029336,0.14874567150724394,0.0,157.13567320529813,335212.7830811149,97.06540424246285,28125.211191215927,1.0248591264172546,45.102514080285886,0.4865758276578451,0.05889524215959341
1765,1127.393647520226,0.14550988096471784,0.0,153.62716469632798,335387.0559353712,97.1553676565598,28112.205119446295,1.0215080565972914,45.707912090634025,0.48687563364626024,0.08119058440274785
1766,1120.5605331907918,0.14895302777466246,0.0,152.69143341099647,335560.43016254687,97.07792143214867,28099.334931011515,1.0260235652516971,45.60203707225761,0.4873573446177852,0.07179116544472208
1767,1125.7215803053216,0.1441685524065438,0.0,152.59189378991368,335733.61257897015,97.79014107534964,28086.295042914724,1.0234340235663293,45.564663248716414,0.48778240422107905,0.06232549936913756
1768,1119.433590645123,0.14595047351611634,0.0,150.03212056359885,335904.27740884444,97.8887685835348,28073.261260305226,1.023017843729357,44.75147814033285,0.4881766777895908,0.5103532490183511
1769,1119.0951336602384,0.1456748679409544,0.0,149.58829714044413,336074.4398212653,97.87198232666677,28060.345027977208,1.0229080941550364,45.03421115628953,0.48829192937905586,0.08187958669233808
1770,1131.404388904861,0.13863565917142984,0.0,-660.6378445764337,335434.4324738058,97.6105418271342,28847.01554881182,1.0168460152283723,45.202432330701626,0.4884772798219255,0.057430539527445035
1771,1125.0838283001558,0.1438831069064217,0.0,762.9791728301022,336218.1755451048,96.57965099111452,28833.792928606243,1.0031962202174844,45.22387914729771,0.488717392762581,0.0769138497746269
1772,1160.3793861597755,0.10003253713864346,0.0,289.11533523284595,336528.0264249563,96.91112465672283,28820.567885303426,1.024526647775078,49.09337945325804,0.48894715856267373,0.4959301485620671
1773,1170.8700287307915,0.08835718245181634,0.0,147.38991997361813,336696.86965249415,97.63318292980908,28807.34016118167,1.0199778801222195,48.93766236690831,0.4893553751233838,1.2467285124997431
1774,1157.6603155658545,0.09477668376270576,0.0,97.30568390696556,336815.78672814753,97.59101784078041,28794.177327650857,1.024825985739701,48.757244445189706,0.4907043285396521,0.6699515617559939
1775,1160.6251265104174,0.08776084586906863,0.0,96.7629955874799,336934.0283767462,97.82315989002602,28780.96841710813,1.0204216659527001,48.38434661775974,0.4917947608018232,0.6439726282548293
1776,1163.2739328069927,0.09267933369117232,0.0,77.19515961949301,337032.7294149691,97.89599598347385,28767.767993459485,1.013075948808982,49.41870200470622,0.49144049325602795,0.08229848885814306
1777,1149.6773948903801,0.11160514949705469,0.0,113.94817096169879,337168.1043052932,97.8748368634812,28754.527379078194,1.0163911232232197,48.60179040543137,0.4953528008531471,0.07135438273780892
1778,1145.5703333092208,0.11100686281971661,0.0,122.87366609618269,337312.2475653039,97.70362511166859,28741.216878380837,1.0111809676068866,48.47296658484699,0.49581648940820466,0.08690605930092943
1779,1154.6619820678438,0.1148329446453179,0.0,122.23590449227774,337455.8080399531,97.80611348981932,28727.986837764805,1.017791282345708,47.95034108003207,0.49809141214085356,0.06151713032936357
1780,1156.5586127663946,0.1111560262633633,0.0,127.04587217809947,337604.1233747762,97.82084284964296,28714.606273110465,1.0286750696084854,48.25907406354462,0.49817893989234324,0.09726935478292376
1781,1150.7550304722731,0.11306751956369743,0.0,119.08890646317019,337744.5101661089,97.94173866149751,28701.263247393672,1.0251627239549121,47.244850017419836,0.49940948678140334,0.3925257639993873
1782,1153.1856192169446,0.10786080398253561,0.0,123.30614684867882,337889.07441587077,98.09502516395271,28687.899110666673,1.0257993469677045,47.32678339455043,0.4999836142613184,0.07039583471296851
1783,1141.8921190238857,0.10467692294292019,0.0,114.32372002691793,338024.8526430272,98.28773558710758,28674.54340323209,1.0246841870325822,48.31636574863427,0.5003750777302531,1.3823808073862835
1784,1182.8868475886075,0.1051314961389932,0.0,113.20160873358944,338159.26345713023,98.27727520379216,28661.229789405294,1.0211670927141188,47.868455520967785,0.5011242906905962,1.0176387380126357
1785,1163.6377312145503,0.11158200500405169,0.0,116.67994905272849,338297.44053314865,98.19541695165154,28648.09050245857,1.021152630199231,46.55842632727705,0.5016721676613569,0.9733219747620723
1786,1162.0685859841874,0.11499040246915315,0.0,123.32369817494688,338442.2132221417,98.17761994216195,28634.755440528428,1.0213596767770534,45.86552212285593,0.5017543502299977,0.995258642225437
1787,1169.6622375937293,0.11425866059798084,0.0,122.27397062330695,338586.0214130797,98.11290357121476,28621.42861471674,1.024755120630044,45.932918088395866,0.5015950460228695,1.3776781010755172
1788,1169.163927047929,0.11532127430867778,0.0,125.7335995228658,338733.2993982912,97.77847738461179,28608.264269031657,1.012688684030841,46.25549566830401,0.5014809205462051,1.1981661813171058
1789,1149.1877160134982,0.12534109635734525,0.0,127.45494517146503,338882.2945947348,97.83444586606643,28594.95082143582,1.014785200788389,45.61029488528375,0.5014626738007848,1.0236335341595009
1790,1138.2552555287941,0.1318575299918474,0.0,124.50061048722904,339028.17762762005,97.76803546126979,28581.643424962775,1.0160620401740796,44.780761373047085,0.5012319414986445,1.0406645882788013
1791,1154.0987709454657,0.12873905767129612,0.0,140.38947187323419,339189.7906658895,97.68794670938989,28548.467511567596,1.0118656286088499,44.83475528373318,0.5007432563443776,1.7216758699687773
1792,1134.8397184876658,0.1396877353190732,0.0,142.97463771018212,339354.0494871228,97.98564450824684,28535.180131234778,1.0076248097063758,45.35378658892204,0.5003174561483116,1.0404490568499227
1793,1159.740313098283,0.12854861744272172,0.0,144.18017352565153,339519.17648470844,98.14025342884729,28521.895758574658,1.0218378300722275,46.522435771057026,0.5000629589043973,1.4928331670939912
1794,1157.5200046790249,0.12930759311420725,0.0,141.68570523540853,339682.06698137027,98.07296855315192,28508.61750943677,1.0150166194890313,45.683746987497294,0.5002295217610482,0.5367687106482606
1795,1156.9737974732,0.12857948034913436,0.0,136.7866775299461,339840.0451667884,97.7219448772346,28495.347232727454,1.0187936689454742,45.21988531329111,0.5000697868446319,0.6974130143199062
1796,1149.0639927011212,0.1315901039229994,0.0,135.6210851579285,339996.89732381736,97.58546696541467,28481.963398558142,1.010085792749162,45.88006515499228,0.49977396722819406,0.18147872559504208
1797,1131.8946540039067,0.1387771000596275,0.0,140.14613136468063,340158.2416010916,97.28236468391313,28468.802448160943,1.0072452915813235,44.94354210747106,0.49968925865661207,0.08100564729629411
1798,1130.2984197475153,0.13977640875039088,0.0,144.9701041460197,340324.2382675241,97.38868062361628,28455.615030206045,1.0151459613327671,44.92453670534938,0.4992919820510573,0.0748690622011452
1799,1133.1528978017186,0.139519605782487,0.0,131.30246265034268,340476.5346393454,97.23089673957911,28442.27927917876,0.998905621760551,45.2389912216945,0.4989103061913398,0.3447476441282902
1800,1125.057878887767,0.14777851958829524,0.0,-239.42251479962863,340258.01813784544,97.11537038110372,29407.91812349379,1.0033156905296488,44.10610744389889,0.4986426122804431,0.07575308098400058
1801,1135.893303006034,0.14434111970003882,0.0,455.6130582529736,340734.5158040831,96.302273438335,29394.157219557106,0.9880118900219684,45.591632116645144,0.4979992921452534,0.08602241333377947
1802,1165.1470568386676,0.1168240130084679,0.0,219.7238455412152,340975.1979592042,96.72026287293826,29380.252148027168,1.0071514748622066,46.920296737522484,0.4978842471305117,0.9328085897824252
1803,1162.6604238000546,0.11297234092975417,0.0,145.0007055512736,341141.51486502006,97.02746280543029,29366.660126493145,0.9998436323708381,47.03580704711547,0.49825586105175274,0.08033580699611775
1804,1170.7951343525501,0.1042513947435133,0.0,114.54662226639385,341277.4126008208,96.88509956209425,29352.802165301637,1.0060952741936051,46.74933025387401,0.49861462477698315,0.23963169370284731
1805,1162.8423317846416,0.11031670989323805,0.0,117.49567738942375,341416.47606035485,96.84667293117103,29338.92191650587,1.0070976467762613,47.16448414909976,0.4988631972979009,0.08361454231020105
1806,1161.650756100783,0.11326316939147829,0.0,116.47994185212886,341554.4356090691,97.03785699227076,29325.050055037234,1.012161774193697,45.99127023459059,0.49923382085344353,0.06432947803750722
1807,1174.8824681623184,0.11159791063305691,0.0,128.1014289661191,341703.9655100759,97.22472269387124,29311.18657460816,1.0028511981550288,46.01217734095832,0.4991977315355277,0.557159177143518
1808,1159.370258513091,0.11852787516243446,0.0,119.31022569396333,341844.74597794714,97.0438753629716,29297.365133540574,1.0081083395412294,46.39092108374307,0.4991825000496925,0.9428136536497362
1809,1154.5547033710786,0.12309603074273057,0.0,125.9928088856764,341992.0792008174,96.93818579079387,29283.52424196235,1.011717593255997,45.63518235442726,0.4993135516870951,0.09903123308063755
1810,1161.4439632615629,0.12278609196597634,0.0,128.05042368899058,342141.3825414657,97.07581402419444,29269.69319156439,1.0137226311167202,45.52811216601045,0.49914377298929385,0.07013314934837922
1811,1164.9154151129624,0.12384002099359936,0.0,132.61124284170157,342295.2577046582,97.17619813349074,29255.869870693565,1.0087581593404227,46.148335051633346,0.49895532649922747,0.5159872422076859
1812,1157.7136415472223,0.12832607046106603,0.0,135.87795245796522,342452.3889222116,97.32227837658606,29242.054620950603,1.005245486214054,45.56230449434034,0.4989957182615198,0.5550067758544373
1813,1161.4675002118142,0.12678049340162234,0.0,134.82443688296567,342608.38408906304,97.18806378729454,29228.89764297154,1.0017315080576734,46.28635128554422,0.4988384354680009,0.641178020332319
1814,1163.9459495767812,0.1268475683539909,0.0,132.3427295722242,342761.9010546588,97.18215338972493,29215.744900014583,1.0080359170410516,47.121766588901025,0.4989345362389353,0.07898638138024694
1815,1148.7517542779985,0.13385299807349704,0.0,139.70796786030712,342922.7766597121,97.4991026447904,29202.59935693675,1.009087465128779,45.41179402840166,0.49928938265505945,0.06665822416682943
1816,1154.2595880426804,0.13356131729642473,0.0,144.2414243101383,343088.0656178687,97.66789706445287,29189.568137613078,1.0051684681862896,46.5738288741552,0.4990560298266953,0.5462940670958432
1817,1156.5927889192335,0.13320640330102074,0.0,138.43387840552677,343247.5470849513,97.47000473084977,29176.54207854132,1.003823660615987,45.585712435346494,0.4992369964169849,0.09670229010612275
1818,1145.07813073074,0.13773227108807984,0.0,138.16006432100795,343406.7382542483,97.34064772886668,29163.52144991658,1.0087251568849034,44.98868769397713,0.49905592818636263,0.3238805076357778
1819,1145.0440484109192,0.13768346046367352,0.0,146.8490818089154,343574.5223932632,97.61759957964314,29150.50647407848,1.000919832195283,45.87189856687689,0.4986936403418707,0.5283944287705964
1820,1142.7847187912334,0.1382733116474103,0.0,143.8969375312641,343739.3467019608,97.72045259925856,29137.496567520888,1.0064224243992808,46.89177815301661,0.4986567986395252,0.08167340804587297
1821,1144.1802584074312,0.13790794548592133,0.0,142.43379485434184,343902.68256219535,97.49501107941353,29124.490793314035,1.0079380355455283,45.525360456370954,0.49894824436189145,0.07873115802436814
1822,1134.1379775700111,0.14205640586113666,0.0,144.05571958741157,344067.63312548667,97.30396383637955,29111.489597043357,1.0025997456154438,45.39094097157154,0.49876724337375306,0.06346260649779367
1823,1130.040495405855,0.14336486691660355,0.0,147.88932237871634,344236.3436691488,97.65762396788111,29098.494381557146,1.0026593281622846,45.394949016185315,0.49855491012921366,0.0777116989498694
1824,1144.8978908082968,0.1377155117006854,0.0,144.2557524447531,344401.38922323036,97.36038518517488,29085.632093851633,1.0039172809214763,45.38071579183537,0.4983505246122027,0.5509848575619998
1825,1155.5101712799546,0.13253538973200685,0.0,143.06474132136756,344565.32191074704,97.95424200741208,29072.83107996006,1.0046032423500288,45.82995357018636,0.49816986755581144,0.07895879494871849
1826,1148.8259037735768,0.1341002904964943,0.0,135.9261612856754,344722.1765565886,98.00535192093163,29060.071120321503,1.0024061824862085,46.09912262977817,0.4981307875408817,0.7733130886661002
1827,1144.0800226711933,0.13663187032317925,0.0,142.78268903223002,344885.83322465554,98.03855884197796,29047.331040278757,1.0091953412963097,46.56708264522588,0.49820660690535484,0.27878303459974063
1828,1156.6233100359414,0.13237807863947681,0.0,139.4767926257249,345046.1387734144,98.03714496438215,29034.61537945897,0.9983655367914911,46.86323333859484,0.49841649059586673,0.7421627457232489
1829,1161.0290077727789,0.1266400935038523,0.0,130.99051906933454,345198.0793623677,97.5992371596756,29021.938999869806,1.0052001269733812,46.123314296217785,0.49873179591603445,1.6817112681046211
1830,1134.189545767237,0.14006650869860704,0.0,137.27174705747362,345383.41201324406,97.43704841987811,29194.128721235564,1.0104360850150838,45.73184357194718,0.4987249647476758,0.07363321120710964
1831,1142.7115489036569,0.1263532717298378,0.0,141.25726825280478,345545.4748739553,97.52043900439247,29196.605790782312,1.0105316442484251,45.38006998588113,0.49852888762052416,0.06627038954262332
1832,1160.2679301203334,0.11894201045980268,0.0,132.09016160117847,345698.79093952384,97.44599936786238,29195.157572412463,1.0055951919381123,46.28944507838278,0.49822691600284574,0.08259311258167656
1833,1148.1008662896047,0.1252319162746912,0.0,129.9789547766236,345850.0737052106,97.78410495449229,29191.95221596742,1.003116061317841,45.29534512895307,0.4982407623221577,0.0579960936031938
1834,1153.7117725888306,0.12521674072440248,0.0,132.38344280682776,346003.6510493287,97.79697853692984,29187.313571165316,1.0089082364348227,45.933520816395244,0.4979276093800492,0.3842679395442872
1835,1140.8864987912839,0.1317047724077759,0.0,137.31223008721844,346162.1660148407,97.79713884755574,29184.311716256227,1.0081954985402222,45.22828498517978,0.4978491696617847,0.06001430115898643
1836,1146.0816578402125,0.1347081192871078,0.0,139.87381148551376,346323.13376049744,97.74449016344194,29174.846594026512,0.999443788436871,44.6820542740321,0.4975328950212032,0.06434349475155443
1837,1145.0873367341194,0.1372928317141442,0.0,142.97470294448738,346487.1370919712,97.71521488844613,29161.83868897893,1.0083097956548608,44.7921084107796,0.49704804113942797,1.02365492122307
1838,1143.780066877804,0.14035745653214582,0.0,146.1509651178122,346654.2123230784,97.83964910656522,29148.867039167108,1.0026825115542592,45.73904941749581,0.4966509917309808,0.09067247841055348
1839,1135.035413586741,0.14110462498038367,0.0,146.41591290920005,346821.44284676516,97.67657340139132,29135.871152116382,1.007010250061655,45.733321825556935,0.49655784524279983,0.07674681426472318
1840,1141.5134276101303,0.13795147007874276,0.0,147.3373487462327,346989.5483022259,98.07959307947611,29122.8817122916,1.0005820490683766,44.7876759066416,0.49647178183152857,1.9716608463465661
1841,1160.489011959768,0.10865721582320875,0.0,114.82416555394977,347125.1959043848,97.4231082666966,29109.898180425847,0.9946482820866903,46.56393173139029,0.4961471960090778,0.08113035761400056
1842,1137.2084341694563,0.13536095530600334,0.0,137.65029538764972,347283.9016827975,97.8459317463991,29096.922474505795,0.992192828072108,44.92890627662544,0.49635950013430874,1.138854453713762
1843,1149.566427600054,0.11840533300473566,0.0,130.0869275577825,347434.720104774,97.78525328054329,29083.950267797976,0.9980171253822527,45.76329380519873,0.4960540000463148,0.09561143121587179
1844,1133.8166623330007,0.14408542346813114,0.0,140.21095221440163,347595.9765018654,97.9092369872136,29070.983862551544,1.0042121654315217,44.248831446223335,0.49599810552712387,0.6327711283448139
1845,1141.657643224464,0.1337602179649927,0.0,132.3567491149871,347749.1188659375,97.55695785046154,29058.023274176474,0.9990430840348128,44.468389961933696,0.4954580081833163,0.06815492070522566
1846,1125.1385749023393,0.1600965963489117,0.0,154.43694771132536,347924.4785439907,97.48433798923783,29045.18007230036,1.0045889502425036,43.929957873248064,0.49500587680859615,0.06268920988772209
1847,1119.2790273775352,0.16561404406136793,0.0,164.32948198746533,348109.4866918515,97.4021747644402,29032.234470254847,1.0008749651887208,43.540048720791845,0.4943975938078521,0.5923243956390678
1848,1113.5425146580235,0.1644648710135297,0.0,174.89956007607893,348304.98723710305,97.80897579181398,29019.29653424272,1.0084093332773405,45.33249834817596,0.4937060947716696,0.0940882513303194
1849,1115.9355842256052,0.16260646364262055,0.0,160.89883084577215,348486.421058932,97.2463039641275,29006.364024083123,1.0055481452233455,45.4239353274621,0.49362525151620373,0.083760179478503
1850,1106.8150942963332,0.1626198669956992,0.0,172.41257910484325,348679.3610603757,97.77525131734852,28993.438069350712,1.0069719100584977,43.896218524524635,0.4935824772287978,0.05798338879779408
1851,1126.3202252380938,0.14521063092389253,0.0,159.92912042687888,348859.790255594,97.59771474151465,28980.517083905306,1.0068573385125896,45.28163000702922,0.4930368416137728,0.686678758668819
1852,1137.1936176211625,0.12943870418478154,0.0,137.2400391555615,349017.69709126937,97.29023175180292,28967.60240417469,1.006842693067758,45.46136817688516,0.49300221013440554,0.09744025889202135
1853,1130.631369904173,0.13142192079668535,0.0,138.90057027601057,349177.518464636,97.39838228121538,28954.693804543032,1.0074594060623407,45.07826512578552,0.4929999619979655,0.06632450234027942
1854,1128.1472841491354,0.13059165301373465,0.0,136.13964813294402,349334.59241789073,97.32265098495412,28941.791731065623,1.0064800212820222,45.296027746550934,0.4928786935168612,0.0914829905256056
1855,1132.5071478595883,0.14304368164215586,0.0,133.08091653081777,349488.6205091477,97.37013941087147,28928.89552889313,0.9786973514104862,44.66868165402674,0.49282940311485224,0.5739777987326988
1856,1141.0236631411055,0.12551328874540435,0.0,147.7922038327501,349657.19912770815,97.16333125855411,28916.005173903777,0.9999682376203683,46.13243842457193,0.49259417483466666,0.0907418510517175
1857,1133.9231869672076,0.13880387595264654,0.0,146.87128448310023,349825.0639728139,97.8656627447985,28903.12070166139,0.9983093076674733,45.55866634011156,0.4928406726371726,0.07731532243802519
1858,1154.6347927313288,0.11576988458728454,0.0,126.07061278657301,349971.91914615483,97.2685427924181,28890.24204935863,0.9944542867945182,46.41632499269392,0.4928863344364571,0.09436602002010375
1859,1130.1798055714085,0.13666874432652776,0.0,134.16083072257854,350127.1661157642,97.513534580296,28877.369241605622,0.9991197824950937,45.756124676780566,0.49321280194574685,0.08531753065950909
1860,1128.925698257436,0.13723434530158307,0.0,136.02830739410956,350283.9325727782,97.37642228113577,29442.826016085382,1.0000402992364883,45.57094567982735,0.4933040728339241,0.06717460527013941
1861,1127.5325980406228,0.1384338034826752,0.0,140.7864614634832,350445.43784297135,97.32536755216707,29429.646840011563,1.0034787383424217,44.929012803573755,0.4933341899667728,0.6950340443258796
1862,1110.9795994647504,0.14997215884162984,0.0,145.579844012589,350611.76587123465,98.2918155664541,29416.502641525043,1.0027655518572698,44.31524249653419,0.4931732307981384,0.07928609272747167
1863,1108.5620229747408,0.15999152671311667,0.0,156.21707978553297,350788.6031018553,98.17073155201447,29403.364845942455,0.9936384404288208,44.32646736491742,0.49278512431397303,0.06562855346285801
1864,1103.0966520109926,0.160400554287064,0.0,158.49451021848597,350967.5659514959,98.14148637360954,29390.23307074655,0.9919460434248647,44.42404324638474,0.49242464653425033,0.07729326033198447
1865,1123.753824197961,0.14723011506309658,0.0,154.30911317256314,351142.3266213063,97.50956862280087,29377.107294836558,0.9931604601328793,44.42079254182923,0.4921118714664793,0.09330186405837537
1866,1123.0194322275627,0.14602427164972342,0.0,150.06767887542634,351313.0323988121,97.56093093019473,29363.987546511176,0.9976667759928871,44.472524868950515,0.49180925498770217,0.06999356510435462
1867,1127.7263779419995,0.14279616975984422,0.0,144.64127392279596,351478.3146232568,97.97780107403153,29350.873829059103,0.9968391866221291,45.30623828874798,0.4915464435250621,0.07928876475889979
1868,1127.1267557481904,0.1446482194454568,0.0,144.478857313995,351643.4735966897,97.97842285027124,29337.766145681853,0.9964560186210002,45.33256898792459,0.4915742784653589,0.0685456172216874
1869,1121.5011840120783,0.14968239726695676,0.0,147.58467332220798,351811.7320234188,98.17190215930805,29324.66449972586,1.0006751938970153,45.343701341005314,0.49161299782955536,0.0959961701387897
1870,1121.082901689303,0.15039752013807584,0.0,146.36434218684332,351978.6741242955,97.77602241828285,29311.20612339673,0.9939695060669859,45.36292351228964,0.49164558860529434,0.08330897359347489
1871,1119.3976972861824,0.1515399084244744,0.0,121.85766019421209,352121.0951760168,97.61209938324296,29274.03108061529,0.9614975153111035,45.37876269902064,0.49168701045012125,0.07058007287410817
1872,1142.8272743152504,0.12310842767055108,0.0,157.09606883269635,352298.6557528366,97.16238988794574,29260.43024157918,0.986295335727976,46.36470114976849,0.49173569472857226,0.07477385110381363
1873,1130.4842975218812,0.1431298262001427,0.0,133.57906800362338,352453.0470999915,97.05448030889283,29246.837194850144,0.9778915270765988,45.34487200576922,0.4921119383050193,0.4412377964373775
1874,1132.577613631595,0.14099654843475096,0.0,141.32073230253414,352615.0166481753,96.90120253974113,29233.36481030837,0.9808110684379916,45.722488074241596,0.49214165843331154,0.13104229880464402
1875,1130.0258080378558,0.14473376298478857,0.0,136.87060796606573,352772.5493500677,97.1622263224157,29219.78357635802,0.9935834578126924,45.663651057614985,0.4922655094863347,0.14515101157772392
1876,1129.3000240343779,0.14831519208455057,0.0,143.27039549659904,352936.69351622765,97.27711613970297,29206.210419694642,0.9826130515940271,45.72956749584327,0.49238331199151303,0.09425567740214547
1877,1131.27358024507,0.14864714307837923,0.0,150.9739882794649,353108.4843293281,96.82821138101419,29192.64531063834,0.9775314125962865,45.80618757681654,0.49250874582177484,0.07457834602384139
1878,1133.3771937284646,0.14752816110597322,0.0,154.35492938668713,353283.67189603345,97.21595505666808,29179.088323569984,0.9876506658036263,45.22344207048873,0.49265965721025723,0.7459377311056699
1879,1135.9242087244966,0.1464071175221595,0.0,157.5922346793025,353462.11552507174,97.21991623626091,29165.53925739194,0.9865203050667017,46.037243864756974,0.49263893817056664,0.08723603809045244
1880,1138.2872553493035,0.1454482991118703,0.0,150.6941174084956,353633.6858963439,97.1241491063569,29151.997921376827,0.9876137923700182,46.10459867238585,0.4928574527521556,0.08876687813646811
1881,1137.6915051772644,0.14658352920516515,0.0,-1780.6307428965667,351873.95928783657,97.0620840687135,28998.41212762389,0.9814504588121675,46.14055794552919,0.4930873246952583,0.08724739215135457
1882,1128.4058621417855,0.14922206372223779,0.0,1620.9075914128202,353515.70504007593,95.37519327559878,28984.908498526103,0.9889454068681707,45.30039715877594,0.49329875799910505,0.06780803381361977
1883,1147.28970181402,0.1277173799537682,0.0,498.8327762714386,354035.3168188935,95.57283309037715,28783.596681567928,1.020365051374444,52.22728496762112,0.4932234476650053,0.14531170297495066
1884,1158.1446574979207,0.1151145180329709,0.0,219.39973296721524,354275.822865298,95.79371141052239,28770.20519696228,0.9984669629619137,53.433958880394364,0.4936850030400755,0.05740292985561268
1885,1155.8774295926787,0.1099001236478091,0.0,145.471956939859,354442.56345426344,96.1213677581166,28756.819082299753,0.9892928502417523,53.513619405312326,0.4940472261908193,0.33790735034592956
1886,1157.8718649319733,0.10857580245242793,0.0,118.3371488806932,354582.2365169807,96.343772454252,28743.436263381318,0.9899251384532123,53.18776619028931,0.4965943109503028,0.37723381412112644
1887,1171.0215144777928,0.09282677851724153,0.0,104.49824620219249,354708.10117486597,95.89895963004714,28730.06125669006,0.9899998461704563,53.10570566256038,0.5030495596172665,0.3554471693520753
1888,1187.570013041653,0.08666639693184375,0.0,96.33275200338977,354825.97771947866,95.92301051250551,28716.68968120758,0.9919098247960887,52.79534288638692,0.5019600494258281,0.2561544973266905
1889,1185.5718898528723,0.08716388794585306,0.0,97.95137527827353,354945.5831050172,96.23615888215758,28703.323055729456,0.9898864850732466,52.61929355042841,0.5010961364167444,0.08053380027584467
1890,1192.218749425243,0.08099033275537004,0.0,-1614.510844271352,353352.6870519627,96.40479838315552,29701.92563992396,0.9980114994281026,51.942185527936076,0.5046709598650538,0.3732454258135647
1891,1203.0391154957094,0.07442264974298152,0.0,1390.0224292171115,354764.3949977915,94.73436660083827,29688.011873087187,1.0388246040785458,51.8266383946751,0.5011329000416425,0.40602519007386206
1892,1205.2825340797997,0.07020408947560774,0.0,394.3141349554792,355180.48566751526,95.19877184010724,29674.12672162417,1.0474443365504702,56.01403270990875,0.5011511472844131,0.5692621411533167
1893,1203.732840081298,0.07010647163597583,0.0,147.66928164530654,355350.1787444733,95.91777642284487,29660.183619569147,1.007533342689711,57.02149519894989,0.49521875063729376,0.06349408644820187
1894,1213.6709501865305,0.05885104201476121,0.0,81.4219938031365,355453.6952788708,95.97143692267466,29646.248811614227,0.9966104155770128,56.665035630075295,0.4981379047100952,0.35656294604338257
1895,1217.4634626871862,0.05205568302628927,0.0,55.990743809287835,355531.9169413449,95.79646019674699,29632.32070688774,1.0027310248084678,55.87089064696224,0.4997532854377187,0.2552682388048737
1896,1217.5868071694827,0.052356800837451645,0.0,58.48355877058293,355612.7380910834,95.91027552229427,29614.30293502072,1.0092166962759743,55.437885471934976,0.5001365349960033,0.0817774123571553
1897,1219.82211963076,0.050444369082683016,0.0,58.43005145729347,355693.50509055424,95.99283285943575,29600.605988619413,1.0032344463400023,54.92469491164546,0.4999297731636563,0.30801381994056953
1898,1224.2728737840707,0.04835828625513394,0.0,52.78813519252972,355768.6585174458,96.01714705543424,29586.700126948188,1.0089291012263077,54.3355355588597,0.499681474106443,0.07254418163934417
1899,1228.2911967610123,0.04544586894383429,0.0,49.779868454699255,355840.89787836664,95.96804424754085,29572.801010842253,1.0080239630054408,53.769605320486384,0.4923168160052459,0.06750388072305213
1900,1228.8807732429727,0.053310091686885164,0.0,53.78203351774525,355917.2100699705,96.01458112959105,29558.907579628652,1.0031485506478588,52.73091399405282,0.49190237196137077,0.6173057958820465
1901,1228.3540904316628,0.0565399955560395,0.0,57.7008419993237,355997.3776015022,95.82372148588891,29545.02031665279,0.9996642988920121,52.840007675471604,0.49236676331179036,0.06539339172613268
1902,1215.2096656838914,0.06775244394623758,0.0,67.7768967880607,356087.5790096598,96.16013605871464,29531.451633986606,0.999897750240945,51.251069263744796,0.4956930229183612,0.40298708465057587
1903,1207.6768841185326,0.07345024021784996,0.0,70.65337004386706,356180.4755500204,95.88442064646503,29517.578190150456,1.0116105514657243,50.47601379561813,0.5038559636017413,0.3606176963769059
1904,1189.0404269030553,0.09140461877381767,0.0,87.57830763823017,356290.2442183798,95.90850013037763,29503.722449148394,1.0017935512080027,50.15794333468479,0.5126518824757738,0.07788525189084794
1905,1207.5240220350279,0.0752790046992251,0.0,94.40667894480842,356406.63518901105,96.07835070411149,29489.879395062522,0.9995029290182902,50.533243141041865,0.5185834601120142,0.0810851574894258
1906,1223.3463012563504,0.06886229524753662,0.0,79.82675747938336,356508.6754988528,95.99791306925572,29476.038768412418,0.9914101220831626,50.320046749663035,0.5178006376435971,0.08195253239991018
1907,1228.0340764752893,0.06904939848688274,0.0,79.02354355012181,356610.01792369527,96.20680427317362,29462.20522897716,0.9972675847295357,50.05019935868785,0.5204935566847914,0.08247736817739337
1908,1222.8315914838183,0.07533183382939246,0.0,76.3501946328156,356708.671042972,96.07971784331406,29448.489242877356,1.0023414312504775,49.78402708413996,0.5162453732920622,0.10752646286753986
1909,1235.8970274741248,0.06979390116879214,0.0,83.76681133645181,356814.68018247397,96.19517204405024,29434.67352047568,1.0020936963849774,49.374280130459894,0.5220495177435491,0.1910358421882279
1910,1231.740795275216,0.07710931917882824,0.0,81.07546591106043,356918.11577032506,96.23628389821363,29420.87110803703,1.0002221460318108,48.707113916629496,0.5218433219305021,0.33838807284949723
1911,1230.9759691224028,0.08301902871697098,0.0,83.40151725151941,357023.7720553729,96.16440262609598,29407.07333890132,1.0005693908023985,49.03576628902717,0.5189633363264685,0.08972620764534156
1912,1222.4079123534616,0.08794239910488433,0.0,95.09312489578983,357141.05385227874,96.52153853300096,29393.28328481623,0.9934650944394937,48.813383178128504,0.5187228302391053,0.08486758868265554
1913,1234.607994727241,0.0793193704018944,0.0,90.9641459540656,357254.13971470756,96.43179116846889,29379.49902170795,1.0008952150159884,48.0892956073784,0.520486448004389,0.6281319586576757
1914,1239.3519437887935,0.0776192597875115,0.0,84.75333842950744,357361.107599586,96.10770988000549,29365.72237418578,1.0026957065947932,47.621652646766535,0.5195243852647804,0.9498362892332324
1915,1237.070490342064,0.07759818941313479,0.0,85.21052819768016,357468.5653873695,96.27510546836375,29351.95287623828,0.9949611522292935,48.33829634906266,0.5165026252285075,0.08911789356801592
1916,1237.7966665170006,0.07625020636046298,0.0,84.80704507361102,357575.5888938935,96.33497039766115,29338.195815363255,0.9965337233991318,48.210502404547704,0.5170422744576311,0.29918670049332263
1917,1242.5398178426653,0.07507979808460385,0.0,81.53510294866925,357679.29226701043,96.2183702550045,29321.87033077824,0.9984011874400126,47.98881030915182,0.5170319783926286,0.07708509688296772
1918,1224.4014818368364,0.0841399177176726,0.0,85.69918204155792,357787.20716457086,96.31996124548999,29308.130857312965,0.9974193146753876,46.53646207583529,0.5426408483450383,0.08766372223118424
1919,1230.466139647408,0.08720938100003173,0.0,93.28860672513034,357902.543333457,96.54272874463017,29294.395680530277,0.9963769003857904,47.26262946154348,0.5386646537921407,0.5539241098997962
1920,1226.4709373074902,0.08472388425365718,0.0,89.4358478423012,358445.9272218278,96.04321975396024,27710.98110290106,1.0031813862691734,46.2995736298099,0.5387093440955779,0.0863524126907862
1921,1241.9774972324367,0.08178706955455628,0.0,90.0079567403753,358557.96797826485,96.06059035524906,27757.810298706216,0.9874061279934156,49.31740147876773,0.534290619701923,0.08685467258983692
1922,1237.2835604477873,0.08962453728266695,0.0,95.37151879801993,358675.6440888861,96.14611037923227,27757.06009574584,0.9924155793307092,49.15184152325434,0.5352908303243868,0.0899879979694731
1923,1248.7251065271591,0.0806197095837562,0.0,92.65574911231425,358790.4865516077,96.34568568710225,27753.092362212086,0.9997050027942548,49.30260309831189,0.5348372933026568,0.35642379598620266
1924,1246.7042568364711,0.08130920050301893,0.0,73.62787809829061,358886.50697895687,96.17719437723608,27751.81405093297,0.98290310012371,49.42499223941947,0.5337775057468901,0.09059833776446169
1925,1240.9916931024654,0.08207378371678964,0.0,100.70840215998948,359009.49549974425,96.283428290899,27754.448564702834,0.9991189505377589,49.58079757585398,0.5331215666486786,0.08502409289496882
1926,1230.886204903488,0.10494633051765245,0.0,93.48123515776925,359125.23377628496,96.41505651016497,27750.62974152176,0.9889929161638695,47.24808985480115,0.5324907774959746,0.08944756170534163
1927,1225.7415651679833,0.11837704386194714,0.0,119.50281945533342,359266.94037123997,96.64562958325729,27760.289415602136,0.9970826759159707,47.1255661160995,0.5249181388751104,0.09012637354514652
1928,1210.3975330292858,0.1313595394420003,0.0,129.33841280054614,359418.3548368636,96.80167005946015,27752.635271327,0.9978114515550683,46.32228278714922,0.5299271381574217,0.09034095143999821
1929,1207.0955049993636,0.12786951702117655,0.0,142.68754888541662,359582.88863433525,97.58106935790984,27741.376111581103,0.9994122843828801,46.31747870766524,0.528293873397397,0.08715623268516026
1930,1193.5163073273638,0.14077815592420573,0.0,143.40892841109846,359748.1932166045,96.98507604238434,27729.395275354556,1.0022377045319006,45.60873433009243,0.5267418041857583,0.08809886519452448
1931,1181.9165299893912,0.1480954901377245,0.0,152.3616592416346,359922.0920388497,97.29334387839225,27718.292533793894,1.0032002787304581,45.63247420058752,0.5250293049231654,0.0892065374362403
1932,1180.5783282846053,0.14826781153234625,0.0,157.80871489135612,360101.1505144293,97.51915683881218,27706.68885949666,0.9948046794141526,45.67653453877855,0.5234103719679919,0.0893884289942406
1933,1178.6409266258886,0.14832050716666512,0.0,157.08724080956702,360279.47296723194,97.22823442330967,27695.83067988595,1.004224070962956,45.72549721535075,0.5218874200982404,0.08987786787334073
1934,1176.44921012133,0.1506192968572887,0.0,155.34434239139244,360456.0175286986,97.02113251542286,27684.850904162842,0.9988539447284543,45.73612161736492,0.5204571971091071,0.08992009092757769
1935,1175.404486703209,0.1506777409510972,0.0,149.05853354855353,360626.2472156449,96.81677364846621,27673.848504836493,1.0161124882793529,45.798857555051725,0.5191023198118618,0.09561305404179166
1936,1174.0022870988973,0.1513657932341147,0.0,162.17037848996358,360809.8489261701,96.65226539100745,27489.446056241763,1.0064218974103476,45.83263053638498,0.5178348331053302,0.09432316682847386
1937,1173.469086002931,0.14912192155689974,0.0,160.53666720152444,360991.7583059553,96.82982020730142,27477.78454491801,1.008062000440197,45.92894967837856,0.5166231259278612,0.09160604633795799
1938,1174.363362312403,0.14648291774542987,0.0,161.72558745532925,361174.8347738018,97.47777620209118,27466.73801228923,1.0075345239173366,46.02307321486168,0.5155054200110353,0.09251416376916666
1939,1172.4392722809253,0.14557839009696882,0.0,149.7656050526363,361345.9612676753,97.36857575559276,27455.085304990014,1.009991490513501,46.06190832053919,0.5144751846695291,0.09533199405336745
1940,1171.966991091348,0.14731876574478153,0.0,155.07163659201805,361522.32711532444,97.0211730540662,27443.870228294683,1.0073747654399299,46.100650626056336,0.5135089012793029,0.09274946583863652
1941,1171.2947750373314,0.1465163429129981,0.0,156.44405352875629,361700.0542877646,97.11201021026189,27432.316209308297,1.0029767401895475,46.14841262623047,0.5126049409400116,0.09645210268834603
1942,1170.8550680598153,0.14504079570329909,0.0,156.2275475726637,361877.55066064117,97.02048666032587,27421.05490615494,1.0038525280318518,46.20087989360921,0.5117613395556049,0.0964762320163004
1943,1170.1602527713123,0.1441857431473904,0.0,149.3512403428473,362048.1549022571,96.9670902486026,27409.070290401636,1.0042363146327697,46.26245395675961,0.5109777453108654,0.09425625142739591
1944,1169.777114968353,0.14422925225391636,0.0,149.38668689797115,362218.7725984692,96.86154289063307,27397.569029510003,1.0071017470966392,46.28890743607542,0.5102548743860889,0.09497348898163693
1945,1168.996893087524,0.14345722590917565,0.0,155.35585992937018,362395.3532933531,97.26433831570677,27385.60909234529,1.0095301103072922,46.338330837427065,0.5095770158574421,0.09773295967860918
1946,1168.7309074257405,0.1434397948832168,0.0,150.02432149656585,362566.58829192107,96.87934422372798,27373.873733807402,1.0022343595631882,46.36348198102849,0.5089490188091403,0.09560388131035324
1947,1167.8540244198512,0.14329837669162604,0.0,156.372490104694,362744.16717350786,96.94611067710912,27362.461138794937,1.007289359760621,46.37749417851808,0.5083616873270961,0.0959412993608737
1948,1166.079931378062,0.14452186853303906,0.0,151.87322607935658,362917.2255911703,96.8794916489184,27351.0104189155,1.0063959527920339,46.35745621246583,0.5078085102978184,0.09642523742526521
1949,1164.4220750628263,0.14543068303786066,0.0,149.76071541750036,363088.1271546766,96.81909654506109,27339.283864213354,1.0058515187605197,46.34130645237069,0.5072763018082085,0.09670186071292619
1950,1163.4252965385012,0.14570034223957773,0.0,-155.40413885910436,363135.9234112749,96.93471183249162,27161.431150530563,1.0090541199550107,46.34349990536026,0.5067262135621196,0.09723308484470294
1951,1162.6099076953951,0.14618997303715742,0.0,383.7109420145574,363540.73755710863,96.02115057289414,27151.445492248273,0.991226929061334,46.35080231524902,0.5062044101636167,0.09694399412443033
1952,1182.663076023079,0.1197946447072924,0.0,204.74270363346596,363766.5656215079,96.23128000269773,27140.605123922116,1.0036748679092151,47.342607033370655,0.5057114355601366,0.08932371572532816
1953,1185.868479568816,0.1154439274003376,0.0,141.87531377848183,363929.8461194647,96.83341638552432,27128.797092747638,1.0119854659078775,47.55616197416421,0.5055785600233995,0.08578374731138183
1954,1184.7976916725884,0.11729752138033944,0.0,123.74067764272604,364075.0344218207,96.62979831250978,27069.990841548366,1.001698177276689,47.51652290368314,0.505525132927665,0.09231102337096786
1955,1187.135525250477,0.11721169745316529,0.0,122.52724625658655,364218.9898629152,96.52080085440366,27061.182062725242,1.002448415728736,47.376130074936064,0.5054591494762147,0.09152722683938919
1956,1183.3787161548184,0.1214496465603574,0.0,122.8621288997652,364363.304363321,96.60417674413881,27049.43692234678,1.0102836848061851,47.22607005990331,0.5053495913498189,0.09157342679800706
1957,1179.4927519296232,0.1265670990728811,0.0,135.31712701533877,364520.0060519315,97.11921919752257,27037.69914933727,1.0039303334417,47.07403953129365,0.5051951651507491,0.08930409594731259
1958,1176.9651685366148,0.12882241846999076,0.0,130.34358514208637,364671.6728242867,96.37359100833547,27026.06688533563,1.0006556527716657,46.984179866712964,0.5049981632277726,0.0977113267778833
1959,1174.4252221162924,0.13178320076021766,0.0,136.5783643182882,364829.5301258452,96.5577494239892,27014.493159928068,1.00064971130736,46.89514864888136,0.5047784333478592,0.09974327398225569
1960,1172.1869583758028,0.1330453142025767,0.0,140.19763132845,364990.9534288991,96.5923795532913,27002.991669721017,1.0012625691491293,46.816962762675935,0.5045392992625439,0.09695849669505208
1961,1169.5673452949572,0.13487270634055548,0.0,137.19349029998898,365149.33772475267,96.58563201781537,26991.496867814338,0.9986312257887433,46.73001940225422,0.5042868177691804,0.09922354854870719
1962,1167.807099205654,0.13623154481558308,0.0,137.91859529496156,365308.4073153775,96.32826227202911,26980.03077743294,1.00351098829233,46.68340963240009,0.5040172248436776,0.100398244815608
1963,1165.8070349095838,0.1380546428109246,0.0,143.36861134313807,365472.8961686824,96.37892037402024,26969.168947992228,0.9953019061550019,46.62334117740327,0.5037452540420908,0.10362470010048241
1964,1164.7179448940285,0.13829748553868504,0.0,142.65320326322848,365636.6436544736,96.63243187616675,26957.836583596174,0.9992697246006965,46.60502489505048,0.5034659016329435,0.16041588108633675
1965,1163.016933834115,0.13944596177885582,0.0,144.45777122193752,365802.1758834361,96.52700855126531,26946.439013974905,1.0019343080872016,46.55558863526914,0.5031776288269632,0.10371582717924355
1966,1161.8126620543005,0.14012414155778252,0.0,144.29432094184025,365967.5191505956,96.2511811468701,26935.094282777878,1.0087431066265624,46.52855730806315,0.5029041956625827,0.10510144920927189
1967,1159.9781489871104,0.14040569701481842,0.0,148.8893449849299,366137.4367781676,96.34748603881012,26923.753098641606,1.001819000020401,46.46942177549373,0.5026351102634915,0.10439608047016691
1968,1158.1353474397406,0.14172577787067187,0.0,143.03018949439863,366301.46029730723,96.32625610645593,26912.444133706187,1.0109453958157841,46.409049379263415,0.5023600020350211,0.10569207139704417
1969,1156.3243655333079,0.14357004737370782,0.0,147.7243795811844,366470.2871319973,96.19548899919914,26901.130584312243,1.004301725909628,46.348403510403124,0.5020781695161692,0.10343651308798485
1970,1155.4880933745817,0.14466911084826095,0.0,152.46662103224278,366643.8299211456,96.45065087884674,26889.848369927186,1.0143756292933428,46.33414842516872,0.5017909217271408,0.10538589305429014
1971,1153.8876562152032,0.14628349443048105,0.0,149.46050758398405,366814.3489641649,96.47261458881817,26878.631850317022,1.0106652779313003,46.26872437443586,0.5015128618034614,0.10806191804125831
1972,1153.0299705283517,0.14692977974548482,0.0,138.99724157371725,366974.37465928606,96.33922003622733,26867.053388041186,0.9873649978494655,46.263517146374795,0.501226136295691,0.10398274653591955
1973,1152.7611402557745,0.1487622265199855,0.0,160.37435218422783,367155.72668338864,96.09598904611897,26855.493140121347,1.0007679693510256,46.257372801021376,0.500953413704397,0.10627114689461337
1974,1166.7663320201489,0.12866581627657114,0.0,147.61477998549503,367324.29908113077,96.29216462601204,26843.892596643236,0.9970874680863857,46.8822927969434,0.5006917851041127,0.10457488244820468
1975,1158.9920901036926,0.1416631855567273,0.0,140.02777995102866,367485.5041346477,96.3041178653691,26836.063550047427,0.9918225966724965,46.29554245974752,0.5006537521793526,0.10469501320513075
1976,1174.801881356808,0.11960585254586553,0.0,130.0888168531403,367636.6938733082,95.97686203335392,26832.77207807419,0.9958723134238232,47.19838463443631,0.5004207016334768,0.10672894641108144
1977,1174.5017841980386,0.11996718989738597,0.0,128.69791103131266,367786.7675313279,96.33565844490136,26827.723579244856,1.002172275241535,47.20013664912479,0.5005020099384325,0.10789048310262217
1978,1159.7605166691492,0.13967650729681336,0.0,132.97344628435616,367941.1006971225,96.6765588850781,26821.123077891465,0.9958405404446427,46.60814412842487,0.5005795578341231,0.10787053958810588
1979,1171.636711695374,0.12296073801262064,0.0,135.03208769259845,368097.25259513,95.94818471167795,26815.067290157847,0.9994535229040271,47.13975620668758,0.5004545429576551,0.1060461027689854
1980,1170.9022505217179,0.12370363359901848,0.0,130.85726807881952,368249.40718938963,96.02299200422263,26075.196854114936,0.9963958271115438,47.12299872196371,0.5004757815989272,0.10632842703995493
1981,1168.9468261765383,0.12583216593601554,0.0,126.89061609990713,368397.5523655466,95.98670411986438,26069.88577632056,1.0030698090196435,47.06318555042909,0.5004903351023934,0.10658067357418588
1982,1167.70294065032,0.127257681417849,0.0,132.35645018516087,368551.1192272973,96.08454885705471,26064.163346185374,0.996622884482942,47.02052280283947,0.5004840934494299,0.10799821570466861
1983,1166.9828925623017,0.12778812713476573,0.0,131.47740662078044,368703.7815310627,96.23114498330617,26056.812943757224,0.9996553403771966,47.001855752279994,0.5004635161656622,0.10692536131247721
1984,1166.3379316051364,0.12836853196954234,0.0,128.19179819778932,368853.13731741055,95.94506891559566,26050.567130544132,0.9982405129152065,46.97533462648486,0.5004381229203927,0.10806026912372602
1985,1165.052695374459,0.1295675708360302,0.0,132.85858694405812,369007.1485316208,95.91680920772087,26042.761546932226,0.9977599267457825,46.93850798248944,0.5004048632105377,0.10927122807486
1986,1148.4584806237904,0.1525241482854064,0.0,141.60232280015177,369169.8648969504,96.10295902050225,26032.022835122563,1.0004847139316464,46.15206434290765,0.5003606512751922,0.10783182283431358
1987,1159.0545200109436,0.1348418335688003,0.0,147.72928499796356,369338.4220925935,95.98364600582478,26020.58513934226,0.9943201315557869,46.72135886329858,0.5000551547644456,0.10889269282428415
1988,1159.4618035185879,0.13334963836686753,0.0,136.346753249508,369495.73038906266,95.72573363071879,26009.091350545048,0.9903658720055839,46.747534171120165,0.49995597846488676,0.10992182531352057
1989,1145.364377859848,0.1527722927433457,0.0,147.2467152831238,369663.9688278966,96.16608845604149,25997.53603458819,0.9924459863371631,46.1698474703115,0.49987038723135635,0.10780975663072923
1990,1159.8761363293079,0.13288190454277338,0.0,139.83932516289008,369824.5444750577,95.72072797930825,25986.107788168596,0.9939284201397295,46.74417504668337,0.49959589370529395,0.1092592154494838
1991,1158.9297224683773,0.13219044017539616,0.0,135.11391850799097,369980.633409212,95.77726478670625,25974.629123937648,0.9994530440047694,46.08126595961554,0.4995277398815204,0.10948038338327137
1992,1159.1233662395593,0.13235902161145863,0.0,133.94340604480848,370135.5249405893,95.7433586950981,25963.15343388117,1.0046589841444697,46.82764702978652,0.4992405047263611,0.11019469676492122
1993,1158.7866997199278,0.13317936965231836,0.0,120.00610811031072,370276.4891202739,95.53879554804628,25951.669615699902,0.9949601984132039,46.79334874587962,0.4992182411204017,0.11191338675345719
1994,1158.7997277588722,0.13970379503135333,0.0,144.05248432200932,370441.48399235634,95.26921698620413,25940.14538362165,0.9864687593174606,46.82787297207105,0.49918518980115323,0.10911124415638085
1995,1160.078823133415,0.1381139806448033,0.0,148.10070607258922,370610.47693748993,95.70389519562339,25928.68331765629,0.9965498358444993,46.10614128413889,0.4991663456732443,0.8862305333873906
1996,1161.5717809870662,0.13795849156886397,0.0,143.0315612942037,370774.7928068215,95.25065703938397,25917.229448647537,0.9887135409389287,46.97883325646601,0.49893590437536817,0.11109348857047507
1997,1162.7243287442125,0.13657365632319673,0.0,146.45383147268788,370942.5577241549,95.30544707528483,25905.78578490434,0.9964708094027899,46.22055645553857,0.4989798586035156,0.10958555438426743
1998,1165.3436026821,0.13434977829671124,0.0,138.38414970139914,371102.23776565347,95.21261880213254,25894.73887714055,0.9886825208770712,47.11766709762966,0.49876758452395276,0.11162236900952394
1999,1163.109860780016,0.13534938216644865,0.0,143.16270655137362,371266.7457974241,95.0980155189001,25883.563132346764,0.9929163369916779,46.31176084545559,0.49886672236376717,0.11159006424442452
2000,1150.8425845783943,0.1536549077753553,0.0,132.4147748290843,371420.4367034731,95.45916659728903,25872.524478126998,0.9940450545629763,45.77113558040176,0.49869042139044395,0.11208607512682534
2001,1164.7377689928744,0.13524710091280312,0.0,163.35780657496773,371604.8729663516,95.22692720706551,25861.443640268844,0.9877591835077628,47.257885885472064,0.4983414780695012,0.11239376088461484
2002,1166.6703030402794,0.13262515718218726,0.0,147.37798723195058,371773.51581860497,95.31708799173603,25850.348233444936,0.99051708102151,47.36965737797217,0.49850932142610593,0.11010443330812336
2003,1167.0439719436827,0.13242849653353328,0.0,139.79627174506234,371934.55346089735,95.28985286389114,25839.256072738714,0.9894639594382277,47.381806938942496,0.49870703686047646,0.11040952925027625
2004,1166.8736246325727,0.13244272549545033,0.0,135.966336193443,372091.7512828258,95.24117302388223,25828.103296525846,0.9943549408080073,47.36502280132589,0.4988988958187149,0.11070973879365908
2005,1167.5815190480894,0.1325296971550055,0.0,138.2708719343954,372251.2382746672,95.05280306052936,25817.070508745906,0.989254785983683,47.34644393714124,0.49907547656825607,0.11084875635884828
2006,1166.311703831296,0.13332509171481965,0.0,138.13436788447675,372410.5955400719,95.18408344787402,25805.926689280168,0.989831049837535,47.32977536729692,0.4992369907165648,0.11135902036311052
2007,1163.6891146007838,0.1387002737286812,0.0,142.79331688719242,372574.5697124156,95.43936040966024,25794.846458149343,0.9905263309022778,45.33083454103421,0.49938472506901355,0.11202347061116313
2008,1157.1444327578772,0.14975052632885233,0.0,145.89865539960186,372741.6187175485,95.34979446610438,25783.856164802484,0.9985228954244563,45.34728824229615,0.49885380509676264,0.11215113813575783
2009,1135.5237324029322,0.180717996065771,0.0,155.37343197141257,372918.0787164812,94.90174290328513,25772.794852045055,0.9917987068338349,44.83258746142832,0.49835525506265493,0.11264177627425909
2010,1135.7265800795192,0.17986944558217866,0.0,179.5920493035086,373118.41058090865,94.91670597231807,25761.6675971824,0.9990381493979825,44.832421341577266,0.49770901719497473,0.1112946288040888
2011,1128.974357314857,0.18903757740620086,0.0,188.2670880264874,373327.8985090797,94.73716697377769,25750.668141545848,0.9973464429939032,44.97477407771726,0.49707625958466156,0.11149385735821227
2012,1119.1154367184113,0.194980941266785,0.0,200.5158513722319,373549.51419299765,94.829654620773,25739.49692740236,1.00351135600326,45.20171002649055,0.4965232884963482,0.10359012006819057
2013,1123.3619897219476,0.18988219652977767,0.0,198.43735912492497,373768.88602421636,94.53919509010007,25728.221701371865,1.0144287436112949,45.391427419278585,0.4960769002386665,0.10553401029028464
2014,1125.791830521919,0.18842634073898634,0.0,197.55130668588205,373987.60808549053,94.44538891127424,25716.80302034933,1.0070803783068252,45.54672908694749,0.49571630608979966,0.10484451314827936
2015,1129.670151558598,0.1853986909241142,0.0,201.0980786533098,374209.86422497453,94.88884050774537,25705.421992681408,1.0161469848942293,45.70769619707178,0.4954264160456893,0.10619997300557316
2016,1134.1392583873746,0.18074195371813684,0.0,193.86207737406286,374424.93058477185,94.8604334891258,25694.155010983068,1.0111553265169813,45.86689473863425,0.4952049647641372,0.10359025398324206
2017,1135.715550050919,0.17800648189692547,0.0,192.20646923844447,374638.39699247887,94.53406967910601,25682.766104202416,1.0148620368779364,46.020097237797714,0.49504909139314146,0.105360327386677
2018,1128.9933761614157,0.17890474199095519,0.0,190.80870287451089,374850.4494777492,94.69450165461846,25671.509456776606,1.0136097039326553,45.28651838988845,0.4949521767975132,0.10324809086405651
2019,1133.899729569877,0.17518241348934815,0.0,182.93972738134994,375054.61614001385,94.72684876621878,25660.139897470992,0.979711299533553,45.427135894374146,0.4946146802497897,0.1041887909602508
2020,1131.3335802533543,0.17367532961593324,0.0,188.2936083728921,375264.1589867854,94.51231747516293,25648.814475201423,1.0078857153985226,45.63098443687741,0.49434132797563174,0.10408317515656051
2021,1135.4357415131708,0.16984396904264176,0.0,184.19032004547216,375469.5876040509,94.77397075528897,25637.503755142658,1.0137211043502918,45.7879799395998,0.4941700157140608,0.10582376800090287
2022,1150.6202954846221,0.1625124953971191,0.0,181.9943350161557,375672.89668871765,94.63120928164325,25645.666996024578,1.0076738458409884,46.765582623200515,0.49405973796057556,0.10517393101397943
2023,1152.2638019918088,0.16203512805754217,0.0,175.4188374042064,375869.6919901903,94.83763320218038,25656.609913916003,1.0123082742404474,46.82326652701289,0.49428363736832603,0.10773540454134434
2024,1152.85026651262,0.16127408477659444,0.0,169.60463287240114,376060.70906661934,94.48479643728396,25663.10897360079,1.0162770642259178,46.85888920336497,0.4945150564087918,0.10576868481032875
2025,1153.4680241586855,0.1606300774617686,0.0,174.0961510654142,376256.18846589734,94.67390054012097,25664.589664071147,1.009043971998531,46.879589221356134,0.49474755050981617,0.10398844686808673
2026,1134.0243394951142,0.17642935819954553,0.0,183.5492955696505,376461.1258768977,95.15060345270733,25653.606204936023,1.0080468648903598,46.041962646580025,0.49497599478872434,0.1073405952415385
2027,1135.4839769297364,0.17399159428590993,0.0,179.405826302152,376661.4331466332,95.12772315594933,25642.631237510283,1.0133838960302133,46.08257225661357,0.49491089059715343,0.10780047902234458
2028,1136.2806032849674,0.1725553269725144,0.0,179.66289079114622,376862.1350648444,94.70656898013995,25631.703364041157,1.0177926881398867,46.116958615031834,0.4948627530349413,0.1065172464768267
2029,1136.8428070605926,0.17103824379868293,0.0,181.15011985679888,377064.3154534368,94.68957127168242,25620.733234480183,1.0084534175574986,46.16487071049241,0.4948291561815524,0.1074463638882861
2030,1138.239628164732,0.16808003265162252,0.0,178.34420670467966,377263.6989043238,94.8891423295766,25609.701271907506,1.007632797862185,46.22698231472577,0.4948132501655263,0.10845637258528029
2031,1140.686391774094,0.16590671223153108,0.0,175.54981543576855,377460.3164630015,94.61177348101691,25598.733441423592,1.0169273469075866,46.04541391285128,0.49481888590768286,0.37066479519373274
2032,1142.3193335442666,0.16443343099717012,0.0,175.2997841840642,377656.775305392,94.79913215854023,25587.84055945137,1.0152649364701594,46.3503587555248,0.494773933862656,0.1073341311117133
2033,1141.1147767138953,0.16414081402167602,0.0,162.89391264918862,377840.8479427484,94.7900262249944,25576.823525391785,1.00055528857787,45.66106894909977,0.4948236466462791,0.8130708154897235
2034,1143.6792504603259,0.16425524822780024,0.0,172.47366460129817,378034.3864797387,94.98576630804405,25565.87480929969,1.0009303880929177,46.473026520999845,0.4946665475821046,0.10808501153692873
2035,1144.318163111851,0.16424191797312537,0.0,167.8138857561165,378223.3212813259,95.02823597737361,25554.9342962523,1.0037987731763969,46.52618005330905,0.4947629169757851,0.1069250756437441
2036,1146.7951241690146,0.16144980719239188,0.0,174.3256343462123,378418.7405871379,94.97778907660124,25543.99675610779,0.9969126879497577,46.59859337061969,0.49487280398888694,0.10924847111436975
2037,1148.2397530508924,0.15760076862710481,0.0,168.34326541032937,378608.2241813963,95.01878137314421,25533.12994737517,1.0078010746647903,46.68150897433302,0.49500095444963355,0.11079490564316075
2038,1148.1870405207126,0.15552964689086335,0.0,164.93244467171186,378794.31175537594,94.76049113010004,25522.15087165057,1.0067773051841775,46.70681451078615,0.49515020121050346,0.10918305671278006
2039,1148.8780447470645,0.1544020880604534,0.0,163.44878851353204,378978.91390471597,94.9021755179216,25510.977776770556,0.9965348745062481,46.730343103151526,0.49530107459596534,0.11046602914721859
2040,1149.2991915092175,0.15266127507095206,0.0,161.32183068491523,379161.40982524113,94.79047709684009,25499.74437909041,1.003348861006797,46.76459416001345,0.4954520314484018,0.10792468637802699
2041,1151.5333417289335,0.1506840749022348,0.0,157.98688372597258,379340.51830730506,94.63246898413648,25488.635739309462,1.001378573856571,46.792549773322065,0.4956078012718899,0.10967466851140273
2042,1150.4318117491773,0.14998127407449335,0.0,158.46629809055403,379520.14662515104,94.73861401622622,25477.4138241807,0.9998419357372643,46.80560350193058,0.49576474787815783,0.10875628248618341
2043,1152.393936598633,0.14835275808001702,0.0,153.7565121098315,379695.04019713844,94.50896404377279,25466.263304378364,0.9978244046838556,46.7896791048951,0.49591859862416554,0.11017537784124443
2044,1152.0896349556679,0.14783840177565577,0.0,149.90718617563473,379866.1385087388,94.56236911535127,25455.184714104766,1.0125603659229834,46.78189729427953,0.49605908171126084,0.10904359111802364
2045,1149.5750914205532,0.1493925219642872,0.0,155.03199006309654,380042.51358142885,94.43447550302089,25443.97997969927,1.0092770908011048,46.74743446866005,0.4961903600566302,0.10981468876033773
2046,1151.9758451207904,0.14765874958235015,0.0,152.72075264899115,380216.51472814224,94.36810504031496,25432.8466465872,1.0122635856885536,46.76769930535717,0.49630337084925075,0.1081240400165484
2047,1152.789417531982,0.12995487648454762,0.0,135.02177509791488,380372.86695227376,94.37127337961773,25421.71824397747,0.975161735396789,46.806463551282874,0.49641813846275934,0.10903297666594369
2048,1167.3145071064862,0.13131271049767157,0.0,142.60611642928964,380536.9610278067,94.53978452211892,25410.53070037523,1.0237957082818538,47.523326925662836,0.49654000933627257,0.10965341578361176
2049,1154.9471115982992,0.14748804329248455,0.0,125.86410413295542,380684.4928354433,94.64214522487649,25399.415846812128,0.9877627335986829,46.943278803277636,0.4968963703044733,0.11069492367984424
2050,1156.859773429241,0.1484763040630176,0.0,164.26772424137462,380870.1742078737,93.95345191461003,25388.374258145013,0.9968853708389226,47.011639602287985,0.4970398468960804,0.11165636565682746
2051,1157.4787551922689,0.14542165587005018,0.0,159.62745072016432,381051.16855820146,94.24036321216111,25377.209099105727,1.005214010275379,47.0920952897931,0.49719888601005413,0.111213251830236
2052,1159.563237813165,0.14340161994996736,0.0,155.05878631684195,381227.5897324356,94.36158053038463,25366.11607849274,1.0104941915601822,47.09589323781817,0.49737717776973833,0.11096950640535397
2053,1158.8516600269425,0.14387039632022602,0.0,153.55653934202664,381402.5675506594,94.31275265646643,25348.48333154466,1.004606479402077,47.089857599842134,0.4975479515074164,0.11072536220694928
2054,1157.8824802444456,0.1437697094344461,0.0,150.13064227361906,381574.0903363548,94.60450845605268,25337.335982735185,1.0081818025383376,47.094138624441065,0.49770828101461295,0.10960467473979918
2055,1158.6064811980298,0.14307043162116095,0.0,147.52519564986144,381742.9738038142,94.2306109624962,25326.259967029593,1.0177009156259262,47.086423179323155,0.49786241361779277,0.11113618900149902
2056,1157.7766467090355,0.144333136284441,0.0,148.3350839988493,381912.8758435837,94.25820706969218,25315.18978626173,1.0166013448507014,47.04490227290472,0.49800584176066753,0.11115005397869027
2057,1160.3442819197508,0.14265159202948663,0.0,150.21689566930343,382084.64638828905,94.21088637869538,25304.12575270615,1.0105702776478416,47.037935239533766,0.49812820335618424,0.11080621315453243
2058,1159.150860397121,0.14428507782785804,0.0,149.34886409080605,382255.6237980997,93.98222525049859,25293.13292808667,1.0149464075113324,47.0477614850727,0.4982422649872384,0.11117273064127176
2059,1157.1970077056378,0.14566534890498584,0.0,149.96473991024016,382427.140897625,94.25744047667061,25281.949728319018,1.01254133856648,47.03549755480008,0.49835386925767533,0.1098198981691354
2060,1159.3957522406383,0.1453669586429659,0.0,149.95871923050436,382598.5944034432,94.10095592101032,25270.822068910697,1.0116243899808488,47.067346704880805,0.4984562323763598,0.11181342608512068
2061,1161.273101956919,0.14377961876134127,0.0,150.96794860626403,382771.09436791047,94.01618950013015,25259.940786700146,1.0191918767132948,47.09197801922318,0.49858321748696904,0.11266983329163338
2062,1159.2734491532574,0.14531108153963312,0.0,139.02612787206039,382931.7065708206,94.35661644724304,25248.85016536533,1.0022166327702617,47.10581641132815,0.49871191049273167,0.11172456727626923
2063,1160.9620892190485,0.14667219104735352,0.0,167.97642154885267,383121.09036403964,94.14449100599828,25238.32947339879,0.9949846914445627,46.69915310841793,0.4988391346118034,0.112066770086102
2064,1163.8964463148143,0.1429139152891964,0.0,155.01640251998654,383297.55215140607,94.25724693122031,25227.30042212021,1.0226893203417766,47.214141739887985,0.4988234006344739,0.11309163337936923
2065,1160.8986140989555,0.1456303005251638,0.0,150.37051259296035,383469.72504332394,93.99782397349288,25216.30955339338,1.0295727448450438,47.16064104460764,0.49898114424283335,0.11138036116253147
2066,1162.3585769155568,0.14555745166484246,0.0,157.9728997374187,383649.4940191292,94.150069389658,25205.369318833476,1.0255081323385062,47.12314253752555,0.4991135676686211,0.11202969949850683
2067,1160.1528995458757,0.14743160311184378,0.0,158.61678814623642,383829.94324697735,94.53260838785097,25194.30382474631,1.0284315172029679,47.14005547745875,0.4992266149564335,0.11217880775039646
2068,1161.7300205185625,0.14755128691616148,0.0,155.17803529362058,384006.87710104237,94.16873407722038,25183.2284725962,1.0273953405793674,47.13153390509749,0.4993396769591231,0.11256804797703523
2069,1160.0560095456317,0.13151915660280455,0.0,150.76162407630392,384179.42829141166,94.21199306797459,25172.323661660812,1.0299339074343306,46.816640846027376,0.49944413963630657,0.11225154528685266
2070,1161.9829318896846,0.14950896466299324,0.0,149.47281722634617,384350.64523436996,94.42053187123621,25161.342302354293,1.0260363334662428,46.945314062887604,0.4994377841175283,0.35460632013371196
2071,1153.9361975690842,0.15367557549900057,0.0,159.42930974058783,384531.76621405745,94.48725822127443,25150.375765062476,1.0224429463621474,46.79524383270398,0.49948416195174783,0.11252408242637557
2072,1164.0611579954714,0.14942523311563172,0.0,161.46993184072937,384714.8741931286,94.18531036235002,25139.4183516952,1.0258081559885428,46.73755178894078,0.49946864130423124,0.1125822777354557
2073,1156.2723038380857,0.1531646546047415,0.0,159.55293766991556,384896.1542125926,94.34805560286878,25130.473965228102,1.028683942731802,46.04354001313152,0.49943459036132676,0.1117948497434611
2074,1157.94053169085,0.15231614304476104,0.0,163.57048593522055,385081.34777779883,94.44180447425776,25119.582857429337,1.0297926489601172,46.89671968965401,0.4991695599350843,0.1131593830647688
2075,1162.4777992263957,0.14929827308349874,0.0,161.39040480967714,385264.38804045203,94.53442786795026,25109.349156464763,1.0250600208175784,46.11722033616676,0.4992040075143104,0.11361833873085914
2076,1149.9571768642147,0.15574397107082494,0.0,149.46233998057397,385435.5793677593,94.4114978832207,25098.40254103256,0.9920352667142693,46.589331866092444,0.49897495438855194,0.11349683893197948
2077,1149.1060351019755,0.15677228545790622,0.0,171.14833333180496,385628.19792904466,93.92810897927424,25087.461120671138,1.013998942542068,46.68860915792206,0.4989160724834569,0.11345902707105893
2078,1157.8800867963607,0.1519874717562989,0.0,160.96532533897638,385810.60492977384,94.12631399437264,25076.51898913921,1.0152467592128824,46.72615267113744,0.49889358492191904,0.11411981646556058
2079,1169.9366326686027,0.14563922824617503,0.0,160.55761055014975,385992.6818610104,94.2462260052312,25065.5888736373,1.0160423035295627,47.52386468986073,0.4988847230284349,0.11316593019375887
2080,1167.3698368145426,0.14578413612201324,0.0,154.1274156304758,386168.4465840941,94.29591495393129,25054.581353646136,1.0071109993869714,47.1516748161581,0.49914449584164067,0.11357371942408179
2081,1171.3754517497725,0.14402921928783707,0.0,150.7535777421781,386340.843152505,94.16525148373472,25043.745374738628,1.0198633883653512,47.516127082514124,0.49926617175369836,0.11441290387234915
2082,1166.7603120235606,0.14765646796180143,0.0,152.94207771642357,386515.46435325063,94.23882683626512,25034.35245206179,1.0176873297545397,47.043854639768384,0.499503898922226,0.11414051856765184
2083,1165.0876484950825,0.14853712662135155,0.0,146.1728505780132,386683.18590244115,93.88924089836408,25024.727779671957,1.0250641431012877,47.032335682939504,0.4995712336397567,0.11379278411848759
2084,1165.310542404952,0.14934712823982854,0.0,157.9563192807314,386862.90370876394,94.07803525760782,25013.819559712636,1.0181042202739845,47.43371820409547,0.4996314784662179,0.11349223506499584
2085,1165.2380104273263,0.1492790685115305,0.0,153.94824758709808,387038.5966510474,94.02934699249825,25002.91616758237,1.0239816423905295,47.432259435131755,0.4998236012274194,0.11374271361025023
2086,1167.6700220821526,0.1476285470232861,0.0,159.0396277720807,387219.38496307004,94.10023718155611,24992.01464502362,1.0233091440026578,47.41527461023374,0.5000055370869094,0.11387270183600151
2087,1165.3786179505705,0.14948782650144754,0.0,153.8329548895225,387395.02596420253,93.85112273241597,24981.103868693768,1.0289450683659764,47.41469686696555,0.5001726188534797,0.11425026786452008
2088,1165.7687906462402,0.14956311796025323,0.0,157.0819003564432,387573.83204355265,94.07107154263828,24970.230926061213,1.0278125988134814,47.41928853784509,0.5003310265723461,0.11422265397600029
2089,1167.1304776098568,0.148922137744264,0.0,156.03462099382276,387751.58755962155,94.02082170943633,24959.345369792274,1.022171895081735,47.39539126034776,0.5004830501682197,0.11496840868387892
2090,1169.2918493166685,0.14687260784967882,0.0,156.1397184833522,387929.486023983,93.97008168074362,24948.33291046747,1.0363174479451172,47.39730660708617,0.5006192134139781,0.35368396483659126
2091,1168.1533614595612,0.14900640420356215,0.0,154.83887007900452,388106.265036311,94.00704917459034,24937.58691832967,1.0244329383982034,47.36634327639193,0.500758431531764,0.11457845226964025
2092,1168.9612781545432,0.14821191648754106,0.0,156.00957230530523,388284.17906624527,93.93287071175965,24926.715502479983,1.0241401128444856,47.367835587096245,0.5008711330316113,0.11442741661905131
2093,1165.3535236351677,0.15185877844122275,0.0,161.5843754641095,388467.66931664717,94.30501619282153,24915.849786191608,1.0293171680074753,47.36065167590943,0.5009787392444354,0.11444109343881337
2094,1167.5840386877999,0.15051867332545932,0.0,155.61727027099707,388645.0977658619,94.1043914291234,24904.907256176302,1.0309040287185096,47.35720625662188,0.5010785428244284,0.11449578000416238
2095,1168.31706584648,0.15091082518268206,0.0,159.7216236727304,388826.6754530377,94.15293844336782,24894.13457472549,1.0277858566330293,47.36829203307102,0.5011721779228395,0.11423763492300054
2096,1167.7285923715624,0.15102576406040769,0.0,162.68708425813827,389011.22487136116,94.25907649115828,24883.35072668969,1.0299517466361447,47.39235853979733,0.5012649251879409,0.11487157453096586
2097,1166.3485984466784,0.1520168545002889,0.0,158.10383334929574,389191.16721207614,94.47522575432026,24872.50658413027,1.031020349961139,47.40284077144561,0.5013609201414926,0.1147070233287053
2098,1165.9224964859734,0.15277571959086123,0.0,158.9099736288798,389371.8531759196,94.2539123052891,24861.519635226072,1.026086505104115,47.373945560349995,0.5014556737073463,0.11466833332509907
2099,1167.9972796519635,0.15198674403842616,0.0,160.54828587481668,389554.1614768211,94.347136454166,24831.28534869215,1.0294260876881811,47.3652297447522,0.5015359886020625,0.11491797154691596
2100,1167.3991875229503,0.15253804376646218,0.0,-82.15925266207006,389493.80458403233,94.2994843665045,24896.90849099651,1.0315038461428112,47.386744581152065,0.501589695605942,0.11467467999047187
2101,1169.358096269686,0.15142594717026914,0.0,341.747780985262,389857.27856905933,93.65266370112974,24886.12803208915,1.0261075194110238,47.38314367964365,0.5016676002592172,0.1144750174719178
2102,1183.1125791629745,0.1339594209503252,0.0,197.42516584065785,390076.4792396895,94.07810316213143,24875.26833730772,1.0312327750305268,48.12475690003428,0.5017404511876355,0.11511297811772181
2103,1185.4087091449044,0.13054475475602934,0.0,153.12819604225024,390251.6188186568,94.35929034482542,24864.351130121082,1.0241293868295944,48.09202229351706,0.5020584475896646,0.3007426113176024
2104,1188.8222299327035,0.1278978849252006,0.0,141.730958388876,390415.4058326588,94.58337190020656,24853.423117809998,1.0271958845185187,48.25449258140726,0.5023761776901599,0.11548402167208849
2105,1186.2600114214422,0.13129791897977017,0.0,131.77923706920296,390569.3295665142,94.21362382559279,24842.576841116264,1.029953427416159,48.18937861072588,0.5027251554043284,0.11491008072320597
2106,1186.5076771160943,0.13203541295626642,0.0,136.97731947361459,390728.3555009826,94.34777852279673,24831.67010932802,1.0275850161596367,48.348051527375105,0.5030348508165364,0.1148411805452838
2107,1185.5052719072594,0.1331615086445418,0.0,140.2423475783065,390890.664802365,94.40990418171079,24818.735856649666,1.0325166189387054,48.28705874016426,0.5033822211441097,0.11481787522480147
2108,1183.0059974933156,0.13546494091769923,0.0,132.63484818428418,391045.33098713227,94.06368873719843,24807.753427579202,1.0373403137639154,48.18392536999665,0.5036915967633435,0.11536212265396273
2109,1181.0856795980253,0.13822695847678113,0.0,145.69502718434163,391213.10704552894,94.20774211008204,24796.777365358124,1.0366055008857133,48.089329072595916,0.503950569970059,0.11525011550212128
2110,1179.9746968718691,0.13972759441528482,0.0,141.592996130575,391376.72669426264,93.86734104911231,24785.811856048265,1.0306673334498861,48.02914880325349,0.5041647379115892,0.1155140389136875
2111,1179.7168269023184,0.14084951217898833,0.0,144.4195820529227,391543.1346085458,93.93094587026208,24774.896539293823,1.0411145621540445,47.98557409445144,0.5043477980239414,0.11530851663330566
2112,1179.3732527009856,0.14184310375785802,0.0,146.93430058102203,391712.03946968983,93.92132814514069,24764.109401432353,1.0312725680567478,47.95209893275492,0.5045070296526479,0.1149985105619038
2113,1178.505314988455,0.14271474826049857,0.0,147.670862570262,391881.66199690127,93.67757712669737,24753.162432277233,1.0380034449135151,47.92591312764548,0.5046470528500968,0.1152519864579773
2114,1178.699196767253,0.14333852001318226,0.0,151.408876195243,392054.9949925381,93.90150734184024,24742.303748450107,1.0315447047288315,47.90181731047122,0.5047711129858868,0.11553456549529528
2115,1178.6981123601197,0.1433515802159102,0.0,118.88912962532493,392195.80190869427,93.8378658280384,24731.45080217887,0.9921577306739157,47.89304933702835,0.5048807054233034,0.11547531298920433
2116,1180.3479772121868,0.14578535120893854,0.0,157.79243094569009,392375.44192315533,93.56896934057015,24720.603679635235,1.003713417469166,47.96464169567067,0.5049818052008129,0.11581479721810695
2117,1183.1698798168613,0.14154135667325218,0.0,158.50850002455755,392555.78095147107,93.51710484095643,24709.844682457755,1.0148713091518742,48.086736088488394,0.5051016997970552,0.11540038251186502
2118,1183.8884703862025,0.13845033225709147,0.0,151.14461768018703,392728.78469684947,93.54001233793912,24698.92671380786,1.0227764838584907,48.1447492105123,0.5052566189505477,0.11547984198047345
2119,1187.4229558000227,0.13690143129111176,0.0,144.02975557519176,392894.6665620326,93.44143487022835,24688.093400465033,1.0218812786984353,48.13841094086199,0.5054231326799146,0.11544485634188106
2120,1187.5071020578118,0.13659967001772777,0.0,142.89483902505867,393059.4902721968,93.5204428945777,24677.35157802396,1.0240049520824435,48.126285301623554,0.5055790821897823,0.11556932166844547
2121,1183.7843368199246,0.1383812625201707,0.0,133.75614650202118,393215.1702365582,93.46032639904276,24666.53258644705,0.9991619187393112,48.120226160264174,0.5057230066167979,0.11506514330513085
2122,1184.7360215484,0.14111687144583085,0.0,148.72738947892114,393385.68585365626,93.45190531618157,24655.57123739947,1.023324570056756,48.13351362045047,0.5058577331818569,0.1153027976527028
2123,1184.816486858623,0.14113081557811458,0.0,148.72526790986305,393556.21565024124,93.58022801484239,24644.765118091633,1.0204890618596625,48.117733859535356,0.5059899977850609,0.11515658636925252
2124,1184.451581459367,0.14127432075808788,0.0,142.06586845725036,393720.0727448012,93.4659647331826,24633.96462425893,1.0266374392914055,48.102319836051564,0.5061102773045285,0.11516526459683973
2125,1183.6548824536092,0.14225581675557497,0.0,148.63282434038754,393890.76014440064,93.38187916669892,24623.252342751082,1.0257710340331445,48.03457651852934,0.5062192504608694,0.11529654140882428
2126,1183.0640042412917,0.14253940478187777,0.0,146.6853210209713,394059.4759534968,93.38757903168516,24612.381087693462,1.026589751790737,48.02436948284806,0.5062998799676814,0.1155108355258676
2127,1183.6920197530314,0.14266631740225955,0.0,148.54139243981086,394230.0139347301,93.24924944099679,24601.598175238578,1.0300894495634112,48.0253125772236,0.5063728856213332,0.11518185070191578
2128,1183.8289398691138,0.1428257522574602,0.0,149.4574524246537,394401.4654877183,93.32217392444278,24590.820971193087,1.0202933044505025,48.03248544005351,0.5064425555980074,0.11526861125712173
2129,1184.5525966781352,0.14185700263677914,0.0,149.8548631391224,394573.2999135179,93.25685980591099,24439.968262372877,1.0218719193176862,48.11786291532147,0.5065110248091775,0.12662822400709217
2130,1184.604633006386,0.1417942652373344,0.0,-6238.425057353652,388356.847105097,93.18296265887078,25592.62856468855,1.0250640901173738,48.045480078985,0.5065854283932236,0.1158534834888485
2131,1183.946455306462,0.14209949777806719,0.0,4681.149355422496,393060.1132694293,91.9083185046845,25581.218192636257,1.1484978006463162,48.03903539025734,0.5066311523356294,0.11282588965937634
2132,1236.5693407382662,0.08581175743882852,0.0,1530.184054209895,394612.3966983065,91.91148521892265,25569.75078266808,1.2747492737910657,65.2151990747927,0.5066536494732994,0.10973317054866527
2133,1243.7366725888849,0.07852806323729444,1.651312922783578e-07,441.960718789624,395077.5276634553,92.04939002755346,25558.34702492382,1.1535791746044766,69.30817149664396,0.5087074106677415,0.10904663660578251
2134,1252.6787265932528,0.0704659741819792,4.279925613237467e-07,170.3454793054856,395271.1922754892,92.47186510171278,25546.801109834905,1.0423263455194192,69.30525737441623,0.5159060860579304,1.2542448998838864
2135,1266.0924952982307,0.0597946175804116,7.656516925500285e-07,92.17594177462806,395386.8513903813,92.71007081370558,25535.44640145907,1.0258169674101218,68.60325266523948,0.5184044476940954,0.11126938370368578
2136,1271.0028745054624,0.052974274455468984,1.1908031635354523e-06,67.00164170243892,395477.5293276488,92.79902046075577,25524.33547202886,1.0247732626924053,67.67729637776675,0.5200896358527951,1.3463033958548607
2137,1279.652425484012,0.04384914104270521,1.7121343131619183e-06,58.88421229900135,395560.2085440722,92.79601063493517,25513.215218882724,1.0289022899520697,66.77684370148725,0.5236931280997289,2.424534080298656
2138,1283.5512167514794,0.04149259405093386,2.306974361078174e-06,45.41724383539423,395629.55592800555,92.72256995841569,25502.086783853032,1.0400689663620195,65.82364152186017,0.5237115805383615,2.4249304582821054
2139,1282.7619222831295,0.04080099650773583,2.9516353010739416e-06,48.183422226220614,395701.79376992345,92.59518249328858,25490.951354737983,1.032331572294922,64.93693220131215,0.5291089681488625,1.2312100295872739
2140,1284.6933382173702,0.04043266238093901,3.5746509859477966e-06,44.569606642986486,395770.45551809145,92.42022855462027,25479.43202424788,1.030062559185423,64.14212123016442,0.5264328254925926,1.1602531607881446
2141,1284.0991964960544,0.042894329498768036,4.22799565779912e-06,48.94827060350002,395843.5436949167,92.47137325088315,25467.91914251233,1.0262901271274472,63.28891704027382,0.526168597015309,1.1808271936538404
2142,1293.9298911311653,0.0378710051016371,4.821485268981634e-06,47.52071614422263,395915.18263489933,92.55041148457755,25456.412245063282,1.0291345006944324,62.646687385663206,0.5272462491804839,1.0320041691112891
2143,1292.2057086364923,0.04032438845423403,5.5143509147344145e-06,40.734429994856924,395980.1467124364,92.54773251663025,25444.911178443876,1.0319833446724627,62.002671755196985,0.5256217165369091,0.9178369574643028
2144,1292.332014589339,0.03905995927267547,6.127270557070272e-06,43.300107914740494,396047.66159789334,92.55753024554548,25437.94610037178,1.0227182028707584,61.786782468517366,0.5256401401336942,0.7864924591875564
2145,1297.3755012775027,0.03796186270276891,6.687681640811574e-06,46.021815911329355,396117.9671317903,92.28191754872225,25351.135367678427,1.0287772044367447,61.18083128564458,0.526113586489365,1.8043636055217434
2146,1301.9638467018863,0.03659662196613289,7.222599689706841e-06,40.388771694246856,396182.7013190851,92.23906417636049,25342.376767209116,1.0260668286716679,60.59341789261343,0.5172135033537794,1.7047331025524812
2147,1302.044827186823,0.03744849060986,7.81566333623244e-06,39.456974692085254,396246.53697773186,92.17964611682712,25333.177394907518,1.015409604199869,60.02705044558235,0.5172316163119411,0.625021953808897
2148,1299.1476040583595,0.04149625769466192,8.348798525660195e-06,38.16464216645252,396309.0821932114,92.2480563915813,25323.10251994046,1.0271324305846734,59.35308389525046,0.504191337074599,0.5699857615664143
2149,1303.0519770609446,0.038250058816390986,8.884189599550762e-06,46.14115415536105,396379.5616221241,92.213260454695,25311.785605257675,1.0218684755033165,58.73633307310252,0.5042090115251852,1.4179223864467332
2150,1304.0611346580597,0.03959524055654706,9.401545442494155e-06,43.656757124658526,396447.6493061542,92.23130757504615,25300.288279329623,1.0261742658651176,58.100678271548674,0.5042266897029879,0.4362625538749825
2151,1303.0564249683798,0.041474199431512204,9.897143464769616e-06,44.90592957804279,396517.0103336277,92.23065518620916,25288.79785529048,1.0274533110972288,57.39862538075109,0.505190558782078,0.21444180831066717
2152,1300.059834246599,0.03961255055499657,1.0419334797395087e-05,44.04052757961719,396585.5260574338,92.23304993920111,25262.710455512304,1.0233345522313033,57.100189512039734,0.5045585207342207,1.1714855871987169
2153,1302.6763007234558,0.0427485606205289,1.090917814252616e-05,44.94998162319146,396655.01578902086,92.13957921627475,25251.244457927358,1.0256091734985393,56.52593201069685,0.5045762714527486,0.11259705672638631
2154,1298.0447858487585,0.04119734444390566,1.1415004133143028e-05,45.71296628816148,396725.2054566389,92.02717656253313,25240.11140472322,1.0254842970664868,56.16637245579828,0.505804425918194,0.11373512384309947
2155,1296.9303486401823,0.04542681892354339,1.1882041778530521e-05,50.07160908510812,396799.77168344863,92.11786035651124,25228.73656576712,1.0233692044286153,55.62140533068098,0.5058221934650693,1.1546945978560217
2156,1299.761021672578,0.04292210975183619,1.2355523817743232e-05,47.82609087622143,396872.0200102266,92.01713739834835,25217.28631885803,1.0241249197206832,55.29629678263762,0.5161856126762729,0.11253780562773841
2157,1309.5811293609615,0.03809161945922557,1.2794432079753576e-05,45.30352913362535,396941.8383468546,91.98134814795631,25206.02225792351,1.0274678844276421,54.77865184778905,0.5202950743116904,0.11301674461508071
2158,1303.2999525841017,0.04301810933623618,1.342447037073821e-05,45.10133456706862,397011.52836380113,92.05531999073817,25194.585222879177,1.0195105441423864,53.750606296768204,0.5210788885000034,0.11272364574796256
2159,1301.237431704928,0.04690951555415768,1.400041849266611e-05,48.728804717212626,397084.741446435,92.07518271285899,25183.415195461497,1.0246578002152427,53.5260259541579,0.5257334982967681,0.11347242098131005
2160,1306.1116909253165,0.04648688991956007,1.4534959906977074e-05,-222.59278384319887,396886.5254616415,92.21044832502656,25409.808893603757,1.0318533790295061,53.10523700840573,0.5614777654548224,0.11378855085273187
2161,1314.3930528482997,0.04681740055922534,1.5085544013147275e-05,258.7734496564058,397169.5847636314,91.82929593409968,25398.255936867245,1.0069888607409287,52.79053373986383,0.5621308540695973,0.114124022613737
2162,1319.6384592279253,0.042712936125752776,1.5641305276836157e-05,88.43885645293548,397282.29210867407,92.036655245942,25386.709930674562,1.0212483926026474,54.90985305022288,0.5631561509732619,0.11355519206695419
2163,1314.7369400791208,0.0406270069490694,1.6109006653248757e-05,74.83415338727585,397381.4828711533,92.07352360076041,25375.174482392158,1.0244002959861724,53.48788759073244,0.5769543891164034,0.11361557766537089
2164,1315.062461267375,0.04102213359761531,1.670009282308489e-05,46.090832495714494,397451.9245335262,92.05738825621658,25361.144772581418,1.0395410694040912,53.352950435259416,0.5749552308479436,1.1280965004482937
2165,1313.5387223580572,0.04239028800968958,1.729334581175082e-05,43.52382479037695,397519.79848322796,91.97529044461625,25349.6354576309,1.032604268145613,52.9002453890918,0.5733628150912187,0.11415559955429444
2166,1310.5892124730303,0.04710393573103955,1.781616131342816e-05,44.94151828725512,397588.97171459685,91.9634667310819,25339.756495968883,1.0307040512020322,52.80926234093462,0.5632724668404271,1.1151896499312812
2167,1312.2747477711437,0.0480022693135812,1.8374212772407282e-05,52.78283151567149,397666.2737527665,92.03725303583703,25328.279474957533,1.0363294431771632,52.465060277930824,0.5635755041955179,0.11415166413047473
2168,1310.6556043705584,0.05229794371527452,1.8927131019208256e-05,54.42173961447,397745.21756430034,91.93337532914103,25316.797418379636,1.0365413375610872,52.14271480734104,0.5616733022730179,1.1146330248713667
2169,1318.4523960996805,0.050307771072152674,1.943855729448512e-05,62.63543247963807,397832.3450075751,92.03115947388763,25305.32247990115,1.0312059162058116,51.92698572284348,0.5507955931927222,0.1135330370107539
2170,1322.9739054520871,0.04905820037684783,1.9968990118666596e-05,54.94793386265346,397911.7756912263,91.98411696054573,25293.854631035974,1.026691552639645,51.84994501943591,0.5450376105423718,1.1069060903450918
2171,1322.803497495398,0.05088000615838639,2.050883002001904e-05,-273.39450358136645,397662.9201100893,91.61460369563109,25282.39318643361,1.0345623045522438,51.67412539700921,0.5402179735877101,0.11396366782010148
2172,1326.0712909280592,0.052430926628871166,2.1025943061039595e-05,308.5558752825127,397995.9715752201,91.48180243798974,25270.938828277165,1.0165527956826788,51.3808445801005,0.5390410178045011,1.0992978569895655
2173,1322.4406557385635,0.054120593657684624,2.1522691611903345e-05,116.6698423555093,398137.20074184716,91.52678560630686,25259.4922700961,1.0269273308151674,52.35668904023737,0.5363441647750329,0.11338840231883296
2174,1320.620433160194,0.06004370558154337,2.199770661721103e-05,81.88169467479662,398243.5817497142,91.83922555307103,25248.052087852913,1.0392628573504852,52.89128810091563,0.5367322145735122,1.202757517259144
2175,1311.7727581410256,0.06799428420418041,2.2406340568772926e-05,71.17957455706443,398339.19134369784,91.87996669749194,25236.618259767318,1.029138615480571,52.577119992138975,0.5359890045072956,0.4721746665884723
2176,1318.9598997135338,0.060594498606799885,2.2735356326937213e-05,72.058570871113,398435.48201756884,91.89275322270974,25225.191199622324,1.0260885291627393,52.138058651798886,0.5359656902694732,0.2113400163092649
2177,1330.659183796372,0.05212546041601385,2.312467042016035e-05,59.62407195866203,398519.3853476953,91.90015792582669,25213.77090984818,1.028887707078449,53.02517075900832,0.5285809055108909,0.2035818817216608
2178,1321.6530861996657,0.05804977867023353,2.3473815213519618e-05,71.68495973846066,398615.4795345144,92.06911291256601,25202.357458293278,1.0280904499326016,51.93455118066695,0.5272473087415911,0.1951949801335502
2179,1326.5030011304932,0.051089013234158154,2.3889439955080614e-05,-138.6451764327722,398501.1672337906,91.77798560819294,25190.950851073263,1.0328724772485476,51.77035502041613,0.5265157506717723,0.18790668231795848
2180,1324.470325027857,0.053941866478879,2.439147024115528e-05,214.37428802871912,398739.9572162871,91.629923706497,25179.551145982812,1.023172527676617,51.63013172741992,0.5264048350334665,0.18031225719171573
2181,1323.2572916397435,0.053148297396472866,2.4865928351577517e-05,96.80179830140798,398861.09648923704,91.6969230222681,25168.158404642767,1.0275096994234034,52.097710332059705,0.526423463159086,0.6147562422242316
2182,1323.8035182745455,0.050481328022231375,2.5345977721636683e-05,68.41973281562954,398953.8194151131,91.97603225158993,25156.772624905796,1.0240521516488739,52.02644003541535,0.5251671218565577,0.11468029821541847
2183,1323.6148737986691,0.052068426495148645,2.5806713286379563e-05,52.72373711083313,399030.8452075056,91.75897875660391,25145.393817933284,1.023675346822235,51.872174831090234,0.5182027530417922,0.11484710367093953
2184,1324.8678686610647,0.05035558500621107,2.6246983824554754e-05,49.704858803058386,399104.7724068638,91.77095061652537,25134.021980137102,1.0303464542075615,52.66667563801251,0.5152157491193663,0.11505425237228906
2185,1320.410399408277,0.057086726635412144,2.660661075770103e-05,67.40447935779682,399196.48638780945,91.85456420689509,25122.65710494925,1.0194586508510295,51.5337726669084,0.5137277562202031,0.1149724544738433
2186,1311.8088733306106,0.06781142915026517,2.7028619311780105e-05,58.59227917099338,399279.28394919354,91.79412578636449,25111.299151823776,1.042989409314735,52.378574188944285,0.5097869504804177,0.12656762747963057
2187,1312.704360859922,0.06468425225988073,2.723939602085614e-05,81.84398320750185,399385.2273608815,91.84028223578647,25099.94815574635,1.0318343769034024,51.25984582159121,0.5095716491829544,0.11524522621188282
2188,1309.9048693204568,0.0648180299020662,2.7621566156172652e-05,59.561438638515966,399468.90729018796,91.62543349526581,25088.60400381798,1.0329322789526163,52.12458246911982,0.5103100587229372,0.11506231916341392
2189,1307.103098150279,0.06713725431506912,2.7860240008493864e-05,82.69780030453941,399575.7073823639,92.13652990087782,25077.266786987697,1.0401112916576982,51.120656411820256,0.507827827911758,0.11475940854769817
2190,1314.4574887039098,0.060811431806189975,2.821504096507461e-05,-199.66008170190338,399400.0668678035,92.23259873065243,25239.183528937447,1.0305898628535006,51.010924088388,0.5024141704556244,1.0304001519244252
2191,1311.1589340028656,0.0617066052748666,2.863980747588944e-05,272.0181112059015,399696.1327731161,91.77460065886189,25228.049450117618,1.038208324256018,51.87596176484729,0.5013862216685082,1.0201048499266108
2192,1305.526027855869,0.06609974260108453,2.8859495811483784e-05,124.93734913224358,399845.0739548448,92.0690173233634,25216.918080886615,1.0347268955336582,51.62318268724575,0.5087573622298983,1.0265307424253365
2193,1314.072759586729,0.058873539369589056,2.922502971864502e-05,76.78195200694802,399945.74043645797,92.20654880856492,25205.72901453803,1.0275519731266785,52.65061296936818,0.5213627511822985,1.0098034703277534
2194,1307.1766862892816,0.05919504592357394,2.947307064664136e-05,75.22831563074035,400044.9288217067,92.27164931068288,25194.60725969376,1.0303598891571182,51.60276441684053,0.5456931923419402,1.018282328339751
2195,1310.0093891662016,0.05821984198840091,2.9906506074925504e-05,59.92702541015484,400128.7460468569,92.14055952907454,25183.485874329603,1.0318231346029805,52.42640384143262,0.5400247890868537,0.11514934746436722
2196,1306.9020149007715,0.0651396935835149,3.016229731308376e-05,74.16178158477314,400226.83777537104,92.44443001235351,25172.36195963703,1.0345405071481544,51.31288264247961,0.5460478038426563,1.0061785227539701
2197,1311.1726095244394,0.061341827311804153,3.054205185356588e-05,60.68343761803604,400311.355095063,92.12970393707467,25161.174267691087,1.0325460829536492,52.10793041513989,0.5414855866667156,0.1151718446075165
2198,1307.0751290400156,0.061680092230099404,3.076757353811604e-05,74.5244424687505,400409.7912758579,92.03582183070256,25142.387398293376,1.0359053216903995,51.053041904848705,0.5416860284705829,0.11568406588551738
2199,1301.6246002059534,0.060514654813236146,3.117364411518568e-05,62.22724897002291,400495.8927127575,92.28939011277599,25131.18524757935,1.0341440287866297,51.95816003341247,0.5617291559530818,0.5210074188586589
2200,1306.2889750907977,0.05814974728901079,3.134239058876553e-05,73.17163911226984,400592.8666897937,92.37393226495573,25120.043233538272,1.0315160181754215,50.85615164056428,0.5638187870437829,0.11531378449664942
2201,1301.3161589629267,0.0626085829238896,3.177357872561274e-05,53.73779325688733,400670.3979502374,92.26798085549164,25108.844029113487,1.0377584637001935,51.71423042285549,0.5611048611986208,0.9932495167773823
2202,1281.7773850416504,0.0770598246964066,3.191321392162658e-05,84.69587337520127,400778.80313754163,92.48817682883329,25097.710298775677,1.0318741470978559,50.707714561756745,0.5598237594245314,0.5030970196949767
2203,1287.2708845636673,0.06675334250765519,3.208036146287289e-05,62.13317440921455,400864.45591370796,92.42545139558663,25089.389237733274,0.9859898010682804,50.97158001605875,0.5595174905596784,0.11572782818909388
2204,1297.9226730310531,0.058168327899096206,3.2150015131203374e-05,80.12120339127597,400968.2099934556,92.55379917189178,25078.249605854548,1.0224195018652316,51.65315320318132,0.5580094201977552,0.9770751303288989
2205,1287.88542140046,0.07125586311837184,3.231376584797724e-05,77.49513914369811,401069.50486537314,92.80064117260329,25067.1193982001,1.0313965384451529,50.27789095350441,0.538764724404435,0.470656070186493
2206,1277.192282372822,0.0738220528553325,3.250982745675436e-05,67.40743611437674,401160.54029451695,92.50905793529762,25056.055151430213,1.026099888300732,51.21963118539888,0.5362612953459153,0.8778096179358101
2207,1283.7701267605391,0.07526073168257852,3.2504734807847184e-05,88.76361300307224,401272.82342223637,92.71267587276179,25044.991729639576,1.0236271793935336,50.54973838248364,0.5376642144843542,0.11585817644252927
2208,1269.2920321505594,0.08016685725076167,3.25399759595133e-05,73.25631784607552,401369.4830317682,92.51662423567906,25034.27103546514,1.014779539871069,50.87389360610945,0.5388575088148305,0.11588458846584615
2209,1274.5214300603907,0.07717985688910312,3.2354712798242044e-05,-276.0660064828086,401116.7353126587,92.76093781948728,25025.29714109415,1.0185831957880989,49.92589824761446,0.5383405514068185,0.1158163363145519
2210,1272.251817059851,0.07628144996429387,3.2372680384291294e-05,354.01998141531595,401494.09958059795,92.09449744553227,25014.172832206597,1.0150615437012553,51.49305536251012,0.5361652949629082,0.96110583254179
2211,1267.251344985178,0.07815544299344213,3.222987249537266e-05,147.49977332847303,401664.90805278224,92.7451237275591,25003.056156301052,1.020857247525862,52.6250301129669,0.5384952173642353,0.9621121894084297
2212,1267.125407976626,0.07663718898206051,3.206992210923602e-05,104.85505205288317,401793.0506319943,92.91721056681365,24991.936212678727,1.0165671672381338,51.899305718186454,0.5317383395209115,0.4562024872516304
2213,1263.0088608874808,0.08354726634949028,3.207982649380601e-05,84.49256709128727,401900.78606902185,92.61460883709462,24980.817678378637,1.0238481878477999,52.737812910767985,0.5257217034884385,0.5403103825493503
2214,1276.7462641619848,0.07295965051952635,3.1961909205337084e-05,90.55541950320978,402068.48238829646,92.84950863973174,24871.403718143934,1.0256785736655838,51.657104800094615,0.5219361453971862,0.11567304793312871
2215,1273.673205065889,0.07594902235610124,3.212938413720079e-05,72.82714384768786,402164.7691615806,92.3668369115588,24880.06755368098,1.0236503613078005,52.90460857845127,0.5137358074532111,0.11589750033745361
2216,1283.889469165745,0.07253360756928418,3.209058389410362e-05,86.69647029774336,402274.97539702116,92.59618432747595,24870.72194186907,1.0311034462885105,51.836163598095,0.5161427917357215,0.11558234972274306
2217,1273.8661632387143,0.0817257618039764,3.2263741798391e-05,65.76863999606203,402364.2813096847,92.45343395732549,24860.95850855722,1.019342124103522,52.65924304766648,0.5178664158450961,0.9425859491702937
2218,1284.949950000924,0.07529457657057448,3.208329630433047e-05,91.13260926170184,402478.7579713494,92.62955656144173,24850.587215681353,1.0169626503835834,52.60584037655538,0.5173289457700773,0.11589199615784196
2219,1291.2473961869653,0.06913543777909537,3.199640486511428e-05,81.61090468132761,402583.8436883375,92.67069617527976,24840.290964686134,1.0185647908569517,54.23463136486404,0.5174536350536708,0.49486824981374866
2220,1296.482399343855,0.0683950314721733,3.197887394333606e-05,-205.3099064009485,402402.1807746599,92.5859898832153,25134.217142237067,1.0112101444844275,54.098622461531264,0.5247841597094377,0.11520465534724167
2221,1290.2707068086813,0.07292871696353853,3.19296896721637e-05,287.07921655922246,402712.8663909452,92.39815384247903,25123.929348904458,1.0336201889098777,52.54297817386998,0.5273502084656901,0.1144130661960503
2222,1295.3770026098211,0.06565759246595981,3.199054615634143e-05,126.02089686465007,402862.63981145446,92.47177323379476,25113.05070238666,1.0265145446900115,53.3438867515415,0.5253741230169838,1.4528849671484494
2223,1299.3377324160401,0.06083523007000524,3.213191223720863e-05,85.25761299858189,402971.756174739,92.63580741237985,25101.910728422074,1.0285897829602992,53.641281195087885,0.5253812311216314,1.6784464520568747
2224,1294.5970602320854,0.06345628111449031,3.232657804560109e-05,74.40385057499103,403070.0363531986,93.0271833579243,25090.6545352811,1.0324214568427075,52.55657856724236,0.5244850116477704,1.3660590597713878
2225,1297.5998682247894,0.061577025744589564,3.248448794826107e-05,63.751449889504585,403157.6516421808,92.70770257256738,25079.8646932609,1.0248924192826072,53.11942748068439,0.5314811554158625,1.4159931410078315
2226,1288.3975022638429,0.06687560567534645,3.2700652463921076e-05,65.4884705438451,403247.0485252101,92.79991716043465,25068.618703577988,1.0269712663240917,53.008971372327736,0.5315737108390106,1.358788711331826
2227,1272.9034619871504,0.07510037884681031,3.2786977284117666e-05,71.53694123899325,403342.3200514873,92.84019105726364,25057.372361453516,1.0247382714677715,52.856919043288514,0.5217589603127684,0.4291275208071994
2228,1281.609278074017,0.06999665870281357,3.27848737628151e-05,79.37779551022072,403445.3109082499,92.88570030993469,25046.130888728887,1.0284301169600296,52.78898964731465,0.527808116921155,1.3617706689790054
2229,1288.589780956669,0.07017679491742135,3.2882079637640444e-05,74.37774614539862,403543.374828077,92.89352376419201,25034.892199887843,1.0303398594062378,52.673596934729176,0.5216893989366154,1.7438228377121732
2230,1289.827596231883,0.06254066861537866,3.297681328525059e-05,73.96701701166407,403641.02810696006,92.82901195058642,25024.337864370264,1.0342335995721172,52.35578538408055,0.5271181020605845,1.5711959370423187
2231,1291.956878889459,0.06557966787424618,3.315652096203336e-05,74.08440871031922,403738.8948763795,93.40187743701621,25014.057439438046,1.0338640866821627,52.090606252473705,0.5277196472387008,1.38614529101892
2232,1301.7230026577843,0.05936001071745378,3.325185632741831e-05,67.16077475025395,403829.7766205671,93.2510349624922,25003.5166147649,1.0315747368266492,52.36965747386947,0.5286702895417085,1.3203952121923095
2233,1305.2493823783318,0.05831640519367742,3.346608840220986e-05,64.65079220974448,403918.2916736313,93.38527894109485,24992.170937494873,1.0242938690459813,52.316674883578216,0.5310194789379643,2.038005825741152
2234,1317.003608306219,0.056392212466088165,3.363561292499085e-05,62.53778477524804,404004.77720643254,93.40433262233846,24980.827782373617,1.0325075715354086,52.1229540876471,0.5266298369474272,1.7048653345184306
2235,1318.1597990402001,0.05885765717661373,3.382399793686544e-05,63.34505760510123,404092.1786986815,93.45369467220561,24969.677617189274,1.0280639506229028,52.10295724061119,0.5209272416808378,2.0295332883225683
2236,1317.012165673183,0.06055248082260978,3.398438368530571e-05,61.95993632029098,404178.1561469836,93.2971288092642,24959.163791968724,1.035997923087947,51.978288945351906,0.5366045863959386,1.2779332517469726
2237,1315.306181000134,0.059994039277559086,3.412112273026293e-05,71.69721180645178,404273.89356294076,93.47697441869138,24948.191352663496,1.0339684947825678,51.80880208885151,0.5369248296185234,0.11559490581494458
2238,1313.292186209851,0.060212475638107055,3.431180334895918e-05,62.34444123906633,404360.27184511995,93.35759762730956,24937.305444521942,1.030741207804681,51.745743566243625,0.535378633750941,0.11558322628711437
2239,1311.1678343412093,0.059683318935464746,3.437485029074548e-05,56.27038275173726,404440.5301505907,93.01985836766428,24926.359837643864,1.0339871810050338,51.679502069883455,0.5353878278277545,0.1153991505179306
2240,1313.0013429134892,0.054368918813488154,3.4442818627850105e-05,70.19783045470831,404534.7114926827,93.27338824821177,24915.386632828802,1.0312530144804521,51.63272545348225,0.550664561179291,0.11545400996814692
2241,1321.234881030649,0.05057070983395873,3.4567102396769737e-05,65.008687329993,404623.7423044955,93.45629681779127,24904.264329499165,1.0303047568946908,51.60635719170329,0.5442385105457642,1.2986684593407745
2242,1319.6938175795676,0.05419771136366369,3.4730609951325655e-05,52.056725188141655,404699.9280132912,93.37322955744176,24893.418484351583,1.0317872056210493,51.43395964834066,0.5446087235369017,0.11571988053113103
2243,1316.7941728126236,0.05491835111939136,3.485400828343716e-05,58.70166490156302,404782.710466083,93.39789252177536,24882.207938917574,1.0266197770066843,51.29936983406009,0.5434574645017176,0.1158238270141112
2244,1304.1735178720476,0.06323606991323472,3.496853989393664e-05,66.41973466493289,404873.1531965514,93.39395923284702,24870.973740212557,1.026176738801658,51.23699599501637,0.5357895080865788,0.11577200987622405
2245,1311.618465246888,0.057190287100242876,3.499342947009734e-05,61.298576599511335,404958.3490821115,93.30659619753368,24859.67814815636,1.0260112071835352,51.147495376821766,0.5356841351571697,0.11578357469308287
2246,1310.0850420374602,0.0638215186031138,3.504370385002193e-05,67.38820492880262,405049.70455551986,93.31815724702633,24848.5446242692,1.022297312089837,51.232508531889934,0.5320169661395638,0.2656266959553193
2247,1311.4736222018655,0.05597292113957941,3.502283568880903e-05,67.72291986968062,405141.3463137633,93.115172943547,24839.21696077452,1.021206001302709,50.996758490383904,0.5311091646282582,0.11588632185053882
2248,1312.5711297465193,0.06003874696645073,3.508542265762244e-05,63.879537968678335,405229.1867785017,93.12870201352412,24829.93304431752,1.0235654691791989,50.94888097660797,0.5276981748746922,0.8476121939855261
2249,1313.655318097357,0.05920488477335584,3.5104061929411755e-05,62.30516329197047,405315.4029046195,93.01438215527662,24680.53167283382,1.0227545119916566,51.098348884567685,0.5306741331167973,0.26364641924547527
2250,1300.172076982588,0.06933969282674035,3.5131207198442844e-05,66.83985138241246,405406.13238445297,93.06459673018104,25240.08720001444,1.0236323791782411,52.542909570726195,0.5296657657673086,0.826661236567773
2251,1309.8395818634517,0.060503288489164087,3.50500794627073e-05,77.33924010736251,405507.18099743454,93.38416506895076,25228.744989612886,1.0269273292239327,52.561553808768195,0.5302418155797326,1.4840390500414458
2252,1300.6592989657295,0.06207591734016282,3.5063353848096236e-05,63.72412736480604,405594.6934046484,92.62963821924679,25217.619186595293,1.0212417796608726,51.02813667195217,0.5300803200931569,0.32753888842148626
2253,1293.4749248753203,0.06718347179431361,3.505955499343338e-05,69.42989984637978,405687.8572437668,92.82161523702145,25195.799735336543,1.0172238459227698,51.08442322649097,0.5290026632482897,0.1859733683541549
2254,1287.5217586122637,0.074060349389652,3.5001193357482165e-05,74.27103821354541,405785.81337320793,92.60255647098111,25184.628119820074,1.0274736470034256,51.2093760044003,0.5283330640299196,1.257427285703102
2255,1302.1216623702976,0.06652294703593142,3.486984970855272e-05,78.18528339975407,405887.5423861478,92.72062254720393,25173.25961801924,1.018523914356599,51.18039126674026,0.529805790558292,1.245672237055075
2256,1303.9962349150662,0.06302450202036458,3.4819436726670025e-05,72.565850197623,405983.78802371456,92.56508902700388,25162.168757117623,1.0236364517958034,51.20795427275149,0.5271323288275229,1.2482961750997958
2257,1302.233879918257,0.06235389283946413,3.480635851671481e-05,72.47694592144148,406080.0390194757,92.38876358406945,25076.7382224997,1.0286914941640004,51.23244316092722,0.5264055281698454,3.2985952363756468
2258,1304.121408777978,0.06291470931699972,3.4800231994140545e-05,63.533220885194964,406167.3007282478,92.24740616554035,25065.274312870533,1.0171146284845645,50.98999650954086,0.5287773803583844,1.132493280285388
2259,1306.325851485561,0.06280726767050648,3.478789537126833e-05,72.86107064912878,406263.90013480966,92.41070689233129,25054.069406146496,1.022325471602307,50.86541409787509,0.529590511920962,0.1155143043173581
2260,1299.965210943031,0.06764695446832591,3.477649972669695e-05,64.59173862420391,406352.2693840871,92.38828952237681,25042.765607839734,1.029959740138773,50.85067181334614,0.5304314244383983,0.11566254259329867
2261,1304.4643569940567,0.06358277699183223,3.4750437755805655e-05,69.77203969223186,406445.8046800805,92.41650046866216,25034.80150587672,1.030118008939113,52.43480383511014,0.531081596162723,0.11589294754965351
2262,1312.1808370624667,0.061070835508935106,3.4867737129415846e-05,67.99192906840022,406537.7709657366,92.41606944033688,25023.523546534474,1.0322264266793044,52.19267703588689,0.5260032247543253,0.3171989300414424
2263,1308.2832639906087,0.06858589769398193,3.501029754424712e-05,82.65249780140488,406644.50808512175,92.80150955990341,25012.53638617735,1.0306195796730946,50.04493447985915,0.5350813963381553,0.11583575412929292
2264,1305.9366262049818,0.06568772766924846,3.507314625797477e-05,73.18598894289329,406741.6739344137,92.62718330369967,25001.35870823623,1.0262143920052347,49.92805535247071,0.5362811796500139,0.11587959610832854
2265,1299.858352397361,0.07304634773744645,3.516679737931564e-05,63.134644298378475,406828.86545453966,92.49733623489242,24990.552414989794,1.0292024237460582,50.67047580293338,0.5469711975502768,0.11574616916237801
2266,1299.1958992363595,0.07161048443675044,3.5177962454404117e-05,73.16072979525558,406925.82309787173,92.48837041462853,24979.512811452947,1.0301241520398035,50.76316016794874,0.5393443160765927,0.2421616016960968
2267,1294.027373952612,0.07627767516871875,3.5203760033373803e-05,88.07168496518793,407037.71820996905,92.78093717049727,24968.411634787684,1.0309584598856436,49.6357875822658,0.5443654768531029,1.629438359304885
2268,1290.143996122011,0.08220928031537733,3.518231407304906e-05,85.50205890696637,407146.95231168746,92.62391348901595,24957.068239844073,1.031190077177722,49.51529853976133,0.5329179519191555,0.32635126255824787
2269,1285.679491112177,0.08204038024001525,3.50985564134263e-05,82.29974197854585,407252.9443148745,92.43214958459977,24945.731455256602,1.0106574775000725,49.40869741522077,0.5323702925993766,0.3286640635300131
2270,1290.685094201851,0.0738468610034465,3.497287480382258e-05,78.31362643720956,407354.88480837847,92.71209202030347,24934.29163536394,1.019795261483111,50.49065732977937,0.5306854860766826,1.6941670025960889
2271,1283.4311225174615,0.07679886761077448,3.492843550794427e-05,76.5258918302159,407455.1482098305,92.578327973518,24922.860663287152,1.01909251579964,50.53536494255465,0.5287132772807499,0.7848099113402185
2272,1272.069789419484,0.08625346844278858,3.485250031180241e-05,96.60917354654885,407575.5025000386,92.81609274004599,24911.76099446197,1.029474302674449,49.71166931447023,0.5296180196654722,0.11595424323105874
2273,1264.0097180220425,0.08901219826929319,3.475765224413479e-05,82.8102628969558,407682.01790787943,92.50535499442412,24900.505194937024,1.0285355696256973,49.64536112900084,0.5684231097089811,0.2933772811935853
2274,1261.1684006594094,0.0937258142050943,3.4579271952100523e-05,111.25966968379305,407816.8281293478,92.98124170992757,24889.201484219888,1.0149588355689436,49.5500194916644,0.5505365169817309,0.31000183654643365
2275,1267.4684568732393,0.0838761015035373,3.43192295002621e-05,94.03063297214914,407934.32242005336,92.71717771600582,24877.86085911914,1.0294640824165817,49.66595290997756,0.5526701074731534,3.8504907600804756
2276,1271.927874277107,0.08484852918522379,3.417222200146444e-05,99.39599355609255,408057.2496276676,92.6645029861298,24866.3966227703,1.019759833338183,49.347831811592094,0.5451124903499883,1.4770377287701564
2277,1282.2797974628797,0.08186395400616753,3.401660866339797e-05,87.84235322690637,408168.60525565594,92.48804752457153,24855.004166425726,1.0213623068922364,49.33724063008718,0.5423711732633437,0.3218734420611469
2278,1271.755232467163,0.08164848222910914,3.3894795892316554e-05,79.75465751538431,408271.9437722579,91.96815822625085,24844.051915337248,1.0197318382533878,50.35440728242162,0.5433133643517688,1.1471744665074368
2279,1264.610606561554,0.08980537199156047,3.376019391982904e-05,104.81090080612552,408400.26539447904,92.41881960293908,24682.074250966423,1.0135517409472417,49.16814778207157,0.5439500670672431,0.29064150291580404
2280,1268.4936050157494,0.09127570876538471,3.355612295304755e-05,-180.6442751679429,408243.04718122503,92.2945815251937,25124.268736792015,1.017570368984667,49.4397310544683,0.5433512104492453,1.015444222179525
2281,1268.5971390682669,0.08769910554765181,3.3338400215706074e-05,294.8500997924697,408561.22977026703,91.73131427532337,25112.65523916385,0.991060783062216,49.97850381848039,0.5358791946960244,0.2765540474280783
2282,1262.931545374353,0.08798424120625636,3.3040617327310414e-05,156.16017568281197,408740.67652071593,92.01944080484326,25101.04426593041,1.013300513868681,50.277858504719475,0.5403706593243424,0.11558730850414634
2283,1266.0922137175633,0.08237559090109248,3.280089838290742e-05,99.62346450394759,408863.6409132766,92.030697055537,25089.442686493563,1.0091985695035504,51.59747976589175,0.5412785733249975,2.5264156068142256
2284,1268.8409317976646,0.08632120338350635,3.259689498542903e-05,95.15218896384306,408982.2049185712,92.21288530279968,25077.847547548423,1.0075608193085028,50.29135943519944,0.541790304335438,0.11521895694414752
2285,1276.7931679306841,0.07861001803621337,3.23397326063616e-05,97.37365300718923,409102.9637111919,92.10356561726108,25066.25878002597,1.0159945897948892,50.20902159918053,0.5416955417456768,0.11568405875405574
2286,1282.3600002754874,0.07852003675734454,3.2169079190484685e-05,88.84409583638839,409215.3101553649,92.1791520850317,25054.676393736467,1.0080918663244272,50.098433375463294,0.5464028830664155,0.1155441912945605
2287,1276.7735801500148,0.07979286552433063,3.2001497632666344e-05,89.07340412492624,409327.89006992476,91.89335924649994,25043.270971772785,1.0035444399753517,50.17200571977662,0.5462832067673296,1.0669067859513603
2288,1279.5533917039281,0.07530643256799185,3.182262877432928e-05,72.8955387637115,409424.25903585984,91.70225010590607,25031.74398358823,1.0040894187519924,51.22399608530674,0.5523298206322396,2.1402742438822315
2289,1285.8131559211631,0.07106713614730886,3.164911221707403e-05,73.58908645167634,409521.3356870728,91.5219472471462,25020.65730810272,1.0133606567553752,50.87728196362778,0.551703239832607,2.1742933042525294
2290,1273.1429489924155,0.08480483086880519,3.1582462391501746e-05,94.34985442754513,409639.2863009652,91.70085597945392,25009.16762867632,1.0074259268938945,49.85321314136363,0.5656126398827637,0.1155627852912886
2291,1260.1112805568946,0.09250697152631204,3.1395688925861e-05,98.30162348106151,409760.9665709297,91.84169292567982,24997.86695524285,1.009237581221682,49.78128495693473,0.5676125604330232,0.11524717257235295
2292,1272.0380506250185,0.08191854559339129,3.113321026158978e-05,96.72426704060868,409880.90939705947,91.88181922864887,24986.545582685558,1.0064212640461492,49.80044280270147,0.5693791134670205,0.11564314071661386
2293,1272.2305860882732,0.08328654526024926,3.098634025580561e-05,88.26278238456885,409992.54544426827,91.83320654459264,24974.984431600125,1.0134461048982755,49.614392407425356,0.5649263533767457,0.11552873520969342
2294,1282.1256864919103,0.08087959632331976,3.082669496755733e-05,92.97344915708007,410108.8550175851,92.08695210422579,24963.737210840452,1.0098932805129142,49.47144098623022,0.5626357988544985,0.11559190825532539
2295,1284.974357353588,0.08363154514361026,3.069462284316445e-05,90.13329184509826,410222.36018987116,92.1977456702284,24952.63419430274,1.0083710134531392,49.44435503761415,0.5618863752866898,0.2312114940529142
2296,1274.4904771086972,0.0931664326648789,3.0534760708115304e-05,90.09411570443726,410335.7655302508,92.09416076899673,24941.448582631052,1.0112129635473814,49.47302990517086,0.5591735012239283,0.11558930690260638
2297,1278.370392997828,0.0986446357486116,3.0274861707688967e-05,105.25911681664905,410464.2067269925,92.22489716979993,24929.94917965847,1.014573954723628,49.37910748396972,0.5567167885785277,0.1157022329473989
2298,1272.5949454902511,0.09748174279717203,2.995885904752772e-05,105.32399804049194,410592.6628892603,92.17730944037291,24918.671926818566,1.006758091135907,49.28161198982455,0.5545953795363814,0.11563964770907376
2299,1264.7987854412766,0.10461476619537047,2.9658281102357757e-05,93.24626988659679,410708.9804312939,91.91266677353038,24907.196110453344,1.0034989241051966,50.17494183496046,0.5521536489125655,0.11555744237870158
2300,1265.4207103856627,0.09915849700034107,2.9258340771668303e-05,119.92552139323078,410851.8877173773,92.13953493518412,24895.88055817229,1.015239516148408,49.35249686229524,0.5514589718563935,0.11477767188634402
2301,1276.9396890715702,0.09236164642680755,2.8945684977433872e-05,110.34116472296097,410985.2518760358,92.24419613594453,24884.762859406408,1.00099813818187,49.29619168187074,0.5495788496512269,2.058466146445838
2302,1273.9998286899495,0.08972415113630339,2.8710299753194296e-05,86.77039892990939,411095.19366869796,91.91046043821216,24873.638926009844,1.010354642894142,50.31677740871662,0.5478480931577493,3.2832226511553273
2303,1269.6609258896742,0.0964513622336226,2.8478353147597225e-05,102.90094813816037,411221.25401079084,92.0110254633745,24862.32576102345,1.018128584665621,49.32170596592871,0.5456266343979983,1.335404315961
2304,1257.2720391904063,0.10516477908506261,2.8367862294545878e-05,100.66807616842405,411345.3345048412,92.01578593633018,24850.853480268695,1.0359758471241094,49.130522971092326,0.5450404093647824,1.331049923335243
2305,1258.4664399455314,0.11379859115903734,2.844424922444974e-05,115.7267765071663,411485.0733128063,91.87056972112114,24839.479451557432,1.0273724251366132,48.96338667344505,0.5434524848479364,2.4372926006296183
2306,1256.7010565427245,0.1171023164593753,2.8406895106727568e-05,123.14107886594931,411632.1355368832,91.86934156263871,24828.014977264465,1.0316567417176588,49.051979806806784,0.5275165779021944,2.354349185204754
2307,1246.7805536317119,0.1253853015403944,2.835622974715136e-05,132.48602559072782,411788.50908306305,91.9202571560356,24816.556632446707,1.030142257311791,49.129820792738734,0.5240667165291918,2.3189093161563505
2308,1251.3003654505849,0.12082434700849753,2.8195473394168138e-05,135.45611109189235,411947.6588813518,91.83121000762466,24805.03562303618,1.0280034752975928,49.10771305039049,0.5320512575058899,1.3126605650788292
2309,1246.8738347930635,0.13030841105919588,2.8105379240688067e-05,133.21150027565525,412104.6008311324,91.71461648742257,24793.522887462103,1.0407242079109396,49.18365190683649,0.5397431150837562,1.3076848620595598
2310,1248.396721817594,0.13338919659529103,2.788486977861712e-05,13.38114807885222,412141.5628402391,91.2463753033668,25276.12446388913,1.0369668400666336,49.246617770836565,0.5248895839683654,0.11483520368932432
2311,1250.1922098410646,0.12906475389088112,2.7707385930365557e-05,245.4610960178229,412410.6130354133,91.13078720914554,25264.39033759006,1.0253037581677218,49.57310154163696,0.5378272292081517,0.7234940472353912
2312,1259.1819715522818,0.11908593685918278,2.7556142004879483e-05,161.77091530848205,412595.986515411,91.36687300193454,25252.623475682423,1.011155404998809,49.81561668585478,0.5334294935478439,0.11526351125705503
2313,1255.8795787640913,0.12095598129924601,2.7496610823698478e-05,148.5733431442315,412768.22287079645,91.73191864630331,25241.275879829507,1.0340115276166806,49.928114535905706,0.5323993548597011,0.11435625686328876
2314,1265.319375182445,0.1149740308322359,2.7396676185034936e-05,131.5579162495241,412923.36330552615,91.62546360682741,25229.52377607918,1.0330126276944216,50.05034309760127,0.532471890169838,0.11536485731112123
2315,1276.0070684008474,0.10564221351974157,2.7351642368564316e-05,127.50301367963846,413074.4840240563,91.74803104135866,25217.84749942465,1.026894545861984,49.998702079863705,0.5343115271088373,0.11467973548452903
2316,1273.644059558855,0.1095381426248645,2.7400385475551315e-05,121.46506105957468,413219.7425871549,91.79699964979723,25206.171355547172,1.0247789344922613,50.17572254194074,0.5326011435501564,0.9237660992058352
2317,1275.7392973503518,0.1082821541174489,2.7411998379734166e-05,122.33440304774257,413365.7875990021,91.83293531687607,25194.502327448256,1.0383300902768444,50.18344929920107,0.5315786832420262,0.11547589452605678
2318,1268.4776426998385,0.11347708788479083,2.7444778214608017e-05,120.36704828000492,413509.8598675337,91.8141366398239,25182.841259552668,1.0386007234600867,49.99377773236574,0.532148359040244,0.11544035351417392
2319,1265.2847540893129,0.11704504443603148,2.740907414476611e-05,127.6681467024683,413661.1185386301,91.91591038358456,25110.88515565682,1.0295537072090402,50.011014292474364,0.5220319119582234,0.1150143233431038
2320,1271.0245064148503,0.11386208134496356,2.73437576553748e-05,125.66358921751916,413810.31502928765,91.8073645898065,25099.173451132436,1.0307690668127818,49.96104287207372,0.5185852952926541,0.1148524407008864
2321,1269.8195314496752,0.11508966190936909,2.7303761166629258e-05,125.97816100506387,413959.8483120568,91.75224621922878,25087.46746370788,1.0280265558577262,49.9097429263573,0.5254697236234832,0.11472107297483092
2322,1273.5016037342477,0.10998914085532108,2.7200471737290148e-05,121.58827380041853,414104.93835711357,91.64485409728752,25075.768749648418,1.02546912616931,49.7515699325927,0.5306751978653164,0.11519886537512036
2323,1269.9380980117096,0.11403348204027652,2.720167091587127e-05,119.31181545925827,414247.78306008584,91.56413866242237,25064.077413380146,1.036708544575883,49.817729415838144,0.5299281778093707,0.11482535146258499
2324,1267.7182752398448,0.11611704325442096,2.7107951741496513e-05,125.73639141650517,414396.96516074834,91.71608257852925,25052.60347721726,1.0283305835841787,49.620382595983145,0.5292409050350569,0.11450708212497318
2325,1266.4344294898658,0.11718598354340437,2.704401559487572e-05,127.46570457004694,414547.8318637741,91.66946645928688,25041.016089696503,1.0284689275303496,49.67013424499151,0.5285218972890118,0.11514402999652873
2326,1263.329160976679,0.11990901354454242,2.6914478265964772e-05,131.16725498811402,414702.3744389435,91.67261384791823,25029.423681884255,1.0269424336362198,49.617731035867635,0.5278554455624922,0.1144829672861789
2327,1260.264577604394,0.12167462702164988,2.6813015734967466e-05,124.89410866185383,414850.5821883265,91.43884154466217,25017.837138312098,1.0325945433455301,49.43932085608823,0.5272050035093301,0.11534135881879592
2328,1256.4924290999704,0.12522406338781922,2.675477104445312e-05,138.7406600666803,415012.97651747137,91.70114833956738,25006.25144219457,1.0346425065958527,49.400545027975056,0.5265270209255091,0.1151698317529366
2329,1253.0037872974704,0.12807378197979458,2.6720403659189077e-05,137.25536168998124,415173.78549874213,91.32691699779961,24994.669983690892,1.0343250652609852,49.400503543368416,0.5258700871633488,0.11527207037694609
2330,1252.6961140647618,0.12921467768902772,2.6593310265820686e-05,146.43265577889852,415343.7002564047,91.23614551254992,24983.09164858451,1.0343759854780443,49.42004404694625,0.525246078069295,0.11509258393799371
2331,1254.8461743736798,0.12927525806989415,2.6453732151547616e-05,138.95456902773427,415506.1041642942,91.06724917588156,24971.517702846635,1.028743283586767,49.41475993982071,0.5246600051314164,0.11511359738345561
2332,1252.9812862992737,0.1310995478505088,2.631307094457017e-05,143.3020135759844,415672.8493065687,90.89800136776417,24959.9485727815,1.035409938957779,49.414640719887366,0.5241015740715581,0.11524546717106432
2333,1252.2403747149278,0.1322247700282071,2.6152581114482214e-05,143.40635537693686,415839.63927931944,91.03881888896271,24948.38406253383,1.0315179542173065,49.5254264847522,0.5235711041784373,0.11498360372078764
2334,1250.8712247162555,0.13357307183155176,2.5979863276230902e-05,139.5064484391091,416002.497560891,90.8726038439293,24953.907566009504,1.0295019447561065,49.39856994673877,0.5231045488651103,0.11524801451284361
2335,1250.1543579438726,0.13467022071228685,2.585706206558621e-05,149.2029581261904,416175.1936450539,90.95189367285553,24964.674393797068,1.0361232865605616,49.54128258447519,0.5226187541833798,0.11502517914324528
2336,1249.4464094525988,0.13448750415928956,2.572194739722493e-05,152.86108060624733,416351.5044484016,91.60483260988914,24971.791183187393,1.0360011908537872,49.56511501272077,0.5222053492169967,0.11509434340638336
2337,1232.0374834732015,0.15240596184392385,2.558824246499427e-05,146.81845171726545,416521.7327896017,91.19321213636593,24960.307987948363,1.0325163282651837,48.69468992742481,0.5218206939798651,0.11525593014204105
2338,1228.0027179806414,0.15435718834433698,2.5325094622402384e-05,151.58978408209856,416696.2393229682,91.53589515618543,24948.769540481826,1.0200627627744518,48.62987121822998,0.5211630853061432,0.11491039113306556
2339,1229.1128536898855,0.155952052548883,2.491808701058577e-05,166.52649771573618,416885.51676342887,91.56211367560917,24937.230985078808,1.0115985611661382,48.83116663420269,0.5205169193851334,0.11492548242007672
2340,1231.419677355997,0.15435537510784547,2.4457221661393342e-05,172.86765986965608,417081.1254699317,91.62433385365361,24925.69778785094,1.0187687397148277,48.9571740855735,0.5199512848900971,0.11516405150852904
2341,1232.9515445865948,0.15313786689170172,2.401411896262301e-05,169.0905294992424,417272.96255919244,91.65533457604658,24914.168936534737,1.0134090348574003,49.06931599397076,0.5194563747511604,0.11503243122336926
2342,1234.254229254933,0.15091016536643453,2.3557911402352143e-05,166.7858401515825,417462.4891762627,91.45240984181083,24902.662381779846,1.0248304504726349,49.15083504514269,0.519024088524294,0.11538118437880485
2343,1234.4699022248833,0.14933612418921427,2.3128910541157545e-05,143.47283731213696,417628.72618498787,91.7118796438169,24891.15135494908,0.9766436471182157,49.19988304663232,0.5186408538376224,0.11533039257018629
2344,1235.8713997548577,0.14881700146608312,2.263964556087756e-05,177.99320922039323,417829.44358828326,91.43790022575071,24879.645957701832,1.004253182346492,49.33138304884173,0.5182934227161106,0.1153115582005313
2345,1237.6677530117381,0.1438145274398931,2.2181177614037874e-05,163.86526525078173,418016.02863497136,91.68470210738522,24868.143356664546,1.0106684253378795,49.45627778547168,0.518007669804176,0.11526495070867782
2346,1238.5536875771697,0.14099600184666516,2.1782870425151134e-05,153.1848958576128,418191.9595761722,91.43924647779028,24856.642929548045,1.019942492074967,49.51662211418367,0.5177782820560497,0.11531058280182549
2347,1237.591174179844,0.14081822169620017,2.141529149557261e-05,153.80030775566283,418368.52887356986,91.37338493819482,24845.15048319099,1.0152529841915272,49.50285838672597,0.5175807231543044,0.11543069136816086
2348,1236.584907066819,0.14022577681659898,2.105035840773373e-05,156.04330370868888,418547.3015874849,91.79446680149755,24833.66139893074,1.016231069786414,49.49983641191218,0.5173884895297592,0.11510853276864452
2349,1235.890356474135,0.1398935085282943,2.0693122286870608e-05,151.26481041085168,418721.275952335,91.69186585838982,24822.187665264893,1.0164144248304334,49.46958871317638,0.5172050544844546,0.11542103876983845
2350,1234.2195190670957,0.1408623197359824,2.0340850704102196e-05,149.31576031856267,418893.28753087646,91.47919487361162,24810.714972297763,1.0173908852817628,49.41116571045902,0.5170206486842083,0.11535432031902815
2351,1232.9228296568772,0.14124787252910997,1.9979576631563573e-05,148.45498052531835,419064.4093669218,91.09009115783142,24736.444434766556,1.0176977987781755,49.35739353336663,0.5168259780272882,0.11558481872555149
2352,1232.1735458154542,0.1407990794810623,1.9614080000702574e-05,152.61223804165766,419239.6684182576,91.13888449490854,24725.01863868957,1.016905916199609,49.30196846700095,0.5166034523113929,0.11555279072879898
2353,1230.4729811102504,0.141790681512603,1.9247119777996797e-05,130.68894526428167,419393.01130080223,90.78969818089335,24713.598318376942,0.9981267502211166,49.29220673849911,0.5163735879582052,0.11531186315067998
2354,1230.425332923881,0.1436169991784031,1.882842320938064e-05,160.80265887342415,419576.3834378613,90.95017773737915,24702.185717019995,1.0065201773917825,49.30056912264008,0.5161521524437751,0.11561075781204977
2355,1231.3046678979038,0.1408512608579754,1.8389568792216248e-05,155.6170628229942,419754.561061907,91.09353109859137,24690.777426347733,1.0057468725655287,49.35357241585564,0.5159446495491147,0.11548091014452666
2356,1231.7951078029323,0.13894597300388667,1.7982025031720747e-05,156.58411488874006,419933.71886324254,91.32648016639078,24679.375133338675,1.0081105556558012,49.37833884446969,0.5157654959742861,0.11570362421083757
2357,1231.2481241601577,0.13777627380906676,1.759687260091892e-05,127.86798152392925,420084.16414831113,90.97078514053972,24667.943711519863,0.9978136621285892,49.27516713945362,0.5156036809781259,0.21299225782584585
2358,1231.0436003149346,0.14230053973782575,1.7133398787940628e-05,148.12956110229914,420254.8242854598,90.93972200427699,24658.403096491278,0.9913826046528891,48.97839602841859,0.5154191585295123,0.12159309638218474
2359,1231.0726796120794,0.14227256585116155,1.66227555065631e-05,157.87351815897065,420435.2189060054,90.93941624341772,24647.81971453794,1.0010034239941004,49.037121310980716,0.5151388898628775,0.11565147503009143
2360,1231.3304856269156,0.13998145674326035,1.6106864683248534e-05,158.22092166872312,420615.94353706366,90.96343831352206,24638.04083905719,1.0056054052818204,49.092633755824814,0.5148943037188666,0.11552430672563219
2361,1231.524464893559,0.1390784961286088,1.5619361788491002e-05,154.05526203819926,420792.51128916454,91.0908964663638,24626.634253093387,1.0052443919469594,49.53587987446032,0.5146807984131483,0.11561088190754276
2362,1230.8850759876034,0.14015771240836228,1.5097544967754393e-05,146.89233694232453,420961.854394841,91.12575174551338,24615.235533512227,1.0067959960536181,49.498121868987255,0.5146269236551283,0.11573073073095941
2363,1228.9326588255897,0.14104400391821048,1.456772073312189e-05,149.44746112715774,421133.7586821725,90.91650336004221,24603.84357535907,1.003084934703667,49.4350117856489,0.5145631323387246,0.11558824337569717
2364,1228.5532197619236,0.13989601614926406,1.3973094649218377e-05,150.44102917108253,421306.5944854616,90.6523782007097,24592.458439655402,1.0037571048238374,49.38450446038536,0.5144814918501246,0.1158120578330113
2365,1226.7723468754268,0.14052643481326932,1.3389732382570881e-05,151.85045414921194,421480.86952989246,90.82268205043401,24581.01607525575,0.9922784556280724,49.35633256004359,0.5143870256879426,0.11566277787271417
2366,1226.9000100228768,0.1391245288483126,1.2800112036139365e-05,145.8094501969182,421649.05029458203,90.7268330947467,24569.63368022851,1.0040570968915312,49.33621059622524,0.5142879918550249,0.11574463631924914
2367,1225.9846709159865,0.1392261787524116,1.2223174860615658e-05,148.40425569929138,421819.8261101311,90.78132484821049,24558.32999192458,0.9980816170132834,49.284080794900675,0.514187256276293,0.11584443584803239
2368,1223.300721800512,0.14065627264099323,1.159456197640974e-05,144.69644867038676,421986.87302791013,90.77760468703596,24546.970524254055,1.004939909939703,49.2190798119102,0.5140741549789776,0.11572159041580221
2369,1221.7392118926143,0.14177879251986147,1.0956931975775999e-05,151.45625657563974,422160.6360494384,90.74909473062867,24535.617544008855,0.9996259904681886,49.13735896897392,0.513945058280507,0.11573978560156206
2370,1221.0865335467593,0.1419802307622453,1.0311354106387557e-05,-1058.7593954111746,421124.1727042411,90.76845596237472,25869.0365261717,1.0021469364578655,49.107993233429625,0.5137755349169694,0.11577838755187031
2371,1220.5377272163073,0.1410379276130429,9.669085554338211e-06,1067.9961973011045,422214.4508659848,89.66154567078263,25856.95896720314,0.9919508481165724,49.070654492985724,0.5136047821249602,0.11580296187153749
2372,1255.2467959180303,0.10014960295645225,9.04195638414595e-06,359.6064866237218,422596.36239687895,89.98185297720514,25844.88846351932,0.9979655578484777,52.81827714150576,0.5134301923844244,0.11571884849907121
2373,1255.1525483904252,0.098199475856098,8.854981752588185e-06,165.77089490576373,422785.01724123635,90.52523286490847,25832.82583355716,0.996548897385869,53.51160418479032,0.5145227420246616,0.11563005291024808
2374,1262.0282145057013,0.08421767918297385,8.69015313177904e-06,110.92214831226511,422918.8332324053,90.99632553262852,25820.77394953532,0.9978197712441059,53.424749753116345,0.5156883513378908,1.0086550896632929
2375,1256.123293787662,0.09153752928515857,8.675665367943514e-06,87.23896461680917,423029.1322061018,90.7810902275428,25808.730776285895,1.013153617315553,53.08268028050986,0.5148668848501928,0.11573562894882627
2376,1250.4925042618665,0.09662648850248678,8.562630579826968e-06,102.80781040990345,423154.92779048724,90.48309460166169,25586.58099481033,1.001467018779911,52.71748922535324,0.5145364325469366,0.11565211670725262
2377,1258.5766185077537,0.08970981981579051,8.39655779080732e-06,101.02820213459256,423278.8349983488,90.52100383647523,25574.73127590668,1.0008016641283033,52.42430020840584,0.5139058255804323,0.11571833946068466
2378,1258.0354268644328,0.0927190177669801,8.375210487332859e-06,99.57194486215502,423401.4098877627,90.35814667912128,25562.843381221115,0.9968415126716644,52.35765639848075,0.5197228952317171,2.2462141391876145
2379,1262.2093374697392,0.09168660384499894,8.251317429708206e-06,96.23938231103685,423520.711564861,90.2286911852215,25550.896918366754,1.001824436106588,51.864191563760336,0.5165754630443714,0.11583611184552467
2380,1255.1256224858244,0.09350637771267312,8.281045786083703e-06,98.07519593908674,423641.9739772748,90.1451456358138,25539.07812885304,1.0053338067414133,51.6173307547536,0.5176220601806713,0.11578516286749618
2381,1268.0650899530126,0.08233247754112494,8.204384104947257e-06,98.68958187967516,423763.84782527795,90.2856090737414,25527.208720360988,0.9955239259558806,51.39874631688602,0.5160803192566829,0.11583446136296516
2382,1264.441405096435,0.09354505397109891,8.247301529335489e-06,90.47076398603429,423877.6423791066,90.18813068887881,25515.47911756562,1.0009769828853883,51.12057058872274,0.5179624492202353,0.897050351847966
2383,1263.845399810815,0.08874275022748701,8.16473532239018e-06,101.25484533087717,424002.09638070554,90.118549544568,25508.878248601264,0.9970287153425054,51.37104755591727,0.5226512336247218,0.14174180622831045
2384,1259.3361107965577,0.09265339508856651,8.145165189401379e-06,100.62009866413277,424126.0968157527,90.07234827571611,25500.88106316809,0.9961596519474036,50.74578916016077,0.5228278261027612,0.11576430590486098
2385,1260.3353207399903,0.09520155748677683,8.084933424993919e-06,97.39317273453338,424246.89323270024,90.022894329496,25492.27316306796,1.0037374356702848,50.55734078834006,0.5227506014127092,0.1159660063188852
2386,1263.8862106345298,0.09545982066001057,7.999084238352378e-06,101.67247510204473,424371.9283681589,90.01556874809347,25483.99778943795,1.0025570735571372,50.37077127295823,0.5226138528483115,0.11578175437739446
2387,1259.7526543614267,0.10098711466571997,7.910831165006067e-06,110.17453577418652,424505.4660834913,90.1106114270987,25474.862472689118,0.9921841091304511,50.23635132468067,0.5224213299334148,0.11588298732353053
2388,1255.3216880193013,0.10484648425374177,7.765101472954772e-06,111.6451229181479,424640.4099057303,90.20015497793011,25465.741176300966,0.9981664013110819,50.10170118318238,0.5221932722861153,0.11582984402235752
2389,1244.524547668514,0.11240339762655238,7.575538319063121e-06,116.39142838795652,424780.0096205692,90.09679289565008,25456.4919301333,1.0013602677637743,49.95143904915181,0.5219314449070696,0.11585281349935883
2390,1248.2113507128965,0.11325828679848982,7.308021128355354e-06,122.33537820746363,424925.426949291,90.10743136705216,25447.02326715043,0.9991947250657162,49.84475351324771,0.5216322917208377,0.11587622269914277
2391,1247.8365747233047,0.11437541332129564,7.03410105019571e-06,125.80092274719661,425074.3169027259,90.15764154544537,25437.38848735842,0.9957797350452389,49.74440691561046,0.5213123309041539,0.11587432576507695
2392,1245.9185150265193,0.11624757576622036,6.750229958486922e-06,128.22381626386294,425225.61737482174,90.31074159526511,25427.773220134375,0.9924176662622699,49.669062292425934,0.520974753921178,0.11584490109027001
2393,1243.7626658252157,0.11749368223745615,6.448459296924544e-06,122.30374664395322,425370.94677696587,90.00876433804848,25417.860268600325,0.997228683573275,49.57863403313204,0.5206288581909452,0.11590432275436058
2394,1238.9987678177245,0.12392526684152061,6.135596770483437e-06,132.72391737109885,425526.6616684641,90.17608011350507,25407.80215849833,0.985855537733146,48.144937608654836,0.5202699797620596,1.4665738340744099
2395,1232.5701489435073,0.13189604110704778,5.756563518391908e-06,132.88127291500578,425682.4289609632,90.10657597680931,25397.71888242485,1.0080986804540255,48.11303809882976,0.5194995104943905,1.5268667187678489
2396,1224.390053647632,0.14235888107632455,5.295493529164646e-06,140.21879337035085,425845.4305973525,89.97430222179617,25387.725114212717,1.0007547379541297,48.029787038295645,0.5187592641040756,1.589114302227614
2397,1217.1732086018403,0.1509197591245598,4.726504399838687e-06,152.93589047175695,426021.0371553141,90.09880342954969,25377.3521934676,0.9966363856865837,47.972129782936896,0.5180306219274935,1.671188016933641
2398,1205.9358183265847,0.1590197446633761,4.069026893458923e-06,160.0109052731983,426203.6121063293,90.04157930234443,25367.129066323672,0.9970580108745547,48.01477859789741,0.5173222525281759,0.11590593298734575
2399,1206.6822885508543,0.14114113562874098,3.398059505534696e-06,164.00481578272297,426389.94405277836,90.17667254264512,25356.21254445273,0.992330159339597,48.08756239795947,0.5166042639296217,0.11590813583325144
2400,1208.5473428381008,0.15492386054442842,2.845266105957186e-06,-143.40606751976634,426268.80223699403,90.25028135048123,26871.240455721596,0.9994201286142844,48.17772350155323,0.5159077800660807,0.11605375793364203
2401,1206.04279531498,0.15595417470521533,2.1556916549713536e-06,392.2985462885823,426683.4160013827,89.9078847833319,26858.633605947078,0.9894402957747258,48.178833537756304,0.5152766915258984,0.11558470550863831
2402,1227.6437892645215,0.12799276008467808,1.4620442809001782e-06,214.05684016482442,426919.75877847074,89.92925218687922,26846.101811730692,0.9861893654867244,49.16153446444136,0.5146779992816665,0.11571959635628559
2403,1233.6558740373562,0.11865566374471836,1.0501808510987033e-06,152.43371421895802,427094.83443205105,90.63819781903138,26833.505119560486,0.9981801237430235,49.40887167049012,0.514439457730911,0.11583127481247857
2404,1231.5316830587788,0.12112021772557846,7.372680815572977e-07,132.53209679044636,427250.12282444694,90.74043241179703,26821.0609787796,0.9952090385514804,49.38949365434608,0.5142960335630862,0.11563736498456478
2405,1229.1338868467683,0.12277943658090429,3.9882930157822877e-07,130.09976798901764,427402.9274272786,90.79214094825444,26808.475992784523,0.9995055403227355,49.28983689836237,0.5141534791399792,0.11590739620015711
2406,1213.8036206094905,0.14637154461855573,4.634534834183248e-08,136.07005308863987,427561.68291449023,90.77822558744589,26795.965792997642,1.0046099393106664,46.5157790936355,0.5139846627843812,0.11561453475243866
2407,1198.0236471861401,0.16900992826101968,0.0,161.11661343035325,427745.2246828655,91.04739903148408,26783.407364466428,0.9915989193549177,46.44574295498423,0.5128931866278991,0.11571866685606835
2408,1186.5040772004272,0.18179275722834953,0.0,176.69058823668718,427944.10216965433,90.63985465686393,26770.860358411355,0.9965063693155634,46.47981742403974,0.5118333069787504,0.11591629250025903
2409,1170.3059677053275,0.19232722130313729,0.0,184.92835712248066,428151.04454141454,90.76923237492525,26758.297861932137,1.0055305204788685,46.575116927551605,0.5108383779343392,0.11590370011805362
2410,1169.3864049411893,0.1895033694842494,0.0,194.8995532424034,428368.0513478139,90.42250598876397,26745.761056939034,1.0062160739639912,46.66809544651076,0.509945347370991,0.1152835037312201
2411,1172.5252919729407,0.18400300827298632,0.0,200.18682920788555,428590.33101678477,90.857928795364,26733.322408496566,1.0111229289257537,46.79651440713066,0.5091289126910088,0.11563655300895448
2412,1175.2237589931235,0.1801065797052236,0.0,190.1792467774382,428802.6703841463,90.41190074865027,26720.90423019696,1.0230349718455565,46.93814599511624,0.5083968375802196,0.115781466256621
2413,1183.5515114313405,0.14297406833147752,0.0,175.9559624499532,429000.95673884347,90.43210334617861,26733.687732458624,1.0120477944236197,47.08266386884368,0.5077493811750767,0.17117249685412617
2414,1183.1665960792652,0.15466453450266615,0.0,162.43124681330855,429186.7408078981,90.29044045206797,26734.96267884199,1.0198476085643668,47.16494521168508,0.5071855125937176,0.1924449521877989
2415,1182.7621682394254,0.15889055476252822,0.0,169.86712215262122,429379.66772170237,90.4875946082821,26732.222478809323,1.0160712337525972,47.2353691029974,0.5066786130985481,0.1776653335289069
2416,1183.1990191589332,0.16247662691291886,0.0,170.24283055376256,429572.85186034854,90.04245553194721,26726.771101276077,1.019125064271436,47.21718137326003,0.5062205920529512,0.11566901437295485
2417,1187.9087086072382,0.15163501628219545,0.0,169.52659144638997,429765.23352547624,90.35475514788202,26727.79172474885,1.0172152144459616,47.27480720815916,0.5057774657125388,0.11600820678128798
2418,1187.0916269619718,0.15507444140744941,0.0,163.57196896467696,429951.9058572753,89.93641894039298,26729.357628592592,1.0151813351782755,47.30497338036702,0.5053761789202513,0.1157399579549292
2419,1187.8885676332764,0.15459142895803002,0.0,166.00430114938226,430140.8674543579,90.24689109733957,26728.291803265056,1.0156790944260876,47.37796077842825,0.5050055911264201,0.1159462867233998
2420,1188.0433515851496,0.1543994369694337,0.0,168.05658132131208,430331.7620875571,90.11571697526425,26726.799567346807,1.013922443010235,47.10906463284705,0.5046783968052782,0.11594508256449387
2421,1187.2683828445934,0.1548962114205077,0.0,153.05785152355068,430507.64272898965,90.12948776023434,26726.060832998122,0.9999557768785581,47.13788176388522,0.5042776931915373,0.11594899250223989
2422,1187.166183749398,0.15704880466062088,0.0,167.4475758262495,430697.9516680676,89.92687458390418,26721.462571086482,1.0155145262765708,47.208556261641334,0.5039071449558437,0.1153503207320199
2423,1184.509788859993,0.16395463553071365,0.0,175.96599745966125,430896.75133443106,89.89686761450639,26709.421507548726,1.013560977295333,47.25036532349405,0.5035794706949182,0.11601806375111323
2424,1184.0606487468606,0.14656788392284648,0.0,168.5097341646495,431087.8284470876,90.2357839684489,26696.99836018176,1.0162892569336388,47.67231812220636,0.5032824468389457,0.11524947996134927
2425,1185.432402465466,0.161301445275707,0.0,162.6977374646965,431273.0686300325,89.97657962875972,26684.778561572017,1.0128308934541486,47.6662887716957,0.5031425882896137,0.11596120566110812
2426,1184.3253139244443,0.16184297923710222,0.0,172.59210819468544,431468.22831830475,90.17365139073807,26672.499401785775,1.0153170270432006,47.65105311725934,0.5030078442805399,0.1157253672117946
2427,1183.9963185059723,0.16192748160766124,0.0,168.11654725311755,431658.87865957513,90.03174695539124,26660.21982678047,1.0086086784757708,47.64247223454289,0.5028751495896959,0.11560506952648097
2428,1184.1522757631449,0.1604387287110426,0.0,171.7353453534519,431853.15166901995,90.31077377722957,26657.210971504865,1.013407964790334,47.66588835104659,0.5027466024939553,0.11559497219253956
2429,1183.4834364981464,0.16071838686920425,0.0,171.74202136004718,432047.389800948,90.47568153765859,26515.19953190878,1.0140911271265622,47.66615390782505,0.5026327052653432,0.11488595511947608
2430,1184.9009377952327,0.15904361716583182,0.0,-784.4337162097099,431285.4361959668,90.72813115375531,27560.190446362794,1.0145559071217465,47.660778962419926,0.5025055714720865,0.1158936656562446
2431,1183.553069037143,0.1599515325327162,0.0,891.8082328370472,432199.7573579668,89.74780859582624,27558.07782229895,1.001229333406185,47.621324196143846,0.5023830502793005,0.11509287257217693
2432,1227.1289642601473,0.11340760347299539,0.0,329.5790344440745,432551.8349577165,89.93057270977478,27554.936710173733,1.0176559866200048,50.59545896278822,0.5022540066263,0.11574783420810775
2433,1220.5402792937182,0.11984274320160926,2.9069476957085624e-09,171.30171244685903,432746.3676680958,90.2403264079521,27547.488533704527,1.0158321930364351,51.440699267526504,0.5031301081207414,0.5703793251605305
2434,1214.9629059237277,0.1257891207273204,0.0,138.31857384149225,432907.82665168575,90.67776461590024,27545.92785789538,1.0120696418836848,50.10065287341003,0.5029337594629055,0.11511875260545423
2435,1211.8824759043687,0.12779420403316077,0.0,132.48441770879927,433063.3852937541,90.42363471127759,27533.233207291025,1.0116029454377637,50.81066966307525,0.5020178323983425,0.9170350818060911
2436,1215.7576998145173,0.12083835759188633,0.0,131.8486190290063,433218.2171953371,90.83382090994166,27520.78725711591,1.0157739484053925,49.72315610515536,0.5058311588243808,0.11492535886080191
2437,1217.0298231050126,0.11966335146583285,0.0,133.16556182846523,433374.36957145086,90.96300030504322,27507.991780788594,1.0091076265160135,49.981579831693,0.5034792808076031,0.11578216525285256
2438,1225.3308519686857,0.11283875346311623,0.0,121.41894658753085,433518.8077376111,90.81614532339135,27495.193036526074,1.017583880811605,49.80219521622183,0.5069421670312855,0.11584766893427911
2439,1223.608456276425,0.11507415271616894,1.3397503309189567e-08,119.22164301786725,433661.15647623804,90.97859353092265,27482.919347588755,1.0105258734756197,49.08522679616985,0.5051904311589014,0.11573891227247657
2440,1225.2592156864175,0.11520050380709934,0.0,122.3813643899106,433806.6661599501,90.57215652220252,27470.226050539208,1.007918136653385,48.88331463950553,0.507538852740522,0.11575885853413581
2441,1219.7232085793855,0.12085191184157451,0.0,119.54937478219617,433949.32701049227,90.70034181484114,27459.505922612047,1.0112913789031586,48.724960188284086,0.5075756066194286,0.11562108606605648
2442,1216.3821737389637,0.12598821847871733,0.0,130.42044952424826,434102.8271014105,90.26361727297893,27446.78076116084,1.0100106310553085,49.04775116406614,0.507557577999646,0.11539953892371102
2443,1212.1187829441342,0.12949709254762776,0.0,132.75458175091126,434258.60155173205,90.25860591681838,27434.43673154873,1.0072096085036095,48.3918199247861,0.5076490911429326,0.11571783397356228
2444,1209.5423125079828,0.1329348220944494,0.0,136.41049066200142,434417.97860562045,90.34224055438399,27421.589372224975,1.0116133914974148,48.772684172387116,0.5075158683254208,0.11559975984297921
2445,1206.3466651012043,0.13648696238203617,0.0,17.750526888981653,434458.6375243177,89.745684062947,27409.761105349524,1.0106854351416763,48.13383948287132,0.5075174607589555,0.11584956571527982
2446,1203.1810202402633,0.13990647767135367,0.0,238.1221324681962,434719.62154230627,89.5480937704575,27396.989274534513,1.0033713171078755,48.3460654994864,0.5072850242356015,0.3023566308532679
2447,1208.5984670111918,0.13080125136284348,0.0,157.72645022063261,434900.14097191935,90.0090038674537,27384.919655722482,0.9717440934823065,47.83192879942118,0.50714319342617,0.11581044776747262
2448,1209.9233147460893,0.13124535382781366,0.0,153.44551419393287,435076.4369760426,89.99588550425943,27373.600224855814,0.9981287758825311,48.45852185318202,0.5068286476853452,0.11563683418603432
2449,1209.1724948177052,0.1319035565392751,0.0,140.92005963124328,435240.1995425874,90.03391270860631,27360.88999356635,0.9968005029040722,48.882846283852686,0.5067405863985298,0.11560156051262993
2450,1205.5955174270637,0.13432764464545888,0.0,138.09201427265006,435401.1170525226,90.1776995113043,27348.10669332873,1.0054168814984776,48.74716559597838,0.5067996426155308,0.11549118536017033
2451,1202.1308114054061,0.13771396056520058,0.0,141.86701647086505,435565.7476586016,90.07841436142347,27335.354409905554,1.0051207070725825,48.594080365618765,0.5068104061269265,0.11502374956126005
2452,1199.4363692937172,0.1405591436449659,0.0,141.9369707482881,435730.41263997543,90.10535469013993,27322.52711868601,1.0055304498228814,48.45619118768367,0.5067695735738016,0.11543851796366766
2453,1197.3042453236196,0.14357457390653094,0.0,121.90310242980874,435875.0117185325,90.16591683677906,27309.793748876127,0.9748623221174614,48.33476845666276,0.506684585780865,0.1149806158430664
2454,1196.1837078203014,0.1480037693322387,0.0,144.34917281630823,436042.01251632225,89.84769204784088,27297.74093068562,0.9708744279829435,47.83750337497712,0.5065634577676742,0.11576307195883828
2455,1197.531077683438,0.14833863880832332,0.0,169.44636669967434,436234.07818278146,89.62299045882195,27285.34332399995,0.9822949867822135,47.90017278866755,0.5062814606279732,0.11572983995003483
2456,1198.3696649762603,0.14560594569605378,0.0,160.92811492709666,436417.6346740577,89.57070411394483,27272.761665147762,0.9897722869197193,47.96374214551844,0.5060349421707786,0.11591665682648511
2457,1197.9510138332107,0.14536689274558412,0.0,160.45955650651632,436600.73439606215,90.29969695265493,27260.036495150136,0.98838746745224,48.47065122461548,0.5058223547510673,0.11505681243509969
2458,1195.8737947348077,0.1453155283500358,0.0,154.90294753265928,436778.25361477816,90.46936305935289,27248.029765953164,0.9927253821766749,47.921621704710326,0.5057911477283075,0.11517073752190754
2459,1194.9390341260716,0.1458456404395433,0.0,148.97230123082934,436949.81770524755,89.74605492307435,27235.333205620784,0.9891312399019248,48.3210963411552,0.5055773707783598,0.11566832219409662
2460,1191.9948203506776,0.14742584392971214,0.0,153.8535189579711,437126.2318466669,89.79823516531124,27835.139481109847,0.9915951657335009,47.24189950263204,0.5054889798155315,0.1152389139948724
2461,1191.8784676543098,0.1478359529255603,0.0,156.17774116045084,437304.93065373885,89.805770570906,27822.20805341719,0.9909109934637077,48.21041986076892,0.5050430718337462,0.11511303343621648
2462,1190.485961504724,0.14691398317749116,0.0,154.16150182524652,437481.606937581,90.12947149188962,27809.16680118615,0.9891867869044177,47.883467004326,0.5049450810709822,0.358619374413891
2463,1187.9441846919908,0.14883468176376335,0.0,152.7866895417047,437656.8975951863,90.23642624335143,27796.067898646135,0.993803944279831,48.067736439626714,0.5047515505108976,0.11528741486500849
2464,1186.4242232252254,0.150690133506183,0.0,153.19585229898186,437832.5466599383,90.12412456573949,27783.07952693882,0.9953709616226251,47.62181847528014,0.5046207401373833,0.46212520354342246
2465,1185.1010145912617,0.15218002556810828,0.0,155.48563315112176,438010.4726698435,90.20030910703078,27770.07910967777,0.9906326029100104,47.87481355324412,0.5043603622985974,0.1156466212870555
2466,1183.1269660757548,0.15289383339577067,0.0,158.40870615863375,438191.3082807349,90.36097604892747,27758.231030731655,0.9914625771337947,47.283309602065465,0.5041848330255426,0.11530112443790586
2467,1181.6373393370677,0.15357809978581194,0.0,156.42574334902892,438370.1274286509,89.97947930172438,27745.20398303799,0.9861894365017699,47.76478401970423,0.5038199128496998,0.11557330582127179
2468,1181.2504585384636,0.1534858073069717,0.0,155.5358181021191,438548.0374005082,90.15353233112528,27732.290666999004,0.9905173001586715,47.706539664890755,0.503635210044724,0.11567380872503463
2469,1209.245009457833,0.12649781483179878,0.0,125.48916753044992,438696.01777522714,89.57411154615376,27763.198212745225,0.9692866365855041,49.55024898756268,0.4989044652664258,0.11538865826868516
2470,1198.7087560303205,0.13823617498481855,0.0,147.50876823518894,438866.8539287719,89.68485107599616,27756.313930413264,0.999994098283085,47.75102738594053,0.5019688421636416,0.11554167268123194
2471,1183.6166360651184,0.15359420074708008,0.0,160.48279638156112,439050.52553986525,90.07561464073129,27743.405658995827,0.999784861563706,47.759054248233,0.5040057133908067,0.11597473191962138
2472,1184.2347114494603,0.1536374620166545,0.0,156.71823281506258,439229.86122203316,89.88874343971919,27730.497104578062,0.9923049002830097,47.788130165812014,0.5038107497967349,0.11600940475688049
2473,1184.8860483436852,0.15379890817946362,0.0,158.65276092485897,439411.1088767614,89.9349202439349,27717.539188850285,1.0060293166960683,47.82372650448194,0.5036356149312364,0.11594222864674464
2474,1185.60518509322,0.15435955529159517,0.0,157.15767259539115,439590.85056932346,89.67776418325703,27704.59694239908,0.9985916944754343,47.815589455259655,0.5034815312993679,0.1160181733862089
2475,1185.3649667396605,0.15544826093897135,0.0,163.13310346298172,439776.56410218374,89.77749478265541,27691.69127094282,0.9930877828826549,47.85326675892084,0.5033327144725439,0.11543117079258991
2476,1187.2990627547376,0.15561371472665853,0.0,159.92408918376753,439959.03247528983,89.73130222231923,27678.880579245902,0.9992569927943941,47.852923231381425,0.5032044798209042,0.11556266464971543
2477,1185.986574591302,0.15574334925272615,0.0,161.27635299460798,440142.8813966805,89.73224678531771,27665.99512929023,0.9952014445382202,47.87339417579414,0.5030828128437093,0.11598004890161917
2478,1185.9476365570931,0.1559725174718446,0.0,139.13439672436297,440304.53975307255,89.91191824613936,27653.09504710716,0.9609035089044864,47.89161718552633,0.5029742871498126,0.11561676825817813
2479,1187.6071554802322,0.15723084286748612,0.0,174.52320060889582,440501.52379540727,90.02251309369144,27640.13870925446,0.9848083987486645,47.97706930034553,0.5028777190222673,0.11546137732663908
2480,1186.2372557832286,0.15834950299958528,0.0,164.21548442049584,440688.1935477501,89.98788316151301,27627.251994657785,0.9906566114986016,48.048769760575055,0.5028150161453319,0.11551905594055256
2481,1190.8115193399367,0.15263260303087456,0.0,164.5995427400731,440875.2171395484,89.89691477935479,27614.400507903913,0.9890450589103639,48.080383249091796,0.5027797913326199,0.11553826655112687
2482,1191.7481129824541,0.15119326712693726,0.0,157.61280406111587,441055.3185173956,90.08747299109385,27601.605598179427,0.9944995287259673,48.100767271556236,0.5027572119297838,0.11569510372147818
2483,1190.6994617064977,0.15201553467129314,0.0,157.10723415390046,441234.91698016576,90.09105850852372,27588.78112621411,0.990466462408766,48.09536717808721,0.5027428289282927,0.11549272150445233
2484,1190.8161105229867,0.15436671976502414,0.0,154.00052450355219,441411.3825347653,89.96916483663387,27575.86003654182,0.9910458079317385,48.0503359330813,0.5027276787083645,0.11599741894478655
2485,1189.755682403614,0.1557485396700815,0.0,161.14544806319017,441595.0002315372,90.11032504301495,27563.02065710395,0.9913266950788376,48.01855922290986,0.5026982834736294,0.17002305521677386
2486,1189.7173461957093,0.1557049861743851,0.0,156.7664308269377,441774.20981055725,89.99356704952356,27550.23581710928,0.9870143619579848,47.99814918257931,0.5026438903003969,0.11558876336496837
2487,1188.5895420166275,0.15591377074866097,0.0,161.7647512039966,441958.40993680817,90.07455635388038,27544.111550660902,0.987671493264148,47.98096066872513,0.5026018322634652,0.11564419433268824
2488,1189.489534515721,0.15551695658173292,0.0,-13.684174610504726,441967.13600784284,89.48995857952596,27415.496637026354,0.9711142206229555,47.967700834934476,0.5025563671491372,0.11595048836328203
2489,1194.9640843369357,0.156033626813333,0.0,291.4685828928144,442280.9732472524,89.11580895438794,27408.297226264494,0.9712144820885139,47.99168939705241,0.5024893265487743,0.11604265956502502
2490,1200.3480159327628,0.14358641560163898,0.0,181.6763778097477,442485.1079379744,89.45113454025467,27398.820081363167,0.9826108612972777,48.51248751210504,0.5023947833528659,0.11570941689772951
2491,1200.624407853958,0.14178385504592317,0.0,158.72172532467792,442666.48027999734,89.65776983237474,27387.742161149326,0.9819864016812003,48.56336679550777,0.5024802176499317,0.11559253287383342
2492,1200.936911925365,0.14080905080690642,0.0,152.60821712999888,442841.7399893137,89.86011566743632,27376.33682702139,0.9810097068719678,48.52268170688362,0.5025787204283072,0.11606057730662656
2493,1200.2699612216786,0.14134416737275457,0.0,144.28281915694612,443008.67606748093,89.67872326625607,27364.53360785077,0.9844174237327901,48.45959271675318,0.5026587145454293,0.11602409109352152
2494,1197.8425343690271,0.14390334316126263,0.0,150.53704307434205,443181.8402365282,90.0043488480803,27354.795184401875,0.984481178238439,48.35932376310799,0.5027137588440567,0.11597511446397846
2495,1194.834836593885,0.1465895278219813,0.0,150.52125409913688,443354.9393386694,90.05363793783981,27343.800471814237,0.9828105020441412,48.25605807540856,0.5027326302551034,0.1157590958685688
2496,1193.6752100098315,0.14784493196479154,0.0,149.2009352437504,443526.65512168745,90.11712237219112,27331.90874564935,0.9887472213943804,48.171253624486496,0.5027161947691237,0.11579913358684735
2497,1191.8130101543663,0.1490299410789735,0.0,152.92794973808822,443702.07556204026,89.78823379886002,27319.323636661928,0.9830801197178248,48.095507054579684,0.5026723538147475,0.11593520339918939
2498,1191.073804590532,0.1497938530566315,0.0,147.4024536648557,443871.9361261562,89.57935024731198,27309.041129213754,0.9907640385635154,48.030400523144905,0.502605501558835,0.11590998633069205
2499,1188.9007303953945,0.15216038814350719,0.0,152.57135460820052,444046.94555761863,89.7265382010982,27301.8619497273,0.994134961370966,47.937218553085046,0.5025204188255638,0.11575288664970174
2500,1194.3749339800254,0.14985382322720708,0.0,158.324760713886,444227.7620233227,89.66204231207631,27293.268619106864,0.9914448541484141,47.844847525612636,0.5024086388849228,0.11611023660981346
2501,1186.1274650236512,0.15470880819692623,0.0,153.36533535708983,444403.79441967834,89.44001419753856,27281.741861841536,0.9858069702202918,47.82340459625489,0.5022716283410191,0.11584007503306282
2502,1186.683680587694,0.1542476574600412,0.0,155.23548877454687,444581.5113675083,89.23051029352781,27271.438180207297,0.9924976302911312,47.79495361387275,0.502134660843754,0.11604890997789141
2503,1186.0927890914395,0.15548750455745974,0.0,161.48315062290175,444765.6723559464,89.3185085625551,27260.717116103762,0.9955174616552857,47.76554818014928,0.5019952408468185,0.11601548086740365
2504,1185.462901114267,0.15750758615746452,0.0,159.65848578886457,444947.97816230595,89.08603295951067,27249.98877798526,0.9914123074953429,47.78230262742419,0.5018532455602036,0.11592009549249838
2505,1186.1665829128851,0.15743763694313917,0.0,164.4075458953089,445134.9934348096,89.17822071713407,27237.32702100575,0.9909026421072928,47.795178485247696,0.50172432279737,0.11589881537447866
2506,1187.669632692124,0.1561379423044036,0.0,162.8139992794767,445320.3923101799,89.19699985470946,27226.470870609584,0.9946658508914883,47.833936902958094,0.5016064910474006,0.11618722071253273
2507,1187.4808668874587,0.15657128046624003,0.0,163.4006062330026,445506.3870120447,89.34564683674436,27213.806297284824,0.9962011192180362,47.85116990311931,0.5015077902631533,0.11592446120378952
2508,1187.163351244387,0.15703370245353454,0.0,163.5786636704956,445692.5507119736,89.30100772768246,27201.532626064476,0.9953483800917615,47.85135795090225,0.5014201941498513,0.11590997545211223
2509,1186.505420970408,0.1573176518310876,0.0,78.61036599891722,445793.73507149785,88.93849484616688,27050.104712573695,0.9952160542059542,47.84131657811605,0.5013373473409171,0.11594714918733473
2510,1189.9672223094917,0.15598416358877487,0.0,228.05442415942412,446044.3392737217,89.00976902285049,27037.61355540953,0.95220425167914,47.82086542311956,0.5012359768523366,0.11590693556696863
2511,1195.1018649338191,0.14871659235420187,0.0,175.04247736636853,446241.93839841284,89.23112656830205,27025.39159070736,0.9865138468220928,48.211048151628454,0.5011331303814821,0.1161716547005085
2512,1197.1828682305522,0.14684575055093219,0.0,157.32030766814162,446421.84416638035,89.13204811691648,27012.91071184693,0.9847024681836932,48.26207177123948,0.5011666573562273,0.11608364067332388
2513,1194.8251250843127,0.14841025068264868,0.0,152.22862525418896,446596.6775116442,89.2192690762772,27000.322987953783,0.990725876364486,48.21479758530869,0.5012159180094565,0.11611489355415472
2514,1196.748874283062,0.14818334986471882,0.0,149.2326155478667,446768.45799570443,89.06742140657208,26988.233566684892,0.9903965947294678,48.166421795032825,0.5012470796679691,0.11625887992506989
2515,1193.6936260301736,0.15014758647578708,0.0,154.42184561593993,446945.46083366376,89.20244487801533,26976.196986889052,0.9826599541695418,48.127181798689,0.5012606498686811,0.1162574248710797
2516,1192.4532824935447,0.151510970831919,0.0,154.02405028058052,447121.9937373659,89.31303440780754,26965.129321634548,0.9865931823377477,48.096380992555396,0.5012606247705002,0.11603727540084208
2517,1192.6418959169173,0.1507650739630646,0.0,138.20262398084387,447282.67701543355,89.05956207599246,26953.806589612148,0.9869634866559748,48.066315197974276,0.5012505872830642,0.11623491795084817
2518,1191.1921960711095,0.15418579826776002,0.0,156.1559658587118,447461.3050728968,89.25303034161654,26946.271806734578,0.9849370520335923,48.05719827693812,0.5012311640169992,0.11603956990342112
2519,1192.6438446116279,0.15358537981006315,0.0,157.19940867213597,447640.94158090197,89.23548697323827,26793.702206943584,0.9903395007729967,48.103621379641666,0.5012099778325456,0.11602536000530961
2520,1196.4780495325545,0.15170058598854086,0.0,156.18812790768052,447820.14447309705,88.92193829982662,26781.822095319476,0.9904959475510615,48.11905932602154,0.5011861254883011,0.11628343256779772
2521,1195.4273436549488,0.15193982410123597,0.0,156.7162612119382,447999.6966360293,88.92238545381785,26770.54519173608,1.0010124119424204,48.22697486749556,0.5011688417776201,0.11605124135697054
2522,1197.295692244122,0.1502973640841908,0.0,157.9643773147913,448180.42057180643,89.01614516897072,26758.34063545871,0.9962859992603149,48.33006377443504,0.5011889888749882,0.11603836053573957
2523,1199.9985611761924,0.14831463461483974,0.0,157.31430309008297,448360.4969052357,89.10549912508728,26745.946489090606,0.9988203781059026,48.433555310852675,0.501242992762469,0.11614515331842767
2524,1200.7152391753386,0.1481590737925702,0.0,158.89966982003452,448542.17023872747,88.98810338003227,26733.495144143657,1.002283432436816,48.5255553697706,0.5013292441817069,0.11608279270194544
2525,1201.697579046493,0.14817734636757063,0.0,150.2407731942381,448715.1531262946,89.02541248867887,26721.475040139634,0.9920561052575283,48.572489097913234,0.5014618915706074,0.11612675310523457
2526,1205.6434527774877,0.1466410253859678,0.0,154.6400164624805,448892.53181994427,89.0849765404286,26709.203678848957,0.9964725356547816,48.611544644375336,0.5016038457545723,0.11614126338182018
2527,1206.0239801711032,0.14635985406324103,0.0,154.35750448587848,449069.68898540776,88.85934127041433,26696.77184601897,0.9950549061231629,48.68729732168484,0.5017519975743802,0.11616556418316293
2528,1205.5604037523858,0.14596726283403072,0.0,154.3429457508567,449246.8094574068,88.94054566243796,26684.74341125412,0.9981484413935181,48.710084546445835,0.5019183483665337,0.11613520160028656
2529,1206.7543651820265,0.14539037971364666,0.0,153.2691183021292,449422.8238750862,88.81550016847059,26674.342074723685,0.9942701947244935,48.76761094491995,0.5020842102949499,0.11618844853053645
2530,1208.3482766448953,0.14277086973276032,0.0,131.72340896033734,449577.293572843,88.78688246732807,26662.494178924957,0.9603659941791832,48.839192654908665,0.5022612421495872,0.11622193102445522
2531,1211.7600953136619,0.14321798828678467,0.0,164.1367965368405,449764.1604260075,89.07266187432495,26650.90837961275,0.9894738576354513,48.97772968586439,0.5024536011608072,0.11624935722318241
2532,1213.8690869347904,0.14062483398829262,0.0,156.18389360376864,449943.08235312114,88.90463461221049,26639.633562772626,0.9874249825921972,48.608280873805576,0.5026829910335137,0.11639293089253044
2533,1214.821609769467,0.13955540392726706,0.0,153.13534567166377,450118.9765623553,89.01394614927845,26628.228142309275,0.9932342108000012,49.18896376103529,0.5027769558265263,0.11625425091386887
2534,1216.5413674952115,0.13489171313891202,0.0,142.62640152442117,450284.350863991,88.83449310275724,26615.78216164756,0.9859091127396611,49.22551698750974,0.5030613975142227,0.11637542126881328
2535,1217.1564559965418,0.13462606185829984,0.0,143.8208168645723,450450.9310011102,88.82583892013491,26603.39884945612,0.9858852845646798,49.25807082364745,0.5033439456646235,0.1162640703185076
2536,1217.261778832113,0.13441432369324657,0.0,147.93645383537577,450621.6116474679,89.45440643146009,26591.025999667814,0.9901798281501764,49.276452062104546,0.5036234156966792,0.11628813495504176
2537,1218.235030153825,0.13380851774547853,0.0,140.6521292646152,450784.988904633,89.16632996082633,26578.660367594788,0.9856257304155001,49.27275002536496,0.5038951579035599,0.11640946909811589
2538,1222.7206695743503,0.1314731770093659,0.0,138.9194534333217,450946.6502303244,89.03245595285263,26568.42958495144,0.9930210899581878,48.75270077289688,0.5041521126009387,0.11636604950973606
2539,1223.251813282923,0.13151989055035207,0.0,135.90770870831352,451105.3718302107,89.05150573491143,26556.009616969455,0.997421662056879,49.25828824022596,0.5042217121283491,0.11630676423929742
2540,1218.0550896526593,0.1355222692164756,0.0,140.89797672813523,451269.0665804431,88.95071483665143,26544.535281621364,0.9911629560575361,48.71680036948433,0.5044577476237261,0.11628506315494747
2541,1218.5793717263994,0.13499458166145872,0.0,142.99780572879303,451434.7482307397,88.92614441505258,26533.41539857374,0.9874310405416279,48.72679086208208,0.504500270959757,0.11631077065412398
2542,1219.3164401792772,0.1342712726230474,0.0,143.2961796039224,451600.723027884,89.09653224631658,26523.455905667,0.992143819186081,48.758439670748565,0.5045441734537185,0.11633380001829607
2543,1220.098311205098,0.1339840562390573,0.0,119.29233373572166,451742.72231514845,88.90479193342516,26511.192467932164,0.9539130729779747,49.29275694748043,0.5045966563563807,0.11644235108391854
2544,1226.6120961755453,0.12673782593291627,0.0,151.79656376225256,451917.1840500839,88.75314099679935,26498.739385790366,0.9831927050988482,49.76751299893296,0.5048260238321503,0.11632822201225679
2545,1219.6482241776787,0.1362968799986629,0.0,135.15526868645122,452075.0291253361,88.7320783553894,26486.95577856436,0.9799483916412921,48.939711819877765,0.5052034224804708,0.11632869801226775
2546,1226.2276041087719,0.13325135476816885,0.0,146.51599510401223,452244.12913566374,88.98045749274459,26474.64833893807,0.9871588729936617,49.49330650309393,0.5052840318749036,0.1164423188385939
2547,1227.7843097514526,0.132505830764706,0.0,148.46157046640582,452415.3066436817,88.95479693041253,26462.348145410237,0.9816469033461752,49.50968368602177,0.5055465628000447,0.11644128170860313
2548,1229.9320625120436,0.12996707964139043,0.0,140.69110828485157,452578.71937529277,89.01091627099564,26450.05556659069,0.98323181430672,49.49740220897009,0.5058015088145416,0.11644170372574081
2549,1225.5877621605719,0.13364428524325644,0.0,136.26669023949034,452737.7375769441,88.77682030941793,26437.792079856,0.9785726526543103,49.46662790032325,0.506039624435737,0.11636191483283653
2550,1225.4389498343917,0.13348206401837914,0.0,143.65616045584514,452904.04076743993,88.84898489740597,27239.469427266384,0.9766009179701626,49.465700496654065,0.5062359833827812,0.11635648112880403
2551,1226.3907337473631,0.13264081464322486,0.0,137.3255585467663,453063.99523408944,88.68821335470182,27226.754644513374,0.9856171951072427,49.45378552868921,0.5064222694886384,0.11636358185454299
2552,1228.8245622770917,0.1145462934394863,0.0,134.825541622015,453221.45598691574,89.00180738976786,27213.979985784787,0.9872963245331778,49.478071172462144,0.506595293674148,0.1163922637479402
2553,1229.5554082647036,0.1306750507689004,0.0,130.4249230221736,453374.55127881584,89.17833439872618,27201.895518537898,0.9770624887651231,48.91707950439561,0.5067678679909556,0.11648820687348405
2554,1224.6904874829606,0.1340377597654333,0.0,135.76981759618684,453533.00507650274,88.90549320439713,27189.201845679443,0.979145475209211,49.46754160452205,0.5067434925723084,0.11652506065222212
2555,1228.8857474138533,0.13134847569902375,0.0,121.12665389003601,453676.6772409307,88.85788206386997,27176.51565167348,0.9523457409519538,49.43593368636223,0.5069052690807729,0.11644671597983347
2556,1234.7161017821213,0.12272544380967543,0.0,147.6313824413014,453846.90094123204,88.94974806321636,27163.837837778774,0.9796826202468785,49.917293951664675,0.5070484215354483,0.11647295313757411
2557,1227.4648118666485,0.13242514047483112,0.0,136.14645140756193,454005.66582512215,89.04551831230108,27151.16798661199,0.9685482485920457,49.618318510971726,0.5073460762646113,0.1164060369782618
2558,1227.3863840299173,0.13202543066332317,0.0,134.80621545841697,454162.9625564653,89.10316389955543,27138.50953482448,0.971166229803685,49.61244514738066,0.5075284786847344,0.11641984056745969
2559,1230.7736624332526,0.12952384875922152,0.0,136.25403644309088,454321.6924701428,89.17784461092953,27125.809721705762,0.9669134347795363,49.61506037333728,0.5076998159740087,0.11646480147666693
2560,1221.3549979107627,0.1422165968555652,0.0,139.85998698732848,454484.09272700467,89.43983685970696,27113.158680226283,0.9798805876028676,47.47263726744684,0.5078634827843336,0.11640170107069991
2561,1202.422241324926,0.16556934206683838,0.0,152.21941817225508,454658.7471613786,89.12817050437683,27100.502232793762,0.9739701216204215,47.4579229372236,0.5072997279509263,0.11647943320410548
2562,1187.269066257584,0.18203860894231016,0.0,172.26256350905015,454853.1965864154,89.62382234960029,27087.866208528467,0.9833915339598972,47.51469264349531,0.5067595414577533,0.11641314570681516
2563,1180.040938911616,0.18278935765444027,0.0,174.914193001475,455050.15141488146,88.72297425302186,26827.368174293046,1.0030750663801422,47.598786995964375,0.5062657883261973,0.11643344507268694
2564,1183.7091287033927,0.18104464955365862,0.0,180.72389825237957,455253.1714373365,88.0202548972774,26814.880460385193,0.9979815333218073,47.665803697098745,0.5057861162128213,0.116466402039066
2565,1188.4479985738187,0.1757561827690507,0.0,190.29947482035533,455465.833940546,88.45147941552896,26802.40215059028,1.0035033854502162,47.817926605027644,0.5053532563884864,0.11645712407486997
2566,1192.7471757115522,0.16898758107182965,0.0,183.7383506828547,455672.01443722204,88.35823862979008,26789.931136631225,0.9920525083437818,47.94921121848304,0.5049934429402652,0.11645551254294162
2567,1197.9365717150863,0.16265554081283518,0.0,177.04422981551627,455871.58044017444,88.0503828582186,26777.4674144939,0.9993697186696544,48.0723733811473,0.5046960016553186,0.11644265228983386
2568,1199.8017587317813,0.15937367000642222,0.0,171.88647095678965,456066.07637259807,87.99518377026254,26765.01097995293,0.9988907545557328,48.16256289826492,0.5044550699540105,0.11645362809795756
2569,1203.7547065325375,0.1542753521130873,0.0,163.64231657275442,456252.35173895454,88.30280742492401,26752.56170039836,1.0005195860440994,48.25010283871252,0.5042567261099634,0.11651514359174087
2570,1205.111516650626,0.15470372616141348,0.0,158.14807996388163,456433.1942774507,88.31165012606424,26740.105556385337,0.9972422986823957,48.30557001242349,0.5040979219674012,0.11648062278607085
2571,1197.3034687989348,0.15983069015950502,0.0,166.31355696816377,456622.20854445756,88.4413223204761,26727.644427535954,0.9959136684204032,48.38707942126141,0.5039659274000271,0.11647067741306216
2572,1202.7015112076197,0.15566646843064125,0.0,164.9210864046089,456809.6425465477,88.37321758082818,26715.191976632388,0.9968429974603673,48.461066403632195,0.5038681289349012,0.11655258859212836
2573,1209.4621676053016,0.14987737028087367,0.0,164.56395240397396,456996.83758279,88.46315584071554,26702.75640398086,1.0037774930581778,48.521172515649255,0.5038002511303075,0.11645404410656113
2574,1210.076108141072,0.14864680397969843,0.0,154.90850915623264,457174.4764146435,88.341524818248,26690.32874685435,0.9922113698885502,48.58078598017638,0.5037561797096237,0.11650747366215342
2575,1211.7954781414126,0.14569587509716864,0.0,158.10709422221535,457355.3218658261,88.40069600269462,26677.90895291646,0.9949423985989356,48.61213365191679,0.5037345041999635,0.11650513689070863
2576,1205.772714748722,0.14928917576418743,0.0,153.06545412466508,457531.1488075182,88.27239412134584,26665.581682880776,0.9960031092612068,48.62773645469315,0.5037246221150777,0.11652465054829975
2577,1208.7536610181735,0.14711695482461695,0.0,155.41179801302428,457709.1702415361,88.16446727426924,26653.177425403333,0.9912290567153811,48.63546110913044,0.503720645889795,0.11656012295226503
2578,1221.1934782562214,0.13422328429566266,0.0,146.99194874899425,457878.8324027122,88.2682085474578,26640.77952774865,0.9935399566013877,49.03253223505022,0.50371962754855,0.11649822014732081
2579,1212.7460410381177,0.1406372055591335,0.0,-1036.7799176718404,456864.9155358037,87.94386398596123,26488.183407798962,0.993314513837582,48.688843765573026,0.5038521639461588,0.11649115300063784
2580,1217.331468987675,0.1363473698553055,0.0,316.90985288582556,457204.50590104936,87.02850384456607,26961.720401618753,1.0000389801533385,48.68810976133209,0.5038236336491037,0.11643064550129623
2581,1246.6385627344225,0.10449925284734285,0.0,905.6031598115039,458132.80793021346,87.07896606311947,26949.524341832326,1.0273135522529742,52.70031185016853,0.5037964839535224,0.11643528493274857
2582,1247.3605778997435,0.10172279873473078,0.0,305.5465428749652,458461.600719578,87.37432057466152,26937.18633195388,1.012152862958286,55.55185933838316,0.5040229488040576,1.0528161364329378
2583,1245.2175655629715,0.09613982496911322,0.0,151.47994154093638,458636.40749916923,87.76392205947946,26924.54000624888,0.9944416608783054,56.435114452379665,0.5035110724822324,0.4930378879047481
2584,1247.5850862242357,0.09732001434257143,3.355722608514037e-08,90.91992501507758,458750.749856092,87.61502602657959,26911.964697635554,1.0059798974685898,58.30672369847733,0.5035248956050244,0.2915457350230497
2585,1237.0213987661912,0.10239908014310117,0.0,119.54992925850638,458893.69946077024,87.72748211358106,26899.270320403608,0.9949519576862972,55.40978846905248,0.49973483294337107,0.9589973842383017
2586,1254.9004477688131,0.08711795028284952,0.0,94.69963556013468,459011.60240065143,87.89941683991862,26886.65122254985,1.0032970632285492,57.066964564489986,0.4997530217898314,0.5815755951943515
2587,1249.9549606895403,0.09419300193724511,5.6880069476602996e-08,109.59340975555162,459144.639011877,88.23406129933394,26874.047094996193,0.994611915718022,54.73593875269192,0.5023911639839875,1.5380701779726564
2588,1252.8908017196743,0.09103668805773601,7.552454696910709e-08,91.11572888900162,459259.0831522215,88.05247366697871,26861.38507525695,0.9982308210866113,56.13821120812567,0.5098427250783467,0.11653052150612098
2589,1259.2789781986796,0.09325459037700201,5.552790370919583e-08,106.80465358206516,459389.34432152007,88.32115649329367,26848.777508852258,0.9913040757340068,55.685965526598,0.5066373820069101,0.37412261117798096
2590,1260.1135861331222,0.08967981959762605,8.875651961258796e-08,-2.540248546724058,459410.28315891116,87.89759672725086,26836.26112571586,1.00386023451653,55.60063809653884,0.5053132240245365,1.4954008359549817
2591,1248.6512217739098,0.09618353477122732,8.29013273902158e-08,184.43832712921082,459618.2306110547,87.75483687748361,26823.715110527817,1.0000627977014247,53.70642252779187,0.5105151296454773,0.11657311346185395
2592,1261.6580053302957,0.08900307828022591,7.95184785925615e-08,123.15347843714667,459764.8570515586,88.28943497156911,26811.180823791183,0.9980471404074036,53.80697272102488,0.5172533740699896,1.4194024339066829
2593,1258.2162574077267,0.08791212114472924,1.6297222603059296e-07,94.08286305096027,459882.5107884673,88.22472023260534,26798.52190528984,1.0102532914131235,53.91085974822029,0.5158210835549699,2.2805307986719185
2594,1259.6487164613297,0.08801238143353651,1.9995025284422776e-07,95.96467113680586,460002.04941459035,88.16574735190359,26785.996296529847,1.003583510920075,53.175311643296325,0.522953619802688,0.8835816323488785
2595,1258.4894450165484,0.08875284787526927,2.773577013606098e-07,96.19941195686488,460121.87660626625,88.08380264086979,26773.481371723396,0.9964205406615417,53.1213861037935,0.5219577837865429,0.7930578605743506
2596,1252.6580070962905,0.09769124162853193,3.0501712475927373e-07,97.96496698973874,460243.4778727566,88.13312683649578,26760.923148040158,1.0005700758730673,52.65504045159775,0.5215972215756001,0.8489016147404271
2597,1255.9095190865264,0.09380771381495445,2.882649489085084e-07,103.16858700921512,460370.0946597591,87.96424576953733,26748.502818223602,1.0072629802636799,52.72230769696806,0.5220475502129848,0.8988599832646855
2598,1258.7480640718595,0.10094757834115242,3.544264513472925e-07,102.67583867476748,460496.38885572937,87.72477491999764,26744.22219064997,1.0110591634138653,52.82347270737844,0.5223742742187822,0.26216620138816893
2599,1257.6472099569703,0.09522483846373031,3.106715666479867e-07,94.26264733053449,460614.20654086384,87.7464210693678,26738.423130403775,1.0045523108948562,52.459717908140064,0.5257265236106501,0.1165596151047481
2600,1268.4455818001566,0.09839097157338861,3.1819828139075884e-07,-2763.538809994978,457874.68083868123,87.6958068190894,26593.587714815265,1.011238926459384,51.85557236297176,0.5246027301805746,0.1165575072834173
2601,1275.8858319278618,0.09204735137477771,2.3753256492170816e-07,2296.388204709039,460194.90409775253,86.37398813310628,26585.281131158557,1.0512647057847961,51.81528467439125,0.5241241771599928,0.3726497813267713
2602,1293.6620282340966,0.07607746242410751,2.856315285543097e-07,630.7371050237969,460849.5664897347,86.7696638493922,26577.185072172142,1.0742038439700554,60.25287880100546,0.5285110419163258,0.1164978778286212
2603,1295.3081692642763,0.07092505755535172,4.4373055034379675e-07,213.1962084725167,461087.01982946025,87.2413530739701,26568.87119301588,1.0118556577113504,61.21435676118353,0.5317992039819431,0.3663651759028852
2604,1302.2076526740507,0.06266102575657839,7.233067260414722e-07,100.14882325092773,461211.486917573,87.70045745503846,26560.29393593135,1.0069245925421677,61.06598037965549,0.5314152476138018,0.6928224437011608
2605,1299.6890693666105,0.05712986464278147,1.0224333790180302e-06,68.10699149855043,461304.1105285854,87.4159639570541,26551.937019105993,1.0044033389499738,60.396963407182696,0.5314274112456793,1.0777540973568023
2606,1296.1533105274011,0.05634059501284305,1.439491280757863e-06,66.73320874823051,461395.46475673036,87.63843238199543,26543.691746797296,1.0032502838041464,60.11279883145357,0.5319206123391158,0.21999346850957124
2607,1290.9843645183278,0.059847774783512886,1.7923138899885642e-06,60.27480722584107,461480.35171368555,87.50195495216636,26534.966314267363,1.0068965282979707,59.00456122939656,0.5326696157849558,0.7375741826095066
2608,1303.1350014095742,0.0506822158243776,2.1789295900000982e-06,65.49223352043097,461570.3524909086,87.54562505635238,26526.66647506193,0.9987931444555633,58.732225301556326,0.5336469006584753,0.6187884046851195
2609,1304.2951442574326,0.05136961837785525,2.589213465261e-06,49.68205676897196,461644.69255622034,87.4746310396378,26517.623234156366,1.0080828171013998,59.4086936060087,0.5343647394176817,0.5259777780309065
2610,1295.7538606154776,0.06276246057489954,2.9621566774696057e-06,-586.4502434949525,461082.9143643581,87.57755629786993,26886.316418123635,1.0085585576584752,57.15100303985865,0.5347692892263314,0.7990800240472424
2611,1293.0074752498672,0.06457758161936122,3.2409124031177833e-06,581.6566431341278,461689.02084917144,87.1617287973732,26875.917300707813,0.9967401181981883,57.05632495916974,0.5377756445694823,0.29077527977646866
2612,1297.8993709512097,0.05810750094914485,3.6245221899187535e-06,173.82356175707966,461887.44862150174,87.39804875970785,26863.247661556008,1.032707637435705,60.156109868223076,0.5379313738013158,0.22094220053109836
2613,1309.1169715841988,0.04866136798465426,4.029909101803609e-06,102.64001098079967,462014.5880713803,88.20680115056726,26850.605524356648,1.0129652384104113,58.461906878415135,0.5378067580779851,0.490787528231337
2614,1303.3652972961709,0.04932924067980082,4.573857976817429e-06,53.13660433497623,462092.35454564716,88.11072738828996,26837.97232037657,1.015405680199001,60.0488268070462,0.531151768221018,0.4068022880924076
2615,1310.4256517322192,0.04586211679720231,5.062065592573762e-06,56.5956014322893,462173.5101839917,88.24949282695067,26825.276188689575,1.0179858848788619,58.88799416136949,0.535834625238402,0.24202137731172968
2616,1316.9121993514625,0.04311487192450214,5.5841027755068205e-06,49.368506406936746,462247.47853485355,88.2585273663983,26812.654683139153,1.0224650540789144,56.92157530455803,0.5363190419068965,0.276391924760901
2617,1322.9705364756865,0.04301314375175436,6.204479082577303e-06,44.6388672244278,462316.8554238397,88.25473097275895,26799.973276689656,1.0267047217030516,56.41774691199047,0.5409992315545203,0.4687343405867779
2618,1316.2111882750062,0.04502057807596149,6.774344870034421e-06,51.76458703683272,462393.3932562385,88.35759368127215,26787.314381750344,1.0186871491600598,56.17336285739107,0.5421952946502567,1.6154898631223347
2619,1307.8999233471664,0.046280234690438404,7.3214482249421636e-06,47.796210558055606,462465.94158865133,88.6405108874376,26774.7765495097,1.0169215466422197,56.656871933519454,0.5398050523282929,0.11659923953305906
2620,1318.9900300532129,0.044954383151769695,7.823298910562363e-06,-110.60814637320993,462380.0667825476,88.52302220075403,26703.686909791122,1.0202829939428881,55.11184975169013,0.540126417130682,0.749551533212852
2621,1317.1002953702562,0.04857439193191326,8.365828723161753e-06,173.8574712491003,462578.693662378,87.8574193152852,26690.997486484586,1.0118412453615544,55.98758674980476,0.5423721384153393,0.5894309679371901
2622,1316.3493607211265,0.046699052927141826,8.818559383978156e-06,91.09844539700654,462694.50315498223,88.21603982265495,26678.371275335456,1.0141138366854654,54.95845517509156,0.5422245659333308,0.6006642961738464
2623,1320.0417874595669,0.039621402077758106,9.33725467598979e-06,47.944819451011455,462767.23376956274,88.0528269696248,26665.75689289672,1.01236970281496,55.93957778253086,0.5452925060294698,0.6005428653137841
2624,1320.6234493921986,0.04033816608744656,9.87343343114573e-06,46.7393959541094,462838.81383050815,88.19958749351916,26653.21805820841,1.0087523764716522,55.67582819375366,0.5437335371481565,0.11658611983835954
2625,1315.2305697928382,0.04048612377906391,1.0400598781282046e-05,50.80744101506579,462914.4365753182,88.27785540854873,26640.626914474666,1.0124229321831903,55.4860119367909,0.5437997382948399,0.11658893751307176
2626,1305.9012165335398,0.04648832003064973,1.092355250702027e-05,45.08502059950794,462984.30294582975,88.20920780172366,26628.03802712355,1.0107189186896939,55.289344193153745,0.5347299316752935,0.13131554182365335
2627,1308.9287148538206,0.047916495077883425,1.1380942413190247e-05,51.494799379032116,463060.51640562835,88.60332062113693,26615.398162940444,1.010184257634151,54.985221759988455,0.5337272356222033,0.6130962636615749
2628,1301.2112071751187,0.05482763224130327,1.1828717750359389e-05,60.25575744813278,463145.4585775688,88.6635497665744,26602.886449224075,1.0095664778392872,54.777169481147574,0.5338833909393255,0.6304208967823683
2629,1314.5179950480986,0.050678805613104894,1.220094749917558e-05,49.15355445636848,463219.2067934879,88.46479095336389,26590.33345204166,1.0099110216922609,54.52021805500735,0.5320842616934455,1.3070279672732994
2630,1306.4564387047321,0.05793512434408521,1.261642670498158e-05,63.384593451973956,463307.28656991245,88.51822125149928,26577.87518645344,1.0133871042334612,54.70179578403966,0.5281276149025865,1.4568584132066036
2631,1320.078011147384,0.05013623109385057,1.2931651124652907e-05,64.16999127791433,463396.05046515923,88.589929692412,26565.53615586868,1.010490600494114,54.32279887460744,0.559444781420099,1.2456945989297026
2632,1333.1228982524472,0.045748617920357226,1.3327927267897926e-05,56.59727165277815,463477.3458267924,88.61851523596468,26553.196576802136,1.008755435069638,54.241462856648866,0.5544099677655507,1.4710888715010668
2633,1329.1071909691811,0.05149682627421415,1.3769749394875544e-05,50.940519855356655,463553.02840817854,88.47646058383329,26540.676416543276,1.0126358042945356,54.06080390748823,0.5541128290917922,1.2629316823614118
2634,1317.9651768966905,0.05699758119220544,1.4172158675933369e-05,55.73050201284153,463633.48908198887,88.42676143129549,26528.166480332344,1.0231261299051309,53.937000463617494,0.5668687135580806,1.2198437051560802
2635,1316.2300117030618,0.061721532449371064,1.4515621815187854e-05,66.05875800877763,463724.14036206284,88.48510686466396,26515.55218484571,1.0143099912659623,53.759802111324085,0.5615562029365255,0.11662541240364988
2636,1317.3661484573856,0.06517588886283676,1.481034717081222e-05,74.67400068897385,463823.31424758903,88.51907669121208,26503.05687378968,1.0204250202862577,52.592896646290896,0.5600117710594346,0.595155282335881
2637,1315.2549124569625,0.06214203050625344,1.5129441958855045e-05,74.52543010937285,463922.34353443794,88.72295001987956,26490.501624077187,1.0294533816035834,52.193115806161856,0.5619270294380172,0.11663909924563143
2638,1320.4657711979053,0.061884418921543505,1.5558637744861267e-05,59.68263941210998,464006.713278946,88.42723699080516,26478.05580014408,1.0296696568193104,53.28707442558334,0.5599684611432746,0.5712001647919038
2639,1321.3321208159089,0.05807191194435324,1.5967816998079413e-05,79.31569106455325,464110.6737295959,88.63047121685956,26465.54187610521,1.027592589414016,51.921337195964874,0.5493695304565118,0.1166335659446105
2640,1322.7203929510772,0.059828568044822505,1.643671588352869e-05,59.74006677798502,464195.14127960126,88.4995164328795,26757.494274114426,1.0211343823127488,53.05787543402758,0.546081400144236,0.5657707606637103
2641,1335.474046697212,0.05118605921452024,1.6862048913170137e-05,-31.85840456977016,464187.9440659066,88.15102060967524,26744.81439316492,1.020341413555278,53.054889954358266,0.5572314580923164,0.5248510840981595
2642,1351.8141322176984,0.04947005319255171,1.737672431743279e-05,130.90347957719814,464343.6078696529,87.82072366490323,26732.37779078317,1.0122450686289328,52.9552239359746,0.5559470321601792,0.11661738682111888
2643,1348.0658749474164,0.0558166774573754,1.7990933413870626e-05,89.80856279069596,464458.2095386805,88.36906993884855,26720.162181256856,1.0295521789413058,51.99635042554814,0.5546393182009872,0.11662330130380383
2644,1330.314634967812,0.06486291101587205,1.856450812392518e-05,58.4880873154473,464541.4164527076,88.25366568916733,26707.80124052587,1.0235362141110957,53.50644629753319,0.5416288590039866,1.319257921594641
2645,1333.5239347773013,0.06542205704358373,1.9005369069077286e-05,83.48871228896098,464649.4704447661,88.4619036193645,26695.270240725917,1.0175838775956487,51.90505209117151,0.5412709262643713,0.3162329027645683
2646,1324.3612374104512,0.06940096139143637,1.947225529984127e-05,63.94811241211477,464737.97533440904,88.13563578940324,26682.5497923833,1.0201829320021982,52.96771177555776,0.5357269756718855,0.2815525519658735
2647,1333.3654277494354,0.06084479265363596,1.985857450815447e-05,71.45036552411659,464833.8987739075,88.12558103119201,26671.09213933499,1.0224644547799058,53.06931170424466,0.535433221608909,0.11662776706393174
2648,1327.9015721183189,0.06276863775754349,2.033352927112052e-05,67.9213160416156,464926.366468294,88.15755863430729,26659.383859879,1.0142451890072905,53.06497620550612,0.5385293244246494,0.11662674353837588
2649,1315.6372925563219,0.06734119866053556,2.078583079909799e-05,72.13308535654303,465022.9586495949,88.10189210677605,26646.76595276565,1.019339410852246,53.26774429672867,0.5392923902648568,1.28569999203296
2650,1320.0577709446131,0.06563561431434883,2.118670508976098e-05,72.18623279086256,465119.6316125733,88.0896186651537,26635.38170784814,1.019821178739066,53.07053123770604,0.5488145498225078,0.5416403733667465
2651,1313.075821311272,0.06256925834616589,2.1602359130170498e-05,74.70757608553748,465218.9305170961,88.07564944608478,26623.63815711454,1.0139227110409224,53.2844649797802,0.5482603617971776,0.15287388064868423
2652,1311.0911112442723,0.06168855926806194,2.1996433869534634e-05,47.9685760974655,465291.4699092048,87.98392247969738,26612.669152698774,0.9997211075406389,53.0979817826702,0.5395937890606747,0.4982525163655822
2653,1312.9614089652437,0.06527322899173593,2.2328864112446213e-05,84.53629573346873,465400.5321747431,88.2374723321663,26600.132453666567,1.013271923905312,53.18224542986252,0.5396632525190883,0.11664428431669194
2654,1326.0239713348556,0.06060846548524146,2.2620956786051527e-05,71.23591259022822,465496.0170887033,88.130811314686,26588.057039106,1.0075699353873635,53.04346839790204,0.5372726883168193,0.11663194185673831
2655,1331.3660850484703,0.05657488513426523,2.2928416974695655e-05,65.25223841166658,465585.67594016704,88.07747210854396,26575.52971915999,1.0152974820646377,53.286641486176045,0.5399471284142991,0.1166427983742011
2656,1313.9647683791472,0.06261238724043783,2.3446036393855884e-05,63.76907152605742,465674.1217882742,88.15340428862093,26563.0097142083,1.0069364830704253,53.260041487473394,0.5383392651744633,0.11665563877231477
2657,1306.9400430185717,0.06421871978184801,2.3897039918876783e-05,69.06684627976577,465767.718298849,88.22004348339314,26551.10398875185,1.0145714154480585,53.47042571483668,0.5374986209301105,1.5329069425024642
2658,1302.9512342194582,0.06757391058403683,2.4329955398224052e-05,72.78513246499992,465864.95381289715,88.14398252965067,26539.13100770028,1.0115934922956922,53.501638336515846,0.5356984417280514,1.6124333744570123
2659,1306.1988009611855,0.06384461586798795,2.470978483066889e-05,68.98731419094491,465958.29196932924,88.13431623963484,26528.49177318664,1.011633061201951,53.389718871975575,0.5464563789730523,1.0659860717754839
2660,1306.47569280848,0.06267648212500754,2.5129425961431535e-05,63.59485995156015,466046.3977097996,87.86945352770358,26515.960873852164,1.0109016497752583,53.21376111717098,0.5454029469803802,0.20387686872531674
2661,1319.7426387560042,0.0585744767692562,2.556014917428963e-05,71.6045570188318,466142.4630142341,88.05970352229095,26505.167994040246,1.0159340657998648,53.32016245915441,0.5424665011295563,0.5993271499566788
2662,1318.3450147321294,0.05577681072461893,2.6080728823756667e-05,63.888918726404626,466230.94173342054,88.15690681458472,26493.278569026643,1.0216129947645305,53.37177513855079,0.5391217221249759,0.11663847300987129
2663,1318.8198055041967,0.05548534261663152,2.6603224859534512e-05,37.7211995780753,466293.26502831053,87.99478363896252,26480.817463278374,0.9706846241785314,53.28832974868738,0.5392689704962079,0.1964921680526146
2664,1318.2221424244367,0.057810276107440606,2.698746641624883e-05,78.91478924711916,466396.64691154356,88.10335386365554,26468.229939224577,1.0118144375824276,53.55898713413696,0.5369712121069842,0.11665861893347085
2665,1315.2962781405329,0.06130719981717747,2.7430671179867357e-05,65.76115002107386,466487.0154912993,88.14735643096819,26455.839392628488,1.013004038116787,53.54388849942046,0.5357945225381033,1.2129850399731765
2666,1309.547812128222,0.06324982884116137,2.783990651810408e-05,71.86922525718148,466583.4183088852,88.15451139494905,26443.400198205032,1.01249243280102,53.34615238205869,0.53663574145969,1.1384163721544525
2667,1309.9552826947283,0.06398467137288422,2.822470715453517e-05,39.514928466333146,466647.4229014493,87.8889252252743,26431.268778351463,0.9878518319427892,53.48011358345697,0.5355095379150215,1.0464726294512303
2668,1330.9058766882795,0.06741257767555253,2.8528997325957203e-05,88.77525000944036,466760.60833790555,88.06895397935891,26418.779294365366,1.000920297695283,53.59427450020911,0.5342678371065569,0.14514827159273125
2669,1325.2732988433959,0.06791032078769577,2.879408581041337e-05,75.34343123848663,466860.3432033421,88.21504412128913,26406.28839977975,1.0140881226873548,53.60017150912582,0.533259250957604,0.5633393641877404
2670,1343.7359409640894,0.06188605185823648,2.9052000817447336e-05,71.3489146452479,466956.0922011739,88.20028183292695,26787.922916205822,1.0090796145954644,53.66816853346447,0.5329751479762775,1.5481001623574713
2671,1340.9383709847439,0.05861382718703112,2.9422174407620135e-05,72.90406458489622,467053.5229312569,88.467380728534,26775.853701936972,1.0125942053001282,53.65414894077378,0.5331992888161871,0.5603901176997113
2672,1342.099222827661,0.05551210210623414,2.982533492473935e-05,65.07606538832442,467143.139316471,88.39000207186452,26763.17832961763,1.0118210782942514,53.66010445104957,0.5331454641740331,0.5601273602215997
2673,1326.1828728551418,0.06329173357563345,3.025877526680143e-05,63.27077740953115,467230.9864336584,88.3496679711033,26750.56915121273,1.0110150125627224,53.56016141654255,0.5378465849896568,0.5588747666526643
2674,1322.3279805121688,0.06803772823233611,3.0607120322268506e-05,70.3166927149982,467325.7523410441,88.10275181160671,26738.03823959678,1.0180156914241363,53.50759581652732,0.5360257305976035,0.619303293007718
2675,1316.3289243487702,0.07507351386986938,3.090140598512368e-05,76.98004788483087,467427.1354073042,88.26835533476516,26726.65988736947,1.0087623693336827,53.457880056641706,0.5349393111817138,0.5566302495624882
2676,1330.3427846671511,0.06674717114363748,3.111777259853992e-05,73.58954955002352,467524.98384842224,88.44573000047905,26714.181660515158,1.0089710246569672,53.56472845913224,0.5339575343338515,0.556119502771864
2677,1328.8407926392033,0.06510091225630932,3.1419568429418266e-05,79.39218696663241,467628.7246540946,88.61166043348987,26701.66729279244,1.012357433263234,53.60761109509775,0.5334873482027294,0.5591709054949234
2678,1322.411725751972,0.068824325387844,3.176476691717631e-05,71.30870548631745,467724.40108485776,88.88702285733575,26689.033741155825,1.0130508289469746,53.61965367183909,0.5318856246327901,2.6081905727607335
2679,1325.610285379955,0.06532481154529213,3.190329673419488e-05,71.7284607601081,467820.34672906436,88.96182507303763,26676.474075326205,1.0121656142550814,53.464520920405995,0.5359897307253416,1.581010278164598
2680,1314.4122449665804,0.06909892359740288,3.2081184951894505e-05,74.6760026344364,467919.25623475254,88.82635997192621,26663.90147603262,1.008523482951977,53.34620261222739,0.5361880376088654,1.5341768991090134
2681,1327.0307258636979,0.06138895879226691,3.2219985638773084e-05,74.19125019735625,468017.6005095591,88.88623884543384,26652.007094843175,1.0069204743451077,53.378933361751194,0.535607364389928,1.5298919972183427
2682,1327.5142052347524,0.06367779864521328,3.244312205081841e-05,62.26574625212183,468104.1040601973,88.81645351436558,26640.159928463298,1.0091010557342117,53.342876917139066,0.5374687480973157,1.5261507656987447
2683,1314.9669348155476,0.06926903407435436,3.264335524592554e-05,78.45447618214521,468206.76027873723,88.89579705147501,26627.84330340041,1.0072239501780138,53.323332568805064,0.537014281906272,1.5217670713890215
2684,1315.6532770621484,0.06789968384927458,3.2785251659296665e-05,74.73058044321209,468305.58128795883,88.90701017210398,26615.44962297566,1.008598429894599,53.254094551464135,0.5356073045085292,1.5173268883065418
2685,1320.743877465413,0.06442293937269827,3.2944110936752435e-05,73.40789292476265,468403.0795931192,88.93795879828006,26602.875278014406,1.0040636147691582,53.41234238009213,0.5385745574813947,1.083276505609362
2686,1324.5789152855043,0.0625602348423796,3.314010549281653e-05,65.80568102567617,468492.98739626753,88.8776978987293,26590.308849040288,1.0136921093651423,53.42584401702885,0.5365683259284697,2.1206428835642157
2687,1317.5424123484238,0.06953906850309488,3.3353595772280065e-05,73.36496159787367,468590.4949467632,88.97245779097749,26577.752132108202,1.0112791868985105,53.35442721003772,0.5352416946263145,1.076239438635426
2688,1320.4057378157365,0.06761698097815916,3.342866195339851e-05,68.58240574019356,468683.11077380495,88.80580792106943,26565.135067431795,1.007502911388355,53.21398511356386,0.5359472626854503,1.0721975050986003
2689,1317.245454344065,0.0709947545183498,3.3523091783320396e-05,81.54761149899943,468788.6952423173,88.75565878018588,26552.590171639586,1.0094492079448563,53.21987500870803,0.5356655712449028,1.06908046680185
2690,1315.662910198947,0.06712777146355275,3.3581184067521786e-05,71.26304496897723,468883.9936363309,88.59369858027058,26540.04811333519,1.004097995621085,53.173658199283494,0.5391384035159981,1.0657139075865558
2691,1317.9353367726405,0.06038744702538568,3.368105047220407e-05,67.14951867739072,468975.22875976784,88.46132222642854,26527.513321174483,1.0135704623417436,53.21318663535608,0.5388502723547267,1.062222717051057
2692,1304.7105056059531,0.06539783054419845,3.385230011169913e-05,69.75041456096349,469069.16149821464,88.36457330352455,26514.985449388103,1.0041221795904383,53.488646208120144,0.5366752139755123,0.31157055888762386
2693,1305.9177955559003,0.063314695101651,3.397001026018486e-05,76.41930632813504,469169.640630685,88.39367639782463,26502.398542933628,1.008842993200923,53.36764849099138,0.5354533770036964,1.7317940750909315
2694,1295.908399271966,0.06896027694739493,3.4084338907648176e-05,68.06184737456101,469261.7626401748,88.45861010284256,26489.922093412846,1.003941427380189,53.255868392858474,0.5348720550309773,1.3974539921478737
2695,1301.8596554517608,0.06952059560542434,3.413785531200129e-05,75.36324154855438,469361.1379818185,88.94626938303006,26477.416000787503,1.0043380166278912,53.296841903234814,0.5342008200749577,1.5916916177512377
2696,1300.7485695081236,0.06938765291086113,3.418500383941996e-05,72.66079516921243,469457.81862093764,89.02252537276154,26464.91738307668,1.0056646340962967,53.10770800678323,0.5284732039773047,0.9584466513291972
2697,1311.1853713860796,0.06378674801191397,3.420139687441303e-05,67.89566332622394,469549.7612840031,88.9960445226386,26452.425935619238,1.002105066856967,53.02735277956981,0.5247973231771881,0.1166616451355793
2698,1322.5616258006146,0.059767015678031665,3.430341788812926e-05,68.38929796954284,469642.21799104457,89.00142929261487,26439.94256318116,1.0059185661046512,53.06305821889284,0.5228060847008374,1.0287922470512427
2699,1320.6868676473293,0.06130208212095867,3.4467104513177146e-05,59.34020141747857,469725.7244487709,89.05374460418093,26427.402296552187,0.9971738249091067,53.2065853296026,0.5228243257251993,1.2356576674131077
2700,1320.8861651557786,0.06788292314624722,3.4550532495747244e-05,-277.89581336373146,469471.895852912,88.92515226191873,26819.047087162046,1.002648693494039,53.17009624506656,0.5243826150404867,1.295384487376765
2701,1326.7757089980073,0.06634843261419188,3.456651538747374e-05,336.54821252424347,469832.5319026093,88.45511546805922,26806.355496333937,0.9936849805335086,53.19671794561855,0.5209065826494579,1.3486806807235894
2702,1320.5315772162783,0.0673353799675106,3.45985572447697e-05,135.2124768183973,469991.8289389306,88.41709446480529,26793.676728242343,0.9918903651540504,54.49467708759094,0.5186668627846612,2.0671581663577854
2703,1318.8922670646293,0.0633112038245367,3.4619782028990225e-05,93.56970114617604,470109.4501703605,88.74465459804986,26781.0903890629,0.997723425449427,54.701664414507334,0.5142810901433782,1.0876912063221624
2704,1322.7482791054438,0.06119009557799404,3.468352342069666e-05,67.18055175977793,470200.80862994376,88.67046466427279,26768.43126222293,1.0041427727638974,54.7972325574763,0.5135865295266873,1.344455619828068
2705,1313.9018769062423,0.06702394491226515,3.476924573289164e-05,67.61163940736867,470292.55886084813,88.63776016449745,26755.77603058158,1.0000663599986064,54.390973190104454,0.5056650852599354,0.9018480723710383
2706,1323.6951186089332,0.06056542205340398,3.4792227354382176e-05,72.14564565640973,470388.7487553786,88.72223405234224,26743.06167919238,0.9932557506265628,54.51811218355232,0.5056828293135347,1.0892959465418102
2707,1327.5210128881902,0.05470714275812283,3.4843469542787306e-05,61.591858967109374,470474.4104045368,88.50529025586144,26730.45129995251,1.0068515573707875,54.351250390189534,0.5057603166492177,1.135211567351746
2708,1319.7142107727304,0.06092927809886639,3.4999703461446004e-05,57.446642087730396,470556.1480428398,88.42906983541708,26717.776448956814,1.002571302521688,54.34364106945759,0.5057779091070815,1.309395581755311
2709,1311.14211702149,0.06741556277762006,3.499957075953855e-05,71.80277165688926,470652.03779910726,88.51149724814833,26705.215263953032,0.9997826295055909,54.31518857199441,0.5082868346317122,1.3343293796851015
2710,1312.56558764496,0.06678656961737195,3.4930239002107214e-05,76.67810628510495,470752.70844280743,88.14382789870061,26528.449420867324,1.00133785724851,54.044369203275885,0.5067605975988616,1.2869078722398797
2711,1323.2667794933782,0.06550261036505911,3.486835423555273e-05,70.97309291126692,470847.7104313516,88.13675299883863,26515.92821470599,0.9973454701680611,53.96692196318555,0.5059772228716835,1.4432897384214982
2712,1324.634103012542,0.060395753756376847,3.4820870598732525e-05,69.82380767141706,470941.5953760763,88.13128717389135,26503.414422174916,1.0015546253447891,53.82439165262473,0.5059179611107659,0.9714262114694492
2713,1327.664182231456,0.05553284891536647,3.4828781225314995e-05,67.63881525025579,471033.4103184151,88.3175007778985,26490.91084070625,1.0045039333163344,53.870076743120144,0.5101047703647701,1.4868561973172802
2714,1318.67306578167,0.06122165687932046,3.489241947229307e-05,61.76295152209252,471119.4368359641,88.25635668393078,26478.348656295202,1.0049505086430361,53.61712956294083,0.508885930721316,0.965267295324935
2715,1321.440778271903,0.056243885426466744,3.489495309378953e-05,38.38408040925751,471181.9177207364,88.23891245728046,26465.79390928837,0.9757348482922836,53.63482290941711,0.5240067032262336,0.9908415981487053
2716,1313.427846316814,0.0658726620704595,3.482322158059311e-05,80.10523759821879,471286.1372174956,88.14496799821296,26453.426129248695,0.9942920638575281,53.47329382422632,0.5157203540742846,0.9890158213671612
2717,1318.5118576292468,0.06339619479358738,3.465061607177781e-05,73.98565156416961,471384.1534725289,88.14931122921722,26440.956808953735,0.9932894218021986,53.36796859149994,0.518475246550251,0.4789379979901298
2718,1299.147946108837,0.07388487264026633,3.4506680603450786e-05,65.42751979817982,471473.5848468462,88.15868487506016,26428.48681796488,1.0025501710153284,53.629025227402686,0.5198123187590662,0.73080819225315
2719,1304.6990266869411,0.07514435793416574,3.425097772928676e-05,65.48818764109035,471562.9519816131,87.94863721906461,26416.013488551012,0.9827736500463069,53.43276612677381,0.5173650124869085,0.3731599532122942
2720,1302.2811359702432,0.07523551448650168,3.394623122956558e-05,95.7227857539994,471682.53710832814,88.26072314457114,26405.72825808008,0.9950889882572737,53.4224254243163,0.5208979829939329,0.3716881426006893
2721,1313.7234230935044,0.06781508320435148,3.3618509300729e-05,78.93665301333422,471785.3159438078,88.24433985828463,26393.27833387866,0.9928390762180603,53.48815161384482,0.5213721919427908,0.5022682342709999
2722,1326.699039060671,0.06350057239950879,3.3365771103417064e-05,72.9223717247356,471882.276893035,88.28456191982477,26383.78321815373,0.9865009654561171,53.45630872602813,0.5216530454708217,0.495805807573376
2723,1323.9372661478626,0.05947938191286528,3.316188541786602e-05,66.35633238657749,471972.7323578639,88.21125530021598,26375.458422111387,0.9908585018631086,53.319648529286255,0.5213937227491584,0.42663540084619456
2724,1321.109465519515,0.05761575473759206,3.300284682477132e-05,63.593531660981654,472060.48098843073,88.1185073878727,26363.95147683008,0.9950202610140461,53.26106266454951,0.5164164281016234,0.41334064607369214
2725,1318.674854540322,0.056045308384613635,3.2866276713472164e-05,65.28493516565266,472149.90645086323,88.27880325913333,26352.689572100862,0.9925409790119849,53.15564377822513,0.5155356301167141,0.11666522773025179
2726,1318.169355503082,0.05322802972685281,3.2748653280240714e-05,59.41843298084365,472233.62881913985,88.20815951715026,26342.634360236694,0.9938468914194017,53.06950918723523,0.5158957458402242,0.11666381817209981
2727,1327.2231560873272,0.04999752893757914,3.266235215271395e-05,52.58965711445137,472310.47860122373,88.24257336856354,26331.91771620335,0.9983904000701306,53.1165375323148,0.5156542435300767,0.9503846240426981
2728,1329.1086901578665,0.04838813738489811,3.261126102134478e-05,53.342402944419064,472388.1626341501,88.21234141106112,26320.313623352617,0.9992525762182357,53.054441330484174,0.5211363430041257,0.3115612859292014
2729,1327.8593791748174,0.04734425535849207,3.257758351554851e-05,58.12941907757613,472470.7398595337,88.45166134853879,26312.142126034458,0.9994384334326113,52.81777425875954,0.5237839727426163,0.39383242507945226
2730,1314.1297503918236,0.05470445144154845,3.255713665517001e-05,-269.04075302003116,472226.09330709267,88.09731004267209,26524.317523103186,1.0057638262185726,52.58448611061386,0.5182957474857778,0.11665894127487775
2731,1301.3053762131874,0.07053517974198498,3.238057244971136e-05,307.11004347011874,472557.3855707163,87.90728397975329,26514.794969848168,0.9765906247695434,52.447228773856914,0.518063303854466,0.11665938611578497
2732,1304.5971567558793,0.0621922120179238,3.203847380278306e-05,133.07448872267557,472714.485154908,88.14872861936486,26505.569865980182,0.9805311720483904,53.474618735589594,0.5230140318304634,0.1166615591787803
2733,1306.4396656332299,0.06170558808868076,3.178971833701991e-05,80.6768845050261,472819.252980107,88.32439057565924,26496.832167909728,0.9862344120549945,53.75806419816502,0.5220021578948492,0.3469232820452959
2734,1312.0476398578603,0.054015871144458716,3.154871213471934e-05,37.55742970324465,472880.87790605286,88.15479026667644,26486.81275358557,0.9616677954483001,53.74970437099234,0.528135994727916,0.4380707832862356
2735,1303.4671481517678,0.05702149798530054,3.1329130948124e-05,79.62591230863703,472984.6719923918,87.9354445511118,26478.0368668427,0.9789059370165321,53.54652352305431,0.5273265700702129,0.11665541496800813
2736,1306.3126977100123,0.05188957037609243,3.108058896589688e-05,68.12980670455664,473076.8564187109,88.08595154920187,26468.093369334165,0.9833064056970494,52.57432163695795,0.5259586262884292,0.11665437321012462
2737,1295.82091331907,0.062388516223745416,3.0908059893349235e-05,63.63859302445556,473164.627282661,88.42031671896098,26458.529029137302,0.9853191066608451,52.49136857459028,0.5315907219997356,0.11665392005636477
2738,1297.4681573823054,0.059678143148157226,3.0625463584846596e-05,62.115268129050094,473250.7415917922,88.09295404228351,26455.054835048577,0.9823279220569788,53.010175917234534,0.5267470795192749,0.7019498373802122
2739,1302.6327586007424,0.05800153398351737,3.037460441612346e-05,67.42099656041611,473342.2482264115,88.20498593503528,26445.32588702853,0.9841165573746883,52.63788123367608,0.5274952883957905,0.11664717977527062
2740,1310.496398363427,0.05822491961820897,3.0191638747223092e-05,62.8432634750269,473429.2702535185,88.39826120515151,26434.66519269972,0.9888490038288182,52.65326895797193,0.5298028176799915,0.14473104220962796
2741,1305.5764145657802,0.06536336604280713,3.0007979357047207e-05,69.10279881081601,473522.57463263965,88.80379875032519,26425.073950398197,0.9924626883656242,52.4563188747025,0.5280917144857749,0.11663808033350165
2742,1301.1019113037091,0.06631285328797687,2.9748775715034986e-05,56.622694799778316,473603.26283433515,88.61739407036299,26414.718213496486,0.9733746497836383,52.48912998686831,0.5289688533430502,0.31202735141145865
2743,1290.2110563144097,0.07584396553554906,2.938836743621574e-05,86.73079604198847,473714.0210266013,88.75335008681198,26403.301556515762,0.9821319008105878,52.34985949859907,0.5314278153987602,0.11663750175269172
2744,1297.5939408758238,0.07625671330796513,2.8930408959133294e-05,80.68878160608821,473818.58130308514,88.65441787400779,26392.97177707057,0.9900634350307111,52.4254593729589,0.520797033228857,0.3275656357913732
2745,1297.4746182340941,0.07831979140439072,2.853916398275579e-05,83.27034875739426,473925.8849352337,88.66184590360719,26381.47643714583,0.9776234065055475,53.842630274955084,0.5208632051493554,0.6701649086006682
2746,1297.106452512433,0.07653206782828781,2.8129056891397478e-05,90.15132113705181,474040.07824061596,88.90234708468833,26371.919014822248,0.9780608743953195,53.678070973924285,0.5197540556376282,0.3481141945682822
2747,1289.6735194623252,0.09507958159300467,2.7741874261348006e-05,94.23967462312106,474158.38183304894,88.90947005824195,26361.23333296849,0.9943891206097089,51.09101468846367,0.5301907116492023,0.11662570312225284
2748,1293.6439395530988,0.09947116704755965,2.7193050319836045e-05,100.89796864208759,474283.0964713038,88.68724681772302,26350.552394004368,0.9862244753982932,50.814956623427555,0.5354603296289377,0.168748362858409
2749,1293.3163140825,0.09634672242701103,2.660630633709062e-05,109.40476159700461,474416.28952705004,88.90400237594773,26339.35735481801,0.9961283620412086,51.49029197571892,0.5380629037510715,1.3217928216393915
2750,1287.9105346288854,0.102703919463916,2.605653066249267e-05,107.27869735962724,474547.45393381134,88.78482061198036,26330.648696180167,0.9868420385925785,50.529717583706926,0.5368148522903953,0.11655839983053795
2751,1299.9886770058718,0.09007683505372988,2.5438039369205876e-05,104.5896413191694,474675.8341514385,88.96753877410686,26320.087635511143,0.9814400224105516,51.83659432562198,0.5312591790058211,0.11658199084754983
2752,1306.3224780757148,0.08755560513853577,2.4899284540374735e-05,109.4861111089638,474809.1875130618,88.96583772474186,26307.832135351844,0.9823156579893524,51.62033810309046,0.5369737528605,0.7038956705538482
2753,1309.9342375766741,0.08070541668167142,2.4447014093827523e-05,78.07034996863425,474911.21406595135,88.82378233323239,26295.379839852,0.9898813584304574,52.81613341206869,0.5375240136723008,0.7762563042433328
2754,1304.5274360738777,0.0833401016171299,2.402028060808526e-05,100.56300740980194,475035.8148114496,88.55924574706054,26283.25051025143,0.9867101338358375,50.87080437490212,0.5340983076916577,0.6327437007515329
2755,1294.4623368461023,0.07815418517325023,2.362663889184423e-05,83.28769647091588,475143.09930214926,88.65748551050784,26271.025362648877,0.988871823623865,51.889320816646396,0.5385207444259845,0.9519528581016203
2756,1288.8610626789355,0.08943886684988167,2.3230952289387025e-05,99.75014221428196,475266.8059504684,88.85008916192832,26258.669514824334,0.9886507568609033,50.39536474888838,0.5436631410973128,0.11661400103103858
2757,1295.0313790812158,0.08848619411719572,2.275778557290759e-05,94.80540892795614,475385.45598819293,88.75371613175435,26246.26086163874,0.9926871535054295,50.08666776751511,0.5423227579601321,0.3415376153202061
2758,1290.4732738245457,0.09297593741231303,2.232839500653468e-05,98.2833293463571,475507.5685833426,88.77466041322259,26183.399071753738,0.9848984737208261,49.898573762657975,0.5410800693046911,0.11658908547359204
2759,1299.6362188733247,0.09303860624701987,2.1783742212375115e-05,102.70962108507203,475634.05431526573,88.69789972729976,26171.128375432498,0.9898920946467716,49.97702395521298,0.5387088557995617,0.6520469806322353
2760,1315.1016461502625,0.08856160112084632,2.1293538984943385e-05,108.63500782591771,475766.579471124,89.21812125580512,26386.548513930968,0.9869951187556861,49.67005851065706,0.5377585265740257,0.11657175415928123
2761,1305.9877007621035,0.09067096779843975,2.0850985514615107e-05,94.20005161164175,475884.6297837075,89.02200341157513,26374.124070618032,0.9945375367799214,49.80345262960354,0.5373560798560612,1.4504268851826794
2762,1324.6706505923187,0.08517087202946494,2.045588255797808e-05,98.4568283258777,476006.9921747416,88.97075599201303,26361.77379671511,0.9891024382718885,49.617926323209545,0.5358239431744578,0.5548419817680639
2763,1320.5368985817208,0.0911680332351168,2.0066635322055856e-05,94.6610360897028,476125.66237193125,89.07066403981193,26349.632762107038,0.9872800020567946,49.31282257295827,0.5355210785272437,0.11662474490891839
2764,1307.6829598219772,0.10023701695437781,1.9616008981242595e-05,103.611985327426,476253.287557597,89.02219609884757,26337.367581421186,0.9830027676128643,49.217637087572676,0.5387264292309595,0.3362556060993853
2765,1286.2397020836054,0.1152806938631723,1.9033194861612952e-05,114.11594843452974,476391.1021446641,89.03733024853672,26325.108019958876,0.9780826205845486,49.18535709193127,0.536665187957198,0.1165957970951439
2766,1286.4481257780335,0.11799705237991887,1.829431273115993e-05,124.63521194053897,476539.22042637726,89.0189802730956,26312.90966296817,0.9821773791035759,49.038089821864276,0.5347314277298467,0.1166056970249656
2767,1300.4414446605365,0.11106420408020079,1.7501720518984988e-05,122.51771359273184,476685.23252518475,88.75077248185795,26300.59808169999,0.982923428843326,49.02739612630016,0.5511970465116568,0.11658665586659822
2768,1322.4633728184785,0.09868245160675782,1.6788562099634032e-05,126.68748698477089,476835.5191666567,89.33787728582212,26288.226904895055,0.9775312931563042,49.07477771290747,0.5474974865715911,0.11662689584062491
2769,1315.9837248277174,0.10087409824927263,1.6212219762722417e-05,109.6418038167819,476969.03506650164,89.42339037518035,26276.194013082637,0.9790535952226344,49.092746810490326,0.5465622268986725,0.11663530779489406
2770,1306.7422562182048,0.09948809146066351,1.5616603909527567e-05,107.9075337793883,477100.8070801978,89.06389359408976,26263.97394836881,0.9821665975638558,50.008677838777395,0.5443987165678823,0.6444914336538403
2771,1303.9651842761102,0.11086543256851356,1.5036969592236047e-05,107.56849693509045,477232.02493618266,89.19673833414583,26251.69185797135,0.9903104065451621,48.89178610357528,0.54267153108477,0.116608066430814
2772,1293.8457417110874,0.12153098905841986,1.4340583137266544e-05,125.97868469972283,477381.5478256939,89.37856427401292,26239.48117620812,0.9850893779515789,48.80549568656752,0.5406357597759439,0.11662362524455716
2773,1304.130399392395,0.10848176988254121,1.3552811164534844e-05,125.99893030822363,477531.02737715514,89.2138743975249,26227.07939156763,0.9828259605365046,48.76008815583038,0.5340539434323578,0.11661989183767218
2774,1298.606358765154,0.11119962716363019,1.2910321117861917e-05,122.03871592701753,477676.63342495397,89.21680223570114,26214.882169817858,0.9770448010411271,48.76070280844964,0.5370250986502454,0.11664413361772574
2775,1300.911853632829,0.110647444692754,1.2243673446725177e-05,123.06013382089441,477823.33934562147,89.28522075328722,26202.76224184298,0.9748003960415697,48.734387065251,0.5284424768508522,0.1166374372279364
2776,1285.5249367360204,0.11987304085289674,1.1587155585323033e-05,123.60258905847567,477970.5491282723,89.50889310515534,26190.51261730461,0.9806088736735272,48.68289987184979,0.5338537842442436,0.11661942224485244
2777,1281.582953608663,0.12261809942416613,1.0837314443072417e-05,129.89885762969504,478123.80905256147,89.7370787229721,26178.27145442752,0.9787579449107402,48.64079880453674,0.5321911511984995,0.11663271903383077
2778,1288.7669017837306,0.11801729954066298,1.0064069523432152e-05,127.50534596431848,478274.70521732233,89.9812558539883,26165.990823092976,0.988712743852457,48.60741380817349,0.5305979982330118,0.11663139535664868
2779,1285.419006574193,0.1214837078077583,9.345442351100597e-06,130.4664594225427,478428.64429178677,90.14613906095474,26153.80643965713,0.9789655361400887,48.58503418788065,0.5290737862848219,0.11662843137079903
2780,1282.2604106155864,0.12450036522082608,8.596199759994518e-06,125.97120678918182,478578.0089200619,89.24596491228186,26141.706364101206,0.9799501455279943,48.57399911852323,0.5276187666961707,0.11662666080043493
2781,1273.523485150158,0.1308277636433074,7.773036838554239e-06,136.5984955274538,478737.90681015444,89.61950180451427,26129.428578119372,0.9687454539537779,48.545966823853156,0.526233289654504,0.11662280636957689
2782,1270.0365311960195,0.13228500984149072,6.855244305188182e-06,134.0415155481806,478895.03950481163,88.9620847115381,26117.156968974683,0.9702365767355542,48.51786367877222,0.5249081718003291,0.11663248901496104
2783,1266.62107764862,0.13484477048546084,6.048863494952311e-06,140.06608969529864,479058.4891790723,89.13299312911073,26105.017324427143,0.9713959239427654,48.50127959095472,0.523640369568945,0.11662508916474223
2784,1269.8282609445475,0.13369810773772872,5.222367234820718e-06,145.56546112142024,479227.3827705453,89.10647700313956,26092.875971727797,0.9707111030672745,48.52533055720066,0.5224308918320297,0.11662974341929555
2785,1269.682936624067,0.13484826113564286,4.416291595381357e-06,143.50589687952134,479394.24626815226,89.19010707729817,26080.574812862298,0.9676591069032948,48.57750651902302,0.5212904619453892,0.11663184825876272
2786,1267.8137428205189,0.13471347973863612,3.6040202229319078e-06,141.02762134442096,479558.68469934305,89.00852109423147,26068.277135329146,0.9726080065131314,48.612108155382245,0.5202250654320282,0.11664326287979065
2787,1259.029589639052,0.1421916529521251,2.8220088554415793e-06,146.35363002146138,479728.4928767546,89.1743708061766,26055.94406248056,0.9776892857053789,48.66447806810419,0.5192250380243966,0.11662439641250444
2788,1264.4202121816536,0.11650326299808977,1.968245123390933e-06,137.8531481780998,479889.52065531345,88.92706730466514,26070.579137740737,0.972798942720869,49.276562502524335,0.5182930788263233,0.11663260186888635
2789,1258.352978520511,0.11968850403242948,1.3725202483482434e-06,132.01369122693632,480045.43382921343,89.06927814607995,26075.51414906581,0.9713831621364091,48.79886492119187,0.5169309927081596,0.1166221417462765
2790,1258.7484208933288,0.13517133088478828,7.530869989093766e-07,137.17663801127512,480206.4472237604,89.09721479970756,26711.072250344598,0.9835975416337893,48.834750731473456,0.5168228082689165,0.11662689801116244
2791,1257.9083466848103,0.13940786464105148,1.8442720606162852e-07,146.75442890763458,480377.0958876038,88.78999805356449,26702.250932787814,0.982216751049404,48.80392336816926,0.5160498443235615,0.11661728414645722
2792,1254.1289163541333,0.1429149350775758,0.0,149.6484390828327,480550.5139661992,88.8025877422272,26692.759870378723,0.990351926776548,48.87046175566533,0.5153056295982359,0.11662242519301458
2793,1260.4111489104196,0.13952616953548358,0.0,157.19126934682038,480731.4002996162,88.99237686437382,26682.37855328268,0.9862757956251214,48.93808613915227,0.5146214142163221,0.11662386275482106
2794,1261.2338234298954,0.14032832549228158,0.0,158.84109546209447,480914.02366704395,89.02589381846707,26644.642553616097,0.988600393877811,49.050591140499634,0.5139945524942342,0.116629540702192
2795,1260.2440269575438,0.14264490060879598,0.0,147.99460983851134,481085.7586584614,88.81067321089344,26632.06482461315,0.9862315721859815,49.1259416450805,0.5134372319803054,0.11663116797029716
2796,1252.8021274730831,0.14908312975763682,0.0,155.15239271906077,481264.51211470575,88.8059731374883,26619.64070902787,0.9854612770975733,49.18769597142044,0.512933484672901,0.11661846486808258
2797,1252.6528677400388,0.14853978883052354,0.0,164.41948135962411,481452.2803143892,88.90341482876639,26606.99803064343,0.9857408902593547,49.28801961403352,0.5124760588932795,0.11662122775638295
2798,1260.391056199193,0.14332736090252374,0.0,154.02888483679982,481629.65449910396,88.67240703082749,26594.416054637462,0.9806983851779507,49.35347776618374,0.5120755725437474,0.11662488278250294
2799,1256.3054196401727,0.14800765754196765,0.0,164.7089881864297,481817.8245269548,89.31172652259909,26581.95436267313,0.9836099795887524,49.41188738672087,0.5117174566772281,0.11662009451049471
2800,1259.1228702822198,0.14643715340767205,0.0,155.4957827605414,481996.6927120488,89.09228917649696,26569.472167141426,0.980882428946994,49.44429197702234,0.5113972178727996,0.11662731273084148
2801,1261.4091308716638,0.14447115233475938,0.0,150.3583755354885,482170.47471542144,88.78903095869094,26557.01576769133,0.9839966073184152,49.49112207927509,0.5111042179912425,0.11663343544061888
2802,1261.4255495580885,0.14365728361035812,0.0,158.95299204171488,482352.8741189147,89.13196495234574,26544.436194668695,0.9771154617671374,49.53046633495289,0.5108419325150049,0.11662931718697678
2803,1258.527487730721,0.14651267751882835,0.0,156.84230034801476,482533.1442176366,88.73073412625948,26276.17506079577,0.9833182877370451,49.565148006083916,0.5106063073609487,0.11663116518855077
2804,1260.3640618667728,0.1444142834015283,0.0,153.8124413688141,482710.25545687834,88.71863275367437,26263.949015246595,0.9815306779836289,49.57403367267487,0.5103748507300145,0.11663836013701712
2805,1254.7103544019476,0.1496275822975659,0.0,156.79543750836675,482890.48317192326,88.78327919706062,26193.7031763359,0.9793052055820264,49.590370115509366,0.5101582787583118,0.11662274424696761
2806,1253.754337958675,0.15008704972056275,0.0,159.22402714003823,483072.9151559255,88.76401412051904,26181.298815240152,0.9841302155764305,49.632331778560925,0.5099583529374444,0.11662229101372645
2807,1251.396231453761,0.1508131276080511,0.0,159.26246207275176,483255.4035421692,88.61921668518801,26169.04702769979,0.9874825342048982,49.674752301823766,0.509782836123554,0.11662635947273259
2808,1257.3694327973392,0.14565951286927803,0.0,158.88719736877292,483437.46929617645,88.80032460792272,26156.85436277944,0.9766791959617173,49.706317719649356,0.509630653218522,0.11662744834843863
2809,1256.442754994549,0.1453092843122784,0.0,156.16137669293323,483616.9412916208,88.67931735485412,26144.473453703307,0.9817209621401284,49.73545326973974,0.5094969865672981,0.11663553329351828
2810,1252.6867797140053,0.14777708794260658,0.0,160.01268773549606,483800.2068848479,88.9347827256495,26132.296894917108,0.9856811772776334,49.763864343073834,0.509380086697403,0.11662034760672668
2811,1253.8898615244395,0.14597492352498054,0.0,149.25495597058884,483972.56837516953,88.71966641742954,26120.062122256844,0.9819338176831868,49.77423831175878,0.5092788735509746,0.11663136624511594
2812,1254.62860052018,0.14708133590275074,0.0,153.27045535592987,484149.25431394874,88.66376807331791,26107.70355191167,0.9821663560895469,49.764815114526705,0.509186494011772,0.11662686734337058
2813,1252.5194553628692,0.14998065185012677,0.0,154.1280024167012,484326.78844928346,88.45815339835627,26095.483705588336,0.9861881339801674,49.806412019572825,0.5090958617675821,0.1166258166111902
2814,1250.1389030587802,0.15207896082653183,0.0,159.190547171628,484509.2896677267,88.49379055081955,26083.42119339704,0.981045127409093,49.85421816430341,0.5090240179777792,0.11662450087673903
2815,1247.8886640974433,0.15486420396378575,0.0,162.00526770763489,484694.5077004179,88.53342240863296,26071.241119633938,0.9801707272909174,49.890963079280304,0.5089721007853555,0.11662829211597625
2816,1252.829450903233,0.15092339376530117,0.0,163.01111336817718,484880.67516904336,88.75032851736475,26059.049906515487,0.9727315593715594,49.94032260293634,0.5089353906328078,0.11663156878914549
2817,1250.8477653724162,0.15210165714241997,0.0,160.2115543990158,485064.08260730875,88.63327734922544,26046.68277497975,0.9774565949989565,50.01064194282365,0.5089173560864387,0.1166186191081664
2818,1257.1957603791302,0.1471466418557268,0.0,161.25825439399003,485248.46777232096,88.617155294247,26034.637298200658,0.9660863713224066,50.06697942689824,0.5089240969265554,0.11662424872628208
2819,1255.7516805842722,0.14549380107690546,0.0,154.61122524850958,485426.38707775704,88.50058627271328,25886.84025870147,0.9770329714927886,50.10899397511218,0.5089496633895755,0.11660938388632758
2820,1252.8890502417266,0.1461833119065491,0.0,-125.81197157625104,485323.8734520783,88.74906445886634,26692.01362145282,0.9684934990517465,50.14951625691635,0.5089687178012571,0.1166179251082724
2821,1253.4747857379034,0.14439447038007136,0.0,370.68071169713926,485717.75542131165,88.64955302809096,26681.812795904203,0.9644490611488872,50.179817898301,0.5090006638548381,0.11657986681058219
2822,1280.105468314606,0.11602568798685642,0.0,203.35692122224796,485944.32764598186,88.49520202694731,26671.877530091617,0.9703764324674605,51.16142298581045,0.509041432559168,0.11660914326122906
2823,1280.7552194653736,0.11574119166178576,0.0,137.04061928670814,486105.0804590433,88.52861672755114,26661.202129040357,0.9829516678847087,51.3749018741603,0.508231652710877,0.11660747896875989
2824,1273.5782623211473,0.12396774456859672,0.0,129.99195970845548,486259.3132448833,88.36227138156853,26649.31045007266,0.9919642772441994,51.29669201866007,0.509890703523061,0.11659170508580985
2825,1267.1265683508564,0.13135146264817965,0.0,136.33452960982373,486419.6413977331,88.35703268950721,26637.74433602517,0.9875942673641103,51.23382780601123,0.5102623115260271,0.11659693003805671
2826,1272.2528280856584,0.1289085551599538,0.0,138.7275701412158,486582.27370083414,88.06074351031732,26626.502317718583,0.9895925385289728,51.187851863474194,0.5105942973296459,0.11661634235072427
2827,1276.353164056217,0.12346520639012326,0.0,141.27144750246094,486747.5674992041,88.02787560386419,26614.47777589884,0.9945355055568227,51.16976919081535,0.5108943167493106,0.11657154513468981
2828,1259.8342845575653,0.1360826566444141,0.0,137.6516046384712,486909.223100595,87.43851961821815,26441.39875222064,0.990765254745482,51.14448248888289,0.5111733584043266,0.11658335946292198
2829,1249.803675726678,0.1417077678309856,0.0,145.54091968330926,487078.58837278874,87.4454965404631,26430.90408878539,0.9882652103186297,51.10570055334309,0.5114104534309336,0.11655039928419342
2830,1250.0499069723528,0.1402748101852539,0.0,148.36541297396838,487250.5875599511,87.29224819337699,26421.78583357778,0.9874015290309561,51.16327573230022,0.5114082878977324,0.187761750223018
2831,1258.4567520859352,0.13813073577661195,0.0,152.45090895622414,487426.6877298983,87.43010793315365,26411.007591810754,0.98401511225853,51.12330379078974,0.511857365853063,0.11655465036237445
2832,1254.2821507927774,0.14176773431850298,0.0,148.12521673757203,487598.37627727666,87.35499335612923,26400.296772001693,0.9860070466646493,51.14012486064016,0.5120534353714598,0.11658948386978807
2833,1266.3969681434262,0.13888353764357875,0.0,139.0012775515481,487760.89233581355,87.40358422507384,26389.437381633255,0.9826570191390623,51.14802205602827,0.5122454356334281,0.11657162945387256
2834,1266.8515625804991,0.13790036590332466,0.0,151.6133422221727,487936.0825457195,87.58720004326854,26377.12139209992,0.9522902142084402,51.15253072374964,0.5124305868853565,0.11656369437922365
2835,1266.2295809130353,0.1437142579659385,0.0,153.14171783761753,488112.7944919902,87.52697166455062,26366.155585167522,0.9800110606614825,51.23223193630464,0.5125093392788319,0.11660592458486008
2836,1272.2892864494431,0.13761329592570526,0.0,156.9806222536261,488293.30679554585,87.51446030428286,26354.156059857814,0.9767665558902855,51.2297942812526,0.5128084922187,0.11656312720353412
2837,1275.988036424485,0.13253979585901066,0.0,144.72492908883785,488461.559002645,87.39634111469069,26342.99251904781,0.9830377582389459,51.20770103290605,0.5129932114624784,0.11656801150974161
2838,1275.4560708283814,0.13193429953271885,0.0,147.6750567959199,488632.79807433917,88.09257368628758,26332.14456053826,0.9850834113507093,51.17734249297641,0.5131613556625165,0.11656898451442999
2839,1273.2358683878294,0.1337666049307391,0.0,141.9881519271764,488798.40435410326,87.9793144956695,26320.874268604908,0.9850881552119953,51.11946206796503,0.5133109827010748,0.11657094636866816
2840,1300.6858771864836,0.1243030205882778,0.0,142.7537764946302,488964.68303289264,88.45320576467685,26309.684397049943,0.9848536347445027,51.04237423049178,0.5134337821747136,0.11658625152968227
2841,1298.7593279202888,0.1263272264153832,0.0,132.96224977156916,489121.4100117041,88.3854335051815,26298.516190265786,0.9772071514485219,52.02092507212095,0.5135246509937019,0.11657559987918376
2842,1302.6161910997566,0.12530825348848007,0.0,138.64246925476564,489283.8136483641,88.37775708810108,26286.670753984894,0.9772586354463089,50.814114294861405,0.5139396200842572,0.11657463728469963
2843,1291.5068019201638,0.1318108831722149,0.0,142.00495369542085,489449.5355775665,88.60045521385433,26277.970007503878,0.984162249428101,50.7269027918141,0.5139286340005521,0.11657797041245033
2844,1287.0185069920149,0.12056056135652138,0.0,133.9682538270486,489607.08078409586,88.41227374648206,26279.311574409643,0.9822709463152496,50.55805121733063,0.5094783869194377,0.1165802460883043
2845,1281.4486794580898,0.1318404314125069,0.0,139.9723832410505,489771.1483636458,88.35185111014351,26276.129699019893,0.980261207243104,51.50942717941557,0.5140154496715961,0.11659090533902372
2846,1289.0836102009139,0.12999972448799535,0.0,142.56162692213658,489937.5827387456,88.3366641698593,26271.253094836524,0.9780556119889006,51.33825960875188,0.5102950299240564,0.1331392967546634
2847,1288.0304918551576,0.13200376924241508,0.0,142.94398628660136,490104.34938169044,88.19277888468052,26265.16885895266,0.9772681830008522,50.20113411132579,0.5145829244571415,0.11658573824207963
2848,1284.3392806993365,0.13499462480165092,0.0,148.02730728602478,490276.1473687135,88.28602037221918,26256.96594170148,0.979003221845601,50.11690077909245,0.5143345296790437,0.11658775750464656
2849,1281.9212114505528,0.13720535729821404,0.0,143.21903382758518,490443.04844761034,88.2134837437904,26248.546527118666,0.9815301179429096,50.09601795283963,0.5140705002163337,0.11659404304229781
2850,1277.1884289734598,0.1409917022728393,0.0,-137.62379342348692,490329.1781494485,88.19618219641922,27131.865160577832,0.9816844807668892,50.02611662163815,0.5138128970077689,0.11658971183344136
2851,1273.7249744802598,0.14240769319837754,0.0,367.3312947414514,490720.15976778563,88.01740176345554,27121.863792181248,0.9676410627490158,49.92915864488462,0.5135449467727353,0.11659348356300825
2852,1287.531185873333,0.12043784045010864,0.0,204.2012427067006,490947.9794251598,88.09375005549431,27112.718396997814,0.9824135553777097,51.0818841973971,0.513258089857557,0.25374804791336203
2853,1275.414082336508,0.1310359410167159,0.0,149.77173613937765,491121.53582404595,88.11656204712776,27103.571303534136,0.9737904454628797,50.89059710250371,0.5089736809314787,0.11660802752135169
2854,1271.5701927515688,0.13085126995666174,0.0,133.89151064788402,491279.0394585713,88.0331418182255,27043.182407766584,0.9828345827306214,50.755046466232145,0.508337738392412,0.11660980007766852
2855,1274.992955029993,0.12772971161190505,0.0,140.3253648062757,491442.92724813346,88.04238550719559,27032.9788546949,0.9744098508432391,50.60281110537751,0.5075775251462464,0.23129629672749275
2856,1281.9118383790196,0.123864235516159,0.0,132.35386860921275,491598.85291192454,88.00806276335159,27022.689642064866,0.9804666380398408,50.52001235238086,0.5141368271225955,0.11660189969124701
2857,1279.6977157943102,0.12584406275249027,0.0,126.41309246193828,491748.9081406477,87.89711674932164,27012.496668982534,0.9727241263424663,50.41456184129591,0.5140194861146881,0.11660160152190713
2858,1276.2779936952545,0.1320699710316917,0.0,137.3169498653081,491909.8233609776,87.81370440173382,27000.687596053493,0.968480947438002,50.29863967329903,0.5138727820667534,0.11661496710378572
2859,1272.2397720582665,0.13570089014955666,0.0,142.22921262317223,492075.4871654901,87.86521277400702,26988.271801446775,0.971222602631697,50.2292489908079,0.5136946780895695,0.11660580703360779
2860,1270.6345045270198,0.13649999146649228,0.0,112.48965409285347,492211.30546507257,87.46797213578705,26925.234658072943,0.9693024979685495,50.19663310733036,0.5135023893763192,0.1166081737899134
2861,1268.2776139750736,0.1375778061547206,0.0,175.58638707919513,492410.2121620934,87.46913461330222,26924.86293492787,0.9736924683914818,50.148919300827906,0.5132893931143622,0.11660866036216078
2862,1298.2086516184904,0.12453841995559545,0.0,153.5381508741356,492587.0285976737,87.52238039394778,26923.185370511063,0.97167746837515,50.215477812776996,0.5130712533832715,0.1166103696809131
2863,1295.4429258266039,0.12465667683647019,0.0,139.20757928896955,492749.71815413743,87.50179055927354,26918.844468719686,0.968536693677154,50.13038831546541,0.5128865984158866,0.11661985089234861
2864,1293.3546939375155,0.12598858319960038,0.0,131.55762484369708,492904.74409233243,87.46141287423076,26911.374375856485,0.9755083418195779,49.9249025489066,0.5126828273862162,0.11661270614251862
2865,1292.4074888229552,0.1281156478641543,0.0,139.72386415525693,493067.96356820123,87.45588596320833,26906.543169999946,0.9666525148074743,49.815038450008714,0.5124204912743856,0.11662173983026491
2866,1289.5628753669705,0.1288205694665433,0.0,136.0686584029926,493227.4569682924,87.44958744843088,26902.3931532463,0.9734783844579056,49.70661343518702,0.5121542308489163,0.23308842492249937
2867,1285.5110947924766,0.13175213556714827,0.0,141.51769008669288,493392.36304860783,87.49966437993753,26899.05351749181,0.971443822100978,49.606909136976306,0.5118891937609786,0.1166175934830278
2868,1277.7186726453172,0.1359102363268886,0.0,142.33684345309865,493558.0316007605,87.44418726831056,26886.825710335863,0.9737443486935318,49.337845128570095,0.5115997345533689,0.11661735595546929
2869,1273.852556351511,0.138643736491596,0.0,146.6030743127062,493727.8177489782,87.46779313839043,26877.835545828613,0.97609771430334,49.23415182911081,0.51123470261917,0.11661779795885252
2870,1271.1903529937786,0.14040489782930876,0.0,143.59053814143945,493894.5476958818,87.4410835253698,26865.46363858453,0.9764743178198646,49.04504057855402,0.5108534354521295,0.1166199758780806
2871,1271.4125807178175,0.13490205947891054,0.0,145.3239083731507,494062.9960460073,87.44066699933296,26858.26776717846,0.972585156687918,48.92645106067164,0.5104280803209209,0.23089706726049997
2872,1268.3452248307772,0.1344731535620256,0.0,147.06188022335994,494233.4442295177,87.82649397789753,26853.43576113605,0.9643905963995992,48.89761223863513,0.5099889183365159,0.11662228054007073
2873,1263.3682818168961,0.1425497730812464,0.0,139.97258651496776,494396.74080785917,87.74055168922428,26841.134681651874,0.9749494449317502,48.64795558166165,0.5095580248255723,0.11662285689240548
2874,1259.6408785370863,0.14605615237525893,0.0,147.4632579103292,494567.3319989777,87.80293817910652,26828.83286557806,0.9775872054409298,48.53989742411811,0.509065242922613,0.11663055429950475
2875,1258.3271624951442,0.14570906203341227,0.0,154.17956425066146,494744.55323722423,87.83886617661948,26817.51209122507,0.9718485351384155,48.330696256756184,0.5085612396028403,0.11662442868305334
2876,1259.2898682831049,0.13917295136529595,0.0,151.22910572816537,494918.7997532751,87.90142982239438,26811.746689289448,0.967927864826543,48.342194325752814,0.5080126368862667,0.1166261223318088
2877,1256.4689301529056,0.140507792286499,0.0,139.3364720935786,495081.26083331776,87.79920200623022,26803.027212653928,0.9714590504817466,48.260917313505686,0.5074957879539349,0.11662635608333005
2878,1254.4846775988517,0.14240603861211742,0.0,152.27426009245588,495256.62087895727,87.90862981836551,26795.16841750926,0.9684738112455212,48.044931446311786,0.5069779541864033,0.11662770510172038
2879,1252.6520204382518,0.1426041170151674,0.0,146.34694208162693,495426.05212211097,87.86603907330768,26787.124808323955,0.9726136675793364,47.942380359085746,0.5064139680125206,0.22747638694335137
2880,1242.4175795685344,0.14458676859369424,0.0,145.96406832666372,495595.05388171587,87.93337120950936,27384.22278421111,0.9685692642541879,47.8613272547784,0.505809324104719,0.11662943298979656
2881,1233.8488558141717,0.15395518322283153,0.0,149.48874381279833,495767.808264618,87.88332808071009,27374.74201674669,0.9790184015448488,47.80086678798592,0.5052039717034584,0.11662966701688049
2882,1232.4049416148807,0.15939939860991903,0.0,165.0094836105148,495955.92233391164,88.0553028816076,27366.54795513565,0.9752723961152421,47.82928061802963,0.5046287129259385,0.1166383545144356
2883,1231.473754102497,0.160342803045458,0.0,-4676.664449878409,491302.3304641591,87.49516100476187,27216.88039983378,0.980197260679729,47.7594661701405,0.5040922925312192,0.11664838368480446
2884,1231.4325169534768,0.16058341186796332,0.0,3839.3845443702667,495164.6769131797,86.81450853044277,27205.73723793236,0.9957385121704205,47.74041785904753,0.5035401986568835,0.11664887051885842
2885,1276.7661423427662,0.11797637800491134,0.0,1041.0981259983714,496228.78753399523,87.11117863491815,27193.378323787016,1.0773595659289932,64.0950648894802,0.5023425160452942,1.1115096708882248
2886,1281.8130664637215,0.10787858584828558,0.0,348.55012870375015,496601.41675112746,87.20410133508685,27181.005884319697,1.0293770638833155,65.30042034806134,0.5047545594961155,0.15351627548351132
2887,1286.430551746397,0.10330912555412608,0.0,174.12354952705795,496799.773245406,87.30112344186023,27168.356661498463,0.9913928380786547,65.25081191619637,0.5047728991504742,0.1778692866633378
2888,1292.870357891716,0.09678597656868959,0.0,123.93774406209093,496948.0316230083,87.88522616477461,27155.598197665433,0.9895696969516408,64.59770687033092,0.505239085229286,0.11665245658109313
2889,1292.5262930942904,0.09513384980525563,0.0,108.90371213533803,497081.3812848926,87.84405167431831,27143.031831052274,0.9855822806810071,63.75346913905343,0.4985656337757133,1.0883395121173578
2890,1287.9854438257544,0.09476728897763642,0.0,105.62004086411127,497211.49926436873,87.73421012836326,27130.842234907082,0.9873077747309854,62.82307314105495,0.4985835303608158,0.11665339786306106
2891,1310.0260560084623,0.07958112411064411,0.0,102.62540556324464,497338.5453099309,87.6468483133466,27118.631845780397,0.9912632629851788,62.05666990857134,0.49860143488270314,0.11665387123491655
2892,1318.2278563135887,0.07429161541163065,1.3516850335347167e-07,93.5277066568826,497456.8233712026,87.94826194556767,27106.279145524997,0.9910699053472418,61.38697441601156,0.4986191221217709,0.2834497852568916
2893,1321.9006849462219,0.07466372501519725,3.2585175240167173e-07,81.9066842661567,497563.598956618,87.86192246097042,27093.457191768066,0.9905984750205002,60.662681551331126,0.5088698982917684,0.2829396121895087
2894,1327.2430724519786,0.07494490056695158,4.3376724423575326e-07,86.83188662010033,497675.35383647156,87.6912937297147,26963.43841509393,0.9857206303322007,59.98930080663681,0.5103964423680578,0.22134978690290552
2895,1323.620189643398,0.07668641169883883,5.382703144202803e-07,85.66715929728304,497785.90782349976,87.64203250714824,26951.31959120257,0.983096160920862,59.28730572289967,0.5149981885446671,1.062820552118822
2896,1323.74476079737,0.07518039678686927,6.239374766294413e-07,81.8892489687091,497892.6435461285,87.5766709684432,26938.95739956409,0.9995301026954742,59.75403511676409,0.5221300334481808,1.0279184823752132
2897,1324.656206267785,0.07596755614756545,7.254741137170051e-07,89.7963479255285,498007.273457329,87.83597486793673,26926.218207831014,0.983912945154757,57.94983995705396,0.5236964109214463,0.27799321500495466
2898,1331.1128898197244,0.07209123211020796,8.18353165228364e-07,81.40792212369368,498113.57325451,87.72494866548574,26913.678771740193,0.9949651151370448,57.33843780641738,0.5248252389582787,1.1963699113485404
2899,1336.6720091644722,0.06715362855595275,9.522770475147322e-07,82.70685235347267,498221.2728013713,87.67734833779103,26900.923790912275,0.9770057434380416,57.811214030339194,0.5322051430899792,0.9848015006628543
2900,1345.3672412049639,0.06153401855342833,1.1128268124606307e-06,69.25549072407213,498315.5736351104,87.68608897306949,26888.18130816788,0.9907603085007755,57.21567118845777,0.5331260189038834,1.134794791451938
2901,1338.2699710169804,0.0720639059930851,1.3325381470744118e-06,75.46432169153766,498416.1115621582,87.81349522830973,26875.48544731624,0.9897361883229472,56.50543171535644,0.5325290966305932,0.11665732984042165
2902,1332.366182382667,0.07800344129874026,1.439147453688177e-06,84.15467900616125,498525.2496173664,87.92495842580041,26863.2778053211,0.9873676705428245,55.9039874061491,0.5319185625066706,0.27230878742520304
2903,1339.8527928150631,0.07400337290548376,1.485558937339346e-06,87.3008610463747,498637.4507151827,87.9050343196202,26851.041945973124,0.9890483253383314,54.50445786985318,0.5310566629490003,0.27136350121480746
2904,1336.2256042683184,0.0766570305732367,1.574810771358647e-06,83.30005964062138,498745.7889700442,87.90312524498172,26838.396454096877,0.9894058576178839,54.268255075301056,0.5298960643413225,0.9518377360450074
2905,1340.4812648698264,0.07211049004159698,1.6357990562467829e-06,84.47583971412774,498855.2453404449,88.05039014547424,26825.71161713027,0.9903842464641361,54.03116570311975,0.5293040500018842,0.7251208405860154
2906,1339.3428337867765,0.07252861570965574,1.74566047591064e-06,85.37747700633972,498965.67470322875,88.2923031798533,26813.34544731392,0.992769474742062,53.53915727064415,0.5293226432645768,0.7937265174795272
2907,1339.368399435776,0.07552255393066143,1.850624706670403e-06,83.13930171712087,499073.8515507205,88.21747237524211,26800.524559124675,0.9969756681818001,52.92281547429531,0.5288113470964176,0.21629788528046845
2908,1336.0861864553888,0.07785779769921519,1.9236352683038436e-06,82.72893067259531,499181.59446232935,88.30762165083198,26787.893639904414,0.9990693767612532,52.56098098717635,0.5326908265323939,0.26903497604580195
2909,1336.0553159011904,0.08000258339418509,1.9719610709398012e-06,86.47485631621097,499293.0734726757,88.24690790504354,26641.201915436086,0.9897361722534479,52.87329963221234,0.533578733290062,0.34198957527760854
2910,1337.3278513607047,0.079940528019249,1.9948655280978446e-06,-1095.9560110617788,498222.0763327155,88.63592523021958,27717.24371169816,0.9903796682248299,51.825299161840945,0.547626039524908,0.11665949563634115
2911,1335.1988975015151,0.08139137232094551,2.0190132423344108e-06,992.303065618504,499239.27879795566,87.59098302247313,27704.095523557487,0.9519894990942678,52.39354783048097,0.539025612990007,0.11665983337591967
2912,1344.1026420859662,0.07623345655203173,2.028314313105633e-06,307.55532313924346,499571.69811319327,87.77113213553922,27690.84008509801,0.9785838866412182,56.04906441780366,0.5437048894109011,0.16992123262548375
2913,1349.2277687978706,0.06824886672493491,2.0957100217855137e-06,141.4066101635075,499738.0327634875,88.18572990410172,27677.498003495057,0.976817412177958,55.97617422227439,0.5437200395672378,0.6706818259544605
2914,1353.8469755938704,0.06533952885813332,2.2273693813221366e-06,81.26440412651257,499844.2955237236,88.18026273958723,27664.20872593372,0.985190730859812,56.19049060209476,0.5393256666981593,0.11666072333828481
2915,1349.9828742713078,0.06668471635842299,2.388484572167839e-06,69.73735215925552,499939.10376841883,87.88664819986575,27650.981905219815,0.9925692191015658,55.653781067213366,0.5391644905032442,0.11666087395904867
2916,1355.3449684692293,0.06466571453682746,2.5331847162698187e-06,77.21489488858762,500041.3616864085,88.25776207841746,27637.596099988066,0.9919685771878133,55.18986346491954,0.5407954454534162,0.16735112334110624
2917,1367.899091482058,0.06266846888968647,2.6991741351680384e-06,73.57860520967509,500139.979965956,88.13660580458473,27624.421650263583,0.9909641078263303,54.67028136350629,0.5408143194798135,0.11666121854574385
2918,1359.9991542526348,0.06606145792543172,2.961893911520154e-06,72.50944353775401,500237.92519052036,88.25497158059282,27611.243933118552,0.9932120614499083,54.18329789246206,0.5405395522660872,0.21221346371314098
2919,1367.856346511077,0.05904499854710177,3.187262011831047e-06,68.69148670964012,500331.9582670131,87.89717830715747,27597.857094080355,1.000332096359336,53.73129002646604,0.5426290848193426,0.11666152369677718
