t,real_gdp,unemployment_rate,policy_rate,gov_deficit,gov_debt,benefit_paid,total_credit,price_index,energy_bought,e_capacity_utilization,energy_unfilled
0,140.68057391275835,0.8838296450684742,0.000134,148.9304844822618,4926.4304844824055,78.80000000000003,2137.4850310704032,1.2,114.20149649999998,0.021448377958225726,0.0
1,258.94712225875963,0.75834708296657,0.00012512711686447138,80.22997656127626,5006.915575255216,78.60029350504067,2528.6058666334593,1.1999999999999997,109.81050961796224,0.07998102762435312,0.0
2,353.9689431286751,0.6632463197542002,0.00011765586548615166,165.94456700839268,5173.158773825462,78.61723636041759,2643.764235161782,1.2015076357268921,105.18689830189707,0.13821187115620123,0.0
3,419.5546191540818,0.5962559656031396,0.00011125233558430882,159.39760173095917,5332.867200199251,78.60494776198777,2659.0467863897893,1.200965093335303,100.94478733328029,0.1505125631807757,0.0
4,507.2815766047728,0.5073387811961503,0.00010560932388032806,129.70261387527006,5462.894751977781,78.84951484087753,2660.2277633868084,1.2011358540677226,96.90800137723738,0.19612635887488977,0.0
5,577.4982780819804,0.43398020281204774,0.00010095434928329903,120.77557664626741,5584.006829162434,78.85387221058566,2661.6319231609996,1.1999999999999997,93.31268636733428,0.21280859938697674,0.0
6,649.4611404375934,0.3437760030068556,9.71143274921736e-05,77.5066505927521,5661.865228810818,78.83628947368445,2662.7444390190312,1.201465514626409,90.24127548329025,0.2241039374504513,0.0
7,695.890763051401,0.27605121787086884,9.426245374414806e-05,81.09850058342568,5743.321182656568,78.8414736842104,2663.5669176301817,1.1999999999999997,86.99998899982329,0.23069352407010033,0.0
8,744.6140322400109,0.20772235768008984,9.21519224520099e-05,54.46037250302558,5798.149461196405,78.8518421052632,2664.171081123107,1.209292330575299,84.43962583230565,0.2479774819264232,0.0
9,777.9554068851618,0.17268419198054774,9.078362577241094e-05,50.632484391845566,5849.160145137997,78.8622494078945,2664.5573681886485,1.2000000000000002,81.56310820547024,0.24797358700441807,0.0
10,799.4911150761602,0.14870492794803913,8.979769849340112e-05,40.61676913067956,5890.164661787125,78.88817046052657,2664.8307415586337,1.2038324708029158,79.67422682493319,0.24800735907823784,0.0
11,817.3439427937333,0.11670459111737852,8.907351591105742e-05,36.718806245652075,5927.281269765827,78.8933546710525,2664.995958378801,1.2000000000000002,76.73449721812739,0.25519986029822905,0.0
12,834.7099605169896,0.09632607375438684,8.869443108588872e-05,28.871455787497894,5956.559612713675,78.8933546710525,2665.0917762963854,1.2028973055692365,75.64008979663896,0.2551926720330129,0.0
13,849.5456477758631,0.07902785246267996,8.853417415996499e-05,20.922656552990276,5977.898228472127,78.91409151315791,2665.120259753674,1.1999999999999997,72.47426991301005,0.25519140998378487,0.0
14,861.1847001593073,0.06518413917372357,8.85582747218894e-05,38.4510257835646,6025.468952535406,78.94944483526396,2665.120259753674,1.2,23.71330524752592,0.25519000341337,66.54569542362798
15,868.2452889011998,0.052448209523413225,8.872808366759711e-05,34.38091822560952,6072.968117705181,78.95523735846042,2665.120259753674,1.2001353084232886,20.746367826942798,0.2551888909742122,69.75423633153214
16,876.072466266014,0.04323130861600122,8.903184780606526e-05,27.718280284236016,6123.273134861336,78.95115029871323,2665.120259753674,1.2000089961677294,21.211016600475773,0.2551878589777417,70.94195914011249
17,884.1971084804848,0.026806096876691332,8.942974044315604e-05,24.049253704448972,6173.589691757158,78.94948702189845,2665.120259753674,1.2,22.5585646610657,0.2551871679363284,71.56913568856834
18,892.0148022978527,0.017821984151045855,8.999922581217213e-05,21.394763516656354,6221.501957115957,78.96180236419967,2665.120259753674,1.2000342826375372,21.451426657948566,0.2551865577047889,72.73416575538621
19,895.3540576636187,0.012564923760241209,9.065906180665177e-05,16.28559903216319,6264.545761116676,78.96261004483384,2665.120259753674,1.20000147142372,22.035952955263006,0.2551859389565054,73.69552505973802
20,895.4108180348696,0.012562630132009311,9.136888901199698e-05,13.546049115674208,6304.961764484489,78.97449181889824,2665.120259753674,1.2001979627657238,20.287143508976225,0.2551852985325432,74.70394030972493
21,896.4815412874718,0.010710445609969144,9.207239452387145e-05,8.477835838405156,6340.318074463348,78.97681975205988,2665.120259753674,1.200273944550633,22.796670473674418,0.2551846646939172,75.8326059244169
22,902.3640993587356,0.0030704244538601877,9.27892869898992e-05,6.470984118902265,6373.706279968068,78.98211194490482,2665.120259753674,1.2018765339226636,23.505522398335437,0.2689381208452652,75.31885387313866
23,909.7696022832347,0.0,9.36170645626009e-05,12.062539359419048,6412.889137518634,78.98977667337007,2667.444578068985,1.2022804172624464,23.382397295407273,0.26893681725333685,74.7952330279505
24,912.4953907706758,0.0,9.451213126978038e-05,-3.253275548542973,6436.984352259169,78.98663099945783,2677.7168539267554,1.2051034880389295,22.334321693677236,0.2689349945784853,77.13288493721346
25,918.342501901447,0.0,9.542610116705045e-05,12.230559979824108,6476.708422538272,78.9813154182685,2688.178217973814,1.206747372822445,23.287301372491903,0.2821911882024662,75.16323464970696
26,915.6222836954372,0.0,9.633222590942775e-05,10.139534120421985,6514.522302382832,78.98649309218168,2702.259734090922,1.2070848477209941,24.047007245072553,0.28218891216254827,75.87324728151307
27,922.0438725649631,0.0,9.723536351806106e-05,10.871684075693537,6552.992090933697,78.5923273060894,2728.2077493903826,1.206504229311179,26.251529894672103,0.2899993459798551,75.69389807897517
28,923.4507515840941,0.0,9.81237262663437e-05,7.645652380005714,6588.433874130156,78.5920914517895,2768.968924627589,1.2119082672922625,24.857553797500064,0.2899969006284538,76.28560710129531
29,923.6355766731474,0.0,9.909886694088463e-05,8.964125533323084,6625.285890366702,78.61218867456535,2809.5241644791213,1.2152707544154995,25.829920953758943,0.29793592028261523,75.9921041250534
30,923.3858453463915,0.0,0.00010011498062451168,-68.34712689821376,6584.876543754606,78.20692505971917,2846.959489382039,1.2152972519188159,24.06699631048084,0.28967114395419574,77.46321016510187
31,924.1569146287591,0.0,0.00010112185190192557,1.14655272850419,6613.958031590154,78.20959370774301,2885.542139550184,1.2141189766572533,23.18414939528469,0.2896666408197768,78.1839589014857
32,927.9788398689165,0.0,0.00010220133619411483,6.075519539250507,6647.996286840089,78.21880375669738,2923.8970534700497,1.2139620973905496,23.370053652577784,0.2896606816434033,79.00078068985769
33,918.7906316593992,0.0,0.00010319020232237205,9.598928288828233,6685.6772119454545,78.23498030593831,2955.341556901245,1.2151703858230212,27.163301454434748,0.28965656230271736,79.36018477258722
34,916.9952042838531,0.0,0.00010417003218342278,6.838899055544317,6720.326912404858,78.22235001778057,2982.537825981988,1.2141875436633816,23.664842177436892,0.28965194497432895,79.9173941896246
35,907.0892945935263,0.008087214902485873,0.00010514091468432363,13.929495392156326,6762.015585061927,78.24580104863165,3014.489970147284,1.2138184841369735,23.608056060266936,0.2896472390815116,80.10041592915445
36,909.1331978583333,0.00986321200676843,0.00010601688849160246,14.311066809546219,6803.785253258831,78.2603040159507,3046.6387739177794,1.222720584512658,25.624951554856974,0.28964262419069514,80.41942651314005
37,894.4852916078305,0.009103533913727424,0.00010694449110964621,13.11089710291236,6844.493091178431,78.24933524097986,3082.4108063539843,1.2209104044909889,22.454387593714443,0.28963631508897286,81.01711977613583
38,908.2646577579228,0.004868873188511369,0.00010787480684903706,17.656523550146716,6889.4983315819045,78.33115139426715,3133.5775969716506,1.220334246453832,25.703025298983455,0.2896303187234137,81.79522015555844
39,903.9616052896097,0.005672379541365347,0.00010884062585144603,16.061292820677096,6932.740188122191,78.32491384895256,3167.2321430983393,1.2229229647919502,24.326754017180505,0.2970959918628882,81.58149901449579
40,881.4689664170995,0.004907609716075623,0.00010978899514493094,13.932422613589864,6973.767661944845,78.28418347911557,3198.2940103964197,1.2208569298623655,24.59137719013883,0.2970896611532247,82.02150038081363
41,884.2363963622255,0.0,0.00011073675273797595,12.220891523124777,7012.74789545659,78.29826428554989,3241.390055553316,1.220322445506064,24.79682502574185,0.2970831353580949,82.68375288070905
42,878.7549421807172,0.005694391067532667,0.00011172800300823423,18.4904043766025,7058.094982474042,78.39600359124256,3267.8318257758283,1.21942910503814,25.090198025310794,0.2970764297070721,82.8103752313976
43,901.6759765509256,0.0003768528759484635,0.00011264618603932908,15.92673350945492,7100.188629252055,78.40660462061433,3292.7364445013623,1.2220274382476835,26.653041117060727,0.29707159232852903,85.54284813363499
44,897.3438598227633,0.002498540364601509,0.0001136729743194371,15.063160355156896,7141.75170907351,78.3946114740014,3313.3950871914276,1.2221924247237794,26.515373402027258,0.28989874295768575,87.01718566096511
45,880.1081224314693,0.0,0.00011466756309834407,14.429760587869424,7182.59774002712,78.35228461796213,3340.0744744166973,1.221056278686549,27.123607471459277,0.28989256773967514,87.70087349663456
46,878.9313418438946,0.00027857499219108295,0.00011567937284437734,12.65350353396812,7221.516133697057,78.35179548365954,3371.1079014453444,1.2260586024974098,25.060692862098044,0.28988441930036296,86.70301623281927
47,878.2073049051854,0.0,0.00011667874031940826,10.277058256066738,7257.985035249898,78.35869962583159,3399.92850470543,1.223901761528071,25.75329712501509,0.30030336293155613,85.86481355774774
48,879.8466746994875,0.0,0.0001176717006206004,16.93699442607749,7301.14675049411,78.42337241254877,3431.785372164584,1.2218914109139671,25.11346595210634,0.3002947487306514,86.81662774124032
49,867.4931940885377,0.0,0.00011865535199122287,10.674268115888793,7338.070674749508,78.37744929340865,3452.285984910981,1.2220973860436104,27.569171220677102,0.3097777201712706,85.74279805927296
50,847.4717922440163,0.0,0.00011962978004247782,-52.864493831292094,7311.151756153295,78.42891867463057,3494.032396612654,1.2209558865794266,26.929438395786953,0.30976858931773066,86.42543254935117
51,883.306978846716,0.0,0.00012059506748472174,18.41772037369165,7354.986705233705,78.49499707107482,3529.386494277348,1.2219266453529827,28.50642620936801,0.3097596256834794,86.69352012001525
52,882.5057997593159,0.0,0.0001215512990055287,20.512323448511154,7401.5372619664095,78.52866309223822,3552.8659107088592,1.2199394152200635,27.86670654650417,0.3097499552410959,87.61133548440287
53,847.6987292709656,0.0,0.0001224985557656022,13.025575688909242,7440.58252881334,78.47045155662464,3576.378364153994,1.2218504053619201,27.693668287679607,0.30974001222331515,87.5979993318478
54,846.7053028452285,0.0,0.000123436918362902,12.28533119824786,7478.132707166118,78.48495494342892,3600.480322972262,1.2190636466107292,27.77153164798949,0.30972999805768364,88.55587979507538
55,849.8715312438795,0.0,0.00012436646526515263,15.835328898381391,7518.915391587036,78.50598957263404,3620.6871602992655,1.219336484903432,28.047744428243696,0.30972027817724274,88.78034890235685
56,862.2246500922006,0.0,0.00012528902775415572,13.78545480835814,7557.7475930672335,78.49020820351554,3633.664425620923,1.2216220442675052,28.924785104388718,0.3097097724576626,89.5065093521449
57,857.362431937085,0.0,0.00012620291846532537,13.976513504197783,7597.137117143038,78.5117792319207,3649.222024747477,1.2243130464676217,29.685190543988956,0.3096991180355467,89.55809193912012
58,840.5710649317732,0.0,0.00012710821529227654,22.39902158635519,7644.787163586171,78.592590271712,3665.3910346812268,1.2237315723917637,27.0039677013163,0.3096883798272733,88.1510459270893
59,815.2839837315797,0.0023509564576021935,0.00012800499451863233,20.322118674787475,7689.9610648389125,78.54599675394996,3679.7993749886305,1.2255158160678068,28.289388882796487,0.3096770413124397,87.89364327786627
60,835.8745609217658,0.0020695635343298546,0.0001289743029406115,20.222322061528274,7734.737210470711,78.53942040443262,3694.816771763929,1.2261051101595757,28.34985193653645,0.3096636345249641,88.10605105273255
61,850.7430173688796,0.0,0.00012993742447147153,23.485387998875268,7783.241796497361,78.62189427946657,3707.11496271689,1.2239860789138548,25.669125759361606,0.309650571215488,88.51426453075706
62,857.1452586350404,0.0,0.00013091344164269797,19.617353275975546,7827.781869362554,78.61041904913765,3715.016225585799,1.2253293952477553,27.88779119610664,0.3096388380175663,92.46786956739817
63,854.9773225324927,0.0,0.00013188024928882333,24.31869341920202,7877.134914946477,78.66369014870448,3721.79760535064,1.221425170152476,26.43186080789848,0.30962670635049755,91.58782959105287
64,858.1364067173639,0.0,0.00013283792704341527,28.1605364678814,7930.606385910288,78.75961160204402,3727.945469928268,1.2274764015894744,27.65916722556826,0.30961327992984955,90.71843964831683
65,851.3995362544539,0.0,0.00013382442492016288,23.358806156818957,7979.015398814595,78.69410981719955,3731.9916961443228,1.2322802241003676,27.311404863920412,0.309598060335337,89.54658034748539
66,851.2849688438471,0.0,0.00013486801835062992,15.096246131605142,8019.053775943963,78.59685948375162,3738.357816829877,1.2294727123208065,28.1887362711534,0.3095819179737847,89.96427674409884
67,836.4999726850707,0.0,0.00013590172928785196,22.9344737717322,8067.084760769831,78.70219047991604,3740.830235473937,1.2312065614931003,26.266238892527902,0.3095669627616009,91.58873943219177
68,821.5037270629801,0.004559627628732077,0.000136925642095028,23.796017073015463,8115.598511889531,78.70128499348762,3742.3714192463817,1.228854744113816,26.67699335395723,0.30955089048225665,90.47637891850745
69,858.6204272315193,0.0,0.00013789132512605313,28.014707009775606,8167.504633140594,78.80664020728572,3750.546681935742,1.2304116591683474,28.128178468787254,0.30953506352984467,92.52440371564992
70,861.6411222681267,0.008031358469615446,0.00013889626147296305,28.195960348814992,8220.663048170756,78.79197728642839,3757.773989501776,1.2348667055394036,28.081928175013417,0.30951844507820236,91.90529602028067
71,847.7942926588106,0.002205352900573665,0.00013987419675493495,27.205214237903704,8272.545434132038,78.77997315287504,3762.7860891241203,1.2373746018475904,28.842874586552462,0.3095014375172015,92.66808868718093
72,837.9641831707374,0.01097664398951581,0.00014090468938786913,29.230798281953327,8326.234626035262,78.79956006980042,3766.3482018350755,1.2374468619696062,27.678832202068417,0.3094841513038955,91.4668275021125
73,854.0315399331282,0.0152704472708739,0.00014183203838155967,36.39806279263189,8387.10816809366,78.95688602800263,3770.5677725846435,1.2351632666618335,28.556389628785478,0.3094658943491671,91.46400317419378
74,833.2661028823386,0.016970758131669705,0.00014270467965961917,29.107793100376682,8440.761892775596,78.76215720638916,3777.440621599162,1.2354585771855386,27.508999038504264,0.3094477277578746,94.21722248943018
75,837.5869631453257,0.012561888482357952,0.0001435506401418744,33.39654481579839,8498.052894978773,78.86676197205169,3784.884213932274,1.2422468530701731,26.9284163566591,0.30943039348464807,92.62648241985974
76,852.1274182609376,0.011891990613246417,0.00014453090982810625,40.03657721168,8562.201628958046,79.11007394718813,3789.5932830327088,1.2411392956203136,26.69771420492484,0.30940926196714913,93.62896643745417
77,804.1425964996967,0.019266536072211404,0.00014551238501331446,37.0932716325523,8623.494893190076,78.84263417944436,3792.9666302330647,1.2397856757361243,27.633817269322062,0.3093889356270155,96.49120365154121
78,786.1192385920057,0.006236688897996001,0.0001464058228399389,36.69515616369955,8683.320672617032,78.8574256878535,3793.6318460570537,1.2375252537221002,26.353315553070054,0.30936873451461716,93.07503444299002
79,796.8931361744475,0.008348199706214587,0.00014742321932934523,33.8570693934964,8740.073989751072,78.85057418259294,3796.8789827669493,1.238837693015541,25.889398464383753,0.309347653223477,93.56083043277968
80,806.1730019637627,0.01396388721145081,0.00014840827610560213,38.50120784163812,8801.592707347467,78.97819113719206,3803.883043397433,1.2451912574337027,30.500561314903226,0.30932694257314625,93.64295593035823
81,804.7613444045019,0.014432894628225168,0.0001493803729417822,-28.132816807430316,8796.61883610836,78.55216751390384,3809.9882643825044,1.2453180232507433,25.72013581348557,0.30930505954384274,99.61685306503864
82,792.0905240340414,0.01582694306305399,0.00015033786281181465,35.907056940353016,8855.263710375915,78.63247810171126,3815.576459170128,1.2462878933146349,27.298116538178483,0.3092833631038764,96.82702428179738
83,822.1192476021695,0.0171256862646314,0.00015127102566047594,35.42969581626335,8912.75673827651,78.61795308056813,3818.60160803886,1.2430693751141308,27.66008446755928,0.31876071547791507,97.24875693396353
84,802.7397510545061,0.005587417834105102,0.00015218107433101602,35.43999136723431,8971.160662377139,78.70629367536908,3825.397150803523,1.2443825557620296,28.829784989379153,0.3187371555357705,97.35323409119908
85,796.1930442466218,0.013351094986122192,0.00015320478144573645,36.56462006875367,9030.480057062312,78.65595590340872,3831.0019775029928,1.2423599955621207,28.189647150977784,0.31033007535115104,97.11718817105621
86,778.4997935359314,0.018027225817552117,0.00015413592100741106,39.47150560045719,9092.554124741882,78.79799573085445,3833.3942508395226,1.2515163197122199,26.60628007710697,0.3107278534822236,96.93584705538703
87,779.7512054942924,0.035094983566619,0.000155008058259112,48.483459222079404,9163.047623338734,79.06205790873854,3835.7574282753494,1.2570437229342488,26.609067795086254,0.31070463107103025,95.15562260628262
88,783.3050378913156,0.031139833827507513,0.00015571576602402777,50.25952477042702,9235.065007944528,79.16648230875299,3836.582389495299,1.2517091216847154,26.34529021918636,0.31211854018307655,97.18107448583453
89,779.0657070594698,0.04986175643417179,0.00015646425133972013,50.030363552535675,9307.010432750945,79.20322175002757,3837.614499106645,1.2552155155533515,28.13777194567797,0.3132682305206051,99.55927353283019
90,783.6270630017162,0.05954491404279261,0.00015700571205535337,54.69956309249295,9383.507253028207,79.42176584462757,3840.4454947077675,1.2581884317291117,26.86456090788875,0.3132433516546168,95.7293652739545
91,818.1713450541579,0.03782907416535508,0.0001574379099104233,48.58423745311623,9453.687835465276,79.36384595385528,3840.702223266869,1.2595062699596116,29.85588698295523,0.31449440564703185,97.74396925102937
92,782.4307174350362,0.034900039936292426,0.0001580957830831123,47.17975126103974,9523.408904445087,78.95916927183399,3844.52351271272,1.2583782951634697,26.78280234224792,0.31573907538843865,96.4514599612043
93,737.1766540266773,0.033662649788611665,0.00015877777346611985,45.58355413327604,9591.166397987858,78.80915808857061,3846.082052318847,1.258305636120832,25.091946999887753,0.3168394737021818,92.67788047126139
94,739.9353963517053,0.05445553905630918,0.000159465746436445,54.402321503770025,9667.041113740239,79.36513907527326,3847.511726162071,1.2575046383468274,28.908231877804255,0.3168129204136737,85.95731513204578
95,750.8946190551419,0.043314642285945726,0.00015992526999790505,53.79743721491667,9741.812518838738,79.35450254481631,3848.3092868178774,1.2585164826880553,30.21772382798641,0.3232577262088153,101.24914971013189
96,770.3998400070193,0.03415739115759031,0.00016049791645809732,52.43282829672174,9815.500538391283,79.55396895163592,3849.8011080753668,1.2588260971646825,27.86247664021426,0.32352606268705314,99.01198951093687
97,770.3174397004059,0.027990176390295995,0.00016116177655992305,45.604541666041115,9883.09834806863,79.15853389779755,3852.2004907114524,1.25709077088838,27.16267588734119,0.32451368882452086,101.12692460976729
98,768.3836402566508,0.027146262488460082,0.0001618843975867463,50.265194117445276,9955.259471919446,79.623475780152,3856.341226303312,1.2561818660674984,29.570314685690843,0.3251195869012675,99.73926426567492
99,770.7637558373455,0.021531517904854525,0.00016262550773070046,44.72808181343336,10021.552937146333,79.62523845882941,3860.645272714324,1.2607055008598154,29.43000684082067,0.3415466536937876,98.58077209506817
100,760.0738493609402,0.03433117605985336,0.00016341844185911296,43.23032684355309,10086.614185438519,79.50493211127565,3866.0348769139478,1.2601643970374814,31.24189118644333,0.3415147858122533,97.12654955906956
101,739.9345322536232,0.06272966819354309,0.00016406688120503877,49.5077022066356,10157.735465826505,79.77756872521314,3873.402976192873,1.2617887869753805,31.050924010207336,0.34182950357298986,89.95495921464888
102,755.8964239859494,0.05370911354587382,0.00016440595666752017,47.94119144180601,10226.519455518184,79.61239629138943,3875.880114440104,1.2603832795022007,32.45456571104823,0.34179747119218723,97.31526541350404
103,773.7204305198327,0.04254840822021977,0.0001648361623938224,46.026186674247725,10293.553034676332,79.59197399517024,3876.4591745887255,1.2616596000952072,28.994236385604268,0.3426083656222275,91.9974508051292
104,739.9923793284837,0.052701795644659155,0.00016537958131293597,52.67932158036638,10367.49720304663,79.98462658583834,3878.3095506141835,1.2606619359673503,31.12045519316504,0.34277698834746356,92.83328868536631
105,716.5720545899428,0.041992998348463706,0.0001658085753653164,49.97988297829184,10438.205956281574,79.72363843636997,3878.4513527213403,1.258923349256934,33.30782654615315,0.3502676198773872,88.65621621666563
106,760.6309329716423,0.03982475728173929,0.00016634599212477581,51.261659618845755,10510.021112374468,79.81736876979633,3887.4070793030555,1.264803936902886,31.156626279398804,0.35023374594611467,89.66673363360151
107,748.2294806776385,0.04020472460587898,0.00016696380095129472,50.20708967326456,10581.458315663971,79.66005644603943,3900.5100890321255,1.2644782845781508,32.327832415428134,0.3502335415642982,91.5967789889782
108,744.2094464865743,0.04137224024274866,0.00016757050065621334,51.01209299350202,10653.496471242972,79.75963539572459,3911.858378547699,1.2674442009454507,32.207010317456295,0.3371024861753654,94.16549359254327
109,735.4687683454973,0.0318298914847307,0.0001681578006595606,44.02043725994079,10718.271341521457,79.47760955750199,3926.849150495285,1.2723773796196616,28.594214867155834,0.33706855411631415,89.63123601437876
110,703.285016191117,0.07570202471602039,0.00016883980585242312,53.84874856097073,10792.80294565485,79.9868956582645,3938.9132047959515,1.2720818690662854,28.364745010798252,0.33703433089998197,83.09366679463793
111,690.1243496405497,0.08259736241322935,0.00016904747087464477,27.44406737718893,10840.355757387602,79.91260579440127,3948.4162193924763,1.2487374079323932,28.777005659686317,0.3370004971339046,94.92175340260121
112,727.9838140994757,0.09313140739293257,0.00016917783829512885,51.625242321039934,10911.745757005167,80.31025935641954,3957.0885684760206,1.2643328535484124,29.616990410526796,0.3369662149059531,90.44118343876761
113,733.3840246404848,0.06858315968430984,0.0001691927842007763,57.66199747213233,10989.488203444937,80.4494021447923,3966.6756654275887,1.271568737566421,30.852065188058027,0.35641372696141116,89.07683837315547
114,724.1912035793522,0.06761451062124846,0.00016950945931116306,57.227515951803525,11067.282093768274,80.2288477300656,3965.7358632099927,1.26958549667491,36.02855154316743,0.37753414902109655,87.13420984087801
115,758.7867198675867,0.06406875183619132,0.00016983161286107207,59.56593300538296,11147.139898674175,79.98508594520173,3964.6186081766564,1.2700557502508603,32.93306199491961,0.36181422460175255,84.2477268968061
116,741.2583366118184,0.07098863576153824,0.00017021856670349834,58.50632081039183,11226.63579188192,80.05687047625194,3964.695171650166,1.269669662444207,32.17623185555249,0.3617729535089316,73.90897337333158
117,730.150552823347,0.05638826611169023,0.00017052647938507905,57.27234360566942,11304.371872701324,79.79310341433234,3967.1164201579904,1.2699682450688539,32.12488263169016,0.36173250149506747,76.90524033143134
118,736.3214305261037,0.048870502778026625,0.00017098493181489537,57.06310139999269,11381.802077506763,79.87440779336069,3967.22391399125,1.2703595299614379,31.545799586927828,0.3616917694094326,82.99803126692677
119,737.3743047888408,0.045180931029005666,0.0001715174256489486,56.84632036085614,11459.043933391624,79.88225637976042,3966.6374081129275,1.2707820423045,31.31669033811633,0.3616506812179197,93.57317374918767
120,741.0866051866525,0.028767630635261554,0.00017208267089448832,52.149397063670335,11531.626691440719,79.51936005595579,3965.697429622389,1.2665927999835234,33.7709259424409,0.36160927022126177,91.09392582145654
121,758.8905519967968,0.008322581476042479,0.0001728158037850568,49.88544185692902,11602.18504019373,79.3982205708014,3964.7665634038826,1.2715399648477388,36.47705116654505,0.40017520055844835,81.9416682376413
122,763.4717256457249,0.02630086094505446,0.0001737584508440303,58.35651104328386,11681.701141951886,79.77322368483921,3963.7492282636676,1.272612386654763,33.14095321075137,0.3859683933577386,68.93751864237117
123,766.7257190261922,0.01511445363681263,0.00017450020020087954,52.614344266716046,11755.446439819394,79.52507345786383,3962.710575063169,1.273372184152809,34.756408450686735,0.3894648275829019,88.38044825317817
124,740.3869228416189,0.020825022417716332,0.00017535289559036336,53.08917863246475,11829.834290573754,79.44370992156179,3961.6933445933887,1.2722146075901004,32.32160936335636,0.39044442812140795,87.86883760303891
125,742.8315024447163,0.016152093063313555,0.00017613591463313264,50.72079066739485,11901.522209506089,79.41589065072138,3962.079859676047,1.2703208339844936,32.67640954965192,0.39779323983100134,64.39538118236509
126,726.756954027692,0.021399162224094326,0.00017696027191686092,-200.86160767023367,11721.661883298106,79.62903205166631,3963.9793077926415,1.2673709073952801,32.56495003742009,0.37738873985703375,71.62775935827338
127,725.3376228853725,0.035569614821962636,0.00017769546837933617,57.91463004816808,11800.076331580673,79.57728318722985,3970.269226823073,1.2699646152695625,34.04155788485316,0.37902611231971806,65.21236855821138
128,719.6920046503749,0.027155721647629694,0.00017827192899598656,57.3337237168883,11877.954059174532,79.68292298079847,3976.6432395014576,1.271103615731914,32.553170717599116,0.3812708034428258,66.86992196845618
129,732.2266186421156,0.01977607556319716,0.00017893116211025703,60.4620452800053,11958.994932511172,79.92682178381686,3985.017278884689,1.2679708083117465,32.70620049687729,0.3835867268052395,69.29673746035112
130,742.5295079827981,0.01525800661127974,0.00017966153876555679,61.6176373723992,12041.302805652238,79.78600270393284,3987.5738561808257,1.2722345882545096,33.2317546778956,0.38454670631111904,83.61588862885353
131,718.3731179144316,0.029539263690799622,0.00018043207558515512,62.05427618971396,12124.292173882506,79.58697850773801,3993.1825132300037,1.267540799640565,32.41284962355129,0.38185274755418175,80.23608960799018
132,710.7381562720952,0.03694552710472643,0.00018104244700915977,63.73948033454809,12208.16474582337,79.67468663071213,3996.6405894469635,1.2669856164768496,31.966515133140383,0.38274900146921775,63.120053606259134
133,685.4001380593903,0.037626719687283594,0.00018156702470498596,60.24563596505183,12288.371398237061,79.83284369556907,3996.6073792261623,1.2705774333502668,32.56562555349373,0.3737201283750326,63.891779251107224
134,695.2937788095335,0.034863265390240206,0.00018207801992791263,62.63599331107841,12370.539690677277,80.12408970124977,4000.492883146804,1.2675444743718849,34.33112255326593,0.3749099168774993,64.89091535279134
135,706.8414587396408,0.04722487808974385,0.0001826121914083401,67.07923874258293,12457.35797416816,80.2525755801648,4005.699196065558,1.2700015571749432,31.604378983099956,0.37590387044599094,63.653085724358796
136,694.5596611160851,0.05469536809421405,0.00018300843674619988,70.44914892504431,12547.555119401346,80.45212664448837,4007.3142375324046,1.268161740479595,32.7939386457259,0.37644384199973696,65.6620530096847
137,678.8555595291865,0.056750930171661995,0.00018331985016952306,65.7238158307658,12632.675559861105,80.16969967488757,4007.10512449272,1.267084362480537,30.579018995987735,0.37026957176132014,85.36668657299148
138,676.1415682852604,0.045659719733422865,0.0001836046956694326,59.37069964456194,12710.945931584505,79.90183159441278,4009.566388876277,1.2697138451168024,31.980877558351136,0.37072540091224854,62.63208954763556
139,689.4101785435394,0.044691742280997704,0.000184050350532055,63.53948464075435,12793.468495720837,80.06235358050971,4010.233862285252,1.2700901029693958,32.93175425307947,0.37080141912420284,62.36481952763204
140,680.5191932737441,0.037090096766702274,0.00018447277303951164,61.8563059836232,12874.745558022854,80.01928722264307,4013.564801006806,1.2704357741600436,30.077790692240825,0.3707616587004341,62.037245186034205
141,678.9095964771649,0.03416693746828914,0.00018497051291409592,59.51597605432511,12953.468990297806,80.09498248423252,4012.6919246261805,1.2686117070246379,31.324929080662518,0.3708797198358444,61.85368194478727
142,695.004208495067,0.03559976891323646,0.00018549322312256785,63.259141689731024,13035.810104266213,80.21174498579204,4016.825161848983,1.2709556409749558,31.136001001403784,0.38020262556722856,59.463187994164876
143,694.566717715089,0.0536869903472843,0.0001859943706124707,62.36419785451099,13117.753495745419,80.2662322710191,4019.6001507580518,1.2665626988873033,32.58256649093123,0.3803201893814119,58.581899074620736
144,692.270290541143,0.04950635901183387,0.00018635582252405895,66.55772529173078,13203.978531605844,80.2519283495966,4028.6126174566725,1.272520636593766,30.75135937853688,0.3681465673344737,60.81097307299696
145,694.6340104751005,0.03892292434624811,0.0001867565615129878,66.29501881999025,13289.922139001994,80.19743082854374,4027.5492290938796,1.2704486352629512,30.61164454381963,0.36838075570848183,59.26636373632024
146,687.4253856196351,0.02678529504304139,0.0001872644194757326,62.032275366844885,13371.753238115147,80.06273415237285,4026.5732970996696,1.2701635900194603,29.507701201189672,0.36834150275636895,59.07952504379839
147,686.7101517213707,0.02854489323024223,0.00018789512358103062,62.47168040352628,13454.086342777973,80.13737846971546,4027.72906166947,1.2727798180553362,31.927939597017126,0.369033400825598,57.80782359645349
148,681.2996166524866,0.0283702276943556,0.00018857725055248568,60.24781639123387,13533.951612460249,80.21591358483089,4028.776535528542,1.2723971096279898,32.01618812899159,0.3697348496620224,58.53375822918612
149,650.5505118577854,0.044644446900886536,0.0001892534755378677,66.54426537158605,13620.068418066712,80.23995494285131,4029.8898737210257,1.2718934950795708,32.43851355985327,0.3702954463341531,55.494048216593825
150,665.4597773657766,0.04264674447460315,0.00018974883215351005,63.15201101471618,13702.239663620436,80.23149694938937,4029.0587741644777,1.2686562157763672,29.87190967844549,0.37025554626316093,54.99055570655906
151,688.0548375812087,0.030852188681691706,0.0001902530792920495,63.777194300474804,13785.569692326279,80.2317818261301,4031.8639271314128,1.264373648921833,33.13652124122153,0.38354015359507604,53.780705916143475
152,686.4664567154642,0.025806176972013373,0.00019086017919032607,56.763247062258046,13862.188010423022,79.84526501485585,4030.6824144265747,1.265064380794028,33.93055092326548,0.391884523416294,54.5770950891976
153,662.607642738913,0.019982143841977273,0.00019151384028984864,58.904950556152414,13940.874498099452,79.81271115931472,4035.264983452732,1.2635207205585843,32.84993762039845,0.39219577527053884,61.04491285167358
154,671.2754534597353,0.02519774373572714,0.00019222199165076816,56.101814369284455,14016.435538934837,79.80412452343127,4035.798249432227,1.2631020029490931,32.93669927216942,0.40887267387933507,58.717143984270464
155,663.8456765483397,0.013848558851352277,0.00019286676222001576,56.34285235507497,14092.098646817576,79.81591329087037,4041.917327465709,1.2621918312463636,33.70808650242653,0.4094193186660647,58.230654733502504
156,671.2045085136798,0.01887600439529602,0.00019362488776087847,-202.02206882758955,13909.470298394015,79.83816093714148,4042.546397044925,1.2633113813192574,34.06272687465287,0.40937621136880936,62.376194161491185
157,675.9651432376057,0.025894931244582753,0.00019432126417800322,59.470768925012436,13988.452365346478,79.80533557511289,4042.5086160032597,1.2716688470705813,34.72863021969411,0.4014916386770966,61.80345953771905
158,655.3131217584335,0.03142976856913793,0.00019497878830168058,54.24590277004768,14062.55554984125,79.65017365364864,4042.8777300120223,1.2680312797329591,31.553475616078963,0.40249895459620544,64.20374920342474
159,658.4997920362167,0.022917276868848813,0.00019556985583406498,57.08246325047139,14139.2362649618,79.71283963924094,4042.9947197101997,1.268974762134314,32.719755194136745,0.4030963041737226,51.60768280210966
160,658.9000163323916,0.022078098384563538,0.00019624444030667834,-200.3670107492664,13958.634497936846,79.77011123152985,4042.588101907442,1.2748979470236,34.122779729402374,0.4188426571597269,59.43537141200735
161,655.1488987854949,0.03527342673852163,0.0001969202678094872,60.43501559765045,14038.855334282553,79.74053941830584,4041.6445505468614,1.270838107776562,36.20096155410437,0.42783586803403717,56.125081400979234
162,641.4112973896316,0.024917748236369386,0.00019744800660477835,58.074377841167774,14116.459773672448,79.8416600930953,4040.599525706572,1.2716216419037585,32.453241011740154,0.42401646023706707,48.797721395143874
163,645.7142947912686,0.02495921635080911,0.000198079369732515,57.69521743202961,14193.323318920118,79.96138825402106,4040.203045872675,1.2748974949782392,38.327910482522874,0.4510695596065619,44.36641841677588
164,661.3762489229626,0.029258477221055457,0.00019870294885138677,59.92857012434848,14272.200616252005,79.77695012879232,4040.0294843197266,1.2738376131061577,38.74554241091068,0.4513450981210389,60.77804953360189
165,662.7785535194316,0.03071474636192817,0.00019927350503935317,60.469071824546575,14352.228633558538,79.87006400424696,4040.1828982834168,1.2772972725891614,35.16609367585552,0.4512985692021341,45.61093141618522
166,662.8598126779946,0.026529631699828138,0.0001998216955279181,60.436782052653655,14432.483077701892,79.91408725356669,4039.6726969730194,1.2706693286739241,37.88583036406434,0.45172686063831075,42.26358243597283
167,657.2397557830545,0.014071957271344249,0.00020040771943612119,1.1814304643766036,14453.485021833889,79.22105118866692,4039.759255474391,1.2676788681967766,38.93534616354145,0.45254196094014487,47.20936844608021
168,647.7709604017161,0.017553876716005612,0.00020111931407279754,-111.15684525315874,14361.96292768513,78.98755261636553,4039.908864922645,1.2348588387843593,35.27402796599122,0.4524968884089789,42.20890317634824
169,656.4311409461391,0.01455570685935137,0.0002017859326193774,-98.42628752875925,14282.920745567844,79.17000863109195,4044.852985298199,1.2864581244284048,38.31231352301714,0.4524524597492379,41.51560057611695
170,658.7357175911233,0.015069831376440135,0.0002025303054699401,60.92650797404468,14363.581360080141,79.38866991583733,4050.0963286294705,1.269562513169764,38.025559112662414,0.4524065770730963,56.18298944088914
171,652.798170984291,0.014252157930873754,0.00020326859433871943,60.62629859202664,14444.036207394967,79.43885205235344,4053.07510969481,1.2733892596597194,35.58761215269054,0.4542154779663315,43.64658160293178
172,644.8576999224033,0.01569129908440514,0.00020394757616104374,58.953261950435376,14522.617376376471,79.48821668000589,4052.40867341167,1.2774604652993367,35.50939800080689,0.4547374974735729,41.72248335946172
173,655.9738532406077,0.01782909302856628,0.0002046033073119902,27.42919170113518,14569.429955399162,79.3661938511523,4055.607450757042,1.249180780162033,40.361165041516394,0.4547352976887117,42.27175337742183
174,665.7305296984514,0.005055991291849304,0.00020522854099799375,-8.168104964989567,14581.06693051627,79.11345336593628,4061.398151574742,1.2896461089149822,36.30358728933846,0.45487694854519056,54.85351251529931
175,666.4648514094089,0.0059834718977828105,0.00020603546419216463,58.660756674280066,14659.676803284292,79.28396070573802,4068.033386751633,1.2729680322303862,37.428591820832025,0.45493711182841057,43.14329011188288
176,664.5753550323892,0.004928834786109282,0.00020683336169694108,59.521608011404425,14739.200260363752,79.33776191545194,4077.1442640599166,1.2713864375214083,39.5483253555678,0.45502461557736795,41.21067359414535
177,661.3273177135516,0.010726120437962394,0.00020757021865221625,59.88087460175862,14819.053691015124,79.29311876444591,4079.517584847875,1.2700656288567094,37.522279087305385,0.45507880886907387,42.14413159493003
178,671.7061852055396,0.0005267164310021055,0.00020823697404311856,-214.96807444539624,14623.99673378378,79.29291309860089,4082.1433277758315,1.2684489606835176,37.21072914721793,0.459955219104616,37.76034131037548
179,666.9184794810847,0.008794076706248877,0.00020900437620176377,60.460704891858796,14704.557217453828,79.42748305278295,4084.291695315589,1.2749379460325263,38.43793864154871,0.46043094637108645,39.837600024647536
180,666.9949049953038,0.010785362684658018,0.00020967517254450412,46.141557743113424,14770.66997065335,79.25369084496317,4086.1042839113748,1.2655083093079436,37.8967265214721,0.4603910800244841,39.87361351083764
181,666.1230885774049,0.009017280091324409,0.00021031688831980386,50.49758271234944,14841.161728640564,79.29721085606302,4093.7056096610804,1.2614185528620696,36.08576975989708,0.4605897644820711,36.20789644237628
182,663.4266748664668,0.010237598407537907,0.00021096974004375689,29.302233725872185,14890.446176138967,79.14942088631113,4099.01801667549,1.2575690898036698,39.27158252143721,0.4523521727211019,37.106920626594224
183,666.9607922608488,0.0014595793235332444,0.00021160184596198504,49.435733958314756,14959.770923497023,79.34536516244196,4106.7840460902735,1.260911252935046,36.17959120756997,0.45253489779467226,36.624054002003845
184,663.1848462751102,0.00832542560858518,0.00021231972219575742,57.85070150321803,15037.652053767126,79.43200359871946,4109.695087957356,1.2727464838189426,37.817430824958336,0.4524973403007945,40.37118327035709
185,670.8196606514363,0.005919403489933361,0.00021295626143978097,60.88941926664438,15118.459694276658,79.5079858309982,4113.1786053907335,1.2654200605437789,37.82095883793426,0.4525887299351428,39.72666256017743
186,670.4333152481611,0.004849607447447002,0.0002136107498590286,43.24935778438683,15181.65046101361,79.24689397860402,4117.430563191731,1.2584262690965566,36.12895517804723,0.45288600788186856,36.02609488260953
187,664.9571308655392,0.010620301061398219,0.00021426884407156158,49.9915115581195,15251.627840519575,79.78076611657308,4121.363540477877,1.2571309334410807,36.15377106300652,0.453051468461538,34.69348555825712
188,664.5873852408057,0.007128304352961301,0.00021485773062255602,46.11765666270833,15317.60438095378,79.75985632528896,4125.30585683486,1.255740670886054,37.68318330698545,0.46485514842266396,33.080904242194414
189,662.2250520638268,0.010009173780387015,0.00021547648662295494,41.38274737650556,15378.882013796065,79.63417381701913,4133.537584294395,1.2613687687983135,36.79783940516599,0.4611021349478463,33.16422283526397
190,662.8951443985409,0.008163363056842399,0.00021605706957756674,46.71782418192686,15445.415295436253,79.77016029273797,4139.281663402913,1.2583058377612202,39.3583543958445,0.461486856205135,32.80447217807684
191,661.1542579528541,0.009558045263118098,0.00021665005256124153,45.246835885528924,15510.500567439474,80.13568641206643,4146.50494070754,1.268392534864091,38.77938286110476,0.46145237083890744,31.93354675112353
192,662.3397007077969,0.007171841866402073,0.00021728890370561202,58.315063910420264,15588.642275140643,80.24330467430676,4155.001579858769,1.2730759613707288,35.811363336520245,0.46143972582028947,31.756161577256094
193,662.1698694626698,0.007027531040153301,0.00021794531887707098,43.54889953550611,15652.046285026794,80.14398421336983,4161.004611384315,1.2610525874454173,37.30369829694524,0.4614246411705195,31.005389880407108
194,663.6316607631445,0.008124224259997148,0.0002185953205015238,60.18832458912547,15732.084201141763,80.319808726905,4165.243790571783,1.2717346022335443,37.98061473662824,0.4613905140321945,30.463034827061065
195,667.22658619947,0.004600560328202108,0.0002192257476072555,43.0011618263008,15794.938247708782,80.19063115707937,4168.871808487245,1.2578249936628922,34.44146510450527,0.4613572870558002,34.22310447326417
196,669.3342095041071,0.00386722425545305,0.00021988591853998557,54.508500927617206,15869.37050574311,80.13990853267671,4173.571098178841,1.2742527575813631,36.77148044574442,0.4695783895227672,30.39263006915521
197,670.4589784980526,0.002879713978791165,0.00022054590883638681,44.03882013358623,15933.356545136388,80.26439985301015,4175.41977372304,1.2587278088358742,36.966762072328365,0.46968574508255756,28.4511377062654
198,669.0883331586692,0.007919509763654409,0.0002212084330386635,58.78896046643686,16012.086552056353,80.30298620427453,4177.1005644393,1.2723903350798846,36.621075182370504,0.46965394201218996,29.55511743972633
199,666.0958529569901,0.011516080250306149,0.0002218093314450097,45.4932834599702,16077.441939178905,80.2140552952696,4179.347192795437,1.2583344568777204,36.521491873406035,0.4702467058751852,27.232982234653093
200,666.5941576349118,0.00810950923509779,0.00022236443641992666,57.054853519962876,16154.26831283465,80.24148604516222,4181.573525133666,1.2719081824880782,37.39747906962767,0.470216371528623,27.113383096795495
201,667.9444795772617,0.010113851264140883,0.00022294859976783066,41.337817640194345,16215.37330590211,80.3047733098021,4182.216452307224,1.2614317751160482,38.93841774214456,0.4703334463629801,26.409689202632975
202,663.8513130735454,0.016926754206769035,0.0002234977264335457,58.742660445688415,16293.917214879972,80.33558125707422,4183.72662991414,1.269782733826711,34.6375606195274,0.45915482714668227,28.66742280317991
203,663.367168724305,0.019593754808366337,0.00022397353750814585,58.662298274700305,16372.235998640217,80.25372466318976,4184.63794325562,1.2692866599009625,34.35358490294347,0.4591268092129623,27.003139728049817
204,665.3264517516649,0.015473836741215496,0.00022441438856296897,59.27078104977551,16451.14548770743,80.28485054296054,4186.121856281819,1.2695140876552777,35.520628067277556,0.4590994949412314,26.59395370606461
205,663.5173515872383,0.018853628894359487,0.00022489276616512844,34.697814857749506,16505.528942385128,80.24715134621081,4185.208696839953,1.2612537913639918,36.133115797310424,0.4590727543811867,26.80190834799756
206,666.1652581273626,0.015593394897899793,0.00022532859664631998,53.32733587864686,16578.479600162096,80.28291520074981,4184.794092738305,1.2787844340092622,37.00074481900503,0.47552496491425666,24.060945900849255
207,667.4396699312807,0.010227633742549869,0.0002257928371328584,58.11481705914534,16656.253029296488,80.354355638061,4184.8978883497575,1.273705778248082,35.37765052882227,0.4756901082654912,23.503652155237646
208,662.8239651472023,0.014350248344569105,0.00022630768071803495,61.350738768619806,16737.318151103027,80.41033920336764,4184.848552758998,1.2711724349243763,38.33433408611266,0.4763533833368454,26.847165385383065
209,661.7000682667792,0.01686153316026695,0.00022677179604295886,59.45277114282169,16816.396788786755,80.43656065318349,4184.625749941791,1.2717894992632435,37.868824594678415,0.47732523293441154,24.64703762567028
210,659.34596657144,0.017414285068022783,0.00022720272286132787,60.85923131914387,16896.832261585223,80.51431379920926,4184.070166690987,1.2691382402107847,37.13034112800172,0.4723307307580223,24.094205451348515
211,658.6409145247645,0.017978741429675926,0.00022762156041374542,58.534200412702205,16974.81170903002,80.60302706131755,4184.498278853476,1.274333932444299,35.33764337470762,0.4739422608441965,20.586077584717877
212,653.9123355893138,0.026333584290064938,0.00022802828385524998,61.823751534423906,17056.061545943783,80.59614510666238,4186.900510826097,1.2685988904863978,36.68323686498527,0.4739195640259935,21.338250997550006
213,651.065687379622,0.028683164295150165,0.0002283401046431784,63.599820157698986,17138.95122183467,80.67840197744857,4188.633603344375,1.2689339683885925,35.891197990866885,0.474690335816808,22.22565107052707
214,651.7574709457144,0.03886613682638773,0.00022862164746569676,62.161125756981704,17220.310123928255,80.7230619363101,4188.347493170155,1.2777801108796596,34.98639127433119,0.47529483011012574,19.74225844933148
215,653.0007675580598,0.03488282904180651,0.00022878980483061472,64.81405864541009,17304.171850987437,80.57097711417518,4187.116317349303,1.267541410988264,33.94207721259784,0.4758938208757468,18.963542026293766
216,653.2667270243187,0.03031540019808865,0.00022899617456107458,63.21001606691968,17386.469619725955,80.474127003234,4185.883802372239,1.2715365476221383,35.244607848706046,0.46910198773114536,19.967817402239483
217,652.5777396036041,0.03465453037604804,0.0002292466903610677,64.6773426518904,17470.3325957235,80.64233636681998,4186.24385722849,1.273641014857521,35.29130869590043,0.47524919644064956,18.31442773945667
218,650.2790758177096,0.033311970595433005,0.0002294462593859184,64.28855101983578,17553.730694271588,80.64953926006585,4188.2693409291,1.2674725900737438,36.89965533957016,0.51428030085377,14.688915794792635
219,652.5241582306168,0.034502347765720254,0.00022965573052391103,69.56207896501269,17642.493700600888,80.63073693883207,4198.657677728197,1.2709762551753758,40.65286733044535,0.5082830865444949,14.792848068665606
220,649.4430192723964,0.03934346336266559,0.00022984808738208453,62.295332714346074,17724.100845148678,80.63339198515034,4204.015454481989,1.2786384722140602,36.74335106346008,0.4997982567904293,14.961714199927535
221,646.0428344686944,0.041105020862814756,0.00022998462789401946,67.53283954285368,17810.798446633464,81.09916109107219,4210.03722541114,1.2674837018369256,36.173332562561704,0.5014423593122471,14.67103956754606
222,638.0088081524564,0.0611410338802969,0.00023009854957426956,71.68526645211756,17901.52551552559,81.10961328099089,4220.970174998224,1.273870236244283,36.69901931963966,0.4980193776759411,13.148914058091279
223,642.678308447589,0.05165030540489535,0.00022999559345751217,72.97625467549972,17993.30306173976,81.49043679674924,4224.866605585543,1.268596516052246,35.661549355796545,0.4985873908898757,11.825356955330491
224,649.798138462958,0.047951950141159716,0.0002299915795877108,71.4535678327286,18083.715933949126,81.29818778334595,4228.800198846927,1.2701937833915578,36.77964256419183,0.5111893840700903,12.580834262918302
225,654.5078282034435,0.04768985471190956,0.0002300241344762794,69.2575649259984,18171.882354912046,81.09680155185002,4232.642116967108,1.2718488522696796,36.09559755480397,0.5114619066207198,11.309945476378573
226,658.6023325230311,0.044084719919414206,0.00023005157521655066,71.04875902986615,18261.900709705034,81.29235920457042,4233.931212725861,1.265805476622428,36.22724189265405,0.5220320768773213,9.525819979774198
227,660.8765125871495,0.04504909270137414,0.00023011509365890003,65.97743894030077,18346.977539192303,81.11409612923026,4234.951389387873,1.2759259201911382,35.799042192092166,0.5225370140545553,8.92970695550126
228,658.9359665557974,0.04321928716056511,0.00023014906548581815,68.31993524928359,18434.315846808797,81.25102752247965,4236.416720840895,1.2680831955784793,36.52597593543941,0.5227223487635759,8.355751499462492
229,666.2591385784085,0.03164271015740283,0.00023019979855941415,62.74170095310521,18516.058971976003,80.96432666337665,4238.639090476243,1.2753005275241294,36.54790227912455,0.5228646271994463,7.767713463139707
230,656.7303702271832,0.051938643031002596,0.00023037076280377753,71.84856197832212,18607.19913112378,81.5009645936967,4241.737490056789,1.2741744985605594,36.66370165076029,0.5345651489327867,3.8982293123003444
231,660.4877704772399,0.03946108453457953,0.0002303225068094607,67.6444035737016,18693.777507491563,81.14528372674266,4246.553920584924,1.272757401317731,36.42996786968217,0.543769671939842,5.806810837075496
232,654.0034296448049,0.04670153188831594,0.0002304060942605814,72.89150017406917,18785.706392447737,81.12862570593977,4252.555991324943,1.2648626281291862,35.869774608211415,0.5448098525756668,4.2585148181757475
233,648.7849529341257,0.05045440561602865,0.00023041114621221822,70.76289253085204,18875.329278087702,81.24179934409094,4261.64399211736,1.270990237538705,36.42299766357245,0.5453686794372056,2.89301054595294
234,644.6849176832643,0.055795951665468246,0.0002303745357459148,73.63365856853329,18967.805459978277,81.2264298344308,4274.742792223103,1.2741202830202631,37.07472310581797,0.5300301502937846,2.205486373141241
235,645.8554448638764,0.05025582401898576,0.00023028037474648167,-523.3859574887256,18463.172415018016,80.84938660152955,4197.063618070155,1.267707489916966,36.02275247879505,0.5411776077889486,2.3765615353633436
236,645.371656270665,0.049858098824010155,0.00023024574295934776,68.85274864846147,18550.791287502267,80.82697066803897,4202.06816701679,1.2751958396163665,34.69581276210526,0.5413411303386116,1.7714511036432228
237,647.522266205828,0.03812121879772257,0.00023021495920578543,71.36891597978473,18640.92610984808,80.65915330432459,4208.061406785767,1.2676538305541636,35.232393693449374,0.5666776029483985,2.42110212833002
238,643.2608877969709,0.044256505910976296,0.00023030787695530846,67.35662088906594,18727.20075774021,80.48831529628217,4211.4852206604855,1.2737619863841017,33.60207964312457,0.5732950083456734,1.891968943385784
239,639.9548184559801,0.04120210824555781,0.00023047440942948453,68.82299604991022,18814.92115039591,80.4762813471337,4226.07423979832,1.2712592103525948,33.880623200614956,0.610797566424888,1.9674767231224024
240,633.8098267343818,0.053060076529784284,0.00023067044778977606,80.13683073399798,18913.90463373869,80.83057955249774,4242.035936184868,1.2717242195606095,33.041366552950514,0.602347192289533,2.3732672970122906
241,629.3500296451057,0.05806660459209134,0.0002307371134262086,75.83885394208806,19008.409794926272,80.70493325897571,4246.087282539992,1.2766747286782092,33.18089240316003,0.6009857168958324,1.3904311634622886
242,624.1916279553835,0.06591468659541089,0.00023074818196607455,73.61208727055339,19100.608997331205,81.11873686652154,4257.553283560231,1.2668864060989935,32.48259024506412,0.5955648497103596,1.7050024990669996
243,624.3308515155837,0.07021575265035196,0.00023067361558950502,73.81184325455536,19192.93359245801,80.88142137360514,4262.264800373216,1.2772606086871192,32.52041793247883,0.5871944140950685,1.8892997985839983
244,624.356986847384,0.06986929671760789,0.00023055154881199212,75.11766980560924,19286.485563373568,80.95703829245242,4270.241484905786,1.2756106962876295,32.969707003837904,0.5925028913827459,3.286987411287697
245,628.0428741428318,0.06496549535601848,0.00023052194729547166,73.65327364619972,19378.546823657747,81.08257362057934,4273.789594749696,1.283536384361947,31.830565555713395,0.5853984582457297,2.852633406489616
246,636.5714836797928,0.056474978787826036,0.00023054182394520944,73.21260063718032,19470.21197760414,80.94488184846023,4280.996459194173,1.2764061420283277,32.5406013762976,0.5934484875676753,3.8592121368729195
247,637.3299357387415,0.05305577923393867,0.00023064883327917466,74.53750585499415,19563.461486958353,81.1657677329113,4296.981895821581,1.2752467130320342,33.29363023069016,0.6254992053619423,3.131533373696186
248,632.9155965594084,0.052174487652671964,0.00023085446294118683,74.98534115231342,19657.174554018624,81.09124813097765,4303.48975103953,1.2794211854561364,33.069058516383464,0.6260791145427401,0.5217559395264857
249,637.374078005564,0.050057374330576776,0.00023106474467052645,74.6072358629776,19750.43185854105,81.20732926406787,4310.178539613658,1.277947202402516,32.39313256521597,0.6271506319273081,0.8049007046539884
250,642.3671431105836,0.04206730497844069,0.0002312924593992344,73.13894609327224,19842.221841870218,81.26280752601012,4313.25881335529,1.2770994146608332,31.998005327612134,0.6293238264271855,0.2875414461635799
251,644.5906612411806,0.0380914078997866,0.00023160042045218443,68.01774635221807,19929.070059868613,81.07067355087202,4318.227958154919,1.2773564034560478,31.87731369153736,0.6351688482710784,0.473912150428454
252,642.4483711734542,0.04334290511362937,0.00023182477070053586,72.6653249130849,20020.586612438812,81.30812848045721,4323.877401780983,1.2729631166172186,31.14775407017134,0.6359674547494838,0.43953934926459937
253,639.5277791508428,0.04977491458106209,0.00023198896480802235,74.71503243847101,20114.116138927096,81.61502107651187,4331.20618453647,1.2789104049735063,31.29690868059518,0.631498724097605,1.1276583790900077
254,636.3059006201613,0.05569451929806879,0.00023208071315777701,71.62884846167324,20204.448780509876,81.36854903888403,4335.624010468764,1.2753067501202229,31.49371915956654,0.6261636143776859,0.49346601295281545
255,638.4189368494533,0.04565301749274542,0.000232049653616466,74.32664825559894,20297.371721342864,81.4051652769807,4342.89173634628,1.2714004204225207,30.9431318081581,0.6567525398427736,0.7135967827432523
256,637.3997427169476,0.042237058818068274,0.00023212297876905015,73.2320088209301,20389.240107764213,81.20749113953411,4349.488851502447,1.2631507143485632,30.506988108645608,0.6588800492271175,0.8097406353764143
257,637.4285672593103,0.04330428750166815,0.00023222939874097945,-186.71873104440326,20221.163477685375,81.27168880450367,4359.556062986595,1.2742264601353335,30.0856953780983,0.6528975006406526,1.967943309388815
258,640.2680043934251,0.04339287676194792,0.0002323832496466919,76.46960030666648,20316.419341598976,81.28037816135058,4364.646535584009,1.2756200705108955,30.287867625728623,0.6534330962319942,1.7229226806799218
259,643.3883513798802,0.040864410258510175,0.00023253212796602274,75.41666574931199,20410.702466321898,81.41728407598679,4365.6605007264125,1.273969574188457,29.706678283066434,0.6466404172105529,0.6317369373790527
260,641.6410779688055,0.04535253996043376,0.00023270392654499905,74.4908516634732,20504.154100078085,81.35265344750444,4371.083835365844,1.2673821312374673,28.387246033599478,0.647652800940792,1.642176152986245
261,636.2334162724866,0.05347173443380204,0.00023282382254558005,76.08878473751096,20599.1511904458,81.22246432584981,4373.367796134538,1.2776381122702525,29.788707862582175,0.6632040460361956,1.457535978890654
262,636.3215046094989,0.053670660447512675,0.00023285358711035975,75.72983053652871,20693.629302620575,81.37052874780376,4377.59905528168,1.2707432957390148,28.393495076512533,0.6776603285960422,2.923625888176254
263,642.5831819564792,0.042436526415237874,0.0002328781875102589,73.72627181382856,20786.13644645468,81.19083292643069,4382.310294665194,1.270226882138324,28.343567702737886,0.6779010424933708,2.3583998402553945
264,633.4690259696661,0.057928418622401945,0.0002330193223180458,77.52820367918378,20882.658494679068,81.43599267679512,4381.993348719335,1.274822753870349,27.9523837025785,0.6823272914850944,1.438203782957899
265,636.589097446399,0.04717538026835899,0.00023299177204995562,75.44972324198167,20976.937211409215,81.02100139177317,4385.220359313836,1.2843208470902496,28.398213876980506,0.7083085560261837,2.559069680625697
266,632.3196683864646,0.05323098147112637,0.00023307607915008585,75.01878104558594,21070.902823270662,81.25340363829407,4384.516205414967,1.276342598685228,28.02669254629113,0.7041810453573951,1.0109695245370318
267,630.6614910938149,0.05492989442855467,0.00023309249986123764,78.81284887742007,21168.5149183966,81.40692007335585,4385.262891751529,1.283187305677781,27.670258187977264,0.7049614496139013,2.7122852043878183
268,626.6497518716732,0.0550040617141726,0.00023308796719327167,76.1677260432759,21263.45252402566,81.33977377375162,4384.9294157945305,1.2819988529460467,26.847874039987722,0.7123148948825946,4.645744706649701
269,629.0832607580268,0.04489586780903643,0.0002330800705755018,75.40283984939038,21357.60808874612,81.40111083505136,4386.020722813897,1.2784283873294129,26.337010612023292,0.7161761820925433,5.024501732142703
270,632.1899180396188,0.038588497299333224,0.00023317742259192347,76.43385750651564,21452.889069799665,81.29829935664787,4385.761625409501,1.2769311886179946,25.726180673276943,0.7076947225410295,4.416830652821808
271,632.7625741159337,0.03556953789559636,0.00023333936474616613,74.09730776585377,21545.892825618277,81.22932645187137,4387.154501092776,1.274582253828253,26.055476442564917,0.7230657350403816,3.99487013029006
272,632.0829037470139,0.039154260159343424,0.00023353173884896255,74.64502535035334,21639.463172706688,81.25977834310399,4387.948728559887,1.2743865882756809,25.45014863037469,0.7338930382486089,2.701023223148468
273,631.4087937689226,0.04117471035837217,0.0002336846575942433,78.87318964363106,21737.20998840568,81.55932785854701,4387.9122189754835,1.2793073634431986,24.999088795918006,0.7346239370437745,4.990285553832521
274,631.2265661894356,0.04068116808637856,0.00023388492308076554,78.77868009070161,21834.855159733645,81.5234175044527,4387.966309040711,1.2789306497932276,25.16389427977209,0.7364363186790881,4.828255223826332
275,628.1244668635809,0.04836746428683092,0.00023408905460715014,79.28955561309041,21932.98820572774,81.5178417483925,4387.470150012431,1.2798433601572554,25.021112990235647,0.7453205150864962,4.987854437264332
276,628.1511360788717,0.04763803316553261,0.00023431067770160466,74.71782839750878,22026.660077587734,81.52270253632432,4388.33092429075,1.284033345510773,24.453018496713344,0.7685898562978494,5.526822879850066
277,632.820142614079,0.0444014260476252,0.00023453845617356828,74.94317824035699,22120.54128390596,81.55269386360025,4390.241710094921,1.2898508139211342,24.235038753744803,0.7611525302274176,5.781519011879752
278,626.2096800880151,0.05365736244984076,0.00023479911196574847,78.8574618296573,22218.39710346453,81.65851206307475,4393.047659223625,1.2840890009890296,24.710321474597443,0.7631095813160644,5.328090247452501
279,622.1435695440334,0.06042092838616253,0.00023495980530360323,80.36491469964227,22317.537205140157,81.79648754777229,4393.925731922215,1.2856922675700375,24.471521739019224,0.7582555326249211,5.550056549067726
280,617.2601520553774,0.07032302578660976,0.00023504577426727784,82.1304367847614,22418.32786716253,81.86396578252385,4395.800728948616,1.2901562378497755,24.038852730279654,0.7450929137618951,4.21998978069297
281,623.3997737497773,0.06344266599406068,0.00023502702518970073,79.24399027096905,22516.024135556796,81.52262878208916,4394.77533149392,1.2825397912052479,23.702082406228985,0.7395902219390758,5.656486291604033
282,612.9625268123893,0.08260289857820258,0.000235033254441125,87.95040327205865,22622.540905123453,81.96846596580853,4393.4406810281125,1.2845928935869755,23.17745120521119,0.7319318544990802,2.703837667202926
283,610.0631553655601,0.08791047080235803,0.00023484019217352668,78.41746314618456,22719.17006753365,81.74490014454733,4391.819808628005,1.285985052967494,22.763981761102187,0.7171914494722836,4.232186837772922
284,606.05217876947,0.08680658863056467,0.00023459199381002687,84.4781643199965,22822.02046977874,82.05787555794473,4396.65379770796,1.2944075345156,22.71869712220645,0.7191808987459166,3.2317193661952146
285,602.157159872002,0.09927817833197194,0.0002343572044523221,85.83316657691762,22926.134917688043,82.32771974849682,4399.097127426579,1.286788537529799,22.68429336749682,0.704894851337787,3.294913354877771
286,599.992103223383,0.09721982293500009,0.00023398950871911323,83.09426128412181,23027.386224185764,82.21963573926135,4404.103367411814,1.2884541192633936,22.728433050469455,0.6943295385942994,3.3594377166753233
287,601.5780136018502,0.09264814229829044,0.0002336247722255982,84.24549263548289,23129.79061293001,82.23907214739147,4410.949628452652,1.2874165632986994,22.598087495699307,0.7248185230949874,3.557980117526043
288,588.7474739150535,0.09804342833953605,0.00023330899236946687,86.99990400675378,23235.08244800216,82.46480595183867,4416.366664794646,1.2964274938085323,23.75206849542732,0.7021452414773857,3.794498710363655
289,589.2643705318802,0.09890995606388564,0.00023294172222802317,81.37037095396178,23334.349613386534,81.9671802748327,4414.9656532817135,1.2994496251486027,22.779884852801644,0.7424475054097863,1.1185661445487654
290,586.4310653286958,0.13451848779171816,0.00023256540666129425,91.08120580836211,23443.297431234663,82.65889848390249,4415.538536093296,1.292151407101722,22.74071601001326,0.7303801925372211,1.2238653142539562
291,582.9300277880743,0.1392784372869068,0.00023181068622659908,95.27216138063389,23556.333649139466,82.99162954978254,4422.690611363427,1.288819632307016,23.61788997875813,0.7170768249557458,1.4293701110208374
292,596.6254232664435,0.10672067959842446,0.00023100847981402637,58.8481355162522,23632.86390024335,81.99017092795604,4424.039814556918,1.287702313743267,23.70557118320567,0.7404923473345939,1.3475083483536707
293,574.7403204729745,0.17413280768614126,0.00023052009523501918,92.09226883575755,23743.099323801187,82.67359442898324,4429.013608770113,1.2865187899110921,22.65016187559722,0.688096998243761,2.378226541878007
294,587.8643380894804,0.1471458808640621,0.0002293159793123883,90.93773850983004,23851.55986066461,82.538040859974,4439.561010934558,1.287605104870943,22.083654551974146,0.6861478730988628,4.029989373590894
295,595.9008573533066,0.12939903537297148,0.00022840862187085105,87.5857656054562,23957.084256213297,81.94553826870005,4453.826374801924,1.286927917998952,21.489046325789275,0.6800729357964598,3.725273027891859
296,599.2973354977635,0.12273179848771176,0.00022769443478516479,92.78776262048041,24068.067103584603,81.94385480030061,4467.159772888755,1.2866529109949354,21.48292150412,0.6706664905693442,2.8295597785973428
297,598.1406204308844,0.12538321604701397,0.00022705406777385277,91.82985813380873,24178.194651221966,81.95842432408247,4477.605069934403,1.2873129217714923,22.800880267138815,0.6606597269703858,2.5809069594341807
298,597.9281336788074,0.1251967792273998,0.00022638781416064072,90.65111469681733,24287.130897405652,82.15043209796814,4490.541800489683,1.2871049913208885,21.420221659616132,0.660020570059109,2.9483142656540196
299,593.3500974818855,0.13481724665212258,0.00022572607028468062,94.3500008409842,24399.77604422879,82.13809214061948,4500.458503156383,1.2798327934593086,21.419450523395756,0.6449507671176841,3.039380009887843
300,588.8163165967466,0.1403414642672156,0.00022496446123201774,98.48166830947622,24516.435427640383,82.66691756101771,4510.848167240414,1.2856319287986118,22.12480901287809,0.6306308446909428,3.427514285883227
301,585.5311177197532,0.1461485478380442,0.00022414733488801734,98.83704160920499,24633.322025461715,82.38097673520255,4518.298079034538,1.280644794865428,22.519847612707135,0.6174214157464544,3.0807391442854097
302,582.691825394473,0.15356487257235418,0.00022327210829322953,17.943986915152266,24669.23560347113,82.21879620933164,4527.318403376762,1.0454771132719687,22.42434207600637,0.6050557511319976,3.1650232063969383
303,576.7151418369651,0.15604938076211772,0.00022232210547736025,12.269034713290523,24699.39044226959,81.23725320334755,4534.430279484596,1.2248129382896118,23.81024766263899,0.5932744150135245,1.88452642293921
304,569.1932871462379,0.16760013191302647,0.00022135037405239497,104.8814169312011,24821.909557338564,82.76583576787326,4542.652026453081,1.27374204466532,24.104231970503243,0.5827005733933179,0.9114806348691715
305,574.8490135838307,0.15668555658188887,0.00022026464546043647,96.73674901718408,24936.060584823197,82.42242731829339,4549.071250957845,1.2651130140188938,23.108801184814403,0.5727537384530812,1.8498680792705215
306,568.8789861538208,0.1642284480815912,0.00021930078791595678,103.16810602461814,25056.663079671423,82.34827728888799,4558.578076745921,1.267693462697123,23.19903107864714,0.5628753974147698,1.8676733191971806
307,568.8604503672015,0.1649507809081444,0.0002182614925239005,102.58643358674038,25176.493176367658,82.16171775647906,4567.089673270782,1.2797048508821887,23.107826540892777,0.5535446952683688,1.8856833086236264
308,575.0374700394535,0.15097230537623707,0.00021721990811911031,99.95436014061383,25293.734225974484,82.56107963829608,4580.857045106804,1.2918802308287443,23.12912418577408,0.5446449283085922,2.604808668382809
309,571.4532797384578,0.15650057573334686,0.00021633247345288623,100.07018506136257,25411.387037732766,82.81865740340393,4590.8854735877785,1.2874612034259674,22.92621259389163,0.536249216772847,2.8451866927495715
310,564.782691314687,0.16481447849733166,0.00021539046995579293,103.94330048465952,25532.795822044274,82.93564916326588,4601.663830488621,1.2803928764896657,22.792242721461662,0.5281949902700932,0.9434135630759215
311,566.221280165512,0.15559872766062555,0.00021420463202986617,103.0477777946843,25652.94483359545,82.20192648197876,4615.1417502860295,1.2820265198742224,22.813271641506386,0.5203789125421404,0.9622273806186783
312,563.3311351667239,0.15777069930479382,0.00021312368307325482,103.2001548252525,25773.284500472106,82.12951923214897,4626.721828068371,1.2736798127590998,24.360890803445457,0.5129734707228272,0.20074593382037875
313,563.4322866019365,0.15913915269819723,0.00021202566470267242,105.73487169810323,25896.086815819137,82.37911792828557,4628.953862303429,1.2718299873752772,24.28327529454617,0.5066655176195248,0.19637033588136177
314,560.7364383918905,0.16392217231337958,0.00021088766144030464,106.58196982840687,26019.783868306447,82.0592050590033,4634.379477880396,1.2694556514249464,23.22115729260452,0.5006427123291887,1.233383123311711
315,556.9765866593713,0.17265899533752282,0.00020970530912051456,102.39108972425598,26139.19382160557,81.80793714906955,4642.393813053432,1.2699396566665764,23.1483293859231,0.49446474812281277,1.2657342514137042
316,554.7857981619659,0.17942912461658744,0.00020843688033031892,107.20598653431807,26263.293078527942,82.13765364600357,4648.607283859869,1.2750850931363056,23.207392216310986,0.4885698096051578,1.309679850498945
317,550.993532679279,0.19481725575676911,0.00020710395886718743,107.80131136739817,26387.908014311368,82.2494363357671,4653.1356740112815,1.2752051173883552,23.00059676746563,0.4830092730430878,1.3734819152307267
318,549.2437194242077,0.19699369852228132,0.00020561534332288895,109.12547755514746,26513.699595370173,82.20390768233781,4656.780129203194,1.2796264322897843,23.04811111620387,0.47763665815836476,1.408773443857818
319,546.6912404794753,0.2047029684804127,0.00020411279331642782,111.88113639407405,26642.17515595071,82.1938907802249,4657.907347982607,1.2747343624977252,22.871319784916615,0.4725661080737314,1.4421523864678463
320,549.9567101002181,0.2016664535061451,0.00020253754944050666,113.51900934108207,26772.240469579752,82.1989866580302,4665.372474610349,1.2821963664796105,22.189762037585044,0.4676719897197382,2.13185271562444
321,537.472733477995,0.22417851284938262,0.00020105196922060058,111.9468678011998,26900.83734854636,82.08378772962536,4665.333036694917,1.2687927825541938,22.21664454034262,0.46273391247405815,1.530745052446271
322,537.6531699569766,0.22510630338890947,0.00019933598221813354,114.20235424149107,27031.32358444798,82.31731208246242,4664.377900522358,1.282772194406383,21.900184141054226,0.4580302470007801,1.9343205096784502
323,531.1164586234024,0.23812073730169625,0.00019762100026559807,116.39448219534685,27164.010996365472,82.93531945213104,4662.764763682009,1.2777474184743083,21.653340759750886,0.4534367658938827,1.6349344205847913
324,529.5287955153802,0.24215428192092148,0.0001957784179521671,120.5275115885359,27300.632345343067,83.16204231448557,4661.365625342918,1.2822652810917239,21.63556112180012,0.44894274007496865,1.680783291837919
325,529.739921154179,0.24145209943666157,0.00019390476580789603,118.75500217079855,27435.42207028164,83.21486320031804,4660.151790365245,1.2825151508484864,21.653662642734908,0.44467536168459554,2.303295686449296
326,526.9136172236368,0.24597889145679241,0.0001920506721973095,121.36657635888974,27572.84108477753,82.66241802666167,4658.700615883264,1.2852394888509309,21.5879753040876,0.440673261137845,1.7739158807212405
327,521.1420928651628,0.2562042695194071,0.00019041519723516167,119.45301693684914,27708.245247492472,82.96782188831621,4657.193055337374,1.284169529441785,21.729132355842033,0.436817170587731,2.271590021905773
328,524.9439991976543,0.2502980838929324,0.0001886807253895918,122.16127667660132,27846.211123417168,82.6828464121926,4658.437625752919,1.279897762364344,21.527470011803054,0.4332592731285474,1.854661487877351
329,526.9864038919961,0.24663861509047236,0.0001873509881441406,120.36082429895137,27982.500953503833,82.65213271766407,4658.790540475835,1.2764543403908482,21.55123375843677,0.4297645033926926,1.8665012721830294
330,522.9223339075431,0.21491656341300802,0.00018606704562284073,110.28787851844268,28108.79180453469,81.61309914312068,4658.605582899867,1.2639915747489698,22.32627648324583,0.4264360770807605,1.8970274960604954
331,519.579349380105,0.26554628065286456,0.0001851281646580364,124.16640586608273,28248.784632529027,82.966624750223,4660.15576953842,1.277195896995746,22.30540575906389,0.4236650860150062,0.10742545269908987
332,521.2731717644918,0.26024025089823233,0.00018365448135758088,121.47159000076283,28385.98309425913,82.4181423707007,4662.836229273903,1.2727188880065134,22.27359231451338,0.4209297242416894,0.11730338233536486
333,518.397116520945,0.2617833134591706,0.0001823028114067984,119.50728978802124,28521.366462265345,82.04024222901245,4661.507394557048,1.2879346660077575,23.07303600428513,0.41832411042585155,0.10654139177714939
334,518.778587589404,0.26237248548912717,0.000180941661195277,122.82814908720684,28659.95460223501,82.04623877895239,4659.800032392953,1.28510515860599,22.939071190935028,0.4162496105652373,0.10923893505565019
335,519.6586660119517,0.2632172891858151,0.00017958216907615774,118.82200728172702,28794.55814194913,81.82376351135478,4661.255405584472,1.2884861957595326,22.891891032246427,0.4142209218173499,0.10981474490988319
336,517.391877108688,0.2661823890244085,0.00017822069654908305,122.69160054371179,28933.058655833345,82.3757355207337,4659.6132597881,1.2805124089489046,22.876516266581326,0.4122783370220833,0.10429411404805933
337,515.9176432172544,0.2677053040220069,0.00017691370821260922,118.55819144332719,29067.332219027245,82.20786385417505,4657.794491653795,1.2847641876456233,22.865887242739106,0.41043283967016914,0.10459375365982737
338,519.400452338316,0.2625871398456884,0.0001755969878477228,118.38441548043454,29201.3992471721,82.04566150525575,4656.440667649319,1.2853035630808598,22.901482793038657,0.40868221177190833,0.09917979862741788
339,520.3265158910489,0.25972916407445357,0.00017442324318026352,119.32359685504318,29336.529048018645,82.08409690145055,4655.0753132703,1.2852037681968413,23.00702589112944,0.4070441076787756,0.19866336894776992
340,520.9627384244682,0.25962648444752967,0.00017325046382960993,119.2149599766197,29471.563292225073,81.92643420688457,4653.639673653798,1.276653174499307,22.95742216404653,0.40555316772253974,0.09196706775163221
341,522.7987702447189,0.25518369497054083,0.00017208415908560558,116.90220924622662,29604.298526218805,81.37753004192773,4652.26254471531,1.2791332810878242,22.983865859036104,0.40411405322537663,0.08647818660949724
342,520.524566348582,0.2580372180450693,0.00017108330581276144,117.26282814212857,29737.451550122616,81.5093931608992,4650.782069876771,1.2802903765477074,23.04573326480605,0.40276727426514425,0.0
343,519.2933530964583,0.2637634072674949,0.0001700559655196616,118.8238542465059,29872.083665404298,81.72721917753468,4649.604518320316,1.2778442285020803,23.0758070124083,0.4015210688894612,0.0
344,519.468603704667,0.2612401826649354,0.00016897178143068366,118.68561121286322,30006.52331174509,81.4119134762843,4648.637928651922,1.2767786264615695,23.031886151925438,0.4003595901946998,0.07672913867864395
345,526.2288560219845,0.253046629020077,0.00016791896639913883,119.67903434046667,30141.95247412369,81.66677660212888,4649.236424761146,1.2878818074324905,23.131264401833086,0.3992464594461706,0.0
346,530.593692531894,0.24493364813518714,0.00016695762138511835,116.97256992318779,30274.923842422028,81.20750177473917,4651.24391933551,1.2849384349984776,23.092730799943887,0.3982411296496435,0.06981551014270337
347,531.4617135714251,0.24276691965358377,0.00016608620097281925,116.56180095140911,30407.60575615867,80.9882530151977,4656.9963488451685,1.2855324681235036,23.234072297486147,0.3972785341405397,0.22030454378154474
348,530.5718100943271,0.24151156672220686,0.00016524076064679773,117.56854114123578,30541.29817110089,81.01031159154046,4661.211326867541,1.2848532883813732,23.43919993023647,0.3964495370017337,0.06309124574689662
349,543.4237468729732,0.23715029191433457,0.0001644114129462735,114.77315455519499,30672.150571218386,80.59493598467608,4664.925832500247,1.288881048424241,23.205895844694545,0.3957614966256627,0.05559475474961317
350,539.797737729208,0.24180691634883222,0.0001636310895864434,115.25954119168253,30803.72265850417,80.88489493282289,4667.182633406838,1.2867265785923787,23.17056056363522,0.39499998467653374,0.05448550880355896
351,541.1045395113521,0.23841088609803218,0.00016280347453144438,118.43194935948605,30938.338077476197,81.22152108132141,4668.921924291112,1.282882792522965,23.165437858947826,0.3942664711541942,0.05034074364654373
352,542.0980655985802,0.23327433440056555,0.00016201461442778183,115.85226665698588,31070.47313544628,81.13882523906526,4669.4897709105835,1.2790354726013031,23.210406852396705,0.3935742323785057,0.04423310850195605
353,543.5424908523295,0.23409799681308607,0.0001612827408565195,116.6519341972645,31203.43173198585,81.16171548080756,4671.30402971663,1.2812478760764814,23.258192405991466,0.392945717203036,0.033780247408387254
354,539.2043670810257,0.23954482896943552,0.00016054401099913838,118.00839463564228,31337.800867701248,81.06579991550895,4672.0956311282025,1.271918096986742,23.271301284544453,0.39237884552203556,0.03580065170352498
355,539.977411285159,0.24025561629642667,0.00015974929338137726,115.80450419690266,31469.777973367578,80.56008283788768,4672.173574984155,1.2790376500784018,22.980980400459206,0.3918541356900495,0.1476213683801504
356,537.5153273981186,0.2475790607675208,0.00015893877624349493,119.10839494925764,31605.096936126796,80.6597548537615,4673.804943295071,1.2817617562363224,22.770292674675602,0.3912262984203769,0.0
357,537.3641020444892,0.24392588202077237,0.00015805288382991455,119.37231560520746,31740.68499847213,80.87016909304745,4673.2934149061975,1.2933298760027514,22.844678523255357,0.390525134599935,0.3182555766377959
358,532.4931591433946,0.25033081041223393,0.00015720898712990718,120.07175318815322,31877.026824822053,81.23933253323028,4674.83913507952,1.2991637080041705,23.17817412644214,0.3899207657085709,0.0
359,533.1794055563928,0.24714719765351179,0.0001562997555691913,121.06049932259182,32014.203835620006,81.12035279181825,4676.9190165547925,1.3004115132668963,23.205538140144455,0.3895000405549328,0.0
360,526.5644587761892,0.2594472542310359,0.00015542771461061756,121.20462038770938,32151.660577495823,81.44749457386175,4677.001851830366,1.3084534979034435,22.864771217675226,0.3891209580148114,0.0
361,529.3259902284115,0.25604857750024224,0.00015442784219094725,124.43716428359076,32292.088349172125,81.71258988865021,4679.394481124106,1.3049697323015608,22.88176320283981,0.3886002566250979,0.39578686248965766
362,531.3782599458735,0.24965655934220665,0.0001534681511657889,120.03275512394143,32428.214463976543,81.12842731126122,4681.488603298399,1.3061432283690422,23.041800217970746,0.3881433044570415,0.27865132341653975
363,530.0684130168904,0.25211491104780137,0.00015258019211048708,122.41247295320085,32566.785491847462,81.25049532206172,4683.055891497423,1.291637259142105,21.698429911538106,0.3877884186077127,1.6485135390610353
364,528.9706047942873,0.250523999529914,0.00015166925871495663,123.39906399042093,32706.30010584854,81.46109125508572,4684.15343771164,1.3023668687613872,22.00359265807041,0.3868740793424373,0.02164358141257594
365,523.8225323933563,0.24963045376484638,0.00015084405079759976,81.44777229203689,32803.808599716984,81.16736507236745,4689.233118360117,1.2580823422640859,21.60850094020357,0.38607134353868705,0.4416959978610109
366,512.1789012158372,0.2860460559093716,0.00014997560589400885,101.24322326445636,32920.91658597354,81.32882533094767,4693.261380280785,1.2760519501361043,21.72491320871154,0.3851451180653749,0.44720921390221235
367,509.9068755647306,0.29434487562959477,0.00014872273454083747,113.27577003941141,33049.67254060405,81.37839744087762,4698.012543999091,1.2956034969332964,20.70293952561038,0.38432999048937755,1.5598131795738581
368,523.4486881898583,0.2691404467542241,0.0001473875277168827,115.35440634540484,33180.424537630926,81.36480484868116,4704.69454499739,1.2888109255646918,21.96094969163653,0.3831222803130178,1.1288146918217095
369,529.950898332685,0.25431232672734216,0.0001463270924966969,81.13982437363393,33277.400848094505,81.09603043942055,4714.318728949922,1.260348752501731,21.99494032813281,0.3825769069614428,0.47888016177983417
370,502.14223743920223,0.31008420584385255,0.00014533165172211468,105.45907302263208,33398.87128975002,81.15854259854315,4720.826849074558,1.271545677681223,20.76078210612175,0.38204596599608887,0.49766105005211614
371,497.9412958691782,0.3038724895164664,0.00014374701074787853,112.80384713985737,33526.83995121106,82.05833718933754,4730.085525620542,1.2794154192361296,20.863338113189403,0.3809423288515699,0.5110482043616713
372,505.61178015056737,0.3029673518073345,0.00014222409243961349,119.33165128880049,33661.16023971981,81.92750488481805,4732.824278743514,1.2793146870350072,22.39242681466404,0.37995231879000624,0.33065138205463285
373,507.50745896980294,0.2903170147807318,0.00014071906377541887,119.54866353104543,33795.96943399816,81.54223920259754,4738.134142294284,1.2836940652869893,20.975910712102305,0.3797612878765193,0.5200352525319332
374,508.57420794801067,0.29273248394974816,0.00013935676401361817,124.0321637016948,33935.29188939659,81.60997891604649,4741.164533018101,1.2809787558460173,22.841231318599974,0.37890026626485807,0.6904294484593052
375,504.5707322996735,0.2875834110460699,0.00013797581452354454,121.98458559878895,34072.63156035845,81.59427371078107,4745.022465274118,1.2861661867518162,21.161488303254224,0.37901681976532375,0.5198546306278118
376,494.16141960017046,0.28703764428340484,0.00013665685004575384,124.70524118226203,34212.54576019164,81.61519995052016,4748.278319555677,1.2860070353613842,21.555956660564092,0.3782980622737578,1.4359397939605145
377,495.0118524111351,0.2921235118657246,0.00013535042657985747,125.29577616900892,34352.677737283666,81.73556095634436,4750.376005900862,1.2966369443174037,22.80058885785994,0.37786773584482375,2.12602702774727
378,497.62766418817887,0.29023502409096047,0.00013399653447587976,125.44779322034196,34493.0242881184,81.66843592205937,4752.92163417984,1.2892283351616165,22.487455072684867,0.37811677749029315,1.7710982761434693
379,499.04578183781643,0.28507534513728516,0.0001326697478757376,123.67968210896956,34631.69970067737,81.3847652105282,4754.983922969615,1.288573283042453,22.695009752336244,0.37818563719096465,2.304446316691582
380,498.46630045616894,0.2818513960803777,0.0001314046724791591,126.1199744807453,34772.869042743216,81.59735778981904,4757.62706859554,1.2853508578889588,22.59948124585446,0.37838947942904766,2.4398596013143177
381,500.77824009776407,0.2781671051963427,0.00013018024933047692,122.81436968531185,34910.72847443425,81.13890332947457,4760.309979388997,1.2919890935919691,23.207430271487326,0.37854991535503374,1.9023845513774305
382,500.3636953326728,0.2769287647289239,0.0001290010737134196,120.31441999313628,35046.158656532636,80.85000250672411,4764.918563216616,1.2905483105341549,21.618617302560455,0.3789775032209033,1.8496855330551725
383,499.53057226741896,0.27253583744299714,0.0001278407830262987,120.08641285194517,35181.370371089695,80.94796914534786,4766.982459114096,1.2929728936330114,23.403398105510487,0.37860507474389515,1.8690119718718279
384,501.54135513826003,0.2648615500304434,0.00012673280472761552,118.93885536866762,35315.44165544818,80.82057831584778,4768.980926231335,1.292108700357577,23.481675358431193,0.37913704400533355,1.906874919029562
385,502.27333926023005,0.26578615572791053,0.00012566328152327684,121.45727328508465,35452.01775811791,81.22809835377073,4769.2890352589375,1.287175554243656,22.554154467220606,0.3796891003888728,2.8705940187618424
386,502.70789073618977,0.2648816941334783,0.00012458890656996262,121.2517313611805,35588.43005404754,81.17742565098119,4767.607906212472,1.2799426422925975,23.624785178271424,0.3798171971275574,1.9589369215259609
387,499.3343454834096,0.27313647660022555,0.0001235100779135048,124.85181737379853,35728.4502699362,81.73909498019526,4765.902423877806,1.2848931776482722,23.210727746340975,0.38042054873161496,2.4607876611962283
388,501.88994797858675,0.27028530261680295,0.00012234852337969764,125.14749953343579,35868.64359150312,81.84490246484424,4764.05218039096,1.2845419903874686,23.781549409062613,0.38082404393005703,2.0091342039908824
389,506.2093492825126,0.2594886004305207,0.00012122304494060925,125.01489075611272,36008.79620928614,81.5532094075558,4762.202198923163,1.285792366646835,23.735876212706913,0.38146878498777914,2.0564394107978146
390,506.49716463393474,0.2675233826946303,0.00012021791470559893,124.62931821645586,36148.70373776903,81.60753327935424,4760.442143262257,1.2914809618679843,23.76692334264634,0.38206728787348626,0.7042669530484389
391,507.4926817306179,0.26801502176277825,0.00011913185689021586,123.6302447961447,36287.41515492645,81.62571533935635,4758.636744391649,1.2894911811777667,23.75669998616666,0.38258110078524243,0.71335117375218
392,508.4843428201102,0.26528345066144154,0.00011804575143300092,124.3546901914035,36426.89398687013,81.44013276275052,4756.847323227297,1.2963370748606402,23.761614056223955,0.38307075912417543,0.7246470481828595
393,509.24210028791964,0.26506190851624534,0.0001169938994864543,124.06198806667695,36566.12575570081,81.5197821068187,4755.072219431917,1.2964970466427301,24.43724959607421,0.3835450205784016,0.06916000596708471
394,509.71104654319674,0.26391417252195437,0.00011594933983893549,45.02945469236113,36626.35954008317,81.480287403237,4753.31268818238,1.0649719577496202,23.79414902167973,0.3842972726608322,0.7270049855553253
395,524.9779423280324,0.23749366566134944,0.00011447690533361743,100.50261460641872,36742.04060444374,80.62673659004712,4751.561896165828,1.2275508150531858,24.346838938283714,0.3847383385441195,0.7351069314512415
396,529.2508891282394,0.22804950744281238,0.00011329457359971776,100.13284865919621,36857.64798124711,80.61761612754282,4749.814980013861,1.2301473726711356,24.57385913203876,0.3854357229034523,0.7477228765478472
397,513.0380804882507,0.2626219604506982,0.00011221951569027735,70.446838246169,36943.73143324822,81.35390917404044,4748.067334041421,1.1512219171107123,23.910682497882775,0.3862164679581752,0.4737894507399929
398,533.7200034272033,0.2171202231855448,0.00011078258375648747,94.88435691517799,37053.83258773243,80.60276225570829,4746.327977136429,1.2473418286846727,25.60263647145134,0.3866222209951522,0.06359776757958713
399,539.8144672554873,0.20770728938670857,0.00010982495942415691,99.51845694785905,37169.12020817258,80.91840163727197,4746.18383818137,1.2487996659576943,25.85983693870435,0.38782315778623616,0.0
400,528.8217061808459,0.23698145504512058,0.0001089880933401829,81.02259688205933,37266.13484394975,80.87502322418796,4748.506155057999,1.2013650680481942,24.58182817463854,0.3890926619068327,0.22302785451881135
401,549.7052123563965,0.19030876798710417,0.00010784392552642479,88.93433579073982,37370.781568244296,80.84918396749438,4748.592018607305,1.2563543908080914,25.153877265396147,0.38968788721413755,0.16300414519007234
402,531.8277790548519,0.23072710722673895,0.00010720287014003166,89.22605072416624,37476.314742473005,80.63107141467643,4749.837589222404,1.250969901850643,23.882468233167334,0.3905372355168736,0.48788502848608317
403,533.5763170299036,0.22194869416769847,0.00010613445914996132,104.05544527398877,37596.13727520042,80.40097063527892,4748.107185838442,1.2508511912964912,25.264734000648122,0.3906924726488534,0.9587639543078126
404,532.9758884798056,0.22465317611067892,0.00010516539803860033,110.6727150245321,37722.62776803483,80.62892896185907,4747.054725513811,1.2673432434025753,23.47525677883122,0.3915735338858304,0.601678253099557
405,530.9809753977266,0.22807046211727744,0.00010417275787153253,107.35794364596273,37845.77182228591,80.65626126875846,4745.29731440914,1.2614489286421648,25.430146485428345,0.3915153717626566,0.701981496550701
406,524.5838550568122,0.24334731888673267,0.0001031478726358391,114.22650520999576,37975.71409508954,80.90120700026007,4743.554252446021,1.2605971994679253,24.152961366513267,0.39243353179548524,0.7189717030501157
407,523.9271681619086,0.2469844630610799,0.00010196607317477193,115.37833725564562,38106.60849771967,80.80209628774172,4741.7951964829,1.251512628865712,24.12701747269939,0.3926836548489005,0.7265642422263809
408,547.9144818809797,0.19235602919181005,0.00010075240267789035,90.85516255869857,38212.93214479201,80.09531669587675,4739.995245619683,1.255386913291653,25.00768436687205,0.39291456363523486,0.8812444794182355
409,543.5736159261734,0.19722389549972885,0.0001001270532070963,104.25393923815545,38333.401496401435,80.66003079973704,4738.243063952955,1.2632838294692041,25.223939324400998,0.39358156750932866,1.5102464634541448
410,536.5942087500868,0.2153729127149937,9.945251697257774e-05,111.33638871340668,38460.82025488604,80.65373271214273,4736.383688607333,1.2624578864607898,25.6222615291108,0.39436228502540643,0.7331660540029787
411,543.309970728519,0.19892352059706675,9.858786042419695e-05,103.09653797107921,38579.77880804113,80.50775303261833,4734.49602371556,1.2633531048152886,26.135404117887568,0.3952615561371485,0.5496467801668032
412,534.8314464943353,0.22042990202197876,9.790265962001198e-05,114.06829965779414,38709.90040211291,80.79764562739481,4732.895799884151,1.2575193393444968,23.7839701239711,0.39636330493933475,1.730538011790479
413,554.052515444856,0.176342126816453,9.699170532650881e-05,86.29991336279863,38811.99090696439,80.43901005803583,4731.078510993754,1.2630650688811564,25.254887309339125,0.3963242698790513,1.4651181546799847
414,538.9345076040582,0.21145083810868992,9.655463914967651e-05,105.29620994033692,38933.66293482756,80.72872072197406,4729.31561049422,1.2683399333429424,24.0812314909415,0.3970014680666325,0.7035546773876504
415,533.8719893122907,0.22613999845648636,9.574521296871407e-05,111.795597464096,39061.34987071262,81.05523120059908,4727.567084728882,1.2623357684592842,23.291451779851048,0.39702966575690474,1.1003586334909556
416,554.7769546355139,0.17707023667306976,9.47835247792377e-05,87.99252670593353,39165.08021996421,80.23760084315357,4725.759221634979,1.2600300686359287,25.12951693802148,0.3966955709359622,0.35818743997702285
417,558.6426416001518,0.167861321351645,9.434913073385285e-05,82.98556199868813,39264.432895220925,79.54401019396356,4723.991210279494,1.2642510046907496,25.95060012351612,0.3972465643005283,0.760200538681481
418,560.8385685123116,0.16388911101827186,9.408702925348167e-05,85.18421946101222,39366.263840253276,79.67528588652915,4722.2310038137775,1.2806327101727637,25.62666025147854,0.39820188288089636,1.164157518852626
419,544.4444278183219,0.20501409618387312,9.386693621720088e-05,99.91952358563819,39482.88510167725,80.0835356398967,4720.874082312907,1.276158847524617,25.047190116075143,0.3989777060028213,0.7133378412884497
420,560.1482809580639,0.17681146915990353,9.321910826609066e-05,98.85470018414571,39598.02264284297,79.73807019233956,4730.4127894545145,1.2766571580154784,24.83493902360951,0.3993805873891982,2.071203674641275
421,559.544181162684,0.17898459150805102,9.218495236039188e-05,105.49394400995104,39720.36976639886,80.09586452839382,4738.436312237786,1.2706567611451567,24.95626417135841,0.3997402339752533,1.9867264061284118
422,565.862907972201,0.163230467529749,9.110953076318946e-05,98.61136022317271,39835.78912794707,80.08195098560226,4738.886850666689,1.2676547885257534,25.970882249435277,0.40014178947436857,1.4079990335296415
423,575.6473091616984,0.14134177837364004,9.021976689237417e-05,79.9160440393396,39932.72455820466,79.14408665555918,4745.118591321862,1.274246639784134,26.980859329354146,0.40099497356711683,1.0123882244951687
424,557.8628652876945,0.1816232221895302,8.956874599019684e-05,104.40803799406359,40054.454329570784,79.84080357346303,4753.118127574267,1.2788885114432413,25.647737451857523,0.4022850793054188,1.3224049800421156
425,557.9411893397174,0.18218564005336801,8.849316513356358e-05,79.5098811394501,40150.69987879777,80.06578096075857,4755.8853714930365,1.2238965819213234,26.14334927229657,0.40287671780384643,0.7873349654109063
426,574.9215710808674,0.15091115072712868,8.740204409439154e-05,85.22378603340152,40252.60264943095,79.78021171498663,4768.091181367103,1.2684057396364858,27.098288554874717,0.40365748094204973,0.8865929879373411
427,576.2644863326994,0.14715754922097823,8.664988617658143e-05,71.48260491651507,40341.410817138996,79.27832233602133,4774.267281922651,1.2656353900001083,27.97224788129943,0.4048579095680775,0.7351743140845315
428,577.8121411722506,0.15597855646680958,8.593577503133542e-05,92.51337360162194,40451.26834336236,79.44194616478778,4790.74580891708,1.2723560795533018,27.31383816124067,0.40644606193593125,0.9090162185655615
429,591.7094561713359,0.12473608974368333,8.513237631150215e-05,75.722317906131,40544.392496538014,79.30099712501476,4801.328140888581,1.2764866016939345,28.109497423088822,0.407644988052809,0.7902774775079351
430,585.5926770684546,0.1233927702166574,8.46716669030883e-05,41.28546484589623,40603.51926697423,79.00992250005935,4808.968336989538,1.1985106391219076,27.18779021155223,0.40917333049543353,0.4272172397828342
431,560.2901235309405,0.18295263575766518,8.402230271386431e-05,78.9018475889689,40699.975822318826,79.47166508926969,4816.092123215538,1.226386049596634,26.41400765123682,0.4101556878321454,0.14343708174847336
432,570.8208718890116,0.17483718963251937,8.274368339596885e-05,86.23594676919774,40802.859317172064,79.69031974982992,4828.400598695596,1.229069171611954,26.40726773489085,0.41067889569534494,0.11805439200164614
433,570.9431145035467,0.17260210967800516,8.156065750382927e-05,91.45862182230792,40911.271717380674,79.6016666177155,4840.1994491409505,1.2337672622631466,25.718903921277537,0.4111821703741061,0.2921144569683918
434,567.5157895168091,0.17769308099472103,8.043155357179465e-05,91.45179214022954,41019.64980540646,79.67697001312804,4840.392635099593,1.2330142713342513,27.001344444121752,0.4113479254493536,0.28464084311404747
435,560.1702897138449,0.1769925673258388,7.923777073594245e-05,93.0769925255616,41129.48440583237,79.63386986685451,4842.541380910118,1.2371465468297822,25.79754887309771,0.4121409117329804,1.7239614812902246
436,555.3152054764088,0.18856455362851143,7.80629586655911e-05,95.88486807186354,41241.906791925176,80.10975070396546,4849.969904472041,1.2534450540170743,26.860371722344933,0.4123872200497266,0.4546791447374119
437,554.6380944022546,0.20122054362845243,7.6822812234783e-05,93.8101059408641,41352.09786377459,80.30095400599603,4848.554453744787,1.2398387719197235,25.365326510325602,0.413077534929912,0.2545824092160913
438,553.2146981323027,0.1955977928477063,7.537575397416358e-05,95.11301018271871,41463.517832074824,80.28956773869702,4846.582116119944,1.2516341329449272,26.67668229199411,0.4129909986441125,0.8952695719308039
439,549.8301585285118,0.18815248891340708,7.400870047032463e-05,97.35809578782889,41577.086455999175,80.21901961737481,4847.941400869507,1.2380244647780012,26.432763492188453,0.41359490323231407,0.0042801350616343825
440,554.8445747361336,0.18332640695833913,7.273896917041709e-05,68.05005415694177,41661.236946335775,80.26239623136095,4846.132223896329,1.1912804274121183,26.503204560011714,0.41400307853602714,1.101065785175237
441,551.106902271566,0.19514038817365054,7.151846302456796e-05,94.06621115939362,41771.539735293605,79.99703278921984,4844.250115674721,1.2293489962353183,27.568462502365083,0.4144917124957357,0.10202674856996197
442,554.6227417708036,0.1880082807274338,7.018384840828261e-05,96.01541430890882,41883.65053687109,80.20248265060623,4842.711238385574,1.2291029428574733,27.44393682401747,0.41542848608430694,0.21548506184796423
443,553.7290125196197,0.18571320300359673,6.89377714182218e-05,93.89699671153662,41993.77022081991,80.07774358128587,4840.867984965934,1.2500696443305783,27.7043628337773,0.41626790032050726,0.0
444,553.9314763524299,0.18670786233470482,6.772649713617758e-05,94.06277369511437,42104.14304081897,80.3150010430003,4838.997134454796,1.2436401045134908,26.61858080234544,0.4171857826970015,1.054939471736958
445,540.9564443474994,0.21567386046382064,6.65155033456436e-05,100.55613428410953,42220.994227075025,80.22261807770195,4837.126138144657,1.240982213326738,26.439509941177,0.41758700906998747,0.0
446,547.1951137101834,0.20338797335047842,6.500611766531026e-05,96.11013040485224,42332.98019278111,80.14406988473192,4835.262007378057,1.2366270648149134,26.404187967411293,0.417825231243923,0.06595761006290957
447,548.6794682839852,0.19636066749623826,6.363952270981093e-05,96.90345495614463,42445.97491310429,80.17210507479881,4833.41459012266,1.245655176536234,26.00965220456818,0.4180424488792738,0.5365082152511249
448,551.2802905270354,0.19112132689943506,6.235818334490347e-05,73.37950861229643,42535.4968917436,79.74311310730256,4831.563816359835,1.219047953538655,25.650705279938517,0.41808562236646424,0.0
449,531.4585351162092,0.23796886886070545,6.104537868780364e-05,103.47142791962196,42655.14496825667,80.56524096610482,4829.717772361227,1.232446377274363,25.67503597395043,0.41792444957592356,0.03849507514144079
450,533.1885596042058,0.23331571877198864,5.9244541823590454e-05,44.62195925527686,42715.313170296875,80.2414724019591,4827.872600991045,1.0580480182399028,25.800965206025015,0.4177425253754469,0.0
451,533.3993244319192,0.23655265905560308,5.7413511481766704e-05,101.98245819085076,42832.87164500996,80.3754125943989,4826.037543875516,1.219787450334785,25.764091760843794,0.41765314090106004,0.0
452,541.1768039763049,0.22104487024796582,5.556212684929238e-05,96.20476142270516,42944.55907997647,80.31091022109611,4824.205054769022,1.218190255876878,25.88781819870657,0.41755473077658234,0.0
453,542.9585426713857,0.213149227382876,5.389009541100511e-05,92.66946907022123,43052.97204491368,80.13013727192211,4822.379204329334,1.2223758301326353,26.062554554662007,0.4175267629558879,0.0
454,534.6486205677231,0.23656715150817287,5.232827152748288e-05,99.1109194066178,43167.934569437464,80.42524409714778,4820.6257223910925,1.2121418192795377,25.396758039605626,0.4175907716936823,0.0
455,546.5579068896018,0.20481239379316296,5.0572467428496614e-05,82.86072075229296,43266.395391319726,79.44438825282226,4818.968811157196,1.216141027446576,26.98018902130876,0.4173285019597794,0.0
456,532.8996049326163,0.23718697263597865,4.91280849592873e-05,105.92940743209127,43388.2972079559,80.37186146956576,4817.502970409113,1.2327590696631578,25.53638419454147,0.41786317116509253,0.0
457,525.9906203525435,0.2439030519315568,4.7390488051463195e-05,105.83909654140612,43509.65228828306,80.73599888954311,4815.695145937001,1.229157478716841,25.564874469966583,0.41766496269710895,0.0
458,545.4851418740699,0.2019640928170785,4.559580557287864e-05,80.47372742911594,43605.42262575922,80.07883667533851,4813.887247307008,1.2385283071469542,26.542297530691314,0.41749528581441514,0.6803924768986533
459,549.2975712082402,0.19460268121652446,4.424050026916969e-05,79.31369660205948,43700.65649309763,79.51642560870812,4811.995335552541,1.2332859273026726,27.450145083887254,0.41785779355634545,0.0
460,542.9017754628792,0.2133196677864071,4.2974136197832545e-05,106.12127943184223,43822.81160691008,80.58294023647639,4810.357269852983,1.2262516151207787,25.724550170087756,0.41861494620503925,0.0
461,534.6110647348299,0.22726438286721307,4.152568772057733e-05,108.19287069743231,43946.79410197534,80.81989141623798,4808.700120391493,1.238347172491679,25.674404910699725,0.4184892686526795,0.0
462,538.4025305184584,0.21653481129333907,3.9941545280731595e-05,112.27196704245776,44074.60521118927,81.29268873071575,4807.035301706749,1.2231315708550643,25.742744057908606,0.4183496950534294,0.5361625469202522
463,540.6197699346029,0.20977940613535628,3.846524219239562e-05,108.55045457138081,44198.81888038076,80.94561014975547,4805.3710961541265,1.2253326610964292,26.231798932522963,0.4182852884991353,0.0
464,542.0147433883999,0.2053219612169278,3.707434208060366e-05,106.7127840746426,44321.25677590121,80.75794520705155,4803.707579873616,1.2274935378908265,26.219574974734286,0.4184390225032164,0.0
465,535.9747076660833,0.21902422946851163,3.575081514639032e-05,95.7533770138844,44432.78058874002,80.5962357779853,4802.040613522745,1.237418958812613,25.5532979260271,0.4185833906686706,0.6213305646503784
466,536.5423394426134,0.2171782678044637,3.429651338970015e-05,104.3853014364139,44552.742515283826,80.35030448544015,4800.284241277977,1.2361378250005697,26.141608356281214,0.41840315197172023,0.0
467,530.60484613105,0.23040977312545452,3.287253982869353e-05,108.47754738860905,44676.81277519182,80.49234399779277,4798.528072476252,1.2303222815866466,25.994958576573296,0.4184908947646775,0.0
468,540.5788111946795,0.21391733964413961,3.133485208398932e-05,103.2085279800342,44795.42485052046,80.3102726305541,4803.058460470857,1.2361282515590666,25.979992835466224,0.41850640673863515,0.0
469,543.8072988028994,0.20833914444302193,3.0005092310120744e-05,103.62407993713217,44914.78791187745,80.63866674338693,4803.096716576152,1.220566732476764,26.00998990988047,0.41851811221883195,0.0
470,531.1498083767897,0.2154126719960494,2.8744448831742563e-05,100.04218826845386,45030.66729222862,80.10161514026919,4804.535191532567,1.2356916116092544,25.898596921342918,0.4185483131363521,0.0
471,530.1188567457065,0.2173900230322029,2.743082952426034e-05,106.80541967216755,45152.90879802624,80.5669670026021,4805.244329457764,1.225323465484673,25.779110768996198,0.41852648801910447,0.0
472,529.7667488638479,0.21617177606890958,2.610588223858905e-05,107.47972269818447,45275.800906762364,80.33331483564773,4804.542835953993,1.2336333527006091,25.639141382740473,0.41845126326500154,0.23876781899257793
473,527.0271862678865,0.22063043848391084,2.480375692372674e-05,-1447.6048445822867,43843.59272778416,79.77322303651253,4721.1832270883915,1.225288122101228,25.695537432798805,0.4183286307381585,0.0
474,523.4742988986297,0.21929932770970562,2.346537377378653e-05,104.27932042034965,43963.15534839787,79.68428854991912,4724.571968165826,1.2267423604905836,25.725018877090353,0.41820206126462434,0.0
475,527.893491700183,0.21727423419145175,2.2165621201137657e-05,105.02488292497566,44083.345315864055,79.53626132712134,4729.087563609554,1.2278632390723627,25.277108552795006,0.418100638840496,0.0
476,528.5497418571025,0.2153052638588372,2.0898632788662265e-05,105.34520780848172,44203.998443676675,79.67992872204533,4733.464036422861,1.2270969362656539,25.72699452979391,0.4177881730580522,0.0
477,527.5132149368021,0.21679236209219965,1.9673298960410663e-05,106.54230990849896,44325.87651992891,79.93781310413691,4737.9921652447765,1.2252176224982192,25.41457577926377,0.41771707461022517,0.24926051078708866
478,549.093913883693,0.16526625308114207,1.844604913057186e-05,58.65032979025682,44399.82127664087,78.5239460384673,4742.352831093845,1.2435207077190622,26.993230020505315,0.4175140350567648,0.0
479,535.13173763752,0.20108018426816698,1.774172573174208e-05,34.56255209535388,44450.36845253088,78.93358564748401,4746.644450141998,1.0546075161173205,25.98410176492687,0.41808822930449896,0.0
480,555.469454005158,0.16008238584844903,1.6646020617048433e-05,74.10245991320568,44539.997837093055,78.59383474350793,4750.911302867023,1.1393788479766422,26.983284539152418,0.4181123999559293,0.0
481,559.9123713844416,0.14562996260676242,1.5949630193189614e-05,59.32480676954961,44615.30766690715,78.97485571068125,4755.162947320891,1.1847926932734134,27.380863663189988,0.4186311960906846,0.0
482,563.5485263700751,0.1368775683366118,1.54090766886853e-05,58.137638242815854,44689.55903904232,78.83910083368247,4759.680523550825,1.2128373596110449,27.697981419617044,0.41932362547922003,0.0
483,545.4912589326792,0.1771363056803138,1.496432113622249e-05,96.50316191809603,44802.290352929944,79.55963476876882,4763.857168542108,1.2048970789033693,26.672605113729126,0.4201413137831818,0.0
484,568.1763926949562,0.12757964389761822,1.4156683787855271e-05,45.878269759522084,44863.85979877248,78.66794151184224,4768.267837047661,1.2228661730975399,27.998487056885892,0.4204173140290847,0.0
485,550.949850464403,0.16918471610901464,1.3844707352346284e-05,91.74947452329837,44972.03572977924,79.32493245484477,4770.238331882492,1.2139385509144782,27.06004444996755,0.4213359003424291,0.0
486,573.1232861276321,0.13355188023024733,1.3141417782577327e-05,52.54490415178472,45040.437642441764,78.77006108826932,4768.511202273547,1.2246453899178145,28.33610004571318,0.4217504375989561,0.0
487,578.122136287902,0.12548622520537533,1.277423215818225e-05,50.20638494783833,45107.22181998154,78.82332341451354,4766.790366297672,1.2289136428015137,28.616541092812472,0.4227760041585421,0.0
488,560.2148003364272,0.15882925318781405,1.3126320353584344e-05,88.02118162717497,45211.98292329753,79.45508516001397,4765.062488450543,1.214021624714107,27.58797885270987,0.42389184847175404,0.0
489,583.0836950647189,0.11718268528982301,1.2521127554271838e-05,48.60271752508538,45276.73075251797,78.71127281860144,4763.353738117562,1.2257410047006647,28.87165873268557,0.4244492613412305,0.0
490,587.4646505723362,0.10804208567409535,1.2315130876539401e-05,-28.127258011233664,45265.47591241212,78.58761551608032,4761.625341061094,1.081811293220029,29.11609986270521,0.4256141570787143,0.0
491,579.2570892873325,0.13046940866358891,1.1870026727415636e-05,65.14269451579335,45347.57442466924,79.13557720459983,4760.072078100091,1.1476875461453995,26.78126226977223,0.42684449423317833,0.0
492,574.5411531772208,0.14143414622633899,1.1834180370475436e-05,78.20419274552722,45442.31068416388,78.99997557793539,4758.410470244949,1.1878330621527338,26.84442997760647,0.4268677487611529,0.0
493,574.7305393743735,0.14285997823793162,1.1036059942325593e-05,57.95038932785306,45516.64265120934,78.9719521251207,4756.748023486781,1.1701421971756807,27.04150165724872,0.4269247490873176,0.0
494,575.4693165526777,0.13964095369181428,1.0221519282044296e-05,32.639429645463906,45565.67555946838,78.95432213411542,4755.443791654903,1.1347138492625533,27.235837176285838,0.42707967005259695,0.0
495,569.50791046468,0.15017134154420886,9.318047145692572e-06,36.282117292488095,45618.32391522464,79.11719443184107,4753.831269887227,1.103551739745584,27.491609520772077,0.42732621264827836,0.0
496,572.3670282055174,0.1421071339295008,8.22686803676491e-06,62.03765973915179,45696.45150155401,78.9880885670574,4752.388276712288,1.14849518292092,27.84309120779558,0.42768997124413205,0.0
497,579.4971334937167,0.12599753946068493,7.23007659666804e-06,54.5454736618172,45767.13058208621,78.72193108255136,4750.78747075669,1.1565742697872,28.211854991714727,0.4282121120508999,0.0
498,580.0247295579566,0.12297840085142442,6.4130676958585135e-06,49.46065658528036,45832.94634089792,78.44483196090425,4749.154997388909,1.1720429922934947,29.986582552112413,0.4288931310264138,0.0
499,583.5751483270294,0.11566745362143582,6.28106413819718e-06,74.26756259584621,45923.638864729786,78.65651369751632,4747.555967529225,1.1817948739418163,30.54375641535574,0.4304168251356085,0.5604006371628927
500,585.9953075383328,0.11227836681706871,6.2249649582335395e-06,68.32713713719664,46008.47484790073,78.81530579013092,4745.888268434292,1.1934637771140315,28.746461567621722,0.4321729771496228,0.0
501,589.487241939149,0.10441434169710873,5.559419815836104e-06,40.520096671402115,46065.570008963914,78.51432747044751,4744.3185594626875,1.1920845058809435,29.08352372308717,0.4329282867349569,0.0
502,575.2526519021369,0.13895032321813583,4.982366813745315e-06,86.64609508395682,46168.8846298201,79.14249809107892,4742.754719336288,1.1727638897930002,28.023298745493342,0.43381497471549796,0.0
503,575.501963536642,0.13641843540374898,4.046689799844106e-06,87.2555722706442,46272.33229543956,78.73025228352537,4659.594274950516,1.1702821866411128,28.092383711681574,0.43413882392006226,0.0
504,573.2965189940151,0.14037950909005747,3.1452552126103215e-06,88.31676889725054,46376.84969224472,78.92779714270966,4657.9536087959295,1.1663123959841464,28.00081717601352,0.4344838909616806,0.0
505,567.4154218664081,0.15093288931359639,2.2098368096118555e-06,85.29970410716678,46478.284001785156,79.02704646255525,4656.491892402654,1.174201854116431,27.776700640204826,0.43477003533820996,0.0
506,565.9258595016573,0.1542371548247473,1.1890365816990076e-06,89.19403401022646,46583.420903437116,79.10437105304162,4654.944695162716,1.1697149402370315,27.66809470796673,0.43493498596620667,0.0
507,565.1821510224022,0.1549004235293442,1.417034495787907e-07,92.63103486263043,46691.96049676236,79.0440419780695,4653.444938620444,1.1678881616722971,27.599215724697867,0.4350416769324635,0.0
508,567.0453092877664,0.14997904983607524,0.0,90.32861225356882,46798.17946602925,78.95584224004011,4651.858626151474,1.161574915203407,27.696836388511826,0.4351125798792642,0.0
509,566.4359021437484,0.15048919492346124,0.0,88.57410877800547,46902.712803525814,78.95722829919232,4650.272636351494,1.1745842460440874,27.653389022056437,0.43523141542224786,0.0
510,562.6733449098052,0.15845315422598527,0.0,93.96167738342689,47012.637697882805,78.98537980749023,4648.732505645241,1.1683917192020092,27.438876573816728,0.4353263375648275,0.0
511,561.4473789446813,0.1603223323170141,0.0,95.89263107108229,47124.3642478127,79.18481192657654,4647.1385046070645,1.165027723283754,27.343153803099582,0.43531436225866965,0.0
512,563.4938270372552,0.15534166076309597,0.0,94.22961867917965,47234.38750131735,79.2986235524488,4645.552330641323,1.1707949672397804,27.48736405717958,0.43525932022075264,0.0
513,562.7169328421621,0.15629478378063244,0.0,92.38240341219807,47342.614366741574,79.3267079283765,4643.966065999251,1.1730434293893952,27.447479780651427,0.43528143614913356,0.0
514,559.0591152510722,0.16403303646761835,0.0,93.79817171557622,47452.225730178805,79.41366108018553,4642.397495288792,1.1691317854226615,27.232201303058286,0.4352862207329118,0.0
515,558.654958615412,0.16436893787460505,0.0,96.63057424921209,47564.55185815531,79.19737429807951,4640.8159793038085,1.1594161504377465,27.187764914058924,0.4351882298545767,0.0
516,560.8377579150155,0.160992190283328,0.0,93.96258778649826,47674.18881616721,79.27836390484521,4639.256167866984,1.175808682722099,27.29719197458891,0.43507670177717256,0.0
517,560.2143831084346,0.1617500420539013,0.0,95.52058148824523,47785.454467243326,79.41234104246671,4637.696023336059,1.1654230402081818,27.287011356546095,0.43502802148787034,0.0
518,557.1991314045458,0.16840228165547655,0.0,96.76943192842583,47897.94618426573,79.39574058832712,4636.154866013004,1.1670650220190806,27.119884288725586,0.43500885887649543,0.0
519,557.0552605414134,0.16790623847479358,0.0,94.10232945663682,48007.66777296473,79.32994468166333,4634.598233260202,1.1675017551727738,27.10758038649036,0.43491178206709274,0.0
520,559.8394427777479,0.16102548583226262,0.0,94.11564744590399,48117.38710347804,79.34106938849614,4633.03916350589,1.162695460466876,27.256803909409992,0.4348168936336388,0.0
521,559.433662298803,0.16160850791512305,0.0,96.46235846265537,48229.53251852278,79.40543322302959,4631.480290972742,1.1618423730670009,27.24623140507688,0.43480355677823374,0.0
522,556.3490744043454,0.16845383272466474,0.0,97.41911258979974,48342.61721023303,79.26848962341145,4629.922637762731,1.170391780687043,27.054056710108384,0.43478901826059085,0.0
523,556.4090455610884,0.16785745092646476,0.0,92.41460110067712,48450.59554112701,78.96973984474397,4628.366294788917,1.1725209616348706,27.079153213423837,0.4346839666923591,0.0
524,556.1857027690552,0.168476281508958,0.0,94.34023739772476,48560.50058793251,79.00366459751248,4626.8111060065485,1.1686762566744238,27.094474814381293,0.43459986893937735,0.0
525,555.4824449972444,0.1703480635848077,0.0,97.330025227514,48673.37998132987,78.6046301515806,4625.256069049554,1.1625659390429388,27.050882645657175,0.434530849263827,0.0
526,558.1527035063996,0.163350709627328,0.0,88.87434976906223,48777.778588905014,78.21670769302679,4623.730865595999,1.170383801910807,27.22571510675287,0.4344471480922526,0.0
527,555.3487002458694,0.17081389392905633,0.0,97.67534230973087,48891.054884294485,78.70601918245495,4622.181000800299,1.1618314620891335,27.051018040365914,0.4344569765149391,0.0
528,555.6793578172528,0.1694482256966191,0.0,93.87870523994349,49000.45610944178,78.34217961397549,4620.629974262865,1.1645908626068908,27.09697405224474,0.43438361491377414,0.0
529,555.9973548613882,0.16789886233642048,0.0,90.99188815816547,49106.96894120738,78.60337805494038,4619.07689587814,1.167367489234577,27.086252795852275,0.4343398246107081,0.0
530,555.5855637617805,0.1697166566170215,0.0,93.0873826724222,49215.59095301946,78.6132859390316,4617.527104408518,1.1595089896519188,27.034554415149508,0.4342962155015193,0.0
531,555.2498569470043,0.17073983995688125,0.0,95.32135190314386,49326.43141624287,78.40801572310329,4615.9785415436345,1.1617510505820328,27.021648579871876,0.4342326047741762,0.0
532,555.7197479186826,0.16905409551411588,0.0,88.93692441710422,49430.865120873765,78.27983924897464,4614.430433358699,1.168100074402841,27.058733001203684,0.43416907985672076,0.0
533,555.8561594912888,0.16975452168926453,0.0,97.34312093110029,49543.70883507755,78.66856441410812,4612.883951992249,1.1576158583192018,27.09202897073775,0.43413022557365993,0.0
534,555.6490529277426,0.17007627852232854,0.0,91.95831627461357,49651.166489754956,78.4707161032144,4611.337077766154,1.1671795298309158,27.0935674123422,0.4341129239384891,0.0
535,555.8109114056514,0.17027950374539236,0.0,93.10211552373386,49759.7447429234,78.26626602171297,4609.7901517169075,1.1614216845778513,27.116390414160296,0.4341291551040873,0.0
536,556.8393240219619,0.16876867191147304,0.0,98.43549414626878,49873.65159941692,78.61750584498719,4608.243982289074,1.1610871529608036,27.163820665109323,0.43415898683109017,0.0
537,556.9905913704704,0.16879963072333193,0.0,90.3876335225053,49979.53967288874,78.27232432190823,4606.697082902082,1.1632639602987365,27.175546817766776,0.4342138306176793,0.0
538,557.3469653776634,0.16765711517069282,0.0,89.3939454619892,50084.4169871988,78.07422740961844,4605.149961953492,1.1690587900564673,27.140655324361333,0.43427484475752426,0.0
539,557.2387712781655,0.16852604113104397,0.0,87.59659829434523,50187.510948187424,78.1977582399901,4603.590821106664,1.1720601516575586,27.102777793674186,0.4343187671186538,0.0
540,554.4557905807086,0.1769839978139751,0.0,88.11810653871021,50291.124446691014,78.32001693314037,4602.043396569615,1.1759982775251667,25.62131216110161,0.4343162744205869,0.0
541,554.3614079011066,0.17764500591253907,0.0,89.13581474143135,50395.86257453119,78.4420908096216,4600.4933537265715,1.1800969722549348,25.625453079009098,0.4335880532476115,0.0
542,554.9777031125375,0.17618123184228418,0.0,90.39991946952557,50501.87062334761,78.27103169683788,4598.937930378327,1.1711612281007613,26.499662440663123,0.4329017180986572,0.0
543,555.1025918718328,0.17625999324742403,0.0,62.49531718334501,50579.99345748756,78.3127002929852,4597.382019154576,1.1487591421481564,26.571853850579966,0.4326832956611692,0.0
544,532.2256705212284,0.23544610338279215,0.0,80.12643979183613,50675.695245902694,78.69444196371143,4604.6635853702055,1.1587871200297402,24.364182150143428,0.43251454095488,0.0
545,528.5838101952577,0.24309364519319088,0.0,93.78217521970407,50784.445963285725,78.5382450354074,4613.7560515154955,1.161288163258432,24.460650532378537,0.4312710897223703,0.0
546,528.6826422286642,0.24133497875751697,0.0,96.11214923995365,50895.38270833499,78.6098159884923,4626.682473299428,1.1725314963537803,24.56528441636012,0.4301409361240065,0.0
547,529.5727724682462,0.2385300162862094,0.0,99.64050652197054,51009.84122328386,79.1264804460987,4638.130156565606,1.1870840011102337,24.63404909242356,0.4291223987487574,0.0
548,522.5352983682104,0.24688720946032006,0.0,104.12195153192746,51128.92517923321,79.16333963637611,4649.0326785160305,1.1953853550792293,24.773620542805205,0.4281922104627216,0.0194401950398273
549,518.6544204686679,0.24563218275619125,0.0,103.7195405979758,51247.38949397626,79.24710491302402,4652.7026105958375,1.1980657282835687,23.91956979204328,0.4273722918000373,0.0
550,511.416875540883,0.25705429172831784,0.0,105.92333601930062,51367.90949153095,79.20659855280554,4655.642906613152,1.1842649200333883,24.063671712083934,0.4261851050230545,0.0
551,516.5122071341514,0.24875486696466087,0.0,70.2956965746848,51452.539589780994,78.7628125039722,4658.568244224432,1.1162111055270305,24.19865531621016,0.4251318686908039,0.0
552,516.0585910571422,0.25287233608044146,0.0,97.06549422504688,51564.02590635471,79.0554490884367,4661.47441963074,1.1804414784517525,24.35338142502677,0.42420135360298517,0.0
553,512.2265977681432,0.25923445787978117,0.0,107.36103556182556,51685.750282566034,79.7590468846571,4664.383687261876,1.1841951150434091,22.968568876340527,0.4233970956963147,0.0
554,510.48977483909914,0.26195235796432725,0.0,108.60488466387991,51808.437521274165,79.73770864665062,4667.27377622566,1.1845093113192016,23.093540366633952,0.42195517392721155,0.0
555,512.7372154198246,0.2579324897737175,0.0,109.73002769769252,51932.19511674113,79.8858776555502,4670.164678853004,1.180385813688385,23.166286529757805,0.4206506743305457,0.0
556,510.6876598178754,0.2612750897001238,0.0,109.32111974384483,52055.62823289193,79.91585378280871,4673.065738950856,1.1923597140376214,23.24168336200212,0.4194509859634744,0.0
557,512.5725335321896,0.25880474316787827,0.0,108.78642792511832,52178.47615338965,79.59675629013107,4675.901387183972,1.182619404614728,23.33922479034939,0.4183521426146115,0.050271264659365045
558,511.0606897144329,0.2590093629246394,0.0,108.52999355633759,52301.13363082216,79.85417727321384,4678.7097477771495,1.1840188204684565,23.426138253316118,0.417338050898056,0.0
559,518.4149381418166,0.24692192046346528,0.0,105.21981521862878,52420.44632651145,79.34277427642768,4681.562466534797,1.181311034063277,23.493872050614467,0.4164430433576854,0.0
560,507.6511711009097,0.2617588642703875,0.0,110.53680958916814,52545.30864741606,79.62790728916414,4684.267112013791,1.1936300845251449,23.400157823551925,0.41562977794703226,1.263174791705687
561,507.09416805341857,0.26204682391277845,0.0,111.64536912028183,52671.00124348025,80.44466084710365,4687.0097138850215,1.188494700809519,23.358068360268273,0.4148855435672602,0.0
562,508.51772485063145,0.2614069786120219,0.0,113.96781356738495,52799.02730231319,80.63896112152973,4689.739884139549,1.1949213531296898,23.45466968235043,0.41409033228445197,0.0
563,509.10554080021876,0.2611277596959741,0.0,109.56209424151672,52922.7214417101,80.28903869086595,4692.450478572941,1.2009016272518336,23.480223534023366,0.4133860522054147,0.0
564,508.88108331832865,0.26017732044161934,0.0,113.06101735635929,53049.937779645756,80.35863152655693,4695.140070735234,1.197374811925276,23.562424446713635,0.41273316192787535,0.0
565,509.8102207870815,0.2687762195772664,0.0,114.46537612258928,53178.57703313841,80.1911841300774,4693.740628366693,1.201578696825376,23.6846747786039,0.41215694715150497,0.0
566,509.7634320145462,0.2686783335757763,0.0,112.02732743906449,53304.82913314086,80.40565346425174,4692.25340900349,1.2133320101669505,23.815376826908913,0.4116732500359802,0.0
567,509.47278086809473,0.2693839550448175,0.0,114.600741639143,53433.676899051505,80.23535095096005,4690.7661403472175,1.2040573831920776,23.826029604730344,0.41128156388858417,0.0
568,510.2659490747841,0.2684873016071433,0.0,114.63538094478494,53562.56754418144,80.41300521297244,4689.323933121137,1.203859019978569,23.884639940998127,0.4109181741602971,0.0
569,509.36162068161275,0.2696609786975104,0.0,116.45067803886624,53693.31764205665,80.64211237941996,4687.926724849334,1.2040003714726613,23.977422482548555,0.41060524905979434,0.0
570,508.336873904992,0.27067551348867747,0.0,116.86668263912219,53824.469181717854,80.44666958202309,4686.4446885080715,1.202003397523752,24.093870358355286,0.4103283507121139,0.0
571,505.3358575361944,0.2732404074298712,0.0,115.41361866673526,53954.14907831782,80.38490002000786,4685.126999655449,1.2155512203022276,24.186391165143917,0.41012600649697806,0.0
572,502.65299818662874,0.2744730518440939,0.0,116.94737338866796,54085.2737866257,80.50003204157106,4683.92892720082,1.2117073800079807,24.294664513638907,0.40998267703870755,0.0
573,503.00253288871147,0.2709506678982422,0.0,94.75344151624711,54194.14465596593,80.52997729107668,4682.73544401867,1.1816699565361255,24.35484923839111,0.4099031303557265,0.0
574,510.19923390232805,0.26347636637224314,0.0,88.72101531287598,54296.96170294311,80.47066858600334,4681.5621934233695,1.140447279029493,24.373162262587144,0.4098604784707471,0.0
575,513.2772445190038,0.25734430107448714,0.0,96.8248373291253,54408.080763804086,80.35041857319216,4680.414310422596,1.1656170708681965,24.444639635301385,0.409832247393849,0.0
576,510.4276828709749,0.26077479848548524,0.0,108.82237131155341,54531.285896341746,80.29131778752905,4679.271016719698,1.1719199171532309,24.57591143883916,0.4098438603171737,0.0
577,513.6892597698687,0.2528817519695623,0.0,105.39222774739025,54650.9537966918,79.87734301150759,4678.10465271626,1.1824755373013032,24.66458107900532,0.40992272042853006,0.0
578,516.2309999014003,0.2453131826739694,0.0,107.73237319681226,54773.07741397488,80.01078874303542,4679.316682701701,1.1811575642267478,24.06210762338314,0.4100444617346371,0.0
579,516.6942744065764,0.24239807091119137,0.0,108.30393726440181,54895.869309714035,80.24736329125378,4678.160592910515,1.1794441233039352,25.046072636211175,0.40986681800682145,0.0
580,516.5890173724339,0.24023781945009148,0.0,108.89247925807459,55019.267839372034,80.15425108076727,4677.027996956145,1.1815693154997209,25.231947014753906,0.4101855148085423,0.0
581,520.0032935229247,0.2326694628836674,0.0,108.74539538686406,55142.512150743285,80.20631606396536,4675.572214233704,1.1809175140256623,25.398998070204808,0.4105827953551015,0.0
582,520.0523547957249,0.2308096463234176,0.0,104.8072508006777,55261.93552324741,79.9833905845867,4674.120205444138,1.1836598111263568,25.563818075370726,0.4110454166818542,0.0
583,521.809026081317,0.22631436851161313,0.0,107.1602108494435,55383.70903471505,80.2182582971579,4672.669527997807,1.1875289122135444,25.72326342210083,0.41156896676127463,0.0
584,525.5892932869484,0.2185966940021059,0.0,110.07385841832385,55508.45323528218,80.08637307468383,4671.157015165192,1.1864795230112106,25.805057656989234,0.41214770794717,0.0
585,522.6411735470949,0.22207959586445503,0.0,110.44133942918589,55633.697767858204,80.13671152143608,4669.773152509481,1.1846614500105057,25.92355708317232,0.41274062569811854,0.0
586,525.8485003424871,0.2159425059345379,0.0,106.9526182734266,55755.34420492782,80.03420806658359,4668.262355610929,1.1854018807113005,25.92537031916623,0.41336504433755605,0.0
587,526.7531417420612,0.2135923090456665,0.0,102.94114566137239,55873.09383036665,80.12331475534924,4666.75205110426,1.1863168463882743,25.953930288867856,0.4139619348676295,0.0
588,531.0549468289064,0.2060223870966511,0.0,105.1514369698368,55993.08155235161,80.07633160953232,4665.313719358382,1.1839673962075017,26.013041313709426,0.4145458239399,0.0
589,523.9273999498176,0.214585295604376,0.0,105.95440326121582,56114.018597071874,80.06332523886907,4663.806080181608,1.1892254788919838,26.072944940530586,0.4151323781869412,0.0
590,527.4607669318613,0.2098354960385732,0.0,104.7264250621285,56233.49116769042,79.86748590061967,4662.298804332835,1.1868728186076376,26.170666797577404,0.41572183118267786,0.0
591,530.6178578179222,0.20534802603065616,0.0,104.2973134062967,56352.64671925427,79.75259836474653,4660.796304553021,1.1757031492529053,26.208712029540873,0.41633262395695964,0.0
592,534.4235711860775,0.19893070745675145,0.0,102.90095709301681,56470.487346256145,79.78100908870225,4659.2946428929845,1.1870696026217482,26.347335293225008,0.41693429315202724,0.0
593,536.5177946836742,0.19526880550688097,0.0,96.88314405820032,56582.417160815035,79.73625606418776,4657.7945514986,1.1823743138416873,26.40107941698369,0.4175767680391458,0.0
594,538.0224536645504,0.19091965057565952,0.0,99.59338778895875,56697.10409716853,80.01187337597955,4656.295889055397,1.1860661298179682,26.563549625837705,0.41821620199105597,0.0
595,538.7408452503865,0.18933240727952994,0.0,101.86354996645235,56814.09067809132,80.00020166140384,4654.798492582815,1.1750307049755326,26.742980284119053,0.41890622642529124,0.0
596,539.7612316779873,0.1867319423412226,0.0,98.47919539306608,56927.6976091134,79.91363961627941,4653.302659825195,1.1808672101648416,26.919842465498398,0.4196526128548237,0.0
597,543.4659949897452,0.1811214070086803,0.0,100.13857499512056,57042.96876102859,79.9035376786696,4651.808498555911,1.1765221044965546,27.062111681317475,0.42045123115142385,0.0
598,545.6211568785596,0.17743799274104433,0.0,98.44017787887645,57156.64419358858,79.96065297727004,4650.315255910744,1.1853873683377216,27.222159799668475,0.4212824001224963,0.0
599,546.5948983704138,0.17575714551882782,0.0,97.2965685204249,57269.22440758292,79.95077328127805,4648.827048665133,1.1764081360316943,27.3263726405027,0.42215320086292857,0.0
600,547.4870454799728,0.17425462320883256,0.0,80.98350471024344,57365.497175861135,79.84198035329933,4647.405694076805,1.1403567322051495,27.44421357538443,0.4230341334007463,0.0
601,545.7594846795357,0.17798993296287857,0.0,91.79485586321903,57472.567980751446,79.51006187915266,4645.9260014017245,1.171593468212005,27.500270046024884,0.42393136574332096,0.0
602,547.7773845229422,0.17388443873123105,0.0,94.48030186235232,57582.220683964755,79.76632735251164,4644.446863695285,1.1750550853159851,27.586444110809634,0.42481364641272146,0.0
603,552.866630753607,0.16833836797958313,0.0,96.08757768511273,57693.5263703423,79.8343182858961,4642.969571074864,1.1796753700904345,27.69851967481386,0.42569652213690434,0.0
604,554.515562422575,0.1650474747430848,0.0,97.84934515597408,57806.748367441614,79.72373793412493,4641.49436275383,1.1701693543388936,27.777452533867997,0.4265926813275181,0.0
605,555.4808022709494,0.1629469901454058,0.0,94.3788638311683,57916.54659470034,79.81703437584201,4640.029694466949,1.1771532861419587,27.915790572357484,0.4274851186316792,0.0
606,557.414777455332,0.16004596152773132,0.0,96.62444569698468,58028.59321943708,79.7977582147597,4638.799375424738,1.1746343663566092,27.24103124062671,0.4284032262543652,0.6765015245042605
607,556.2004631778324,0.16478589341602357,0.0,87.05735310408994,58131.13350930211,79.7850535694563,4637.352797950562,1.1499145550897827,26.719359834802507,0.42898352471192763,0.0
608,541.5586720463915,0.19830080582827436,0.0,100.05831169143042,58246.57723825793,79.96200521990387,4635.913129907967,1.1806311593346948,26.850014962007574,0.42924233994160155,0.0
609,548.6586499093598,0.18595551091612328,0.0,100.60386703117109,58362.32618099669,79.84755540113538,4634.4835093503025,1.1832212253804262,26.86674707767817,0.4295549274444643,0.0
610,548.0169048881909,0.1871377823318704,0.0,103.07255794382343,58480.742249690025,80.09201340072512,4633.055990446872,1.177027586025579,26.924126203248157,0.4298625033089975,0.0
611,547.2487689626672,0.18860209265233152,0.0,100.91149090671723,58596.96475410663,79.91291692786812,4631.630314628327,1.186708441369426,26.985253471183388,0.43018530666765914,0.0
612,545.4737722117875,0.19166756019789744,0.0,102.94335254538518,58715.18181732531,80.00657437391426,4630.2045326164025,1.177921650316939,27.0015785023556,0.4305243992071823,0.0
613,541.9572069007968,0.19405745563244026,0.0,106.39026832317552,58836.78669063587,80.06765581675268,4628.903843277182,1.183407239532281,27.076452992797694,0.43085689860396453,0.0
614,541.6945324216797,0.191564240143983,0.0,108.5544431668093,58960.43518624045,80.04939740533733,4627.607660698188,1.18462970887317,27.17001923929599,0.4312119326309581,0.0
615,543.034538538024,0.1873893383789922,0.0,99.38650825044198,59074.9141326064,79.7769890491366,4626.319346084823,1.1888504665652484,27.255024821595505,0.43159754739659756,0.0
616,543.9135506854326,0.1851101122801363,0.0,80.09005014863146,59170.142404601196,79.46880518301366,4625.089776119981,1.1573966617712013,27.327105688163186,0.4320079726895722,0.0
617,545.1139410279923,0.18397694129074904,0.0,92.32382227854535,59277.57724272424,79.74786673468489,4623.869628140057,1.1592787931266946,27.420009088974297,0.4324355813291743,0.0
618,546.1660754875617,0.18093400359758804,0.0,100.45946960652037,59393.18213834797,79.92808348676571,4622.708356244935,1.1677492597456125,27.54009423376092,0.432889736383848,0.0
619,547.4181251649799,0.17719144612913507,0.0,104.17452559127466,59512.53133500232,79.7173866212337,4621.560588041183,1.1900669108708553,27.632863340347548,0.4333824575835642,0.0
620,548.6367359982364,0.1739364387154413,0.0,100.3725439334898,59628.39468414651,79.6101944379418,4620.28914778365,1.1956643025743812,27.71258804248087,0.43389834121780263,0.0
621,549.5585553142254,0.17188951405325892,0.0,82.8561010969888,59726.69141611143,79.9011021182962,4619.013692958666,1.1377893617724644,27.83068247295065,0.4344297823835416,0.0
622,550.5596325339703,0.17200631329269467,0.0,103.26130902611516,59845.36731384728,79.63274789597745,4617.733288027797,1.1752105313802845,27.93471525356889,0.434994858693597,0.0
623,551.6425764029773,0.1686092625552973,0.0,103.88536004800974,59964.67353296274,79.5580103661032,4616.44668756396,1.1860835211339293,28.017662282923308,0.43558493583677643,0.0
624,552.9274939533573,0.1649589628099375,0.0,104.37232910412803,60084.49693256529,79.5152942674581,4615.166019223146,1.179143092396407,28.134211949738482,0.43618835799968453,0.0
625,563.1949194682045,0.15123706169142226,0.0,71.20639360417653,60171.189996690904,79.58169731957133,4618.2082197079635,1.0761812904739174,28.195735142404548,0.43682096732306286,0.0
626,581.0024742067502,0.12401536062475826,0.0,93.92213770936027,60280.91962683833,79.44467680121353,4629.4345914598625,1.17714331017501,28.06698321789392,0.43745419498493393,0.0
627,581.5137913841451,0.12181328214028753,0.0,53.521812914715724,60350.806093318664,79.08349337783108,4635.47937070881,1.0618150424401835,28.28762461830105,0.437994360645487,0.30664223394209955
628,581.3449686271869,0.1250481712580458,0.0,84.20885203117967,60451.29497198496,79.24099145557616,4639.269479196986,1.146156566382567,28.144327051317003,0.43863526241138756,0.32076839337383944
629,578.8268774197853,0.12942348451058183,0.0,89.97420644405412,60557.48029589113,79.3323700055829,4642.582847607591,1.1546887050301353,28.36037079689803,0.4391762533457974,0.6527355243422193
630,575.3392768375097,0.13427808920130446,0.0,95.68618034458703,60669.28201303762,79.57131025006157,4646.546003406906,1.1611234502020653,28.27994514468724,0.43981699769653193,0.650255128254841
631,576.8705869693688,0.12963678471430362,0.0,95.55697062372059,60780.83652970018,79.98918462939788,4645.214973127603,1.1643368196537498,28.1680757481301,0.44038774157726207,0.0
632,583.8114379801414,0.11903062074439885,0.0,93.98666578822031,60890.864632887526,79.90437786035115,4648.635422608652,1.1709201396219733,27.78192408583822,0.4408401915461191,0.34073584601018325
633,581.6470143975772,0.12281089686573887,0.0,92.88986827016635,61000.0338656083,79.8745984062891,4649.8945375004705,1.1606592789708663,28.14918149500093,0.4411010340630828,0.0
634,581.6816397637994,0.12230810682003834,0.0,95.437597932344,61111.68647269841,80.09854225235726,4650.000007026526,1.1594170366674572,27.857549979415523,0.44151236053132475,0.32676210837859543
635,582.241668747416,0.1211963069315386,0.0,96.54570107819268,61224.44679197033,80.04202644954631,4648.688421777184,1.156346821574999,28.15083664377552,0.4417798519955932,0.0
636,579.4045262706225,0.12512586185853747,0.0,98.50606343397351,61339.060026276195,80.12199949412042,4651.224213897767,1.1551841571762338,27.83300913703579,0.44216185215233705,0.33522158536291613
637,580.6760473884123,0.12284676083436952,0.0,97.89577267927274,61452.96982422687,79.8961390863901,4650.285996318411,1.1572854393535974,28.168442578751947,0.44238905302413506,0.0
638,580.1131738180264,0.12349663551040135,0.0,97.6372431741271,61566.66584835741,80.20416233650649,4656.695284560556,1.1582464257411895,28.130594801423104,0.44278173500027695,0.0
639,580.0032063685068,0.12276450230561908,0.0,94.44310384942224,61677.154967872964,80.40895772890333,4662.913214981986,1.1649038806225098,27.80884088259275,0.4431380210388562,0.3392604306600049
640,578.3121455690883,0.12562501805911852,0.0,101.13259089401527,61794.32509755026,80.34565864794521,4667.801441858571,1.1528607082930646,28.1801813306595,0.4433390583880152,0.0
641,579.5888656206259,0.12378771364882679,0.0,98.33423451510976,61908.64289873719,80.06536393738895,4669.3983368652325,1.1607023907144953,28.18558424677863,0.44369559368134043,0.0
642,580.6612189098303,0.12204326716151692,0.0,100.14488876147132,62024.79166859636,80.33814639463328,4674.563786254507,1.1505002653682241,28.112599093925574,0.4440387990525706,0.0
643,581.2844349724826,0.12066467471546649,0.0,100.34376682847457,62141.148816152534,80.19624117325006,4678.3578956328765,1.1567761512135222,28.195636971716233,0.44433076040732317,0.4229932561620302
644,577.4208160769562,0.12578399524014194,0.0,90.00280972791248,62247.26194251033,80.27204366769364,4681.784265447743,1.1487833548936897,26.94489789685748,0.44467454752242236,1.2231734726944339
645,576.1231541665715,0.13303042940028809,0.0,93.25573065569068,62356.44192785849,80.24889887550908,4685.229763517754,1.1510699558395452,26.70130889114812,0.44443229747264085,0.0
646,573.2718066969559,0.14159878088587452,0.0,98.3350290415631,62470.67236460706,80.2703414129848,4684.470142350201,1.1541820878686118,26.70708685282259,0.4440155066791162,0.0
647,571.5098336971935,0.14682729523671223,0.0,102.67908843260906,62589.15834183071,80.52934522536223,4685.214872128773,1.1548696735999113,26.728707827030114,0.44362451884238147,0.0
648,570.203207937967,0.14985347596592824,0.0,100.15021300408156,62705.06911168447,80.38650877803353,4684.334105759037,1.166126126865001,26.76860570279607,0.4432658303991526,0.0
649,565.7942192061103,0.1573259957043711,0.0,65.07650577813016,62785.868714071185,80.32419454568681,4686.647019004107,1.1067445013644353,26.752020328574396,0.44294680725485996,0.0
650,553.8214486826944,0.18419469829066182,0.0,91.08398571336303,62892.4781579652,80.35169141323004,4687.966527481948,1.1218640965147584,26.82435083405708,0.4426376558989901,0.0
651,556.5684267664717,0.1773239318676757,0.0,97.90650940670719,63005.61074475505,80.71447721999442,4688.265076161019,1.1514204617320278,26.988970668289642,0.44238163125307706,0.36680666129050365
652,554.732757730477,0.1776158144427441,0.0,106.78246570513292,63127.68231614865,80.78635476434819,4689.619103475742,1.1562829084653479,27.415988136276024,0.4422420396983028,0.0
653,554.5164374029581,0.17582598458877063,0.0,105.42045986208754,63248.34913381488,80.93830005641642,4619.996443257301,1.1563178777383116,27.42355860465887,0.4423009100125053,0.0
654,554.7589655267226,0.17350823899988332,0.0,106.70961108633458,63370.314059298216,81.09276584968445,4619.0287416086585,1.1576299415287565,27.01249629181909,0.442362474357754,0.0
655,554.6700428257333,0.17216387243126796,0.0,63.76976099593253,63449.354811003854,81.00498780768342,4618.0089896875925,1.042906943901014,27.482723914488044,0.44222059234132605,0.0
656,555.2772077538377,0.1737769584605796,0.0,96.06462998807555,63560.594961372,80.87178132069975,4617.166796236964,1.1156779163990784,27.104028434650715,0.44231917369350404,0.0
657,557.8906222105293,0.16930178434387377,0.0,99.34203456927224,63675.0873168634,80.98455365113317,4619.2444567358225,1.1359132463492412,27.15563485194494,0.4422283571633612,0.0
658,563.0935828602892,0.15898379980900434,0.0,102.14520447872619,63792.4459751576,80.82911433027279,4618.986732690541,1.1346622340158325,27.460143374822707,0.44216942536744436,0.1315068269723767
659,563.0552965224206,0.15706134391854576,0.0,104.20320103752067,63912.028052399626,80.78290737489095,4621.562833587652,1.1354073447603086,27.284218245169747,0.442272587139498,0.329458566701625
660,563.0097469948217,0.15548361969025204,0.0,102.16454455942775,64029.57438143109,80.64150410410663,4624.178457288168,1.1422759631407926,27.61269020760682,0.4422969568238234,0.0
661,563.115529478158,0.15645418012653423,0.0,101.95571473071394,64146.91792206723,80.41650699473549,4624.289957203031,1.1339687714079507,27.246021250248933,0.4424650803186441,0.0
662,563.2795900620529,0.15443621365893223,0.0,103.52457377115962,64265.836181377716,80.58582618320077,4624.381669427166,1.1368034998191323,27.353475206845758,0.44244618316456846,0.33059594018006777
663,563.3673831012239,0.15336765781317918,0.0,104.60792330619665,64385.84593233683,80.58246198211411,4623.639728469375,1.1339789933806235,27.32192547586621,0.4425015320827465,0.0
664,563.6018856707033,0.15203282269432683,0.0,103.18383473918018,64504.43420271917,80.589537504964,4622.405538025878,1.1314240624108771,27.541459595042205,0.4425218300146569,0.17299021010426685
665,563.4773340312095,0.15173166835543794,0.0,103.10190977795477,64622.947555878185,80.6376008467375,4623.5236062313625,1.1324634228272268,27.71442273669909,0.4426606957223503,0.0
666,563.4964947150125,0.15082499498790003,0.0,75.5859506396869,64713.93823747864,80.26068134689612,4623.899911514623,1.1047212725961548,27.68469222514302,0.44286978858654436,0.0
667,563.7865626840393,0.15246681796971728,0.0,87.29439205640742,64816.56678878625,80.16510395094943,4622.571283740279,1.114560299340718,27.673651372342253,0.4430555534399673,0.0
668,564.1633132470474,0.15079519034350575,0.0,83.29743496891453,64915.19701932975,80.55403904427926,4621.464908211985,1.0989613281613357,27.712238346703185,0.4432283529985951,0.0
669,564.157453438723,0.1538876017295786,0.0,96.52955870264495,65027.042259518814,80.50168778473167,4620.4130145114195,1.110772888452905,27.73265435801349,0.44341325160246503,0.0
670,564.3245396945667,0.15173061976026392,0.0,97.96314540016698,65140.3845678769,80.62432418155568,4619.339909793109,1.126644841067341,27.732071454634127,0.44360068799481006,0.0
671,560.8865420111484,0.15940246378759648,0.0,102.36325427886825,65258.11693805287,80.93636281981236,4618.048883404831,1.1201285964920022,27.01266459625776,0.4437801913746296,0.0
672,560.195765153965,0.1591421314100695,0.0,87.9136722515318,65361.28900852077,81.02038936982446,4616.574172062769,1.0804330943221785,27.064608098012705,0.4435984399610636,0.0
673,556.8290555297101,0.16252905681839214,0.0,101.79832070960734,65478.264900411625,80.78019836093596,4616.644805301532,1.1054081458108804,27.13359242361604,0.44345320256295595,0.0
674,558.684471757404,0.1541783236781289,0.0,103.6658227328603,65596.98030388895,81.10250565396353,4618.293758685693,1.1195303525525448,27.204415836771986,0.4433510205586415,0.0
675,559.4910507332589,0.15089874867789355,0.0,101.96930073995918,65714.0454434639,80.8336444544119,4619.971616425764,1.1145007004800525,27.32014424570624,0.4432906243562962,0.0
676,559.4982796929291,0.14961642404201358,0.0,103.91943312442834,65833.0800858839,80.71650119180433,4621.589418251289,1.1115150974833035,27.367550308784054,0.4432919989921471,0.0
677,560.4743483506426,0.14673482516789227,0.0,99.3983309463247,65947.58905546181,80.4202799622218,4623.190705691038,1.1195441254450076,27.459190384751835,0.4433184049028533,0.0
678,561.6395738301906,0.1443353877206186,0.0,96.5723985887771,66059.29392387797,80.26991947361722,4624.776974953015,1.12326327843432,27.511362688711976,0.4433903398942987,0.0
679,558.5003823770346,0.14690085999475044,0.0,100.77779445063024,66175.24151247223,80.47771762248337,4626.342231730939,1.1178693580931305,27.606156526881072,0.4434860803108879,0.0
680,561.0676546541457,0.14375849430622833,0.0,100.69332232897852,66291.00893160247,80.61147869249241,4627.89610882561,1.1188330082305655,27.634637566478105,0.44362539094222997,0.0
681,562.8634254791269,0.14042235340707798,0.0,100.52145692705804,66406.68121046046,80.4952367566573,4629.431522418048,1.1115650279754203,27.695917376997073,0.443773435925301,0.0
682,574.7908173119777,0.12185602531131301,0.0,98.42983180004563,66520.30965653517,80.17999306669081,4636.425526967916,1.1089713710913625,27.70104364956428,0.44394590535002804,0.0
683,575.6302759745138,0.11831243017880211,0.0,89.95369530759731,66625.8229173262,80.31294331836486,4637.914242759126,1.1155085662852218,27.60931654398317,0.4441139270330298,0.0
684,571.6401110714846,0.12632941698853895,0.0,95.63261341653774,66737.03331790611,80.49118488805816,4639.424233733822,1.11019757451978,27.599869167919387,0.4442300573007637,0.0
685,573.8719135472525,0.12371635736177777,0.0,96.66018738564915,66849.14850289549,80.55780537632621,4640.964811732289,1.1116527474106848,27.604829257376657,0.4443373915145822,0.04375390610518792
686,575.2230744775218,0.1236743106834225,0.0,99.15047476084095,66963.81080681381,80.59568036592748,4643.619920903315,1.1094298156907447,27.609373846155304,0.44442437872177626,0.0
687,578.0897355521372,0.12158047047117893,0.0,98.47470515430976,67077.83553086303,80.33505818628916,4645.7271812842255,1.1060221229552603,27.605876754957073,0.4445299764206898,0.0
688,581.0575016007191,0.11617647187558655,0.0,93.1250817733374,67186.58038479665,80.33264488267595,4647.106567533726,1.114047577107273,27.738169943047936,0.4446302137860751,0.0
689,578.4037671211222,0.1223176460114378,0.0,98.94280274439157,67301.2256803392,80.19418187663284,4648.498623151491,1.1114639767250911,27.72111065184917,0.4447921717279045,0.0
690,576.0757501545825,0.12672469480141568,0.0,98.85906260393466,67415.70102197913,80.44045455254756,4649.880070669484,1.1144024303834317,27.735009910071966,0.4449392377654902,0.0
691,572.8356716544156,0.13200055583599613,0.0,93.57054066883313,67524.80262205609,79.8707347292586,4651.246179385983,1.1034533854849131,27.756374151234468,0.445087387848539,0.0
692,571.5266363755403,0.12587419790547427,0.0,93.85359348889295,67634.04781886534,79.94525970802972,4656.392831104961,1.1058589614884564,27.764556322495736,0.44524023202617174,0.0
693,571.9712353275651,0.1259490103380877,0.0,92.06786927006692,67741.46245342056,80.01104019973756,4661.695748384348,1.1105479553872193,27.822904340505346,0.44539103847855877,0.0
694,568.5604807426429,0.13610886301379954,0.0,95.22357255609163,67852.041019978,80.02233592801132,4664.445568854458,1.1057446883267597,27.853732515072167,0.44556458647277936,0.8998412632281969
695,571.6310149719777,0.13345024947041373,0.0,96.75827136050535,67964.04739240438,80.02865973403394,4667.392773219659,1.1057352046162219,27.856530313776897,0.4457966485510683,0.0
696,570.7526625337497,0.14046676721844786,0.0,96.37720124857913,68075.7619619306,79.98461955657525,4667.73719269217,1.112966184442542,27.875871244301518,0.4459693622695084,0.0
697,568.0528972648582,0.14729829280140716,0.0,102.514841333036,68193.58632116712,80.06153120532747,4666.371712704024,1.1071396663679167,27.89419935340497,0.4461444912679596,0.0
698,569.0004216513694,0.14471874885885017,0.0,100.94200066744438,68309.76440683677,79.92920365184736,4665.027010145146,1.1145655883043837,27.925560351412003,0.44632140643637813,0.0
699,569.8835608602486,0.14248439183426087,0.0,104.0529438939559,68429.07978605447,80.16528254265083,4663.726489029123,1.1049123913683288,27.962148655722523,0.44650642185323197,0.0
700,570.3493296392686,0.14055749025860653,0.0,100.11154072442235,68544.48047291626,80.04168691063471,4662.421658102631,1.1185053480983373,27.979120789375123,0.4467016922454116,0.0
701,566.4745054292242,0.14555177748424442,0.0,105.17995352001884,68664.9605077659,80.31381136489759,4661.128696911259,1.1109718911884923,27.982763565277008,0.4468970387925554,0.0
702,567.0457725947813,0.14379666301829408,0.0,97.04978912602274,68777.18986589,79.83359213779747,4659.765826438284,1.1104586513575243,28.01682725278452,0.44708588941814437,0.0
703,568.0902243566047,0.1419330492635148,0.0,97.44534555921194,68889.82628962303,79.9015756010465,4658.438051355057,1.107577104853773,28.032719553774296,0.447283531749537,0.0
704,569.039768141759,0.13917049754037392,0.0,91.48953189912442,68996.53927739552,79.82813418053419,4657.090790969009,1.1106217809387784,28.103307235595633,0.44748057171653766,0.0
705,571.4403955090779,0.13592890309446193,0.0,95.94289744502672,69107.7310303043,80.0724553347689,4655.776072848449,1.1064558836266545,28.068424386327095,0.44770394446923545,0.0
706,569.3237700480589,0.13858309506948097,0.0,99.84056558855187,69222.89310042528,80.05156491353415,4654.481856254625,1.1043247028577086,28.094312043962812,0.4479004138263358,0.0
707,573.6626532191121,0.13317927371009497,0.0,94.88838676460102,69333.02918500958,80.07183505349163,4654.449110980421,1.105022536005018,28.11511706082297,0.4481012303547,0.0
708,575.6150289624323,0.12997668212643554,0.0,95.40752170835856,69443.82792272336,79.95855085258404,4653.134899883049,1.1075115123714885,28.108086179589385,0.4483036646981543,0.0
709,580.2369036234112,0.12173152662020992,0.0,96.21515974939979,69555.49488769677,80.02509503931972,4651.7715919752845,1.1045939215122063,28.143813092089154,0.44849392889279155,0.0
710,582.9734144329957,0.11641325519494894,0.0,90.35687499491257,69661.4549326092,79.69616355850123,4650.4037237586645,1.1149609355656054,28.142785890386733,0.44869366743262357,0.0
711,581.5138367976472,0.11972838464422908,0.0,89.41478173338655,69766.54325203132,79.68371779804544,4649.137702601424,1.1104383657481818,28.054264255047773,0.4488843079966045,0.0
712,584.7209615021345,0.11422238265644169,0.0,90.10130505761524,69872.24523868972,79.8320735757088,4647.876718793115,1.1073238474438143,28.060727727514884,0.44902324698265045,0.0
713,584.0976147584497,0.11481153690752866,0.0,90.71344960392776,69978.65529530098,79.840125105647,4646.621343691374,1.10563854428104,28.113058502298276,0.44915982249000064,0.0
714,593.802449928098,0.0984352244662442,0.0,90.69202554493575,70085.01802629943,79.70457363427272,4650.676141771496,1.105560591723178,28.042930852721103,0.44931671592070005,0.0
715,594.8318987782902,0.09688585135895034,0.0,91.00488814005621,70192.0150293592,79.80651873552529,4650.493796673454,1.1002228883276137,28.037561845973624,0.4494326367096552,0.0
716,588.2867867754361,0.10915235863848949,0.0,87.51761184530929,70295.53165237211,79.75941511903463,4651.593881809449,1.1286065939789074,28.006577619649303,0.44954150906127094,0.0
717,590.6983347145065,0.10591195323547742,0.0,88.35874715386655,70400.00174835115,79.59787242613555,4650.29472742077,1.1238581077589163,28.21940271851782,0.4496310767742492,0.0
718,589.8926723983225,0.10827904598372495,0.0,86.52766564272954,70502.69412203028,79.64341775955234,4649.67863047716,1.1211799497417985,27.91947815361213,0.4498222777997153,0.0
719,592.9837101037878,0.10317205277823327,0.0,54.0755765499224,70572.88909227209,79.45007327874765,4650.333815310969,1.045344745434837,28.144486499963055,0.4498576707317836,0.9529894951376008
720,587.2798180634625,0.1194778042369915,0.0,82.03490570175813,70671.07937912008,79.37834298713342,4649.491225360053,1.0920964910196305,27.91395680132651,0.45002815563011905,0.0
721,587.131385199069,0.11921590865405307,0.0,86.28946731490336,70773.2583844768,79.73183897568796,4648.37607161158,1.1158260601194623,27.978989661975294,0.45002437970099307,0.0
722,588.5242100937509,0.11649610497387763,0.0,89.7226096623308,70878.82744889673,79.83335910100624,4647.010940759774,1.1138705607721544,29.486319489657745,0.45005419235372923,0.0
723,589.3497703462108,0.11393782755075432,0.0,89.44758231551481,70984.15913515574,79.88730699908052,4645.870430852798,1.108272855416918,28.02854253808823,0.45082560659038023,1.056821937926351
724,589.570783683291,0.11423492692298975,0.0,73.06267904404521,71073.13324349491,79.6846510577485,4644.465587341496,1.0995757763256135,29.3971841548098,0.4509014477035145,0.0
725,586.7471102168345,0.12218521700598584,0.0,54.37141160266111,71143.36871296041,79.69475864620308,4643.529183573439,1.0165056467609204,28.22795817123682,0.45158882511537296,0.0
726,595.3807273944531,0.11407751137043842,0.0,78.0910162387481,71237.12600496938,79.72797797577024,4644.537016330112,1.0710976683246747,29.38288498201235,0.4516675549868149,0.0
727,596.7593655224939,0.11101819163605597,0.0,81.42992250349678,71334.45016059144,79.92483725483908,4645.595707181488,1.078344134634593,29.924521658602337,0.4523119626264338,0.0
728,598.8044644712596,0.10690095315968928,0.0,83.72574419318266,71434.09977215095,80.05687389848063,4644.525697472203,1.0926716706801503,28.55973385819059,0.45319173015256464,0.18932185325287776
729,598.0508731422137,0.10693368105118872,0.0,84.22737428884844,71534.3038506402,79.7627826120306,4646.591498610605,1.090665994545975,28.755816153144227,0.4533674931722861,0.1627064431760985
730,599.3015642704496,0.10565219974952866,0.0,87.66117857921125,71637.93428873744,79.99258495627508,4647.8165200785525,1.0911414410884115,28.52518730885845,0.8247829938460638,0.35865736313836294
731,599.5735126064255,0.10567731421784965,0.0,88.42891601467008,71742.32267938569,79.93684363699462,4648.041980926089,1.0853818052846456,29.129492391340126,0.825053257134225,0.0
732,598.9344379792349,0.10652943801452941,0.0,88.09475699925531,71846.3734034144,79.89162313187273,4647.758906834382,1.093189593296332,29.595038879664195,0.825816174535345,0.4788197064199906
733,596.196389739037,0.11202121546256538,0.0,93.60634986163745,71955.90039388467,80.14812597506183,4647.739619489124,1.0842540150621973,28.974841912261013,0.8270082691966844,0.0
734,593.2340171579511,0.11624468440612534,0.0,91.71858825107532,72063.4546063545,79.97257931469332,4646.257870026759,1.080444538296167,29.150588884657676,0.8275386649009661,0.42221112588324416
735,595.9076433931128,0.11119307453945038,0.0,94.41993381147526,72173.60474851442,80.13485577865397,4644.8426770380975,1.0844629244244357,29.602319025419312,0.8282448617440485,0.9352871646832668
736,592.9262429970088,0.11581625315215471,0.0,94.14249052670718,72283.53990772915,80.06391579239079,4643.3628864616985,1.0786404617685654,29.477781638894385,0.8293740109449909,0.0
737,589.5184969012321,0.11319513974768791,0.0,94.93760703528383,72394.16350222044,80.1985574004212,4644.096437081194,1.088862429894431,28.824357898115004,0.830241312365287,0.0
738,588.7594212436956,0.11484517251896431,0.0,97.01115720527515,72506.73804735641,80.32239023440205,4642.608735954467,1.0828715814610288,29.36067409415835,0.8304824612235452,0.0
739,588.1093720379789,0.11604832256271058,0.0,93.9360542415555,72616.19964020059,80.2921726615194,4642.297052569864,1.07931134621718,28.702851299541468,0.8311934411955532,0.0
740,587.8876524206158,0.11656567235229609,0.0,83.34966578997023,72715.04009975918,79.90448784132595,4641.1512863675625,1.0964371299605207,28.5838564931477,0.8312821797934634,0.0
741,586.9791001217784,0.11939887277140993,0.0,89.27554897215913,72819.7825249059,80.09838523388035,4639.679070565544,1.0909795461482445,29.30971710958591,0.8312621130733413,0.0
742,586.7495076958653,0.11747233502435883,0.0,90.3415670398447,72925.56040670523,79.85545616222453,4638.205624138179,1.086616480836946,29.315583268367543,0.8319467786574137,0.0
743,590.6726780811892,0.1164310604822496,0.0,92.29442032121239,73033.26002857069,79.86387750424458,4639.678614146639,1.0814860748116208,28.906418826892928,0.8326042775577093,0.779411054173444
744,591.7934253792351,0.11479658187609754,0.0,91.75961292761772,73140.53665608272,79.9792403284824,4638.241684505288,1.0865650965182516,28.94800537687852,0.8329441241426662,0.7270282271153334
745,592.5558972905347,0.11485765559770944,0.0,89.87807478461013,73245.9506960807,79.9563809079546,4637.824608326094,1.0850697862602205,29.677984980908548,0.8333005022938401,0.0
746,592.101678535111,0.1156474598344216,0.0,89.11060260214276,73350.60965329153,80.04001833535649,4636.538707167227,1.0928145978060753,29.185789307854467,0.8342196718597937,0.0
747,592.1535788331262,0.11629660091660832,0.0,93.16823002963429,73459.3032704001,79.95324990716087,4634.99601846304,1.0820043727621824,29.99439619941633,0.8346541771935272,0.1065450864718187
748,592.3833208828513,0.11549364789495864,0.0,88.10788563759303,73562.93135712683,80.20772914703531,4633.453842513571,1.0895519580755089,29.25239839723111,0.835803095412158,0.8026737897822329
749,592.3628436349658,0.11582397864499072,0.0,89.52928517222611,73667.97552565493,80.1634965926339,4576.863047535979,1.0862790684374473,30.050274900638286,0.8363031822252395,0.0
750,592.5890264977253,0.11491631243798905,0.0,91.76430648556698,73775.24869346604,80.36570138404655,4492.485190386842,1.082218774449079,30.00760814607494,0.8373595443315389,0.0
751,591.1540053658548,0.11621352747632396,0.0,88.92337935008109,73879.64935207785,80.1948747627583,4491.271751839256,1.0850663283415527,29.131191574934427,0.8382742283014035,0.0
752,592.9610068879228,0.11359622368680156,0.0,88.72010292149116,73983.79140670353,79.8185733446433,4489.798112345765,1.0850895996084802,29.131734742640155,0.8384127963490287,0.0
753,593.5547655364305,0.11238793508951761,0.0,88.1312438187883,74087.39478716075,79.93649190419225,4488.258699385896,1.0830346170190535,29.228526714519603,0.8385467699924307,0.7510308754598114
754,593.9246382646818,0.1117073293365185,0.0,83.95275663390373,74186.82594321032,79.4119940843193,4403.886638563146,1.0930441492446545,29.53497515062067,0.8388390709357298,0.4473715150403237
755,592.5548157931647,0.11371982736874242,0.0,82.48573932520293,74284.7879018449,79.37148705014039,4402.54404438617,1.0882473872321927,29.109944325711837,0.8393614669377735,0.0
756,593.9401883096984,0.11240324636988064,0.0,85.472590144142,74385.68500682486,79.39807511626715,4401.007176414111,1.0810864356400092,29.216040047511434,0.839433355549072,0.7127442216986637
757,594.3678540460594,0.11093073407436227,0.0,86.83511477065073,74487.98234029695,79.50542920168597,4399.469953327372,1.0828215059905149,29.29145077087636,0.8396710852372693,0.6559390594334644
758,594.7464449562809,0.11028315093824137,0.0,80.05448450109478,74583.49847167094,79.33801353241809,4397.932536559577,1.0905381361185946,29.39504325078288,0.8399601100391314,0.5730065022844641
759,594.2157490583537,0.11292631766804517,0.0,86.77792578538066,74685.74045200778,79.33744878680537,4396.394368156703,1.0753497985915252,28.226647539452863,0.8403204012266394,0.0
760,591.6569184917643,0.12092054697963639,0.0,88.20584520653762,74789.39646911764,79.58545275840531,4394.855215912595,1.0850758802976856,27.721963322550764,0.8395603912229124,0.47760197848305097
761,589.4279595851597,0.12776528475207372,0.0,91.65665128376605,74896.46984590215,79.26792771111828,4393.3010528503755,1.0802525412483173,28.206496539144783,0.8384377091039743,0.0
762,587.7540431282348,0.13260212232050184,0.0,87.13520065196118,74998.95532842542,79.0184178784716,4391.739040217699,1.0809443536421954,28.204038329854217,0.8377581091936726,0.0
763,586.6290188753428,0.13602261907910718,0.0,87.60141599368836,75101.85183825855,79.28758180617035,4390.177618170997,1.0856851183089482,28.243200489130405,0.8371124319593438,0.0
764,585.3473182107246,0.1401616071972046,0.0,62.72774438982634,75179.945371454,79.1261107265241,4388.617872388193,1.0415612745663392,28.273489838906123,0.8365362107236429,0.0
765,560.5668468835736,0.20174303928173554,0.0,91.58113804157298,75286.78389276908,79.50597402925595,4387.056919727764,1.0815783076575047,27.153733518374555,0.8360180110733925,0.0
766,558.927667961467,0.2039404552610362,0.0,92.72801266675842,75394.07355240652,79.79799678593983,4385.490920641771,1.0801715312773632,27.215823160737692,0.8345259967683635,0.0
767,552.6687680951334,0.20832426919749292,0.0,73.56221735676394,75482.13614486896,79.69836084495844,4383.945833636576,1.0516438524633283,27.353940166140433,0.8331666524018594,0.0
768,553.3164350677985,0.20803810203888085,0.0,95.96555392855953,75592.36880386378,80.29767055863223,4382.383850878691,1.0642075402830646,27.46631690261769,0.8320013304164258,0.0
769,554.618236689914,0.20299628903973466,0.0,98.53554293355748,75705.1783591074,79.82276107302447,4380.823732801669,1.0698571536641726,27.537376010408806,0.8309972373858258,0.0
770,560.4685918233588,0.19283988422862386,0.0,100.28646318957723,75819.77588390629,79.5810490531476,4379.261307234436,1.0754161127380764,27.543021254779113,0.8301092931573494,0.0
771,560.6402987152735,0.19044168066108902,0.0,100.41055653643991,75934.66562721747,79.53295628814367,4377.699741230478,1.0727813778462987,27.59800594913186,0.8292731295971676,0.0
772,559.9183561703829,0.18831654671958376,0.0,99.06406879465018,76048.21691430983,79.58768492861499,4376.1568525204775,1.0809602328867733,27.604620907413455,0.8285302893083735,0.0
773,559.5890724621675,0.18541921638949,0.0,99.1769609642021,76161.86276782917,79.63837502621395,4374.619165455084,1.0787405319626797,27.595956856495796,0.8278328007963902,0.0
774,560.659938819871,0.18203263317240936,0.0,99.5089672763776,76275.8384576286,79.63443913272222,4373.083069660423,1.0801340676971545,27.619529212599204,0.8271647154671447,0.0
775,561.6319154798032,0.17854624566993904,0.0,97.12601375242929,76387.47532853269,79.495961021429,4371.5485650502815,1.08173630201633,27.65319198670691,0.8265533989250362,0.0
776,562.3653602694641,0.175509210510571,0.0,96.41134964955396,76498.43833267495,79.42937217733916,4370.0156489030815,1.078843290309113,27.66565446302171,0.8260050225457547,0.0
777,563.2121523062272,0.1726297231501127,0.0,97.10637830292953,76610.12817908349,79.34775530217108,4368.484319560527,1.0819530092030885,27.69075553145523,0.8254974503054083,0.0
778,563.9018899454587,0.16809174808347171,0.0,99.08625943250084,76723.82930058005,79.61530186235686,4328.104298575329,1.073002974833235,27.7116348078913,0.8250921253535632,0.0
779,564.9974979068659,0.16369555285093695,0.0,97.11175232906746,76835.58537876101,79.58415888930502,4326.6188771354755,1.077440084223908,27.751626995881523,0.8247279280151494,0.0
780,566.1887434966663,0.15862579373926378,0.0,82.75116182340525,76933.01715074324,79.44352251829116,4325.135116763787,1.0331724567490037,27.79498686576573,0.8243676960279553,0.0
781,567.4329837151223,0.15785301819482678,0.0,97.39091701347809,77045.01831206642,79.34764268869266,4323.654482446272,1.069295320121857,27.8452589335207,0.8240664322942924,0.0
782,569.0276723791546,0.15351937328655174,0.0,96.06689331808667,77155.71629186402,79.40336028152933,4322.1190900762585,1.068580106771942,27.869937953570428,0.823827347472788,0.0
783,570.5641173022417,0.1496341699389837,0.0,94.54574151881818,77264.9540316581,79.4643039875151,4320.588640278874,1.0736481575175207,27.866298952101527,0.8236244075147078,0.0
784,572.4294211870225,0.14588450422102706,0.0,92.58587347093703,77372.31249466525,79.46229646066321,4319.059610190542,1.078271910665808,27.92326939783885,0.8234304521726281,0.0
785,573.3961473578729,0.1432945559043849,0.0,94.00627505184809,77481.14181834355,79.60721800263377,4317.532115201851,1.0782224950623933,27.925480519503495,0.8232992513413039,0.0
786,574.2016776601075,0.14110992397460775,0.0,92.33278210719658,77588.3290223931,79.48667232570783,4316.006207525196,1.0773294909618234,27.966197037890975,0.8231786454896601,0.0
787,574.9178428592018,0.13920279191942897,0.0,94.04138450080077,77697.25064086878,79.2884474782992,4314.4818108674,1.0718223585963904,28.030000672807443,0.8231025459501778,0.0
788,575.9514915905208,0.13616656112911885,0.0,93.11018908979003,77805.26348629377,79.35628840207985,4312.958924681722,1.075924580364872,28.100754774875337,0.8230893592171156,0.0
789,576.7813757561995,0.1335295811279975,0.0,91.77046588108445,77911.96367229297,79.3189444012198,4311.43766376422,1.0708344877411362,28.143932594824335,0.8231421255369334,0.0
790,577.7908853918607,0.1301938788076984,0.0,84.24763949447151,78011.16353919127,79.29926253232094,4309.940547816381,1.0674120643675777,28.181025917746354,0.8232328403969263,0.0
791,578.5925582662059,0.129580378928557,0.0,82.35894132831953,78108.46467069269,79.03503907840273,4308.427379421146,1.0659785324786288,28.19709171200357,0.8233541385003367,0.0
792,579.4333304013442,0.12849512516568673,0.0,82.76675522871722,78206.18921614895,78.92164677633444,4306.91050584793,1.0639755332139262,28.18060225333553,0.8235378454260993,0.0
793,580.4041415851943,0.12684920576531833,0.0,86.90817315885278,78308.07164660034,79.3173714307852,4305.395149003902,1.0723301077025076,28.124195382837907,0.8236994889242232,0.0
794,581.1664481973187,0.1253643701192959,0.0,89.104613171643,78412.17057646447,79.36072871859312,4303.881299824051,1.0642567865309598,28.079172858801744,0.8238044584073483,0.0
795,582.1930961037292,0.12279746547927539,0.0,88.90647522467802,78516.08545503509,79.62878425332525,4220.509483282718,1.0618373080051509,28.090318191806332,0.8238657876700164,0.0
796,582.9437595317125,0.12102264411996244,0.0,86.67663328744212,78617.79316311734,79.38109763727657,4219.216191578996,1.0722045163424876,28.12249656998101,0.8239359209513011,0.0
797,583.5807325111341,0.11958244496646764,0.0,88.27332366365283,78721.11088241907,79.53649037385757,4217.916425813722,1.0630382879467055,28.19654144354218,0.824033224206045,0.0
798,584.5020674053777,0.11708350011991953,0.0,85.67005689774311,78821.84508508508,79.48982907772547,4216.629333740227,1.0641799689258744,28.296160546481342,0.8241937760888565,0.0
799,585.2577152227987,0.11578664396139182,0.0,85.79450885654765,78922.72516466974,79.3954304516807,4215.337841973827,1.0683692978964971,28.31783520089688,0.8244372588525055,0.0
800,585.8563478610414,0.11489923455182449,0.0,89.11244486854596,79026.93917967439,79.52706723909539,4152.885173192929,1.0654610151642974,28.398741952911106,0.824689745410207,0.0
801,586.5454993985845,0.11331797945160171,0.0,89.08961930030952,79131.14405477917,79.2931205150827,4151.571984805549,1.060987317405771,28.467844644030333,0.825003763740005,0.0
802,587.6001222780653,0.1101266067921336,0.0,85.85902509075322,79232.1567411967,79.40663256762195,4150.087052766913,1.0668366936225702,28.563897958584718,0.8253656382714042,0.013374258172426323
803,588.2688107063507,0.10896682136117741,0.0,87.96101646451345,79335.29058603582,79.27077715062045,4148.613502639687,1.0682630625147596,28.63778401573812,0.8257864530116514,0.0
804,588.8264230602392,0.10773234008512012,0.0,88.73098124835539,79439.20689033973,79.18954951245523,4147.130708304904,1.0690724571701773,28.703182671997837,0.8262645881429974,0.0
805,589.5345034537153,0.10625553066134608,0.0,87.16576793428536,79541.5641290663,79.23898793327567,4145.6534267498955,1.0628750722023763,28.75248645693182,0.8267789474160294,0.0
806,590.3863452544728,0.10418384266960767,0.0,86.40343858558705,79643.17337029184,79.17461978526188,4144.180166854983,1.0653836998210617,28.80325608620961,0.8273132883719867,0.0
807,591.1947646157766,0.10264973984305747,0.0,88.07153658779691,79746.46576491593,79.32674558080248,4142.708808858635,1.0672987164663141,28.858885813433808,0.8278678981623746,0.0
808,592.0293932547737,0.10100829754380491,0.0,86.53215857464832,79848.23515474352,79.27541188710276,4141.236408395005,1.0637366046496406,28.894312159865688,0.8284460858554065,0.0
809,592.8878458654012,0.09893918336996566,0.0,88.11921727799123,79951.60568217488,79.41978803206236,4139.7663358128475,1.063222548813222,28.9356676281857,0.8290285696433808,0.0
810,593.8215085161862,0.09729136622929879,0.0,85.73255912873702,80052.58856750542,79.39069164868786,4138.297226274741,1.0617090839407457,28.981882254717974,0.8296204198293153,0.0
811,594.6762310169538,0.09561510575096532,0.0,86.58315822854576,80154.43349329586,79.59092370462012,4136.8312352550165,1.0567253799194496,29.05311947843807,0.830225493700758,0.0
812,595.6565306235127,0.09342797189510876,0.0,86.37007085374407,80256.0810568457,79.43391985739486,4135.366797096894,1.0565323663458284,29.093945882957158,0.8308654935673672,0.0
813,596.6038374927373,0.09127575627536666,0.0,87.42663831516978,80358.79976290734,79.30842067049994,4133.903145433943,1.0587447757972015,29.10828369038656,0.8315114321720559,0.0
814,597.664933110516,0.08847703700117526,0.0,78.89064123278075,80452.99733456074,79.32974893421182,4132.441152597137,1.0636233503274835,29.151418162181397,0.832139292684391,0.0
815,598.204402997236,0.08877590917406086,0.0,87.00425638623915,80555.32655094685,79.20154708559141,4130.980824932386,1.0554450217588884,29.178183541550975,0.832775731756967,0.0
816,599.4365994259399,0.08547324740331796,0.0,79.93443301237403,80650.59568886425,79.17668051077912,4129.523393563735,1.0585106505180266,29.218307442583836,0.8334056534448447,0.0
817,600.2458714121299,0.08461684799925762,0.0,79.19885581093959,80745.14948839885,79.15824057514239,4128.070320662315,1.0591834564760645,29.265168665716907,0.8340413195592288,0.0
818,600.8936220375111,0.0837162697808771,0.0,83.44251112269953,80843.95985525049,79.1575764402554,4126.618843618688,1.0572932008927758,29.246393038990547,0.8346884498719782,0.0
819,601.708236531835,0.08232909721483794,0.0,71.871797821542,80931.20615923242,79.14448587825767,4125.1689049471715,1.053312300830876,28.30349403659746,0.83528772437244,0.0
820,599.964064176657,0.09051188882964967,0.0,78.918127127547,81025.48748252873,79.16375384299238,4123.720329540085,1.0610051994614347,28.33590668029811,0.8350147495485399,0.0
821,598.8531760858613,0.09560537472638764,0.0,80.26076957605972,81121.15866674358,79.20157375585791,4122.273814891091,1.0623033684972278,28.381269281997987,0.8347860851603435,0.0
822,597.9724221568476,0.09963797224046589,0.0,77.8866300692996,81214.42494516971,79.08560636068985,4120.826422910406,1.0739684856307465,28.381272297084948,0.8346110827424884,0.0
823,597.127713879023,0.10367000830037465,0.0,77.6752799448409,81307.45288068173,79.19638778532837,4119.377881398446,1.0697684376499907,28.45050534285159,0.834446453284536,0.0
824,596.0813825674803,0.10787841020488009,0.0,80.59697862878403,81403.3856735622,79.17921566661417,4117.930109710396,1.0672121109279746,28.459308064580963,0.8343536102528377,0.0
825,595.734765655471,0.10878949237311974,0.0,83.95097576535667,81502.64608640758,79.23467350254153,4116.484358866004,1.0631375989974705,28.4711685143039,0.8342748658539505,0.0
826,595.8491005671751,0.10876096665054125,0.0,84.36788079203524,81602.31053647275,79.25975217189479,4115.039802900077,1.0631039908918754,28.544704476246487,0.8342122413926848,0.0
827,594.6630853384378,0.1109592244313592,0.0,83.99516768655693,81701.5977049481,79.08603725217955,4113.59743545121,1.0663008714112474,28.64650846493447,0.8342200997316761,0.0
828,593.0341081350496,0.11248809168395102,0.0,86.05878850893146,81802.91507066766,79.00444287831493,4112.191450218791,1.0759574831342724,28.725650774206894,0.8343201728483304,0.0
829,593.3015679126021,0.11160960800527131,0.0,87.45451251226478,81905.58351153243,78.99047113837263,4110.78692383973,1.0760302430182347,28.818502059312177,0.8344875297992639,0.0
830,594.122283116888,0.11006706265527555,0.0,87.24315359810635,82008.04841831703,79.08902945091863,4109.383821587074,1.0613943778313168,28.874427938858297,0.8347310350364646,0.0
831,595.15491112493,0.10666275285784943,0.0,81.77574010426972,82105.06831473504,79.09514233759353,4107.98208420171,1.0742147008791074,28.977099923629044,0.8350138033571146,0.0
832,595.6801507047231,0.1061085163770844,0.0,85.63090436928928,82205.96177450437,79.38535242208185,4106.581329230829,1.0762998581183385,29.041980565511448,0.8353756670215357,0.0
833,596.239088129368,0.10487105131093222,0.0,56.164453933226326,82277.40510925483,79.16698536431295,4105.181809067405,1.0428952306737016,29.06549713470813,0.8357788151837457,0.0
834,597.0693796108039,0.10944321859874273,0.0,66.26326133103754,82358.9141479494,79.15278136020761,4103.7834851780635,1.0430639976192022,29.149211635879553,0.8361841459856154,0.0
835,597.8082915343424,0.10894541599369001,0.0,70.16673058125085,82444.38957599449,78.97177423002455,4102.388659532794,1.0527694975166992,29.166776735457248,0.8366453936988442,0.0
836,598.5215170487727,0.10761017308608911,0.0,77.00902748388421,82536.70759845004,78.98648100077403,4100.995343767816,1.0593133772418386,29.219396650727436,0.837100542910758,0.0
837,599.1869780322463,0.10609126323632934,0.0,84.45858152497286,82636.46993420627,79.26243669767572,4059.4093636217203,1.0599705790935505,27.924736201248084,0.8375812495818391,0.0
838,599.8473702110355,0.10414211849320798,0.0,77.92553615022896,82729.7139692906,78.98676322644721,3976.437830761407,1.065066188903171,29.354590198115268,0.8368808346643384,0.0
839,599.5402097067715,0.10577573503640714,0.0,82.88873569862369,82827.93501478921,79.05311257979349,3975.0922253961066,1.0591826029833507,27.941455963604724,0.8374964040480457,0.0
840,600.7314080280131,0.10220175361876016,0.0,80.88633102630814,82924.14602051822,78.96817126094702,3973.7480247042995,1.0583535188764692,29.50822984518559,0.8368180496573643,0.0
841,601.2787698852707,0.10105695052763086,0.0,78.58960486378155,83018.08722531915,78.83116243253045,3972.4055104969734,1.0536204151985558,28.93872410160226,0.8375770577604482,0.5680495970095905
842,601.7800415134293,0.09957748596990501,0.0,80.6485464941442,83114.09531026846,78.85811134657995,3971.06441824946,1.0522850543989866,29.5870543775778,0.837847599683256,0.0
843,602.3712234424661,0.09770098897388424,0.0,78.613422327009,83208.07570762174,78.82657496198551,3969.7247645918233,1.072624339360251,28.513108076641515,0.8386278055036389,1.1248857055248536
844,601.8097509677424,0.09982555681660843,0.0,81.9938559754859,83305.76193096975,79.26679058221616,3968.3869184637983,1.0701177118432725,27.907717858608976,0.8385239213712145,0.0
845,601.8798840023716,0.10216040169859464,0.0,82.52129324077427,83403.9548857449,79.057740501252,3967.0503990950333,1.0674858298941634,27.86681919988672,0.8377699091724168,0.0077472021905578
846,601.1118435824584,0.10586160036766701,0.0,81.80659462131112,83501.40795923022,79.06742489997391,3965.7154311025997,1.0772762123961115,27.91919188869373,0.8370125498958633,0.020084354213047106
847,599.698010144755,0.1120411635471904,0.0,86.84425886404395,83603.86130833282,79.19517294694816,3964.381997071999,1.0629750668313789,27.944685329422803,0.8363318293792816,0.02840416692210823
848,595.6208538753755,0.12277967795571487,0.0,87.68675719010588,83707.10919242901,79.21634672078166,3963.047374094339,1.0620511022674022,27.97956658562099,0.8357030252733277,0.023021796778884607
849,597.5011479280025,0.12193904456238758,0.0,85.67868936313513,83808.23808713733,78.93819825692789,3961.7143708605204,1.0705731372703369,27.092815362218325,0.8351427862176867,0.027041614100120626
850,594.352524499266,0.13236569410582422,0.0,88.51172617868761,83912.27884300376,78.74505778817978,3960.382841251747,1.0772649405342707,27.16431073297933,0.8338156508978222,0.02692833173176723
851,591.6607652180019,0.14065963883484067,0.0,89.90292161211923,84017.6262594484,78.7673712001648,3959.0534232797845,1.0757878483629033,27.275331315224413,0.832620896975698,0.030927822754314604
852,589.6615545510292,0.14668792642521133,0.0,92.78581328524325,84125.74881406831,78.70413529530995,3957.7233674102963,1.0810886254458816,27.290135996703402,0.8315839720626649,0.023135871460617352
853,588.2718611261628,0.1506923854729737,0.0,92.78397944703661,84233.81524126837,78.93160748730524,3956.3922682009775,1.083488865734467,27.345844555646167,0.8306201993960892,0.028894831371204077
854,585.630329263057,0.15664217028860727,0.0,95.29406799602972,84344.35126267438,78.82563589488484,3955.0637754973886,1.081061810835952,27.448024753667262,0.8297517622903107,0.03005139985702243
855,589.9977563610065,0.15058906009437245,0.0,96.70935099926646,84456.23239126141,78.80787019122442,3958.224988389081,1.0868288789891756,27.521958315396258,0.8290190904372995,0.030763343424936807
856,588.0466225733446,0.15398293633998483,0.0,92.37556883437628,84563.93273989411,78.77662284904703,3956.8940135296634,1.0851429901644714,27.894266111618656,0.8283904297645459,0.03137716096578913
857,586.0868745994972,0.15609532424072636,0.0,95.1318080002396,84674.33347155119,78.76686374031337,3955.555649700809,1.0871676029117354,28.002982734041176,0.8281275694285919,0.024569121484766754
858,582.4051625189842,0.15865622237561194,0.0,98.07170705241518,84787.61325463807,78.91636859083619,3954.2873072156035,1.0902492244169995,28.086862571712444,0.8279821231489835,0.029077603971799704
859,583.086921156317,0.15583574624926733,0.0,99.39113416333169,84902.10725295304,79.05845864884827,3953.0267201180354,1.0824724869625093,28.141627745340866,0.8279169804327041,0.03364105847304444
860,583.8832528840543,0.15264045797679093,0.0,97.31965247198039,85014.5533339003,79.19949724111216,3951.7722588770584,1.0861964546923417,28.160291507042487,0.8279019958578341,0.031060491008538804
861,584.2768803959347,0.15091423567264228,0.0,96.76781426394587,85126.47063395003,79.14043942761884,3950.5239031892456,1.0800040872783183,28.228097345631067,0.8279079985037482,0.0336214973785971
862,589.9142248900564,0.14268184933548045,0.0,97.05357899528869,85238.68378137765,79.14925270892127,3951.5482116670833,1.084926873360175,28.264787080967892,0.8279738164726019,0.02765184576082902
863,590.3148746616077,0.14092193361240424,0.0,97.39115353925723,85351.39260216028,79.1597691807085,3950.6726411533796,1.0872177827616347,28.31170661391078,0.8281275397518453,0.02962057314079658
864,590.703600029626,0.13895692379609437,0.0,94.97870323556515,85461.69967152133,79.02439433124988,3949.3622793431696,1.0922642403927159,28.35863302107718,0.8283154009145018,0.026310918151132512
865,590.9610192230581,0.13786907590317843,0.0,92.48044892664853,85569.51774485945,78.99356884288161,3948.0586422695123,1.0923003605999864,28.359341851362302,0.8285398597761121,0.021623808437205128
866,591.0727819025797,0.13761305384502898,0.0,93.01936992519853,85677.88651021372,78.97429920015396,3946.7656556600555,1.0946779278119418,28.392734560468107,0.8287588051992453,0.02076521243088081
867,591.2104188397404,0.13693182607806675,0.0,95.02156578978287,85788.26361415989,79.03823610706866,3945.4572438137347,1.0874192408746473,28.417078534616117,0.8289987139561844,0.028056116351251603
868,591.3858531427484,0.135937937463388,0.0,96.16362956176002,85899.79680856438,79.26216582134239,3944.1513439684973,1.0843362384765984,28.441023713860247,0.8292439640006534,0.02156122065361643
869,591.7819917375546,0.13403403814198755,0.0,55.18338045945151,85970.35278934306,78.96020923891186,3942.8507736842985,0.9961213972462541,28.45815143125428,0.8295048448934296,0.033561043504555244
870,595.9011484597437,0.12699599336436973,0.0,-907.0516746136893,85078.59455780794,78.69031141868412,4669.472699155076,1.0635136136970342,28.69623323073393,0.8297598006471285,0.02494084415854303
871,596.8168476469094,0.12354696874907167,0.0,94.42334317347294,85188.43716658778,79.30274855797116,4667.789904112695,1.0741291124792203,28.81110909795025,0.8302231430784045,0.03272578305572438
872,596.2776728494969,0.12440145314209283,0.0,92.63677337608135,85296.5094059882,79.08894667409432,4666.0992915199495,1.0729088373704077,28.710495143259458,0.8307611219321746,0.10100808555482388
873,590.7350063978441,0.14040234185458433,0.0,98.46051392704842,85410.38253752107,79.10295372094497,4664.4127894475605,1.081375320124492,27.415354143733936,0.831192054161833,0.031021770903251422
874,594.0247425692188,0.14064427845764704,0.0,98.04071293517114,85523.72331962897,79.04576830985592,4666.672249210883,1.0823224900781916,27.458350086233647,0.8304364988754445,0.02815109774960689
875,590.6615926489103,0.14762876803057456,0.0,102.11853201465911,85641.275558592,79.08986588785126,4666.972228191231,1.0885219971863103,27.456651869270093,0.8297611474454553,0.030839566541779107
876,588.574388555455,0.15190599984839148,0.0,99.60860158226242,85756.2487858505,78.95680391883084,4665.240546658273,1.0893676089310262,27.428399710085458,0.8291175731631645,0.034098653978766436
877,586.5193649546242,0.15530512234143878,0.0,101.21268397976004,85872.78142446029,78.98175984698696,4664.13067162492,1.0901478149848625,27.368217553148938,0.828479972092449,0.030511179479127293
878,583.5669145435,0.1581973262937889,0.0,102.63469135465226,85990.69704635435,78.92965723167096,4664.378305791875,1.097193579136204,27.39698782581939,0.8278249106032565,0.026437894850090515
879,582.7429473529646,0.15703691193497726,0.0,99.67975484931239,86105.60029316979,78.99419914321678,4664.459257168217,1.099922098681843,27.46934555257419,0.827233247295987,0.038183143054652646
880,582.7968253244046,0.15626616732398735,0.0,99.2007985616572,86220.01502552872,78.88191534955291,4662.738608683834,1.0957002924872876,27.57675940101454,0.8267282519401343,0.029755452540975114
881,583.053350251141,0.15502460439239962,0.0,96.3946026279599,86331.63198186197,78.83816696685349,4661.01596227246,1.0969249376365555,27.659275170247057,0.8263529115031973,0.026604182379799113
882,583.2084428973798,0.1540201541576236,0.0,98.3936999621339,86445.25751748554,78.89539498622662,4659.295862146402,1.0992296099972303,27.718663563420847,0.826074237021454,0.03071288519407034
883,583.5536550039413,0.15239644465308266,0.0,97.56145996729563,86558.06365805655,78.89424121713526,4657.579137951049,1.1043491983893299,27.796921467955695,0.8258609107007848,0.0359960895692808
884,583.6543640883871,0.15140254456618407,0.0,99.12560937547744,86672.44829323272,78.97603401749356,4655.86138954416,1.094795125789812,27.858461097138584,0.825725587220775,0.032640148933595015
885,584.0274915898316,0.14752646822221438,0.0,98.99004776240716,86786.7076591358,79.2707640722285,4654.146250300428,1.0963168720691863,27.938526911118064,0.8256562210917516,0.03596966392375833
886,584.3227547273491,0.14622273956307263,0.0,101.08908303444088,86903.07509701353,79.20555346464754,4653.089433224245,1.09318690907662,27.949440899494853,0.8256607602550095,0.034472473893274014
887,584.6884862105712,0.14426601317222554,0.0,99.50448525308539,87017.86633877024,79.42526497944746,4651.378708965669,1.0933011050445087,28.086362883221092,0.8256774306280027,0.0356574276250754
888,585.0965680643947,0.14297596718169292,0.0,100.32027624697255,87133.48420733573,79.27216943487733,4649.981777318412,1.0938991554706554,28.078912190337633,0.8258162259417614,0.029912521150379234
889,585.653065809655,0.14150787012079113,0.0,99.47821791016358,87248.26826219699,79.35857572890649,4648.274407904909,1.0926152385233012,28.188071143979872,0.8259994975365705,0.03319177452322464
890,592.8871425240396,0.12957543082021583,0.0,98.61817608820968,87362.2073523704,79.21485558362062,4650.355176884779,1.089234789628712,28.234320682829633,0.8262699815627742,0.032448496457149645
891,594.4769421759813,0.12534403287865525,0.0,92.35586832032823,87470.11788318692,79.26977806473303,4651.788588626016,1.0967232426931088,28.282052256282224,0.8265701752104943,0.03884318960123068
892,604.186794257682,0.11119834513775939,0.0,94.81452688416599,87580.53335129806,79.09081534341271,4655.817555477635,1.0907613226598145,28.33143983347744,0.82689423788789,0.029300774097492877
893,603.9135948256268,0.11080031329688056,0.0,93.8325281975857,87690.25975250728,79.35597701053726,4654.420186862549,1.08282130534751,28.616202148869924,0.8272550677306675,0.037829450023593836
894,603.8343908753333,0.11024832488789116,0.0,89.5483343690585,87795.68696391076,79.3127635097814,4653.817324180849,1.094743947755052,28.676926778252835,0.8278470611643927,0.03404694732514457
895,603.4346453795762,0.11130604939971045,0.0,90.73884767506965,87902.28945306939,79.25924262851684,4652.071248333524,1.0903016462993032,29.18346655722176,0.8284678631571477,0.03248870821617089
896,603.1971973166503,0.11173935564768844,0.0,92.60763516097774,88010.74434707107,78.93477500219818,4650.321023546308,1.0808348889329944,29.204368993915224,0.8295131013687389,0.03550614540213104
897,603.2320883142379,0.11080758916340916,0.0,93.15959289804326,88119.7353769327,79.04639951939117,4648.573875697693,1.0845858849747207,29.238876213175008,0.8305232389733983,0.03629828183967021
898,603.2595288659827,0.10982784638073795,0.0,86.49323087464785,88222.04788008559,78.88057922791023,4646.828307404364,1.0929865242276597,29.269759332772846,0.8315139554619747,0.036924769909568056
899,602.8754604871681,0.11098965699489782,0.0,91.88493688319423,88329.73997869354,78.92972637129488,4645.057120779085,1.0875562375149839,29.26557864035432,0.8324830941956824,0.036293754801214106
900,602.9617271229863,0.11057054597587124,0.0,-5219.528615088201,83126.00638443229,77.51398990459154,6521.772776932085,1.0723061298860348,29.29540220683405,0.833349155786986,0.03754687972051585
901,624.7529712472584,0.056711963530343024,0.0,56.52782160610957,83198.39014740485,78.80901570195861,6518.931431775812,1.0936302835571727,29.317808787888985,0.8341984337778973,0.01928480942355293
902,623.7190424323313,0.059595752678396785,0.0,62.661674048460895,83277.55050659986,78.57839233362652,6516.092390249294,1.0946982224162942,29.390521812723847,0.8350405864373648,0.014455865342888785
903,624.4858870338264,0.054875754484339345,0.0,60.451913186660136,83354.4753674884,78.65835284458494,6513.296972740391,1.0941279371434005,29.488920592177426,0.8359103176399238,0.02436718973664398
904,622.9377890511154,0.05687369095236283,0.0,53.683111075969066,83424.67866819531,78.68305652708186,6512.5733463186625,1.0917483410737416,30.43001643758953,0.8355292551193948,0.01770726644574694
905,625.4791341712614,0.05184542645470114,0.0,54.080119419651425,83495.2257103641,78.73623617484198,6518.148016479024,1.08363201679035,30.494328752931185,0.8314147981007116,0.024863955409202276
906,624.8078436412593,0.05185894041750827,0.0,51.60075123249106,83563.36122709508,78.66318479590679,6522.25137594106,1.0823437910045557,30.520206028899267,0.8363083153519525,0.015467780072647486
907,624.071794801683,0.053691559064075634,0.0,55.04050548811719,83634.92976149693,78.59483622678748,6521.086482327901,1.0932134695605162,30.564888895565886,0.8370343728458652,0.0216985685337292
908,619.601581253083,0.06291773021501867,0.0,55.6708343263993,83707.12500653166,78.58439318855382,6519.408935121295,1.0938613645377375,30.58858502382556,0.8365187747699832,0.01328237975144475
909,619.7607392199908,0.06669863731206704,0.0,61.80546615054163,83785.35332094901,78.69554229089894,6517.622637691188,1.0880937668252597,30.611825577730713,0.840557898686805,0.02373803243686723
910,624.1860196778762,0.05707000433766407,0.0,57.52236305975927,83859.26207643929,78.48034158491977,6515.777194549724,1.0966986847827165,30.669219992753632,0.8432052563548564,0.014919362907541256
911,631.2079132728888,0.04979132979388379,0.0,60.17857881716412,83935.920833895,78.39990688132501,6513.939198548646,1.0928566451180783,30.693676725521517,0.8427361702398052,0.01620554390519402
912,634.0966374850153,0.04890546226507164,0.0,55.8730099775197,84008.51636043971,78.51943192591001,6511.901394878413,1.0951029904028806,32.80101661451075,0.844059491189406,0.023561624623084754
913,641.7742806085187,0.034714247202952464,0.0,55.267797480085136,84080.51595420574,78.13789547669715,6509.071163471901,1.0896790047365363,32.75826912706427,0.8483948378645764,0.01777903277008619
914,643.252616652491,0.03298169887128244,0.0,57.42785670643468,84154.8937597547,78.16794114567969,6506.2858250471445,1.0884685432684706,30.858323156637503,0.8486085752353342,0.017060148792531038
915,645.5113577572785,0.028725378922043077,0.0,55.14263509904305,84226.98627389458,78.17755445607067,6503.505311932421,1.1049331437818806,30.85659741330847,0.8475971049685169,0.010542662719302598
916,647.6584995772378,0.02684953144668667,0.0,51.820501962256316,84295.71868962672,77.95019299847804,6500.68662349424,1.1027681990620848,30.78727977513596,0.8571670379463906,0.011452277834997915
917,649.708720715813,0.02379002047101042,0.0,51.78602702775498,84364.78325145894,77.95833681857798,6497.873803171064,1.1106036640001549,30.828075169571594,0.8537237358459814,0.009385725005110146
918,648.5650119938308,0.0312825418421131,0.0,52.64508462131428,84434.78921408413,78.15735104693678,6495.063024350773,1.1078317008986105,30.780467466805725,0.851070277091649,0.019523479836742297
919,652.287128977408,0.02213315220442924,0.0,57.08689869763293,84509.15593662225,78.50258373104177,6492.28260011703,1.1007988551134769,30.79754324720283,0.850150807547077,0.01510957761779963
920,650.1872233670048,0.02800968653832203,1.0775758547061297e-07,59.689452277961294,84586.22158430381,78.61318991781624,6489.476275618979,1.098685153632245,30.78901629935293,0.8509288584858434,0.014462634334059032
921,650.4546773419777,0.026402924069456435,1.6092563903742182e-07,54.942424510932256,84658.45188549838,78.17823097547493,6448.636794245968,1.1027259981594872,30.59854281767364,0.849804661092987,0.025957219339424853
922,645.0807330917341,0.03363653289600066,1.7878833773297097e-07,56.16923668752116,84731.93488422222,77.96983832280335,6447.236617804318,1.0969717268243953,30.56873981956372,0.8449768391275202,0.01643746107141908
923,644.5714718056532,0.03553520440709135,1.9167611236129302e-07,60.121419789120864,84809.2012567619,78.11324495888616,6444.477356001244,1.1027096876972113,30.60559483962243,0.8416722492344171,0.01827202474417078
924,643.0986710483202,0.03835080873393626,1.1698992301417552e-07,60.034951870726246,84886.36399381296,78.04527330922917,6441.720442264746,1.102463131957529,30.600890870668067,0.838976832467607,0.019934017373898882
925,648.8613864207173,0.027016430840366423,8.462472946192185e-08,54.011216499185394,84957.45620676005,78.16740629036632,6438.965583819954,1.097914398484644,30.591852626517603,0.8397622255407108,0.020726116403636752
926,649.668662843166,0.02586580621232315,1.235128918774639e-07,57.08693544537539,85031.72678541031,78.17185570351145,6436.381436034905,1.0931830257097648,30.511493428356523,0.840814829318551,0.0265933979024382
927,650.2164076127095,0.027437017458004864,1.9838638542192562e-07,56.38779878081681,85105.30591951146,78.48991434115256,6433.630737501326,1.1049732523888705,30.54419294041176,0.8368735409934455,0.009332148332802603
928,652.8917525378539,0.0228573771195405,1.874152120522486e-07,56.949608209193514,85179.40747444199,78.44069787689016,6430.994089552242,1.0933424532944394,30.440348426492733,0.8365361326115288,0.08300869967565205
929,652.1885860630722,0.026595287545341906,3.1666264527401123e-07,59.39539171118156,85256.01567930431,78.39000048204569,6429.868503664836,1.1033955059558453,30.540728420215533,0.8338948286600095,0.021920296994615285
930,652.6077042455306,0.024602391103730414,3.6502893287968344e-07,9.682365038386251,85282.86606633337,78.31926907836875,13223.975707783618,1.011582382165851,30.537850589001778,0.8298461689279056,0.007096199893588562
931,652.6238105794854,0.02160909565865632,3.98506036339179e-07,9.58091532080715,85309.84780269052,77.93173810226578,13217.627643084737,1.0780430530644218,31.92063673009322,0.8522723289893963,0.0
932,654.131107794704,0.01925259390640388,3.5252595593755736e-07,58.30044301092224,85385.56379986047,78.37753015450615,13211.137019559194,1.0974870971718778,31.131075878665683,0.8501380159572837,0.0
933,651.7330276188866,0.025295872078428094,2.301680212361809e-07,62.66866404556907,85465.68432248995,78.31561881877225,13204.650656881753,1.0901198181760379,31.02584964458871,0.8479866979213975,0.0
934,651.5920099724653,0.0253556445602654,4.6174211043662694e-08,62.22655096945789,85545.28518649211,78.34422243073158,13198.168552068908,1.0874957620780696,31.027355258965173,0.8810319401633064,0.0
935,650.2148625807132,0.03090698204872666,0.0,62.46613883099039,85625.06501746856,78.31454778315732,13191.690702138583,1.094145916956397,31.018621059910718,0.8640741023809896,0.0
936,645.6080852212446,0.03743894266779135,0.0,63.306163788676116,85705.63207522713,78.48170351554647,13185.217104110137,1.0934368650935764,30.985222602128314,0.8585978100412772,0.0
937,647.8845059988552,0.03501193203836184,0.0,50.02278558720772,85772.83095034565,78.33614754596329,13178.747755004384,1.0815177504830866,30.94411992730884,0.8570137815877075,0.0
938,653.700789251797,0.023717308039805762,0.0,49.36964624872047,85839.40471074381,78.2858376921266,13172.282651843578,1.0900779146799462,30.968442827358047,0.857654812229574,0.0
939,651.6061014207269,0.02517555007336625,6.276712489628043e-08,53.97148726921242,85910.69564887814,78.26591422699185,13165.821791651437,1.088598908671849,31.154108981070944,0.8585985436351037,0.0
940,651.2746138699007,0.02865966865670122,2.0566238488658724e-09,50.6545847484017,85978.61716413246,78.20952621641418,13159.365171453142,1.0821902100776861,30.853284243876125,0.8558958207699674,0.0
941,646.4044790202809,0.03729108016100102,0.0,38.64422331508001,86034.49936233631,78.1969699324061,13152.913092160254,1.0721853472749123,30.617956372583805,0.8502525989693681,0.0
942,648.0453036308867,0.033950156900078965,0.0,24.065478154489995,86075.66961272761,77.97013011083641,13146.4649426968,1.082264967898851,32.14687895916319,0.8502139720135898,0.0
943,648.3467426816445,0.03653871138285414,0.0,26.175026914545754,86119.02847176668,78.14044458709637,13140.021024311944,1.0929899286546354,32.4777201836384,0.8595276115664426,0.0
944,656.2108817975227,0.027756411611915,0.0,61.72451332643803,86197.89038733799,78.51644853176035,13133.581334036779,1.0797377621591873,31.591973275205998,0.8634046836270486,0.0
945,656.7006776736102,0.023769107260220634,0.0,17.474382211962563,86232.59899865474,78.12225803568718,13127.14586890389,1.1031663345662068,32.83641737774532,0.8618283983181189,0.0
946,662.6726209921441,0.016529072444583237,0.0,56.20699835110449,86306.05758210445,78.4301372772786,13120.714625947367,1.0895566085806705,32.0106790114679,0.8632643684415189,0.021584664480663207
947,664.5224331513036,0.011205827369123567,1.9018084681534438e-08,58.02913825262493,86381.43635840734,78.2535542374808,13114.2876022028,1.0785034592435423,32.01631500305751,0.8639772737526229,0.0
948,664.0142917348068,0.013229169027802579,9.701178658273631e-08,28.638610693991126,86427.4632578849,78.05355080150089,13107.864794707293,1.0964401251393923,33.39644944712376,0.8649922910451084,0.0
949,668.5484913794661,0.009293174577173935,1.524607603798251e-07,60.99651956115048,86505.83997532135,78.34616622335737,13101.446200499464,1.0837376091496604,32.437415016009076,0.8658352625488538,0.0
950,669.446768919716,0.0067766390661021525,2.5391613521204824e-07,24.85297494773957,86548.10829584303,78.37396731209571,13095.031816619454,1.107206457856263,33.36612798772947,0.8644227840676858,0.0
951,668.9560529372001,0.007889599126082891,3.782059533904419e-07,55.85023292917941,86621.4252912845,78.39248223029463,13088.621640108928,1.0949342888051887,32.424985818192695,0.8766188154775557,0.0
952,667.1340225306868,0.010657943338755693,4.967485535900664e-07,56.19051464796303,86695.04840800937,78.44365132330327,13082.887970655534,1.0833503446806902,32.737540424328365,0.8720284907173952,0.0
953,667.2034315981456,0.011334671806558783,5.88058775092975e-07,57.52246027470929,86769.97900503947,78.38157474349629,13076.529687240016,1.0891722307220222,32.72527781632921,0.8721334745856422,0.0
954,668.6194930208474,0.01015475223181772,6.715550390155017e-07,58.06972904647134,86845.42986691004,78.39497389238073,13070.820929921725,1.082453176032316,32.68061606708807,0.8724904783711627,0.19084970905664278
955,666.8320389558337,0.012737772081299115,7.691093258077655e-07,34.14802306093131,86896.98900410286,77.74567532336464,13064.426008271388,1.0976373028521114,33.297923637177256,0.8723624024463041,0.0
956,663.8954605146284,0.011897528857769402,8.273159927953916e-07,59.99382185110579,86974.32856893961,78.09789977591956,13058.035280921536,1.0788003281021343,33.042203393804726,0.8742259865634431,0.0
957,660.0016004327045,0.014727734231498868,9.089957613204366e-07,29.844001420705467,87021.4970757768,77.86150054634939,13051.649043830477,1.1056413042113622,33.61440728713971,0.8747178981581974,0.0
958,657.7893285969662,0.01650792240265031,9.497664386417187e-07,61.278216755913064,87100.0580586595,78.16952463105876,13045.266994810812,1.0873361661824392,32.65123688370312,0.872542434289739,0.0
959,661.4358664525611,0.011941445666239447,9.848598539745066e-07,36.11720506632602,87153.40165707926,77.82728024629729,13038.889130915111,1.1008071337714913,33.738759002334575,0.8745609527500219,0.0
960,660.1133683930781,0.014111086046401988,1.0588819602615105e-06,60.60550169823014,87231.30971697097,78.14906967889839,14887.001141678122,1.0793094275681494,32.7741874558732,0.8745162819359386,0.0
961,658.5379920831596,0.014929803779708317,1.1218615051445693e-06,56.479807665480195,87305.06099622778,78.0492693696832,14879.612908214396,1.0839481635647463,32.96808488316302,0.8746539833070412,0.0
962,658.562599166047,0.012697239869128074,1.2549956672269855e-06,57.43898609815139,87379.77085615108,78.05592897052462,14872.227875768158,1.0773681197228389,32.82818881451504,0.8757130905320785,0.0
963,664.5926975375089,0.009152599157875585,1.160193002803503e-06,53.78000889897882,87450.85334025988,78.04092917438,14864.847577675375,1.0848741720225703,32.78513833876101,0.8752017745311851,0.0
964,664.7679243800626,0.006344537875111578,1.1071329989769348e-06,53.22700138282062,87521.44116976664,77.96250860093197,14857.47201068781,1.0862466275420184,32.70930409729041,0.8765491021534804,0.0
965,662.9356534490211,0.008641201999358916,1.3955293820443838e-06,39.98944375877994,87578.88346405514,77.82043506946437,14850.101171558994,1.098930855183064,33.68121974124386,0.873981598082358,0.0
966,662.431720284492,0.009136842079208618,1.623035442284003e-06,52.19229641862432,87648.48125096584,77.9074631120691,14842.735057044234,1.0872262836519637,32.85047375892468,0.8757547673771608,0.0
967,660.5735337203513,0.015476271654179086,1.9015798500570137e-06,25.713423533140258,87691.61173555494,77.64128767008415,14835.373663900617,1.1161669347555694,33.78258777102252,0.875434189290803,0.0
968,663.1184972047278,0.01572968393705365,2.0794646408998876e-06,57.73364276084848,87766.71037706677,77.97000936589914,14828.016988887008,1.09779901876345,32.888352365871654,0.8778169164170186,0.04052068685415833
969,668.3469613740908,0.010582077063670092,2.3260764285069468e-06,52.38234186934696,87836.40338038589,77.8449154129498,14820.665028764062,1.0969356314661605,33.19521758138587,0.8811639838439254,0.03732711299353042
970,667.4226923564997,0.010574029965149667,2.550806042597459e-06,53.38071208290745,87907.15144830552,77.98043856290236,14813.317780294228,1.0858215633331605,31.963602132575225,0.8830304962366176,1.031273722692518
971,671.3873767857118,0.010238199713250573,2.852400351978216e-06,32.34510314914513,87956.83935328461,77.74338219797959,14805.97553555401,1.1147454132297112,32.86803689435287,0.8825025011405829,1.1060501292943385
972,669.9778277989296,0.019513295181148305,3.051916864689422e-06,62.59296464455909,88036.93001028206,78.08611421638359,14798.637700360081,1.0953359203690516,31.80184376252445,0.8809539411674734,0.0651077335185164
973,669.808853400054,0.020398815217223643,3.2590699648993548e-06,33.214984969376246,88087.53962555838,77.80868749085282,14791.306083543057,1.1215896509899408,33.038240228806295,0.8782078162301307,0.01001480422044665
974,669.4170792689874,0.011322995975910577,3.3499900566160933e-06,58.093405341630444,88163.05080468976,78.10575330401382,14783.977647353922,1.101894421526641,32.216928673595454,0.8780669333726822,0.0
975,668.1394352305907,0.010879667321141984,3.63432899158672e-06,34.47018721809343,88215.0164534589,77.81761362761107,14576.683911155686,1.121648255097609,33.27993143710206,0.8598829629149097,0.03058381999803572
976,667.7251004551524,0.0120250412960492,3.814996996484498e-06,58.35011561296071,88290.86093866095,78.18629998169773,14569.474846226485,1.1046672843800251,32.119027495121415,0.8599080263623405,0.006093654572296714
977,664.701460030622,0.021946380783024133,4.0923703942608454e-06,17.449752393976354,88325.76203248656,78.36822617061975,14562.30422437919,1.0081578021544733,32.35387678230604,0.8668334566157367,0.010037268270295385
978,658.3148536169489,0.034539200895837285,3.968593388423093e-06,-18.128098095845075,88324.97009879838,77.99775569253549,14555.138190698137,1.1062196197044998,33.10049335116851,0.8668587767641552,0.019627471914027694
979,658.2469696967034,0.03244523862404258,3.803196935827443e-06,56.50718271564105,88398.65498441395,78.03832965483011,14547.976448344642,1.0886912840734169,32.11734506704754,0.8668845142365122,0.011574978368415145
980,662.5666299917592,0.02214744254707779,3.6792153402905073e-06,48.1721449379192,88464.0764776695,77.70733364348595,14540.819581556625,1.1152100389091053,33.23692542699899,0.8669100532018995,0.027902587013230118
981,662.8161095157252,0.027263496711653512,3.558309615039234e-06,67.13081073607671,88548.60990812763,77.84224400481152,14533.667293498944,1.0982353914941416,32.22743258376521,0.8726201437925242,0.007144716572852872
982,662.2488924522304,0.03138430196364306,3.494665928555004e-06,36.092087560062,88602.04415400123,77.75430025696595,14526.519581029843,1.0805899192312642,33.27472681667327,0.8737412564989164,0.022728358592381426
983,656.332611658117,0.04342347150672987,3.216676057805385e-06,48.86101591211735,88668.18176967063,78.10253487034964,14519.37644100935,1.036405147923909,32.42881689572294,0.9042318333816569,0.012270161500886445
984,655.0421076715608,0.04417508201077969,2.399641973334163e-06,71.28775638085972,88756.48599652549,78.34689940348552,14512.23787029928,1.0829290492861305,32.386007997094865,0.9024799774641205,0.008775429407720026
985,655.0396317711544,0.044462656003841694,1.5829511406417631e-06,72.28572000246686,88845.73714406627,78.15736215865127,14505.103865763227,1.0773493934856804,32.222663765180954,0.8967843254660037,0.02544434280616059
986,659.9630939857242,0.0370474099814353,7.741761495219798e-07,61.326659361837244,88924.00969770677,78.38790925984034,14497.974424266587,1.1029686946738877,33.0796087645558,0.8809888719298344,0.012757943276874073
987,659.1819835850704,0.03680517469431932,3.4140682100182006e-07,69.8807249938163,89010.9952691646,78.47663881237848,14490.849542676551,1.0843015598597705,32.0726359090396,0.8822893349776634,0.016219675305180203
988,658.9297099846357,0.03463625387211833,0.0,45.990608572376345,89074.05658040487,78.15533145241824,14483.729217862108,1.1017772699998745,33.113476910620776,0.8808026804989179,0.013346711827175284
989,659.6008303414719,0.024410809390716603,0.0,67.3681605119545,89158.52840056868,78.43424568277386,14476.613446694048,1.0813935686813585,32.22670030325582,0.8920881901165945,0.01824953327042067
990,661.9717952444367,0.01612707033852545,0.0,-735.7779043389024,88439.90874693448,78.13881931436939,16399.304483091622,1.0999001588816428,32.973804078436835,0.8898857372173454,0.019788899995560882
991,665.5541965031938,0.011202746715350376,0.0,63.68277310295403,88520.9350217101,78.2013620064187,16391.136418594564,1.084042140655391,32.25049109394859,0.8901332026643273,0.020445543632185093
992,667.5498051129154,0.00388746147439345,0.0,45.314547266573356,88583.636865379,78.07403417212437,16382.973482132298,1.077437257757771,32.082766834719735,0.8903754238775238,0.021559058317841107
993,671.5175547171574,0.002237827484107835,0.0,63.069166650568576,88664.18626890755,77.9306658122726,16374.815670261796,1.07245084752399,32.237264821216336,0.8903938299212494,0.02074618670661721
994,663.2678567788923,0.013678164817052307,0.0,66.68639209592803,88748.36578735054,78.05906504255361,16366.662979542023,1.0937825526895442,32.199448307333846,0.89236666246873,0.019225389415453265
995,665.129603661354,0.015197258363693678,0.0,66.47985505857008,88832.67999664071,78.06319469168167,16358.515406533943,1.1038673615848213,32.29901458688571,0.9051898371720029,0.014310687395450827
996,663.8384843771661,0.02440649271541573,6.885805379429435e-08,67.63414322499978,88918.12644366146,77.73471617901708,16350.372947800523,1.092011908287654,32.144664481888896,0.9108088296852705,0.014576536008753749
997,664.4823857645894,0.026246066608660024,0.0,70.22625785234743,89006.06777521649,77.76765625440098,16342.235599906735,1.0907850601951448,32.11612395598877,0.9057783747812588,0.015027995213117151
998,668.799721418541,0.017836353137815286,0.0,64.34801810210467,89088.13107204133,77.73352174169372,16334.103359419567,1.0949749107653628,32.42772904557108,0.9068890031212193,0.014097684931684284
999,670.0022183759072,0.01774788866946031,0.0,70.11626370274237,89176.05299049054,77.73769099643958,16325.97622290801,1.0895248916072005,32.08467566824347,0.9088710855800358,0.023093876212683995
1000,668.3401803503571,0.01949948165958504,4.9406109661581884e-08,66.52561084599216,89260.36167361974,77.96594505596273,16317.853813440333,1.0926417383513136,32.315297287285674,0.9098432548021942,0.014428726321895624
1001,666.6048624608953,0.022724051408135937,0.0,73.03308536905408,89351.12813193226,78.07321451282506,16309.736503930933,1.0835997046035877,31.96141027641628,0.9088373708740743,0.01797156360076002
1002,673.109985461832,0.006438542449730744,2.4854097062006646e-10,35.44783610044735,89404.27708432864,77.50346721270597,16301.624290933269,1.112281190037256,33.03720524852397,0.9088566743431123,0.02461866965941084
1003,666.5518676921288,0.023580559044050098,6.286816741374077e-08,71.98192062813928,89494.10212650702,78.00810795781084,16293.517171003023,1.0816778760259742,32.375695437684755,0.9079988711552075,0.02151628945890849
1004,663.6602133133489,0.025685675337852154,0.0,43.12806455108114,89554.88052688587,77.6963646286893,16285.415140698049,1.1108113684317553,33.43063399074213,0.9081758247747107,0.01729665248793566
1005,672.7450495607497,0.023518992864047794,0.0,71.60012516979242,89644.08648190074,77.94834814675455,16277.314711270721,1.0846930898687226,32.619104920395976,0.9081949994093805,0.025756977945384563
1006,681.9748251056127,0.01592606635357474,4.5523028106793463e-10,18.68405647595867,89680.39927288464,77.27687719976522,16269.21937455657,1.098239379765451,33.60063727716482,0.9082140735769131,0.014843725854753131
1007,682.1135940906237,0.011918684283629855,0.0,63.4417716547116,89761.53899100551,77.88387263334718,16261.129127053378,1.0773463148899587,32.7940036602739,0.9082330839888959,0.014877420234491012
1008,683.496539355652,0.00771695320963961,1.8424820437397057e-08,43.65261031311317,89822.93729203913,77.52444529265577,16253.043965261628,1.0990142245259622,33.78049574649156,0.9082520726076128,0.024741102814260785
1009,684.0965668334181,0.010445551910806983,0.0,66.90869590162828,89907.67117113376,77.88380928683148,16244.963885684494,1.0795388139413165,32.957802575601306,0.90827098456432,0.023570917640235223
1010,682.0398862558536,0.008669328810234966,4.7307975713485985e-08,43.49654668599169,89968.9320329521,77.51944622373394,16236.888884827846,1.095858125656865,33.79308916673813,0.90828984930716,0.01436786897468778
1011,680.8000334464125,0.009481432345658125,0.0,62.13591463005463,90048.80904169724,77.93492826242291,16228.818959200242,1.0863915513616673,32.95961499788502,0.9082383308533664,0.014779796029486647
1012,675.6494561057607,0.012706298274971828,7.12176190825558e-08,63.24134492639601,90129.76423076272,77.87184306637175,16220.754105312932,1.0930829483071274,33.90805519128713,0.9072746720276916,0.020810760713963816
1013,678.5127607580827,0.005840014362623158,0.0,67.51749583547911,90214.94280176934,77.70666225079863,16212.694319679846,1.0846964224353586,33.15740757588057,0.9072936163174168,0.014403586681858371
1014,680.6191801260364,0.003171124950342663,8.464036791297588e-08,44.92038242329886,90277.56329024916,77.44162452239453,16207.238513619699,1.104247228577692,34.044826304893085,0.908928424700744,0.019271844382402037
1015,680.8353798330984,0.004049545508259755,1.7379213395287663e-07,64.22154800095339,90359.64681512606,77.5944535177928,16206.835215497653,1.0942232240539305,33.15461383515179,0.9087711675390184,0.021001378188095998
1016,682.58175761572,0.0032400461708699257,3.608382148222072e-07,61.78188371533207,90439.26137959328,77.72517782183606,16201.730110814859,1.0977896699765815,33.43797907640064,0.907914494824197,0.01642574946909292
1017,680.9169366313474,0.001913597896111785,4.596716589888057e-07,71.264072138584,90528.37179094307,77.70125150864169,16200.452296399862,1.08134172639319,33.029314533778155,0.907992149798353,0.021297063651388726
1018,679.01082207051,0.006566021735084027,5.751231245986012e-07,49.20375964726779,90595.41604872627,77.6724383542223,16195.908971792152,1.1032190684169498,33.33547413797677,0.9100517272230765,0.07105140856070591
1019,671.0503777722774,0.021234213317643413,7.061156719407146e-07,75.38467864248972,90688.54904571106,77.90276480220462,16108.125707723357,1.0877349790746917,32.431415398669955,0.910344775354254,0.021290889999633578
1020,673.2126680591123,0.01805740127116462,6.170054595545277e-07,49.73551118688647,90755.6967691025,77.68399172394521,16102.470302367874,1.107686648547289,33.436140373072845,0.9216413925651866,0.018233216091950055
1021,675.283838055607,0.016745859934294338,5.615635916716475e-07,66.14875648774063,90839.25993800664,77.62675357379172,16094.454598622808,1.0942409083571585,32.5320504265603,0.9212611037968385,0.023376248094542973
1022,675.7530429421365,0.0178079431353535,6.295193733696509e-07,58.45128475152802,90915.14851720716,77.63638047677793,16086.72654601228,1.0977155518096675,32.948220503101254,0.9199654747589435,0.2727353888344055
1023,675.6783710129212,0.01669678153206755,4.356168731592188e-07,74.68268543758873,91007.2912561223,77.70893015408265,16084.408835803515,1.085152304082476,32.53657613241589,0.9198629237378891,0.02172451677772358
1024,678.5105799545195,0.009874426308573159,2.562532257003413e-07,69.89923615293682,91094.63994923767,77.76609957857428,16077.860901475355,1.0850733326648805,32.47842700263821,0.9219608450248232,0.024838708125578535
1025,679.3122698582458,0.0063152529738099705,4.887304740401984e-07,46.357580162944515,91158.54220658694,77.880135925234,16075.192210721154,1.1067339656975779,33.44524757047368,0.9215445304276666,0.026732231386937144
1026,671.8031150424941,0.014761134385391284,6.443610062148918e-07,70.25515022708467,91246.35745906727,78.23661550792481,16069.346179590451,1.0941608957916706,32.58890384375552,0.9195007171138359,0.026302363369921977
1027,678.175732468906,0.008018524902175583,8.661339863638322e-07,65.74762672552404,91329.66623111718,78.29899932823835,16061.422269788209,1.096195585468782,32.52769270120096,0.9169118201897328,0.026008296752948468
1028,668.5591864815999,0.023820499579229937,1.0522288975757687e-06,75.70408559842406,91423.01449129595,78.26466208843414,16025.099030432779,1.0831483485655802,32.07864830151137,0.9451194794603887,0.019827092882081843
1029,668.4843071656389,0.024909683006809735,1.1776046374500413e-06,72.14391947918583,91512.44130953049,78.17256391857114,16017.15653894453,1.0925383105551123,32.49726495053822,0.9451470368193611,0.3360934477162161
1030,671.1194231379789,0.025484158297564008,1.1824262969221785e-06,77.98606008706881,91607.69707405823,78.24885319915185,16009.223072320045,1.086917118084857,30.717808176068036,0.9701392658405373,0.6781372302423705
1031,671.339185002552,0.026674613445276885,9.900609135271281e-07,75.78811540722342,91700.75466421407,78.26582705155077,16001.324817353188,1.0924529147998419,30.430609620893037,0.9677150288103079,0.3214460218676294
1032,671.9986333094452,0.03181836887187817,9.854341974239957e-07,76.79030985605985,91794.7168872211,78.34053234026489,15993.457454993184,1.0892685926526056,30.727564386661232,0.9427188273799955,0.015561198906787865
1033,671.8090998659367,0.030037658188919902,8.156817137664123e-07,74.11653029173254,91886.06212810223,78.23334802904392,15985.515530489312,1.1003830259850764,30.282525161391362,0.9252507178948225,0.017195248731638912
1034,664.1060430070382,0.04246920599296977,8.61541982306169e-07,73.87112424439016,91977.19228916251,78.15276877180051,15977.598871024551,1.1017229159558721,30.303489500971047,0.9259198858451544,0.31592140938070656
1035,666.2244055390461,0.04804476512095324,7.809818858450415e-07,73.44795537970126,92067.74853106202,78.03826243580927,15969.690266821368,1.1228961267879611,30.585772852038193,0.90607049391389,0.02411561492721148
1036,663.0473332740726,0.056108636844709237,7.797776422407652e-07,75.77277746286828,92160.95385580626,78.08711483516099,15961.786396157186,1.1240479096645286,30.227613527457184,0.9021140202058611,0.30386254489221187
1037,664.5279237418505,0.05932708380703333,5.141615465220362e-07,77.8576709746282,92256.16823589918,78.07150536374296,15953.917714486835,1.1170505720238957,30.399112887092624,0.9018914721918696,0.05032395991909766
1038,663.7547467516612,0.05886608924004988,2.1755533586684453e-07,76.11549784549575,92349.54071105366,78.22970357648694,15946.020913345912,1.131925985600791,30.06171168934501,0.9295790616005559,0.020511335261311103
1039,659.4214404413252,0.05380718852591426,0.0,81.00918200050148,92447.86912037179,78.22375673122409,15938.164609283804,1.1280156243226578,30.492334221035616,0.9331290886697732,0.4921237544921553
1040,658.4079376665228,0.05414087722490735,0.0,80.04059025223563,92545.07790134412,78.3072801120573,15930.283093067595,1.1164779531089373,29.285741734089136,0.9401764596726484,1.0433576193465015
1041,662.5811893917845,0.0512256854774934,0.0,80.68743112734424,92642.89967620258,78.41163369654392,15922.406497955033,1.1255629320694565,29.249512412187883,0.9354247965347364,1.1049215253491909
1042,664.8337057999228,0.050689979571353794,0.0,74.79046173707718,92734.85048193668,78.37751838832821,15914.5643347994,1.1245478922599577,28.92435031087515,0.921375128344105,1.413656213544236
1043,661.4324143499484,0.053085209094564934,2.3449656299534677e-08,77.04062350652808,92829.17571357368,78.42202823101881,15906.727000582245,1.126016070299588,30.002618322905978,0.9302955032318704,0.020582751670325194
1044,657.87538096999,0.06218886450831185,2.2625848726676363e-08,84.11847025720186,92930.43889688273,78.30797942882089,15898.865086326041,1.1301223723031322,28.789827322511705,0.9176973933452621,1.2255935896901349
1045,659.5671378713268,0.061339978320080535,0.0,84.23823935782195,93031.7846382116,78.3761258406751,15891.03760947937,1.1194036576903084,28.771500941703536,0.9219534100014891,1.2873693157529829
1046,655.503448711733,0.06953895300507362,0.0,82.61819283131422,93131.43402242998,78.2994886041851,15883.185472451212,1.1230665746583581,28.751371665632323,0.918348795459917,1.3361811376134298
1047,662.3347727056528,0.061660664231960705,0.0,84.29309297713965,93232.66474131093,78.48417795151654,15875.367685862251,1.1144524641542306,28.686581267693732,0.9124175821562382,1.39521677742502
1048,660.4382761977654,0.05979357819386122,0.0,84.94355588761633,93334.62341796773,78.8265169541145,15867.55476466873,1.1184862531176165,29.026668252159762,0.9070782498534747,1.4412414908271174
1049,656.5553747085426,0.06505353626306742,0.0,85.31452937753062,93436.93532203822,78.75769809443506,15859.71725625932,1.1187031324396675,28.641675736129223,0.9062175882342542,1.4962714742547902
1050,654.3824655306674,0.06878981405587237,0.0,77.37290648605801,93531.4717747979,78.64558730000009,15851.884639041871,1.1173979667066871,28.587579179954183,0.9020062861302993,1.548425383578227
1051,647.9145304560147,0.0722453910854205,0.0,86.84908109164465,93635.2680054408,79.02373542338523,15844.086294243994,1.1101017302016056,28.6527835016913,0.9000966164927923,1.480252870050954
1052,644.1479990279788,0.07357396102546565,0.0,73.83548063504537,93726.04425312122,79.06455835793379,15836.29601070739,1.101931995264309,28.90176291134261,0.8967482692043381,1.6284011688049276
1053,639.2011561766443,0.0971909819452339,0.0,79.34115867539947,93822.23517268298,79.32531112563156,15828.507363509398,1.096503164211555,28.57413032579438,0.8936242446219332,0.023966583973631828
1054,632.7978153655258,0.10975205048105963,0.0,82.97482024282914,93921.66880318089,79.27704172262065,15820.726767468861,1.1042032132652522,28.588489065456976,0.8906095647201454,0.02783726126039454
1055,635.0042884768145,0.1034474827369235,0.0,84.15789885165336,94022.35429100692,79.4868426713932,15812.947804731884,1.1058697697165045,28.540930568336606,0.8740299865422789,0.029377469834386716
1056,637.6753131965723,0.09888725282312838,0.0,64.18890714550321,94103.13145223487,79.71729100956111,15805.223980803754,1.026977618829762,28.54472242407699,0.8820990055940953,0.022317181822081977
1057,639.8708148717318,0.09528692060800992,0.0,69.0560755291209,94188.70012392676,78.92206047431127,15797.410793662677,1.0907603834932749,28.800561918067697,0.8825867045051725,0.028592877657274585
1058,638.2067481951199,0.09403446417080252,0.0,90.12154821547276,94295.33883295555,79.53333628263724,15789.649533259155,1.1004201631473776,28.930746036226516,0.8801133609605202,0.2813834184966666
1059,650.558838636325,0.07462733013396705,0.0,84.82600562200975,94396.65446126835,79.34144648833933,15781.893098580316,1.0923228568187497,28.834136585338573,0.8779084822654285,0.03329817300863169
1060,647.4474321575351,0.07805640509985967,0.0,85.67808735559169,94499.0516311191,79.40246505927823,15774.141486357295,1.0964358185786587,28.85467010894924,0.8756976417772269,0.02175475796555304
1061,648.2081179041149,0.0782842108880234,0.0,86.70919904768252,94602.45562748393,79.51627556539563,15766.39469332372,1.092317454640993,28.893657925712315,0.8660869761583805,0.022237293182051587
1062,643.1884636238698,0.08525064712076258,0.0,86.68303124746967,94705.8869268865,79.81772189486738,15758.65271621568,1.0962894877497376,28.919835702579757,0.8633508674453938,0.024952453054169155
1063,642.3294503789784,0.08669331371892397,0.0,89.80830698954716,94812.29281828935,79.47654599616261,15750.915551771728,1.08236301169471,28.925284405298918,0.8638198372180212,0.03380999049571187
1064,639.4726302448067,0.08863413849396484,0.0,44.232692559762825,94873.13279032614,79.43970617637385,15743.183196732885,1.0127561995039636,28.853146173881072,0.8670101938770695,0.03523727637954721
1065,644.1755195723076,0.07800741390546873,0.0,64.36417614011077,94953.94866761929,78.90637068506511,15735.45564784264,1.0627073771010436,29.969771697973332,0.8675050296021939,0.034266386698902807
1066,634.7817498197064,0.0993994243298747,0.0,67.13895012459861,95037.64855726244,78.8672795580072,15727.73290184695,1.0510953959686393,29.239301836062097,0.8667844797877857,0.03845009627559648
1067,635.1286004017817,0.09379886572993956,0.0,65.56719052595423,95119.45611014846,79.08241426572332,15720.014955494227,1.0728727470909885,30.447237181756012,0.8654438600848906,0.03543378966315913
1068,628.5280295422785,0.10137487641686627,0.0,84.2784053261872,95219.99757070965,79.46916799135279,15712.301805535353,1.080601703079844,29.580388903671434,0.8652544024343143,0.038368658185262916
1069,630.7695584083775,0.10083813564710131,0.0,88.01481421955654,95324.26196305928,79.4898140154104,15704.593448723655,1.0702938284343377,29.856040327107472,0.8627657939740492,0.030393536296422496
1070,629.3964448516454,0.09464329452366793,0.0,88.58635406320445,95429.09086351303,79.4543729905566,15696.898795698595,1.0668974242513745,29.823527207818696,0.8637180686346545,0.030243124889949513
1071,627.4549835586838,0.10033391949928072,0.0,92.04137664958819,95537.4343404511,79.61572015738757,15689.200005645824,1.0698084053462518,29.43617818388715,0.8415365199059414,0.03731496901839648
1072,624.1625260670983,0.10561196023202801,0.0,92.45264279251083,95646.09849398598,79.75274842889722,15681.505999025741,1.074364062131114,29.3616829692083,0.8631661118124483,0.03497725711513766
1073,628.8615105917132,0.09831501783491137,0.0,90.47049938984779,95752.71421264668,79.63229200515917,15673.81677260148,1.0789375491877258,29.330799681108374,0.8621236550192249,0.03485868577886464
1074,630.3811416702022,0.0915671697728827,0.0,88.35630164463208,95857.3285170921,79.41551751124159,15666.132323138616,1.0726800030656696,29.307286373111328,0.8611067503258009,0.03513357464008493
1075,626.0445302814722,0.09623800779281433,0.0,88.01069825993073,95961.61215497935,79.44353893498261,15658.452647405175,1.077879366085563,29.279838709582897,0.8516563271982285,0.4177391660905556
1076,628.0315705855431,0.08978529752395015,0.0,89.48251933140844,96067.30127395442,80.04415312933081,15650.779097568126,1.0704597960990963,29.17246509191043,0.8523885284984819,0.15295903596997107
1077,618.987075974346,0.09899480567861352,0.0,93.66193243062347,96177.19187615116,80.09425250602426,15643.10895811643,1.0673187332858278,29.19329324337457,0.8589709622131192,0.038701662709854645
1078,620.5383382953983,0.09508517158392626,0.0,-452.76882652764124,95740.49941144465,79.39540650567888,15635.443582714513,1.0651424444902056,29.70414461711999,0.8579893910030718,0.03681710656308468
1079,626.2171131098893,0.08921722650065733,0.0,65.04339511941143,95821.64323022362,79.26888740903851,15627.791803882972,0.9873898398728589,29.303407614653565,0.857464261366819,0.03571782497682818
1080,626.6418901720598,0.0805892700093307,0.0,76.33282217376922,95914.04816960757,79.31733546303084,15621.137265956948,1.071221685396767,30.55440474584048,0.8566085642092625,0.03660236822586427
1081,625.5242513892209,0.08007026277258444,0.0,84.74404206469404,96014.89670835443,79.5798552088528,15614.633299379946,1.056790897855748,29.360369669491593,0.856915170766077,0.0379262128504223
1082,619.055227216261,0.08956346410863048,0.0,86.62671911911886,96117.62580552662,79.30301473845446,15608.063898559707,1.0565685969673997,29.482155469112932,0.8561376217869573,0.03152744548572883
1083,622.3656855258885,0.08380005818712155,0.0,90.61413406943305,96224.2532084255,79.64021013497856,15601.433214695822,1.0524551042579897,29.37493810510514,0.8555139393568284,0.03632835784282662
1084,624.1709947064622,0.078634391640102,0.0,84.96944003220943,96325.29356972626,79.54100695617565,15593.800502648759,1.0587220536567916,29.371670294133125,0.8548226181223966,0.03842745621427213
1085,617.8651459371465,0.08272138339825397,0.0,89.52419558212108,96430.92087084013,79.30617393638305,15586.837769023134,1.049612275623715,29.59127997306423,0.8541622209157917,0.18929842553891518
1086,621.9692781407844,0.07911978732703695,0.0,87.44049514320201,96534.45316679095,79.333839683239,15579.215138248113,1.048787012306377,29.40062057925059,0.8536907328886962,0.03418317338861243
1087,619.14661429343,0.08217830962397388,0.0,87.5064674166018,96638.06494414672,79.49472798805928,15571.588423797071,1.0506828549573848,29.434787226889355,0.8531772976695742,0.16361164030519149
1088,618.9795978998142,0.08312038065071548,0.0,86.05255947403657,96740.12221622461,79.6444716786932,15564.879651965819,1.0566994874888676,29.737687882099006,0.8507722326284224,0.12346030662613572
1089,613.8711725264623,0.08874823814789012,0.0,86.51957676780253,96842.6566918134,78.91172990466907,15558.114398046791,1.057064004075868,29.465625840837024,0.8503184081820814,0.039001637418003554
1090,618.8044019883548,0.08677085366793003,0.0,88.02826650216625,96946.4728563177,78.80283936391909,15550.499940037487,1.0556500774806084,29.45294359743081,0.8497767295599701,0.03836477472466271
1091,615.9870599598411,0.08608080922703354,0.0,88.87623754021345,97051.17473623177,78.94643507701797,15543.451739151174,1.0518987697562747,29.622201245057745,0.8399150811881423,0.03724429788129413
1092,614.0652914236275,0.08767912726373883,0.0,88.16049103141981,97155.26058424785,78.7603641197466,15535.844774649657,1.0488304124646721,29.95975027385865,0.8408499500764823,0.14162212916536987
1093,617.4315915580821,0.08904470819743493,0.0,88.4449658780297,97259.58202106517,78.62989267548598,15528.96709430049,1.0504959082724665,29.96440882935228,0.8435833029084961,0.03554246200762634
1094,617.1442923510164,0.08604666574554953,0.0,88.29082811956758,97363.68917813235,78.86943294490888,15521.786810988699,1.0430977807081965,29.970646071768368,0.843227078991586,0.03676912264862153
1095,629.6581214707157,0.07227781245063414,0.0,85.75316693316074,97465.27410828636,78.53535005261388,15514.480289589243,1.049494126483747,29.57169928834853,0.4634316060240877,0.03375765420747001
1096,624.5987607979473,0.07547154489094676,0.0,78.85165991408707,97560.15459850423,78.38288271734557,15506.890633902092,1.066087584049303,29.67242836476306,0.4630770718330288,0.25115170285974386
1097,622.4346045064616,0.0811740761270312,0.0,83.00486714209151,97659.14595473299,78.46314609342235,15499.307028031513,1.0551170152305838,29.901130192008917,0.4639013145572583,0.1588049061411212
1098,615.503728093187,0.08586298899241906,0.0,83.2491133494429,97758.33340546695,78.59585834406494,15491.726795036475,1.0560227899303738,29.96952104937081,0.4642137812768403,0.036054552070247325
1099,621.809983146759,0.0810163302092809,0.0,77.2624825979714,97851.46142417312,78.41889676150694,15484.104840579339,1.0591080202900953,29.845945181347076,0.4643611847231865,0.07864473452883658
1100,623.8923570857309,0.08206891844346564,0.0,80.73655142397249,97948.1091738528,78.31793673393081,15476.586671690578,1.056707076579724,29.664497897321443,0.45984779171640544,0.03794563298964704
1101,625.2831703649699,0.07922549348223717,0.0,86.59006896774488,98050.57234592157,78.29236909656912,15468.967891855249,1.040719928146798,29.628826160203502,0.4698530392293084,0.03571637945957917
1102,624.2814423253764,0.07833746440985057,0.0,89.18764727705981,98155.64661793604,78.31287306743208,15461.353871296244,1.0396859641654912,29.676683243926448,0.4704809773628185,0.03874813967625812
1103,617.4025990377554,0.0799495375258582,0.0,84.32692972247185,98255.88510832851,77.99477814677559,15453.753282882017,1.0465610638376852,29.677335991284878,0.47025899103689106,0.034984228782249716
1104,615.3868802178804,0.0829424357886962,0.0,84.2985466125792,98356.03419915371,77.7139411574755,15446.157437715974,1.0516900493606938,29.678042817314324,0.47002178633159336,0.03406774238376897
1105,617.072336006846,0.07928227609842564,0.0,87.42872228125454,98459.26840689941,77.80383710376218,15438.566332570112,1.0431191552323833,29.73812852026389,0.4697976241804557,0.03538047260637711
1106,616.7646763568451,0.08020483877046236,0.0,77.90932678016233,98553.00315100545,77.45956872549657,15430.991361855069,1.050882831425523,29.85165756221767,0.46961409733885395,0.034855717396098385
1107,614.3979409038187,0.08401638085497531,0.0,46.43595732521905,98615.2489224654,77.47815963980332,15423.422435146158,1.0091358904052043,29.861949033662444,0.46254652373541866,0.03675361221471718
1108,611.8143775293634,0.08440758477550714,0.0,35.38396043977994,98666.31654578687,76.85853122443615,15415.85822480927,1.013519156572099,31.488797928058474,0.4697364278526272,0.033830848391765755
1109,616.6352422469537,0.07589620963275567,0.0,36.23864412981413,98718.25036062354,76.9099294105025,15408.277330921512,1.0587700280930694,30.874948473393978,0.4702915698962345,0.03410300441227321
1110,616.5365335049911,0.0779548902375321,0.0,85.57217090139727,98819.60265000809,77.74924264546338,15400.701170538972,1.0377829037473847,30.90767768562407,0.46990131603250235,0.03188762378393051
1111,623.7894607095213,0.06693508538959192,0.0,80.23323058103125,98915.57380271808,77.60917111754998,15393.131060500866,1.044147368901498,30.882484455960906,0.4710099997735014,0.14924581649652424
1112,625.7065449078174,0.05907856187241811,0.0,79.71491712975049,99011.12437403688,77.34006670250383,15385.564356007624,1.0326945139844055,30.06835457354745,0.4711073120362713,0.7961304556301698
1113,622.5718115512162,0.06786081774014063,0.0,85.46488775256671,99112.4844799426,77.63990675975889,15378.01098488293,1.0364503064324577,29.522530264579142,0.47026458895601975,1.56575605191901
1114,619.616136775687,0.07128201750074026,0.0,81.94640071793984,99210.2521388293,77.78905258701356,15370.47367897313,1.0410661825459995,29.37693187751577,0.4712286285083331,1.640743243389565
1115,621.5072317708751,0.07746017011328066,0.0,88.2936398354321,99314.32154811695,77.63452334874307,15362.921104940839,1.0280073641381455,29.443240081583077,0.4708887059113377,1.7062984669784953
1116,621.6702079567956,0.08021055440485902,0.0,80.61964606970082,99410.67216865876,77.48315337219967,15355.381835739014,1.036499338424417,29.338403232739967,0.46952664248299236,1.7658007199267445
1117,612.3416735553213,0.08777496430637666,0.0,83.41881792503534,99509.77620313015,77.68712294666982,15347.84466652474,1.037396012052568,29.14832648423181,0.4696376639018927,1.8147300740349621
1118,618.8112389530168,0.08403757391755817,0.0,82.41160546898635,99607.75986295659,77.78513302066,15340.314797279114,1.039581774002418,29.103619465071453,0.46997726221153113,1.8658641922739108
1119,609.4262156415411,0.08944746223133737,0.0,77.93689534779381,99701.31305227563,77.7274736033131,15332.782345417947,1.0444704844775399,29.05454980937301,0.46958179811763223,1.9111140825869057
1120,607.9836627518374,0.09701913292820585,0.0,86.95621769358618,99803.81836041347,77.1582288974754,15325.253283624843,1.038468360790881,29.046852948494138,0.4637269451205921,1.955026535937094
1121,609.5810911868895,0.09734210583736358,0.0,88.22202239293881,99907.5212966933,77.42782931177538,15317.730228566033,1.0323123703029824,29.165969531173303,0.46390839190307254,2.000524397045041
1122,616.9486157086508,0.09517591063831399,0.0,84.95288886423069,100007.95869768638,77.303670292018,15310.211867114034,1.0358994546164382,29.12045186704853,0.45328355449911345,2.04472193099636
1123,612.1038055453142,0.10224457803308573,0.0,83.81955489345899,100107.30330592199,77.1940333602228,15302.69688758472,1.0391084243062991,29.203366783239307,0.4597257828306307,2.0856076952118343
1124,617.1549369707275,0.09173863352985479,0.0,77.267940340557,100199.99866666974,77.13518640341378,15295.187903769764,1.0440995749678939,29.206333075161513,0.46955755563268453,0.019264805191156142
1125,617.0718361976243,0.09078109160109016,0.0,83.1126419113433,100298.63182154192,77.38608807424129,15287.690828148316,1.0477893323645378,29.268090953386675,0.46883174571647557,0.019068954466554544
1126,610.466290620021,0.09736665693982549,0.0,84.15846069131524,100398.30406065358,77.3997457377078,15280.189894219453,1.0380897846502746,29.166065469815845,0.4687218166751641,0.023195225872008507
1127,604.9053586001406,0.10580304011402175,0.0,87.90321501218989,100501.61511320244,77.41480034576055,15272.73669710629,1.0366146045986713,29.169820126827474,0.46829160640001183,0.02074565702940845
1128,605.2774554311136,0.1057187285022817,0.0,91.15213471111467,100608.027414719,77.53361613504707,15265.288128559745,1.0284396650366165,29.187835883042496,0.4678863588890231,0.02110643750611274
1129,611.2507878858686,0.09949645758536274,0.0,87.30560708566266,100710.60301176849,77.383030917066,15257.844185451866,1.0365237880016762,29.17868444588833,0.46713077044656437,0.023965038288920937
1130,610.7904675573485,0.09715950191278955,0.0,88.01692633303301,100813.93150214083,77.35595824665938,15250.406164535863,1.0355689356375615,29.230408760399953,0.4671674297962602,0.020816461916041362
1131,609.901840954579,0.09293394020073054,0.0,81.15587895846639,100910.40972221509,77.28069591776482,15242.992376489728,1.044161066089263,29.271655626798125,0.4668497639464955,0.025610687632955376
1132,605.7164994119298,0.09664275873910233,0.0,86.19601329789955,101011.9584494477,77.41791809305886,15235.583181507649,1.041722425932332,29.29873326812098,0.4643364391088799,0.022512659855806305
1133,604.6673154451844,0.09821621280534554,0.0,88.67963691420553,101115.94959203183,77.72902059876117,15228.15766150773,1.0333161646239646,29.343862947253747,0.466424486040338,0.02647567325496425
1134,607.9572466266924,0.09559805716546377,0.0,88.11608189657952,101219.35757035378,77.56932853518704,15220.75634492752,1.031126061210579,29.274219503605377,0.46619884286815527,0.025795609175894185
1135,608.0667765611527,0.09711448701231118,0.0,89.34814244547903,101324.02680646372,77.54395301858077,15213.360910587631,1.0345536092773369,29.29820370440008,0.46595099372194976,0.025768732970838926
1136,605.2253744627903,0.09658058685342408,0.0,86.36568286162799,101425.6948611542,77.42311337426837,15205.970056952883,1.0341442948584743,29.32770654671701,0.46572784857197347,0.029264838551398498
1137,606.1584889155187,0.09986387491168691,0.0,91.17055379770248,101532.15128409996,77.79506550115539,15183.998736679026,1.0283629758407082,29.247729295186534,0.46408050164333653,0.028434636800000135
1138,607.8731917835469,0.09503425875178229,0.0,86.0663220055031,101633.48560536368,77.35818981775216,15176.617035205109,1.0318246071317099,29.243328201132375,0.4653746985874368,0.028734400974485652
1139,601.6864913811088,0.09981305146026254,0.0,85.49399587986257,101734.2716205443,77.40819928567042,15169.22742465344,1.0311188012542098,29.213440550620806,0.4651535441760555,0.028554590005718694
1140,603.960845351153,0.09922168506323525,0.0,85.38502324504753,101834.87341832739,77.35082991246489,15161.853558178243,1.031269681625085,29.201567814740436,0.46492931608453,0.030071327680936122
1141,604.1030129592857,0.102022400831291,0.0,89.3174960519584,101939.38917612127,77.36701864743682,15154.485552615806,1.0293112119256305,29.14407293068294,0.464710297442397,0.029679521270246312
1142,594.0937497343804,0.1071126806827466,0.0,-81.37501257053998,101873.19700757971,76.58628533338128,15147.10253731946,1.034564209348843,29.121897592792006,0.46447461119626204,0.030719669594638788
1143,601.8040889459887,0.10902296562984781,0.0,79.23120319826549,101967.4981605271,76.58171236082921,15139.742359011143,1.019901701109166,29.122343195221944,0.4639079039269201,0.03182289753306122
1144,598.6427364985026,0.10908617233378715,0.0,82.88017192178614,102065.4957600339,76.60684623792092,15132.395111307842,1.0251847476047253,29.14798942291835,0.46391889936954556,0.03209080161607858
1145,603.2147567864085,0.10584426053712481,0.0,83.2680468689055,102163.86115859095,76.62785041444275,15125.053700182534,1.0213216147515294,29.192854526735644,0.4636678417918896,0.03182841090925592
1146,597.8528524713521,0.10706649037503158,0.0,84.99623463899162,102263.99520867059,76.61767378590277,15117.697279385822,1.0222099063281505,29.22925797338777,0.46288015956974,0.03284419115426829
1147,600.2348755101021,0.10563295679103213,0.0,83.86532966567577,102362.96019108265,76.58153678504775,15110.33704475089,1.027721209760557,29.21087500457544,0.46329364939586654,0.03279216105327265
1148,606.0687406745467,0.09911681078739198,0.0,90.22256770536426,102468.29382875003,77.1575077229682,15102.981375488795,1.0087162963873035,29.162927369723263,0.46310605161342444,0.034174217536289575
1149,601.0834870227848,0.10069682836824279,0.0,86.06795260779934,102569.52461204873,77.06747321567856,15095.649754525266,1.0229296465592221,29.185536548225333,0.4629041488217309,0.03518478845843731
1150,595.54929976275,0.1047807897042099,0.0,81.9754900316996,102666.6135429306,76.98335149556824,15088.321380019288,1.0161506121923753,29.193820274998583,0.46227735578492546,0.03532525451792168
1151,598.7243126228212,0.11002700047836644,0.0,82.97000828261432,102764.61265347092,76.90377730909414,15080.98383279687,1.0224660093804134,29.259374372726118,0.4625788094774827,0.03631872676027825
1152,595.260507461176,0.11427222339893273,0.0,84.70063519406212,102864.32411137961,76.76153991826202,15073.653390089848,1.0189916607786587,29.279228590145163,0.4520803558470815,0.03566756584863384
1153,599.9205514069699,0.1036395150183479,0.0,82.05523765221884,102961.34698874,76.79106411786773,15066.346932843822,1.0199865014334846,29.202050048003912,0.46285932776182925,0.03719898432218827
1154,603.6317387303137,0.10184686948039945,0.0,84.58557673837211,103060.98124196546,76.89946486064295,15059.025550291399,1.0178520474771762,29.22474413502659,0.46269021500211377,0.03572613820148973
1155,597.3053779815956,0.10659787161821199,0.0,85.32356032829911,103161.37707994293,77.03885970073327,15051.708703946018,1.0178568086837922,29.224629053443373,0.4580181458950283,0.03795199135772265
1156,600.7852573148572,0.10412508115576535,0.0,82.43031945626241,103258.81250234158,77.1847314708281,15044.39639075238,1.0215912788346093,29.26051708866461,0.45848284102388764,0.03793566690045935
1157,604.5306070094274,0.10044048331463418,0.0,82.6543707080605,103356.50185298169,77.13398754254612,15037.1009346614,1.016472743469877,29.239349284823877,0.4627062435615486,0.03711119844556521
1158,595.4336552109163,0.10763639137485492,0.0,87.1962815740048,103458.77254060376,76.89277588054631,15030.686325937324,1.017739217339168,29.26289425844637,0.46256515012536614,0.03949665347695941
1159,594.4489120623846,0.10786709712168019,0.0,87.01103776009649,103560.74528158207,76.71463559323941,15026.104370366238,1.0182982379714578,30.07110901320041,0.46244214328493155,0.037918906531871244
1160,600.8299861221413,0.10102203582398828,0.0,83.52378303752064,103659.22365884425,76.71728991953988,15021.535532914853,1.017468308038025,30.070364426447743,0.46272415249782056,0.03855179879064252
1161,595.6394122267792,0.10900179693364742,0.0,85.40953318314628,103759.72838127488,76.841848403891,15016.990159314357,1.0155724562090556,30.082291966945736,0.4629917234686597,0.03970224493594543
1162,588.5278483358472,0.11023841148917779,0.0,88.31614846163134,103862.99256455046,77.21079719523287,15012.446748688131,1.0146900513856842,30.063888983415183,0.462337884635136,0.04017206530724593
1163,602.0644089976661,0.09969853682202523,0.0,84.84738716812723,103962.71819247745,77.24884904077079,15007.91395101222,1.0212368345189504,30.051809906219706,0.46353518200441807,0.04099325721278291
1164,600.8966084631251,0.0991887268649716,0.0,81.67964137588035,104059.45801921413,77.25334760494461,15003.109587408237,1.0463295298079305,30.03366987697328,0.4637529129463115,0.04164505580081368
1165,600.3465823778332,0.09926543305044178,0.0,80.1872038754916,104155.00238559952,77.15406641839941,14998.805971073485,1.0380864793240538,30.021633455372136,0.46395085106569756,0.04207636588644448
1166,606.2525576088073,0.09170891092851652,0.0,80.32814442619184,104250.72362831613,77.0617271103889,14993.23674272767,1.0298031100138572,29.960728151987464,0.46413308826369826,0.042092044812989116
1167,611.4758988621039,0.07775599893754825,0.0,77.36277942296246,104343.59014748993,77.02882938218738,14989.267940359137,1.023458033517217,30.02504950023361,0.4639735039344356,0.20084414923915261
1168,607.6924459774855,0.08348767415845093,0.0,78.69405816533947,104437.91848008154,76.73353598289236,14985.240478860733,1.015192231739487,29.506072515918245,0.46446884645480696,0.04301976640625327
1169,609.7191922148578,0.08829357959405637,0.0,81.88383334278883,104535.33782424078,76.8967822871727,14980.66752923379,1.0174677006855088,29.541405152100694,0.46437197981865014,0.0433724935146671
1170,611.8676090285801,0.09407038729860262,0.0,-624.9446840222067,103925.80338855169,76.8274891430664,15526.453527544569,1.0143957313209393,27.777474837592813,0.4642976039654548,0.043511564176149875
1171,605.7395475440768,0.10969055351067292,0.0,86.97989374153754,104028.17060043369,77.06790272792038,15521.635181667903,1.0136797382529723,27.821491136040713,0.4633593143111959,0.04268475981917419
1172,596.3439282722618,0.12256893526204526,0.0,88.94041045854037,104132.36599879526,76.99133367924541,15516.806282294634,1.0201492885796355,27.895248716615146,0.46249074052528855,0.04363929697316138
1173,599.4169600248802,0.12293224617727494,0.0,89.18742031876778,104236.62784948657,76.85480098346983,15511.965192766174,1.0206094547829856,27.966180225385173,0.4617022425960529,0.04281743724425979
1174,602.950734539,0.12613737205999853,0.0,88.26798430021746,104340.04836869633,76.71037603021557,15507.143587405175,1.0157509024281466,27.972440252091232,0.4609891818801277,0.04465673179475971
1175,594.4620248313606,0.13741546719898545,0.0,92.75445516964781,104447.9296807838,77.00360940291814,15502.318029097394,1.0240932422722442,28.078688385397744,0.46031478534729936,0.04499495849196933
1176,591.1145700153824,0.14163391503348743,0.0,89.58602421434406,104552.47186892956,76.84658573437342,15497.48471355357,1.0211899595849094,28.109014653432702,0.45972697129518336,0.043603990164342576
1177,585.9754332881972,0.1466915452657347,0.0,75.50486765343172,104642.87030379471,77.02348844879232,15492.675632096929,1.004841755058781,28.200715205567665,0.45918478009644187,0.044666906130409245
1178,585.533092764443,0.15018449921402854,0.0,82.92867258938986,104740.52316050463,77.41140879651095,15487.88209731349,1.0087672665769982,28.259798037186137,0.4587150520648772,0.04446259995257407
1179,578.247990026927,0.15740379358330991,0.0,87.28406551762143,104842.52080146284,76.68087277764887,15481.730616967148,1.0204320509975668,28.35478255707341,0.458298644059488,0.04564895220894272
1180,583.1120412896846,0.1521480599824293,0.0,93.55153563310435,104950.6619891888,76.9740036375797,15474.52675510841,1.0160166903139225,28.43028554839235,0.45794993474115403,0.04595038239187943
1181,584.4231875439158,0.1470230722050958,0.0,93.08616406724298,105058.3872803551,77.307659798227,15467.179925155287,1.0256061060638,28.51496759991861,0.45768501999502254,0.04513362370465046
1182,581.2424071786803,0.14747441759745405,0.0,95.40805469704854,105168.48399707262,77.33089451631534,15459.6635699531,1.0165829087162528,28.619922392099134,0.4574759791992669,0.04568688183945113
1183,580.0355938032848,0.1478008309549379,0.0,96.87023455431903,105280.02267832377,77.13563755539685,15452.151840568173,1.013983521928298,28.677586387127306,0.45732937656033606,0.045359828973602134
1184,582.5833638084633,0.1429667876324291,0.0,94.08573353956474,105388.73187640685,77.13724660872138,15444.652910410881,1.017800246729581,28.783823749042025,0.45721917890262953,0.04572402084023253
1185,578.5474769797361,0.14289253747888908,0.0,97.34562750671157,105500.73168583783,77.24501899496228,15437.15041477283,1.0193209681592412,28.874948725725645,0.4571671516669793,0.045959037997569396
1186,578.609613097874,0.14310032363998826,0.0,96.8273513031524,105612.21094078716,77.35423369353279,15429.66070340158,1.0242813275896316,28.965337609963342,0.45716298150035517,0.04738839886862678
1187,580.5910596270744,0.13957730390524048,0.0,97.2934892414951,105724.14731328543,77.1897971113153,15422.148333632198,1.0175775057351804,28.9505061038067,0.45720337116147575,0.047313568177216325
1188,586.1112746319973,0.13364290514797283,0.0,96.45590458502643,105835.31760307764,77.40188197824862,15414.650006275107,1.011986358267488,28.973684532933152,0.4572349513952302,0.0467092667795157
1189,583.8220909915124,0.1329618059202241,0.0,96.11292327335087,105946.2033303635,77.21309022901211,15407.156297424908,1.0224683202126332,28.968992715470012,0.4572770984435566,0.04777881444748289
1190,586.4129458233625,0.12838748548516232,0.0,90.68604790293688,106051.64258533678,77.23489875311269,15399.665951994566,1.0204947033647853,28.967553650829228,0.4573148333005277,0.04835116779226922
1191,584.4548651812565,0.12848357403586974,0.0,91.65399685918477,106158.12484865656,76.98166202076516,15392.1733128506,1.0195237111203415,28.983925015931565,0.457350193145413,0.04689349871024717
1192,586.6825936174829,0.1281220929086705,0.0,91.9588954100713,106264.92588959998,77.24575042949485,15384.681231108863,1.008651459542008,29.03111075178725,0.4573929442942235,0.048065281531542325
1193,591.0599315516387,0.12416631834836822,0.0,91.6920729284339,106371.4368233179,76.93493648788967,15377.203170776496,1.0174448718751565,29.02837932967098,0.4574567283436924,0.04770024206047907
1194,604.4009727096507,0.09336950753963735,0.0,86.63447564196647,106472.91264967187,76.69132321550563,15381.347162237631,1.0140157264750196,29.071132708202217,0.4575165890685404,0.04845621076454165
1195,597.2870293504812,0.11236855322130501,0.0,90.42811828853749,106578.81422799916,76.62040671400233,15373.877621053603,1.015099077537251,29.040241327056044,0.45759461449015226,0.04764200346736658
1196,592.9267653017486,0.11578705727858996,0.0,86.00463925923805,106679.95282364571,76.60797234594867,15366.431939023732,1.0260366044436444,29.08173326802109,0.45754327349105345,0.048534819795271744
1197,583.3434226504057,0.12995176410706344,0.0,93.94952733308105,106788.96748065967,76.76541249259961,15358.972249271785,1.012880110773062,29.165085939959422,0.4577370873628114,0.049143459446867155
1198,592.9580576897106,0.11965007821995977,0.0,92.22403934141481,106896.01917952756,76.94340182853979,15351.510470054152,1.0141602978174866,29.165299268404244,0.4578513355509095,0.04915811371601819
1199,587.6519407357922,0.12298677114034717,0.0,93.36772053629339,107004.39983967679,76.73961261388263,15344.072532090167,1.0137790544618437,29.633691025334908,0.4579603836082844,0.04884740961596634
1200,585.1236203433419,0.12721521427776317,0.0,89.77346586958438,107109.12652947934,76.60349546559958,15336.64729907112,1.0161953603443712,29.23941378542374,0.4582889986591046,0.04939461844329429
1201,581.9224026180968,0.13167308150378243,0.0,91.93877693138565,107215.98576285059,76.51907351378048,15329.204778598714,1.016766425442704,29.234049662101636,0.4581299616187741,0.04958055817831308
1202,588.3133355349198,0.1226567956149166,0.0,86.27080925461125,107317.00045036875,76.5241239687023,15321.785655163489,1.011057998191277,29.501705038329835,0.45854914071986685,0.2371452972360828
1203,586.3502485131212,0.12309304488441453,0.0,85.36745453830869,107417.12889207323,76.33886285122684,15314.369934526127,1.0100812897291631,29.32515169957361,0.45880097391215413,0.04934210040040199
1204,589.56498261655,0.11973583308372637,0.0,88.26091531689335,107520.2083149157,76.320497387044,15306.953102661868,1.0044360732094249,29.371306220993553,0.45894292173796164,0.04994070901789627
1205,590.4627675113854,0.11907170069913431,0.0,87.48411144778106,107622.61357362788,76.40910544593925,15299.54084395729,1.0203857201998754,29.38089716158179,0.45910059348916477,0.04978122771879612
1206,590.719049267617,0.12017066443652324,0.0,87.37639608247103,107724.91724819508,76.34613527528374,15292.11430978055,1.006517439156663,29.38076248567395,0.4592555303436206,0.04966346676675215
1207,593.6541075275768,0.11688095300038903,0.0,85.87768814728813,107825.71780185628,76.3884693811818,15284.63802530972,1.0110752433025691,29.81917138510759,0.45940306174961787,0.04945649154618792
1208,598.2505122069496,0.11197881106553542,0.0,85.88296727970834,107926.59961705384,76.40937119358605,15277.166385657463,1.0079385928001698,29.81897566393134,0.459759389867416,0.05009267191063316
1209,593.6731459156315,0.1172122408726205,0.0,89.52812672577963,108031.21761738119,76.41896370786324,15269.699387287703,1.0088060906393006,29.816209528911514,0.46009778775949167,0.05034899720570252
1210,597.50705262355,0.11516322966903603,0.0,82.84581040028831,108129.06238963247,76.28343510903268,15262.478217995957,1.0109599808712735,29.443043902042486,0.46041805177783685,0.05061025789409257
1211,595.4253101267796,0.116925394947057,0.0,86.81049762894433,108230.86925535672,75.99762797658715,15255.03603098941,1.0075328403398818,29.46205263252467,0.46053882344246394,0.050013766377297486
1212,599.3671045616575,0.11292595937694161,0.0,82.93062914971048,108328.79859487146,75.80658778341306,15247.710346228852,1.0218938228899506,29.42945489825505,0.46066350758836994,0.0505514512923213
1213,584.5084253930358,0.1419393186805471,0.0,92.79605673873736,108436.93820378024,76.29763660156281,15240.253374035632,1.0205596180954006,28.438201521707573,0.4607660147462278,0.050702736180817
1214,576.4587833899427,0.16432565405409993,0.0,95.34910049688048,108547.27250193454,76.5608323116328,15232.801036488403,1.0344995582361558,28.45905933717994,0.46037590186652255,0.05031659176747638
1215,577.1440476447848,0.1627251779459039,0.0,97.17412949452323,108658.98423652422,76.47268188935023,15225.464949184792,1.0136321716282317,28.166894017630888,0.4600162750217368,0.051113675317523644
1216,574.9972589916227,0.16189789694503998,0.0,93.43899095527132,108766.99756159664,76.53034254414862,15218.21188877621,1.0262920005207774,28.238477818985555,0.4595310580730994,0.05096254322780425
1217,581.0146646149144,0.15427959801479918,0.0,96.70088484773927,108878.30130516992,76.50882559647012,15213.859277025242,1.014703236437204,28.63948193132576,0.45910599455951506,0.10387462049123286
1218,584.0411510757497,0.15055898661058664,0.0,94.31178518950253,108987.3256252523,76.44811402961294,15206.390851350136,1.0193705388205572,28.976637990532787,0.45890312234892183,0.051538993041091885
1219,584.9208224785259,0.14646838900133874,0.0,58.65963277774986,109060.7650748858,76.2424370588614,15163.793253034746,0.9501762124913415,29.049068346933417,0.45887350140143357,0.05144642737013072
1220,583.592023662198,0.15183771106768662,0.0,86.90021072362168,109162.45321893455,76.79153495156136,15156.371944855115,1.0007673616304817,29.141679987432635,0.4588814655227514,0.05155604279219261
1221,582.3157498718147,0.15291536397246142,0.0,93.80934822006458,109270.93196808873,77.07249997475506,15148.864146406004,1.0095484061855289,29.173288441131405,0.458934960821721,0.051280980197233816
1222,586.8268463479749,0.14477492555923555,0.0,90.71156015156922,109376.20510459598,77.01108899760581,15141.398280541316,1.0122018903930445,29.22462882988489,0.45900183923386506,0.05156667598492959
1223,590.3798223688035,0.1389920143432155,0.0,91.13520327556746,109482.07841861565,76.84152020771471,15133.955591441643,1.009615508582539,29.279958517622692,0.45909088840048434,0.05109380716815792
1224,588.7539167429037,0.13983222210120938,0.0,89.8011061071821,109586.71424585892,76.87075821306102,15126.499025780793,1.0133751027623032,29.27942800664176,0.45920328110795655,0.05172900561295535
1225,584.0396552079457,0.14743522524521446,0.0,90.18921307850694,109691.68846707403,76.74567475644288,15119.04711571278,1.004221732509467,29.284598239738354,0.4593098667097348,0.051889567394326264
1226,586.8403030361033,0.14154305073132623,0.0,92.050027228005,109798.348339131,76.86999383364495,15111.599858067095,1.0043843130608494,29.37141549502063,0.4594139464441605,0.05177762372814243
1227,587.8799281791279,0.13951455993654338,0.0,91.91926531501458,109904.95778311824,76.91559922187,15104.178357389048,1.0088811593701732,29.452231136227688,0.4595559380627425,0.051894455061081146
1228,585.9936800174779,0.14186990621959272,0.0,91.80689428218355,110011.48062205444,76.90799592358934,15096.743073694037,1.0085934538544654,29.47694790862386,0.45973087312025784,0.05170485855450835
1229,588.8161542366056,0.1367941760759801,0.0,92.95581432465842,110119.08092976248,76.9186297769188,15089.330723696288,1.0084450063255381,29.514628526672315,0.4599096149161605,0.051738986222275685
1230,593.8260174465353,0.1271775213489469,0.0,88.75034598908599,110222.56549227526,77.00534235102872,15081.9227637711,0.9974732906592113,29.571141512546642,0.46009824823819756,0.05211218150598995
1231,584.904786039711,0.13142333715227938,0.0,89.9043957697164,110327.3554729982,76.97262406603704,15074.519426570334,1.0068583509812499,29.63257032196618,0.4603053883242441,0.05190890964330919
1232,582.7775097749486,0.12927360454002967,0.0,91.05564005841927,110432.96975534427,77.21231649672747,15067.120256561604,1.0064639449273227,29.69835784396319,0.4605327668943855,0.052159932671990816
1233,584.1937319367397,0.13132534525877193,0.0,90.45587807708577,110537.9482519775,76.79075469999677,15059.72601338867,1.0061201940643618,29.703814613682972,0.4607813045481452,0.05280800093713367
1234,575.913942915131,0.1330315157332015,0.0,70.94115142663298,110623.40096156512,76.61445198850764,15052.335941996018,0.9883512798193198,29.78437938701353,0.4610200681652283,0.05240203731248272
1235,574.3422366041427,0.1392099887847532,0.0,74.23165886835844,110711.98209436558,76.5300650771985,15044.960280150312,0.976521840617911,29.852459997880143,0.4612869622956556,0.052971539442332016
1236,580.5114024475395,0.11992475321327245,0.0,58.15925359005735,110784.47360685098,75.66058108184166,15037.579198324784,0.9920564751310254,30.248428807913562,0.46157399386054604,0.05297417647172864
1237,580.0022706613811,0.12420342450084321,0.0,91.0347625104431,110889.99088736434,76.70123810467871,15030.202504474968,0.9962279235726792,30.33165826047643,0.46204173177357843,0.053198451619827836
1238,586.2411225124376,0.12454504944005407,0.0,88.61202248647207,110993.06536078305,76.66259050507854,15022.830426714037,1.0010711375644616,32.07721737123417,0.4625270687719437,0.05326619019347589
1239,584.5675055909073,0.11860126771045698,0.0,91.4936058502822,111099.23906297173,76.12405371289907,15015.462811349204,0.9892534184005558,30.646778393777428,0.4638471580897376,1.4166047465883622
1240,589.4629817164496,0.10969932434755991,0.0,90.28850597247441,111204.25302251831,76.02625716228641,15008.099734257763,0.9968614632485778,30.65510731716029,0.4634563142913552,1.4303492437454324
1241,592.4363172773839,0.10430341273354438,0.0,86.72469941395592,111305.70511793203,76.1938970418777,15000.741183554317,0.9996454368248292,30.40465372673611,0.46205157365434313,0.05364123972881174
1242,598.441223411681,0.09894319259639961,0.0,84.70548843060618,111405.1723424696,75.9038293245999,14993.387382749961,0.9970616198141548,31.417612277579913,0.46555808277964345,0.664035183200113
1243,586.800720309506,0.11133742430753057,0.0,89.8050881363259,111509.79145975501,76.2605202012774,14986.03761755292,1.0003280903403944,30.418658896327763,0.4664069092541934,0.05338592930749542
1244,590.6550512615131,0.10384019789861798,0.0,91.55388608248951,111616.05749605254,76.4157322906361,14978.692266603948,0.9974096043351451,30.449567603879576,0.46668725985221476,0.054910287430431026
1245,594.7792246436516,0.09760934874227734,0.0,83.6444757637924,111714.49221972944,76.23131806257047,14971.351619772808,1.0013911328752818,30.48534083070986,0.4669682450251472,0.055156263666056304
1246,590.645909323541,0.09967668717540501,0.0,90.15041270232194,111819.50231669983,76.21428630650642,14964.015372869766,0.9907112691453135,30.49703975953916,0.46720060446365175,0.054834884742128054
1247,596.1943780509994,0.09545091088112045,0.0,84.40240617701667,111918.52899028994,75.99973090677561,14956.683630480698,0.9987268916488141,32.145731334088715,0.46753168032572595,0.05476885035186996
1248,597.0376799261181,0.0928922370880253,0.0,86.02113353033454,112019.37611678778,76.0742270799748,14949.356269321159,0.9926251267682186,30.558611161594833,0.46860542045492526,0.05469388530706709
1249,598.338932185115,0.08978604598759266,0.0,87.68561245904986,112121.93730514967,76.45354857648248,14942.033377245261,0.9899509845180072,30.610748794889375,0.46884426784579053,0.05506924496601329
1250,601.2655964977994,0.0821992479677226,0.0,20.09771516318412,112156.94280588966,75.50196866386948,14934.715028172675,0.9696509368406289,30.904157536902268,0.4690967416212,0.05502020788626538
1251,596.2206978782274,0.08641495301604152,0.0,48.53499385599957,112220.40504493716,75.72456722933383,14927.401240784384,0.9373212318019328,31.376683658820042,0.46948105641829424,0.055149485309101465
1252,605.4790114857242,0.08079163467496542,0.0,57.43680206702817,112292.45951587397,76.00109758175822,14920.091905367897,0.9898712567120704,32.505007707615206,0.4699730862239027,0.9001596317216567
1253,605.8519665374923,0.0777831752838608,0.0,80.51560401742648,112387.85540104116,76.32669184201862,14912.787083599618,0.9881595954520301,31.766111817306847,0.4703630768873712,0.05506083456128863
1254,602.6483397782956,0.0716336853715811,0.0,87.70378871166875,112490.57765956804,76.45586008029392,14905.4867881128,0.9830036096304768,31.697399792489485,0.471056951995649,0.055074664367687376
1255,604.5954781428417,0.06484479846098179,0.0,77.89041314794098,112583.30538777064,76.37477022337025,14898.191186161122,0.9975590463559679,31.636290772072996,0.47051153598561707,0.05499176007850082
1256,602.7754776235374,0.0699854480246348,0.0,78.9152684431374,112677.09647009666,76.18675401195912,14890.89998274953,0.9854669052627625,31.617059792887723,0.4688196933120611,0.05470683756001904
1257,609.1308731233811,0.0682033287457966,0.0,49.3224374132181,112741.19589087804,75.52660560010328,14883.346595333811,0.9996190475388675,33.18970854587517,0.47409534615371846,0.05528399587059596
1258,606.3625209746353,0.0768804792628367,0.0,82.75814304011197,112838.99942148878,76.51286394498943,14876.064450343543,0.9881412446256223,31.66435825643353,0.4753530121683131,0.05492847683622415
1259,609.0017534413579,0.07192111638376097,0.0,78.94488681782286,112932.84923324644,76.09774040631623,14868.78684285738,0.9875698166868324,31.659877169574052,0.46993756127393793,0.05558702164076834
1260,611.2195421177645,0.06924304084928579,0.0,77.1033102786184,113024.92123500015,75.55104537274501,15303.301675832037,0.9953326070593351,31.610405581691797,0.4713883211058186,0.05526252082624694
1261,608.9493794948303,0.070571582922069,0.0,75.45715025213916,113115.39740587711,75.6642636465368,15295.790451058156,0.9941509802041558,32.52624927304949,0.47172217203315997,0.624200751701224
1262,611.0504366218892,0.0709231243795756,0.0,83.35716137904737,113213.7726092058,75.65892362476148,15288.283905001399,0.9843082040920657,30.89202448484484,0.47316364027589186,2.162519263819
1263,607.653674188707,0.08578763218321361,0.0,82.12557716139291,113310.97001451385,75.56687449685643,15280.781975223663,0.9910935792091299,31.17392041978581,0.47605767295881685,0.199718629884039
1264,605.4425175212821,0.08421286708563802,0.0,87.70035983845042,113413.60749519552,75.91589146761493,15273.284803007824,0.9870888464290354,29.892849615208387,0.4722411802633245,0.05486116347563552
1265,609.2637728846911,0.08422438912088326,0.0,61.05960142423379,113489.63527512708,75.16794505593364,15265.79200665404,0.9899187175471872,31.782252318995983,0.4715006508247049,0.0546831817143385
1266,603.8818420826788,0.09000665286644705,0.0,88.20728540209981,113592.8197846233,75.66769853609257,15258.303752497057,0.9862607452346503,31.766721199863962,0.4705139911799163,0.054795848866341146
1267,602.8902045765898,0.09007305567499124,0.0,57.34577124229287,113665.02179818053,75.13933471616124,15250.836168923619,1.007227347332461,31.825840214880778,0.47702901126239133,0.2614300551003268
1268,597.352101163494,0.09442089585026381,0.0,81.73376678656885,113761.61027590305,75.47672892127088,15243.373184458378,1.0107310840765906,31.845242894419133,0.4775864299156331,0.05432063683825561
1269,599.8815019113689,0.09053890924867614,0.0,89.56194987392216,113866.0457319321,75.81292195234991,15235.914814340827,1.004272945546555,31.783002974981134,0.47689419122852966,0.05441050241369538
1270,604.8060058816509,0.07692180142186789,0.0,83.82977702941609,113964.80072644394,75.34795658687494,15228.405211168943,1.0028787267627384,31.73721442658551,0.47683653463629533,0.054146238434370275
1271,599.6078527193948,0.07917175840053303,0.0,83.59932271841947,114063.43674265912,75.4867851799133,15220.900277578668,1.0001891475579987,31.712550468882114,0.4785821691962825,0.053747525520805084
1272,599.6581215940425,0.07977283544312552,0.0,85.03472956549845,114163.47709429434,75.15203422505881,15213.402878921946,0.9989399768317022,31.678362905195726,0.48170792380631344,0.052737507188325594
1273,599.0644890670708,0.0833517576186984,0.0,82.54927587972225,114261.03346741524,75.29391441217658,15205.90727185741,1.0043246942621962,31.389599765487734,0.47202668880568005,0.345368486809825
1274,604.4006375876598,0.07659993274822807,0.0,83.55557182652804,114359.64426872073,75.3435185926821,15198.715087365883,0.9961217508678487,29.40389992450122,0.4816918058075354,0.05408975330543342
1275,600.2695936965713,0.08938032475001778,0.0,86.02421735077968,114460.80973024566,75.29307923584709,15191.293405033748,1.0056953550680316,29.403058255236065,0.47986068963054024,0.05467779432309072
1276,596.4350198959796,0.09961843169682816,0.0,87.11563337262102,114562.97143809087,75.48307620364722,15183.878590579923,1.0053232260025684,29.422851182654448,0.4791228324588596,0.054626490544279704
1277,603.6141245446489,0.10796775339307729,0.0,86.8493261407288,114664.77619679895,75.52440371256188,15176.480311346008,1.0073488471400212,29.477592391929868,0.4797127223006586,0.05507427179040292
1278,592.1832569699815,0.11432756702198621,0.0,87.96593170613474,114767.64092000668,75.60353130048412,15169.096242333811,1.0047871422295134,29.825309594580173,0.4788608006973754,0.05447947088756422
1279,587.2428269276401,0.12005507949742478,0.0,91.38892330933487,114873.8674967505,75.80509262553221,15161.644985420013,1.0059987612718784,30.086283262046393,0.47822315668370075,0.5627256735262023
1280,594.9693008506118,0.10556568454245108,0.0,88.22210009353746,114976.82581013812,75.4697057982941,15154.207753152366,1.0043241627437838,30.607627756429537,0.47777459314171955,0.05535515192372742
1281,586.5442862645394,0.11414772998055134,0.0,87.7692614965039,115079.45452241857,75.4417403151711,15146.765827196316,1.0138239417171973,30.637646763124273,0.4766705653878849,0.05463264953486657
1282,588.4330559195356,0.1078387838093614,0.0,87.69796672254155,115181.90129154295,75.20720340084532,15139.337906393113,1.0086735636596345,30.93031314920954,0.4774480887199634,0.05447024839908465
1283,586.8226533206271,0.10973930885191352,0.0,90.23267188993506,115286.9445618687,75.7281152123384,15132.30333175615,1.0098003592521805,29.9020381366768,0.4774252957550519,0.2795127467363798
1284,588.66422363804,0.1062730489513698,0.0,88.50677734876108,115390.23328752404,75.33493158549194,15124.956380320602,1.0097687212821176,29.905718793596364,0.47654754862075016,0.05476936145824851
1285,591.2807185562785,0.1055510803908074,0.0,85.47229194761466,115490.509377951,75.33524266928238,15117.614487580578,1.0143082731253301,29.900162875058854,0.47642829331000874,0.05520125926373254
1286,591.446929764023,0.10740764917295509,0.0,84.4805197814887,115589.95193629095,75.40752277942231,15110.194949448929,1.013920365314278,30.076780665579793,0.4759783806713872,0.7373826640880452
1287,587.6452709542086,0.11651565443834289,0.0,88.91474402356161,115693.83122140152,75.92749986257952,15102.948654676262,1.0104408372891958,28.956642370564655,0.47567635996107477,1.0694540355567383
1288,590.1965567152961,0.11638406349959929,0.0,90.49068164158656,115799.19788575218,75.82819070565841,15095.538039638635,1.0128731235757398,29.007890847422352,0.47488557694423733,0.054720657617998825
1289,587.4391132110403,0.125498937382853,0.0,87.59052159409313,115901.7236819944,75.61591059617484,15088.317943263824,1.0237328537586725,28.19598730703736,0.47410308153191255,0.05409327387687313
1290,581.3040542901964,0.1339410268239003,0.0,76.0876634269884,115992.86976621325,75.92026718966041,15567.581347719859,1.0286312755778544,28.96471534780587,0.472960860875189,0.16620755691653954
1291,581.5062750648295,0.1390595604846142,0.0,78.74866083062739,116086.47586414874,75.71516266345635,15559.925916515109,1.0184149146367574,29.17304645652439,0.4722602021556563,0.051736869367175586
1292,578.8830823163142,0.14449669479869487,0.0,80.76797477418222,116182.0697032444,75.88821956919779,15552.274959556147,1.026593477368231,29.28857816017577,0.471692869278872,0.05345198919300742
1293,577.4322601744657,0.15012386900488028,0.0,81.65428647178089,116278.494943502,75.89096063184347,15544.62892591548,1.029562707827176,29.372607615189892,0.47121035481001594,0.05284866589372683
1294,575.6270702874049,0.15361100898143853,0.0,81.92736835720146,116375.14625447526,76.05916459704467,15536.973798458564,1.0303713307602962,29.433034096459373,0.4707939012607681,0.05009383652383548
1295,573.8811752251605,0.15865234499160397,0.0,86.99714683259356,116476.80833103905,76.16630645061707,15529.33588129529,1.035407324006823,29.52131012300557,0.4704295100717902,0.05145524029352799
1296,570.5619341297182,0.15887629583248764,0.0,88.93495564615802,116580.32068751981,76.1870374573062,15521.693538510051,1.0237227015638977,29.61692351306264,0.4701264733671524,0.05295543504078637
1297,572.3138032388975,0.1539871007831386,0.0,89.81163078833998,116684.66491834981,76.0346041853418,15514.070577646884,1.0261556964663374,29.702738943656318,0.46988525342276344,0.05351114950135383
1298,572.4845890966277,0.15041630747963952,0.0,87.67285064850446,116786.91316130965,76.01728557537892,15506.443482251867,1.0328594885793954,29.773972989199866,0.46969832840944925,0.052460094722754036
1299,574.6984247412612,0.14636540809516596,0.0,86.94710241412267,116888.45587693466,76.07081831761698,15498.821598247761,1.0268343012699095,29.817373199522688,0.4695564897311143,0.05042111184069853
1300,579.3774432588251,0.14096592781662687,0.0,84.40627958204175,116987.4988124903,75.8681806280811,15491.20439016099,1.0259354128431832,29.835573049672355,0.46944420147032917,0.05236157910785977
1301,581.7472480671274,0.13830417984964216,0.0,87.44723158138538,117089.64240496582,75.98299747293005,15483.6011002063,1.0265112067861601,29.820428108889352,0.4693458406835816,0.05169265361249842
1302,579.3413873368662,0.13082405805100794,0.0,64.09533577510126,117168.46840748761,75.24346960246083,15475.993225076933,1.029738698491565,30.151279853099272,0.469245435997715,0.05267288299829431
1303,581.5774080500807,0.1272536882674039,0.0,87.21477263144902,117270.48915342898,75.70298267831161,15468.390017169324,1.0227953235445686,30.25388351798378,0.4693126278193052,0.050420928816578225
1304,584.2420387623104,0.12407432405304375,0.0,89.92487305013793,117375.25982414588,75.84558486607743,15460.80069837147,1.0254896334718455,30.298059341313888,0.46942805982569713,0.04841010909055399
1305,581.9457617007638,0.12439474910907466,0.0,83.75747920714605,117473.89775531556,75.8361275766018,15453.20680605647,1.0384301697766898,30.340745798398824,0.4695604418187562,0.04880264309115745
1306,583.9070875519161,0.12322035139525944,0.0,84.15395374161554,117573.1504385466,75.60835347390282,15445.6175722717,1.0487958351604825,30.35131357831339,0.4697071357441994,0.04988406470693718
1307,588.236298942651,0.12110771177238,0.0,61.974117188002,117650.39761591742,75.33705574469292,15438.03299411721,1.0172256811756997,30.339310144255556,0.4698513115089874,0.04562617928353063
1308,590.6981271534637,0.12317223150551038,0.0,83.49058686683415,117749.16575400824,75.47730950204837,15430.453068693567,1.0335633020385955,30.375006783153296,0.469984313647533,0.04648266378544008
1309,589.5520157685722,0.12166278898675142,0.0,87.35789004728912,117851.80853384592,75.46701498185894,15422.877793101841,1.0434871964375034,30.38911586253704,0.4701279450976807,0.049103553088720275
1310,592.8867333282071,0.11899934884902541,0.0,87.25656345587367,117954.31988680028,75.67060332244245,15415.316338608161,1.0342060152165986,30.332104786006425,0.47027027457488535,0.048598248158967294
1311,583.1711794422579,0.12547363312778215,0.0,91.16905338530614,118060.7663151077,75.77562112135077,15407.750343894053,1.0383852399752107,30.400776683499267,0.47037773070205896,0.04733136855152509
1312,586.3948860474118,0.12338456472507853,0.0,87.6657986000975,118163.62414092242,75.79955932630403,15400.188990329423,1.0400393587345205,30.428013635482117,0.4705142459599183,0.049651815618325656
1313,587.4242724201148,0.12285929151478825,0.0,88.09130820121376,118266.9314562257,75.81746494168269,15392.641429009982,1.0533237456898343,30.470328819940534,0.47065639943967313,0.04813295956547137
1314,584.4631077127085,0.12633024153352845,0.0,88.61506361218841,118370.91770175708,75.81318028844494,15385.098492977708,1.047773322339461,30.501971410285098,0.4708129965498037,0.04770761596409301
1315,584.9010933513804,0.1270579114333219,0.0,86.08081868539901,118472.33852361316,75.59347302417724,15377.551025355631,1.0447428731174861,30.5368901106009,0.4709775773790014,0.0454815015048311
1316,586.9460487174964,0.12603746256388604,0.0,90.24592521489083,118577.91780342476,75.7855205821835,15370.017331244751,1.0501842683311244,30.566900976456438,0.4711521329339895,0.04596908089819607
1317,585.7332118768055,0.12697218126904597,0.0,90.13527843354495,118683.38337005532,75.68356424101053,15362.479109846214,1.0457224901091522,30.589962973768092,0.4713325586886022,0.04614078349343487
1318,587.4758589917082,0.12461031387999821,0.0,71.72230831242419,118770.41591325129,75.53836131974658,15354.945512258688,1.0389402215279988,30.648076835377402,0.47151527293312934,0.04767995424175808
1319,584.3636378464287,0.14193859608924486,0.0,86.98599626027033,118872.71662900344,75.30609485109801,15347.416535589009,1.0339013789030922,29.26035665273096,0.4717168079628727,0.04777037064978629
1320,588.2024754110449,0.1312834798542616,0.0,87.1752919301874,118975.08811096584,75.4902252216277,16961.00087472478,1.0510940065699592,29.275109675439367,0.4712253896674325,0.04818887397663474
1321,583.9323104479009,0.13888832744257884,0.0,91.44521792208926,119081.703984237,75.86010777924368,16952.589518071814,1.0419139871865957,29.32862328708589,0.4707659350632831,0.047714099151058065
1322,585.5779482540537,0.1401054085742457,0.0,90.7284253538408,119187.53003123852,75.73075139584672,16944.192364503426,1.040815336288557,29.379408442440138,0.47035630400316386,0.04721453245303309
1323,583.0341978408903,0.14327986653545022,0.0,89.30545197273662,119291.92390016094,75.60478219528382,16935.791199946216,1.047210803238084,29.44175627032161,0.4699926608935849,0.048849685946642296
1324,582.9608343727922,0.14501950996572854,0.0,92.65365289461911,119399.62341380739,75.65386790233535,16927.395131713558,1.042579242894256,29.52167357869134,0.46967745328354576,0.04881177760368871
1325,583.4953121764504,0.1463726522469515,0.0,91.55987635295591,119506.20974480067,75.61607297367058,16919.011053183945,1.043622294524088,29.61762046533033,0.46941761981882874,0.048700780474305816
1326,587.0876779360334,0.13582027290136034,0.0,71.00833852623398,119592.22347575061,75.6066548602511,16910.619446706238,1.0547613025789992,30.05277426137191,0.46921829320612524,0.04911927416817008
1327,586.3707856540881,0.14264366640530735,0.0,89.54908933407904,119696.90134304343,75.77129641208134,16902.233233071653,1.049587388766471,29.939438416871745,0.4692431094437925,0.04891155001477898
1328,586.4393732126762,0.14356056142067675,0.0,77.54557027780714,119789.49752567973,75.59418541044441,16893.861707494565,1.0275121902687814,30.00850723814643,0.46921114490408805,0.049620599193374915
1329,588.3695783992912,0.130977521410356,0.0,66.31185060602155,119870.75856226457,75.55162103075624,16885.494484086765,1.029258248328017,30.563566772602748,0.46921461858758595,0.049936129946800634
1330,582.3747051147565,0.14117310722681353,0.0,-3338.547023741053,116547.26198517537,75.32087977258197,16795.253268760633,1.0173753387761104,30.431982717280537,0.4694910564068043,0.04914817363015089
1331,583.6172641835223,0.13656532329968685,0.0,67.82134167938412,116629.91837957423,75.53083877651471,16786.936432379138,0.9730932566691128,30.51849594021771,0.4696605908453154,0.050178567636159244
1332,591.9789412563875,0.11604213922919515,0.0,71.51491817155596,116716.23079649608,74.68766267505595,16778.623533009893,1.0294948194727953,31.002816763817492,0.46986383815292,0.050346080721134
1333,588.5094571281153,0.12442360608155245,0.0,85.57901396009026,116816.79583305871,74.90192754131589,16770.3076699861,1.019382615620413,30.829867470503366,0.4702952194695044,0.05034975376872097
1334,596.6724889609488,0.10510415199031187,0.0,72.04624179564985,116903.73613281667,74.49369147683655,16761.99682697952,1.0356100749832027,31.305703436637632,0.4706198725437843,0.04968092583276018
1335,594.1395083461287,0.11306362803034276,0.0,87.61318918727468,117006.42630844872,74.85225714930212,16753.690701720272,1.0164672061870283,31.013803545130145,0.47116271222414036,0.05062891606546316
1336,599.1070201692304,0.09531927608216706,0.0,72.10426513771645,117093.53406990689,74.62859053932588,16745.398850534064,1.0289075048576979,31.516649906024963,0.47153424243801045,0.05071587704706104
1337,595.322731910157,0.10404216303356384,0.0,84.86181965437342,117193.57757111378,74.97723287703113,16737.112082538006,1.0326434477369941,31.247744776448446,0.4721345380707442,0.05098630445489505
1338,595.7078692501071,0.10287578958862997,0.0,83.87147429350239,117292.52240549389,75.11852729666073,16728.821289641637,1.0334381027424355,31.274813692369843,0.47257221742147426,0.051346569748162096
1339,598.2359380573055,0.10049814409544788,0.0,88.09751902851568,117395.70512530864,75.02556835983886,16720.535506912594,1.0217050822597613,31.27724286212156,0.47300107035851363,0.05150239054092509
1340,599.5642432183606,0.09224315545867823,0.0,70.80638925440931,117481.62461743238,74.7188280234719,16712.25473125793,1.028060501950283,31.83024170115004,0.4729106793416277,0.051362388089756905
1341,595.6220055944264,0.1006812260357256,0.0,85.53468268154097,117582.35358295868,74.83688353637514,16703.978959585573,1.0236743847094787,31.48123556159877,0.47409450882825954,0.05055852934027172
1342,595.6579719192177,0.0962534062110576,0.0,73.64701836531549,117671.11088988741,74.53144769380323,16665.234699474917,1.0301862230148842,32.082277298625584,0.4745487150301144,0.0502842336965017
1343,598.3408154928793,0.09409221169199322,0.0,83.1676552299829,117769.43117246687,74.61397469034597,16656.968926494505,1.0198332980361877,31.609078763329777,0.4749633390578771,0.051515331958121635
1344,602.1082321416008,0.08428218808412846,0.0,64.33749079671924,117848.94753399878,74.31431375940392,16648.70814822552,1.0331010819883106,32.11925078639787,0.47291297389143055,0.05173053675227379
1345,597.3274570083615,0.09027881059694165,0.0,80.59504957264616,117944.84054541617,74.51086444638355,16640.45236157947,1.0237336535385908,31.739164850342412,0.4761960882951985,0.05200065515550989
1346,594.8447644043705,0.08610021628780384,0.0,70.72910418370986,118030.76540628633,74.71016226238814,16632.201563468792,1.0341401519582523,32.328840883103325,0.4749564285450669,0.0513382838405434
1347,605.7734377475384,0.07861171889567442,0.0,76.74202917190695,118122.76478807467,74.70980886250871,16623.955750806846,1.028006260854416,31.870578534252225,0.4727200976593337,0.05227622962151912
1348,613.0957436541993,0.06952249404153499,0.0,65.28859327325267,118203.37232248053,74.24590390295249,16615.714920507926,1.0289045339178708,32.46918321299675,0.47114861672385155,0.05218165576114586
1349,611.7453694050679,0.06803221558786265,0.0,81.31551594375776,118300.10999301965,74.59554795674183,16607.48798906412,1.0166620064609295,32.05706039495797,0.47849173631866304,0.05095526014075347
1350,611.8743621603826,0.06006661992990847,0.0,-1032.8543170231173,117282.68474171395,74.17807114001074,18529.461571259933,1.0303728461889303,32.69709346645632,0.4720302754387327,0.05175054015010261
1351,607.674166387924,0.0671275606126408,0.0,76.51553631694884,117374.71204409219,74.53197273154473,18520.174047287885,1.0234016139074227,32.234890105664164,0.4725510968783832,0.05269680865678339
1352,617.0317580274153,0.05869243180329209,0.0,61.59735277047528,117451.73837520627,74.24976645509356,18510.892077243352,1.0259132291837978,32.91028257376876,0.464638080627873,0.24465319102221628
1353,619.2743149120535,0.0565301901346732,0.0,47.20156813006858,117514.4772930979,74.26441955591824,18501.615657724076,0.9893534562692197,32.38554563062597,0.47034334601740935,0.05257016688188543
1354,620.9225169429421,0.04693182496304882,0.0,56.30845352254289,117586.30179386771,74.13639670158209,18492.344785329347,1.0218776676978685,33.14154648481596,0.47044939617632725,0.05239335078829299
1355,620.8616895865465,0.0568499451001897,0.0,53.760801905869215,117655.71580037753,74.36287736202284,18483.079456659423,1.008025473670493,32.506926745045064,0.47140013717061785,0.05330256017299462
1356,624.735940565537,0.04834428626034548,0.0,60.31038404018159,117731.60110525088,74.13150264358296,18473.81966831579,1.0163762094628306,33.197494125216735,0.47157410561139873,0.05336452595590657
1357,618.789094315296,0.05887058592761729,0.0,62.96857982180012,117810.22272552067,74.0726019135884,18464.574268023473,1.0273784791990854,33.34596570482586,0.4716773005571083,0.05254570511265655
1358,617.2043272096678,0.04905398409818729,0.0,63.90949364905032,117889.65949125703,74.06868461517655,18455.32554040544,1.019425555229435,33.50257680672453,0.4792258617239836,0.05344156113183374
1359,615.0598846851294,0.04661210343212974,0.0,59.26449649432783,117964.53902135807,73.70755237147361,18446.08234293606,1.0280886733107024,33.63318871832929,0.4788776257427214,0.05332380838792261
1360,622.5599331994976,0.04597851812349685,0.0,66.68036527606372,118046.8631023448,73.79386562499569,18436.844672221636,1.0061519406639605,32.92837080704584,0.48927221782394165,0.05360808027922559
1361,624.0676925796457,0.041389110838991106,0.0,58.643742658677326,118121.15517770212,73.65432326267536,18427.612524869677,1.0245556211124884,33.65581960909323,0.49097885006864134,0.05400115337345568
1362,624.8884801905053,0.03856504011045614,0.0,58.18578325736377,118195.03588838286,73.61672147526232,18418.38589748893,1.0270153489708718,33.742942859082014,0.49161312483265523,0.05412040985843447
1363,627.8249303861342,0.03359011940031298,0.0,58.14994726857549,118268.89688475081,73.12970149846703,18409.16478668939,1.0258341226278478,33.8414907491322,0.49144775364637827,0.053890234434341266
1364,626.346230291944,0.035196884684215,0.0,58.49592357129521,118343.15360064158,73.2280638450625,18399.949189082286,1.026389882121595,33.93243106786313,0.4844113701037324,0.052894329851483235
1365,629.0084179338066,0.028259233062879474,0.0,59.007065279883875,118417.91618040082,73.21408641355875,18390.739101280113,1.0216124096496793,34.03217933616922,0.4868552358517756,0.05382443729486397
1366,627.5120247788791,0.025910728812971295,0.0,60.05839294175868,118493.78533343329,73.1690107978529,18381.534519896613,1.0193004367129619,34.13058085799609,0.4886361832789572,0.05270929270339764
1367,623.4733644575088,0.02548090900541089,0.0,59.560616603237406,118569.17072271011,73.27275952780546,18372.33544154682,1.0235881782725835,34.20940114664675,0.49463983625231034,0.053920339837915776
1368,628.5833958762627,0.020337268935195163,0.0,57.53091902376056,118642.5459427934,73.20377441012609,18363.141862847027,1.0212843013089892,34.27018294184446,0.4954070779996153,0.05450689090301353
1369,628.7027300774782,0.020895267448928667,0.0,57.82878474110041,118716.27141421808,73.20658008564695,18353.953780414813,1.0293888198950978,34.33835829910321,0.49559328556692933,0.05427760272898752
1370,632.5681502898052,0.02345345600685045,0.0,65.8768939153779,118798.13979926644,73.32298121281035,18344.77119086906,1.0210132242864383,33.695817422642776,0.4962638291278751,0.053389432541514736
1371,635.2868185698419,0.018725144476639866,0.0,58.504840770446606,118872.61131592604,73.24496548755253,18335.594090829938,1.0300479760447443,34.386596822056305,0.49504773192167756,0.05433262607412104
1372,634.7816659895842,0.02194836637794295,0.0,66.70817836626526,118955.34498637862,73.50154764200276,18326.953752052683,1.0188560209559092,34.31048176220607,0.49602709899322,0.054040128965645806
1373,637.2588421700493,0.018417349412818584,0.0,61.2624844636978,119032.59014320915,73.38562534563724,18325.97310814343,1.0298405109772713,34.77519607795126,0.49951449242700807,0.05446700541266125
1374,639.9128362825539,0.017927529007603193,0.0,64.42762701548807,119113.04569784635,73.48351171470821,18317.20515671061,1.027778149335911,33.26787909530693,0.49848444895622,0.053342253893298164
1375,629.2117550638189,0.03143554943985549,0.0,59.97293673499118,119189.06622418412,73.37298061060746,18308.42055996981,1.0488636015412378,33.93426663779741,0.492301216022449,0.053406243806811915
1376,626.3070754250779,0.038637671662010376,0.0,71.89739403851408,119277.13645672335,73.76216106305078,18299.629948697675,1.0338320303483273,33.18941306884099,0.49578964730686886,0.05307644960022628
1377,631.7968399274456,0.0323531685419719,0.0,63.126532297666614,119356.36272121954,73.39600672462367,18290.804341275125,1.0455953649698797,33.84452721833253,0.4944692671105085,0.05482698360171412
1378,639.8926281036806,0.02482732908922447,3.793573058806201e-09,67.20193252272554,119439.79782485732,73.37624180426661,18281.961994313122,1.0426195434922236,33.14181602485002,0.49485464809592244,0.05367801822495011
1379,635.7835927995069,0.0323367144515645,8.877158177143062e-08,38.61666599597055,119494.86270639974,73.0221555760479,18272.817189212215,1.0483673733687398,33.642365398988794,0.49428278907925666,0.054126969201014674
1380,629.7048535952335,0.047776338517677264,0.0,-1605.985114289193,117905.19484246189,73.21744591930413,20470.6705228305,1.0399989263086142,33.9393012763701,0.49809577417958495,0.05409709447927469
1381,635.1937799307912,0.04077118707574878,0.0,58.77155847110626,117980.11506830099,73.4289937074186,20460.318112389556,1.0407066574009523,34.031305172024005,0.4991523805715664,0.05336090753061029
1382,619.3427178159575,0.06217326193372019,0.0,65.1303781671935,118061.42395952248,73.60425142511997,20449.97185468549,1.038116047515538,34.16985438516878,0.4994235285213815,0.05393597890543589
1383,618.4715007763276,0.05925910984288818,0.0,65.15645567381688,118142.48083685673,73.57896526778505,20439.633046747695,1.049559467599928,34.771693680241825,0.4994376308545232,0.6997744788344704
1384,621.104316984594,0.05857462243053457,0.0,61.82615052573547,118220.22034366945,73.35584601466542,20429.3019100546,1.0442367991421453,34.40393000903436,0.5032982745206531,0.844784658173964
1385,619.7507451022099,0.06024234899387804,0.0,62.4473366100668,118298.55544763795,73.36131405289562,20418.97792518582,1.037457246466576,34.7250440999121,0.4989837078979105,0.7879666015426849
1386,621.2179373538634,0.052210977492759936,0.0,60.78040594054934,118375.19752529211,73.36691075467105,20408.660006359434,1.0423708881331235,34.55079082971817,0.5015075169750628,0.9682215397745608
1387,616.7632776764425,0.056615438225220416,0.0,61.96294675151452,118453.07800526224,73.57155623895089,20398.370140846346,1.0240489019255326,33.66698752808436,0.4999572838283877,0.05520287318149997
1388,620.4110392523752,0.051467743275795175,0.0,67.24569259564382,118536.18868979285,73.62013096134285,20388.082692073483,1.0405478437626101,34.37065047411242,0.506674005711883,0.05485045744527639
1389,623.1513533287912,0.05308027727552633,0.0,69.7767915953645,118621.91116711682,73.72050028365969,20377.801344696196,1.0432856359404432,34.405274756163564,0.5051251828016121,0.054177255090500864
1390,623.388770869911,0.055216199501926355,0.0,67.32731891466591,118705.23019770428,73.67903818008512,20367.526094871082,1.0425060443131715,34.3026872205578,0.5042795864075449,0.05413621003500424
1391,629.849743674537,0.04654225484068075,0.0,68.37677677449418,118789.57081227293,73.6829070898654,20357.256938757397,1.0378961274871943,34.34263182848168,0.5034555383783954,0.054005490336528794
1392,636.0402218505437,0.03941359674195288,0.0,62.28103580389478,118867.9277390619,73.68378088790136,20346.993872517043,1.0473143560927587,34.35438303336755,0.5033800843202729,0.05442660945430333
1393,642.9300629292363,0.03018123114378446,0.0,68.96339398274716,118953.01992897458,73.25289382842453,20336.736892314573,1.0459083327756193,33.628064752799844,0.5029273968977165,0.054456909689896804
1394,642.2519625057295,0.028644538337611603,0.0,65.39235275351916,119034.65539821298,73.23555963096227,20326.485994317176,1.055091735214381,33.550351335975876,0.5027886072880998,0.054237024223212416
1395,646.3444908497803,0.020877316787032307,0.0,67.95389584017883,119118.85688001133,73.2220306026523,20316.241174694682,1.0446132795569412,33.48045289280683,0.5030592857902954,0.05468010206288909
1396,643.3396336228726,0.016656994695099847,0.0,60.349994819415315,119195.57280466496,73.14704621553858,20306.002429619577,1.0522227606295864,33.96979948009054,0.5015213899901385,0.05547581829283388
1397,641.8010516274809,0.01946297927949958,0.0,62.89035318989227,119274.84627249524,73.10096469335255,20295.769755266963,1.0402605939804537,34.06392037178197,0.5009002722225055,0.05543261667398269
1398,638.2141530147633,0.024175314279944904,0.0,65.0299765935656,119356.23422291108,72.77162950291157,20285.543147814595,1.0424532457197937,34.15813988925392,0.5019764782563582,0.0549856306036105
1399,638.1964429421944,0.02360127049424121,0.0,63.34619975776033,119435.90522793154,72.85933850160389,20275.32260344285,1.0435891052611168,34.41678230420553,0.5014710289223039,0.05454631374477259
1400,639.9826774842151,0.02002187799222388,0.0,62.47216154972182,119514.71536576054,72.88615759197317,20265.10811833475,1.0466515386581396,34.47040277644424,0.4997339229217189,0.054577617091773334
1401,638.0010063912022,0.02444134310978663,0.0,-395.71019088059694,119135.35562969426,72.59100720822305,20254.89968867593,1.0312602190942084,33.7353314435684,0.4986732927329073,0.054820949155505616
1402,635.9815350430351,0.025840590818607456,0.0,68.47674229878714,119220.1528903665,72.6398405385932,20244.697310654672,1.0367911406881491,33.66774413589245,0.4993876695843072,0.05537386280554557
1403,640.8575829466942,0.025362042687586905,0.0,43.472588596936106,119279.89806649866,72.4845164363946,20228.874089360284,0.981676717394125,33.62839874715955,0.4988923080716219,0.05494161033477951
1404,639.1470692452714,0.02946772293961719,0.0,64.7620006890574,119360.81405968909,72.4790918092065,20218.683803189455,1.0342655933882234,34.35220241972269,0.4980621825226519,0.05407144802281749
1405,646.0622525366588,0.029859016726517695,0.0,65.43801445419138,119442.36983327466,72.41791206296672,20208.49955723675,1.0357419623312876,33.63074169904804,0.49807578635675503,0.054836812703690896
1406,649.5373549119092,0.025646459125081233,0.0,69.18143077838565,119527.69440381441,72.37235189318855,20198.321347700927,1.0324854209076206,33.596705599494065,0.49808934960712087,0.054805476509905304
1407,653.8057356941168,0.025187101023404823,0.0,66.90763622084381,119610.7789116964,72.45269031970285,20188.14917078337,1.0338919090801548,33.418885060535814,0.49644727834025565,0.19810031630386504
1408,654.3172110044463,0.024589939120271853,0.0,57.559498313914105,119684.543184395,72.45431580904314,20177.983022688073,1.0119164841897486,33.39001240649747,0.5077140131360073,0.05421092832547458
1409,649.4830814171532,0.03627309829923209,0.0,63.138830247223154,119763.84493740795,72.5798079406895,20167.82289962165,1.0107948416109493,33.40606717469164,0.5070573256060084,0.05488231928304543
1410,649.9118644367794,0.03623320480600811,0.0,62.037078793608316,119841.91790819017,72.4465531325718,21399.842085293963,1.0230758698543256,33.37777476789712,0.5116323868474264,0.0545954265090387
1411,646.7457049643112,0.037904889233074,0.0,68.57937196677005,119926.5387522133,72.52649254798709,21389.010805607435,1.0316792394847942,33.36714324348095,0.5098709500979364,0.05281920417707653
1412,644.4172445995575,0.04838907052086272,0.0,72.12484275571384,120014.67782431487,72.56302635407745,21378.18591534269,1.0185207643547378,33.34960504219015,0.5038019103106781,0.05448824794220286
1413,644.6233823103356,0.044515530327584485,0.0,60.174687194009266,120090.77072465375,72.3510883055613,21367.3674105101,1.029895411316931,34.11720919938852,0.5047519580860966,0.05355233522927705
1414,638.4620885768259,0.05305505425538337,0.0,73.9837507062008,120180.6992839278,72.58760661638772,21356.555287122774,1.0245465708486636,33.45976966909381,0.503322539169249,0.05345782624230111
1415,631.5860479246354,0.047860816811340245,0.0,61.68178756795314,120258.22073869454,72.31858764946028,21345.749541196517,1.0278590683197122,34.252057004036146,0.5023649316621908,0.053940142464682594
1416,636.6609481178788,0.03746382641039625,0.0,60.50323862112657,120334.55034162026,72.4301497259319,21334.950168749852,1.031262636891768,34.332376975078354,0.4993691289194924,0.05405732426731902
1417,636.771196046222,0.045819814090565236,0.0,27.249621701690728,120377.72761815027,72.54095854178134,21297.44393092616,0.9381656792556295,33.56708469668058,0.49836495423052835,0.05353843333148234
1418,636.090614415617,0.04417664715645819,0.0,18.52180892219465,120412.04295776534,72.21214609407258,21286.657293505094,0.9063534999122388,34.32278941328471,0.48733453243972796,0.05302373058208332
1419,635.1125501641166,0.04585749245585713,0.0,46.12610316831723,120473.86478021003,72.36896788976142,21275.87701763545,0.9729620429530456,34.51574741447349,0.4858692764387937,0.05274059182932689
1420,638.5627674786725,0.039036497203059906,0.0,51.44356035595163,120540.99270529706,72.21526998653576,21265.10309934658,0.9838902784200967,34.68467717897094,0.5013067981374288,0.05335003119033388
1421,646.5366228703476,0.04198241588862428,0.0,56.20580229484975,120612.9226581702,72.4246084696216,21254.33553467055,0.9793951591170009,34.8338572860361,0.5008208383713393,0.053282405825264334
1422,650.200519566993,0.036636966161610274,0.0,58.862199445905816,120687.50810666387,72.30685771142478,21243.581538113216,0.9852480547772255,34.937013495325225,0.5010370987453343,0.05314165002878468
1423,647.2871643334452,0.03557228699648296,0.0,58.67312628031709,120761.9416335893,72.33023743493317,21232.826660829516,1.0002721346068915,35.064206916069146,0.5061502149435889,0.05179103976595201
1424,647.0374550287079,0.028129126033915375,0.0,58.36961560362718,120836.14851186279,72.64872171526417,21222.078125279764,0.9985221129554702,35.13048266715646,0.5069834822623044,0.05314672429923917
1425,648.2437015493829,0.024933237546612252,0.0,61.05780754586752,120913.13486789187,72.75199579410635,21211.33592750679,0.997310339601415,35.18984496410679,0.5083686582804811,0.05222085418118638
1426,655.238088965642,0.015970259146796395,0.0,58.28770919466709,120987.39537774058,72.67246884885753,21200.600063556132,1.0061680283192904,35.26210347839788,0.5085586964957935,0.05224845110085852
1427,650.3753229763668,0.02454577878652131,0.0,61.861608107503,121065.30659611576,72.60470120377232,21189.870529476015,0.9901900804938962,35.33790262948737,0.5046018097588315,0.05175465313481453
1428,650.3639834698051,0.021193208290770094,0.0,59.39242337391465,121140.66306260998,72.64454173252064,21179.147321317345,0.9919051196287753,35.45687323968527,0.5046154505522779,0.05191318493251629
1429,654.4649240331563,0.015538901868103472,0.0,62.838032500758544,121219.47399403542,72.9444370387051,21168.430435133723,0.9944228101814216,35.553912543213855,0.5071661741565239,0.051809468568698946
1430,653.5633966081423,0.016359828813147903,0.0,60.093472421868796,121295.59040468399,73.00098665643165,21157.722167433447,0.9945116743279617,35.598977310142736,0.5093419423438146,0.052026043717489756
1431,653.1768544289305,0.016784542479826192,0.0,66.52625286778988,121378.10818348265,73.0978179441902,21147.021637016573,0.9963374399618383,35.66196842434173,0.5091768895890515,0.05221030422065098
1432,657.4769579266158,0.014100833391714973,0.0,61.05576561962704,121455.1654178765,73.04487233786769,21136.327403719424,0.9978301851316627,35.67375217694991,0.5093488284617401,0.05222256921049251
1433,656.295948016022,0.01572802126244288,0.0,62.864126865917285,121534.03526682187,73.11650889266863,21125.639463696967,0.9976029854073146,35.76202170459561,0.5074247909595919,0.052450477645741955
1434,654.2703815206921,0.01587490730493557,0.0,64.14695711670109,121614.17873603999,73.05103764218438,21114.95781310616,1.0010484825872883,35.823753260250236,0.5094755557544391,0.05234056702266798
1435,656.1277743838681,0.013503456952075443,0.0,63.40380733825364,121693.60265440174,73.00131508919388,21104.282448105972,0.9953409597527367,35.87301572032524,0.5111818112945242,0.05280733964010409
1436,656.6203861909985,0.012092658125720357,0.0,51.039639417873786,121760.68604654213,72.93528729311736,21093.613364857356,0.9970641904783138,35.916121725458396,0.5111954159831992,0.05244314837617736
1437,657.8155880213174,0.009521612547175207,0.0,60.404828676507236,121837.11846889275,73.04771210138551,21082.950559523266,0.9916371149601957,35.91963809921711,0.5112090302684656,0.05291574258343701
1438,657.019904519263,0.01118781380606304,0.0,60.891161970742274,121914.06448302968,72.99645122897421,21072.294028268665,0.9927117777171308,35.99348385764034,0.5112226091312613,0.05341659617726435
1439,659.2476862831872,0.009640664592333481,0.0,63.510503023272776,121993.59995998784,73.02073638068998,21061.643767260524,0.9934814413008256,36.05992907914165,0.5171688930616344,0.05301681456570151
1440,662.3240464720978,0.008303732479196468,0.0,-474.7876041873227,121534.84619070317,73.05360778454826,22520.989050259494,0.9970132568338015,36.09862147725378,0.51724532578216,0.053065683770476824
1441,660.5048517138789,0.010720310392741239,0.0,61.080661037647104,121611.99716383622,73.04203927553678,22509.54282415055,0.9953591117449647,36.1215944029532,0.5166385965735093,0.053151057099114496
1442,661.3903066643755,0.008836047554728998,0.0,64.2149443996843,121692.2627596613,73.02513602650596,22498.103301472867,0.9923651023327703,36.20068971263383,0.5173995454272939,0.05312315573250004
1443,661.2486899416463,0.010452659653433227,0.0,64.23499134102926,121772.5570485914,73.02848748634429,22486.67047815684,0.997704538856405,36.16577275207929,0.5174948459846194,0.05346507659204036
1444,660.1026359191187,0.010923705106098303,0.0,56.828502677710844,121845.46333785716,72.96065830695298,22475.244350134948,1.0021689763419583,36.20507071266253,0.5188768443148696,0.053359398290602655
1445,660.3824501711618,0.010867650469253753,0.0,67.7461265633475,121929.28533162958,73.11852821952988,22463.82512865174,0.9823625503035085,35.48920295058302,0.5215076026370619,0.05339434974163737
1446,662.0688976412906,0.00981785601393459,0.0,68.85545658786529,122014.218235167,73.28558454241647,22452.41235897124,0.994307026055329,35.457598647971466,0.5226408222399118,0.053689138117213986
1447,661.2076013971855,0.008251472758864176,0.0,66.74772293423621,122097.05554326015,73.13758980763903,22441.006171711204,0.9976432600345955,35.39975670702106,0.5239570031114597,0.05363649011546556
1448,662.9046515955929,0.006575377455944387,0.0,67.66247203615777,122180.80567214018,73.09113958494258,22429.606709985026,0.9973921834196141,35.376501836086405,0.5186442860719787,0.0536238353127203
1449,661.895583213969,0.00971261158269665,0.0,72.12093308536741,122269.04084993445,73.0975561759985,22418.21399749943,0.9928571972667564,35.36591674139391,0.5119866099652568,0.0534070849131254
1450,659.9616718185405,0.007562460469100807,0.0,67.6743584418872,122352.88510689259,72.87538915199387,22406.827955949306,0.9890208489326643,35.28777873256856,0.5116164707198125,0.05428975610604425
1451,658.6278084206419,0.01069276645279127,0.0,64.83651753482326,122433.8932856953,73.16437247568051,22395.448581282286,1.003818246131514,35.283966157367935,0.5032588629970125,0.053614293102604904
1452,652.9419202656204,0.025532507754631673,0.0,69.97149090219474,122519.994922899,73.24731739272333,22384.075869448443,0.9940952948594179,35.241482711890576,0.5032722374271165,0.05369542041322006
1453,652.8832630027675,0.029781400314630724,0.0,72.9953945193704,122608.99343470909,73.27462335188692,22372.70981639988,0.9948506717342258,35.21801804455781,0.5032858246696686,0.05403415872757478
1454,661.6635660537156,0.020582999025805626,0.0,63.42393585169481,122688.39739390936,73.12787422796617,22361.35041809096,0.9941796889253253,35.95809403869909,0.5032993948762102,0.05387080078451589
1455,662.5916364283114,0.016516624852144224,0.0,67.95137318176668,122772.48879106996,73.21688196448933,22349.997670478086,0.9907492925178482,35.23697512438503,0.5032230678889963,0.05389999306680693
1456,664.6981013782771,0.01573874597535907,0.0,72.13284207404729,122860.79253043054,73.17522526653187,22338.65156952005,0.9862280869298449,35.237685408176375,0.5017146752444941,0.05396805502209645
1457,666.4866702693827,0.015333851587351566,0.0,59.905826611396805,122936.87717588653,72.94927066591885,22327.312111177707,1.0117683742380055,35.986751711296286,0.5013838106900281,0.05400095855711129
1458,667.5303412358188,0.02093841331274049,0.0,69.42306181199294,123022.51646057199,73.18035566299783,22315.979291414133,0.9930885721169627,35.25124710963803,0.49916347573679704,0.054129817386559864
1459,662.1976574568077,0.035068710125194746,0.0,50.35929647741597,123089.08004912313,72.72725171912163,22304.65310619459,1.0107000606044096,34.51422795060975,0.4969449960395965,0.05509345281610223
1460,663.6777902570594,0.03915172899247543,0.0,65.82991627700747,123171.26413194933,72.74890055275276,22293.33355148658,0.9987531340576311,34.459408127048526,0.4955331552472097,0.05541657552357293
1461,656.5854973487279,0.04849231586800373,0.0,65.66662015177855,123253.28066459278,72.7779432129765,22282.020623259672,1.013457071713014,34.57729512719527,0.49327645067557285,0.055414069860638904
1462,662.2264809535213,0.04505458436279497,0.0,72.75644849704824,123342.27483047392,72.93431759876485,22270.71431748585,1.0017899471998122,33.8876695719981,0.4917938198596276,0.054955020368403495
1463,657.6105492649826,0.057600764484444955,0.0,76.12581505062047,123434.63944149832,72.96036365072347,22259.414630139123,1.0099777200585527,33.927742352992254,0.4900614629422211,0.05501015678802901
1464,658.5330654720773,0.06220082679808725,0.0,78.73495945644575,123529.52275450983,73.13395891049414,22248.121557195755,1.0124698828890517,33.9310580211508,0.48891760777365206,0.055433376134779166
1465,659.2363055271804,0.06393425786633022,0.0,67.37352004997581,123612.98249821256,72.63317930772682,22236.84297002377,1.0029818348597812,33.92413414174208,0.4877863453818896,0.05491379554558051
1466,660.5126985771989,0.0639273376410624,0.0,75.62549951860012,123704.69852615721,72.63726417642391,22225.593594040864,1.0105941609595703,33.97720604735324,0.4878001725282244,0.055529331951582606
1467,656.5938862339921,0.06001986964584971,0.0,79.14874283552933,123799.94183569873,72.5795112227235,22214.35078687522,1.0061883362781276,34.015654164673286,0.5024202918573171,0.055903676331503505
1468,657.2920356377614,0.055047945734608694,0.0,76.72002120237963,123892.69999378013,72.59096529787786,22203.114544548753,1.0086977320783834,34.059991670179045,0.49887544482289664,0.054830404045972614
1469,655.4060111638278,0.05580212210837421,0.0,78.00836842455425,123986.75782479133,72.60280169545703,22191.884863085626,1.0164522182113311,34.09305337561323,0.4976942490278435,0.05508677523289407
1470,656.6840090673958,0.052406669032279196,0.0,-944.7540138896135,123058.04454067622,72.56298912293286,23175.734439245934,1.0021156765560486,34.116900652297836,0.49940559294031767,0.055653518000482904
1471,655.5825217834356,0.04707977702882438,0.0,74.24061959309884,123148.3308052748,72.463182051473,23163.97057760521,1.0168123228783728,34.12224347265229,0.5197477645828253,0.05472067673750303
1472,659.5914934070951,0.03900272256917858,0.0,75.53690138190555,123239.9640049134,72.64155496103025,23152.213565922975,1.0074625925707956,34.171070490958535,0.5178919113110583,0.05527532584218875
1473,657.1355643627954,0.03822391141593917,0.0,78.35033502102564,123334.49790063556,72.54536109471802,23140.460071656387,1.0026036330966268,34.20499449251136,0.5140575152966705,0.055702007572030254
1474,658.291135499592,0.032888447731219905,0.0,76.64058721372587,123427.30930082522,72.59197701338634,23128.713428888565,1.0074421472116109,34.22949387023824,0.5150199264996793,0.05551632261938977
1475,659.2027134854196,0.03046281845988308,0.0,76.77719757789464,123520.29170620121,72.47433031308307,23116.973633425398,1.0023655538391356,34.24793115771772,0.5172238661313473,0.05563659782064434
1476,660.2976837698781,0.021920883391270407,0.0,66.76468635260278,123603.26566317288,72.42277701229023,23105.240681075553,1.0134709879628314,34.2900992760944,0.5171633694704676,0.05573916794593714
1477,658.7678878829208,0.026632471473742703,0.0,72.52446003403122,123692.02815702281,72.6745873351238,23093.514567650473,0.9990560150424221,34.26343177191351,0.5166486670580908,0.055264135201305464
1478,654.7244452994589,0.026132840682488334,0.0,75.0468942669275,123783.26988289812,72.99346979921009,23081.79528896436,1.000297470040014,34.32768643315819,0.5135661673063192,0.055424916649798206
1479,652.7225579389493,0.026940903023400797,0.0,73.75187810491104,123873.12018097122,73.04821858844306,23070.082840834202,1.0032622642109092,34.38235911020306,0.5133051906183247,0.05601125814490615
1480,652.3577824718905,0.03078016265536232,0.0,77.39649481036273,123966.57521026136,73.054394908185,23058.37721907974,1.0006287602968436,34.390036475089424,0.5132771738152625,0.055945756526355694
1481,651.4767809685001,0.03425392892610302,0.0,74.46932901706799,124057.08599824665,73.12826051215606,23046.678419523483,0.9995903443668649,34.42907550437195,0.5113969342069394,0.05587413612719416
1482,651.3790560086576,0.034254758946171915,0.0,78.05406015468193,124151.14512612703,73.10475264990431,23034.986437990712,0.9938088285781234,34.43030748009823,0.5097055474925226,0.05617356060105294
1483,646.489291078726,0.04313277887288591,0.0,77.78077282946836,124244.91442800485,73.06759175541363,23023.30127030946,0.9968289556708211,34.43377777929668,0.5092916314529882,0.05604224587009554
1484,649.7927898266746,0.044350126405598544,0.0,74.50294064948906,124335.29309030563,73.01747493207462,23011.62291231052,1.0097127608483785,34.45481172881752,0.5116652053651025,0.05594974913238815
1485,652.029747777398,0.041144755381300024,0.0,75.62601370598657,124426.79847034885,72.92203652255299,22999.95135982744,0.9984121171776835,34.463480649358274,0.5151880647021118,0.05553019052877062
1486,654.2970716495324,0.04058902521959773,0.0,77.6030252405038,124520.29788650392,72.92679766395365,22988.286608696526,1.006367338969495,34.473566627817334,0.5208176853472436,0.05569365416075556
1487,661.1136383288546,0.02906493071427363,0.0,74.22774163413257,124610.42497577706,72.85363424103052,22976.62865475684,0.9977756649936956,34.47440231375506,0.5213233528981913,0.05618630161882976
1488,660.1110296007297,0.03014131093481054,0.0,71.71762777433847,124698.14548387889,72.83458073727427,22964.977493850187,1.0062054579992257,34.48679878602844,0.5220349527693136,0.05614858482370266
1489,654.3477637935321,0.03436837834938555,0.0,74.34873933902091,124788.52476736017,72.65432343942636,22953.333121821128,0.9992431800776547,34.496863665953256,0.5205464533275802,0.05635176142787657
1490,651.2645888755259,0.03595069252218086,0.0,76.75861919271743,124881.27762595552,72.76828882277924,22941.695534516966,0.9999905501943024,34.51247032024385,0.5131464426863098,0.05584981285406343
1491,652.67555107862,0.03195164575058762,0.0,72.66627459164462,124969.92749292061,72.74264958644898,22930.06472778775,1.0054752339399613,34.53837629978387,0.5123644043071345,0.056304242948058913
1492,652.7318066014071,0.031125010532827013,0.0,71.0646436875393,125057.01944738405,72.6209843032849,22918.44069748627,1.0034304123830475,34.545581535642796,0.5035719608441508,0.05626101161436736
1493,651.834903830827,0.03459867486327883,0.0,74.74343234683457,125147.75938595661,72.72231445907622,22906.82343946806,1.001540095595759,34.55574481518669,0.5037019494674925,0.05630512127264353
1494,658.7305182066647,0.026978014570436026,0.0,72.03736814262004,125235.77714086516,72.7102730829101,22895.21294959139,1.0014768391759654,34.60643148927199,0.5042828396090107,0.05644284161892443
1495,656.286134813241,0.02995134034107172,0.0,74.48665201652818,125326.32676408613,72.65847828254398,22883.609223717267,0.9991317525883481,34.600358057073585,0.4974067289271223,0.05600733120686385
1496,655.5882280354617,0.03510132566934343,0.0,71.35357299166512,125413.7101614893,72.50800780679212,22871.990250944204,1.0038930083617708,34.961441330071196,0.4970840350010707,0.05668729142540485
1497,658.6037583397224,0.027999335749524068,0.0,72.66058675215837,125502.39246973701,72.59537186708823,22860.378058111342,1.0081379621351552,34.904056423290726,0.49898254793096763,0.09405071510325058
1498,656.6346690934312,0.026080271737375926,0.0,74.0339085184293,125592.50156550454,72.54135864443187,22848.780243912013,1.0027456285312741,34.774165924058,0.49921119303680245,0.1968717960373425
1499,656.8302709394012,0.020980290871786433,0.0,34.960182518901945,125643.54556101377,72.48234803127376,22837.181590126922,0.9500692438147604,34.49784334510116,0.5000871910738699,0.056354911349238535
1500,654.5291169330752,0.03008989974196774,0.0,37.175094583345526,125696.80215434046,72.42036853200239,23098.180033571283,0.9694123175429709,34.90982746973315,0.49910511914786665,0.05654427944346452
1501,662.5210327874008,0.02891125619396706,0.0,55.45374323561526,125768.276187737,72.36719149052831,23086.444985926486,0.9844550423538379,34.88224718082159,0.49774730331341865,0.0561870497061463
1502,663.441251540768,0.030723679245777902,0.0,60.59508590158251,125844.91755116379,72.25399853734676,23074.716779930095,0.9833882772527168,34.88279389080248,0.48620857420062785,0.05613983685842783
1503,669.8823039667659,0.026741441490056195,0.0,61.641416883819545,125922.60213541142,72.5352770955462,23062.99541139309,0.9887428851148168,34.87601953665038,0.48622174763188347,0.05677344766964865
1504,669.9782304180693,0.026960024072147926,0.0,65.07604030467436,126003.74664544193,72.62398250644904,23051.280876129236,0.9989723680631812,34.88593874320783,0.48828007871600176,0.05625811292666327
1505,667.9647009186478,0.025125519846299738,0.0,65.85131422985441,126085.68117941867,72.57765571896849,23039.573169955052,1.0069343912667492,34.864917461930695,0.48624791614296503,0.05661804618130617
1506,670.943756360187,0.01994610147024589,0.0,66.53762128041049,126168.44872730835,72.57136297409123,23027.872288689836,1.0022216795909724,34.65510289657871,0.48695671547045927,0.2272443514803726
1507,675.4206384989766,0.01596931683274616,0.0,67.9415958917402,126252.68912448271,72.6750665512178,23016.17822815565,1.001107487788438,34.839382095560204,0.4860287161524501,0.05630112020260469
1508,672.4393558988357,0.019423245494286645,0.0,65.79993124850529,126334.88453218654,72.56063023895861,23004.490984177326,0.9968663180584344,34.65086037549776,0.4849963296151216,0.056747513738955035
1509,668.5865425663541,0.025605330382009628,0.0,67.3484255527076,126418.58489033008,72.68353292565834,22992.81055258245,1.0006004322767308,34.68828857081391,0.485352173100403,0.05674497267804668
1510,668.0907077814762,0.023612369124522137,0.0,70.75650301418017,126505.63363471627,72.69450044624647,22981.13692920137,1.0006197470876053,34.89906626337419,0.48528113938924433,0.056613823866484836
1511,669.8685710233611,0.022377004028068637,0.0,66.85011268334907,126588.81469770153,72.73798413420272,22969.470109867198,1.000921440914739,34.8955747340438,0.4855963269346274,0.05670955474663941
1512,669.9515759487808,0.02155845414159563,0.0,58.80034166608556,126663.95427568455,72.68743455333367,22957.810090415795,1.0227480666058122,34.772811896913986,0.48573695917249543,0.182337448903219
1513,664.9809913365211,0.03502144914957206,7.226686429039493e-07,61.15177966872801,126742.71938427996,72.6968119298682,22946.156866685782,1.0150825025280532,34.88438511059978,0.48557259251994545,0.056680240384807234
1514,670.2845081122035,0.02673139526152779,9.17817805829314e-07,60.53728979980525,126820.70552405885,72.61071161144955,22934.51043451853,1.0109296873403455,34.94455564409708,0.48574705331808554,0.05666249536111678
1515,670.9605586739749,0.027492280111488854,1.257018559913797e-06,60.080357148234754,126898.34790702155,72.72339810348434,22922.870789758163,1.0217869776677033,34.99125637222727,0.4758614946389528,0.05670778205684712
1516,674.6175891282953,0.029480511979597,1.6642380211687197e-06,65.36073594388694,126981.26347668565,72.87492793772468,22911.237928251547,1.0210615075068024,35.01641207109283,0.48032007669534144,0.056412310757380624
1517,670.9933819820315,0.038345243371938675,2.2234039175904975e-06,65.7313507609642,127064.53721421525,72.75738459474503,22899.6118458483,1.0194074017317518,35.05909196080017,0.4801394201916967,0.05650487888123479
1518,664.7170253364596,0.046453079529433006,2.762494259291189e-06,65.45836027169827,127147.4357998998,72.82292278009739,22887.992538400787,1.0302695691414356,35.11123854803424,0.48015277099346826,0.05678311755088572
1519,653.9308246031559,0.08426870592620239,3.3647845427169753e-06,76.2584054941683,127241.16027904209,72.96206846592656,22876.39772059597,1.0356760062753012,34.18832666347574,0.4838576976572662,1.0422731883754253
1520,651.9975117866769,0.0883742615000509,3.569884352072597e-06,76.68258675983333,127334.60549520519,72.9855746661141,22864.809649969116,1.03746603124694,34.27680922831418,0.4807562829055036,0.05652479474711214
1521,648.1622870838247,0.09212976606072643,3.7394167610645933e-06,80.40279795645253,127431.49017492274,73.01921684258339,22853.228322402247,1.0357144692952147,34.374409329029376,0.4789143142880183,0.05680440701742384
1522,654.5430566658486,0.08189346842429801,3.879378824787511e-06,79.44219876123861,127527.32727678213,73.0119386468533,22841.65373378009,1.0383951201097692,34.44263369150885,0.4786866320258682,0.05687661765759344
1523,657.1861097388586,0.07495465031217619,4.135587335104229e-06,76.71447411340347,127620.53691923358,73.08692304560098,22830.06816115823,1.0357243640312652,34.49550359661014,0.48672802150458433,0.056982749272378896
1524,648.7412356985387,0.08474285207645937,4.470005850573258e-06,79.08929361908648,127716.10053912387,73.10043251669516,22818.50703809055,1.0271719416375555,34.58124901870801,0.49210456468407276,0.05681846817894609
1525,652.9703435145716,0.07897716033809099,4.701340911331575e-06,74.45491156261616,127806.8954200928,73.06411776456862,22806.95264163804,1.0357805053107216,36.76729179827018,0.491500902695438,0.05679560551820373
1526,654.8452462870762,0.07293535247947414,4.992985872086132e-06,77.3941464551983,127900.64331416998,73.27642996530773,22795.40496769627,1.0371473807399565,36.773446967187276,0.509283378381238,0.0567285095433121
1527,658.7199375874703,0.06364862994666842,5.348648635142318e-06,77.45076498427389,127990.48981812189,73.15809921808383,22783.864012163507,1.0287352449817913,34.87622476386633,0.4933378989220248,0.0565301105396685
1528,661.8794981562537,0.05558713070712207,5.799411136830568e-06,75.87077207342531,128075.82022840304,73.29813810496323,22772.31207159956,1.0293303202678195,34.906548566353216,0.4933525522814297,0.056915906975973485
1529,663.4246152879139,0.06370903608412914,6.330447288598878e-06,76.67280202233653,128167.60754589934,73.44081312548289,22760.78454059041,1.024798141429097,34.90724032370845,0.47616741954432923,0.0569371553502549
1530,666.0156091488703,0.055236628883049144,6.770000411260826e-06,-425.13199474007496,127755.16421532567,73.25667716309157,23378.332630443914,1.031870613873786,34.05149838642128,0.4761802636752134,0.9545957380577192
1531,675.277358293174,0.05473394799877984,7.291438115189322e-06,78.99470625678637,127849.35523843774,73.34799607290422,23366.45483980884,1.0304451733652042,33.95236962541363,0.4788748799506034,1.0927107931206308
1532,672.4458538319208,0.05635637695484674,7.820816480173515e-06,74.7854370262948,127940.64563826945,73.21971584845876,23354.601617279804,1.0265624353866103,34.03188516359752,0.47714848760801754,1.1075728918803804
1533,671.7785279338423,0.06198841046210546,8.499369902338377e-06,74.96549746166195,128032.08073096348,73.41762629636234,23342.755278794706,1.0294209068303153,34.043219551545754,0.4876354293940718,1.163536969334686
1534,672.0468429063272,0.06538211928540949,9.163014146207174e-06,79.60879316573289,128118.86668509117,73.53614209543622,23330.915820166076,1.023659358173612,36.13935524622834,0.5075777142015789,1.2684968280718323
1535,669.3045829458016,0.05895514310988115,9.779214241002025e-06,78.35720340162509,128207.86165198614,73.68417113361399,23319.083237209183,1.0284654325987441,36.034175351878666,0.5069130656703102,1.373234024101592
1536,670.3046946291877,0.06158386596148269,1.0328559707594457e-05,78.45762181589515,128302.67309129698,73.5558555397235,23307.25752574204,1.0190955717437888,34.05344969268911,0.5061518485270651,1.4690309237043664
1537,671.9398726764664,0.05786285123646928,1.0778074473325096e-05,80.24659461253756,128399.22836667816,73.57422353201326,23295.43868158541,1.0278337230470262,34.1265070124463,0.5050048394322859,0.05712199245241578
1538,663.6809153533725,0.0731135869181434,1.117489864193896e-05,81.84042474232385,128497.3901210568,73.56183652447258,23283.631960611903,1.0327776442834278,34.213116603517044,0.504253435249332,0.05716279811852587
1539,662.3743980613,0.07979866460528129,1.1631671487829276e-05,83.10471563390823,128596.61925071073,73.48857189650788,23271.832092812576,1.0260257048233832,34.26638951556634,0.5037826020623559,0.05708414721539157
1540,666.6506072766865,0.07360904441820615,1.2027866148140818e-05,50.785203138549974,128663.42083372523,73.3908689307896,23260.039074022752,1.00243780269315,34.31104633302212,0.5024535190087053,0.057100783905397634
1541,666.8773786091691,0.07574372494169945,1.2335052052859398e-05,59.05898811422537,128738.47299674721,73.53292415035253,23248.25290008049,0.993073525715977,34.36002843020266,0.5024674028185537,0.05729780870171197
1542,672.7436948588477,0.07120478153373166,1.2627879727726963e-05,66.42078918181994,128820.86504193135,73.16313431422455,23232.535821442863,1.0117717711903516,33.92647897458307,0.5019921448007401,0.5296237930165546
1543,672.4287208580187,0.07163938277581439,1.3003399710735489e-05,71.84991140987137,128908.74952706932,73.39095949646682,23220.763324720774,1.0187319108075985,34.491832963866415,0.49938446073975223,0.05705110600604257
1544,676.983173307069,0.06307317058904383,1.3405131080833453e-05,71.57289810128273,128996.46324880343,73.20585804881658,23208.997660376735,1.0274987238602937,34.551026237147504,0.49890570096622766,0.05709883777711866
1545,680.5553610711078,0.055727513776438475,1.3791644613648759e-05,72.43498106426887,129085.11905454459,73.18371082662485,23197.221163835675,1.0319006392601207,34.615212833841774,0.4984431147826539,0.05708386945206456
1546,679.1158545003616,0.06073411452403876,1.4250408554574555e-05,73.41075613799117,129174.84190051715,73.3194445483366,23185.476371363122,1.0402000250304362,34.6908180605858,0.4890967363559291,0.05691080856108499
1547,679.9246519243478,0.05483761204678639,1.4683742906203624e-05,70.82090014521611,129261.96814953226,73.49334276105408,23173.731171316213,1.0465007544784988,34.75338505172878,0.4824200580408599,0.0571814399565298
1548,679.2124207572207,0.05456279203906356,1.5342030052421085e-05,72.631551262844,129351.1970675038,73.3761900744008,23161.975146070574,1.0410018375272232,34.812498223830595,0.4821435406166085,0.05718203213116624
1549,678.9930317713698,0.05443125913883773,1.5999879703936744e-05,69.70859490389509,129437.49252539911,73.0820347257067,22895.48143034116,1.0378540471994153,34.915766202215146,0.4700244154891098,0.05693257780177419
1550,675.8747543285336,0.05960671766490433,1.665577605010043e-05,67.91168936190888,129521.98388182897,72.92209945007049,22883.89678445149,1.0499424809862459,35.00964487438411,0.4695550237137579,0.05720962956127096
1551,674.8940304992124,0.059006907566853006,1.7251053129660534e-05,71.00471469121175,129609.49457130228,73.08362231928649,22872.31886488255,1.0338290641475154,35.084107715406006,0.489524384597494,0.05701209062296897
1552,678.8214310429871,0.055855156854385024,1.7860522667430063e-05,67.49110288025173,129693.47138102868,73.02982760138812,22860.747667544623,1.039434411872199,35.18519866264199,0.483306903952413,0.05727369200128152
1553,683.9598870068011,0.04980008886087506,1.8498304931320884e-05,69.55887507144976,129779.5063091195,72.94427053216101,22849.18318835067,1.0356833245461516,35.23726528983317,0.49194603600534836,0.05740705076032526
1554,682.125665938702,0.04401658570043854,1.91950771613574e-05,70.85017503002874,129866.87484474474,72.80028738683966,22837.625423216326,1.0457809718722952,35.31460968664305,0.4941581024002626,0.05751518809974954
1555,680.23765057198,0.04822991938638932,1.9947502702715996e-05,70.83671678547327,129954.23271870182,72.8313207632194,22826.074368059904,1.0436008600272202,35.3923420501351,0.48613362704015783,0.05691581608500229
1556,683.4448936604766,0.04248203754363544,2.0648793362802435e-05,70.20715797901053,130040.88111185656,72.23833866994485,22564.967828276804,1.0353029559197797,35.437292343558,0.49497198294637645,0.05727867750418625
1557,679.1767347709977,0.04413847409058447,2.1405326214435617e-05,71.28283797290771,130128.64329069102,71.93259005765468,22553.567440046638,1.0379645083536115,35.512023613100325,0.4955349901657448,0.057427729661405635
1558,687.8952053614747,0.03615219131530423,2.2137900581671613e-05,65.67490935713087,130210.74689209828,71.8205386863076,22542.17367407279,1.0426939889393125,35.56986628279949,0.49648929520319335,0.057494230720195105
1559,687.1582657105931,0.030955977541772595,2.2967295618796615e-05,65.2803778185565,130292.56294995507,71.99202637906141,22530.78652632578,1.0365689635794253,35.621801186550265,0.49759021069654047,0.05720620987016645
1560,690.2011394800013,0.02551107035454203,2.3845058641635282e-05,-844.4474334475336,129464.7076471174,71.94566381170239,23423.013341617025,1.0403082784238284,35.70335451514591,0.4990985312766283,0.056971379305288394
1561,688.4992157894337,0.029102221520347027,2.477346932243839e-05,65.99818767301261,129547.34612808975,71.93029329576896,23411.14243028957,1.037887148882879,35.7839539150273,0.5058662154247631,0.05721891795203504
1562,689.2154737050388,0.02258170464169007,2.5656000246924632e-05,67.61903548318799,129631.53579816374,71.96081103446289,23399.278398464012,1.0274371911938993,35.63710768768783,0.5071497649028102,0.05709615314854233
1563,683.410341749627,0.03813197270375335,2.672621164898002e-05,70.86959797366936,129718.99150208579,72.12579767888252,23387.42124197108,1.0369964158409246,35.880378040133095,0.5014372819428815,0.05742171593927026
1564,683.167572743793,0.03912740416348415,2.7647771012983044e-05,65.52552144690333,129800.97319194379,72.13598344553435,23375.55333505175,1.0466539187912787,35.86358784879966,0.5014510188012079,0.05765404482846748
1565,684.0311139887798,0.03655883949613126,2.855083741784011e-05,68.32387993826379,129885.71950955648,72.13076289619018,23363.70991672709,1.0310520296350456,35.94826600842737,0.5014647436657366,0.05721391029002376
1566,686.400822762654,0.03312715727644011,2.947347403449567e-05,37.52739482377322,129939.69200954727,72.01023159488422,23351.855759034817,0.9778015983782182,36.002778656908895,0.5014784410947389,0.05759983108495703
1567,680.4371376929558,0.03768087889589422,3.030075618537303e-05,64.47602677304712,130020.5781012438,72.29219820791734,23340.028278218528,1.02800873697224,35.8596801540723,0.501492087442696,0.05759828742122153
1568,680.9213545616227,0.03424463970134062,3.10726423102095e-05,66.91982378529309,130103.69889862934,72.25390144895434,23328.212498328845,1.0221692209006121,35.98941992923234,0.5015057849292299,0.14367239287727784
1569,679.8771720498404,0.03267448688701058,3.1874567850323004e-05,65.9386577944037,130185.86916450775,72.22950617677165,23316.403561044495,1.0330514245353322,35.21750394953652,0.4947466661702626,0.5955735079305953
1570,678.6737943172392,0.03577121886092771,3.268645059315874e-05,68.41541313878466,130270.55961853443,72.18158541620468,23304.60146222372,1.024684567879633,35.39895900515811,0.49476005745712887,0.678003488460341
1571,679.6354194569234,0.032664954103581834,3.345856045354839e-05,65.75376685701579,130352.54104239627,72.15891496925323,23292.788614881196,1.0359821588494689,35.60319650896788,0.49477348517114106,0.5370936514310927
1572,682.3843690181129,0.03272115259131403,3.425720083197544e-05,70.96999934335534,130439.7630761968,72.15851922948042,23281.000180573097,1.0306255505543314,35.527174095904954,0.4947868440496903,0.6877034093304246
1573,685.2929758042002,0.027222059418271494,3.503731677233863e-05,61.578560083231196,130517.62725580271,72.00595890621955,23269.201008814332,1.0261721218912772,35.44264453067678,0.49480025904027947,0.6458553819419279
1574,681.8353920626632,0.03454443106243432,3.585632400998926e-05,62.59521125672077,130596.5576051274,71.98414407127481,23257.426222484206,1.0232995713870163,35.843747698660884,0.4948135136738557,0.7137381897820632
1575,681.513262170899,0.029794461088599067,3.6590594432580924e-05,69.38272253437063,130682.18848338258,71.98133732398534,23245.640709763982,1.0273861141794625,35.7389243496943,0.5073248396374977,0.6831592761439893
1576,678.8985471880104,0.033145892997325954,3.7378292573249556e-05,67.93232682252255,130766.42402835801,72.11436667831053,23233.862030011936,1.0246488029368475,35.522859498979095,0.49596878480810086,0.7326661729940582
1577,680.4174379603792,0.030302943642408153,3.813768272642923e-05,71.05101155336925,130853.70147924371,72.06605740555514,23222.1346778835,1.022286740303133,35.93845541783866,0.49598216719592114,0.7382810257229053
1578,680.7122734354278,0.027518835219845994,3.894047489848895e-05,70.88267050339476,130940.84729472779,71.95297833370502,23210.387108298655,1.0146512243568935,35.54219544752443,0.49599550937922865,0.9638622816190221
1579,681.8544696752747,0.024482058046090605,3.9768978158462576e-05,70.50167293001323,131027.63949443078,71.95436583073598,23198.655797943757,1.0302734139589511,35.57141909837581,0.49600882130424145,0.8250669018275048
1580,682.8429250793679,0.024679706740090568,4.0625693941081774e-05,66.5877991653899,131110.58876632992,72.10585934131726,23186.904310913942,1.0304612172569847,35.69512920489423,0.48819760982479693,0.9528082798450086
1581,680.6053085428944,0.023155313056844373,4.1490901201846e-05,67.57190404062169,131194.54988992287,72.46543986514465,23175.177103384172,1.0253358044997798,35.780211371428656,0.4882107018245347,0.9176109699675195
1582,678.5559063526866,0.020827452103480026,4.236793972935806e-05,68.39004376907201,131279.324243417,72.46941159237672,23163.439217773543,1.0325919175444913,35.73792072199838,0.5019719572117106,1.1955137064655545
1583,680.0430031502038,0.018343248035310955,4.327755479532989e-05,68.40907218489608,131364.1118444032,72.47845003729238,23151.708136307076,1.0270714462214248,35.838484844256556,0.5038356832050566,1.8634679523654043
1584,684.0813448700471,0.013567562864545635,4.4208868260884266e-05,69.54222184488523,131450.06008402092,72.5261414202536,23140.17751129877,1.0237989628456785,35.78360242774275,0.5097173314011477,1.0823448464571612
1585,684.9890892703174,0.013798561604080661,4.521162652755002e-05,66.79336709573732,131533.41240989443,72.38055689092579,23128.662721808407,1.0250688620473571,35.818662316922314,0.5089033112594872,1.1153293878676536
1586,678.8214996061512,0.018704567930561744,4.621659780571218e-05,71.10236709091646,131621.07740917805,72.40597681690898,23117.163299209482,1.0302840515579827,35.866431515471035,0.4840496183848268,1.8714882297319093
1587,677.2003233297506,0.013600667313013681,4.716397179504878e-05,65.8377819757549,131703.45421934314,72.34208729157261,23105.67879816576,1.029811982244455,35.73893036389629,0.4801649087598435,1.1743742121653824
1588,677.2277626709316,0.014356241177944429,4.811360856565682e-05,64.16729988729139,131784.0790082604,72.30266405723215,23094.226179049132,1.0384995986058594,35.96695445348054,0.48999292997079824,1.220245168528571
1589,682.6788177422238,0.00874722376741166,4.916772342943729e-05,64.0613361972454,131864.68011660044,72.23112438543434,23082.787769075036,1.0311999062734662,35.98832990079852,0.490424286864571,1.2545134982864852
1590,678.7297539204927,0.004833519005556952,5.027252920898058e-05,-412.86051081544457,131468.433445854,72.34836205005585,23334.983105794738,1.032454792790022,36.04850164812167,0.4897845778417009,1.2725770990877479
1591,673.3143314787576,0.015251704433298374,5.140960438448234e-05,69.26266095075098,131554.19964275416,72.29039105612453,23323.180751287644,1.0331654743827734,36.08440216430139,0.5027206906515129,1.3201780401698358
1592,672.0428783054671,0.025794722890738142,5.242621425112366e-05,66.71886607105668,131637.3455184497,72.4433196220629,23311.658034921642,1.0412866749755183,36.859958462115806,0.4917531468027934,0.05746293099609545
1593,673.0309976432333,0.02303710443265783,5.33219479725006e-05,67.68441109718029,131721.4231926121,72.43303541420623,23300.148192718556,1.035541714583009,36.18705665437054,0.4931636539497973,0.057267622380130945
1594,674.2940876621362,0.019131688159372717,5.423924483126669e-05,63.516482746646574,131801.36226064482,72.46022680949362,23288.63358703877,1.039215080887299,36.24610570124076,0.4926957515915955,0.056973371302824205
1595,677.209001413467,0.013092665294547112,5.5190155359990326e-05,63.821192774888715,131881.647924583,72.34676049664652,23277.107913807446,1.0451014366982359,36.79342139237324,0.4931364360370167,0.057594533515100466
1596,679.1455599707174,0.010334261808809808,5.633696583847496e-05,67.58362582660999,131965.80527354468,72.33590662909188,23265.34113732303,1.033242627953089,36.15087686577022,0.49461066852590424,0.057558791530262
1597,678.8146229206424,0.009741100232229405,5.750317945133723e-05,67.08013413823457,132049.49225078602,72.37702718690528,23253.59854410064,1.0318882025308345,36.567804159680826,0.493225719561352,0.37914523138621803
1598,679.2281590940709,0.01022673076122338,5.866561289882869e-05,65.5749672908741,132131.67520501086,72.39712022386065,23241.845591751604,1.0394386828218118,36.30916903738995,0.5008817720879468,0.057652227625389685
1599,683.079990884722,0.012995217892094013,5.981281889574692e-05,66.47873081452883,132214.75867868046,72.40689033514153,23230.164195983933,1.033699819716827,36.37211717218138,0.49227003795218227,0.10307431470361905
1600,680.1322399998519,0.014848475855560483,6.092062590558263e-05,66.3052834096938,132297.671365961,72.32674474705678,23219.04419357012,1.0421228683934307,35.88830472453562,0.49504244247136453,0.057855955773518986
1601,690.2126876198679,0.006465311391258832,6.200611617164465e-05,62.43766651258716,132376.64194984597,72.27470840652519,23207.311225253707,1.0385903606438298,36.508161025526626,0.49522957327626194,0.05755608809288759
1602,684.6921486135858,0.012819785985900056,6.317132132745329e-05,66.59141521832663,132459.8661574828,72.32370025555267,23196.223187252803,1.0326989538988531,35.994275990188925,0.4952425703448272,0.05772566939504031
1603,683.5415048883984,0.01708570501322737,6.425882940154215e-05,67.80241672768943,132544.2524160742,72.35374603070323,23186.770112419472,1.0366067450973415,36.25821671175166,0.507686466239851,0.057732379988962634
1604,686.6868160852789,0.012935215265438282,6.529145545980295e-05,67.4915328567482,132628.29166496938,72.33815860049909,23175.42999673312,1.03277950016976,36.114620967233044,0.5069993482784048,0.05767446423846678
1605,688.2600151213695,0.007787235667557346,6.635916952731763e-05,67.0292550217084,132711.91596286668,72.28681083269801,23163.738098124228,1.0319783354805268,36.90955141468245,0.5103165500997934,0.05766213221215111
1606,689.1230529454909,0.010289587699582992,6.747232055518374e-05,64.38789902102138,132792.92230965238,72.39418550887581,23152.053048920385,1.041265581834433,36.93429706811691,0.5027391329447697,0.057743735554872444
1607,689.8497090908688,0.010136387806540026,6.854916601750012e-05,37.85137281156932,132847.48850764753,72.18043050391606,23140.37484503522,1.02186375563345,36.922661452253756,0.501799210598892,0.057908817290638126
1608,691.4549461055019,0.010443039628003081,6.954644164128706e-05,53.71669298115248,132917.89149172153,72.21313575382722,23128.703479153082,1.0164958757607327,36.911110737585645,0.5010988314173834,0.057002869915208976
1609,690.1320499836265,0.012036827047431031,7.053179565209447e-05,58.86226443419278,132993.4813638677,72.3238187478722,23117.038946608915,1.0296045197036972,36.73167661275537,0.5012614784566876,0.05758903238610458
1610,689.3888767512581,0.01031396694109965,7.149162558255007e-05,59.8998127897201,133070.12725969794,72.30191985207449,23105.38124189702,1.043896152630607,36.73242005511197,0.5079233522922967,0.05786328868440904
1611,689.6131268427614,0.008313890989393058,7.270324805667414e-05,62.474592037610364,133149.7006742553,72.33719204926248,23093.730361275826,1.0589857863929482,36.71431022366948,0.5069956182643015,0.05773408768738619
1612,692.7973410332227,0.004761893833830522,7.404992757151555e-05,60.06278187733156,133227.03518759037,72.3548848276504,23082.086299912018,1.0549657354154351,36.91941747564292,0.5072880867591669,0.05798173319227118
1613,691.6746255918312,0.006417455886183809,7.542239902017897e-05,61.482299910992,133305.8833869874,72.26773224883262,23070.44905329552,1.042997438715889,36.93332643414077,0.5079217357180571,0.058048095441805
1614,693.2240323345824,0.002998530932012189,7.676506131044317e-05,47.52329812841975,133370.7598058411,72.2869133619821,23058.81848515587,1.0067900128520963,36.977889256890016,0.5058180192070691,0.05794133110545374
1615,695.4249902024789,0.0004538220427636741,7.798677656976952e-05,58.7997808718342,133446.85129655595,72.70288796664389,23047.19464190295,1.048888174862939,37.00842250852312,0.4992441259448282,0.05799987556738273
1616,697.9926148619572,0.0,7.922480217892722e-05,61.939710036313045,133526.18315419063,72.67511334846377,23035.577589267996,1.0417046015088012,36.79673701336937,0.49940981172375415,0.057962321594800414
1617,689.882547070952,0.0017179337940191886,8.045676995581286e-05,64.71708890706606,133608.36092453336,72.69783743519065,23024.048294752953,1.0458784446188625,36.26521174657624,0.49942299798791545,0.05808073640308464
1618,690.6382618910261,0.000843395022196658,8.165962126510625e-05,62.52511063581247,133688.25900941994,72.62998893197657,23014.534228993532,1.0491007591915607,36.84124887192452,0.4996965862119511,0.6756605163111402
1619,681.8729860998013,0.006478541117778569,8.288523432788302e-05,66.40631059976627,133772.10478810713,72.79865468878849,23004.90752538892,1.0383612019877253,36.21991656631097,0.4997099633705786,0.05798211714105861
1620,683.101773433643,0.006004766097480574,8.404005994510156e-05,66.5991324004626,133856.0860211543,72.7173870897406,22987.851164829808,1.0460942697523108,36.60622150565465,0.4944598320095577,0.058019240450171594
1621,682.7073430725728,0.006963780190968216,8.518963790020157e-05,66.46424336203737,133939.9188680111,72.73764147346806,22976.26099248819,1.0495020822004513,37.14850803580406,0.49447300954911155,0.057890205675484196
1622,683.4851593571677,0.005396182310866582,8.631876607195641e-05,65.64633819952849,134022.91820676147,72.70144617074959,22964.67752167979,1.0397286770988363,36.813485600326146,0.49448626790492195,0.05789433829976787
1623,688.6799518264003,0.0,8.745448589737223e-05,62.577463051979635,134102.857684841,72.65793742196172,22953.111481316773,1.0480116047859025,36.30915609742143,0.4944994689585711,0.057863644028543604
1624,690.4120636338088,0.0,8.863748628003054e-05,61.42376073161452,134181.77966133025,72.72025013086967,22943.24659628856,1.042512846740713,38.764666255979634,0.49451246642484054,0.058097233749556665
1625,687.6384825167052,0.0,8.980999536427724e-05,66.78837020256094,134266.09937352999,72.82288244345844,22931.6782972316,1.0430272293445235,39.255415743143224,0.5023120665293116,0.05770645057884849
1626,691.4673855961094,0.0,9.097209573492171e-05,69.45393632846856,134353.042144775,72.87959194215475,22920.116679748306,1.0502385988558494,37.311420726965956,0.5023251426860478,0.05768010530044165
1627,687.8565040502433,0.0,9.228830931321047e-05,68.1362120799077,134438.87980723556,72.91007365530997,22908.56173981479,1.0491290129841813,37.3088559226185,0.49513223872686013,0.05776481502400799
1628,692.1390188735852,0.0,9.359271527344308e-05,66.41743063741305,134522.9164841413,72.9816037959811,22897.013473410905,1.0446608409704763,37.3031960273819,0.49514515563524075,0.05794188164028924
1629,689.7497359786336,0.0022691730757733453,9.488540678186698e-05,67.32304831896667,134607.88201639862,72.92435893488765,22885.471876519026,1.0500914147394884,37.276809681465934,0.4951581738604888,0.08811913360007395
1630,683.4003169323639,0.007473157361871485,9.614233228862607e-05,68.69355052468262,134694.15916311805,72.97550248027679,22873.936945117784,1.06046501557963,37.142344728003586,0.5051005838542013,0.22337448701190965
1631,685.8046930125946,0.005196140353004974,9.733254063939005e-05,71.82007518125926,134783.50881756505,72.98814514494859,22862.40867520563,1.0486326525307978,37.13742947975114,0.5051140968778047,0.21916880739948397
1632,689.0838667872094,0.004012300193580676,9.853614014716863e-05,69.40540089284735,134870.48090091246,72.95278455525012,22836.286010965767,1.0529702404136658,37.14790269950317,0.5051275308188615,0.22938380875770292
1633,690.5547434073948,0.0008313102239891901,9.974140103985937e-05,69.53752447210456,134957.58948258852,73.03025606476412,22824.771051997195,1.0533886983466692,37.150511846954316,0.5126799893366262,0.2255722170199448
1634,690.1892289068753,0.0,0.00010096956376082157,66.50474234358481,135041.69543195705,72.96663828718847,22813.26274249107,1.0497725527157526,37.06910631301772,0.5126935590700212,0.05758097979199306
1635,691.419054481741,0.0,0.00010219545705311937,68.38586535456565,135127.6673793929,72.88188308804853,22801.76107844518,1.0477496243451263,37.26623145062929,0.5127070517181482,0.1020560152948704
1636,691.076315680084,0.0,0.00010341025640663964,68.57869580084224,135213.8503660564,73.02163766095367,22790.26605585986,1.0527641766243152,37.06698750739942,0.5126145464200041,0.05762031051605021
1637,692.4455835296103,0.0,0.00010461404951190162,69.61015154006992,135301.0741365592,72.90796250352804,22778.777670738007,1.051581567694528,37.04389573861645,0.512627870598643,0.057659256735391295
1638,689.2392010733603,0.009282548764567133,0.0001058069233865611,71.23266107930144,135389.92342792137,72.97246330327123,22767.295919085056,1.060748789465537,37.05168068828209,0.5110527942331589,0.05743084328197767
1639,691.4884184112491,0.00912063224770776,0.000107120983970035,71.86736803603051,135479.48000790866,72.94565252358555,22755.820796909004,1.0580768731692802,37.042539856517315,0.5110663906393441,0.05768344975097506
1640,692.9998831304573,0.010810175568021552,0.00010842457830972575,69.03053609925249,135566.19475926083,72.9099841518744,22744.35230022044,1.0600778677107852,37.06410838627956,0.5110797995854427,0.05769780735420227
1641,688.086024250851,0.013690674596333663,0.00010969809060055126,72.77378857577995,135656.62958894426,72.85095338539449,22732.890425032456,1.0613881603778934,37.06621803432058,0.511093534136528,0.05725233133196639
1642,690.9378976793381,0.00787671855470129,0.0001109290818735326,69.00223382307107,135743.24817528276,72.85987829939026,22721.435167360698,1.0664113871228142,37.07651743946183,0.5111071746017499,0.0575611229259394
1643,692.7388344034043,0.008251923710197784,0.0001122103884585977,68.30700326041764,135829.26007785875,72.8881184304843,22698.680541869107,1.063806409081698,37.06663982351001,0.5111207390382491,0.057431566487018415
1644,690.0218930422466,0.014388285333342354,0.00011347577944456562,73.36032006434257,135920.36438190535,72.92474308590451,22670.405389915224,1.0624070972327893,37.05274518614982,0.5111340253226377,0.05761231603026573
1645,689.3981942462957,0.009574070663774581,0.00011466408123759753,70.39973637502843,136008.42740680417,72.93879494481425,22658.969960910523,1.063533090980967,37.058026717557105,0.5057142190445764,0.057641324149344086
1646,693.115876796335,0.008418943253968969,0.00011589239799184835,70.83191026472042,136096.9534240319,72.9357095901633,22647.541133511277,1.0641449679197448,37.03038730263023,0.5057272447404267,0.05761907168997027
1647,692.4923786906181,0.00893946282153546,0.0001171214970418285,70.0184718700034,136184.68798419312,72.91385018702412,22636.118903744926,1.0633447483066445,37.01632367637475,0.5057404671907103,0.05753287210608704
1648,693.5995477147193,0.007730308692910026,0.00011833354768705113,70.00641250981423,136272.40487000952,72.90819279050815,22624.703267642384,1.0586167339860242,36.99624336358463,0.5057537381736406,0.057676190619076806
1649,693.2763469327717,0.00917766800896569,0.00011954708734447504,66.98545089952401,136357.11105932426,72.83318170062635,22613.294221237105,1.074379857918888,36.97963127540357,0.5057668471923226,0.057662883762858996
1650,693.5918103329653,0.008408901693377713,0.00012073384350768142,71.58746338289296,136446.38362226175,72.86413270347872,22836.41762790023,1.063706400554879,36.93536558852289,0.5057800505229042,0.05786630869997822
1651,696.3273058777228,0.007547915140483585,0.0001219176034132575,70.69797740338137,136534.7520441441,72.87113935445699,22824.892759767783,1.0667766202065148,36.940153381204674,0.5057934281094997,0.057703572404335546
1652,693.7226435462671,0.008449933902534013,0.0001230993751535965,69.44125753111913,136621.8566481256,72.92188243647023,22813.374540399298,1.0657222048857111,36.915774911938996,0.5058064982169008,0.05785614785585835
1653,692.1836448679879,0.009834298443133993,0.0001242604195519283,69.75346302477683,136709.26495983338,72.8515047571926,22801.862965788314,1.0643852591757836,36.89146573604536,0.5058197340533224,0.05779198218240822
1654,690.2728581600088,0.011396286751075624,0.000125395766058923,71.83353429527051,136798.71727521965,72.92750336287398,22790.358031947628,1.0664911688573175,36.87518989716259,0.5099225916047163,0.05773615450100067
1655,691.8840770577965,0.0048605463452906505,0.00012650372413586906,66.22246867806703,136882.51957126326,72.88496580326617,22778.85973488523,1.0670791239150583,38.97399884999346,0.5151192081685032,0.05785432625647502
1656,688.1972270596547,0.0038496735873074783,0.0001276719839157769,68.39401373302766,136968.54110266728,73.01670524981263,22767.36807061473,1.0498537895903315,38.904015274035444,0.5226278018537457,0.05776595536868001
1657,684.5975897752321,0.010968261768013354,0.0001288399859873391,70.3491178448323,137056.5025453847,73.0566572049732,22755.945723909364,1.0628480512984992,36.95985795443159,0.5226413885974759,0.10886037257126446
1658,685.1190619057584,0.008319623439033696,0.00012992123890052975,70.65097575573745,137144.6981530665,73.458465218191,22744.467278785836,1.0667963105604412,36.92437394256327,0.5226552154070657,0.05772662582820942
1659,691.3701913945835,0.002443810990571338,0.0001310203292870879,68.19043975040657,137230.45259331318,73.46423188596981,22732.99545452492,1.06049883037856,36.879486353205806,0.5226688296882174,0.05791428558369205
1660,696.5468604626536,0.0,0.0001321714627552282,69.83557429397894,137317.91570892645,73.39896770068776,22718.6260464058,1.05754347738992,36.84755040080203,0.5226825469470366,0.057868659871573414
1661,696.0792311104349,0.0,0.00013333773131472297,68.43130496448492,137404.017368678,73.45911369807695,22707.16745193675,1.060015573452619,36.82504924949145,0.5226960737174277,0.05781828612706619
1662,688.3162148933156,0.004199585233015668,0.00013449302181498037,68.34469436778113,137490.0191092889,73.37294532618807,22695.715466403868,1.055657120659142,36.794928452954665,0.5227096900986618,0.05784017038355671
1663,688.2397007248896,0.003910159437259697,0.00013559273811976583,71.23119071922406,137578.84526588526,73.46495445045292,22684.27008583714,1.0529979315143143,36.77689163786861,0.5227234171882376,0.057862044074894925
1664,687.1705983266622,0.002750469048382942,0.00013668506968007258,69.44550279954026,137665.87474895697,73.35260431194372,22672.831306269083,1.0560485656205258,36.763519167390506,0.522736979336171,0.057880513474806605
1665,690.3359636148867,0.0,0.00013777933623737245,70.59080707379579,137754.05137383498,73.54972775591254,22661.399123734773,1.0736030559793959,36.743148381427815,0.5127847097143123,0.057943598058919576
1666,691.5374389548502,0.002038371635635361,0.00013906159949620298,70.43728810152479,137842.45440649224,73.54292153128019,22649.973534271805,1.0644760632456784,36.72289227013675,0.5127980963470059,0.0578504008532974
1667,686.9409014576789,0.007081408966913116,0.00014031305896693375,66.52997857469313,137926.94495132132,73.56696765215236,22638.554533920345,1.0687542225187465,36.73589035644237,0.5136593509072711,0.057935865178436075
1668,680.5415760762849,0.012112734662020674,0.00014149893244627006,68.32853682665984,138013.15272402932,73.52654122667762,22627.14211872303,1.0677486243768095,36.73001551047843,0.5144450351769101,0.057890752128223255
1669,682.9140586570377,0.011039362851749224,0.0001426198475918216,66.72621945128691,138097.66506432544,73.63450080192818,22615.73628472503,1.071119257537427,36.715932637268246,0.5144585003523301,0.05790951976212
1670,683.7981943271673,0.014187436298121914,0.0001437412566519232,73.58546768664971,138189.0387986091,73.7606262403162,22604.337027974023,1.068039485224908,36.67589286110836,0.5280214991995074,0.057986247769598265
1671,685.3847024996245,0.010303034585090964,0.0001448182442701258,64.09256664685299,138270.8586206187,73.83313779417135,22592.94434452025,1.0412096350262454,36.83584286739933,0.5259915047251642,0.058005163056272124
1672,689.1236951140703,0.0013879307730061408,0.0001458012450535484,67.75803832950581,138356.28025744928,73.6324352465374,22581.55823041644,1.0615661893027424,36.69872708498099,0.526005202163043,0.05796564378128011
1673,687.6851366103823,0.006156567448227124,0.00014689674440761767,72.15683381488637,138446.21440923907,73.73993006587915,22570.178681717858,1.0711991876146234,35.37685535687588,0.5715564275175061,0.0580344874792047
1674,690.3562695477927,0.010697508402383038,0.00014793097484321185,71.35242673560552,138535.2904565837,73.76109007533385,22558.805694482297,1.070977390922289,35.357750357811334,0.5781150916919219,0.058043351572635515
1675,685.2426803187827,0.025059306204222476,0.00014890682887575888,74.80445453512147,138627.79935242987,73.79283622222415,22547.439264770048,1.0796280374586846,35.36511050035464,0.5698573799434162,0.05808158600920166
1676,689.0284502434005,0.022020496693164415,0.00014972026043027855,74.31854407579192,138719.6918260254,73.77250942328908,22536.079388643924,1.08079690422111,35.366402578798166,0.5780690789219198,0.058111608174399976
1677,685.0410399142315,0.028052848768101657,0.00015055765055268475,72.68538151978063,138810.01525504695,73.87230138667162,22524.72606216313,1.0626796788903918,35.389263308744695,0.5782700778894806,0.058034955888736306
1678,689.6768788301791,0.022337268246737207,0.00015111997248440297,66.01656947007208,138893.52308856175,73.80561174955747,22513.37928140653,1.0782244331361264,35.90613754423383,0.5773060963186118,0.6499227490048725
1679,685.3766990727601,0.027904712267228238,0.00015173703501365253,72.12829900442807,138983.2175307158,73.86052819345772,22502.0390424383,1.0734063488497905,35.695142430504184,0.5766574911504221,0.7165360703292194
1680,685.067733625579,0.02840711104004412,0.00015228837414987863,67.97973279749294,139068.68578530243,73.7603753255795,22490.684199081206,1.0708511712242261,36.26429116944264,0.5755689907660045,0.31015776315546617
1681,689.6949484170627,0.02272676199945789,0.0001529593042971353,56.789661490322004,139143.13260402385,73.72685157417084,22479.335912497474,1.1124690068598393,37.20454051631299,0.5753588318310356,0.6545216285492614
1682,679.3851316963314,0.02761941224628628,0.00015368353624750536,71.532578151818,139232.379023766,73.83787477557541,22467.994178738114,1.0754139463222556,36.52817134288567,0.5762713300217525,0.9933460927893307
1683,686.1120140078746,0.01671325196960327,0.0001543579393972045,65.67448614075363,139315.70828303602,73.6418841424498,22456.65899385667,1.0795024871880363,36.682589532879426,0.5749127563832371,0.058239929769179355
1684,686.9115545332074,0.011820625773503735,0.00015514120976602402,65.90338603967226,139399.38481793963,74.03707088974208,22445.330353909245,1.078037076115427,36.46418785153114,0.5749282464072245,0.06866418590973211
1685,687.798086310118,0.00971246164874262,0.00015596853985331953,70.9002527557094,139488.07001868146,73.93258424820675,22434.00825495449,1.0799013341136487,36.58844251167928,0.573699058023979,0.058183957902265604
1686,689.2957338656518,0.007688468980722174,0.00015680997201423353,68.83537807594274,139574.7182014451,74.07012299200244,22422.692693053592,1.0846189524442724,36.432614844228034,0.5723955667632812,0.058259777061216766
1687,693.2897802296595,0.0008452133133725059,0.0001576645073667664,55.849909489438346,139648.41080924863,73.895502341279,22411.383664270277,1.1055788909317377,37.746452831428165,0.5716026529338588,0.9587011605752593
1688,695.5273249207823,0.0,0.00015858332715566604,66.95678839654596,139733.28772087028,74.05709881823056,22400.08116467082,1.0681828698642026,36.470412144178546,0.571571316830464,0.05824108821848739
1689,698.2947112780821,0.0,0.0001594610669261717,51.03361010912971,139802.1914588854,73.7710476666756,22388.785190324033,1.107904301699382,37.77308360700716,0.5715864949163351,0.05824031552978681
1690,696.5036345394365,0.0,0.00016033018827361345,69.18062364759592,139889.3281657486,73.97412105926757,22376.366168436554,1.072682670523596,36.5702916367557,0.571441590204677,0.05823049638725308
1691,691.4596988549894,0.0,0.00016119076039844806,50.62189032967217,139957.86578638753,73.79064482375358,22365.08323281167,1.1116328906877662,37.98219146347549,0.5708676049703427,0.9428095392939895
1692,688.9002698965062,0.0,0.00016204285196817807,70.09209303749404,140045.82153643997,74.02981873721986,22353.806810661088,1.0746217462322274,36.68161277506927,0.5714718151961877,0.9401582312474801
1693,685.2783970317472,0.0069471041081563545,0.0001628865311214155,50.62985021682721,140114.3243966024,73.80202892777707,22342.556438471798,1.1147596502058517,37.99993664884869,0.5716498717333733,0.14033495358558667
1694,686.3377268543213,0.009403178220280695,0.00016364794828420398,70.14536271530534,140202.24695383434,74.05363862785872,22331.29301001474,1.0817161021870996,36.78053133720029,0.571796487235492,0.9287947718537168
1695,684.5000071384318,0.013227706887570356,0.00016437551687922692,62.12519166138958,140282.13721603464,73.76056693930913,22288.71431517645,1.1114113193969262,37.636602145920676,0.571811797227961,0.05820490878548412
1696,684.279209475806,0.009560038443098162,0.00016505493746455304,72.24644519957704,140372.14951066094,73.93492685190459,22277.482975589362,1.0855637180912738,36.41827610327205,0.5778415153489894,0.9291066201780538
1697,686.0281725058557,0.005054564980093601,0.00016576629660078159,56.185403240602085,140446.2109446597,74.11506078389368,22266.240925588405,1.109545094392426,38.122506676284125,0.5699510107950576,0.058175670570435045
1698,692.6128817181799,0.0,0.0001665182694518282,71.63733436629929,140535.78957113574,74.2811142278539,22255.509742025846,1.0821915035980179,36.831618847298856,0.5701094213451344,0.058119397729633704
1699,689.9633882364263,0.0,0.00016731639333176948,65.45160858564378,140619.3082970723,74.21143857671476,22246.181528456054,1.098708920450413,36.99161777489179,0.5665144635298563,0.9173388950505696
1700,692.4681786147421,0.0,0.0001681479263554125,67.67309874040504,140705.21003860995,74.25851226936538,22236.987122797487,1.0988909294190756,36.95158672716585,0.5612095985575026,0.058121100127451086
1701,693.6132355231734,0.0,0.0001689711538146112,52.664552922054554,140776.1601622123,74.13160101814266,22227.501430115037,1.1345314539379459,38.2688802223131,0.5615953785197619,1.1882166946093378
1702,693.6969633579736,0.0,0.00016978614260489093,66.23916781040205,140860.72308596724,74.22308393968609,22217.28812339162,1.0901841190080377,36.860812690190336,0.56123179796294,0.058141391520109664
1703,690.3853283604644,0.0,0.0001705929591062019,58.7124444313159,140937.827014468,74.14088116912686,22206.817567891154,1.120855786303738,38.48107969120451,0.557429772957433,0.058134951218946185
1704,688.7634802679372,0.0,0.00017139166918685124,66.63843766080595,141022.81303457686,74.26310054910489,22196.945805599422,1.0914399417370304,37.320955316875924,0.5550869921145524,0.12440973120224896
1705,695.8237588633983,0.0,0.0001721823382074049,56.73864198427506,141097.89279639602,74.13335959094934,22186.48614360383,1.1260638499247273,38.64520526412329,0.5511152440079857,0.05811328639416047
1706,690.7489707662552,0.0005598427098026937,0.00017296503102456025,71.55761593684142,141187.91475265851,74.3532311588127,22175.286112506892,1.0887207180625011,37.24244994345313,0.5481863686094698,0.05814963764854042
1707,693.0129530750435,0.0,0.0001737338552685566,57.13432903310701,141263.31701607673,74.14294871659867,22164.09254908931,1.127774226373749,38.51586295060607,0.5559708000537209,0.05812913338078829
1708,693.5689640951256,0.0,0.0001745008335238391,69.2398364614395,141350.9478050381,74.31357138609145,22152.905449481867,1.093677640494359,37.25955961304815,0.5535983699422438,0.058194278693278534
1709,693.1177531272954,0.0,0.00017526002681682632,57.517144319288946,141426.90659415396,74.51705569241629,22141.72480981776,1.1245582708092055,38.52689665220957,0.5526555239347075,0.0580953203979675
1710,692.1448708389782,0.0,0.00017601149802949406,71.46115205059917,141516.79334506756,74.6568721750698,22131.813480958255,1.089025970545952,36.99505156466652,0.5516002060455745,0.3096976389692756
1711,690.6579764974845,0.0,0.00017675530955885423,57.9870446418455,141593.13320341462,74.48406691424528,22122.433430100184,1.131812772766095,38.305479937070785,0.549364153983399,0.8676910688271349
1712,690.0103511588404,0.0,0.00017749152332065395,68.37347710718984,141679.9114169682,74.68283612797927,22112.55214097081,1.0935042748047492,37.13596365748265,0.5553029057979495,0.058108183622259446
1713,688.8715176862444,0.0,0.00017822020075304655,68.54138227974323,141766.7992570274,74.66547312658625,22101.39253887552,1.0989563552875743,37.46108034425005,0.5542158919339689,0.05815235323969148
1714,685.0336034619756,0.0,0.00017894140282023467,58.497075604587025,141843.62376125497,74.46475453869166,22090.2393826598,1.1387298763586016,38.78001898075426,0.5451339731562223,0.05814780401845354
1715,686.7968079369124,0.0,0.00017965519001608563,70.63613831875321,141932.57015901947,74.72451075955313,22079.680760585714,1.0937110907678433,37.03560194915817,0.5434637262897198,0.0580697004461328
1716,690.0404016160293,0.0,0.00018036162236771927,51.47135241490781,142002.3285981351,74.45704631045135,22068.539837660606,1.137473003433511,38.59898020462871,0.5367002667612911,0.058005522339357185
1717,687.3881305830936,0.0,0.00018106075943906855,69.06426058370872,142089.74910218825,74.64408971893216,22057.405349759836,1.0896300915457606,37.333184723182484,0.5397655315231205,0.05806031323368899
1718,687.7764145112143,0.0,0.00018175266033441302,52.954038551911395,142161.02931889702,74.52622579152455,22046.277293030875,1.1340235025167782,38.64355292092284,0.5455199929351735,0.05812376687217835
1719,688.9113876103883,0.0,0.00018243738370188542,67.97182510131006,142247.31352768315,74.6824213757129,22035.155663621998,1.0912971637331987,37.52759132827783,0.5359691915553499,0.058052854956606836
1720,688.2767903452464,0.0,0.00018311498773695162,47.04424169209216,142312.71418914135,74.54903677704021,22024.040457686206,1.1433852537532252,38.861182386583714,0.5453361714264242,0.05813343724731368
1721,686.2473864061805,0.0,0.00018378553018586402,70.60628053132257,142401.66597791057,74.77823974167654,22012.93167137686,1.0912060308977762,37.3411424724618,0.5393876778646072,0.058103194439581785
1722,687.3974852201616,0.0,0.00018444906834908884,49.80626575529189,142469.77381458014,74.53485628689788,22001.829300850197,1.133682647089207,38.6494832304313,0.5386245840459838,0.058012597796917476
1723,683.8643214943394,0.0,0.00018510565908470714,64.20554648505905,142552.31241214482,74.71470907726003,21990.733342264622,1.0926830739574227,37.44724568304687,0.538147416824072,0.057895729203089275
1724,688.2923909251718,0.0,0.0001857553588117901,48.632120090477855,142619.24497448094,74.50033930808611,21979.643791781004,1.1331045866363856,38.6722098881047,0.5381611323762474,0.05808900327403421
1725,688.2337672536325,0.0,0.0001863982235137486,53.207640298408506,142690.83435602914,74.58071236636911,21968.581669737996,1.1293045065818224,38.800005936549965,0.5368434583574657,0.23761627869325253
1726,687.9263483039857,0.0,0.00018703430874165725,52.53076248258938,142761.73691435266,74.54883033662449,21959.04857371157,1.137780329179649,38.73487247703696,0.534614134064964,0.057847208323231314
1727,689.534496431308,0.0,0.00018766366961755324,64.42886509979076,142844.52466388064,74.72140096356,21947.97650337877,1.094622852143836,37.629240594203054,0.5277009772795219,0.057675269103761195
1728,689.7294244923393,0.0,0.00018828636083770996,57.46633085412273,142920.4479813462,74.61586571606114,21936.91082770655,1.1282316874909173,38.82862308626841,0.5277147593159981,0.05767640234460458
1729,688.2959117484869,0.0,0.00018890243667588595,67.52579371357731,143006.43975968004,74.69157191833958,21925.85154286486,1.0933502340784114,37.64106246803097,0.5272692219044672,0.057722992984629684
1730,685.6126603397706,0.0,0.00018940784565467126,53.410304748737275,143078.25762562672,74.59943422379355,21914.798645026032,1.1288605415850346,38.78170968079617,0.5270289418547957,0.057813849305816234
1731,685.0007989869295,0.0,0.00018991772030846568,48.576367703708485,143145.15520208355,74.59041339399029,21903.752130364563,1.1379614518921257,39.11140210053891,0.525783914445585,0.057727958384873546
1732,688.3198454530503,0.0,0.00019033228265235604,46.148517224409375,143209.6271953688,74.58520301101572,21892.72595709757,1.1429896212331625,39.14042474993928,0.5367123817900792,0.05772606399892766
1733,686.2990407680522,0.0,0.00019083917298129614,48.02960613055981,143276.25317825947,74.58073563040121,21881.699535275206,1.1357171709448606,39.194081869967796,0.5366798164597575,0.05781060487756662
1734,685.8120428876548,0.0,0.00019137407040694697,52.76313155009058,143347.60735586,74.55465328704668,21878.24402725532,1.1384687852218491,39.22499281518006,0.5367399634793917,0.05782820165605784
1735,686.5686111827047,0.0,0.00019194474718316545,64.7214956748324,143430.84359469407,74.6976164306242,21867.422629815184,1.095699497066909,37.80713840424776,0.5367536601774945,0.0578316824445011
1736,686.4288180192584,0.0,0.00019250924913643316,57.13227980838042,143506.50106481,74.55937895898809,21856.38962978759,1.133515551753128,38.9845643824484,0.5367676594074325,0.05776313620798845
1737,686.4832044081761,0.0,0.00019306762668699554,65.9396889771296,143590.95551170857,74.74221167366187,21845.362975838678,1.0963891028488417,37.87105518567554,0.536781753741804,0.0578538654413876
1738,685.0583833851211,0.0,0.00019361992986527003,57.05512465302451,143666.52770445673,74.61953168288507,21834.342664413314,1.1356413722580665,38.96864043455307,0.5291045780482017,0.05794703541349122
1739,679.4032231615756,0.004398782181180061,0.00019416620831482154,73.13041297026695,143758.18609600386,74.53521958804879,21823.328692025232,1.0994730252467437,37.858909123904596,0.5291182131812393,0.057953108055158964
1740,677.5706895100886,0.00865985060395813,0.00019465970825290733,51.71212742951789,143828.30700807332,74.37873900965398,21812.321055150238,1.1473864846335915,38.933841464636046,0.527343349808899,0.057973397606581045
1741,679.0371662776798,0.004369917589645667,0.00019508453471133732,67.91607464449228,143914.52941635976,74.54580181749243,21801.319750259656,1.0993216881715664,37.872076771066375,0.5313152101802966,0.057789049311686824
1742,675.6948050610458,0.00045277586065339825,0.00019554220368046856,46.70995840633202,143979.5965533227,74.3654956989466,21790.324773834767,1.1533656878597045,41.012710495117254,0.5259659653977435,0.05780428056347375
1743,678.1683403254788,0.0,0.00019608160412363777,66.5433716776819,144064.58628785587,74.53648032523566,21779.336122334833,1.1069334443918797,39.921650306853614,0.525979201060631,0.057944158512341915
1744,681.7225318632418,0.0,0.0001966198750630163,48.19602368873328,144131.26685417397,74.46028950277473,21768.353792234815,1.1541213176539558,39.01383992084815,0.5227929107166416,0.05797801192900209
1745,681.160251076118,0.0,0.0001971522110581072,69.31017851343483,144219.10981602914,74.54107033350327,21757.377780009214,1.1048204077027752,37.99957823221465,0.5228061900246143,0.05786076305433596
1746,684.1058131248194,0.0,0.0001976786607182488,47.431537223781305,144285.05457306508,74.47153749311045,21746.408082132526,1.152030253842557,39.000422733671876,0.5228196196801139,0.05785908487158764
1747,685.5438196534742,0.0,0.00019819927227669135,70.47887169528076,144374.0699298228,74.21096568803765,21456.15891238707,1.098439300216393,37.63980026735295,0.5189327495155496,0.05801178045491184
1748,685.6051240916433,0.0,0.00019871409359346795,53.4643843887481,144446.1250736612,74.1447731298341,21445.35543930141,1.1460398681708182,38.969969502173285,0.5189460798874084,0.05792477394910378
1749,685.4751128267571,0.0,0.0001992231721582435,70.96073534839493,144535.67268934048,74.23169211368352,21434.558185937374,1.0973020437832424,37.5932924652732,0.518959278995026,0.05789736974873705
1750,685.4423567980834,0.0,0.0001997265550931422,57.216162182200605,144611.46706120722,74.15376347245379,21423.76714838431,1.1339375885957106,38.92399377760226,0.518972537138785,0.057960636129571697
1751,682.297497102054,0.0,0.00020022428915555338,49.51776998935074,144679.5739067363,74.10698654563366,21412.982323163687,1.1530978499667544,39.013448504549224,0.5236204234322667,0.057912327149928444
1752,681.9681986355248,0.0,0.0002007164207409161,73.00267835024434,144771.1416614684,74.25073440957301,21402.203706797078,1.0967748028295632,37.56638550657371,0.5183877929371518,0.058017160264057566
1753,681.8475647076336,0.0,0.0002012029958854825,52.76237172136496,144842.45385067968,74.14028208843435,21391.431295806193,1.1496490785249251,38.90805849031016,0.5184010045523146,0.05804180515151103
1754,682.9974089602323,0.0,0.00020186665620168062,73.51119302681224,144934.50592001958,74.11341383017002,21380.66508671346,1.1023665998614884,37.51455811560704,0.518414360279679,0.05794255844863727
1755,684.5958774701533,0.0,0.00020252311642161426,51.829181151963155,145004.95981169248,73.9753913267298,21369.905076041927,1.1564961053985532,38.87605992253892,0.518427531847941,0.05795546992982281
1756,683.8854000687725,0.0,0.00020336481880320063,69.92621183208797,145093.74259850237,74.10165702462892,21359.151260313745,1.1050732820593863,37.46788098111881,0.5184406700194033,0.05793013467589958
1757,681.2717962020872,0.0,0.0002042768116594561,50.26452042268332,145162.87302623386,73.96952171765525,21348.403636052353,1.1643723546120648,38.8411981609526,0.5184535609828729,0.05803877923182199
1758,682.543233398115,0.0,0.0002051483519796745,70.38513480763058,145252.09452924656,74.06872554432243,21337.662199780738,1.1088073546159207,37.45193070020395,0.5184665613348977,0.057975376616063556
1759,683.5114930554516,0.0,0.00020605405083756902,50.802416110665035,145321.7715265296,73.99839169805003,21326.926948021497,1.1574849315411786,38.857631627404196,0.5184796358843508,0.0579852825600895
1760,688.2414556410373,0.0,0.00020690654235141156,71.6932179419922,145408.44086680765,73.73408161286004,21316.197877297876,1.1077342992188688,37.390669407104795,0.5184925760222213,0.05794151472700548
1761,687.4813830595627,0.0,0.00020779721500949539,52.9351384475076,145470.31160167884,73.64471844468288,21305.474984132867,1.1607851511184604,38.836629906894736,0.5185048827361725,0.05806955831287297
1762,687.6897189120191,0.0,0.00020863096594805642,73.02466855012926,145552.8330298647,73.79891340570163,21294.758265050263,1.112896630329412,37.265936239666864,0.5185160242483559,0.058107716036332135
1763,687.0579318526466,0.0,0.00020953434293151827,53.11219337509863,145615.13379984937,73.73079519618634,21284.047716573627,1.1630950434231644,38.675742645744826,0.5185272836248113,0.0581210452873151
1764,685.8812723891504,0.0,0.00021037718645360026,76.62325124320424,145701.01209086363,73.56008443485628,21273.34333522751,1.108188618959113,37.063746776701954,0.5185383674573397,0.058122560604033424
1765,687.0358240403651,0.0,0.00021129555193243087,58.54073943190292,145767.3897809892,73.38693476380256,21262.645117536067,1.1574184143992472,38.52350196341875,0.5185495892185867,0.058136600928037296
1766,685.8193027857693,0.0,0.0002121410443883881,77.70133687208371,145854.3332127276,73.43799925553188,21251.95306002453,1.1220607516660561,36.95594036625856,0.5185606202882046,0.058144286000782586
1767,686.0101713156464,0.0,0.0002131050033932514,48.21943097596471,145910.96642604773,73.31338115343767,21241.26715921765,1.1813879795651303,38.37667888684254,0.5185719004506678,0.0580777731255111
1768,686.3989951776636,0.0,0.0002142178582072917,73.93935827482588,145991.2243725356,73.47740523145676,21230.58741164159,1.128030683868974,36.66351880003403,0.518582894369295,0.05815185748102891
1769,686.5340893768131,0.0,0.00021540224014533416,54.13250302679435,146050.83736981178,73.32962919841162,21219.913813823056,1.1680016959341204,38.250675490539074,0.5185935082099242,0.058160243425966485
1770,697.375837470351,0.0,0.00021652979981740016,76.55782474124342,146137.52672535274,73.47655797482771,21749.02132968957,1.1296306115904873,36.45869756638153,0.5186039344578618,0.058169145610690975
1771,694.1433078131903,0.0,0.00021776092571773308,74.35171443187855,146220.29379594704,73.49350242581812,21738.063144733645,1.135401883336509,36.5249281968889,0.5186153561445835,0.05801738526212574
1772,701.0756740760542,0.0,0.00021900454121097216,76.65393947682023,146308.3270435232,73.42811453578162,21727.111262468956,1.136812560456991,36.820615527144675,0.5186264747611504,0.05801510142526922
1773,700.4861849254096,0.0,0.0002201576709432674,48.23014970466633,146370.0516278798,73.3050476872767,21716.165679261045,1.183431846542934,38.06369338158404,0.5186382251060982,0.058081243271935534
1774,702.1609342729731,0.0,0.00022129112438374233,73.66133835552557,146457.221589419,73.43475778377251,21705.22639154761,1.1308522254267974,36.358298421429545,0.5186502975145941,0.058080405823893955
1775,703.4987773471754,0.0,0.00022242573434982905,58.36956907087594,146530.07568531556,73.31190103216842,21694.293395767254,1.173089270907819,38.17608035813307,0.518662378965781,0.05804373903002613
1776,704.046598737478,0.0,0.00022349115066802057,76.1557811624836,146621.70377692586,73.50734502676568,21683.3666883592,1.1281688522282496,36.37229192211864,0.5186744422076277,0.05808899116620836
1777,705.8547153694468,0.0,0.00022461010407793695,48.81766824802958,146680.91152248456,73.32205521373179,21683.164101828803,1.1836958818476662,37.178841863890455,0.5186866716618901,1.7267735585108497
1778,702.2486095218038,0.007742559392955872,0.00022565468661654744,77.9236106828453,146772.33213369615,73.3747264160753,21681.317286053094,1.1396166216606751,35.31719595446777,0.5308396387660517,1.807906420613051
1779,702.7343798739458,0.006686810892596928,0.0002266649738070725,59.44120448935453,146845.4541501277,73.2926131640264,21677.649861339945,1.1922462056960514,37.17978450126773,0.5426444017327627,1.8718620795855472
1780,694.8684880124098,0.0191592489177006,0.0002276114801936398,80.97702730479921,146940.50605833423,73.5810448197846,21672.895362937972,1.163268831581939,35.24283786111447,0.550127187532664,1.9440778017961406
1781,687.9290714206504,0.027706126623092353,0.00022854456587634864,89.98414342280165,147046.6926793044,73.57355818176966,21666.730445287474,1.1747048747682347,35.68709012569923,0.5525084068776002,0.05809921961522235
1782,690.206218724404,0.022214488764344065,0.00022935558655801572,87.1608708030555,147151.83202709045,73.62358904689326,21659.774577532215,1.1690215494996947,35.106072853322786,0.5711223640936512,0.058096668739530344
1783,698.5089780941021,0.011006288567167455,0.0002303391811331556,86.12085868527774,147255.4890924122,73.54873525170623,21652.174537764044,1.1902659322177684,35.0758415641482,0.5708521828987031,0.058022183466249544
1784,702.8394013292973,0.007133222568415087,0.00023148570559865234,84.65114360143804,147359.64976377686,73.53085374474833,21643.757411922892,1.1791116618588877,35.05735586778238,0.5691197873391707,0.058113014719410216
1785,703.7425241577696,0.007031766079749535,0.0002326621719337851,81.34481770314733,147458.29671600874,73.55936668127097,21634.080440282454,1.1868657475304958,35.58077439449312,0.5670718137609039,0.058085394640336574
1786,706.646632176962,0.006927928087136825,0.00023383589239631123,81.13948770349961,147559.08253046375,73.6322698041554,21623.84338624453,1.1911296748057554,35.54973024053986,0.5654443284744808,0.058060734971235206
1787,705.3984094057599,0.006895334038996781,0.00023504217842004556,77.98305874305964,147655.5153992504,73.52947667319918,21612.949286311814,1.1978925852776199,35.52552514395819,0.5794519638507138,0.058111901589825266
1788,707.1625258422266,0.0023180564580180807,0.00023623605040044263,83.17191568119901,147757.35796451382,73.54166033067193,21602.06147203012,1.1915747277633169,35.0044687433838,0.5794670539879194,0.05814810700140072
1789,716.1367747602031,0.0,0.00023746590948343812,80.98207078516262,147858.04503939862,73.5656697560244,21591.17993980248,1.1951724769677912,35.52402137965571,0.5777213494376622,0.058090242928649616
1790,715.9425158168594,0.0,0.0002387035645864836,73.70050665797675,147951.4896351092,73.46078494808349,21580.304686032952,1.1830727845798488,35.51079758756189,0.5769088762269188,0.05810346288030388
1791,710.8921999128884,0.007139283577610844,0.0002399306833392421,79.34120300821507,148050.62465906178,73.46726990664044,21569.489669390772,1.1938021169703636,35.52714168496039,0.5672212008131601,0.05818159832572434
1792,707.4888465357749,0.01270742239206657,0.00024107115276562996,76.39292866433868,148146.68832857907,73.5273702042603,21558.680864656682,1.1785451288060944,34.74213139075305,0.5644849598571583,0.5802220294929157
1793,710.6076211900614,0.00633903678057901,0.000242136131992536,81.33536694481876,148247.63146008863,73.41939257133524,21547.878268303084,1.185441938308203,35.22890225071759,0.5613349596951166,0.5843791876061246
1794,712.9715951484937,0.004203521663769028,0.00024323630859837401,82.1845124259361,148349.48434186072,73.47248400844143,21537.081876801683,1.188066396625282,35.23143935869286,0.5578664726562322,0.5769647030205363
1795,707.9572617895482,0.013622211334502365,0.00024436458330260273,79.94535152953557,148449.18394702655,73.52622110664785,21526.291686625536,1.1913063560906751,35.18519141205565,0.5520848631705282,0.058185007830402924
1796,714.6393819093057,0.008290181029543708,0.0002453761375021576,76.60011035844323,148545.4520149046,73.54557371260314,21515.50769424839,1.1919939930257846,35.16234445783594,0.550195966527197,0.05818688073895828
1797,706.2666979823634,0.011017401674365379,0.00024640912376710426,73.77664470115292,148638.95830130036,73.50527466088327,21504.729896143912,1.1877429414481415,34.12359798341721,0.5487770084253869,0.5355827444358212
1798,702.3633156908209,0.019037010023052248,0.0002474040530561254,80.31768405695126,148738.94207246212,73.77234134608804,21493.958288787322,1.1800585438257678,33.5546154284541,0.5448809061150482,1.0920334639332054
1799,700.0507500602145,0.02300256334829065,0.00024830092948679734,84.74571673197727,148843.2903677479,73.57356861583189,21483.193380485405,1.187781519080485,33.85492603136586,0.5435857819778871,1.3145813783459985
1800,698.9905571552019,0.027596047067701135,0.00024913428738032584,84.37135308864805,148947.20252556098,73.64970978222418,21472.43465199318,1.1930215669141397,33.80125061377214,0.5418368528393624,1.3925623136913998
1801,708.7676348771971,0.020747093242503123,0.00024986795505106603,82.08699929111259,149048.75235762235,73.60333220057632,21461.682099817277,1.1999096066799306,33.70883249956353,0.5407249048187509,1.4778665041107288
1802,701.7809560882928,0.02895631512502006,0.000250671305395162,86.84713785583133,149155.1703405634,73.51230186853878,21450.93572046433,1.1914966202033521,33.63302882440911,0.5383020158746615,0.5699054847757523
1803,698.6016610579635,0.03207874731940996,0.0002514026317019529,82.82500847167557,149257.47412799095,73.60821653577875,21440.19857935021,1.1972601362388995,33.626148661465535,0.5370386377977142,0.058169514674908385
1804,696.2082354928739,0.03828431683789435,0.000252100416012539,86.65837939907425,149363.5389898955,73.58099203162418,21429.467600700267,1.2005368610285094,33.64302615792872,0.5304211665629289,0.05820823586125812
1805,696.1606347754478,0.03470699138397915,0.0002529345302161762,85.47771387248449,149468.30955692416,73.59504277619499,21418.7427810274,1.1977561135901176,33.10053258470064,0.5505295332149355,0.058211759557060816
1806,695.4057236171909,0.03337846449308879,0.0002537932122368158,86.02445417814977,149573.61487892884,73.48836912856484,21408.024116846078,1.1941229411695777,33.13209296298694,0.5514923345479695,0.551869934823543
1807,694.5913806305194,0.03155294297016609,0.0002547693178935191,87.38491545283514,149680.26011154638,73.05245865417407,21397.311604670755,1.190549846653641,33.161017354871476,0.5625232444470876,0.5247769061528089
1808,697.6660320502378,0.027680663686765694,0.00025596523742156595,87.88668673387727,149787.38770402002,73.22952893129201,21386.60524101652,1.1974423894196264,33.16544466871395,0.5639365542311963,0.5322839219695723
1809,705.7713457580397,0.02015691718834245,0.0002572195595711028,88.77081660710613,149895.50857854073,73.14672919248565,21375.905022400217,1.198121825580199,33.16501972805177,0.5552543626833671,0.05813030907682304
1810,702.9779227758639,0.021919580831882723,0.0002585380052905639,84.61234059642274,149999.60360342864,73.075321048914,21365.21094533844,1.1981377630123562,33.76451046029915,0.5521297382540157,0.058174693748007655
1811,704.2608265176531,0.02146824227939792,0.00025982474151363676,86.45252166876267,150105.49892632366,73.22814743272446,21354.523006348485,1.1939140115820748,33.27073747466895,0.5484309456290833,0.05811722204001768
1812,707.4865063020793,0.018651914716728335,0.00026110330979567365,86.58086267252335,150211.51319143377,73.20156807292354,21343.841201947802,1.1946911550141694,33.24822053224454,0.546959217267862,0.05819226988401027
1813,712.1930904837866,0.01650640958257943,0.00026239680220829,87.67317278339286,150318.65520097897,73.22081744749816,21333.165528654652,1.1956713731506374,33.27453480594413,0.5445581635532216,0.058177211847137755
1814,714.0609834168246,0.018627245705390538,0.00026369575074680255,89.53038417270781,150427.66301607303,73.23074768764847,21322.495982988137,1.1969564475464667,33.30933640003749,0.5423231896647841,0.058188731105218494
1815,714.4911471312536,0.017242154160175382,0.0002649588023358706,85.56683792492373,150532.6882410303,73.1758572053932,21311.83256146803,1.2049989395240448,33.34900290824655,0.5403451962676286,0.4956585166542453
1816,716.7094302085137,0.011862488423452167,0.00026622971890256973,87.59428761812734,150639.80269389757,73.0887301248722,21301.17526061459,1.1971422124341649,33.31696779858874,0.5382123701197757,0.058124507788797075
1817,719.7281801956536,0.007408766971472969,0.0002675496455193057,84.35739749713235,150743.7397834476,73.11832965927333,21290.52497157183,1.1982747671087393,33.31416714121686,0.5371917331337814,0.5210611169396842
1818,716.649241932631,0.004985537936336715,0.00026891479542960465,82.44573392498535,150845.80638073193,73.2077693067484,21279.88078944008,1.1912350776078713,33.35195193168417,0.5348441868399698,0.49127683456237037
1819,714.121426411583,0.007632221396139505,0.0002702974522085656,83.27545973117213,150948.6909584471,73.19247313474565,21269.242710793966,1.19317192118563,33.83071501631413,0.5316408060952406,0.4925404363328454
1820,710.3910430231923,0.010300547610982758,0.0002717303208138344,85.95955335338425,151054.42071819518,73.15899479007041,21258.61073220833,1.1932076712071529,33.29361805882776,0.5318593371151314,0.4954152187366674
1821,714.1330570748274,0.0048503655639626775,0.00027314287349054154,82.02107235243113,151156.16839968096,73.18780558309714,21247.984850258596,1.1920903654785162,33.29604861161877,0.5351598970818894,0.4925182644547519
1822,710.5342932480514,0.00966998951480702,0.0002746029744119157,80.40370057498038,151256.34857703507,73.20753737744086,21237.36506152019,1.2084601447562162,33.304787761570424,0.534226668788119,0.4907716059988019
1823,702.3859160527983,0.016647631847438893,0.00027625430779624983,81.70480069723789,151358.13304945314,72.77756493545812,21226.751362569325,1.211818937369699,33.28140393906155,0.5323061093879679,0.058243889757655154
1824,700.9466699952573,0.0201982028616724,0.0002778093857342845,85.96947882994854,151464.05842255906,72.79437150499294,21216.143749983436,1.2123813454990382,33.31660916081855,0.5315912865602945,0.05823613072369227
1825,702.0316716678509,0.014300288892332591,0.00027927202448653135,81.77965048007246,151565.7858201273,72.73602840611478,21207.609958466313,1.2108594574918023,33.865607511204864,0.5309750569560934,0.05818637583453068
1826,702.6125999039272,0.014463898860073932,0.00028079787127059013,86.99012529577544,151672.7946095273,72.72466287135751,21201.692618421082,1.2073305239368346,33.8598963720462,0.5375153605988265,0.05819011088652104
1827,705.2273999553097,0.007773231745017428,0.00028231500489604976,78.72018913669302,151771.5972611504,72.75719081761194,21192.385226700182,1.2050609701800732,33.84286888418047,0.5379489085656068,0.05820216352523744
1828,702.3216213120031,0.016876696052864237,0.00028389456352185584,85.02289385133273,151876.75407116002,72.72337040753314,21181.79130066461,1.2054565266197765,33.8316231826809,0.5295883552832156,0.058236496938917526
1829,709.0207096528899,0.011561794893247157,0.00028530274528452005,79.00598965846333,151975.8031609427,72.76796372164684,21171.203021042365,1.202783476960543,33.81525825287433,0.5315743108360086,0.05820353048114413
1830,711.886045305465,0.01138145631642129,0.0002867596742535433,-292.51054770675887,151703.47055146552,72.89665736826565,21405.110158571257,1.2018734804042037,33.804721792425575,0.5328312475589034,0.0582028995519579
1831,717.8417420883276,0.007139266953311019,0.000288210898901376,83.73798586139773,151807.3477856907,72.96249589512462,21366.678639413232,1.2007343771962657,33.774769537831126,0.5338788389782766,0.05815987634058217
1832,721.6134306736711,0.009549109897439956,0.00028965985117810955,80.92112490757538,151908.38310605419,72.8095522326449,21355.970456099916,1.1989631240811665,33.75261460666276,0.5338932365885383,0.058151868898207226
1833,722.6350136452108,0.012808966478345507,0.00029094887696173757,83.37128983060262,152011.8245840579,72.89534353576671,21345.466823573708,1.203101311946167,33.435499732284576,0.5328902553582839,0.3739555167003914
1834,726.2955569362578,0.008046351678484887,0.00029226853767384776,76.9682215556555,152108.81541617255,72.82826668758767,21335.993394776277,1.2007529938083576,33.40774881923649,0.5313758997023093,0.37204279799720297
1835,721.5830228806979,0.0072247890974310724,0.0002935455237728068,80.93762931674019,152209.79475935188,72.77637802452671,21326.697340782102,1.1997332593617622,33.92816112363177,0.5301144889975732,0.3685257550853507
1836,721.5619085456769,0.0020770232181425152,0.00029481735922312033,78.72335805501595,152308.5356548534,72.69579056573642,21317.032598557867,1.193756046899165,33.344685599311816,0.5304745656562866,0.36673184930049985
1837,714.5115019425405,0.011047953153115353,0.0002961966276967243,77.84178790156867,152406.40075765998,72.85921999882021,21306.634877099066,1.195045620014504,33.3215826578905,0.53067831671636,0.37117367841018734
1838,709.7542315058141,0.00617772313374676,0.0002975911465282538,76.30854528696551,152502.74584272638,72.86285427062106,21296.900726415242,1.1938058336730584,33.83399042849922,0.5266731249932308,0.369521623573668
1839,705.834385615232,0.014578036348464107,0.00029893442229375275,79.05155293489037,152601.85417717556,72.8350880479759,21287.379859426906,1.1875790643526567,33.29256826157244,0.526877645473374,0.3646187441677924
1840,703.1156539847244,0.015552146126690314,0.0003001737863401083,78.29959799855419,152700.08261501824,72.86530961490959,21276.714113998998,1.1906184170412537,34.10952754545445,0.5401112382668611,0.05814502458209603
1841,696.5757272022385,0.021144468434082353,0.0003013898451719666,79.35496687980927,152799.3243875968,72.83321651920578,21266.054515936765,1.2022450966708198,34.06340107015151,0.5271831267500513,0.058200816846465386
1842,692.232889587223,0.030426122437063552,0.0003025306270554582,82.93723269884424,152902.06394665426,72.94071152214492,21257.336784389994,1.190420163514918,32.814295087930255,0.5281301052247449,0.7725138920617454
1843,692.7387903835659,0.03169753362126271,0.00030356304768321737,78.56566030961434,153000.31102252216,72.93981651821103,21246.68734072376,1.1916631312180868,34.05287518141831,0.5282687733727054,0.05818324997866853
1844,691.0280307084059,0.03370771286637153,0.00030457394039497845,83.26677286441927,153103.24079926056,73.01924388968706,21237.226025957243,1.1886128195408479,33.58958871394225,0.5340725877632534,0.4730961142718826
1845,694.0752276427517,0.02998024474913652,0.00030555200643210035,85.2712038030171,153208.1080456966,72.88628058592221,21226.587555769544,1.188649723327863,33.42795867370854,0.5331646066872174,0.058230373470138375
1846,693.7390400542201,0.02384859589124999,0.00030657753102097187,79.99763208909658,153307.71348150593,72.85548555603364,21215.95521833334,1.184445190051246,33.92795628939636,0.5350284376563968,0.4464656787155761
1847,686.7994196288216,0.03108349906650454,0.00030762670577131365,77.65021349479156,153405.0495510338,72.82144925281432,21205.329009975063,1.1956251567261678,33.89128503509219,0.5307255112513768,0.05822883693495129
1848,684.6883761446311,0.028142801423151398,0.00030864443158338276,80.87115387639739,153505.56792187202,72.83861491391657,21195.309705588847,1.1923518976951581,33.416898294200514,0.5276729886735927,0.4840043575254498
1849,683.8694031070089,0.03130913936872182,0.0003096832623446196,83.26628506397498,153608.51499463114,72.82225823315196,21184.695083518378,1.1912308157263463,33.85404671601984,0.525802777783678,0.05821436280436387
1850,683.1207492872122,0.03609331497327084,0.000310678054584486,80.40540023910685,153708.54295162202,72.90082829589298,21174.941082222584,1.1966304799341958,33.35480588125203,0.5226361385942999,0.4975710777380584
1851,684.816851677492,0.029951159299071106,0.00031161362002916535,72.50995290308677,153800.60495223867,72.80675331204255,21164.33775413027,1.1829332136501398,33.78613967775747,0.5208984245144586,0.05821168601551818
1852,680.851810487979,0.032356990424838195,0.0003125646379160778,47.01605344523193,153867.16330258112,72.62329456085,21153.740538544673,1.2072522651718578,35.36069644903346,0.5254732922839134,0.05820091135701233
1853,669.7131838184814,0.051546969473491244,0.0003134301052829296,80.27103250082766,153966.88802258388,72.79933701195456,21143.149431797512,1.1744214423225567,33.136357902106795,0.5227781553677766,0.29022191807846554
1854,672.7833389574799,0.046741392360028056,0.00031412161526354177,57.30938904607538,154043.358773246,72.73101438716581,21134.21569061721,1.197415660601376,34.586405059027165,0.5212025509081107,0.5253062554997641
1855,672.2364403560322,0.054875548664028106,0.0003148141401249883,80.80337527086937,154143.3345724298,72.96509450113155,21123.635005143027,1.1786583643220456,34.00375052523821,0.517773332891911,0.05822989827917269
1856,671.8250909684004,0.053971129023231756,0.0003154401293517464,57.84640702398187,154220.21428968583,72.79164358514436,21113.060419488826,1.200444084616366,35.52682142994918,0.5135052582917169,0.05826071877147143
1857,683.1910222343284,0.04078809574753417,0.00031604026437525304,79.31528903528823,154318.5874264799,72.7434404136794,21102.962458971575,1.1715571979108452,33.48457581244108,0.5185200474040952,0.05823902524336688
1858,684.9891633102693,0.035192751461984195,0.000316819963559629,55.44017016731834,154393.20128729934,72.61240879314002,21092.867756898297,1.203363886979117,35.38362754073051,0.5184553022711236,0.05822699479479354
1859,683.869274707523,0.037318101054474195,0.0003176470997639737,79.92360403649894,154492.38314871493,72.81021964190117,21000.685416725733,1.17131769380433,33.57505192335713,0.5191933797742216,0.058217171360865905
1860,690.0513987719621,0.033168584570021475,0.00031844144304814785,46.61866321824533,154558.2256036707,72.6722759000239,21157.85069859269,1.2127869852771538,35.489126791538844,0.5195481478942029,0.05825149005251973
1861,687.6377130031075,0.03401067727101148,0.00031922737690172017,80.05450850167387,154657.56679696884,72.88200375519907,21148.095038541964,1.1737010916775543,33.221708102757276,0.5168125254999578,0.5059826256557258
1862,687.122945284247,0.032825317714035296,0.0003200316400284015,52.623007482659915,154729.44891299366,72.6719909518294,21138.571993624355,1.2097079991327815,35.21309582096545,0.5151763266544165,0.8384682332407394
1863,685.5454330857938,0.03605139935142454,0.0003207967282111813,79.86147471341425,154828.54683575535,72.82228506894823,21128.462553387762,1.170593117254468,33.766117292244786,0.5162577351943793,0.45512913977000835
1864,682.9782080756208,0.028967234806833275,0.0003215838770462452,57.86942252843306,154905.6330392851,72.70009042140664,21119.636504836984,1.199152867558136,35.33348252339808,0.5146366616829997,0.5051194500417253
1865,684.5552168754124,0.026722920343142054,0.00032240885913949977,75.71905176318523,155000.63145317178,72.99439173201851,21109.4782598277,1.1816658321808795,33.58869809534447,0.5159912212460621,0.5146548099761858
1866,685.5845372350299,0.022431540557641183,0.00032327001084561625,59.775470059108244,155079.70848480353,72.76073293152076,21101.07675106187,1.2034495778517442,35.39875504232773,0.5137875394096764,0.05819395232060032
1867,689.1231363526083,0.020510331948237703,0.000324135796801861,77.95417566380291,155177.01828420136,73.03218099394405,21092.173249268293,1.1750404409887893,33.682214017139195,0.5137979383526757,0.4928442823093562
1868,685.9977547754601,0.020064524133270423,0.000325031939152777,50.7091999159729,155247.11488521073,72.7403699447399,21082.02482675652,1.2080308761229652,35.882828616553255,0.513586274421919,0.05820455683328163
1869,683.5472137373786,0.019525991092074868,0.0003258920440366163,78.05559230983567,155344.59815672712,72.90257000135053,21071.88078757243,1.1894844755975895,34.262008434508445,0.5132954014297857,0.3607077855208374
1870,682.621975398573,0.017587795908500126,0.0003269937072522105,76.43524660457564,155440.73159596874,73.25185300044333,21064.838728777722,1.1932050693789813,34.43405780819957,0.5117541524966542,0.49133079353391196
1871,679.8752725239464,0.021826934500343786,0.0003280985082696088,51.64210764892837,155512.04905188395,73.0242333038514,21064.7524441253,1.2173506285365199,36.5334575237183,0.5115519619294241,0.058196564630478065
1872,674.4478479398692,0.027309665960041363,0.0003291257064324447,77.79713441947555,155609.41343634683,73.23028637698005,21063.334811387376,1.1911735379546364,34.634763965011025,0.509064559518878,0.40142351480955796
1873,681.6060012724344,0.016406827389271128,0.00033009714444039493,75.17462123470943,155704.06568703052,73.20178364412052,21060.36359138413,1.195807316855675,34.67223795792569,0.5087262622239108,0.35101062021904283
1874,681.2358985637825,0.02087202154052703,0.00033115992842903513,80.70132548432827,155804.55651391897,73.26432657719293,21057.64541999098,1.1985587759541627,34.55628983157078,0.5074755767457327,0.7266737779839971
1875,683.917012996532,0.021857493896434876,0.0003323499856147658,76.17094840718875,155900.64591592015,73.23062447881317,21052.83742297485,1.2021539824750231,34.422474640971195,0.5067583755713176,0.43730630415025473
1876,682.9060766359706,0.022471754498891938,0.0003335151291573293,77.91916737092834,155998.48290588916,73.07995979875733,21047.834235235478,1.2023221253045255,34.16771121383977,0.5062693061714617,0.6536553762030834
1877,680.4925729483101,0.026874049273479472,0.000334657330938666,76.3271824133592,156094.6812624951,73.10809805838511,21041.510218626805,1.210749554416246,34.38043553863971,0.5076733900950092,0.4294696603983681
1878,682.8072100546125,0.02363738605555632,0.00033573638991590035,75.59734644865387,156190.0535199292,73.10784608694385,21034.121880918952,1.2055950107774016,34.352409062684174,0.5079428061141841,0.4253988331774039
1879,685.1065163257421,0.021787465523373406,0.00033683483831968927,78.97332066565056,156288.83958416508,73.13016431658303,21024.155389334053,1.2023700426650341,34.330258200872144,0.5085724998762322,0.43246787468771686
1880,686.2514462504587,0.018565401288817562,0.0003379388803816849,75.1139711717081,156383.79247874374,73.11107947150327,21014.90674660349,1.2094325699611042,34.33032416311379,0.5081650393995458,0.7338537524716742
1881,688.9335123101542,0.012375895454763808,0.000339063233316464,74.88124778851204,156478.5473189238,73.09650870821844,21004.32203413672,1.2101887245494471,34.667782401163706,0.5077533270525335,0.05824316867747115
1882,687.7978251498532,0.01932686042972709,0.0003402393339126521,73.53714946593874,156572.02817662066,73.11786105194656,20993.797056814452,1.2037649421113266,34.556388684597444,0.5018440447820334,0.4396288244834281
1883,689.7890536127605,0.015836117526698223,0.00034132699176047315,78.18707698637513,156670.07475979306,73.54269922826369,20983.27814973631,1.2064362856271955,34.28212023778161,0.5023379826501775,0.058235130370817956
1884,689.0763810304992,0.01484706489459131,0.00034244370349108066,78.57168671083653,156768.36733851788,73.53827569026986,20972.9610418575,1.2068715613560377,33.921176698762835,0.5043940840014981,0.3701341395043585
1885,684.3008646885323,0.023013001409500577,0.00034355921535127724,78.84226427380221,156866.90791081812,73.50095832754468,20963.583045949174,1.2081780321030746,33.75505735492236,0.501943590636971,0.8011627303658528
1886,687.8487318468824,0.014445822007018383,0.0003445774976176719,82.07487758586842,156968.56681371163,73.58119907889618,20956.43946861621,1.2043877781454915,33.077316436773486,0.503010627333442,1.4678061696453142
1887,691.4296628939655,0.010196835763453871,0.00034567406637378936,78.66411072855402,157066.94769532277,73.58355189918684,20947.41789769684,1.203063515948148,33.81434836237435,0.5033849612670804,0.4228668952202028
1888,689.0554181397802,0.013189162253892217,0.00034680205991408477,80.07405364108655,157166.767655238,73.75984920551578,20938.55732393205,1.2080755565011803,33.68458281122951,0.5006312936836063,0.8266060486877507
1889,688.1454927670914,0.007458947616010292,0.0003478853338789572,81.11761146249111,157267.56209663168,73.65565001981054,20928.066200868183,1.1994449394182822,34.19305216178184,0.5000158708935597,0.3135283473198385
1890,690.7885642452846,0.004721266293838178,0.00034901258438641523,74.11508834156501,157361.39712222444,73.69739773718598,21110.951157269283,1.2074732450925703,34.15255173302775,0.50239807176854,0.05824771536160256
1891,691.4841362272812,0.0,0.0003501542624673759,75.08294292093527,157456.21945657913,73.69690155007689,21100.903474792005,1.200859185269233,33.75956179475904,0.5015646357594102,0.681300533958499
1892,686.6412067348961,0.0077454452290216524,0.0003513318387342921,77.98103261098518,157553.96459293267,73.68993947837328,21090.81688872608,1.2036122527431725,33.71956128577313,0.4999524242763056,0.6898368977912952
1893,684.1096114585808,0.011349220382262826,0.00035241944617325587,80.37770967756262,157653.99267957808,73.74182612944503,21081.52365576071,1.2044863289586751,33.75215634122048,0.5013089542500228,0.6601240685436736
1894,680.5819167644576,0.017498893841402796,0.0003534588540869881,76.11953656612096,157749.70254460158,73.67783859543316,21073.211385561124,1.1984568515870495,33.79681962383213,0.4987913926982587,0.5988413097606013
1895,682.7404710534197,0.012808175534685717,0.00035441810676289633,77.55291638074456,157846.72659740862,73.75040960420976,21064.964761277264,1.1961852268848143,33.84621335528047,0.4973974988115186,0.5404457699213125
1896,680.0175661280373,0.01505809579889128,0.0003554169430471136,81.38252341061008,157947.6401031008,73.79850228238857,21058.00303780091,1.1955182825686819,34.22361920445991,0.5012778732764752,0.6457785847774105
1897,675.8570147166761,0.023775816076342715,0.0003563792005136475,75.66619272569429,158042.77627483345,73.79201963031777,21061.42987206378,1.199745313178701,34.1814382363206,0.502304321288934,0.8542277439854544
1898,673.069596904242,0.031673286056622785,0.00035723551844521066,81.42653991952463,158143.55132746708,73.8453739884034,21010.926869856343,1.2010426153946947,33.937364089259916,0.4941793171760364,0.6774831781008359
1899,676.1742419868502,0.022604719654672922,0.00035799491632724074,79.24481859796327,158242.04501844727,73.67364756236518,21002.823036137837,1.1938107955344655,34.32126760738206,0.4948437515439777,0.6008941583736416
1900,670.5496068926975,0.03127714186155506,0.00035883911083774015,79.77784363734037,158341.256434452,73.73598529928631,20992.360719992223,1.2006465736580934,34.223071012626065,0.49863135093865957,0.43338642110341397
1901,673.2978591101714,0.029948836027575365,0.00035957910110142894,82.88516398250636,158443.4708300191,73.74389716160721,20982.038794966873,1.199126390152022,34.19853788087762,0.497955049412758,0.695117139668028
1902,667.9446425894024,0.03377640528389658,0.0003603220574188609,79.32199704742914,158542.14821908707,73.7487585571286,20972.83936481549,1.20663803013331,34.14322644965421,0.49726382764329824,0.43452750044595234
1903,671.4698491233933,0.027783621947847448,0.00036101373182171286,77.91896701006405,158639.3514412908,73.78906903439542,20966.077560622074,1.200836111765229,34.06392690716292,0.495762601528097,0.6811388653366208
1904,673.9899776408873,0.020574820564554952,0.0003617577590211541,84.41701156058355,158743.12904527353,73.7886067926414,20956.731542724563,1.2079637178941662,34.47276766800868,0.49577610381960985,0.21240113575699837
1905,672.5264015783237,0.02123975445194437,0.00036274213919615936,78.9930747196172,158841.843463476,73.71017420336344,20946.176811564423,1.2097376408501914,34.367305356214274,0.4945075972138301,0.470378134388433
1906,670.7619553893123,0.026761653116816553,0.00036370582010772465,78.42269140881211,158939.93867434002,73.63357995563305,20935.62861574734,1.229053364121163,34.286165982288395,0.4940177227640259,0.23594739584513036
1907,674.4485814848242,0.022319624824615247,0.00036494518335638236,77.46418815380738,159037.56570457964,73.56128121778534,20925.085261311804,1.227345096411049,34.24255161723545,0.498971945253818,0.23449489330541695
1908,674.1567698667026,0.018768683680641773,0.00036621607941130337,78.54456049177176,159136.29934948863,73.55667804534698,20914.932350734296,1.2243818743538746,34.228552551606555,0.4985782919199906,0.05823871188906793
1909,668.3419474639471,0.02357493696060975,0.00036750921732038014,77.22894182065968,159233.72792183826,73.55610969067395,20905.190641834663,1.2264974746308226,33.833132549522084,0.49811257200948644,0.43083919797044956
1910,663.5424309345568,0.03023790247923508,0.00036873538767083936,78.50376258314787,159332.3442823257,73.56001401901972,20900.28808686263,1.2294113310063914,34.60151331484811,0.49648553332327083,0.05823800379462085
1911,662.9082043056763,0.03698605754198869,0.00036987705729684474,75.9116160571499,159428.2397355529,73.59589131646165,20902.529863168664,1.222634589583091,34.549708218531514,0.4954337530721891,0.058259841177076055
1912,669.8924032436179,0.032415694501243264,0.00037093220911822743,82.79510181101338,159530.9466935056,73.59006675827484,20894.113278339926,1.223436466321314,34.53910102799737,0.49540836267721,0.0582535235470516
1913,667.9705734114227,0.03811271988676046,0.00037202194578197226,80.60731876560823,159631.4718594974,73.62807019301172,20885.564821160355,1.2216602299488817,34.51078611412091,0.49430560614167407,0.2693628157560539
1914,671.5354245552445,0.03370920462296201,0.00037303678118416405,81.1291151431129,159732.40225092784,73.63990862734363,20878.086816704512,1.2239607885208688,34.196689129831064,0.4983285667178016,0.30788128244093826
1915,668.8971619621353,0.03628435642062844,0.00037408211489805524,78.72674062202066,159830.9918614424,73.63671019069604,20869.537443361914,1.2221506710620549,34.074082528454,0.4938911189765518,0.37431227034356596
1916,667.5253263876818,0.04254460767896051,0.0003750861466410617,82.71002248280536,159933.49694847723,73.59544139923027,20860.99573900555,1.2228066395737738,34.37382023479005,0.4935397500607089,0.05826391409755871
1917,676.3125513402462,0.031690276483937074,0.0003760368884136297,79.5368792575606,160032.74966287377,73.60742408899053,20852.104494878415,1.2192582289975062,34.34204985384414,0.49237430115185615,0.05827221070447308
1918,681.7586476156104,0.027349998766514227,0.0003770899218913028,80.01557538035792,160132.51803052085,73.66241056957578,20843.380923726585,1.2236648622532385,34.305908040673685,0.49105899121726254,0.058271824352139845
1919,679.251683621312,0.0335522759600837,0.000378175176612127,82.27779639617933,160234.58781854183,73.66438177466792,20834.56508088579,1.2264398918668935,34.2494467377738,0.4893117885073932,0.058270128423480116
1920,679.9641393981794,0.031332876000717325,0.0003791802532637235,79.15078843091251,160333.5253949087,73.64247819882779,21003.607677609038,1.2267121347509566,34.19141919889563,0.4877954798971313,0.05826251328220167
1921,678.9191499012815,0.03259154727287483,0.00038019544090380994,83.62363047847063,160436.95387493944,73.7052901309348,20993.387800318436,1.2146441808338608,34.078602055753834,0.4883228117735022,0.09006522479604939
1922,672.0996603255595,0.04669916276970487,0.0003811837082082457,81.11981378638882,160537.90184389908,73.64484973684449,20984.823935698354,1.2245663739305475,33.68488474032693,0.48915226010573626,0.43007955302326195
1923,671.7624758327203,0.046353625889642536,0.00038200930064470184,80.31698083828422,160637.8497481724,73.29374457379349,20761.996273056728,1.227157437759106,34.040233611094095,0.48916602089406686,0.05824090202494858
1924,677.8097965542393,0.03924639081452019,0.000382826578212176,78.5328543845634,160735.97459307665,73.23906610840348,20752.136939857453,1.2337337438060483,34.012089320319205,0.4899423180746461,0.05824260138208359
1925,680.494398374114,0.03969277696771134,0.0003839083475296887,82.01582393861236,160838.20115666612,73.30538151922391,20742.74283963204,1.2310609598339024,32.52828073315262,0.49154483848304176,1.5062605214599785
1926,683.5877496045402,0.042810342317472494,0.0003849702868369859,84.22981259679071,160942.59251787135,73.16285087615199,20734.5083923057,1.2268867478684478,31.83867791684342,0.4908196510879613,1.7728334563279233
1927,676.8236127241561,0.0493442769328063,0.0003859843651697945,86.46557099069454,161049.1456010284,73.10272232361834,20724.810295397052,1.238418313449164,32.444491856189885,0.4882124813379404,1.6539385407124314
1928,675.1039790385522,0.04686572655927301,0.00038691752123037627,84.95542676826147,161154.11534522587,73.0917087733387,20718.12251432904,1.2326215593983043,31.34529479496163,0.4888740444980152,1.2820595006768087
1929,669.060304223854,0.05717975103098083,0.00038786449936424605,89.11199863695629,161263.23225106584,73.08216267449266,20712.911365238346,1.229281706635098,31.913101919844188,0.4879668486957173,1.3242975570078244
1930,666.3863708499501,0.05895157212528501,0.0003886884092360401,89.19129990660488,161372.26004631942,73.10310893101358,20705.1101740704,1.2262940354775547,32.282287670557565,0.507782733520085,1.3689179092020751
1931,666.3669368794281,0.059294719418763076,0.0003894811000342789,87.97517965110106,161480.0301735954,73.00730345468395,20702.091530995986,1.2403410785177167,32.00570745272833,0.5057559741639273,2.1140063470496884
1932,678.2266173265192,0.05835555331126163,0.0003902529652320546,91.60200343726748,161591.40683593525,72.97424152003538,20697.0969555668,1.231282739359504,31.74815244462204,0.5046715658090203,1.759916438869034
1933,668.8274213269348,0.06966824083757006,0.0003910229355587794,93.22646939833785,161704.41418680683,72.9954801433307,20691.694147687824,1.2434224938143537,31.718785715552716,0.5036403951371332,1.9834657145005536
1934,662.057477280033,0.07149141480584031,0.00039166071516718887,93.37872720628798,161817.42121518718,72.99780186081895,20681.928524249917,1.2397649234049912,30.65729248346059,0.5015381847946981,1.5056037797236286
1935,651.2597054065309,0.08149332722886538,0.000392268199958295,96.14633453223198,161933.09983578345,73.11285312022281,20674.75630895241,1.2464794684430835,30.703536703175576,0.5002544867793073,0.5251470424803628
1936,648.6588061599099,0.07561330220849061,0.0003927586473109905,96.5746583715316,162049.0211858803,72.92905753184115,20665.32862194508,1.2417780540545746,30.690989453479464,0.4880126854135899,0.1564882176177278
1937,645.6060351347031,0.07530707925831637,0.000393302032871346,91.33434973136247,162159.66472473132,73.07302205730498,20658.42872200959,1.2433905688680407,30.93534956771579,0.48014395808116245,0.8983213475668776
1938,646.3872577868858,0.07474586138427441,0.0003938134981469093,94.5929195636939,162273.52223018208,73.1291486904621,20651.65853490253,1.2363271370893187,31.35984129731007,0.4774411147149365,0.6483570382277506
1939,646.2526325558712,0.07310224648590902,0.0003943211769226013,94.39595888988237,162387.16953496722,73.11281242742949,20645.746221353562,1.2392082087559355,31.333937417997365,0.47661072921832837,0.6341455502250071
1940,648.7855503968422,0.07551121730155508,0.00039483011968813976,92.26085767097416,162498.6372589582,73.16765835847507,20641.26801258356,1.2365854195580444,31.21169837137954,0.4771333621337878,0.5279437312115505
1941,642.9129345463823,0.08548309755797923,0.00039531027273966506,96.3895196900813,162614.19533591132,72.74001823469507,20424.55969706478,1.2415354201702966,31.54135401423116,0.46780944953337117,0.3288415474221935
1942,639.9681483098856,0.0946832517373849,0.0003956684735196718,96.75179632307908,162730.00723820704,72.7507857047466,20416.4368851546,1.2424951287454173,31.354756400784243,0.4727801527765829,0.15897037361683886
1943,632.6333719733253,0.09988794107648247,0.0003959213675233097,95.61646947444046,162844.49875951314,72.80712867883592,20408.793267628196,1.240871265448415,30.172094102902125,0.47969951259145643,0.34668750589600705
1944,647.2872343642442,0.07862481099736895,0.0003961164100887812,92.39447345884761,162955.5640505711,72.88437274702572,20403.263413827535,1.2245810945876578,31.061785530023855,0.4677085492836676,0.4449551832891103
1945,649.689111907703,0.07610835801129712,0.0003965428150125594,99.29577134145251,163073.77222087866,72.91685056221043,20397.498064368654,1.23096382684223,30.253140928209422,0.46772185020189083,0.36692652246696156
1946,652.4194288050115,0.07597596605743717,0.00039700297641941524,94.4756644931557,163187.2545037044,72.84685854159707,20389.580919163738,1.2392160838147925,30.784872718650494,0.4661999871886204,0.2834852424740575
1947,646.852342547072,0.07488390923429722,0.0003974276099827474,94.18644186283734,163300.48782465566,72.81938533298634,20382.62889747547,1.2370031833374204,30.185901442683086,0.46703114108712235,0.4918471114922909
1948,645.4549836064858,0.07527473868538936,0.0003978883835822458,99.49666760916881,163419.10865485424,72.79991700907523,20376.219061256284,1.2294459752629818,30.27400204759047,0.4727852000191183,0.7491919404950167
1949,648.3952570190788,0.06448592830050182,0.0003983477504648676,94.45483454998913,163532.64112713895,73.06308648256372,20370.425983847526,1.2360300111288876,30.188611397790037,0.4726312378836811,0.9999864772543958
1950,647.8722876849707,0.06492708267821079,0.00039886718420392014,-520.9009221451856,163030.96047143434,72.93984935794028,20733.93649751438,1.2308362252098661,30.724457992848723,0.4787079067316216,0.34128565111011255
1951,643.6170252010345,0.07169605374169896,0.0003993723155579862,90.46391226248005,163140.5689598122,72.63344478890414,20515.12773986516,1.2390878738279103,31.3738885742029,0.47913318416815426,0.0582214850460403
1952,649.3258170362112,0.06844013129502202,0.0003998480731481918,94.34503183610096,163253.97290786798,72.63335026058256,20506.688163402883,1.217670197242631,30.677224938164716,0.49114197398457543,0.7184044464611006
1953,641.0133286778865,0.07863256430747478,0.00040029700810386776,96.12476865304029,163369.2185734197,72.68183734794219,20497.160660718782,1.2341651778979883,30.500259673833682,0.4897278161929353,0.454618873318843
1954,649.3910060411774,0.06537198293025215,0.0004006597296485072,95.41165328488955,163483.56331900187,72.66773765686055,20487.725700789822,1.2251904323954779,30.588638229680736,0.48828331127472374,0.058267750936046525
1955,641.9021173496723,0.07730461075218975,0.00040117054802855104,92.04049250094923,163594.68280039224,72.63452911179598,20478.780151762203,1.225613569917091,30.94503180134528,0.48321390358764477,0.05824139079302881
1956,644.448833277868,0.07734505796115132,0.00040153528359402745,90.47761060707941,163703.99353578236,72.44211745416703,20469.972337132418,1.232038737990339,30.53342438309674,0.4824237141397487,0.08047003419649457
1957,635.7147939398584,0.09098246637587049,0.0004020581251635592,96.88893612952478,163820.11833218206,72.52680746183253,20461.14785907324,1.2361354547175756,29.890366194221734,0.4811201304582304,0.6524567799553012
1958,637.6082789370038,0.08887938709663501,0.0004023708466813832,94.02128179279771,163933.04100506785,72.4951054651472,20452.96729493336,1.2421118895329863,30.344289810535482,0.4770207555967656,0.5880024422670189
1959,629.8600196513698,0.0922001078134278,0.00040275430471787676,93.2636515511,164045.27187586698,72.56968773765496,20442.968964185402,1.2382519723020649,30.856709592948196,0.4770250089747098,0.08471104449507294
1960,635.7134972601795,0.08741065347945787,0.0004031591859103507,93.41448902922065,164157.62712135824,72.61133837615711,20434.30867191001,1.235033019675921,30.188714938173607,0.4821956606767483,0.36651951318419407
1961,638.7557936254203,0.08714842154695857,0.0004035457626773773,95.16137703702253,164271.7599936694,72.63901209922741,20425.931566256735,1.2314698241476263,30.205179666569855,0.4810047368453316,0.3615310692681959
1962,632.8553699221674,0.09874529112991859,0.00040393000991559974,96.62357371869228,164387.41102180773,72.67343211166059,20418.570089977697,1.235877635353505,29.81673872180277,0.47988210886011007,0.8882787563342305
1963,626.5052714277148,0.1046139135442089,0.0004042402939391052,96.69869781612178,164502.9495755163,72.70518756362291,20410.182606094317,1.2395521552799862,30.131006885889278,0.4786549544362207,0.44331475366332995
1964,626.4107495622956,0.10159070439282336,0.00040442000058265774,99.33961388719399,164620.99550849217,72.6768937393015,20402.264087994627,1.2352164988283916,29.971577383118223,0.47761978331070215,0.626959153063197
1965,632.7463207744578,0.09944838088272157,0.0004046914903273111,96.99264186709328,164736.64293451808,72.64058026939266,20394.3786351559,1.2348978747250803,30.17396299795718,0.4765691797845606,0.7415559638767064
1966,626.7946378489664,0.10339468731149892,0.00040505631776487837,95.65088551612075,164851.0403011787,72.12746182110955,20386.216200599556,1.2416056197690892,29.856068483150796,0.47567803294571653,0.7339076209574174
1967,624.7865298574841,0.10788457242786131,0.00040537444553258816,96.82218531158745,164966.51834398013,72.20442515244855,20376.3092319928,1.2460729579558227,30.75052514350116,0.47464680350137173,0.19405607761139976
1968,632.8218774658847,0.10200011972500711,0.0004057247679559211,89.81880424663012,165075.11430763733,72.15171215745514,20367.17719673771,1.2432975132009403,30.52399697474266,0.4740779193696533,0.5065813259327427
1969,621.2573580467506,0.11228182667002684,0.00040614758585584776,98.64069982118747,165192.62757766503,72.2585263501023,20357.840113636652,1.251942052901141,30.456003773859447,0.4734444098584632,0.418950242238715
1970,624.4668597175474,0.11165670605768219,0.0004064575372882687,98.3952519871026,165309.64244109878,72.23189823204,20348.439414017215,1.242065607035378,30.550550057411215,0.4728050360019446,0.3622968738402861
1971,624.036317390396,0.1131192318712001,0.00040676643963274674,97.38238185018778,165425.71865950426,72.25474718672845,20339.46610552289,1.249516522075585,30.23509128906668,0.4722418325262467,0.6773264986818504
1972,619.6874086465934,0.11850334080008551,0.0004070605841591694,99.74729385141615,165544.10791804004,72.2375313372879,20331.3663983281,1.2425391658291576,30.217832534178203,0.47157010137845484,0.7067386635310271
1973,619.1111359817505,0.11932150471717018,0.000407297513622199,97.79942232174002,165660.44993060752,72.3143501914951,20322.365763036614,1.2464693663679773,30.519921677386503,0.47092595966062,0.4084280863311278
1974,622.0556046129753,0.1193872529733051,0.0004076167443380595,95.98810183447398,165775.16531397798,71.99471627952504,20313.31145919677,1.259724474530625,30.487151608860515,0.47044686122266577,0.405252701125832
1975,616.975461181137,0.12552449268879406,0.0004082148036345157,94.77204614479282,165888.69525488975,71.884449229521,20304.13207835627,1.2552336954079928,30.478233045702797,0.4699761529463649,0.4093017333439093
1976,624.4132414675676,0.12212877284896684,0.0004087932895858551,97.22053049082373,166004.55454865872,71.92937112228255,20295.86402076755,1.2428435202295207,30.221470497542125,0.46952571494987805,0.6846239170446822
1977,625.4563211631526,0.12264049351194906,0.00040940394426992996,97.23737787442985,166120.4647206029,71.9453754080541,20286.675847750626,1.2520745268267766,30.884372002823643,0.46898779034040594,0.6435399350905016
1978,616.3175227314971,0.1304905642046923,0.00041000946689492314,97.12692187838402,166236.22338846937,71.62096320033665,20276.783795205833,1.2467403856558419,30.937395179480742,0.46880145798348294,0.05812491080357063
1979,615.7646524877836,0.1315674065281045,0.00041052617604712575,98.66470591843338,166353.37689934447,71.59199780022166,20266.87467864719,1.2399172388250235,30.93291489227304,0.4685897095977934,0.05821519161657562
1980,616.9895562124575,0.1301842533231593,0.0004110200246581212,-177.80414583823722,166379.63271246504,71.60326858883334,19367.05389691481,1.2442812629953988,30.636703567345222,0.46838713271629073,0.3854239327713884
1981,618.0408375183778,0.12962926874041691,0.0004115203633666831,98.76470834457683,166496.78369167657,71.51479071278543,19358.430648096622,1.2535122608244036,30.719516702004473,0.46806815798050155,0.3816176955870034
1982,621.9088934796115,0.12767215270004284,0.00041202140018360635,97.43145104413404,166612.7134611284,71.54015180645636,19349.64026665486,1.249946437654616,30.729657111641153,0.4678064989143074,0.3788052638842885
1983,623.3427623088326,0.12732581643277774,0.0004125112936648844,95.36764524767892,166726.58968809442,71.48903929874064,19340.369686831684,1.2440708144700436,31.051122261444622,0.46756350046392503,0.05812617436664169
1984,615.848796622515,0.13230830064857457,0.00041299971998602067,98.1618198449566,166843.2473990611,71.46419875511384,19331.38546390023,1.2475188324726032,31.085239546838153,0.46747366951291247,0.05806926700366688
1985,616.3467537891108,0.13215606203622632,0.0004134750418645325,98.63990413054609,166960.27313958306,71.711129770527,19322.410193999684,1.2427855989590422,31.121558322831756,0.4674059313361036,0.058205804569695374
1986,616.4641667864813,0.13251170542981217,0.0004139746406262821,93.37698256444304,167072.07312193819,71.62683881007347,19313.4335633378,1.2462942490442281,31.162992656791893,0.4673601699496218,0.05817357451110894
1987,616.5589991969525,0.13325975743372687,0.0004144721713695915,96.34401741014327,167186.80859822154,71.75664722205451,19304.462967314037,1.2579877224363543,31.13425098982921,0.467337866581904,0.05818900649659042
1988,616.1844314084645,0.13464926041502234,0.00041495549957457805,102.76732074692146,167307.93465764594,71.81797634487195,19295.495267647744,1.2440462850989773,31.11012426012091,0.4673032842381777,0.05825361912357607
1989,616.4186761570674,0.1340468668434478,0.00041531350703516445,101.10969480503343,167427.27253206773,71.74772560829096,19286.506529157872,1.243331164458635,31.140293834273855,0.46725928957761487,0.05817170757573109
1990,620.0668300056154,0.131191178613012,0.0004156743050199525,98.01006736692719,167543.48971365625,71.79656821154438,19277.468263152135,1.2523346909893216,31.117603428408422,0.467233136981112,0.058167647123923416
1991,621.37187333828,0.13018413141783802,0.0004160610561224575,99.63099782538242,167661.3441840557,71.64129970586718,19268.401637262363,1.2452952239303487,31.117864288015905,0.46719788022488784,0.05812377798664414
1992,615.1033014403293,0.13472551626375573,0.0004164579540796616,100.76410279550834,167780.323658484,71.65538797114125,19259.33850901956,1.2455721578988672,31.090424946050042,0.46716528750943936,0.0582725337091361
1993,614.5016787786363,0.13546948868049735,0.0004168051950699627,99.54175413633104,167897.98117425866,71.62876559302453,19250.325620384177,1.252875466889086,31.056204475627567,0.4671215082820349,0.05823299684928429
1994,614.0865396869676,0.13541253682493015,0.0004171598047469654,100.71727836407666,168016.79544351663,71.5197331038244,19241.32039430893,1.244254218618088,31.037999363002772,0.4670638501855841,0.05817120038157242
1995,613.8621488200505,0.13590705276889625,0.0004175085576701685,103.85783673711833,168138.73125466282,71.6565390391778,19232.463186483375,1.2483950659367253,30.57829010378837,0.4670009020088217,0.5150954646482617
1996,613.8159216624421,0.13598812342984046,0.00041785018764426996,101.10757548413952,168257.8910184588,71.61059210905258,19223.482352583836,1.2395342132392202,31.056537190762995,0.4667412562009378,0.05819378656590857
1997,622.4619005637875,0.09606557431626306,0.00041818449520719686,91.6493462334179,168367.5713556948,71.4537476585552,19226.448105425716,1.253597744857246,31.279172142238266,0.46670506645128784,0.05818664390145045
1998,616.0321436119398,0.11546244722009458,0.00041893990020878605,96.3050833853786,168482.76651705077,71.51674479657923,19224.72394463187,1.2393795610993152,30.236026758679515,0.4667809909291761,0.42667120537119985
1999,635.2258046068881,0.0787111617295676,0.0004194804296821611,63.030706678417715,168564.33359226526,71.36373216553926,19220.844719504228,1.2684370356400279,32.38586879764088,0.46636117936263477,0.05814498732588902
2000,618.2901046697095,0.1197917776532259,0.0004202653806718922,99.11753523215569,168682.6105827626,71.44185335683696,19216.428954276755,1.2449708369029975,31.008418819848085,0.4670004291680517,0.058198938493255525
2001,626.0965165689524,0.09449744542419591,0.0004207427846930801,64.69030373393892,168765.71185593025,71.27681365902144,19210.071606605346,1.2657124150061352,32.99961056601292,0.46693034703410374,0.0581216408901426
2002,615.2277775053284,0.12026394316070843,0.0004213365394911633,100.20463879586751,168884.8041972289,71.69675600748366,19203.137549221727,1.236604651033455,31.10321885061426,0.46784435866100615,0.05808400098917588
2003,629.4460273058845,0.09100280420122808,0.000421776680303974,72.72477985295941,168975.89897636417,71.41092872111277,19195.65663785644,1.2579421883543136,33.27790849531383,0.46682459827214107,0.05817329039603436
2004,617.2651951650342,0.11684680777844914,0.00042236454197112753,98.09208076383885,169092.83311979644,71.59221619235203,19187.903088122213,1.2450205624584982,31.214954486919392,0.4688371127743175,0.058166806500473456
2005,627.5479229809733,0.1052703531774366,0.00042282091693920097,90.0497575810515,169201.2541127794,71.58742953668724,19179.752424364033,1.2533735988530332,31.967632363028255,0.46877889264371636,0.058195306755422394
2006,624.0052090253373,0.10754360090655668,0.00042339348207958626,93.954087541679,169313.7142304479,71.54715930710482,19172.70777291009,1.2419687441340832,31.00127950885972,0.4690946390337453,0.058105395368137636
2007,629.3849559811077,0.08229386416457851,0.0004239310211086544,68.35413581593374,169400.5158198805,71.36060580065045,19164.904625909192,1.26190609599286,32.68306646523138,0.4631883182631664,0.42307706311291327
2008,617.7464235850939,0.11478165215401481,0.00042456745250116164,100.4286623737595,169519.8102677578,71.80053435536036,19157.375713385183,1.2415843188243096,30.68137169183901,0.46988873816342785,0.05820490249163157
2009,629.8398594495959,0.09176982643564424,0.00042500645848480716,65.0655776229107,169603.17484826667,71.39734949134252,19148.811394321532,1.275358070455848,33.23440686694606,0.45572317972852694,0.05811580838638264
2010,629.126322165126,0.10254125019766869,0.0004255209521475302,-5256.075843911225,164365.8662171213,71.67138904593266,20655.272814597003,1.2380160188962437,31.885879886614937,0.47108320564392614,0.058195143639046876
2011,630.4368582212052,0.07728876898880188,0.00042607040746652674,56.41547960280002,164440.8876754333,71.22307649163832,20645.618002379775,1.2650546702065981,33.27705830334916,0.4651867371440171,0.057619288008048386
2012,623.518238313325,0.0974101695382793,0.00042671678827960505,83.09528600967397,164543.01263980506,71.45441737087496,20636.736761944256,1.25748819796693,31.32362555805895,0.4713293708275414,0.1325181279969101
2013,620.2184020678008,0.10594164113816551,0.0004272992789762774,86.89549800306463,164648.61289826885,71.74979360773139,20628.593827657503,1.2482516892003641,31.996408694650185,0.47218240500488734,0.15619155083020786
2014,621.3395818441561,0.09520598197603536,0.00042778022055516755,56.80642023665055,164724.0096961974,71.23051803754745,20618.75484200393,1.2643415278191759,33.85974921917564,0.472082524832706,0.057638294223799846
2015,623.2697125915215,0.09923402216844623,0.00042820523191916386,85.63122948272473,164828.392833605,71.52845416044515,20609.177699635205,1.2447510669604995,31.679669306004847,0.46393757447893075,0.2810031560723161
2016,626.6692025017962,0.08041405474263885,0.00042873834918094323,57.266281648646526,164904.31561300502,71.2732057739382,20599.069284654546,1.2653234857515634,34.15201359866396,0.4612084499699186,0.3215148531916867
2017,620.2626852802292,0.09961714670592525,0.00042930149130864995,87.28650859344089,165010.58660064515,71.61075173650808,20588.754237536446,1.2473758764218261,32.297735390226364,0.47005150252016287,0.24380603470582685
2018,631.413377953528,0.07524320850408828,0.0004298099552673504,49.157311694367195,165078.3093313959,71.27671879291948,20578.68726652232,1.2732713062633125,34.23201769942577,0.4759482615259094,0.26089827193671766
2019,630.4576011948969,0.08682278271182708,0.00043042067037417917,82.68906785108749,165180.0095823404,71.32968480525253,20569.262991600688,1.2555863051690352,31.524127064494905,0.4770083437929433,0.05765357795535664
2020,628.2194475808506,0.083190242116156,0.00043121131226765,52.19867263375764,165251.02323841583,71.14465365263649,20564.431257819924,1.2751733749570415,34.219562724095844,0.4745394150899287,0.5417432109307825
2021,625.4805006889,0.08489577385550728,0.00043186772262761373,82.28869994830279,165352.28671128768,71.38080206953217,20561.252604061592,1.2571504109618727,32.48246570222132,0.47373093649678033,0.057875276483422056
2022,630.2144059793613,0.07001013357557428,0.00043265496228513193,48.524406097956586,165419.73194936177,71.10016116643065,20553.176295546462,1.2699900295228062,34.334286692461205,0.4744540949464653,0.05782013982961587
2023,633.9139392970565,0.0743816789738857,0.00043342955036671546,77.55878213386276,165516.46019686194,71.38135427408744,20544.723836124784,1.260404030485357,33.10010721480457,0.4792861673413493,0.05784908208942596
2024,634.8259305124428,0.06390105408231894,0.00043430406237273306,50.86297030206944,165586.41019446505,71.09898810930962,20536.43819154114,1.2756564987899792,34.76219653223396,0.4781348886254913,0.05789555346409969
2025,638.7192282604369,0.06961262810837543,0.00043511742721023117,80.15871577498476,165685.83811531134,71.49220030448353,20528.15698096514,1.25758572645486,32.12652246086297,0.4808133701048103,0.42162368104744274
2026,640.7801617952741,0.055794616729830215,0.0004360171005452071,51.13566047644153,165756.1462616767,71.21588338256228,20519.827541271574,1.269180593468644,34.6564237632954,0.48021523272677025,0.05773510686100991
2027,634.2207114265095,0.07007246283889301,0.00043755634922361446,79.10662603343908,165854.7208414058,71.43967590810465,20511.499115066672,1.2526142731849588,33.353026974696924,0.48060715341465376,0.05781266305576338
2028,644.9807548798032,0.05015394749653712,0.0004398627373340589,46.25849342131002,165920.2525221193,71.18705530531952,20503.32517235845,1.2703077157127425,35.000522963315305,0.48172776243838,0.627360855302264
2029,653.306719271163,0.04629174486916898,0.0004421989243665006,71.0471627590398,166010.87225295734,71.37066504690551,20496.134296969645,1.2440357946072413,33.64595371717761,0.4826888900449229,0.7076147747562374
2030,651.4767493307363,0.03302595094100813,0.0004447048079551982,40.354152768418004,166070.79281683126,71.1786987594604,20489.16976075808,1.2637907731352989,34.79387549469204,0.48104577418975936,1.176752559635041
2031,657.1247184273319,0.04672253362228351,0.00044716134467773775,41.36686213596195,166131.90985541293,71.17540207208279,20481.91705668451,1.2780187146821411,34.907277469461256,0.47992491876238014,0.05789313882817737
2032,652.4457832987539,0.0607841717387394,0.0004502754322403645,73.4883138883119,166225.2665866272,71.43388098830201,20474.802552670008,1.265022278744787,33.114277753065835,0.4827991786254896,0.05782122480088958
2033,635.0593545278196,0.07485817113014825,0.0004532244154660807,58.027386894333716,166303.00353318037,71.18052201528548,20466.807962647872,1.2998726799713762,34.62106580051589,0.4861425612728628,0.057827746282796966
2034,651.1369811202544,0.07992515494810759,0.00045598539181560097,83.38620868597982,166405.8532683603,71.34074234806383,20457.181253928833,1.2718149745621181,32.6355623284668,0.48687431309174306,0.0700856776802894
2035,645.1583949461946,0.07828366423514688,0.0004586584577829303,81.05544042505616,166506.3482219084,71.29830181136896,20446.96780866834,1.2782204088048832,32.678533476975765,0.4865930591196684,0.05798313051707282
2036,651.4114123365421,0.08466713167927364,0.0004613166395176863,85.30406580733302,166610.8707542509,71.50421585183348,20436.760514593494,1.2743992331512828,32.96037414129831,0.48634668144737014,0.147105902270404
2037,657.767117202972,0.07752245777959255,0.00046387597723354765,78.47705088607631,166708.4880787397,71.24795107773446,20438.826916486643,1.282698864290064,33.69730549906236,0.4862566635637143,0.05807893538399611
2038,662.7374906660818,0.0628811952788415,0.00046671527808677803,75.2471256519749,166803.1282954853,71.19658633982422,20428.61716412543,1.2729443142249512,34.09118454450565,0.4865290229444945,0.05804653218205402
2039,660.7705375184279,0.06368814783211574,0.00046967663174425167,77.58902199302531,166900.5252787734,71.22278812164797,20421.62107345637,1.277587186504332,33.349062338209485,0.4869817403490912,0.057910540775004904
2040,669.9659453434367,0.05625189735511049,0.0004732476923041622,77.01833448845764,166997.36486042797,71.23299605698222,20414.31671478048,1.2750844909800187,33.428144116146385,0.4870467656144921,0.05797726883564991
2041,667.0171955134822,0.053255514204820775,0.00047685399508345054,75.0731851941573,167092.29282226224,71.29700422707946,20405.025462101596,1.2825282601054684,33.592429578532226,0.48682320857531813,0.8143179579242599
2042,663.3002150438773,0.05365294834123813,0.00048045196116465103,76.89572539854606,167189.04665142778,71.319754523672,20397.562071724293,1.2823454906689216,33.13926366893398,0.48663358398004947,0.46341480508238675
2043,664.8080150971577,0.05479097265096511,0.0004840042801748894,73.84598355635808,167282.72402520123,71.21447654641258,20387.32730176669,1.2821061005367524,34.57182207939331,0.4854506195711993,0.05794881225175885
2044,658.3189681012012,0.06877629232917748,0.0004875044295141741,79.10826298312017,167381.6098057058,71.26347083868515,20377.144443481713,1.2713598501387768,34.15641423696688,0.4847745791185862,0.05798572922568468
2045,661.841389405663,0.05670991064353903,0.000490816906576277,48.21757812803477,167449.40206027872,71.08881296568782,20367.905017167282,1.2866652731167465,35.316269371625545,0.48853666517772604,0.12447625984653854
2046,654.4387477103951,0.06276576002751233,0.0004942092760678188,80.07288068476652,167549.21274679073,71.35258033372924,20360.229141660533,1.2720181073982841,35.009165122196684,0.4896620188712894,0.05807666895014307
2047,657.7861574855798,0.04906668722245222,0.0004975340707510796,55.32323531461452,167624.15461562164,71.2126803792567,20350.061225049045,1.2913395526013256,36.37265824005281,0.49041022898352776,0.23778798989901162
2048,665.7161190579931,0.04168932311980811,0.0005,9.017274138288002,167653.04460654236,71.1832338778202,20339.900816903155,1.155467514817821,35.13075131422673,0.49180190615903785,0.05808263515922363
2049,673.2559584370028,0.033252955256975025,0.0005,40.32429233659889,167713.335742292,71.11618333900866,20330.100317715347,1.2355388855066758,36.756400431858765,0.491973672192388,0.05798711392240108
2050,668.6635819339318,0.03130495011303347,0.0005,45.47963234777012,167778.95686071378,71.16603790189059,20319.95539998281,1.2520560595501533,36.6500580757383,0.49399400852102715,0.058094576572074175
2051,679.5932739575746,0.022990781073245037,0.0005,35.85049035392356,167834.93873712642,71.15069102920027,20309.81641734093,1.2574759630524852,37.02988047076884,0.4921329196105686,0.20394732688757955
2052,683.5062743000742,0.022603945822707527,0.0005,47.32676711773118,167902.51151405228,71.23243117430351,20301.53535873791,1.278618300922012,36.91930071881296,0.4836297904464317,0.058596860136546525
2053,686.4077007727606,0.018583974171442197,0.0005,47.95402650454244,167970.75941409738,71.19627446655399,20295.56003835602,1.2694129911860002,37.152581947262206,0.49396430229695326,0.2005472368168526
2054,687.1193579143428,0.014802119278640391,0.0005,42.72353338465396,168033.83666760914,71.18731678102267,20285.38661933348,1.2682475059098317,37.697760360084196,0.49442932440843496,0.058060006708231526
2055,688.8452128737347,0.004461419518602572,0.0005,43.688359549719365,168097.90551783593,71.23380509984312,20276.039494963086,1.276321343140152,37.86875454830362,0.49541050377136925,0.05805195928446949
2056,683.6201798534244,0.013768665438937178,0.0005,71.07501196922445,168189.5773592714,71.73815683121146,20266.61084906578,1.2537093671282022,36.379985171333246,0.4957227666102782,0.05798079089042574
2057,681.2846607415064,0.01595018473617693,0.0005,52.18064555052442,168262.17885658387,71.63017394203571,20252.158361453785,1.2688170505272183,37.34492949241621,0.48673528085336043,0.05803122570779351
2058,673.3402899045515,0.0230534019168519,0.0005,48.50331527486293,168331.04626097772,71.53474375685293,20242.918690316455,1.2642230746345373,37.40291077663284,0.4902396599709169,0.05801811043338745
2059,674.4606427810718,0.022154050175867912,0.0005,51.05331752091621,168402.33369611038,71.58825688101271,20234.448318624763,1.2720565588155033,37.84541832315155,0.4901534676394247,0.28893767599060993
2060,678.9634508109796,0.01620293625565017,0.0005,49.98967107421447,168472.59869038826,71.60190227357747,20224.821939827303,1.2779038784633152,38.094459316146185,0.4908067204102909,0.05809557988127523
2061,674.8498516670126,0.02395965238257025,0.0005,69.54568388881341,168562.47202077508,71.8093534704507,20215.387283910586,1.224748884111224,36.065325301552356,0.49066270444297355,0.05801732637001322
2062,682.3108770940971,0.010624878061735399,0.0005,41.56317435496129,168624.236962939,71.51839578600028,20206.66560446796,1.2806099558542219,38.106327233667244,0.4921450007321042,0.10094733851698834
2063,682.1479316103072,0.01143099368954792,0.0005,67.69984969318176,168712.328947393,71.67463853095148,20197.560285907304,1.2873806092085518,36.61872521780597,0.49322107231316564,0.05803500736349321
2064,680.7228423794404,0.013980103220944895,0.0005,67.10178187142563,168800.22876922696,71.73172662118172,20188.10646306338,1.2946799345351443,36.60189022943897,0.490829714190885,0.25670923461292716
2065,678.3479111644455,0.018625403656166606,0.0005,64.3539320268628,168885.4138758833,72.11303727475874,20178.376459929696,1.2917348213184616,36.39363903154949,0.4880674325611936,0.05800108740180576
2066,681.7395711758426,0.01769720458788282,0.0005,72.07412207584161,168978.20912560596,72.12415465316695,20168.963143640187,1.3156722207282436,36.367977715266036,0.48524064352601115,0.05801291200106107
2067,690.5041788577224,0.026368301727306087,0.0005,72.87179636231713,169072.19913800605,71.93824412350558,20158.931774476445,1.3099759407420062,35.80070664622936,0.48359028335330445,0.058119872373836756
2068,695.2657080085852,0.02290318226821708,0.0005,75.27072981557708,169168.40728461498,72.30345979084098,20149.75311057276,1.3187145404594312,35.720451141547656,0.5148526595711086,0.057993642190155015
2069,691.555364008157,0.0277826350378112,0.0005,75.65419821503787,169265.0258840632,72.20774292381647,20139.733455865935,1.3223152883409184,35.650017448703245,0.5190326926612884,0.0581237368493035
2070,684.7986802168178,0.0323979732280697,0.0005,75.4113534596942,169361.31536263943,72.27371317172863,20129.95536553719,1.3142165387823879,35.563584058700464,0.5153914405303239,0.05797229033113638
2071,682.4671374778187,0.035839084139428046,0.0005,78.06790246510994,169460.10729543518,72.22863722553832,20119.94747088758,1.3212910889526932,35.45482000816737,0.5164290818317888,0.05808305659351731
2072,675.0986942212347,0.04399283796586739,0.0005,76.61377622666495,169557.360391506,72.15732476076454,20110.437108045015,1.3214658998667232,35.3546705540176,0.5179142611760326,0.057918592535493474
2073,676.8871703998904,0.03622972340175534,0.0005,77.18689144962065,169655.0665918117,72.21076773428615,20100.440839400617,1.3081953250345526,35.326247074490986,0.5225842359562975,0.05812502439474798
2074,677.6664343267686,0.0417414739335088,0.0005,82.49338960012,169758.10692005293,72.18411067722018,20090.450409190016,1.3051756321299912,35.28483273709221,0.5205205474139875,0.05810361911196793
2075,675.9694551642075,0.045248958987935795,0.0005,82.32791902613576,169860.90950897476,72.13161175272548,20080.46581210529,1.3102723492321502,34.821167763649136,0.5183961587880536,0.058160946768396116
2076,686.3322249242526,0.042400500055085444,0.0005,79.98055850796987,169961.3347136652,72.1281686787888,20070.487045480146,1.3102308395986337,34.74476924980858,0.5116600962819897,0.05815922644493554
2077,695.8068998500559,0.03390875160850826,0.0005,82.61199993617385,170064.39210839372,72.2601377614486,20062.588622699266,1.310606413530765,34.75790136749156,0.5178490330103761,0.05792278837073894
2078,683.4574471151118,0.04671318340268771,0.0005,83.13363175299824,170168.21372297805,72.18290033306366,20052.620857259557,1.3038110382251018,35.1126838372449,0.5175468680262225,0.05812781632878483
2079,690.2949891537063,0.04209245650846061,0.0005,80.30556082557004,170268.849007403,72.10060281212027,20043.32211547867,1.3068889311208831,35.169634035458714,0.5145536670940144,0.1333358516157901
2080,694.6499284047453,0.035643122963368024,0.0005,74.07747190093428,170363.32531164668,72.08504911085255,20033.36598758153,1.305579460084357,35.03250454055447,0.5077412643066698,0.05815414230070104
2081,697.3608090669605,0.03468978531518707,0.0005,77.85837066340733,170461.62520420685,72.13461262643618,20023.61023323169,1.3069447624594397,34.630946049071234,0.5113950126387491,0.6491163605636174
2082,687.9959828355736,0.041636228531073405,0.0005,77.10040587937794,170559.17902845994,72.11616673056494,20014.00371474963,1.2933363196141536,34.76997244987587,0.5038869528711822,0.05804099872567292
2083,684.0308526321153,0.04667421384024306,0.0005,77.79294358020621,170657.2701422937,72.10927313699926,20004.065018477522,1.306329834673574,34.895379964706706,0.506362049950039,0.2098784566953782
2084,678.5608276042666,0.052199543092312006,0.0005,79.13160003400728,170756.59331404485,72.1112954459595,19994.504976922137,1.2921892751436186,34.532543448935975,0.5156549546086306,0.4202518314892316
2085,680.6413164348893,0.049071387566117175,0.0005,80.41372263738327,170857.14736402198,72.15323253250598,19986.70423078754,1.3020585764218113,34.02107679811839,0.5155152719481653,0.4140340570997765
2086,675.5116365740688,0.05148805412187163,0.0005,7.165689460342634,170884.4566469755,72.08924299615659,19976.780768934306,1.1182582158111554,34.31457581145238,0.515069243906631,0.05818503548194087
2087,674.8717914818844,0.05743316032476231,0.0005,55.65836060906548,170960.25497910153,71.97231805403379,19966.863111090526,1.295504495919034,36.57903588714406,0.5011971129001196,0.05820591835602329
2088,678.5617789593308,0.06335189482721748,0.0005,53.633773615757434,171034.05435427817,72.20999957034043,19956.951239706148,1.226324082576677,34.56919403710285,0.49491505060127455,0.058233027614470245
2089,684.0058304775883,0.05147071591326624,0.0005,60.59787068668865,171114.7197124473,72.02057066226821,19947.04515594273,1.2929991930405704,36.550753015484176,0.4969955278076539,0.05821367006790723
2090,672.224748358149,0.07009674132892163,0.0005,74.50356051786403,171209.4879093626,72.18844833318687,19937.144856267074,1.2884310264138452,34.49470775187987,0.5114234640325683,0.05811472277189722
2091,675.7627403219841,0.06961392027809754,0.0005,80.87117824783326,171310.33246367576,72.23935491629527,19927.250984822378,1.282394188090134,34.377540544852174,0.5095041517029681,0.058056373165186415
2092,676.4780469495919,0.06429634551406394,0.0005,76.3895680700285,171406.76121931468,72.23740285228249,19917.795843316544,1.2932582679697833,34.66128732816753,0.5076462075654674,0.058071456460304205
2093,676.5034088267486,0.07826755212396563,0.0005,80.76253497394464,171507.5494750122,72.19028633382953,19909.214111438145,1.2910832104845213,33.69427789413575,0.49218126973645115,0.057965566849652816
2094,670.8094342994334,0.08741968795141408,0.0005,83.68823326078089,171611.22123008454,72.23338161215312,19899.33691243628,1.3018348813271101,33.74014823624948,0.48423014207644344,0.3483239444253954
2095,670.1946615464155,0.08267508899889098,0.0005,87.9761726969877,171718.85603107203,72.29516983259066,19889.465691474183,1.280186234815806,33.57311157136816,0.48892577370407253,0.3651392399487463
2096,673.9540745175918,0.06722931064450344,0.0005,81.53048137958189,171820.00983899005,72.27479189261277,19879.600024031322,1.280103610679489,33.32445408961678,0.482014263654533,0.05810299903853178
2097,667.7968681868133,0.07783063273894875,0.0005,79.58209825774347,171919.3361431201,72.23181737411285,19869.740114434382,1.3120993945680643,33.278308184819004,0.48617533191825124,0.05818852222386539
2098,674.6947183675928,0.07365012476930355,0.0005,79.39405161737739,172018.69667745562,72.24797607694185,19860.521265957625,1.2838258298582539,32.64812579861888,0.4977303081026569,0.599620427297431
2099,670.9654751177003,0.07855352134686289,0.0005,79.3983179096056,172118.15949719003,72.16356229430751,19853.018383630708,1.2972444716259008,32.622008230825955,0.49638891428033693,0.42970390878642206
2100,676.8265968846587,0.06004200832327811,0.0005,73.38309380617383,172211.47561536985,72.05493451093953,20098.109681393373,1.2965726848784223,33.46440694060542,0.5071400651107235,0.5983632999695061
2101,672.1926552764625,0.0650151948292701,0.0005,82.0128988082792,172313.65532408116,72.20532626483578,20089.4883467688,1.2924798947287317,32.89896642037298,0.5136211208420443,0.05788066634314504
2102,666.3369315052828,0.07641538866290964,0.0005,80.99499060259222,172414.81700602663,72.24339516615493,20082.023104902837,1.3058624895691344,32.86327474151516,0.510831083371313,0.05803318446940864
2103,666.1640901923466,0.07672413029471647,0.0005,84.96277919863701,172519.74417488088,72.20495614684934,20072.731638111272,1.285162815461861,33.05875499137125,0.5107429094271588,0.16183725489246825
2104,664.4532821194022,0.0837030449698637,0.0005,86.43598474984003,172626.11105561658,72.24742186021031,20066.14823293333,1.2917865640045083,32.32533278967029,0.5094717130815357,0.4308993267275625
2105,656.1466776983096,0.09607703873317452,0.0005,89.11463074124214,172734.98805417874,72.14725195940804,20059.575866708634,1.2899517478190423,32.28785216221341,0.5074793110572119,0.42424123267736036
2106,657.9411808736503,0.08802880621409281,0.0005,84.63577238317094,172839.2660446246,72.22526983977886,20049.613153688155,1.2928621824173294,32.07201190225769,0.5045569955471143,0.5434557658224151
2107,655.4902579523867,0.09629903018671127,0.0005,86.34707444832418,172945.28836872053,72.0945131734201,20041.21641608649,1.2940243212196954,32.06919885511706,0.5050217457630213,0.0580827850861354
2108,649.4500752592699,0.10526233798593176,0.0005,92.63422520525117,173057.4776948027,72.21538739157212,20032.725781630943,1.289093758802718,31.97539208331471,0.5035453636084645,0.058098090478118536
2109,653.8385208026491,0.09982217294882667,0.0005,92.29885160217961,173169.18149790415,72.28603698951324,20024.146106754444,1.2889802475689576,31.88492653194884,0.5013181250436416,0.058089671431744705
2110,651.7216781022037,0.10237413720870514,0.0005,87.26688349236011,173275.89077254606,72.20336370596266,20015.429150590873,1.2984222887996042,32.37991268820315,0.4979609132817121,0.05815907048540936
2111,652.21175090053,0.10270338700545911,0.0005,88.03606780472484,173383.2799203887,72.20076220711698,20007.063541033618,1.2941263073086895,32.2866918546634,0.49534015431527545,0.05818185208148918
2112,659.6156677327999,0.08503556519762467,0.0005,86.91556749738132,173489.55954023518,72.20719588356302,19998.422262921606,1.288169306453829,32.13742137841829,0.4988642974798175,0.05815324019017254
2113,651.4963155069448,0.08843872378149154,0.0005,87.79368416770481,173596.89101871743,72.2014173361582,19990.03846740327,1.279901637948684,31.990386768477393,0.49773190082359753,0.05815760545132065
2114,658.8222969521172,0.06746597789944753,0.0005,77.43561211316339,173693.7776385449,72.06374337928958,19982.1706242793,1.2842402780805757,32.47723913468704,0.4965842758104611,0.20663408516674053
2115,655.7212590246743,0.07289555326942088,0.0005,12.02503233992229,173725.64473988855,72.20337060622674,19972.260767612155,1.0920092953081042,32.031669664780374,0.49574253155364273,0.5443533450550646
2116,650.7574493088715,0.07671015947281767,0.0005,60.223207695151785,173805.51892665532,71.98846621467973,19966.01511195651,1.287032194089575,32.98075689257166,0.49301068832469064,0.46314262741439194
2117,652.5779913947518,0.08330656267255099,0.0005,87.71624729452881,173912.81972812954,72.29001032497804,19957.36659644159,1.2740863250165628,32.06833504187535,0.49245893533567703,0.6180166844950037
2118,650.3557402906533,0.08877835710549287,0.000499956948078178,85.91838051554564,174018.23523872244,72.25659626438247,19950.134862304618,1.2718605364775588,31.999141067478764,0.49353012675779895,0.6131704340336697
2119,645.8649484462782,0.0870199767722235,0.0004998506265602533,65.94948734032735,174103.5875203053,72.03596888030663,19942.329952588458,1.2821400855679614,32.71254983382184,0.49263002821771473,0.46728165578733893
2120,643.4077420808834,0.0933383968753605,0.0004997504576036982,85.73143799048466,174208.80823096825,72.16917733790987,19933.797146607147,1.2739073337632953,32.12167569596402,0.49207579224048165,0.7578496917969844
2121,631.9304537450563,0.097448258415744,0.0004996324646390081,83.18604412517053,174311.3483200398,72.03508665941776,19925.79317290377,1.2786957444779394,31.345781435093343,0.49038621772155405,0.46738067748248113
2122,628.4996934171035,0.11217947177247256,0.0004994657112839009,80.27108158029333,174410.87003419723,72.23872356925074,19919.02859166993,1.2697969368733528,31.372186937754044,0.48999233227115985,0.05815798250993254
2123,630.8151668259256,0.10757073657937288,0.0004991379296372754,91.30616771872863,174521.241521839,72.17137793762721,19911.556745094436,1.2740356648166065,31.835267639734646,0.48922709634031813,0.058170180359716994
2124,635.0489261078736,0.09645333893380548,0.0004988774301608629,89.58377808015257,174629.99138056234,72.09927573892695,19903.262942816058,1.272527876016214,31.36750577654068,0.4884326157286814,0.34640977513014093
2125,639.1252993057165,0.08134478391844047,0.0004987095050105014,60.491172649158386,174709.72496263564,71.86890675831246,19893.84271973913,1.2871505380079196,33.15770584022868,0.48732489733418916,0.05812708872610983
2126,635.0166947689607,0.10328613340250525,0.000498689815617431,13.06732733844089,174742.31193010707,72.16003691505634,19885.29003183759,1.0714508076578173,29.617280453542147,0.4874169222698134,0.8779179879672583
2127,642.3978431954943,0.08620886686051221,0.0004973455091114764,64.83085498027896,174826.31943645084,71.94808221205564,19879.19650945831,1.2405098712283342,31.801044777771484,0.4856689099363915,0.9520507960434728
2128,646.7318444424407,0.07887847790141,0.0004961607963879338,66.1611603276161,174911.9977595247,71.95389176576462,19871.83024991059,1.270083047948642,30.109633914180687,0.48508790191854345,0.8910080030174896
2129,633.8131093594238,0.096640976827993,0.0004952566316654472,89.43264843041655,175021.22235306853,72.26126657991165,19865.85764541689,1.2501354659884285,28.31454724517672,0.48370052603860314,0.4750078331192782
2130,640.0726376907336,0.08501581975439398,0.0004941684601150605,66.93640846201652,175107.58491118514,72.08811170298628,20415.418939327235,1.2742870958883754,29.597192210042223,0.4814397598913113,0.5583703913673048
2131,620.9838492214124,0.11426247566830372,0.0004931807526189003,97.3449672554386,175224.5032692154,72.20342896279449,20409.055416397172,1.2753937398744704,28.857648380233023,0.4797782266142582,0.058101114421397426
2132,617.1338231799264,0.13316864247283877,0.0004919120455695275,83.68018270648994,175327.31193697068,72.32985115242803,20401.125458344777,1.2201234980907136,28.521582832705388,0.47822105744972276,0.485291849565165
2133,639.9040653745665,0.0844443203882328,0.0004904286742229769,68.28107897052419,175414.59336243698,71.98147592823634,20393.151016087155,1.270905631645644,30.447953194759325,0.4760805716216836,0.9652153285817349
2134,612.6671563309627,0.13778546954715376,0.0004894346122798946,100.87325902217276,175535.09883086372,72.25260926888222,20383.342488201288,1.251918067233309,29.225429949048124,0.4756157136258777,0.4980476693235971
2135,611.9097938138302,0.1255802223914827,0.00048791566523868646,96.02382605978633,175650.00114044306,71.84212721558706,20185.495369701217,1.2732200501254232,29.210336141209723,0.47425064584099585,0.20598866229989454
2136,602.9857074132476,0.15538854505438016,0.0004865384440726259,100.30308218035236,175769.28975248407,71.89322452166705,20178.15695250681,1.268369514907026,28.296997149483524,0.4729022949682576,0.48591228495785543
2137,603.6086424943777,0.14605260503943185,0.0004848573318584883,97.64449600898462,175885.53499976004,71.87104703497131,20171.457268227954,1.2692945503600706,28.956754319146537,0.47118868612511183,0.18952571221025494
2138,593.635102671536,0.17205785769451276,0.0004832875124572771,105.97938171513783,176010.2176475382,71.77514026022313,20165.90789167169,1.2617636082739478,27.60357162229262,0.469869961824439,0.18890952411530293
2139,596.9392454793527,0.1566736529032018,0.0004814518874947572,98.9270053911657,176127.4871412678,71.28459096871163,20161.040209410414,1.2684620919170797,27.704396009901963,0.4679523588457387,0.4801062213007512
2140,580.7685067554163,0.18679600952960795,0.0004797887955123731,109.49799590203432,176255.47457414796,71.14249303370516,19967.388683528647,1.2776075791292512,28.227510953033846,0.46619799362045655,0.4067295274665099
2141,588.5896368477357,0.16376051797822533,0.0004778015216658099,104.81409328304525,176378.2956294911,71.30082474952361,19960.136609012447,1.2757348866135363,28.31238042421485,0.4647572514831658,0.368542497154138
2142,577.3612950046271,0.1885852192633204,0.00047606781823716,113.30802498615193,176509.90997769925,71.23758809808976,19952.50901236954,1.265392195847726,27.932781075887256,0.46342936277448954,0.4818372668005395
2143,584.983145029998,0.16556559189377507,0.00047407863989168067,102.6558600879491,176630.50934803256,70.97628328618164,19945.524539746606,1.2717603180504993,28.154790058729684,0.4619886901599141,0.4798963274057826
2144,574.195248295742,0.1893348957349935,0.0004723400371462634,110.11742961354176,176758.8538953033,71.20502061470432,19937.47303018163,1.2651075825292146,28.13737393272374,0.4607303773616012,0.26262837025939945
2145,572.7219196890385,0.18951541528351057,0.00047042913492599845,108.24802753949223,176885.02149675484,71.03849892530583,19931.446935727738,1.2781410640600075,27.342869398956935,0.459515462434168,0.46308710450790613
2146,571.3808755991859,0.18796689657381038,0.0004685238635928493,-202.74103397391792,176700.1604548872,70.91227782364108,19923.523473730424,1.2705474617005283,28.551868642857464,0.4579828015451181,0.20514411751680228
2147,579.2937756297499,0.16603114282883635,0.0004666550295150743,99.70958868767275,176817.73059067226,70.88009950389156,19916.228873256754,1.2813966910597503,28.819707298205454,0.45707991069227444,0.05814457174570009
2148,568.712405984571,0.1894581652843892,0.00046502754127825997,107.85828318728218,176943.7727043974,70.91689149857301,19906.577059102015,1.2690147272066787,29.08102906258142,0.4563469131254356,0.05812906204249657
2149,567.5573637691633,0.18951206806377796,0.00046315486277831956,53.36247873451427,177014.94858376478,70.62317508065863,19713.242639856475,1.283208248746515,28.061670095735316,0.4557803036690546,0.9725799984262053
2150,566.6622266599413,0.1871197574118525,0.00046128777676179004,108.88691437125735,177141.62990972912,70.96472478617768,19704.24052208125,1.2741507019187888,28.57817483981823,0.45476406472383724,0.2858797561129549
2151,565.3039139962001,0.18794146094709685,0.00045945301006168377,107.74851200895827,177267.168810344,70.82321165960546,19696.540758190535,1.267926385514025,28.176578580024458,0.454015406225581,0.05822732778228357
2152,561.2495810337123,0.18843233921676683,0.0004576199605304542,106.42533756910024,177391.34605327068,70.90337629298887,19688.973168361543,1.2767119269957046,26.938048748208384,0.45309491412920927,0.5559997710787599
2153,559.2271412906598,0.19167030043504496,0.00045578736609801045,113.51741755822084,177522.69691287028,70.96647111657352,19681.622078087617,1.2708637857099732,27.07410757179578,0.45164028935434847,0.05827933429454646
2154,557.5836472919353,0.192785349801731,0.000453969905332326,108.68108701490132,177649.04550575675,70.82773665926693,19672.234855223327,1.270180266053537,27.107736007930022,0.4502987426509251,0.6487563324557257
2155,545.4857859201301,0.20065355579144073,0.00045210213418898015,109.49678243853094,177776.17169884473,70.7030734713775,19665.064842613654,1.2680655479330363,26.714618264295183,0.44910422028484526,0.058166235882204376
2156,557.1804745538404,0.19172159705104364,0.0004501606312469032,110.69481418530506,177904.37294255733,70.92522760191754,19657.172350844216,1.270694882525263,27.00901370718769,0.4477441878988183,0.3590034047199211
2157,562.1523175776028,0.18796087415555163,0.0004483231948872208,112.95347634306822,178034.95522197988,70.94087790131096,19649.20199695255,1.2659514519223718,27.710958645448923,0.44661544530017383,0.6704911541538934
2158,560.869853685401,0.18768557165144106,0.00044653270300757655,111.61488431827561,178164.23391747015,70.92404372172011,19642.117419523103,1.2698405774163248,28.227521504315224,0.44590741649589566,0.05826198300762542
2159,556.5773145986801,0.19094099164493505,0.00044475332014938263,113.25394781293213,178295.1287904902,70.76765630988383,19633.87869782624,1.2565234189846575,28.413593766449644,0.44545581442151255,0.17549974633345755
2160,545.2102620513693,0.19742649028430137,0.00044293534269946054,-1126.485000854868,177186.21518166817,70.58941364977048,20753.673417033435,1.2672938313508495,26.983280844043936,0.4451261433572857,0.05821388022707197
2161,547.7973916687455,0.1961099623976691,0.00044105807767725203,108.10637413317446,177311.74515764276,70.39938641160383,20743.72756395467,1.2656263096244404,27.505251304973005,0.4440750292273094,0.29787983972037324
2162,537.216664483672,0.20267987040834046,0.00043920511632416473,108.72489503671036,177437.92722143172,70.45138083424973,20733.9901274398,1.285004971705839,27.351589907408687,0.44334827785540204,0.05816340890332583
2163,548.0060353003171,0.1959482533834519,0.00043729304402639077,101.74566772180344,177557.02161756984,70.30716989247766,20724.221582381244,1.272593378130579,27.446872188111243,0.4425701148476739,0.05813730171589526
2164,543.1755622432894,0.20013308203656532,0.00043546496828035546,107.98312438015427,177682.4634085679,70.4266128124021,20714.905890163747,1.2688662116927873,27.39197906992767,0.4418791526496357,0.4188232586597067
2165,543.1132078579341,0.20060260004171127,0.00043361528187440965,106.45174208751908,177806.34879122232,70.49502104273914,20704.796894882864,1.273928263782154,27.429159648927183,0.4412173297264705,0.05822919753338596
2166,538.4178009018933,0.20375785434080096,0.00043176943624716917,107.00932967748747,177930.76451719223,70.39089549642851,20695.240509879855,1.272078630648862,27.481985809035656,0.4405879205607047,0.05810306057342984
2167,555.1831320788675,0.19409945801625017,0.00042989876382574116,108.73710397652994,178056.96586803292,70.39757901351503,20685.11517865202,1.2642889828826214,27.486153460987424,0.44001739467918743,1.2774704582049523
2168,542.1607081149554,0.202328387966917,0.0004281242136672568,104.89975886855524,178179.38050909224,70.45690613290864,20676.46837059317,1.2824233360340678,26.951018320830393,0.4395471231910895,0.05813409383460311
2169,542.0639569180987,0.20369923301894843,0.000426430763594723,107.6364930481333,178305.00336410993,70.55688204056158,20666.35516172108,1.2795654967004428,27.418000467218494,0.43876977870380396,0.1622013130981088
2170,543.6699810135694,0.20348378534051825,0.000424730819324612,102.39163159034612,178425.32778480745,70.40126431028077,20656.218664816013,1.2780988437737348,28.014061448495088,0.4382683571997677,0.05818909399567218
2171,550.7990139455117,0.20058753942604246,0.000423041704838427,101.75406769066433,178544.99617956713,70.382906665599,20646.0875792622,1.2935658513855712,27.923293066705938,0.4380807945621346,0.058196888617324305
2172,545.6883451777722,0.20624634538008402,0.0004214719556807849,107.07120817660223,178670.0514671401,70.43017695794906,20636.572475357716,1.2923316787928891,26.939389934084772,0.43785915577160806,0.05806379012722118
2173,553.6893662335336,0.20160939986112514,0.0004198494781000553,102.95514101016516,178790.91488693145,70.43224347904722,20626.580412116244,1.2929879832279585,27.573606735771257,0.4371657356871351,0.3262914937568979
2174,555.8756873581428,0.20173775209037903,0.00041834440480494083,102.46416507129547,178911.40058954232,70.01140641125058,20616.91303354345,1.2934570372331986,27.29505770111893,0.4368354778295568,0.05816049078062946
2175,554.4561766905506,0.20480754370971344,0.00041685316196681514,107.01769206063133,179036.43194212829,69.52663634498238,20607.588103021466,1.2948117206050618,27.534907803926217,0.436370883169756,0.5212504712449118
2176,557.6940505782904,0.20351508332910473,0.00041533627570465256,104.44424141042163,179158.83062266148,69.52376702052348,20598.351881976192,1.2871450667441928,28.1379021516899,0.4360748530840122,0.0731372395049803
2177,541.9994733070071,0.2146667782999616,0.00041384152576550283,104.69469445638791,179281.48836157567,69.56245508048656,20588.340124561615,1.2909379819332636,26.641868850993454,0.43606636949486527,0.05815505952678279
2178,537.7337609306511,0.21812924000233413,0.00041221590129326063,107.11235505791399,179406.41026225578,69.40909874953945,20578.2873890209,1.2842115114616293,26.490702962155556,0.43532251328024035,0.05822530226509315
2179,534.9681229372319,0.22053031906596132,0.0004105605879680111,107.67584845708808,179531.81170743852,69.4361322588127,20568.268929637175,1.2940723242702605,26.685825009118446,0.434542908644326,0.05815313704465552
2180,533.2401439487974,0.22316423700243226,0.0004088856223580882,112.36839471695771,179661.8445111988,69.36314931909624,20558.22686915567,1.2829676179429832,26.778720188135416,0.43389982988382014,0.05823390762672176
2181,537.6750388422588,0.221080120127347,0.0004071877986905658,108.85766368966776,179788.33374211733,69.37978365170142,20548.100820854266,1.2951025814913473,26.88208045541857,0.4333360337636656,0.058217164513919784
2182,550.9319176475343,0.21268103000241645,0.0004055204641862023,106.78683321175075,179912.77723591367,69.36686523273639,20538.07530142417,1.2890954054574157,26.790757150602094,0.43285272283082726,0.05821542270252422
2183,552.3533443131516,0.2122875780121195,0.0004039506331032173,108.4772899971212,180039.03216077882,69.392752047702,20528.064384311198,1.292368744041938,27.05130799254377,0.4323500407221989,1.3973969960334856
2184,551.2687007453578,0.21343261563148164,0.0004023915299044186,106.28407695607913,180163.1082901808,69.2265462823867,20518.056873268448,1.293178760235042,28.485846407219753,0.43207722726834474,0.058170681315111494
2185,551.0258499846254,0.21356135850507452,0.00040082631235673955,105.95852744386528,180286.84665993918,69.24952291752395,20507.965434482376,1.2879120769373211,27.64100024474562,0.4324499246356074,0.2616748610121391
2186,546.7999410238338,0.2162760837997848,0.00039926591605890635,108.40645771948161,180413.03013791848,69.25976011140175,20498.039618635547,1.279753445088374,27.116093210883136,0.4324007728073929,0.05817743957310739
2187,547.2890876753892,0.2156358180445468,0.00039768242976338553,103.77944963199823,180534.541815268,69.20533754747522,20488.01921624356,1.2917969915456153,27.95558206285105,0.432085492617221,0.3002030764368797
2188,555.9284842516521,0.21164531628980887,0.0003961121297464065,104.61816857686341,180656.87458658766,69.31819119972553,20478.69236995092,1.2880926736003273,25.52728998852328,0.43221396451152766,0.7684034566880271
2189,539.1882855862373,0.22708490731273223,0.0003945905990178929,110.90797272545808,180785.55659140667,69.27420771096587,20468.791453518068,1.2916081639271701,25.255758932316606,0.43116844342596705,0.05821701702328852
2190,535.7000625039815,0.23193877931214135,0.00039291071272874663,109.43587238475953,180912.54062250332,69.3281134227188,20470.816242395336,1.287195101655621,25.9367689015147,0.4300032704493548,0.05818154623027283
2191,543.9487640566892,0.22822450518767756,0.00039118638184427687,111.79859066466216,181041.84595671168,69.21798801806881,20471.561971835657,1.292667826196368,27.211320874598645,0.4292331863117212,0.05795850397093005
2192,545.6702573599837,0.2281749044211926,0.00038950907131954246,112.72358029537949,181172.14929620535,69.30914002265723,20470.537003714104,1.2892467874585158,26.025854002277047,0.42913043061039247,0.7446163325977366
2193,534.5682086525857,0.23655531132726748,0.00038784068179987434,111.74038005888576,181301.49143019004,69.29581375159856,20472.511366868748,1.303918890138732,26.371189540992138,0.4284892289894174,0.05798817704447856
2194,536.8442532357874,0.23664288069132366,0.0003860946043271749,116.83143292316771,181435.7863997054,69.21461587954428,20471.74889946214,1.299232333686664,26.43164235412865,0.4280129150215201,0.058154383717912594
2195,537.8695931668371,0.23689061012356838,0.0003843538121899496,109.13237141326724,181562.39356125303,69.21812934931131,20467.732812925347,1.3091376488758089,27.07070364216777,0.42759154003152483,0.0580611246701892
2196,534.1416402810479,0.24144428883880775,0.0003826160750943515,112.61852091668118,181692.5291798369,69.28942067565258,20458.975469025827,1.296853873370854,26.596150544561816,0.42750716786455395,0.05808607473534266
2197,526.2584726983952,0.2539249787562877,0.0003808374318266355,122.047702089372,181832.01110029971,69.41126866941845,20448.880438786244,1.300229165553083,26.67782018885819,0.4271947779950005,0.1653647168685879
2198,528.0970990936254,0.2516351004055595,0.0003789338868053464,115.0346674779721,181964.0471564395,69.43213229974326,20438.859987422613,1.3138124421367277,26.643931482695088,0.4269455904982247,0.15386017645683125
2199,525.095003366745,0.2542583459091201,0.00037706416898207533,119.25546333690377,182100.35121598563,69.40235964787006,20428.803011664935,1.301912077590516,25.766272175700905,0.4266928605894439,0.05814129533240475
2200,530.2534663111668,0.24959256442916622,0.0003751709134054757,117.71668511007286,182235.0678809535,69.37913266326875,20418.75468136882,1.3029463000466763,25.810320039536787,0.42601687106169145,0.058257556540070254
2201,519.1266386226629,0.2582335919801114,0.0003733365289890095,118.94204710758348,182371.0661402555,69.4457015217256,20408.562257370137,1.3118678693111876,26.413433278125613,0.42539785180243017,0.058179483104495944
2202,520.2260181079847,0.2571899839505474,0.00037141895757960625,119.76290826324146,182507.76290813417,69.50874392434648,20398.649232303742,1.317082973017757,26.05043714192965,0.4251081232517284,0.05810589230329555
2203,525.4966431587228,0.2520899257372564,0.00036952688375066955,115.33944507418533,182640.0635706904,69.36111826120458,20388.654003760348,1.321550636668824,26.11772697920921,0.4246556902299118,0.05815364539914469
2204,532.3536232327149,0.24528737005317525,0.0003677030889641086,116.72266617680825,182773.78405999034,69.36595687770655,20378.65828489207,1.3163051646958115,26.157267307774557,0.424260438406206,0.058128735460073244
2205,525.3036636504983,0.24871849777549815,0.000365962467484931,113.58260164666456,182904.48378721773,69.60742599542989,20368.559201380835,1.3224691398120807,25.006215636229246,0.42390586570979616,2.1207415679674426
2206,541.2079709778861,0.19778768795069046,0.0003641930914189593,104.45931560020185,183025.9989957125,69.81358469654303,20358.617500045846,1.3110197001432216,24.4175308503003,0.423119704829728,0.058163540140725445
2207,533.1525316556834,0.24487054770402283,0.0003629733778884602,116.51321260815357,183159.73002175134,69.63643034440564,20348.567860796185,1.3070016120570391,23.93804924566406,0.4219687521899999,0.05817901282149762
2208,525.3805638355011,0.2534573007815417,0.00036126489542510004,115.326847526487,183292.18456820727,69.60132882487702,20338.620312769213,1.315834761778012,24.77534831997221,0.4206411988674939,0.05811234589680225
2209,522.1466774762399,0.25801370436506066,0.0003594791122790815,117.8205397883386,183427.06268688166,69.4446719095356,20328.738862700797,1.317192088767575,24.058045104518392,0.41979395527099794,0.05817312864833468
2210,522.3554886858309,0.25840119419913365,0.0003576604308597449,116.62649730870092,183560.6808082276,69.34059171647587,20318.908957098847,1.3152905125609575,24.1948456884677,0.4186377902319281,0.5824782956846732
2211,519.7005980523855,0.2651317189864282,0.000355847521863307,117.94895152787655,183695.64004401906,69.44125413854736,20309.055272291294,1.3223919734786083,24.2357441660746,0.4176380477864238,0.0581445125930955
2212,518.0005030046136,0.2687949156321485,0.0003539728562487615,119.66514680766889,183832.2163895504,69.413946384703,20299.178236848966,1.320256601164893,23.961852700517884,0.4166806900623339,0.3492451983981084
2213,530.0341714980368,0.25906256599404043,0.0003520704422395318,118.79299358771758,183967.90367473473,69.31736638185271,20289.343452964116,1.3196243580130704,25.40718189886213,0.4156545609853055,0.06728566335054609
2214,516.2563634638595,0.272961491372535,0.0003502820831549731,118.35400118948229,184103.31563312194,69.22965217202555,20279.499135613565,1.3119276814264582,24.587240216292674,0.4153768722323992,0.05816302192325651
2215,513.3591666494086,0.2788625922222251,0.0003483573396820565,119.87604729370176,184240.06792836994,69.37650791807603,20269.61404019138,1.325701684938199,24.07081351003281,0.4147106555238017,0.05813541422353552
2216,511.6461412439239,0.2816992727956381,0.00034646632745856154,122.10476332335725,184379.11077322945,69.28892747362362,20259.783261228073,1.3211791314876578,24.618481870486765,0.4138253506949048,0.05812676097954039
2217,524.5483440375838,0.27723194014442076,0.00034456021000987266,114.64007760502719,184510.6549666438,69.24558679894457,20249.961358440687,1.3312609034812666,25.160328350905257,0.4132556175836377,0.49392705390647507
2218,512.6499352761465,0.29288715805595145,0.00034271292730978637,120.91575884639781,184648.55231683774,69.37074033175962,20240.20495410176,1.322940623761905,24.880821300874555,0.41300711916891514,0.058238708713929555
2219,518.5913191570111,0.2954120409218318,0.0003407074036695039,121.88186074275964,184787.20773511505,69.41294234301395,20230.31776681062,1.3418201959206377,25.923440617758317,0.4126104975905614,0.5409797925811546
2220,520.2249449570141,0.2902982375152503,0.0003386862127288325,125.29327796871942,184929.14174569916,69.58058531705882,20438.902393522818,1.332442655117075,24.96768629166949,0.4127467831073722,0.05816905917121318
2221,506.6958082289824,0.29571079160116664,0.00033673034601860985,122.4075590471312,185068.19468503515,69.688171967296,20428.94054805119,1.3302958266816842,25.69954165910273,0.4123801668861589,0.05814628303862435
2222,514.3373918751641,0.28860133452606296,0.00033472799513240464,123.3918710038784,185208.15972132457,69.64484139897336,20418.885905985302,1.3276201735325714,25.78636504744966,0.41239361770528826,0.058128667968787795
2223,527.5627875116544,0.27215597187609586,0.00033281610742855715,121.344152353476,185346.19415435605,69.74242809819928,20408.79809057539,1.328934677686098,26.8554708001023,0.4124505661474576,0.058129393884392755
2224,515.2964176934262,0.27148581547718786,0.00033108358779019106,119.16685457247138,185482.25680485362,69.47528550812734,20398.629504291286,1.3344675528445997,26.25416270224314,0.41303215737695104,0.6749962363358861
2225,503.508782903058,0.2865553338254565,0.00032938047214846783,121.22729320161602,185620.29236717505,69.52335786257468,20388.676636346896,1.3349797413977917,24.8143749853165,0.4133245057491012,0.05827982285903488
2226,506.57160143805345,0.28275272620340997,0.0003275283840367498,126.67085327094713,185763.74654916284,69.85400444684761,20378.733806815384,1.3236920726726125,25.32464021180222,0.41286032648995413,0.43925522358864555
2227,502.5389282303775,0.2836076434408651,0.00032572794210221844,126.25473971755855,185906.8224742146,69.62603057663479,20368.769981790505,1.3224719464704806,25.860613208147065,0.4126934252730716,0.05827286297095213
2228,518.1602404675452,0.27353818566262944,0.000323930173430807,123.60756213413339,186047.21901807736,69.74391821542802,20358.74226987901,1.3265761695069191,25.450614733278947,0.4127786471515355,0.05824106220475045
2229,510.69206039733723,0.27272452974479267,0.00032225055877881776,124.13896815416962,186188.34599066354,70.03193657520235,20348.797434656342,1.3284117656106118,26.256984788475005,0.4126592472097626,0.05827948018330886
2230,513.394747450902,0.2668344019424699,0.000320593891531942,122.74670232706782,186328.05758265895,69.95114670690339,20339.47581666722,1.3310365206288506,25.791163392180664,0.4129440473845381,0.6498897690945569
2231,513.576887594362,0.2644808672572585,0.0003190124149359254,122.73433782093218,186467.83715732262,69.99572839316703,20330.16599060355,1.32363995282071,25.769723320736194,0.4130198387031201,0.05828946287167014
2232,513.2611136967129,0.2629801500947624,0.0003174667984140603,113.73548317394878,186598.64628591726,69.71721983427987,20320.90727480736,1.327967372205789,26.40992985972242,0.4130493626641426,0.05826308810954117
2233,526.8575191499385,0.2521556440422632,0.0003159538686028763,116.45694732542839,186732.2032441013,69.91313074397415,20311.60151048642,1.3279184648738143,27.036464647395462,0.4133938212471181,0.17697414950170298
2234,521.6060176873272,0.25405957084468245,0.00031457365601626606,120.27408915700073,186869.7402355754,70.15807296534169,20302.324219921164,1.3257451966841851,26.154240552485557,0.4140372407793875,0.28282214617396306
2235,514.9450064072113,0.2552686944947957,0.0003132037417444671,118.03281196514038,187005.01906747374,69.79993986363266,20292.479696612023,1.325436924022366,25.465364751097884,0.4142213719046376,0.608183764023785
2236,511.4920244014478,0.255665881613953,0.00031184592167676046,116.81020851726953,187139.03727458752,69.75859340450056,20282.504070510036,1.325116855463895,25.59092546753367,0.4140767984902495,0.05828017448634171
2237,527.2215189550279,0.24297958622465898,0.00031049684000483826,116.8660275144205,187273.08021525928,69.80272909963378,20272.55782290853,1.3189591899262196,27.49561655765327,0.4139716973556414,0.0582776345436784
2238,519.0660747974541,0.24718075001527928,0.00030926490597940013,118.93465203899947,187409.38694510298,69.84159409622524,20262.68148989891,1.315346704256431,26.562690764630634,0.4148104818316444,0.058265487873008226
2239,521.0166593615811,0.246129860111719,0.00030800496808071646,119.99027816455359,187546.682019574,69.75721158977723,20252.79258879827,1.3190218022310791,26.300536752807332,0.4151492417496405,0.05829978393204982
2240,531.3248425012721,0.23785357760439974,0.0003067625101918162,114.43568879346793,187678.44894703577,69.98819390003229,20242.821186520287,1.336505077060906,26.788522905412982,0.41534322092684633,0.31309425118475787
2241,527.9197710368147,0.2363272262257251,0.00030546498269958027,111.62242657503043,187807.37610505757,70.22817628709024,20232.840137639574,1.3342930158389188,26.724791205281733,0.4157831523874317,0.05828654931983834
2242,532.1184790182683,0.23172757546029588,0.0003041887940466177,113.12462738121735,187937.80076976735,70.44015305710069,20223.01553992645,1.3358095262080258,26.195688595911186,0.41615648566559954,0.8606513889939009
2243,519.5307394453004,0.2392443349511968,0.0003029664910124469,99.85376039241098,188055.0272622097,70.20540207272204,20213.01996426334,1.3084869199588438,26.212514977324616,0.4162969223075388,0.0582937787403921
2244,532.9448055568346,0.22888553072457352,0.00030158815593949486,99.27103933039899,188171.5134664943,70.57826051835963,20203.096227983347,1.3085033780334725,26.906061320067742,0.4163946711759484,0.07335785770496273
2245,541.2921377531503,0.22293578644046252,0.0003004706270982606,94.67076708301121,188283.65810939184,70.4591216052618,20193.138385022266,1.3000546685891923,27.437692468543172,0.41683089314880223,0.05828694164251402
2246,537.242532180455,0.2251157710714553,0.0002993370435880779,101.6449463770185,188402.79283667915,70.8957724935539,20183.32566360997,1.2921824272049118,27.517342055655188,0.4175071116917498,0.05830034083912494
2247,546.865611065277,0.21687467689768447,0.0002981841984670542,101.4440336058156,188521.72631353812,70.63777994904402,20173.376038403527,1.3062638934341264,27.13646849639959,0.4181896597891129,0.058263740362079375
2248,544.9460902243312,0.216501080062656,0.0002971501797499215,102.41371554714976,188641.6926042728,70.65483434147885,20163.50624581263,1.3069626778903412,27.88714266096495,0.4186516122859118,0.9368623057086509
2249,546.0524127440087,0.21216315151558984,0.0002961232792106321,101.91617390588453,188761.1717459572,70.54982401892036,20154.958044351857,1.305617865735847,28.14976844606801,0.41951013930388514,0.058289783512151416
2250,527.3112667308562,0.22370056144580375,0.0002951456321997767,109.09601321430938,188887.85740409922,70.49580477301487,21244.896769066116,1.3031677357894813,26.76562197024209,0.42040634049033804,0.05831118832372795
2251,531.5552214442396,0.2187210838785354,0.00029404795973144414,108.65796976122391,189013.8928308203,70.65783861169594,21234.46439430887,1.2978783663432376,27.38610247362094,0.4205774120258394,0.05827087095805439
2252,575.0923884184825,0.13475052664713272,0.0002930069226073973,86.8398780045953,189118.1870277767,70.102587137466,21258.11093174099,1.308459350371627,30.179787862681497,0.42104634806363667,0.05827772093105921
2253,559.7376065643512,0.1702667000933672,0.00029282985419767715,95.45199371929601,189232.79423519518,70.21256712637275,21262.058838198034,1.2944969614180655,27.697731317895744,0.42286746778077033,0.058299088323430226
2254,548.5572072900424,0.20226672665442424,0.0002922716307637723,104.6432947058137,189356.03402699728,70.28552258836291,21251.614137121658,1.2997627494937458,28.454890255425262,0.4233765178826511,1.8334270591845723
2255,547.8362770284089,0.20077267010936606,0.0002913725696431762,93.33749501984653,189467.05556715466,70.34089308433781,21241.2543486324,1.2685368788555331,28.075998482354745,0.4243331360154969,1.775329129403751
2256,550.9444668923845,0.19878961865660139,0.00029041345892464714,104.41381023097014,189589.1149746047,70.35739664996254,21230.874504952248,1.2916016529168381,28.14304165687288,0.42505255064712044,1.7697575411006667
2257,548.1249498160887,0.1998181029264049,0.00028947679153801655,105.11865883564062,189711.90051857958,70.31627671372715,21220.644718036692,1.2948795116950338,28.138169758721848,0.4257690835012235,1.8074764239833883
2258,551.3959530197226,0.1985217839448835,0.00028846360297146923,105.92502917449522,189835.44877432793,70.19895830399604,21210.729463359457,1.29126769924905,28.157670211378754,0.42644991088017237,1.7564694493826067
2259,553.5897528982046,0.1959826062475799,0.0002874663407886212,104.45444738438579,189957.5381826976,70.31809874668598,21200.313895186384,1.3002003382454774,28.268862274285087,0.42710382839268113,1.7502320627046117
2260,560.8288639641187,0.19118286885992364,0.00028649812900114716,101.2596849104624,190076.43996410404,70.17608795600768,21190.080407760626,1.2934473130333655,27.807174010224042,0.4277798174079175,2.2539482087798532
2261,564.9387270651266,0.1875509363742892,0.0002855828228997293,100.59012529582009,190194.79364122194,70.08293751896862,21179.739852925675,1.285377229405551,29.031651110077103,0.42822346222635715,1.737286874600258
2262,558.1949664519508,0.18804515340847994,0.0002847084015422293,95.65689567772134,190308.23701900593,70.228203800214,21169.476977155617,1.3295442808626792,29.06183855130057,0.42921883762917146,1.730741381521355
2263,552.3619181258638,0.19844875205411727,0.00028435781607321346,97.65482653350531,190425.05622996716,70.07185418141104,21159.3033376121,1.3383428455281803,28.443806650800582,0.43017915137140456,1.724312828662427
2264,554.9943223032283,0.19688934411279824,0.00028389486555195224,101.71826692017851,190545.83821760814,70.19406946000613,21149.00422378794,1.3335453551700756,28.554201965978038,0.4307871774400749,1.7174628547049053
2265,558.6221898634144,0.19553208979389325,0.00028347267402960416,95.80397324863324,190660.63428281154,70.06277125528625,21138.656323532574,1.3518219316447364,28.930027398257234,0.4314190795227137,1.7111607373140743
2266,555.5470049972968,0.19957578662751363,0.0002831735260880943,105.638975061722,190785.9374390122,70.16688773742763,21128.339513809948,1.3540939268929908,28.283704087399464,0.4322042830573113,1.7044289952673566
2267,560.1526966803403,0.19906205857583736,0.00028282358391837673,101.09571637572162,190906.58442116439,70.19009208087435,21118.01071777599,1.3577212961907321,28.473143244990652,0.432632050996186,1.6996297249504693
2268,574.5164072632934,0.1905426514767462,0.0002824711215958807,96.16779760685958,191022.30042470252,70.10007693916504,21107.632253268406,1.357452587804581,29.768542965396602,0.4331317620419109,1.7408170488673562
2269,569.2771555977588,0.19594355873689728,0.0002822041752536736,43.42325184366064,191085.346925395,70.30119717943194,21097.60643547761,1.1478777440983596,28.591910937847807,0.4342465611651384,1.7376169517496223
2270,556.806902736278,0.21669103571453563,0.0002817805721241955,101.38782628604142,191206.2336343256,69.99603073177167,21087.26356121149,1.3546902609180487,28.385558171029288,0.4347264974095257,1.6799805828747694
2271,561.6671643051754,0.21304984313189912,0.00028128431628573266,83.54161285620023,191309.2041082078,69.99766504547365,21076.88434219027,1.3077308408082078,28.853460978604286,0.43507796435910223,1.7114934005352325
2272,569.2511106084693,0.21197863868697353,0.00028075797429283437,103.60544580642485,191432.19042720573,70.00353355023256,21066.57835160678,1.3629338975100083,28.243397832240866,0.43564422343226933,1.6896521783072629
2273,558.8807551423616,0.21947545086168185,0.0002802405938188055,109.43821445926648,191561.02139379774,69.9598903819348,21056.471342920264,1.3634470686649818,28.403845139712665,0.435880997283166,1.6623416400762991
2274,565.1875969878536,0.21512405544779944,0.00027964059348205115,107.82971015587864,191688.04726857835,69.92770008669665,21059.96901886669,1.3712041562700967,28.198287604130446,0.43618373727132354,1.655766865081425
2275,560.1857055059533,0.22075024239960483,0.00027908500414382226,109.50325718518903,191816.80659661643,69.91619805232868,21074.953757133055,1.3765239781397203,28.342368149682336,0.43637017256947247,1.649348791346597
2276,560.8524722233166,0.2253310196052073,0.0002784664895938007,74.69438548353031,191910.61070967326,70.04763525876398,21076.755995525342,1.252700641065708,27.227400219860503,0.43661822268526435,1.6432526618104788
2277,550.998638543434,0.25083729050748604,0.0002775601051958653,112.34555537448867,192041.76778639603,70.26405400481525,21066.43968029293,1.3398273802297884,27.588195647418676,0.43630524901911444,1.6666534060983835
2278,549.0778889263136,0.2450134874149199,0.0002763796645676054,118.51897359412095,192178.02283994338,70.26431421271236,21056.19946239771,1.3424027506800889,27.915434316423184,0.43618738242809435,2.1277937820601807
2279,557.6005904876135,0.2368275395169842,0.00027526272607043736,111.69896623605811,192307.46339437665,70.2407490087669,21046.82768118509,1.3557649858767982,28.240027343789624,0.4362628170293617,1.6259293636367431
2280,552.0374480275063,0.241460904146517,0.0002742330193741896,118.14222063157413,192443.52931131198,70.20946982283553,21037.589084477073,1.3389937710914048,28.31173372657856,0.43646640021915734,1.6195569011692612
2281,552.3751156349385,0.23862786759889842,0.0002731560711919292,120.89689064068997,192582.26817938994,70.60607544887394,21027.681042807526,1.3280593376821757,27.697623485201674,0.43669511680373085,1.6135328259294823
2282,577.4989144820727,0.1986033863167953,0.0002721107593178896,114.05591175360769,192714.14404495407,70.6428321038287,21030.763369947857,1.3379989310663347,30.378227592173435,0.43661024407918053,1.6085239389606656
2283,574.0588069188323,0.200180377734954,0.00027170585158033263,-61.71552752569988,192671.20758049522,69.9725093907353,21031.78736770328,1.3487797500692333,29.52984894532704,0.43784887998427274,1.6025241097811502
2284,572.1627320073213,0.200246734773035,0.00027127672720934524,112.13119831995874,192802.07851368168,70.0325035771413,21032.423514803017,1.3391146472151043,29.49537546991067,0.43857900785761866,1.595694374554725
2285,566.5192588269406,0.20427189243085442,0.00027084408767903977,111.75235936686494,192932.48420388336,70.1115615009071,21030.507941754517,1.3472424190905086,28.911104311702164,0.4392554093831202,2.120741672561479
2286,569.8257009929898,0.19949891205759385,0.0002703658444723428,109.46142220167107,193060.5257960286,70.14865653253474,21027.354145239446,1.3452160208350232,28.882717560156014,0.4396400650798859,1.5848509031936047
2287,567.6177940792509,0.20339559440569455,0.0002699359222128507,112.87409295725288,193192.18790556764,70.07105379881223,21021.27429950139,1.344237918538895,29.356729540312237,0.4399616031949882,1.7565573715678013
2288,567.958706343158,0.20445593333567924,0.00026946164154812655,114.79721844666926,193325.54052542898,70.1390559549095,21013.83504558063,1.3469420942863504,29.182357501603732,0.44051020755622033,1.5730441408646882
2289,577.6545447103034,0.1952581006954186,0.0002689822934081285,110.11173092239954,193454.20292245346,70.22863050810673,21011.39237262101,1.342726446817673,30.00922818656627,0.44093541288841975,1.5674909109538433
2290,571.3657827739307,0.20110653445084303,0.0002685983995287676,117.2675647483432,193590.17611795975,70.26993923405283,21007.248153035434,1.3375427269013227,30.026854835057325,0.441746125092781,1.5613140467222806
2291,571.1404188308711,0.19853604763739163,0.00026814884721416553,112.68432344378712,193721.45770342203,70.14429765355182,21000.38486432427,1.340303704926584,30.05821290876185,0.4425246523385001,1.5562394356785703
2292,575.29755289631,0.19883677699847424,0.00026772380872344985,115.56133786796102,193855.53956155482,70.45599518878414,20995.69044899249,1.3484814987447975,30.001793504273095,0.44327941997833414,1.5506968092145925
2293,572.1450936374299,0.20137782432877283,0.0002672925270102327,114.32925944631205,193988.45078686633,70.0997966955866,20987.433977123117,1.3453886342056711,29.963754719460386,0.4439970926258742,1.5441041776949547
2294,571.2743018296951,0.2025275534823937,0.0002668350168632058,113.60363723121401,194120.5687699223,70.07838934533773,20982.925935085892,1.342492721184725,29.39111944214551,0.44465981293342943,1.5397560707990436
2295,567.5131023243588,0.2049959287505766,0.0002663644609644101,117.27729226597481,194256.3589928001,70.05243500887494,20978.132177102627,1.3418320143748312,29.388520014192636,0.44500740194524957,1.5340150227259954
2296,578.6507892759704,0.1939398247206412,0.0002658643559505866,114.4786650972606,194389.29224017725,70.46197885087618,20969.938392420478,1.3440757174317206,30.08592977303601,0.44533615750419764,1.607667796603451
2297,573.4261619462462,0.19813648522928706,0.0002654801880538306,116.0297452837678,194523.93837674928,70.46038096611154,20960.780356720796,1.347376933617845,29.596904732294064,0.44599593279383926,2.0638933092482503
2298,574.7657995818283,0.19494048894789928,0.0002650484129771398,120.03122118412998,194662.49131465578,70.58160811442079,20953.740423133677,1.344050525220402,29.504463382139125,0.4464076551027493,1.5173664651762664
2299,575.3314097033858,0.1928163284903851,0.000264647562408387,116.137414515025,194797.180489365,70.34961718003741,20943.33700119019,1.3476509181548684,30.298126998822134,0.44672264505001386,1.527424803650419
2300,574.630343375112,0.19287796907591204,0.00026426606647261835,116.68922816494785,194932.41250608792,70.41573100447148,20933.106071509184,1.3360885705353454,29.56453463361679,0.4474131139304581,1.5063325424012675
2301,572.1829769542559,0.1948956280651445,0.00026389134563252665,116.43386538321272,195067.4421939341,70.07037644406667,20837.683141686553,1.3392703943646054,29.59451035128065,0.4477068532291655,1.5005819441336286
2302,572.2468269108581,0.19336749403931086,0.00026349223768710886,117.81421221626368,195203.7941052084,70.15671980735327,20827.952068461454,1.3372307664274847,29.63656847029461,0.44800044992752264,1.4953819924916019
2303,575.4086678181625,0.18971929805468157,0.000263109438686208,86.47858887050324,195308.78027697993,69.93506374795712,20819.59193938774,1.2852868669570825,29.68645422236639,0.4482998844517227,1.489937226914087
2304,581.1584155456392,0.1892754668434461,0.0002627068866876451,98.32329764705105,195425.59753004002,70.15033635620334,20813.809486214985,1.3164749636362048,30.371546159175992,0.4486086928179044,1.6155539925518454
2305,573.7860768012489,0.19339861619694632,0.00026230930577585723,112.33383301550191,195556.49245334903,70.18692767453372,20804.803276076676,1.3248906760363874,29.486538951962928,0.44924631348213623,1.4791111805240647
2306,578.0632797901312,0.18926168386089848,0.00026186490579109783,110.27205252841307,195685.2159618909,69.72957094385671,20794.644969646244,1.3267464830317748,29.81643946280854,0.4494088338513729,1.4737242694284234
2307,586.9776707134894,0.18419436818352108,0.0002614612950768212,94.41212595733805,195798.10890079374,69.70682783775815,20784.68094309005,1.2761150339529168,29.816933875714238,0.4497254010713666,1.7213781315275085
2308,581.6759072584128,0.18664815337271867,0.0002610487660777666,107.77383795300298,195924.33591332252,69.60059204613802,20775.045996515728,1.3294046978144902,30.409581801883714,0.45004034040585256,1.463406571674696
2309,583.1225584300064,0.18455163668525343,0.00026067639776203045,106.26994277338679,196049.1661057665,69.67465882627981,20766.89558646061,1.3172602246235572,29.821540461875845,0.4506167058279473,2.1208054199377386
2310,576.2796126018202,0.18836896456735563,0.0002605052158437574,-293.5241357189881,195774.13990235844,69.6757764944347,20984.49267226834,1.3218216191644814,28.719797160703664,0.45091170972054767,1.4527898015019147
2311,580.3913753600278,0.18650774833644523,0.0002602894614164683,106.70539917784563,195899.23512946826,69.5844410302635,20975.763802072026,1.3217201471943518,30.599027209472112,0.4506122900020372,1.4464757648813773
2312,577.4867973883945,0.1883776082423595,0.00026008902290109917,113.08471185787471,196030.77019093785,69.6871233236704,20965.497202006063,1.315114064434799,28.757795250723174,0.45125250934148126,2.5972034893071125
2313,586.8325053751053,0.1806337204810694,0.0002598648546061235,111.83745764666219,196161.0241602697,69.59956326284912,20955.31333052885,1.3146675683072673,29.59155169072408,0.4510191504538188,2.510558436405425
2314,582.5814869492242,0.1833806894337361,0.00025972735370882895,112.1259982457494,196291.6310140496,69.61386592809492,20945.082769826702,1.31986447177128,28.819022066248685,0.4512029203728298,1.4344018633916988
2315,574.77091038455,0.19003953355361802,0.0002595524358166376,112.4977681442445,196422.56312648836,69.77311759739631,20934.783448326074,1.3100210600454532,28.66292394923643,0.4509369005841874,1.6612527209213326
2316,586.8262371478207,0.17880329661368377,0.00025929759457827867,111.67630224765853,196552.65074849056,69.66086443438999,20924.554974841005,1.3145016855893372,28.938741976053986,0.4506203828559345,1.4222812167595507
2317,586.3417004741609,0.1787317299206631,0.00025915783977385135,105.59355882949907,196676.8489572534,69.60692246268077,20914.444717849947,1.3138051377754674,28.352132806190763,0.4504422849507384,1.4164667897129206
2318,577.5065902163898,0.18225943147799017,0.0002590141508922938,83.37317364931809,196778.80440272778,70.08830395879339,20904.185109734382,1.2572676452361744,28.435232868284352,0.44998437778513933,1.4109987636826844
2319,590.0073497972894,0.17639160120220043,0.000258732282127625,106.4048630577496,196903.60047416677,70.11979233788122,20894.061231700944,1.2859194796951465,28.894887801277562,0.4495903399232208,3.856293560729263
2320,582.6779237841803,0.17538136029103857,0.0002585068610460041,106.85061115778149,197028.93392563183,69.95993620953999,20883.813289205515,1.2958832140627217,29.242972932357667,0.4495797105884186,1.399847842037211
2321,589.6485771973007,0.1703998538684972,0.0002582896627949405,106.64431091683417,197154.1442869816,69.9120572979317,20873.554803306906,1.3139820553930153,29.116413978863722,0.44960286987447673,1.5508549996871324
2322,596.2314854813554,0.16669538490478275,0.00025811953564595127,106.11003023695758,197278.85045919043,70.04103620821988,20863.41676855653,1.3053232805791013,31.414631593561833,0.44957126775926837,1.5826515711995839
2323,585.9417981234959,0.17277843298109652,0.000257983297349351,104.04737200951956,197401.55087143474,70.16551772549053,20853.16452939685,1.3040824224164262,28.953183670979488,0.45067410858687557,3.415369930026607
2324,586.5436887999032,0.1713866259081529,0.0002577764444132157,105.25353642914902,197525.28371321023,69.94197364942303,20843.041026223007,1.2943190605990416,29.20600613288479,0.4506130920332082,1.380031575299789
2325,600.7343432486924,0.1601554436027589,0.00025758638571361396,103.60393917482605,197647.44004857668,69.96927697404368,20832.8324270805,1.308725375612073,29.300162850650313,0.45056520967015196,1.3755686772233915
2326,586.7883664443225,0.17125066321898008,0.0002575132835281728,107.69381184769597,197773.79768733634,70.04136477796597,20823.18972668472,1.2984022407908706,29.705798048660906,0.45056601696794957,1.370035941456301
2327,593.6033298246738,0.1652650217962407,0.0002573169537173021,109.53943667548626,197901.8902541632,70.10536777190049,20814.121526267703,1.2900876795900413,28.804204457807952,0.45076626817228216,1.4160331364364112
2328,589.8936788814825,0.1637013154593201,0.0002571766651726754,103.90108675076766,198024.4067522227,69.86436437740332,20804.76881980193,1.3065533778523009,28.90304736506251,0.4505155469567953,1.6005092415702649
2329,588.9704053483597,0.1693194594648103,0.00025704841826083364,103.39134366651521,198146.44232677834,69.97994362949765,20795.661795885342,1.2988438066831602,29.027519979158168,0.450336636508405,1.5821882010050672
2330,601.0669460893287,0.15818441963491592,0.0002568536715816325,101.86228133629558,198266.76161402493,69.98923928025266,20786.376767296748,1.3023277150641541,29.885186271370483,0.450227122120743,1.351131500230423
2331,595.0769207435834,0.16265353800759264,0.0002567686226765303,104.6160420409442,198389.96465998513,69.91313571517814,20776.17454729171,1.302038545580929,32.352685562882975,0.4505323624454058,1.478044553108674
2332,599.0921549689637,0.16009350046920323,0.00025663062286512356,102.21409342306211,198510.59663273414,69.75112408697326,20765.969045487436,1.2987231695786463,31.301684594415217,0.45204371191343456,2.9908747734004493
2333,590.9107179316267,0.16290861780720145,0.0002565162111091921,106.42721561619913,198635.42988004888,69.97675815755431,20755.970256188546,1.2909751227498447,29.35398574239155,0.4530466932325767,1.3356154696717724
2334,579.9953858788584,0.1719302478530349,0.0002564511404921058,106.54483322063444,198760.54023054236,69.76620077085288,20746.251188746264,1.293305744617702,28.733154128291712,0.45294770083628316,1.3315572525819448
2335,585.5161795679877,0.16587452349184784,0.0002562865091413096,105.17495205103742,198884.09997897886,70.0300571403898,20736.620965941893,1.2907465498689836,28.799973352249836,0.45254812841201625,1.325952889823654
2336,599.313296473803,0.1535026144078151,0.00025618212993410003,102.34484772152157,199004.9283011375,69.84428085305795,20726.92706078688,1.2992082680260528,29.71696649884945,0.45220142405096836,1.3220202051604417
2337,603.4346573451307,0.14980187027188385,0.00025620487026369694,-305.7350969816117,198717.8962403753,69.87629383710453,20717.287905778565,1.2978072637454012,30.42893889301272,0.45232336918965743,1.3169026709733487
2338,595.9075835915495,0.15283993991427558,0.0002562613877816804,104.70243663917739,198841.27799629356,69.90119613676154,20707.146240956474,1.2936391671524385,29.710834229464805,0.4527606802305285,1.3123689058673662
2339,596.7561502438291,0.15376450629612348,0.0002562788044711933,74.00147387782661,198933.9411631193,69.94858697185497,20696.93415082597,1.2477450864762023,29.878995546055826,0.45282248731897645,4.185542798453511
2340,593.6748237524536,0.16691637296924666,0.0002562040165439776,-285.95341223846117,198666.4260259666,70.04205037347288,21234.641843767633,1.247412880744002,30.27903434973613,0.4531252284314332,2.040621684993461
2341,584.5918380777124,0.17769673202125824,0.00025598513283152537,88.60865660210433,198773.42954897767,69.93010188254351,21224.262546243208,1.2701448537136084,29.355978513881965,0.4534888562653492,2.8351328290861133
2342,592.6227160285466,0.17214131624672047,0.00025564813939871753,74.47669219652485,198866.23272766106,70.20813088716208,21213.846113936714,1.2404576286546314,30.922110806058555,0.4534245103130029,1.293558442612337
2343,587.387640169756,0.18348093439634128,0.00025575902357151945,87.21798349352906,198971.93701591506,70.11223239900258,21203.41359773593,1.2723244584577151,29.64516731153165,0.4540474481263809,3.3134722179645806
2344,586.0704557410053,0.18592976462371014,0.0002557445170154821,100.34866499598272,199090.51711967218,70.05568018376955,21193.05724462189,1.2838541767571232,28.726734483446236,0.4541240606937253,1.2842210178204425
2345,594.29821094074,0.17887402393460017,0.00025569790920155713,97.31328103331057,199206.0310034743,69.87001460714205,21182.650192494126,1.2987535988570822,31.777037872415047,0.4536308122789322,2.3096925349692725
2346,568.8798426121346,0.19252848762397867,0.0002557202534226817,104.47474233820921,199328.8183907342,70.04539285217632,21172.24923998471,1.2924236859944906,28.554533096601943,0.4547210556238109,1.5421354739485054
2347,572.5640071164336,0.18716231857026588,0.00025559099239407684,103.21061837659104,199450.21527066058,70.06544075985609,21161.91077932101,1.3070562689641552,28.953803313759117,0.45412751401476137,1.2695762277634657
2348,570.8922392452289,0.19107237907049357,0.0002555137830915751,105.55584313670184,199574.00612572275,70.01435988922275,21151.602795699226,1.2895236362306461,28.337481359134884,0.4537451631274467,1.2651939420195433
2349,586.375365330845,0.174683497354449,0.00025538871554013534,102.27843231105189,199694.35001513074,70.00965138746285,21141.301016814232,1.2831162176621185,28.3190786660676,0.45307871339260847,1.2604716462841097
2350,579.6635671458441,0.17514391151654418,0.00025543246140382155,101.97612883835873,199814.74373395342,70.0458491608617,21130.982427062998,1.29923572148101,29.037269379163504,0.45243670086839366,1.2548990223398988
2351,591.7971846572028,0.1648946522843453,0.00025641461635988197,102.90125514127189,199936.0872967837,69.9700529677193,21120.603269357085,1.3027276871567168,29.08647113262719,0.4521803149409485,1.2506510806781534
2352,594.2106777484637,0.1630704786418472,0.00025749064425631434,100.68908928713776,200055.310029335,69.85234688982354,21110.385982455537,1.287403473775797,31.85999727361998,0.4519610046082514,1.434280062659461
2353,588.4780638079854,0.16564818884973898,0.00025856949080892453,103.90861472318284,200177.74604005725,69.90743475249509,21101.62545725077,1.2931834627019396,28.344862037036343,0.45312800255195235,3.195202126055392
2354,591.3914748067457,0.16615141584266657,0.00025960598892339954,102.06319398835902,200298.31877757187,69.7793752006531,21092.09467859687,1.2985469300849957,30.020007007095032,0.4526053619729602,3.1053188249749013
2355,598.7533798934802,0.1579169722819782,0.0002606228011525213,99.82751728737617,200416.48021427018,69.71970745719655,21081.823818701178,1.2926884691922336,29.67515229114924,0.4529281191992325,1.233325410612835
2356,575.8665604082424,0.16228563348023128,0.0002616745978643228,105.93127348301923,200540.91992431818,69.78437115943287,21072.419715809498,1.2848031078505613,29.61690416359867,0.45295972927204015,1.5278574051055074
2357,577.0872433040198,0.15456822668365522,0.00026266501167725815,99.93784297825951,200659.23446107455,69.74801934428103,21062.136834965255,1.298376168341396,29.191908694369644,0.452977768722904,4.66635574988554
2358,576.1831120360372,0.1549135323369213,0.00026372274087538153,106.27959371536409,200783.79344302663,69.79707029828957,21052.89189643492,1.2840804467556468,28.69375439503958,0.4529619100521006,1.2188563144484448
2359,590.843289454614,0.14692936795464318,0.00026476170132297964,97.25807148594336,200899.37915030596,69.71399034378393,21043.937000097703,1.2930853548030636,30.34440261277225,0.4525078795887311,4.2178231556100485
2360,595.6752717813454,0.14346641166855034,0.00026587022996958306,94.4544115707707,201012.29074449587,69.84743549688446,21033.546634082715,1.3028473872038548,31.41586265420168,0.45305735622660326,4.160675248231648
2361,584.7500495665054,0.1513163510582436,0.0002670317907596949,93.63023736362189,201124.48300534923,69.81701000324537,21023.35068809402,1.3049439195314185,30.01858759267942,0.4541027605239152,1.2069090241431084
2362,583.493966396913,0.16744212763790822,0.00026808484635090497,96.60156703115325,201239.55585145362,69.76958124273706,21013.038752151693,1.3086058669136373,29.479496531457016,0.4542418255423801,1.888084074138682
2363,582.2577408750794,0.1692241158133615,0.0002689525344188909,89.84520945848547,201347.84546495756,69.75536048671604,21002.72283733945,1.2769746508514055,30.831536358271794,0.45414696170361457,1.1974974038957455
2364,579.5986598318076,0.1745543193695469,0.0002696734849454623,92.05501462121765,201458.25665321917,69.69989793461652,20992.413755260266,1.282432756742914,29.730115511670274,0.4546834661565963,1.1939230113695132
2365,584.5648496349257,0.1737828241588918,0.00027032711489764945,90.85294616959291,201567.4231796669,69.8331587797627,20983.982083870345,1.277141000355859,29.87301884663007,0.45465088543371945,1.1896254807163373
2366,585.415315551128,0.1721995838727347,0.0002709794615294827,89.21055686156734,201675.00561302374,69.7725820628538,20973.671828469793,1.268091306731801,30.565805962605943,0.4546901651737028,2.1582738421458174
2367,581.1538915462534,0.17905380616337807,0.00027135297572344506,93.77803382557411,201787.11039748395,69.80545892895532,20963.39963274469,1.2725538512260877,30.62305955117131,0.45512283375581936,1.1803489751669076
2368,586.4372583493505,0.17578506631503388,0.0002716561655128564,91.66751628701121,201897.06755322125,69.76771470348972,20953.925555776124,1.2823923339116883,30.159472031470557,0.45550696090975623,1.1771571030675716
2369,584.6468206767763,0.1780163298018569,0.0002719857590536164,94.97996952463777,202010.3987054254,69.74878221297995,20943.643173401193,1.2792383235505154,30.816014668027545,0.4556435506306005,1.1998099056246403
2370,589.6186991098816,0.17277101256883598,0.00027226397674599834,98.23502677038681,202126.94926788192,69.79312566664821,20933.331617171872,1.2805142934287475,30.897628242575497,0.4560977123188532,1.1687312988633067
2371,589.5152413413982,0.17402117986637555,0.0002725897545804254,103.28133163169443,202248.54423746045,69.93153619133857,20923.005003840495,1.276391986811581,31.009086974257432,0.4565675024405986,1.1634940816810868
2372,598.5389489710714,0.1669669771880975,0.000272893638195255,102.21526701197928,202369.0772394627,69.95055018272063,20912.761427778,1.2860444883041604,31.911219798482755,0.45706826459971966,1.1600373035672362
2373,599.5433633827757,0.16606254735393178,0.00027326636509109617,98.83325060391601,202486.33897026727,69.90113264782833,20902.467715282644,1.2856968931660857,31.9553244232297,0.45798759479782225,1.1558685089243284
2374,600.7200870160538,0.16566749949455883,0.00027368524457949903,98.78009498691691,202603.5519595043,69.84040870008309,20892.236047687355,1.2774190275195816,32.00335719866926,0.4588821224604578,1.150995992652419
2375,602.1299377627756,0.16393843813478193,0.00027409456804043366,100.11322140910568,202722.11075802048,69.92828914082945,20881.95420396588,1.27097780018068,32.082706877319275,0.45975497388352027,1.1468673396001066
2376,603.5165351472839,0.16135390116074644,0.000274496584834677,99.34988841275401,202839.92692419983,69.90774477499491,20871.678386023512,1.2816892654714243,32.11344631508153,0.46062267668104556,1.1890284089955898
2377,596.8390133173423,0.16663954855661411,0.00027491158406026236,85.48074667364398,202943.8882204009,69.82761670126631,20861.464353323543,1.2435695783033214,31.41982853988363,0.461464149969571,1.1387271154117329
2378,605.6056234913697,0.16281543070460514,0.000275178800916347,83.15730320131146,203045.37921399873,69.76392551790153,20851.200351274496,1.2587149532782453,32.19332558139395,0.4619190702433719,1.1346444662321176
2379,599.0287366921322,0.1688595190234916,0.00027576239248338117,94.78170268716829,203158.62136072858,69.8010667556593,20840.998099310367,1.2626963086227523,31.358414218926573,0.46273144169851294,1.1316424395441231
2380,607.6002110979356,0.16234203095982125,0.00027626729171407864,98.936950133604,203275.92996695783,69.87356872969835,20830.7459006172,1.2621216875065044,31.384774044139565,0.4630918383351887,1.12670272566573
2381,609.1818670085285,0.16012174325080464,0.0002768311980385115,98.81385400460726,203393.21793704433,69.79424545556938,20820.49970917618,1.2642849249174666,32.073771610592715,0.46344673684061444,1.2980310970466533
2382,609.9506822674706,0.15956627657629363,0.00027740791689529745,97.7705626232543,203509.4715977136,69.85818982873843,20810.283165963017,1.2665593764774583,31.845583873557487,0.46413235912984857,1.527865387173243
2383,601.4904325884715,0.16516916704043283,0.00027797980052652867,104.51462753583323,203632.4649781725,69.93303004248224,20800.128147373893,1.256214476515869,31.529905314830287,0.4646839472709079,1.1155448843546552
2384,603.0421972950438,0.16274605125311958,0.00027848116031088834,97.74034809117475,203748.56913804365,69.75722658920121,20789.978974329573,1.252107199168779,31.55157760226171,0.46502913577826727,1.1112571044969854
2385,604.3406282191991,0.15948102635024097,0.0002789980050231675,93.46704737836458,203860.76796395902,69.6380191422235,20779.811902759167,1.2726549290429263,29.91034885195558,0.46536728744096706,2.8502992729176597
2386,613.9929622389936,0.15311491396678112,0.0002795394355721286,95.79310905971019,203975.30005222393,69.77590446808323,20779.253717993768,1.268243952655735,29.752756191806693,0.464978265365936,1.1640211685784294
2387,614.1799405492427,0.1527879769310524,0.0002801382832158981,99.08060025032879,204093.23147643814,69.76023534169506,20779.273847092503,1.2626860835378904,29.96716463056644,0.46443634574317155,1.09935130948584
2388,614.5122347305534,0.15189307201111957,0.00028072987721898475,98.77887852161894,204210.8511966623,69.71173394274508,20773.46219188418,1.2627925753168932,30.046876619496196,0.46402356986346066,1.0958019891461817
2389,615.5775173221297,0.14984910513677985,0.0002813203393012129,94.73740086137451,204324.41850858333,69.64171381436473,20763.236417455057,1.2694535693873383,32.746678930061286,0.46367059592259785,1.091481387728436
2390,615.6671683112743,0.14999229636215095,0.0002819219251372787,91.18840447234814,204434.44991850527,69.57875823257221,20759.60854856776,1.267196384069452,29.623200642938034,0.46466364244820396,1.5330178570673283
2391,615.7935777119959,0.15003993955688655,0.00028242547023432917,94.35564250187898,204547.60644312797,69.62860107151998,20758.11379882872,1.2544935265438684,30.236211971651002,0.46409437435924933,1.083020155629164
2392,610.9572028089727,0.1529574130822443,0.0002829187524619775,98.9995535237531,204665.39260137643,69.62201893432031,20749.885996020545,1.2559066173403934,29.511006407601847,0.4638300952997239,1.0791476105026447
2393,617.8298944531346,0.14856070657506226,0.0002833713355872846,94.03564716345366,204778.14558740117,69.61308447266137,20747.613017373613,1.2564337619408457,30.38721972843522,0.46322204519218096,1.0762256263207277
2394,612.8653311990989,0.15142702411606923,0.0002838613747804896,96.65898196219956,204893.64889132493,69.5516732377151,20737.387973317345,1.2454448119160635,32.2409005668588,0.4630756323510153,1.0724783525596564
2395,614.387878237924,0.15056162682709606,0.00028431132644208916,96.68554598518759,205009.03980032558,69.23883083165815,20734.268786092634,1.2537684173932355,29.754477143822925,0.4638485238344338,1.0675942079444312
2396,600.1687938185787,0.16007863578560744,0.00028476083542736884,92.76788671887192,205120.50973196182,69.2704670661099,20726.77469945591,1.2601307028684194,30.646424507031373,0.46335865764324397,1.0648233737527306
2397,590.4483170966704,0.1681468580308898,0.0002851000231320203,93.94800186832182,205232.92227385682,69.3627172570224,20715.9852765623,1.2565757022294797,30.689009985141,0.4633322208969761,1.0609038750192354
2398,594.251075248472,0.16559801198181223,0.0002853445215355216,99.96937288814561,205351.18591325163,69.36663229467412,20705.902292258703,1.260287988481496,29.94283794721884,0.46332784086674933,1.0571075516598896
2399,584.9458718814049,0.17196853583916494,0.0002856078872192628,100.65487960935195,205470.28628954935,69.3448576783047,20695.77363435797,1.2423351521081751,30.04670226728389,0.4629562891207268,1.0533256460942582
2400,587.8031478626746,0.16943524795301124,0.0002857962687108879,-261.1337188326041,205227.36785558992,69.34959944919281,21206.869369444754,1.27022122224041,30.126860870724858,0.4626543632789621,1.049665370209894
2401,598.4372189555656,0.16153384951084426,0.0002860050211199339,90.63044717426405,205336.08196360292,69.26744283671286,21196.452309637836,1.254707875286305,30.19352166077815,0.46240690206014007,1.045519999206462
2402,605.4044708664958,0.15559260134670339,0.0002862905112224584,86.57171061870608,205440.8830763023,69.33588137452492,21186.09598104407,1.269412385006778,31.121787220752793,0.4622044961627329,1.0420679785720637
2403,600.2378891201276,0.15931608980988354,0.0002866311745301665,83.28244785874548,205542.5119647459,69.21005743416909,21175.690924856037,1.2628881370134402,31.17143757965027,0.46246888821898624,1.037407503101484
2404,614.1865805984722,0.14770407269805108,0.0002869330989901756,89.749309218268,205650.5529191843,69.19926779714743,21165.291831222938,1.26397241171906,31.021200057618458,0.4627441317223739,1.1899539314588594
2405,609.034939293553,0.1469083406211359,0.0002873507106916512,86.00554178022912,205755.2563625677,69.21474673098399,21154.898740016673,1.2615657047690618,30.41045288523733,0.4629401332656785,1.030015212926088
2406,606.2370594202631,0.15065028197196173,0.0002877673106544373,85.03320582291573,205858.97909881233,69.1476817249492,21144.534877393842,1.2542982453514506,30.512082044194873,0.4628167253193088,1.0269962036394134
2407,602.6767511390884,0.16303022394823008,0.00028813526148155924,96.447134084016,205973.9382122173,69.23984157285715,21134.176943632436,1.2662421439515807,29.39360735059498,0.4627493840844684,1.0233311393773121
2408,604.9314342028025,0.168487272193522,0.00028836312841004527,92.63263036378825,206085.031085563,69.19626011339432,21123.825064718298,1.2847260877878774,29.46186216715332,0.4621348716338276,3.3979035802248063
2409,590.1781609084901,0.18259177214730804,0.00028852596692714917,93.08755493487342,206196.64645742532,69.15634995730267,21113.463152071705,1.2912491058792397,29.55349830372126,0.46171813014934765,3.4030038707368178
2410,596.1124314252789,0.18259239244785286,0.0002885318372839308,93.49967080716846,206308.46647017408,69.19379132325953,21103.130412218354,1.3101638175706425,29.60220913798778,0.4613673570730241,3.4228058678857565
2411,606.929050322154,0.17118848423835598,0.0002885323483556073,97.57839383255714,206424.30858346884,69.23893764051013,21092.898898243166,1.3003118202710684,29.621626337372756,0.46105893643847845,3.4643962563882766
2412,609.2146001918973,0.1702244398312034,0.0002886485917112297,94.22679128884894,206537.20699309566,69.21506608923909,21082.489911801866,1.3069412843354047,30.88864960621098,0.46077754457016057,2.244363561862933
2413,617.586580491118,0.1621326386655748,0.00028869567974842313,96.20044044922417,206651.98418913345,69.12303369815344,21072.08700524596,1.2908018641972776,31.750043241040032,0.4610649669379009,2.216319491221249
2414,608.2484316909218,0.16854868108996335,0.00028881309347504494,98.01498121561366,206768.76462724118,69.097431613704,21061.93905484398,1.30148640077173,30.529488710684934,0.46176001009434187,3.3961211285712807
2415,606.1914356242257,0.16984769203942907,0.00028885603379729833,98.3544469654585,206885.6914349841,69.09861568495968,21051.667022490066,1.2980370097917007,30.514673595917028,0.4618853957057041,3.350744056228983
2416,596.8973824727709,0.17512425471419513,0.000288879668719977,103.66435313101076,207007.7572920419,69.23270218039254,21041.411670427526,1.2899114334816137,30.1038686014535,0.4619942097060238,3.7749835639389957
2417,589.9850688020651,0.1792466823024388,0.0002888428669607052,103.67923584330532,207129.713301316,69.1596164072268,21031.032483957966,1.2817420469730672,30.51305456965444,0.4619187799914961,3.333555000946454
2418,585.1589213434194,0.1812253502029919,0.00028875756008141945,102.07986396427674,207250.0328382822,69.14669703685733,21020.724159008438,1.300252900861083,29.69949464583777,0.4620232581427016,3.3208135319877243
2419,601.3294714930503,0.16923233807312688,0.00028874262391433364,93.64218664380326,207362.07180833726,69.05129260666405,21010.421769919158,1.3102285995987206,29.663266253840867,0.4617497280136946,3.352916908031453
2420,611.5196649087512,0.16220764142690702,0.0002888506554009623,94.8320789363357,207475.55138623837,69.08283514850825,21000.06024543487,1.2826502364510874,32.30337735539697,0.46147356897280306,1.5939736905841926
2421,597.6579567243862,0.17090915574512378,0.00028902775800770415,99.64311154842414,207594.0207877836,69.0917393850307,20989.834817853978,1.302451623240774,29.965064087131914,0.4624114067332339,3.9043070406592406
2422,605.5403278540059,0.165053054161866,0.00028910708863662347,98.8502466690374,207711.4415477868,69.10070681211714,20979.910290078533,1.2997020089799518,30.02619366218942,0.46228085243970707,3.3222226065897402
2423,592.7627998161977,0.1737586751130692,0.00028924329354666875,102.79027201748264,207832.97345014254,69.11002299343828,20970.32460902048,1.311364701089828,30.066630312581253,0.4621538019161098,3.3047414914121305
2424,589.1234387682479,0.17613605226626816,0.00028930646302779273,101.62610756268504,207953.1936478966,69.02768421443173,20961.85389639444,1.2994883662623138,30.111693968879226,0.4620516774560648,3.2874037409292356
2425,610.7157802847001,0.16075957460869728,0.0002893383494049633,99.97641945558149,208071.60976934002,69.03726504330818,20951.51895352088,1.2967047086190613,30.793680021249937,0.46197551399055936,3.197197592656714
2426,592.7674828251534,0.17344658997774165,0.00028952951942620676,101.06487594977142,208191.4951110942,69.02773235280945,20941.320001299006,1.3002572097000336,30.637590579684954,0.4622333325085473,3.337023702660481
2427,602.2857786532165,0.1666315613589635,0.0002895784026199519,103.11425209406022,208313.17756940986,69.0748766969293,20931.061936595168,1.2976561432162184,30.6317515798433,0.462408818328795,3.3526668567510995
2428,612.9643393768318,0.15859512469573733,0.00028969504505975706,100.4102776217394,208432.35408029205,69.0503763012279,20920.809640305382,1.293213080988511,31.40517648552828,0.4625730621883808,2.5206465210538553
2429,590.5791465262713,0.17526913743516548,0.0002898931164111317,107.90264379435155,208559.17844653933,69.07493851007732,20910.563501229954,1.300841858214094,29.728641822172285,0.4630625353488077,3.346068026197443
2430,597.6826902628683,0.1691268600635627,0.0002899069276142885,103.92757593785208,208681.652543604,69.08410660373838,21043.41266195131,1.2909472888491953,30.544343291256553,0.4627483990176359,3.342201297431103
2431,612.35377135418,0.155841599971569,0.00028997268207639194,102.54388804376137,208802.92753056937,69.03676561505395,21033.164508960333,1.309586470020103,30.51643841605639,0.4628508611974694,3.3858269196408344
2432,595.5092728702283,0.16796040991279604,0.0002901740756118705,104.25836092804204,208926.20125629602,69.07008584807419,21022.857295150978,1.3010642694256813,30.535873382639387,0.46293646931556603,3.365289723924157
2433,596.9391473898062,0.16668690804418584,0.0002902397898952159,99.84873290559108,209044.79671804473,69.02674793972169,21012.556041101983,1.3250898122803485,30.487620037095002,0.46302576025305325,3.3819506562760395
2434,598.1186196387682,0.16612431069881917,0.00029038639589793163,104.30548229141047,209168.00177292206,69.02261662034485,21002.195918497484,1.3076972280169006,29.767407588209597,0.463087330722836,3.326184053934824
2435,604.3264710449799,0.16354712581707687,0.00029053256526236375,104.65463813892387,209291.5965560682,69.11562599609994,20991.90660084328,1.3059512300884186,30.543349312319766,0.4627878617517596,3.3479670158270025
2436,617.1425048658456,0.15150865856760865,0.0002907226843413928,100.43166612271949,209410.97285176534,69.00699503319086,20981.623243359623,1.3063111420329268,30.3909330568834,0.4628861357005254,3.470926013059625
2437,608.8556983264918,0.15756324283465462,0.000291034135013193,102.30103751358922,209532.5410210574,68.66498067223054,20895.14717215759,1.3206601482990141,30.46225410691615,0.46291095300851093,3.375437600415488
2438,611.9928613933557,0.15386038722076012,0.0002912735057643719,101.60950526169896,209653.2935710531,68.6442831510529,20884.982511159335,1.3043083513934919,30.45253242771716,0.4629351328311974,3.372989868789894
2439,598.5259472480594,0.16385818228476257,0.0002915451817097571,70.57951937778807,209743.11663071194,68.24968616151257,20709.286128619126,1.3249432419973475,29.749588455178806,0.4629527700462729,3.353522749849269
2440,601.7804044548767,0.16520761939314732,0.0002917031626072754,105.21595245398143,209867.36426353676,68.12126536189979,20699.224256706584,1.302353777676665,29.762281472106896,0.4625934230941555,3.353717128909558
2441,597.0467280604847,0.17032410289669708,0.0002918403486584636,103.06567542504601,209989.4265068499,68.06253884836696,20689.10326419079,1.3014029595752086,29.806416969412346,0.46225806041308465,3.3348004514255365
2442,598.4443523707608,0.1713051668382255,0.0002919168355120779,103.71384954543583,210111.94908224227,68.06212527327305,20678.92311307045,1.3106589662166164,30.581161774161288,0.4619598809683041,3.315103353706796
2443,612.6038340661072,0.1631808689408587,0.0002919771044536999,103.0869810242227,210233.8844894969,68.05394015734205,20668.81388544121,1.305742319018727,30.50772732085954,0.4620564885558103,3.378535464884166
2444,612.7838831578182,0.16246127781209052,0.0002921204409467684,99.55440764725728,210352.39055209985,68.15981248801394,20658.71022316665,1.307508657477946,30.760595702338275,0.46211528179127115,2.366436950065932
2445,598.0172252495106,0.17143918974193106,0.0002922632478254411,107.50014992842003,210478.89788272596,68.29208892713437,20650.613314714465,1.2999859424709395,30.019381891937837,0.4622383953658925,3.3270313732398122
2446,600.6404879729928,0.16657175185220185,0.0002923020206999614,104.56294819543746,210602.29792551248,68.16331694989546,20640.467148266634,1.2951980331829198,30.54522730840812,0.4620442612221772,3.307783068298207
2447,613.1139866162001,0.11782962038498568,0.000292387270586779,90.45919144726992,210711.69866154878,68.2082956120432,20630.641688420226,1.312687843123716,29.362110196024172,0.4621172220107004,3.990831233273255
2448,596.1988834908656,0.16840885461107968,0.00029298479337490883,105.92835691318982,210836.58456541382,68.19278741703552,20621.213808110624,1.3057768709402409,29.31600395922456,0.46164227576958244,3.348738824262206
2449,602.6285713257101,0.1593528229330099,0.00029303451160919486,101.51954925593478,210956.8922286742,67.86045538354358,20612.532044054693,1.30871441160458,30.116807783623564,0.46113209258223836,3.329793551989276
2450,601.6514734364582,0.16457296155100187,0.00029317514007484605,104.31203806318467,211080.21758203063,67.87395112051279,20602.4588691885,1.296709090732718,29.893153848443074,0.46104027218217913,3.3338034733980138
2451,616.1970036026037,0.15219853561586028,0.0002932541076047098,96.56432570163119,211195.64159027743,67.86652521710816,20593.712161333293,1.2759787044078013,29.507009474382723,0.4608429118022038,4.013964611950733
2452,613.4166295514058,0.15640622314168073,0.00029335025529004426,103.38580519387475,211318.04749898554,67.88249849701778,20583.64916441452,1.2937154600959229,30.698632988681446,0.46050330342316315,4.497493878398927
2453,609.3049502576367,0.15578639975770192,0.0002933991835383427,107.75379365275404,211444.73118639647,67.89187404578989,20573.656932866565,1.287795386437998,30.65887570033903,0.46079384238000876,3.367423382659034
2454,603.2968034820079,0.15613165715779265,0.000293394622714102,104.06833082772283,211567.79219175293,67.90576166464383,20563.62716181932,1.299751389253651,29.313300806845078,0.46098623580923703,3.3494107951573255
2455,602.2324680309924,0.16117051502313173,0.00029338175231201515,105.24386771010279,211692.02234767252,67.87142169701474,20555.099813036602,1.292984164134433,30.16467390826355,0.46050546115208996,3.330593031879701
2456,599.1558339313711,0.16239410334801685,0.00029335977275306475,99.53158264014368,211810.41520312356,67.82451624333035,20545.123268634394,1.3028325919014019,29.899559181077965,0.4604664780712483,3.323164078594637
2457,597.448760484894,0.1698082458903426,0.0002932065508746875,108.53109710467038,211937.78782603948,67.89992809646016,20535.393881755128,1.2888540944222766,29.72240265747946,0.46029826747940095,3.7450316662023866
2458,593.4673423822286,0.16788721942285378,0.0002929882460965092,107.10827501738027,212063.51752327546,67.86181844184819,20525.91723596215,1.2887100617132445,29.34430992276078,0.4600747099770669,3.286254878387041
2459,591.7184525787376,0.17043837795200756,0.00029278823805959167,107.72292746186272,212189.98914948435,67.8892260339252,20515.93162854207,1.2886349011714928,29.44105670345368,0.4596502539991971,3.7793880357698555
2460,595.7931224401881,0.1634061054869438,0.0002926098516376427,-246.27884067759413,211962.36403786435,67.77818531667754,20875.978871634732,1.2957849958575882,29.437850694068587,0.4592647606973867,3.248681369776257
2461,598.2946263399335,0.16595997424064646,0.0002924509713615519,102.67141676770052,212083.84510628696,67.79574802180925,20866.914372092135,1.2996014106267282,29.489521289398798,0.4588669814145137,3.261027196995805
2462,603.5754276020941,0.16196786570020394,0.0002922629597045519,105.22027226590961,212207.7935354785,67.83759876930702,20856.766009471194,1.2886596492399072,30.033973656232163,0.45851510663571654,3.2620892306671294
2463,603.8627599803161,0.15911612381369689,0.00029211526999640085,100.00694709079502,212326.63887372517,67.82874043601635,20846.493731785085,1.3035840557037492,30.308695614658042,0.4584486782891154,3.7946115620792042
2464,601.6329219243346,0.16518985537073316,0.00029199731249309266,108.33282547563044,212453.87791340385,67.82973798470408,20836.490574070092,1.2850726831832824,30.261038639076705,0.45855038966569955,4.2742178407602225
2465,603.6309122813166,0.1611376937248924,0.0002918531584824989,103.59805465822271,212576.23075974092,67.81844486839083,20826.294724635583,1.2907677160477053,30.770433167598117,0.4586500613288579,3.218304738385605
2466,610.9330057909259,0.15421945284221228,0.00029174951298279904,104.78178809349251,212699.86816574563,67.85707478101101,20816.366990683673,1.2877653421902062,29.648584134498734,0.458935690021837,3.7743692611657096
2467,608.4314028790263,0.1540380172100826,0.0002917258377523702,103.25967367278494,212822.13244957745,67.79623926734736,20806.182661606283,1.3000612895199735,30.74461714851482,0.4586858208069434,3.332441943416022
2468,600.0005807192883,0.16054088068135974,0.0002917019770358703,100.09727225362525,212941.25471364972,67.79039717074907,20796.004380483184,1.2982349545447909,30.11354055551012,0.4589627308535593,3.9319356591750108
2469,607.1223380167764,0.15629456223070226,0.00029160439523754104,102.65082342762466,213062.7748545563,67.7029074455367,20785.896737890955,1.2883425918880504,31.66009109291213,0.45894849293923784,3.234087921630092
2470,602.5291740596527,0.15955405534583922,0.00029155120981192334,104.33477794379021,213186.07729072392,67.68937497112562,20775.665042939974,1.290677627590915,31.607269674007817,0.45965645454416226,3.216648748327991
2471,612.7396461466778,0.15411645135712826,0.00029145925853955293,98.68930091028142,213303.64889598067,67.65972957148539,20765.569144608176,1.2837865900081753,31.56753308411876,0.4603014837498237,3.2468029307588964
2472,601.6500026424698,0.16204995600847372,0.0002914430126417634,96.9860960318035,213419.67271140657,67.63201210724459,20755.349263718635,1.287720847754196,31.50497326659752,0.46089585238395847,3.2298475615231226
2473,604.7002535637592,0.16126012699989956,0.00029131247523249263,99.92789169508674,213538.44428063036,67.6508148149458,20745.200162532044,1.2974243595866477,31.424011686101565,0.46142822474103856,3.2264943008515488
2474,614.2036341390835,0.15458906950539764,0.00029118839471966527,102.93009423916871,213660.26300278126,67.70428275263055,20734.992076734452,1.281307997678577,33.20334400328807,0.4618934276405833,2.3977154868770967
2475,613.4754905082356,0.15505646723877198,0.0002911260453253424,100.48961073357214,213779.78329140332,67.6528639843309,20724.789766410588,1.291679387020877,33.60545856171879,0.46316393917846743,1.8572094825561223
2476,613.1362376039909,0.15474710829580385,0.00029105875922185955,102.44425053880767,213901.21418727492,67.66863623807168,20714.658068712095,1.2906049150425496,31.135072214589243,0.46453777216640835,4.1423421971239875
2477,592.2877902856228,0.1675433041703177,0.0002909915518751316,108.95711811847616,214029.1476725159,68.06370655938164,20704.727551760774,1.2803254667731767,30.38247197933841,0.4647548024576519,3.0653062082068274
2478,592.871838738353,0.16707852015556923,0.00029078405797752327,107.62171695974882,214155.43180915812,68.05168955859287,20694.62471349295,1.2872826848076273,30.36666901427656,0.4645296106037438,3.0483038919594705
2479,591.1209808335674,0.16819202792460097,0.00029057851638138264,106.92570658928048,214281.00819204608,68.03318652046578,20684.45645721226,1.289538332724173,30.339565412091282,0.46430671135772617,3.0304912006369946
2480,592.7671350241166,0.16695215497569527,0.00029035743391263226,100.10538291365145,214399.74908419844,67.99594149335262,20674.348329048666,1.28611836284775,30.347178488118377,0.4640803918342679,3.0186613778789777
2481,599.8788257191293,0.1621111830173979,0.00029014982762447705,101.02785500950847,214519.4322796601,67.97071199040475,20664.3109718145,1.2805081731465016,30.336809917561236,0.46386825212743593,4.8436777268220865
2482,598.2795687955697,0.16323732158455628,0.00028999364101359366,86.18392499105363,214624.37265823572,68.06585187538361,20654.824938102345,1.1864837168244184,29.820110492616358,0.4637637606896569,3.008201184884726
2483,602.9494048863626,0.16233902394032518,0.00028939383395826143,98.08315631953855,214741.15959518836,68.00027522347989,20644.820113666614,1.286569730389434,30.301597124572254,0.4633066911619358,3.0383595875372578
2484,590.3424722078663,0.17112913016938924,0.00028880936984100234,105.34871159245972,214865.2669119721,68.08844151645191,20635.35528463292,1.2822107056831722,29.753884754993372,0.46311099295103236,3.021000710235036
2485,599.780393924495,0.16382302278483496,0.0002881361014410775,105.79379923609403,214989.6213103953,68.09095343229717,20625.304389203895,1.2816599885325606,29.699027767295508,0.4626543849309498,3.0557900141656447
2486,591.0916536122838,0.1708460701401472,0.00028754400192077396,104.91963804067672,215113.25645036486,68.10070244264307,20615.294611154943,1.2825263140202783,29.720494885205508,0.4621954786698347,3.0456642563211744
2487,593.1235164774774,0.1696595624686652,0.0002869290601777672,101.02348969488546,215233.0570182106,68.0880199515498,20605.23568994752,1.2978557132793054,30.557900100496767,0.46176943139390336,3.0284970787702576
2488,599.3377497403774,0.1650677640124658,0.00028632774495744286,74.26614325935509,215326.09826001446,68.13803178783922,20595.1970002522,1.2296374346318246,30.167076635075603,0.461775702089495,3.8044939776719318
2489,589.7793793481362,0.176310561145697,0.00028568935980366554,99.12953390395742,215443.99787341154,68.07937405664767,20585.14258077009,1.2827785936896303,30.1179853985168,0.4616326112089145,2.994515258801144
2490,597.6523518834218,0.17260060543938904,0.00028493230554231975,-293.5839671879059,215169.02852202102,68.20586659034427,20711.807247121797,1.239856396999304,30.08523236728863,0.4614267490841352,2.9779165223757715
2491,596.62984189951,0.1721935466084995,0.00028414839647382774,83.03260391188678,215270.727238016,67.97167568436487,20704.987399395395,1.2549137683053497,30.06378348836869,0.4612139768846347,2.9616200104515684
2492,605.6631600183363,0.1661145799409559,0.0002836463656730628,97.17345742527792,215386.77870352136,68.10566682836743,20698.069437215658,1.2824278132911544,30.001593289080674,0.4610002306396196,2.946324913600158
2493,595.3540172836233,0.17221777424173668,0.000283212419564266,97.25249470142461,215502.99997825443,68.6621772990372,20687.85810605747,1.279659936027858,30.25091719471114,0.46076557623031444,2.9293157774435414
2494,597.5806720345341,0.17135091252836832,0.0002827129024654988,101.6632271708871,215623.47991567955,68.64360926617043,20677.69611070742,1.2701278635096545,30.22314291026886,0.4606642668831205,2.924585679439467
2495,609.4132158767658,0.16175192587833143,0.00028222024272312563,100.61143076142935,215742.92427902605,68.66922040545302,20667.47467942981,1.2786816120263231,32.43213071556698,0.46055392295839115,0.6905111179251264
2496,614.8646586684189,0.15771714220609134,0.00028194470370243374,98.07289713446201,215860.23675555806,68.76495937425673,20657.25917629532,1.2859696662513451,33.20517830966927,0.46141061004292294,0.6879925367905173
2497,614.189046728105,0.1593017917242774,0.00028171326913388765,102.54833417260144,215982.06570831776,68.79177479677037,20647.049489428802,1.27213526420517,33.053890234545406,0.4626045592652793,0.6852734704383039
2498,604.2744384830935,0.16610975564677233,0.00028146124629687205,101.83582198001719,216103.1536398593,68.86534612334943,20637.17028594357,1.291221578385829,30.576524070495157,0.46366389378161266,2.340568269236826
2499,601.9263289146035,0.16815579162941452,0.00028113289838769786,105.64601531361805,216227.86217150078,68.87705871312521,20627.037118087075,1.2889400994141422,30.711065349202315,0.46354377800427277,2.181352716433409
2500,601.6501752762268,0.16865536793661373,0.00028078131189294845,101.3277767897531,216348.1842755414,68.8925585530302,20616.84481406997,1.2901726575850634,30.88204607067318,0.4634868339305732,1.99756882796283
2501,610.5918143882632,0.1623916149414062,0.00028042463273056264,105.03699821331978,216472.19175321038,68.88139516093953,20606.723293981988,1.2893862572304775,30.881389511568734,0.4635064613318751,2.025097094017781
2502,604.459425692915,0.16746635192819903,0.0002801355699832017,103.3004937078343,216594.5902246412,68.97856925741863,20596.607626098536,1.276501229157593,30.2149215729348,0.46352622893857565,2.6513134193784467
2503,603.1104757553624,0.168470650426084,0.0002797897388793787,106.18937461555157,216719.7638215649,68.96105805475425,20586.497795701052,1.2750585356349322,30.787644690162868,0.4632520771784667,2.0068533397859056
2504,599.2477030526976,0.17073078272945397,0.00027943118345968875,99.69160056806462,216838.40013139322,68.85792122381876,20576.458721938423,1.27471561368533,29.90981810820711,0.46323721183412603,2.0070898196403206
2505,592.973136146374,0.17451538222533813,0.0002790471971754233,106.1617015506221,216963.44626361996,69.12920933125451,20566.295569404057,1.2803313957299174,29.977939473734512,0.462791070548133,2.6592726275564047
2506,603.2197867059583,0.16769981927783228,0.00027862138768520593,103.63114023807478,217085.8612890303,69.01913229281834,20556.28951951416,1.273626512070376,29.932466130396925,0.462437444157849,2.650457953057604
2507,592.1600524539351,0.1750904255471245,0.00027826972493146624,104.4727175575849,217209.23437368436,69.04188130776362,20546.143521912967,1.2709026151900258,29.965908244343126,0.4620785826965863,2.6343271921199687
2508,600.0440743190212,0.16761962895003457,0.00027783984625063765,105.5097110697364,217333.48284983146,68.93731596217044,20536.45365410334,1.2671496097248156,29.96264446258774,0.46175318132094556,2.6253560843768113
2509,613.0209294078098,0.1585155636682728,0.0002774951112890141,104.45655988365095,217456.7670029421,68.91488176545853,20526.329007079577,1.2779617565833576,31.654473598171645,0.46144190312081634,1.875770673755774
2510,594.4806294521075,0.17089455601140624,0.0002772279660916669,103.84513452366718,217579.62046248995,68.95915475208582,20516.411281271285,1.273878113590157,29.42043720620825,0.46193661061658514,2.5866760790022667
2511,594.1040570204373,0.17106340929618014,0.00027682664058330416,106.16881839586375,217704.53810529722,68.66773951935792,20506.283263179706,1.269963218114075,29.594560648824633,0.46134691535180183,3.3767880135910175
2512,601.2528585470357,0.16565854783722644,0.0002764220278421491,107.86574571376536,217831.1214818889,68.8748577835283,20496.182281088983,1.2724576842214048,31.420889858880916,0.4609167914981466,0.6480334885039909
2513,598.7030827589572,0.167486478922256,0.00027607575019018604,105.00583221835194,217954.95736494963,68.73852996957672,20486.261044335864,1.270549096063491,29.98048016633582,0.46125369193423377,2.5429182046716434
2514,599.141620489374,0.16642791025484016,0.0002756644845792716,107.64237218147431,218081.35600779005,68.68844719027497,20476.215450442072,1.272830923741309,29.98032828377256,0.4609713191603708,2.5274338530406055
2515,596.0878489878546,0.168005233632202,0.00027527317790302633,105.81475606081713,218205.89829008112,68.83765027065651,20466.175684684986,1.2811562514889574,30.010996030624312,0.46070210144495444,2.511569573831686
2516,600.7074612076353,0.16465093204114045,0.00027487146023244405,99.87461575474603,218324.45199237426,68.73032246090072,20456.076783630062,1.2728789685623163,30.01304246106238,0.46046052856371,2.4969608111853177
2517,613.691474053954,0.1550503286464573,0.00027451118255762685,98.6927996026593,218441.86586948723,68.71547125744388,20446.048520342145,1.2765938568534199,31.724587035097553,0.46023120187509037,1.8117147890053502
2518,599.35719901558,0.1645528079525007,0.00027425555617745267,98.70454039624991,218559.49731465097,68.56677189911233,20436.091311654684,1.2690934867316104,30.008054098038574,0.46081709096419027,2.4897824828169917
2519,602.8387307809088,0.16140061642273684,0.000273898752482637,100.96916411633009,218679.1677658212,68.78304671373603,20426.07488105264,1.2752168769594685,31.033356740468193,0.46056682421388884,2.474674557374996
2520,602.9809614829437,0.16113017513613348,0.0002735746398274117,-223.26408985510886,218474.64457485743,68.72353257518792,21104.67263506768,1.2584332408310352,31.00518487628317,0.4608327307745101,2.459077089989094
2521,613.6618566150486,0.15221974675552963,0.0002732524301996463,102.57824897693604,218595.9559045842,68.72098633047973,21094.21970605084,1.2699697026787706,31.10291501630519,0.46107037480390506,2.323300123916148
2522,613.3686322201802,0.1392743913908988,0.0002728850259384598,98.63264613486069,218713.47823139763,68.76372169729675,21088.483801833794,1.268142401915179,32.776041834664554,0.46133639174696767,0.6245551494200541
2523,612.8065678356121,0.15281826049414127,0.0002727336204923864,101.2953018518067,218833.65806881507,68.80727845537099,21078.04300609727,1.271954200516705,32.64292460356278,0.46231691507574835,0.0
2524,612.3187565290534,0.15206657343302266,0.00027243661535301825,97.50365170158116,218950.02638321696,68.931603675689,21067.608457353857,1.2756997710528304,32.51964506369716,0.4631476736519498,0.0
2525,611.6632312291105,0.15269303088101138,0.00027214717625847936,103.68107570292048,219072.56350618598,68.89240017356336,21057.17990247887,1.2718607437619769,32.39090333882776,0.4638761886092897,0.0
2526,611.2151032157196,0.11777613830154365,0.00027176516574401626,92.09358745345457,219183.49483472342,68.56966713447318,21059.70186386786,1.28001940172537,32.279977295823926,0.46450491088936463,0.0
2527,610.6936637339995,0.1497254993788517,0.00027183831186422454,99.42591049010065,219301.74401916593,68.81993951288436,21050.032185139862,1.2749106730015645,32.16883907775642,0.4650476243039581,0.0
2528,610.2748939721412,0.15197295689740553,0.0002715625331925667,100.01004355185759,219420.57248780603,68.51433647266165,21039.621783133425,1.267783269665949,31.997862838314134,0.46550854858281115,0.07044571395066157
2529,610.157399646585,0.15100288786867588,0.00027126740345214924,101.60808171183135,219540.99303309867,68.89389603948453,21029.66747491566,1.2715646543986752,31.468507189709708,0.46586630342792495,0.0
2530,605.1204622687495,0.1548451737861808,0.00027089465376984223,105.02179438672783,219664.8251487608,68.77940511963308,21019.980963854126,1.257978534991938,30.232299822253147,0.4659418185166445,0.2527693766796659
2531,598.7825629222867,0.15812799085390095,0.00027056661981892657,100.92809475964901,219784.47684861982,68.61848646967603,21009.5876407659,1.2650023469631715,30.489317858683496,0.4654196412862082,0.0
2532,609.5691766742949,0.14842076911039614,0.00027011756947293295,97.2895886865739,219900.37995961754,68.44653602778322,20999.827196802245,1.27143621954871,31.775734879539968,0.46506498795477946,0.13507675791364449
2533,597.6649819416103,0.15843721065798344,0.00026985644625352855,99.80189880095293,220018.96637924947,68.5046329012864,20989.57597390496,1.2598518388589257,29.81199705024547,0.46536905310894117,0.0
2534,609.5871717967619,0.14884246348850017,0.0002694870479124599,100.53081127076695,220138.1334619567,68.6157309555968,20980.77112648484,1.257555831562064,30.810098190267666,0.4647128421476621,0.5244446499235167
2535,609.614478152849,0.14754650400363145,0.0002691409145004039,98.03995160701993,220254.95642598908,68.91019218486046,20971.573864822934,1.2756701433690667,31.329278723423958,0.46461052501404004,0.0
2536,603.2690141476589,0.15185500834313093,0.0002688856428997628,29.976315550049463,220303.7152409778,68.53782339489884,20961.20762420772,1.0865030068667043,31.185285223437806,0.46473958752800004,0.0
2537,589.7306098608486,0.17850499026428424,0.0002678561102450818,40.815205246711514,220363.23057905652,68.9640411780556,20951.127666466506,1.0865891442210116,28.543462088917426,0.46479154705381653,0.6209634043941605
2538,585.8528922866454,0.19445433590525152,0.00026662324394998956,41.53627455639989,220423.15322216615,68.75785598109663,20940.77321359789,1.0955727707793068,28.993377369902042,0.4635760089469186,1.0280368738969088
2539,586.1147705158332,0.19880780044559854,0.00026515821279642803,81.84203606370738,220523.2303941203,68.73608797655785,20930.66310887362,1.2269934330786831,29.13175386796345,0.46266613651178196,0.6110210545992061
2540,589.1652417321808,0.19652743384345028,0.0002637253338682485,85.87429896110655,220627.2655018238,68.6865514608473,20920.34119089467,1.2226773262882955,29.12358267621532,0.4618469408566379,0.6060784908057641
2541,589.059725445486,0.19654320657617175,0.0002622624255920393,90.56930304647489,220736.0253517741,68.70241970291252,20910.004827778594,1.2382471164547726,29.928634989792933,0.4610649459294258,0.6011547198578313
2542,591.340656826283,0.19713885840419032,0.0002608715381323233,92.26904453734551,220846.4800308443,68.8197436991835,20912.16583227873,1.2362637528899887,26.30042131804798,0.46071845672561945,0.6545819824066115
2543,554.322457149851,0.2503542793229515,0.0002594274474893464,113.14308389513266,220977.78810962808,68.72564096354874,20903.30812215842,1.2408413453660943,26.463903362234923,0.4586073184885549,0.5913622028232695
2544,553.3488262694384,0.24592759660761554,0.00025749386141299147,109.15124347134267,221104.2337070142,68.62085478867584,20894.82512181993,1.2505040525425195,26.616710495583295,0.45667976591882997,0.5864937258313603
2545,565.6621732552317,0.23274591387137777,0.00025556477907503583,110.96507308831673,221232.4402490066,68.64125081212997,20886.293433386807,1.2650412134245896,26.674441893394956,0.45492461392697087,1.812961071314902
2546,561.6685578349372,0.23352989802725987,0.00025384382402945824,109.94716873421581,221359.85753538794,68.78476699068513,20876.099035241252,1.256832131252373,27.575828592817352,0.45335548512193746,0.9798742314516531
2547,566.8271447910846,0.22691987324785168,0.0002520682456630448,108.22923411246867,221485.49628841406,68.77097689813085,20866.455162149115,1.2580137874602821,27.531544787608013,0.45226242327222504,0.5719973155139684
2548,562.9284508327584,0.22736275321795574,0.00025041829066715026,106.65738583761123,221609.6705588778,68.73424954977258,20856.206075997023,1.2594534044833576,28.211431418744485,0.45118011918880047,0.5671990112376761
2549,564.2526404885201,0.2248618514245332,0.0002487172887595081,109.15138940755355,221736.30438970745,68.80094340569424,20846.028853376713,1.258316479171219,28.182735754838042,0.4504870789368779,0.5624278335918831
2550,565.1981459396906,0.22168912960071152,0.00024711065307234044,110.99383771834266,221864.82474592008,68.99667646830574,21986.56186432261,1.2428138508462068,28.226333907187122,0.4498150207400985,0.5576692965170906
2551,564.6794274350837,0.21773750621547305,0.00024547971921065186,107.46951917150332,221989.86653115333,68.49651565513128,21975.763457693683,1.257132637102764,27.632419052189864,0.4491984742805859,0.552929053047805
2552,573.1772773508169,0.2086370327906244,0.00024395966220014365,101.08130255231464,222108.54606620912,68.53197213539329,21964.906171631676,1.2686758349560154,28.072378286739394,0.4483209526517608,0.8400843602613577
2553,575.1247045003154,0.2083429438983666,0.0002424855840855158,105.16523555185424,222231.55320460006,68.65644544341343,21954.055166427803,1.2528674112923412,28.876320743759578,0.44772074049972654,0.5434990203005867
2554,569.8582781391972,0.21046982917345491,0.00024108432248219584,109.72634623655182,222359.1485635763,68.52429603190365,21943.23068406332,1.2418199543449224,28.909548976373507,0.44753017871133716,0.5388093181743585
2555,576.2898177909573,0.1952821591210988,0.00023956207199755865,108.02412161667755,222484.91445575477,68.473796248113,21932.672282747822,1.2473352258592278,27.768244377224857,0.44736579941076865,0.5341427860393821
2556,578.359081611201,0.18549078950821607,0.00023822840315762702,106.34965022445189,222609.34431031608,68.51005519193515,21921.839917346784,1.2502804915403387,27.78344989063044,0.44664833365689627,0.5294923348105129
2557,591.0154897351218,0.1693275335371871,0.00023702768174379898,101.38986114357678,222728.92155416476,68.52467761045912,21911.14372597692,1.2374220345861644,27.797196342028627,0.44597476412916964,0.5248580945921546
2558,595.045916790713,0.16019698821051598,0.0002360332199628734,98.41619745756424,222845.7708367803,68.54861175371906,21900.388709483606,1.250783658137311,28.505333675418157,0.44534217365625783,0.5202416639029366
2559,588.2037123691284,0.17588159520364455,0.0002351732382971372,99.1740136516137,222963.48996616964,68.19663748588214,21889.63995684422,1.23962327759113,28.546260387699444,0.44509019851167675,0.5156423941130654
2560,581.361195426392,0.17277160244912426,0.00023416841096262798,101.58271712254873,223083.386179275,68.54293360311107,21878.832408307444,1.2513181376011353,27.264478857142077,0.4448713407615559,0.5110610442136689
2561,591.6652403342831,0.16735729651375464,0.0002330744178197636,99.67107823036105,223201.37977447355,68.50309652913792,21868.095990343536,1.2529843655793529,27.254700418357864,0.44403306975356266,0.5064965171744831
2562,587.109783052635,0.1876105099398867,0.00023204229134895992,103.10685618322262,223322.9140940999,68.28970853836411,21857.32078743178,1.2463906625893484,29.441378935048643,0.44323254500057746,0.8499638965328629
2563,584.9080085382967,0.17976208507418434,0.0002307980415813839,103.04261088660442,223444.0629239789,68.40513014724868,21846.681775787212,1.2451331638098602,27.982047489560863,0.44356821051978856,0.49742009856692704
2564,582.6719479843053,0.1765490333772488,0.00022964168420923185,98.82080643167939,223561.16114546522,68.435479194318,21816.26098863345,1.2503563770247097,27.771334430319783,0.44314958125609644,0.7413957882494486
2565,572.8817441830645,0.194283917189484,0.00022852417544991252,100.91690187334527,223680.3676498336,68.07596449863608,21807.185790290936,1.251076261352873,27.657207084804632,0.44266262335159495,0.4884113752888197
2566,591.5763320453725,0.17945738521705945,0.00022722236593412525,-3531.012623761804,220167.33291372965,67.73003571493324,21715.432426955856,1.2435864795168619,29.17118852839809,0.4421303972660457,0.8420735965868573
2567,591.298165421621,0.17436225691995044,0.00022616731034913335,94.5093689701558,220280.02216406906,67.72942688987634,21705.470794035966,1.2559084339108955,28.783748723370124,0.44236170725899554,0.4794701814744613
2568,577.8485279113258,0.1902668204299902,0.00022508710329346998,98.62010773879834,220396.92000697748,67.63018362534004,21696.22762088879,1.2397965176934977,28.78101678429007,0.4423708841364537,0.4750281891520487
2569,573.7015626069913,0.19437598877726814,0.00022384185889224914,102.14379972479472,220517.02016749006,67.62132948692198,21686.282472781924,1.247133530793494,28.795531921977695,0.44237858484721976,0.47060071276225557
2570,581.7802120189015,0.1879503956688393,0.00022255836158000474,98.45237762830334,220633.28499314096,67.8267273703605,21675.530811818862,1.250915592125541,29.296283220459014,0.4423933701318859,0.4661894970687186
2571,571.9620507424154,0.1939328252913627,0.00022134902202208554,99.99996572443129,220751.1674277946,67.76823793129948,21665.239321958485,1.2440254228436498,28.355556397472412,0.44265414475255604,0.46179653524443864
2572,562.7933112656877,0.1983090493513605,0.00022008011381788846,100.28844822008219,220869.22170468257,67.72278900286896,21654.56465710546,1.246541833273276,27.738393922122146,0.442439193171561,0.4574192108180313
2573,576.0671363520638,0.18736307712695133,0.00021877037809543717,100.10570813101171,220986.96667747822,67.77161373928158,21644.19654749408,1.245322675329469,28.112683912739367,0.4419317194592646,0.45305833484408
2574,584.9436440237494,0.17943408376222325,0.00021758318018730237,98.33751694918743,221103.10696777733,67.68690582244314,21634.78377161288,1.2349686033148404,29.746474457962695,0.4416343455186686,0.4487142554559753
2575,585.1206196762265,0.17840265198575922,0.00021648560717019052,101.16612480966054,221222.23349503172,67.86356167186966,21624.124099165325,1.2434078694866515,28.59263553084694,0.4421562480945305,0.44438668349923205
2576,579.5779127766975,0.1820217522021591,0.00021540343415987122,97.75002373114023,221338.0103928586,67.6932099228368,21613.751142523794,1.2529811742195274,28.812622615030207,0.44208440298810225,0.4400750624504255
2577,580.3552462306144,0.18040128958136947,0.00021428718630607716,99.10411254063101,221455.0184731799,67.80086295930492,21604.345482440698,1.250496565118752,27.502127030207593,0.442124764019784,1.2172614846052667
2578,577.2145080884046,0.18293476191707614,0.00021319289933318603,105.49512759198907,221578.41672819652,67.37225275105381,21593.704029661632,1.239609683179208,29.378618279893534,0.441591103509069,0.4752732013404426
2579,579.4265918189179,0.17905424412146742,0.00021207623671374911,98.56454963786652,221694.82535238477,67.26302141803215,21583.00285014523,1.2417227587280542,29.482709573925472,0.44196653389246604,0.4272391418065453
2580,586.7147712695271,0.17179138935042415,0.0002110056426156966,-528.25234375253,221184.46474524343,67.3251983324254,23093.442931673235,1.252917391394425,29.996546331188476,0.4423721313243369,0.8431702210903964
2581,586.8004484641853,0.17261879221288656,0.00021000308447842887,99.10272339592007,221301.59878400477,67.38384177660696,23081.871764269854,1.231980009870675,29.845260760802145,0.4430340200769539,0.8996942066395377
2582,577.0763124891041,0.1763552232302945,0.00020899571329118432,96.51188846953758,221416.15621312684,67.23147668761456,23070.952249977352,1.2395703505478721,28.62511829818135,0.44359174025539894,0.9888281343693208
2583,569.3588999399622,0.18142777637286345,0.00020795265684942602,91.88610927524152,221525.98889166952,67.24056540287698,23059.896727989133,1.2496051718447077,28.29313743917736,0.4435263960103585,1.643006031671149
2584,571.504818415363,0.179577472171344,0.00020685999734932869,78.12980339439719,221621.9688387849,67.10982203720529,23048.367730707676,1.244537620831804,29.110475550215163,0.4433381116810412,1.648367027621866
2585,569.6584047815693,0.1863480061278403,0.00020570443793045543,89.89262482798932,221729.69780989626,67.42553570746843,23038.36345085226,1.2314260115337459,27.941127040898685,0.4435621195190258,1.6246552651685136
2586,569.7982258854425,0.18570813248889806,0.00020448227592322686,94.45079179222375,221841.96408367783,67.32857834602352,23026.937291404858,1.2295470645415014,28.37701436008986,0.4431984071110492,1.6169792018128248
2587,583.7774536478719,0.17546153901665862,0.00020327289076074202,93.71534373678426,221953.48464842569,67.3957492481304,23015.45316513437,1.2427347166006344,29.150127411147867,0.4430674033488546,1.6078127892920406
2588,591.1626609326955,0.16945106934229015,0.00020217863442446063,91.40946175327048,222062.88435305873,67.43461561386285,23004.517097652406,1.2367102285896823,28.778200474035927,0.4433232346227812,1.5989717196165856
2589,583.9690011893185,0.17319957921267226,0.00020115337744911285,98.27650367063322,222179.28513048316,67.50009326771155,22994.2872855531,1.2504898166673182,29.422856015887138,0.44338297226417106,2.656960386480378
2590,576.8421755729702,0.17656045094294615,0.00020015065710016309,94.88036680332885,222292.27983716314,67.4361012027029,22982.840668121673,1.2401429813656242,29.343161854688528,0.44384527160888837,1.5817591933689528
2591,578.7862262362735,0.17423217673695823,0.00019911647215329828,99.69917563619393,222410.0339565118,67.54998972759282,22971.5305398191,1.2332359239798876,29.436265340205797,0.44418484731183616,1.5735536784233943
2592,576.6518372502514,0.1729605130151427,0.00019811161779569785,97.87162848463464,222526.01383716962,67.58866630916924,22960.07737245811,1.241543816780948,29.568142311096793,0.44455295574021236,1.5634325278318073
2593,580.3928651709332,0.1692527453144147,0.0001971246523422302,98.03783008354296,222642.13497897398,67.64355542035506,22950.60013035438,1.2369440186771452,28.041777876286982,0.44496712332797156,1.5554847407530517
2594,582.0543803448516,0.16688928637990097,0.00019618138245679418,97.03450869138291,222757.30991838165,67.42247627945973,22939.242442389685,1.2386999211690402,28.972252072932378,0.44460917089851965,1.5456925617137358
2595,577.7368307133473,0.16812260409255586,0.00019526719928126383,92.47730790334757,222867.96355770988,67.35969049759433,22930.02807226677,1.2559688311835837,28.190438257045223,0.44472686642319487,1.5385192386644917
2596,585.3798677896652,0.1639114140271961,0.00019434200722219123,94.73402374648006,222980.82202692615,67.4124893396883,22920.058550770773,1.2340709255213724,28.63212325813845,0.4444538094653341,1.5292021351566731
2597,584.6590101011122,0.163206848179693,0.00019346352282472503,95.57703063514498,223094.6285761094,67.47485571577118,22909.783672390357,1.2348676856818943,28.644509279192235,0.4444116328496375,1.5211415115814617
2598,587.5874198951551,0.1591317750034411,0.00019259524399320056,94.0330438349728,223206.87412556403,67.4384471842539,22898.447061720934,1.2667329347349308,29.171839228105615,0.4443775236378801,1.5124058960681737
2599,587.8628399575764,0.15873303868680222,0.00019182723266056209,92.85675357612251,223318.30976788327,67.45985418159091,22887.095263151226,1.2598059294756363,30.6948443759354,0.44460442713910664,1.5047587908997144
2600,578.0746983669917,0.16545244529764802,0.00019106447412584287,96.92358029314764,223433.8278867341,67.44017834990042,22875.81925322712,1.2664708230937427,29.20749904471635,0.4455691839233926,1.494574151441519
2601,583.892835799485,0.16199623049376521,0.00019023102892665482,99.02345995172766,223551.29182358054,67.33435142181303,22864.71742644543,1.2508325889226166,28.766938650057238,0.4457531296303627,1.4873680389686115
2602,578.7257731084071,0.16461346048245296,0.00018943529751081671,95.58347198013965,223665.40910697522,67.29804385399648,22853.38697719535,1.2536967003268056,29.27474672999538,0.4457108846153141,1.4796249272228152
2603,590.3587465876933,0.15547782598811855,0.00018861269925516308,93.9262123487701,223777.81911635608,67.41742181362498,22842.017239688357,1.2569116987028468,30.04721499769248,0.44592048740150103,1.471392372621267
2604,590.9211805082268,0.15545108052279177,0.00018789042984427643,90.3465358965864,223886.80201964054,67.30468168105327,22830.667037613315,1.2634945511718403,29.512834458765827,0.4464994414902478,1.4617876508776675
2605,586.4875493238569,0.15774469437826188,0.00018717088494814402,92.97164897656361,223998.4134216261,67.32968509445672,22819.32336806099,1.268746326259442,30.11491900766908,0.44678597651410107,1.5977927062425508
2606,594.9667749867249,0.15329552523858037,0.00018642938311756613,90.8489097362218,224107.8686716013,67.4093721589806,22808.803308814375,1.2542471345068738,30.41384123994887,0.44736221744347027,1.7856254759318304
2607,594.1738714491324,0.15345496781072754,0.00018568587783373135,92.11190104058778,224218.65607738955,67.4623367736301,22797.447112241713,1.264025564884178,30.037706256882004,0.448067250341185,1.2624756731421698
2608,600.0754240650888,0.14999570980325694,0.00018494345446180445,92.01433427244106,224329.33553110456,67.39347945778852,22787.92251120862,1.2609417571762196,29.99504253923407,0.4485224788490374,1.1192878921638112
2609,594.4373982906619,0.15245648548660362,0.00018424063356859327,91.34262548375901,224439.40300402394,67.52988390778197,22777.89039923108,1.2662866532187365,30.636627262519887,0.44892598806714434,1.4216806135459095
2610,599.7719972712232,0.14980857103868206,0.000183514150188097,92.38927587308416,224550.45875292458,67.45580859338833,24606.486995315354,1.2538738246799581,31.413202297193976,0.44961338911515986,1.414881879017024
2611,586.4432449855981,0.1582200739823183,0.0001828686235858046,94.838282993203,224664.05302118967,67.32879656237274,24595.5331967073,1.2527762897863428,29.600192092343654,0.45064808486035995,1.4057130173804921
2612,594.5575951746564,0.1512082978473881,0.00018208558188302477,100.29100513605118,224782.91806837457,67.6773448854522,24583.24874719541,1.2442204908803727,30.60119039547314,0.45073815498308933,1.39821140965946
2613,594.1730145281599,0.14965380641388237,0.00018138036428053884,91.51913079847648,224893.11289396597,67.37542554612457,24570.906465670483,1.2596142731118594,30.096298395406023,0.4513160053797355,1.3890329662481378
2614,596.6606062988659,0.14723916403460124,0.0001807011625999743,95.99420790024678,225007.77371441133,67.54209604178324,24558.57115169184,1.2515142155885675,30.29687423853445,0.45161593582435244,1.5265910856568041
2615,598.9745113350854,0.14482667772967195,0.00018004713460069105,91.37062588066945,225117.86785102924,67.58080954179411,24546.242920457942,1.2589968170329104,29.986920587028063,0.4520073224828195,1.560599344158689
2616,599.3938817499951,0.1448543300932703,0.0001794172712231161,92.66879361022808,225229.2896053253,67.39648346079429,24533.953761254706,1.2569010069217168,30.607771351061373,0.4522284958598341,1.3663826346034398
2617,595.7174468504606,0.144881547490205,0.0001787892827443581,92.71420324734584,225340.7667132996,67.50202922550463,24521.709226569805,1.2563505347154182,30.608646179122843,0.4527332465696138,1.3586039334222377
2618,589.8409184564204,0.1501673602868948,0.0001781631851456955,92.04044579678012,225451.54113767977,67.54580360860949,24509.40224374689,1.2439773868699782,29.606771661985356,0.45321268922207747,1.3500184903482335
2619,591.846757200119,0.14825061058710554,0.00017734052491206085,94.63451236664483,225564.73117228542,67.40984813366487,24497.777642404184,1.2494172844733222,29.72461476230364,0.45317462240650375,1.3423019372815546
2620,592.3239200407953,0.14603271220303493,0.00017654226085622003,91.40874292739036,225674.7345019206,67.42229855507367,24485.484062380827,1.2580885549329253,30.183412546973976,0.4531961666534423,1.3343117404216756
2621,594.0066276790883,0.14446303256006676,0.00017577141305650834,93.6893950016264,225787.03742087886,67.36747564276241,24473.216598458737,1.2452500356587843,30.117841625197773,0.4534420756230487,1.3263553230304126
2622,593.0343796893412,0.14341988958684881,0.0001750208970442793,89.0214062923896,225894.70121200045,67.42311444296033,24460.937127340534,1.2554919213353788,30.144466345924233,0.4536430097032085,1.318424285477839
2623,599.0661967759743,0.1399938700862896,0.0001742849836275138,90.31397805827095,226003.64575965056,67.34037865761084,24448.683718185996,1.2481107238580607,30.034517533852306,0.45384660141107563,1.3125487061317074
2624,592.3948758992532,0.14364012391665382,0.00017358893985725376,89.78559647873948,226112.11741636993,67.30846054085485,24437.1847613582,1.2524873227946345,29.650337386996995,0.4539856251682362,1.3035824997342544
2625,599.0774452730878,0.13972597632969663,0.00017285723850089276,91.84498417377597,226222.57802981974,67.25943302602336,24424.92559950351,1.236433793050125,29.987220078782304,0.45392821951048773,1.2969744917187498
2626,603.2699117994105,0.13596835497384097,0.0001721868426001188,90.37267925895227,226331.6453902325,67.31643601949254,24412.673486651787,1.2591698028125202,30.920296977245556,0.4540392357057564,1.2872338181527851
2627,603.0547746976491,0.13511171031019986,0.00017155939115973424,89.81802847042982,226440.21541261754,67.35446721851068,24400.428378538698,1.2543672096097633,30.906210581403755,0.4546033752420544,1.279447280353871
2628,597.0949157402791,0.13984537064994995,0.00017094371382187117,87.20244016020573,226546.16988233643,67.20885716811586,24388.445794567488,1.2642456479906266,29.42060968992306,0.4551318226646538,1.273713673909377
2629,601.5528701024504,0.13736573144951447,0.0001702802652667181,89.30168206404585,226654.14025237906,67.31720708027521,24376.278359288153,1.2479214751773908,29.688518864830588,0.4549023940981345,1.4043483308926383
2630,601.4075377398322,0.13719103487010065,0.0001696461807545039,88.92595447582002,226761.8018275673,67.15966953545181,24365.085375987583,1.2496949060367573,30.41729358475135,0.45482380178803233,1.25738121818258
2631,591.7572545709118,0.14332090295618638,0.00016901673430507098,93.20259753795116,226873.71952463634,66.79825961283427,24352.866961242562,1.243373794080706,29.639281911069254,0.4550996263040589,0.4086204745298403
2632,596.4671300464922,0.14022796390511705,0.00016832483665188048,87.69840031903459,226979.9988246141,66.77637412334364,24340.67444096094,1.2463834519533254,29.83211799622538,0.45493121495695893,0.22302420610970586
2633,591.7592174228445,0.1434028926011851,0.0001676815986553056,91.33125223870499,227089.97864422383,66.74558151344038,24329.607763422166,1.2521223321128858,29.36673237705715,0.4548560475398241,0.21955396307959774
2634,597.1675946941465,0.14036887765096495,0.0001670077117373255,94.28709976375103,227202.85262942908,66.88756990112248,24318.79117147773,1.241608184330208,28.99685138220195,0.4545557824027273,0.21609693257656204
2635,603.5254740849308,0.13530803318795048,0.0001663692658891347,91.6389460737677,227313.1339553116,66.88007698489089,24307.21258973873,1.2410513949385023,30.43405508615366,0.4540887691831144,0.2126534673855005
2636,601.4494920838233,0.1360138401947838,0.0001657875850352965,89.6282825996469,227421.4827498736,66.74977845020001,24246.789733668607,1.2419852958016193,30.48425765632735,0.45435263715478624,0.22359378315702116
2637,593.6940169959161,0.14073123172930513,0.0001652009049757973,88.63869087971497,227528.8017433036,66.7801020622269,24234.628495183068,1.2333115546981097,29.30460484841288,0.45462176643618973,0.03824212591426601
2638,592.1917887788893,0.14096215905151666,0.00016456660602223825,90.83398315047029,227638.24117380512,66.81930720510579,24222.99528074019,1.2435251603882553,29.072468496092085,0.4542750236693311,0.03182961830273001
2639,604.5675485547927,0.13300625834350321,0.00016393280587537768,88.63746994814483,227745.4661857453,66.74504734772113,24210.82866665602,1.2478958658187564,29.882689527629196,0.4538346813284967,1.0311967627230203
2640,604.5041063441347,0.13166316657284627,0.00016338663122615824,-223.01228585954826,227541.17431237944,66.66092210089849,25774.24511207758,1.2397773100305765,30.30373626669973,0.4538718424571635,0.6681282649210019
2641,593.9008741177723,0.13967493092548577,0.00016284035786457638,85.23917224485788,227645.15282102005,66.77905748945051,25761.222606604206,1.2397408952674585,29.802809044329983,0.4540932831004108,0.032645741670734196
2642,594.5753715351836,0.13925623238554619,0.0001622154089367553,90.78857641062066,227754.55511110974,66.84164637488917,25748.67566244857,1.2435238184971225,29.49314758308392,0.4540218892960144,0.03349719516670291
2643,589.2978143885663,0.14239747732774932,0.00016160839867959575,85.19843484398217,227858.3708834304,66.82174888143952,25736.089206649725,1.2508630044010156,29.10406030341731,0.4538017020342478,0.04033718328911817
2644,599.4198304565692,0.13605686358182656,0.0001609729310062101,81.70137460231066,227958.61153853772,66.7206426835805,25723.088196287426,1.2539933153190594,29.55058322991245,0.4534272358955924,0.03496756353660402
2645,598.8628433434261,0.13786677043225715,0.00016039130722333603,85.6371285967646,228062.90111087123,66.66799026832575,25710.094589883185,1.2362636533602982,29.49929288964461,0.45329407202131833,0.36842853530153974
2646,604.0313058233726,0.13414658435474314,0.00015979419826806838,22.984207837608835,228104.54472427658,66.7619023807999,25697.238336790157,1.0551229790833647,29.925161007315417,0.4531582525196452,0.7873628358585663
2647,602.6819425039182,0.14908412280869043,0.00015883499164275254,81.59345937121228,228204.8492350959,66.69724001218047,25684.259485555107,1.2106603526010051,30.544807792025793,0.4532683679172983,0.037322342300583955
2648,602.7922857054634,0.1468624441312999,0.00015771084973257337,82.85195174271283,228306.29176779528,66.58553632345892,25671.288082203042,1.2380945859353543,30.4961229991824,0.45363230344555855,0.03727836203673718
2649,596.29070661144,0.15150010309537965,0.00015667680904310328,88.6091532760723,228413.48805624252,66.87110360313139,25658.324158434003,1.2178558885638884,29.715499585657167,0.4539543083662631,0.24343630417445894
2650,595.2802066263979,0.15056780656162894,0.00015553995809444428,86.76363578942014,228518.75155599814,66.54783866607183,25646.06617786687,1.2280618460009238,29.544184523810515,0.45389025262558114,0.04313804164954149
2651,590.472696441429,0.15228010861995533,0.0001544121216928046,89.58474577346308,228626.82403788433,66.63947933663273,25633.595119627018,1.225930425886258,28.515520742365442,0.4537289318020289,0.4235325591753778
2652,592.1176207754319,0.15010776990958474,0.00015329113951883784,88.64513148676633,228733.9032741233,66.61628780355016,25620.652208110198,1.2215967836544037,29.379031069726857,0.4530909001025976,0.033948961533695865
2653,587.9047016020337,0.15055777618002986,0.0001522010779807212,89.23267284075135,228841.60047862993,66.6868429472785,25607.747417959763,1.2343160570990865,28.935921685221633,0.4528932527837012,0.9766090831151786
2654,596.0470306184501,0.1437569710172789,0.00015111382761247354,85.40104543030023,228945.44953394347,66.57322720352796,25594.819315983255,1.2302834283976545,30.037819233802423,0.4525402861362158,0.978791401369655
2655,604.6082285714782,0.10763823948806128,0.00015020046106914846,79.07633373772757,229043.1730268569,66.5884566247962,25592.81953413015,1.227165707589682,30.623520989966288,0.4527448101923267,0.9757099390501338
2656,598.0925456502982,0.14278475394438073,0.00014967857678195346,85.16848711185216,229147.08345896198,66.58283616082721,25579.906262165892,1.2251347162833341,29.447464375617777,0.4532271321697047,0.036566784234885574
2657,603.2410394826112,0.13845015547306494,0.0001487933272904448,82.88661271080343,229248.6066709424,66.68311775889086,25567.48356793493,1.2268034428009562,28.652491318265497,0.45305607050364305,0.042220917103321653
2658,585.4967861924039,0.1487558501362647,0.00014795231323699756,86.70329042071472,229354.00271252866,66.73324359553276,25554.701607292063,1.224339106069305,28.13302609943543,0.45250034239622106,0.03763467363136641
2659,594.2269565723317,0.1415244227068836,0.00014701325768870288,86.19357171851647,229458.68278658498,66.79227374729669,25543.241322293856,1.225643606174106,29.488275600542238,0.45174808761970814,0.04324271770692434
2660,590.7430326007914,0.14511577287462563,0.0001461619236117694,82.5554778045217,229559.8381363084,66.69701397450378,25530.355430698397,1.230149591340541,29.2998509909945,0.4516985718920236,0.04684386960359177
2661,571.8029158809167,0.18248331360640735,0.00014527812355682432,92.81610189802177,229671.21098183247,66.75397063623292,25517.50998545931,1.2436359661351997,26.904714569075797,0.4515576442994544,0.04440540809699911
2662,569.0624710614493,0.19705826507728186,0.0001440027479113137,96.99718610375311,229786.48932468152,66.74973986281265,25504.63881030698,1.2362253596369022,27.017426788188793,0.45024668980942834,0.04731900074738604
2663,577.6792623789617,0.19961698414647122,0.00014254513619091813,103.14214351571997,229907.8261229153,66.79025723914476,25491.862412326394,1.2631944877837054,26.71135281864578,0.44905642522938805,0.49753414644012395
2664,580.7428007241197,0.19188126004134987,0.0001410729792658518,74.6980074715963,230000.7681170273,67.20227130573264,25481.043218980296,1.212879048427379,29.038874570773714,0.44780254361798427,0.044239103100757404
2665,570.7071656647418,0.20134722408855743,0.00013950927034433295,92.36807134006625,230111.32185618678,67.19722356416614,25468.19251855823,1.2492375404330942,27.875744398212383,0.44776103811745005,0.6700819095189487
2666,570.9400689306457,0.19853539291360311,0.0001378565443790252,104.13850822985094,230233.52880340442,67.15435838050051,25455.39576400496,1.2509325820202626,27.267569479800358,0.447184667016535,0.041270369224356784
2667,560.7564822029095,0.2023020056279995,0.00013624613463829218,104.92302231396476,230356.548524394,66.74181668545043,25442.576127620992,1.2484048798729646,28.05573159833408,0.44630479768825937,0.04199071031570156
2668,571.653255823461,0.19122833215679103,0.0001346089911407694,104.11766595135393,230478.67095565223,66.90570929067549,25429.79603225596,1.2474802318171272,28.75435477555918,0.4458572845301921,0.05068156222287712
2669,562.3267873002123,0.19484957968414096,0.00013308164128063096,105.06586672018412,230601.89437398288,66.89871585447877,25417.25263287559,1.2512937402682596,27.905321919451364,0.4457749761336236,0.04445581456586467
2670,580.333405698332,0.17917355133996538,0.00013153298057649306,100.93663529359014,230720.90991110157,66.6932685065704,25749.80982053529,1.2534676573711336,27.29003647540564,0.445280061526838,0.049332356015383994
2671,556.8792705389885,0.19330184892803992,0.00013016188797460243,105.95588514296367,230845.17716708884,66.89280578094689,25736.830546674944,1.249591493689758,27.670615816654134,0.44450570410997226,0.049818139651186755
2672,569.8608795385741,0.18392604590724648,0.00012864431565263624,104.74758987840039,230967.99364103575,66.86920281985596,25724.436340055767,1.2473149640045218,28.316846436195178,0.44395795488953815,0.049664773231874904
2673,574.9563279163133,0.17756575647553763,0.0001272171723716413,101.47847338881098,231087.77537313328,66.8875313629339,25711.454267269335,1.2578376743183854,28.31001380535956,0.44375639667008343,0.04774932139606136
2674,587.2701858859768,0.16463962279239985,0.00012589975343898867,100.89580469025697,231207.1087482443,66.85422399760188,25698.47912554795,1.2442043726399712,28.249242227841577,0.44356299394725357,0.04730108841613401
2675,595.2048464180384,0.1546585972319119,0.00012472969992686236,99.6583064183051,231325.46051647188,66.81720928915823,25685.511424264394,1.2405967937320623,28.32727737456005,0.4433501566668059,0.11498988263939935
2676,585.8146292495682,0.157312564817906,0.00012367484775838906,96.1215456581518,231440.42101068716,66.4132518265963,25419.97312617029,1.2481490406301687,27.168534271588413,0.4431910368595737,0.04829447233446871
2677,586.341004923592,0.15826025664092014,0.0001225997772938748,98.24498647370294,231557.4547834539,66.3906797404728,25407.158307590063,1.2574810938831602,27.805518508412952,0.4424370712201799,0.060540077489299904
2678,592.667814004367,0.1547842906217095,0.00012151927837923325,97.86742428705526,231674.06489119987,66.45906484895539,25394.368580192466,1.2558377913980816,28.856083417281184,0.4420353739766137,0.3286586496466768
2679,593.8601493527077,0.15358702834933602,0.00012047870567252564,100.08269358238985,231792.949795243,66.52651844534778,25381.76640830718,1.2524895110626377,28.768688313330678,0.44218657193681127,0.7040325320937555
2680,577.342218575627,0.1587364136182765,0.00011947302648700679,73.95085081704306,231885.74456682138,66.323445792758,25370.05255625222,1.1965307126479776,27.44704477578985,0.4423076624023288,0.04821190753091287
2681,589.6511322270214,0.1508464946170872,0.00011830153457818604,88.59846756215589,231993.03527834578,66.22240708359934,25357.26569693306,1.241159043370223,28.109444598771905,0.44173730514234394,0.04964571016548547
2682,601.2283953073942,0.14840271586548348,0.00011722225928419474,92.808752564988,232104.73128785435,66.17111265458692,25345.62877669259,1.2405525840399538,28.2885365903721,0.4415215730796829,1.2668603648192729
2683,590.7937510590294,0.15392723855077783,0.00011617564942327821,95.48058404012565,232219.1169998334,66.19988726806929,25334.851635809046,1.2498014329976892,28.01330730474377,0.4414740941143124,0.05185905288733039
2684,606.3346862244533,0.1372219168400144,0.00011507818836255878,93.15199583983085,232331.14168767494,66.1545027119208,25323.182913916462,1.2529699881052998,28.514389954860516,0.44122423173263076,0.7460601837685203
2685,593.7295237737845,0.15434043747302606,0.00011416728498591565,93.65660514655713,232443.97095013625,66.10999486817103,25313.235510334896,1.2570694935699194,28.110486580828702,0.4412737293924338,1.1583272485680567
2686,595.8994023395436,0.1487061148704606,0.00011315685205614931,91.57576395979473,232554.56278683184,66.13743271393781,25249.458255345464,1.2518451195171816,28.561554591750436,0.44114463912479923,0.9197679137921142
2687,597.1162949975231,0.14623740474558267,0.00011221442106947942,91.79938625128275,232665.46192016255,65.9543871669324,25237.481674437135,1.2583917554332633,29.462128181889742,0.44123251166555405,0.05234559920355508
2688,600.5604379689648,0.1433508800087352,0.00011157364486526378,89.00772602526985,232773.63423206535,65.94164863405237,25224.76488499021,1.2538970980532786,28.98064621702086,0.44170924022214314,0.050837362508481476
2689,592.6857670547014,0.14662831983460167,0.00011096400661542895,94.45134167584573,232887.29503513232,66.0029663259085,25213.537768299113,1.2484520698479151,27.73674900365855,0.44192620731236354,0.2757699451860205
2690,603.9901124921614,0.14121515397805184,0.00011032403788843146,92.44065529571887,232998.85974327242,66.00471166438125,25203.53530672559,1.2509158904754896,28.613763571490274,0.4415332521226288,0.869853806956101
2691,605.3316619689572,0.13818246342125284,0.00010974646550915121,91.44965281940165,233109.51326676446,66.00950589643602,25192.311342461046,1.2528540655818745,30.28690336459926,0.4416245792933916,0.1511668885819688
2692,597.9777234987769,0.1443718490471788,0.00010920551064830208,94.66290486124137,233223.40838005557,66.04002183645379,25180.600396907394,1.2475657328280565,29.169432427071687,0.4424959028919198,0.05176480659862648
2693,598.2977715809775,0.14019278475007346,0.00010860279793495234,90.71126181445788,233333.2391881971,65.91996474925774,25169.859570589004,1.254343676977256,29.35557292431817,0.4427676073965964,0.3850536394048589
2694,613.447649499243,0.12775786331552808,0.00010804914254334678,88.56468071759849,233440.9873545,65.9683608875522,25158.770111749327,1.2542579201335342,30.75097162556716,0.4431365626167351,0.053410699454587984
2695,606.760007695816,0.13802369200563835,0.00010763203449513262,93.9591539295788,233554.30614235153,66.04977560392369,25146.13263325082,1.2504931993693564,31.488038186440093,0.4441544242711577,0.05337680001925804
2696,607.1786530490574,0.11211696749523237,0.00010713297002968924,82.32719624363335,233655.82965771187,65.81517410975486,25133.849768155338,1.2607287832515774,32.52672775026,0.44548415107743755,0.05356754629627147
2697,608.3804873571094,0.12408717041627737,0.00010691371496270078,90.31930075158814,233765.48553472917,66.01317455359188,25123.705418658337,1.2500870420997499,30.634570754315234,0.44725831369107977,0.052295445020170916
2698,599.1394435982561,0.1346642351713876,0.00010656827358412976,91.54996033990062,233876.34906059428,65.98195470404643,25112.901622096015,1.2614949215602425,29.015459895249933,0.4480129233972093,0.05224339187434168
2699,597.340574946875,0.1352265708257614,0.00010611298823709084,75.55244989540259,233971.06755379474,65.99101011645018,25101.668362694712,1.2034091500384017,28.481456860999984,0.44793318989720754,0.052394184957506695
2700,600.0874622589886,0.13160790141817802,0.0001055390778807702,-245.19061823488053,233744.9643105202,65.97045614067223,25445.394553943315,1.2339660741810703,28.61355199832336,0.4475950374595307,0.05213341908665825
2701,608.1582972985668,0.12197925352855288,0.00010500838101738998,88.33145001483575,233852.4326612387,65.89000736393041,25434.029178702378,1.2531930654528811,29.917295284125487,0.447339446288686,1.950046863179324
2702,611.4302537934554,0.12162916483024344,0.00010455395199391206,91.88724854859782,233963.5824414893,65.90518540682038,25422.72129657829,1.2334284409219574,29.87714636960499,0.4478449258315013,0.6779454024011571
2703,616.7027723574471,0.11342269586110065,0.00010410833227338315,89.18984183836145,234072.020598077,65.9761878063127,25411.894073348023,1.2457461236561063,31.876893121618515,0.44823298042736576,0.7630006579064457
2704,606.4692252216124,0.11969706474833686,0.00010375370506030871,92.23304463225168,234183.6286068933,65.99423814364506,25399.999416363244,1.2469738421022736,30.287636038873302,0.44959146568765407,1.724261101147171
2705,606.5496185247146,0.11719375416958455,0.00010333865017919837,90.85566966700367,234293.72404108034,66.02904146499796,25387.27773472234,1.2392454850238657,32.41813170319021,0.4501530988514567,0.05281952568002879
2706,608.2334314193367,0.11782102665046423,0.00010295612887084192,87.38924000280687,234400.34125871435,66.10493981304161,25375.09101071203,1.2519851968121485,30.620988100278346,0.4516413184928292,1.3810672938797879
2707,603.867502240003,0.12615177378089093,0.00010258599603603342,90.29522892284143,234509.8775186497,66.07535418122347,25363.434703597068,1.2497012802079857,30.151121000727056,0.4522447885077891,0.0533642075859575
2708,617.35587167189,0.11387212804123481,0.00010212739511339454,87.30778169413159,234616.248238531,66.01104168582923,25292.34754021545,1.261612433957232,29.393597184734062,0.4525121518999992,0.05379614709239178
2709,615.6813529410492,0.11602185398426834,0.00010180434851293767,85.0458580052788,234720.5980828887,65.85935637969989,25272.77599193486,1.25738820358197,30.570861099701368,0.45239338666009016,0.05375407452764591
2710,607.9350655236134,0.12267357543366841,0.00010146059514604404,86.71457790154068,234826.5592654131,65.79481570575578,25260.533213111696,1.249050198980956,32.0362190067391,0.45286021904816853,0.053881819826386845
2711,618.4925258281789,0.11666760162834233,0.00010104912548192913,85.97737106904205,234931.71845655167,65.77262083032555,25247.66549030596,1.2425198671086068,32.62576970629451,0.4540248044958926,0.3865434985962324
2712,616.7091989467888,0.11733255581870106,0.00010070545438207326,87.12616778112681,235038.15117331216,65.75986591195071,25235.168774082093,1.238916991844954,31.414211455692897,0.45543953210737365,0.49168482573541894
2713,606.7227444586233,0.1225493898157336,0.0001003772488073878,89.25043659380819,235146.69830185696,65.88601614792833,25223.03725046824,1.246615937520912,31.936425740699633,0.45619292946854123,0.05523703943449476
2714,618.1186852839855,0.11603584388458044,9.99956344407633e-05,89.45134294112796,235255.32451619644,65.89200615792052,25210.190624514653,1.2458714119653902,32.13753676733898,0.4571403611092771,0.054219002869018595
2715,625.5421529930434,0.11142267859592192,9.968669164340567e-05,86.90620991438533,235361.54566607904,65.77913428370833,25197.376640961713,1.245077503032373,33.26709326312016,0.4581396275298277,0.054524193464899895
2716,618.96350633797,0.115992961837734,9.94347791925849e-05,87.6153778038491,235468.54423994728,65.76024178244593,25184.562343274498,1.2386057584167272,31.81773445995764,0.4596443783558673,0.05459957513942726
2717,610.4319496075249,0.12024555120303226,9.913648472416512e-05,88.83760822330251,235576.6865252024,65.79323875612636,25171.755441594516,1.2394388798133988,31.782937616257488,0.46036019090067587,0.05451088902743351
2718,605.0091096443941,0.12173735283052267,9.880033104662501e-05,85.4869497379637,235681.35766398735,65.75332800973455,25159.13858254871,1.2455243147624158,31.087736059796864,0.4610229596057679,0.054673347524179405
2719,615.6568175861854,0.11628664037833791,9.845248178477188e-05,39.082141943889894,235739.5420276142,65.77749198451392,25146.34601022738,1.1601252533832027,33.1963955658936,0.46131026963828803,0.054739395827070325
2720,618.3593248583423,0.12385733915501473,9.80290717275924e-05,47.51656452662283,235806.23231833347,65.85713387015915,25109.17885942697,1.1720591573635222,31.132062379750025,0.4626207823778089,0.05438482539315004
2721,602.9453280421014,0.1434832479729935,9.75299825032933e-05,72.13239706270528,235897.5090634303,65.98129589374949,25096.40907697125,1.2121556749635691,31.179424602583232,0.4628496637514818,0.055715979631393964
2722,607.1500582533641,0.1450032973500165,9.682164149943887e-05,77.33387423445132,235993.74306147033,66.03975377852056,25083.663691320544,1.2191322735345425,32.435397316530754,0.4629057940565571,0.0544627997443925
2723,593.3304110356463,0.1554682299209229,9.609965227289038e-05,80.6384454966844,236093.26581312277,66.07866035626935,25070.90861001408,1.2277689277773391,31.240696629289495,0.4639456866687531,0.05490890474227683
2724,607.9802008130888,0.13959031313850567,9.526850428188988e-05,86.86762022625908,236198.84077613492,66.12479061484179,25058.135776113853,1.2236874388631798,32.028446503949255,0.4641612024557337,0.05468190547486529
2725,623.3006916323756,0.1248870206012006,9.461164462124456e-05,86.11409054672947,236303.87584065113,66.095030688189,25045.395402377344,1.2139941041244717,32.43038909640147,0.4647536282816315,0.5090147888465921
2726,612.9834441744388,0.13091262919968505,9.411408971197658e-05,87.86783244420565,236410.84603401646,66.1824880136451,25032.654838236336,1.2266251015092726,31.969560398023148,0.4655391965887693,0.05533773798144637
2727,618.9915154140275,0.12674026090547452,9.355274219038683e-05,88.29899984079063,236518.12676936912,66.10951714763952,25019.90426427611,1.2256012705063388,31.81601537410884,0.4660328589211426,0.0553996280921325
2728,617.7195200514894,0.12632277172989748,9.303688081648947e-05,83.44140414762197,236620.59894797258,66.03022965310564,25007.201668916143,1.224608243487932,31.170157839547926,0.4664260611549103,0.6228963914242556
2729,610.437878161849,0.13100690827199046,9.252792583554215e-05,88.55103685770908,236728.16535824747,66.25605091630709,24994.757218116174,1.2197050932675173,31.253555000624388,0.46651347414275174,0.05619003396235911
2730,607.0859543976106,0.13236365118570137,9.19801815817723e-05,89.31692704146141,236836.42180065394,66.16500912200244,25142.482870501706,1.2142983618504795,30.4489540900021,0.4665765217438042,0.05557145981521927
2731,614.6904515931839,0.12677630070847545,9.142332003631915e-05,89.51091865574932,236944.81627362338,66.232967661066,25129.800906570712,1.2277041677955511,31.152381544827193,0.46624073888314993,0.506138149449292
2732,621.1454374582468,0.1205447567123289,9.093104553896567e-05,86.44058730628834,237050.20825655037,66.22749537505811,25116.99775101532,1.2270896170400456,31.740497769380106,0.4662935167957453,0.055700666210867666
2733,615.5441343799403,0.12429668312086539,9.053550093342054e-05,89.75803746572919,237159.0388943043,66.11816967930534,25104.201982958886,1.2280264929058244,30.94528592764395,0.46660740065948053,0.0553901854663863
2734,627.591915849044,0.11649101484548496,9.012789099346484e-05,88.07139763375213,237266.1098400565,66.12111103720301,25091.43856609937,1.2223343341480006,30.8421064652883,0.46651429377175896,0.05638738628594808
2735,624.0083826093587,0.11498105675057901,8.979964670370976e-05,89.36800314704755,237374.60715834147,66.42588783503548,25078.696777180165,1.2203657998442956,32.7620136438576,0.46637467483234935,0.29414944700669565
2736,604.8558136246035,0.12783152778562334,8.947952964572584e-05,92.42904332259809,237486.12054551844,66.53126269545994,25065.922927379845,1.2181608219133413,30.825984534132164,0.4672004057592699,0.0559448093496826
2737,616.6469395893106,0.12025008416383809,8.900705870945013e-05,89.10913369837533,237594.05237920632,66.59907524721484,25053.173765091207,1.2215682849144676,31.582242328194894,0.4670184009938212,0.05603664056597779
2738,606.2355675035545,0.128023446333406,8.860571531078662e-05,90.54983898416583,237703.5632080443,66.48919075256545,25016.445478106667,1.217378626050951,30.800482096172253,0.4672463582160793,0.056583375597071495
2739,609.9196157528165,0.12417176409198305,8.812388639404857e-05,81.24619625703494,237803.61707670713,66.29521576254542,25003.693832716537,1.2344011468978788,30.858999254502248,0.4670778892002071,0.056182806595280965
2740,609.3370292556782,0.11990126504937992,8.789615682499772e-05,81.98234446855568,237905.0352686206,66.31999344210575,24990.966725145,1.2443155482378132,31.67923992775534,0.46694687157536846,0.05621121781722849
2741,617.4856584945886,0.1252288729868024,8.771405732640253e-05,33.40574418709616,237957.842691317,66.1824617447102,24978.24699088656,1.1369457040314603,31.654749274773522,0.4672260546037893,0.05589717497499436
2742,621.3342928608494,0.13389885431761772,8.738382057653482e-05,67.82468242638316,238045.08099756727,66.53774616087857,24965.55938370289,1.194142198039658,31.654036340836313,0.46747923460501384,0.055887202274675474
2743,605.9224658313693,0.14660888191338783,8.685750401343282e-05,82.91867919719186,238147.36955036406,66.54973439396227,24952.966913929307,1.2201737047809584,30.879464482128846,0.4677192852051053,0.05593303625994395
2744,617.5146574700692,0.13605748676664864,8.617804724629761e-05,82.58052842596621,238249.08029676953,66.55498576296701,24940.402128859685,1.2194754922250517,31.68968821266943,0.4675660460878718,0.05607869349791628
2745,619.5866569012218,0.13422813045107695,8.561730737570218e-05,83.21563528723169,238351.54744980152,66.5141071468628,24927.844078605176,1.2134147753677567,31.74225549109658,0.4678191354189926,0.05613055442626802
2746,618.9463251015985,0.1359262315131463,8.507891221911732e-05,88.90698745954657,238459.70549816923,66.43413254981087,24916.96772980918,1.2234139301946192,30.062305529398444,0.4680852838418101,1.1198414326160488
2747,627.5760985324865,0.1271884543131092,8.452975947718014e-05,85.58290264445756,238564.48962323507,66.42673833252762,24908.912656837812,1.2227546876802184,31.25156850981879,0.46757085554811745,0.056295456281738154
2748,632.8238840202316,0.12431092550356193,8.418367779081812e-05,90.06889240020965,238673.98363039352,66.64383800875986,24899.140792466904,1.2292739210914516,32.02931458809025,0.46760774406055955,0.056362379985841926
2749,632.5539847801739,0.12625179144688692,8.373025771707413e-05,91.68545607586631,238784.98552944444,66.6390811243359,24888.40378344821,1.227514616089477,32.11449104488473,0.4680254289665555,0.05654197560897245
2750,625.8588856844399,0.1313144051375661,8.32611675215151e-05,93.2501442080451,238897.53519721798,66.57433537309007,24877.73446276103,1.2295201250306795,30.08769028134689,0.4684638620464987,0.05579542535684112
2751,621.721680187055,0.13425732751414976,8.27421284054739e-05,87.97822088890732,239004.70634579213,66.47729450286867,24866.950661622242,1.2306910163061695,31.06303386822754,0.4678831507222987,0.0564191865230228
2752,639.1912181680591,0.11180022679932322,8.219919506067553e-05,85.34829020612978,239109.17735091381,66.31999544234438,24872.728623783925,1.220004105388679,32.98668157296103,0.4678113556431817,0.7477118314817801
2753,636.6988793213719,0.10374741236158425,8.244965544663204e-05,83.20504781710301,239212.16670736083,66.14389223388878,24871.05987870742,1.2192525808506582,32.85561376296197,0.4687287691034804,0.05657164130830239
2754,638.1390448900818,0.10748170861842199,8.279662153912062e-05,83.74305390601234,239315.84832484435,66.21716613024219,24870.5280874649,1.2293660461374454,32.93934595466217,0.4694961539777199,0.05663482744199655
2755,650.4323166670512,0.09875251067906432,8.310047536875261e-05,79.86592965614446,239415.60830329746,66.27254827175798,24868.147797927068,1.216379887286074,33.837638911789526,0.47026596818607896,0.05663360172577825
2756,653.6799994794617,0.09380344778354577,8.349339918730282e-05,78.85631529807588,239514.4734128617,66.21457099281338,24869.72468619148,1.2144525229936967,33.959348658875385,0.471438923109514,0.26084984048752347
2757,650.7554737960326,0.10173240812180173,8.393689111652549e-05,83.83768512205287,239618.3326933858,66.31069118062736,24872.486091292514,1.232758898350698,33.27774130224281,0.4726238800625019,0.05673920412905176
2758,653.2032475378277,0.09901499246902501,8.429482683034812e-05,51.847776383248686,239690.09773814798,66.18801446622581,24867.443820350236,1.203769892095975,33.610947440998366,0.4734021506301051,0.4315883248484411
2759,648.4102192235196,0.11858746474409587,8.459411943620936e-05,72.59216573023107,239782.60221911216,66.36486775107987,24858.193419653366,1.1985781641808224,33.080255549969955,0.4743260241897432,0.05678944712720124
2760,640.8276889042518,0.13173585781882324,8.468420433167275e-05,77.82603170919728,239880.02073013718,66.26731186084778,25035.061426070974,1.2184927676250041,33.36265822940135,0.4749209218942517,0.056920678889561316
2761,640.7827426775473,0.13179156884789212,8.463786287935537e-05,79.14182991696612,239978.36365284183,66.36808339344925,25022.262894664877,1.202263775300406,33.22231044777239,0.4756245670946008,0.05629506318010158
2762,641.378941945418,0.13200366694794718,8.442324541255013e-05,81.38605616588688,240078.74892785633,66.17876483893862,25010.004483455992,1.1956403947827232,32.57045526510496,0.4762237705441776,0.05638527164963136
2763,641.7181726712716,0.13251893258639702,8.421998721832289e-05,80.95665996678662,240178.72612000763,66.32696908225715,24997.3221003986,1.2012050822675926,33.30854977787617,0.47647177640343436,0.0563965730878877
2764,641.7941157818489,0.13390256650630306,8.401816731819887e-05,80.47167642293135,240278.19712803655,66.33925547063022,24984.545049575354,1.2110501280780388,33.34679888009694,0.47707027320275547,0.05688944989450562
2765,642.3436114338922,0.13453799158412105,8.380788561800468e-05,85.42511094664076,240382.61264220814,66.29582880204799,24973.668286993725,1.1951710702309055,32.505420080033176,0.4776569964396795,0.05691918739971413
2766,644.3398474940303,0.13096353388672233,8.359453385238726e-05,42.51828181303114,240444.1439990484,66.30823461469437,24961.10092338575,1.1315402811725779,32.77144012079059,0.47779989139654455,0.4897508061815756
2767,641.6632347680081,0.13907527686102084,8.328581263570912e-05,62.68065345662495,240525.84893046954,66.23859938938872,24948.826809510065,1.1583492810289195,31.540322496355333,0.4780907380341711,0.05656700520530933
2768,635.3414603255344,0.14258903112215982,8.289655769771487e-05,82.7057092036915,240627.45056083612,66.49384275995311,24947.97757262619,1.1948298584378776,31.610692315244357,0.4777364957476084,0.05708953337811096
2769,628.7574255806965,0.1495507384216178,8.247461540819264e-05,85.10885284297245,240731.37720401047,66.37109446395422,24957.40914832808,1.1842352846465953,31.543796397911116,0.4774342940561462,0.05713591723515776
2770,634.6187177829,0.1423044946427493,8.198230703986088e-05,85.75882236982937,240835.87330739445,66.37905770569611,24941.14390349454,1.2044741328374038,32.33501173750602,0.47711417932711786,0.05726369951646859
2771,643.3482614468616,0.13659288135314107,8.157133681391389e-05,58.112743475131026,240912.78405076946,66.36622450794476,24936.093645891622,1.1108507469037,33.32090884566191,0.47719927751932895,0.057324500769688314
2772,647.0464922367545,0.12405668603496989,8.10105194544382e-05,82.23960066557265,241013.8453655357,66.51418392616648,24948.49282563873,1.1813295898920282,32.928669255397296,0.4757266573570239,0.05736223286743325
2773,643.6589037936208,0.13873072524547303,8.0587453059814e-05,86.99914655086138,241119.80306004905,66.57492782917261,24935.88454148506,1.1764362362702905,33.40366846222782,0.4782108483948869,0.056971823301729785
2774,634.3650454699064,0.14282350318603343,8.000932044357956e-05,93.20654052641856,241231.807567899,66.47587574905941,24924.254269397145,1.1756128544330262,31.604057008240094,0.4787660410262789,0.0573503488655831
2775,639.2520004176481,0.1394532387340579,7.939359708619845e-05,89.62693155705503,241340.11791939125,66.27066372956213,24913.857519757155,1.1681270733922635,31.600272875430875,0.4784073090488614,0.05746282809646175
2776,639.8995114684503,0.13797898619341675,7.882012911056388e-05,89.58914345237582,241448.4435855778,66.414791913773,24901.583955501435,1.1785337913507323,32.9937721180059,0.4780645249554893,0.0570862994789465
2777,638.7973822303093,0.13852619174835223,7.827112662701178e-05,90.06138988758835,241557.24530525683,66.3607355977682,24890.145246224038,1.176510293546181,32.680449392244455,0.4774023220103269,1.0371571865378826
2778,643.0478049243093,0.13470031549967243,7.772264751613754e-05,89.55324906374261,241665.51390720694,66.26565625061235,24879.036268774533,1.1765763359178154,33.069305247699354,0.47871831936359444,0.05751071113299844
2779,643.2587116093508,0.13069871363902208,7.72207588353001e-05,89.05381535744937,241773.34927391523,66.2482779405565,24866.371126683465,1.1760824001094519,33.622260626081584,0.47908186560308524,0.0574912616520038
2780,643.0649212923421,0.1286312401599411,7.673572141178893e-05,92.86245320427142,241885.00374787737,66.52135593169878,24855.404250298274,1.1751486975496312,32.142279784589746,0.4796989488560997,0.7051086825864488
2781,628.9771508535945,0.13955528203661416,7.628924223360561e-05,92.61022443339348,241996.50053061053,66.36934747722187,24845.711089727094,1.1717727967103644,32.824092488993536,0.47959272784342627,0.057532796174449174
2782,641.7116737808869,0.12944272384537503,7.573831410072733e-05,89.54587601919175,242104.66300459235,66.32888774403055,24834.685600912508,1.1868326266221367,32.33873405198818,0.4797906675503881,0.4892472836234347
2783,620.7238417387964,0.14428769181847623,7.530798241600424e-05,95.54276341261314,242218.97944549564,66.46146764200074,24822.141347116707,1.1749434993715548,31.953499205374584,0.47976375007124195,0.0576349878111202
2784,631.0406309227576,0.13621824518153414,7.472118736856872e-05,95.55306387119421,242333.0954081034,66.61181148992064,24809.604545180726,1.1738516640574068,31.783176888693877,0.4795240538923117,0.2345403709277818
2785,632.617673464241,0.15040121120088634,7.422473498552307e-05,87.99046666833001,242439.75562747507,66.52225151204067,24797.07489833166,1.1734523682693356,30.955837953456662,0.4792223329445762,0.05735798648311885
2786,632.4634717207132,0.13647774536613377,7.357528774779938e-05,93.98397835399189,242552.27182157087,66.50114453867687,24784.55230579578,1.1747681791428668,29.981062944003295,0.4785186253936889,0.057639062579156075
2787,619.7462356890369,0.15374105351644096,7.30795336001835e-05,94.68396301394168,242665.5882649058,66.49063805219859,24772.080657813494,1.1832936259974811,30.028493429253434,0.47737039591929287,0.05740772371004965
2788,610.4741071189146,0.1704949261773906,7.240204231493368e-05,98.632343853468,242782.73808223585,66.40418365535076,24760.644735388345,1.174469230964197,29.82373767635813,0.47630329936994387,0.05744217652002703
2789,636.5403142368892,0.14405086636579623,7.155362561337282e-05,95.2580304465514,242896.3654128427,66.5664028074547,24749.513744148444,1.170188380443327,29.723791523178416,0.47521776272301236,0.05767540877193511
2790,628.0114864247082,0.15706548979511292,7.103662415230429e-05,97.69789212825702,243012.74587735685,66.50693216778627,25297.01549379193,1.1638093987341342,30.817635802593482,0.4740801129993251,0.057752921711866634
2791,614.6041387875052,0.16541913548275478,7.027639554646573e-05,95.21204739737061,243126.3132771463,66.42968596480414,25284.06267417941,1.1705728790891046,30.137723694029635,0.4735379061081894,0.05771618223053565
2792,619.6276979721792,0.12394083303887782,6.956933795959362e-05,53.70451895626539,243198.23753292434,66.0224308722851,25271.272315380116,1.1698254273794801,35.28333249041473,0.47214010298610115,0.545008118921892
2793,632.9762158460746,0.1340300154509686,6.910989910637311e-05,88.30492331196794,243305.30756461553,66.41742723099989,25258.39686382475,1.1755484314817541,34.34969740973056,0.47446831115767546,0.057515564862484325
2794,626.6465219858942,0.13790333649425524,6.875022756302384e-05,54.71246863614681,243378.68761772648,66.07973939708215,25245.405237082578,1.1777840118849832,32.308432523616716,0.47564423643306897,0.05774153121231507
2795,634.7517499171499,0.12270769869798104,6.820073908601112e-05,86.31100081055067,243483.61681620908,66.2521527444706,25232.74743751074,1.1811605717469804,31.621836623980784,0.4743621617145012,0.05743084118507369
2796,637.9254126795902,0.11988813078885552,6.796281984584762e-05,48.29111892896475,243550.79509885056,65.97591986387228,25220.339758395156,1.1637537859964937,34.826329428547254,0.4733605262875709,0.057723070694123635
2797,635.2802020594829,0.11922666991054198,6.760722267503438e-05,81.45625369095464,243651.25241718214,66.10072593250041,25192.28016752222,1.168812139834194,32.84459253334359,0.4770591584245524,0.05761464692213991
2798,649.735399344706,0.10417711874560753,6.744877217728145e-05,48.00760806797584,243718.2314950929,65.82835851187878,25179.672020932463,1.1616725793183205,38.32527863349059,0.47736323583008183,0.057673683007138266
2799,659.9374179922951,0.08825492488936548,6.727009767655043e-05,53.42021481550492,243790.77570727761,65.83008317460269,25167.702532318883,1.1748786431623521,35.26370444330478,0.4774099197588914,0.057644147677223145
2800,657.8592181385357,0.09635234153933114,6.721582410023212e-05,82.92516841675842,243893.06327423567,65.96410324690875,25155.5934168934,1.1655281105177169,33.33045946442132,0.4797695123232582,0.05743451481168904
2801,664.5978744476661,0.08061323626106143,6.7374623213323e-05,44.31787505920869,243956.66096868616,65.75085132586217,25143.19965843456,1.1782677703992446,35.31417219690298,0.4791537066336478,0.0574412300687257
2802,662.8977725210888,0.08223446880280372,6.739836269643802e-05,42.86230141707776,244019.0800823465,65.65030677309207,25131.44867947043,1.175028567617992,35.104119432428625,0.4811077512658979,0.3931392336922599
2803,660.6480061531299,0.08740969247794861,6.746220917492076e-05,46.39502034585635,244085.11464076312,65.65198283057515,25119.881536569224,1.1763856631138214,34.8446090168741,0.4806038503514649,0.2872651729083415
2804,630.6718563346012,0.11027126580659263,6.746958933204982e-05,56.84044666604888,244161.5314378367,65.92288924666207,25108.543069821884,1.188009106351695,35.18635488893254,0.4736047492262603,1.2451175440331639
2805,638.7727066881004,0.10609766557749767,6.723288831523284e-05,83.83032534011838,244264.55058895377,66.14754024066549,25096.046869315218,1.1639359721337956,33.91797519971908,0.47347789805568774,1.0906640389284945
2806,643.819853337233,0.0838625299016772,6.732899139337136e-05,43.209773468503215,244327.15424927868,65.77148780818203,25085.34163598004,1.179285144221499,37.23998333527954,0.47442486955662383,0.3780303460616139
2807,637.2534091919641,0.09123358595374775,6.730336039271735e-05,79.5473336601647,244426.36466407683,66.0107463292839,25076.581463519604,1.1749436099361927,35.74808033519477,0.4773434595994769,1.815829529143862
2808,642.2262796521588,0.08061396684433242,6.760269841273026e-05,46.257125295409,244492.1590266015,65.63264617816341,25069.36395203735,1.1891532895237638,36.79358686906024,0.49315856772714783,2.6836364306057376
2809,642.4873524731559,0.07517207194928532,6.762384663525448e-05,73.2347668512837,244584.9855936794,65.88700912466783,25062.939988246217,1.1786793449591724,35.46306903591374,0.4916477218791982,0.05780615067594397
2810,655.1084625710903,0.060533341313307676,6.813770612979697e-05,43.92675834982151,244648.74298668717,65.64598611789677,25056.925856470283,1.1808593146350246,37.03398572946017,0.4916976453560195,1.2542247951785512
2811,651.7797992094038,0.05835123960721633,6.835409541895989e-05,72.17025905560894,244741.0326740818,65.86863522629838,25049.92877563768,1.1618359061084238,33.88793690589965,0.49727808334921003,1.2998982097557246
2812,652.6541485944648,0.051067018485904225,6.905628001488484e-05,47.57347248217448,244808.9215303092,65.63905933891608,25043.182572158876,1.174323639565608,36.04752992255754,0.4935149707996632,1.9452918266044819
2813,650.3231549091967,0.05156169849326386,6.94297693038717e-05,28.918576223185482,244858.4855403314,65.59674765135156,25035.381460485347,1.191445824458589,36.79904682073872,0.49701737515265987,1.9376457386058306
2814,659.229394373023,0.04343331691720442,6.974477870806823e-05,67.97786185026621,244947.1684173352,65.83891546098745,25028.001455335856,1.1774706963685866,35.723538803581576,0.49897015985578697,5.1529565138405005
2815,659.6407812606017,0.04380813279601792,7.062398290207643e-05,36.514716568138425,245004.8065639658,65.68634260739735,25017.523341084205,1.18610295674168,39.98024754688173,0.4987956134297803,1.9271769143619153
2816,664.611323023012,0.047034956984357335,7.099872894974955e-05,72.91756596404161,245098.24205723446,66.1210592343246,25007.045159090143,1.1661101183217002,38.095877872766295,0.49901020571403515,1.920174508505582
2817,665.5383982629247,0.04049486535639668,7.185646568990966e-05,38.094679063892414,245156.77563872558,65.86376258169933,24996.43817822216,1.1894627383471974,38.50679427037592,0.5001045679655634,1.886714545953815
2818,662.9561770743744,0.05044844907023538,7.229495018738178e-05,49.09719059461972,245226.20481866985,66.05306787957291,24987.432591315068,1.1916175719954487,38.6766042156998,0.4964611503503945,0.05787805763606002
2819,667.5144009885327,0.053629458664242846,7.435594199763647e-05,40.12969879171328,245286.48360013624,66.01726596470962,24974.95647281283,1.1042878830695437,38.79406137966952,0.48435086863493154,1.8834547184117199
2820,666.8269835791552,0.051318745609362226,7.669387455347388e-05,40.97306561116591,245347.61902834245,65.87160368423736,25205.714692412825,1.1917178678044837,40.810393123809845,0.48246196124434,1.558470498661002
2821,672.1827919902317,0.041629065318004144,7.85740843979139e-05,65.8876049293647,245433.79238101494,66.00092766148049,25196.58961113237,1.1711114934434397,38.40571066693804,0.48630000485860786,1.5087017718161562
2822,677.2157337261737,0.03391636181244706,8.154450210149763e-05,20.600290595314846,245474.91069610647,65.743909857508,25186.84770185456,1.1911961784531433,40.34049502237543,0.4863122444212474,0.05792064932325758
2823,677.9352277497358,0.02354741238124569,8.361976459634892e-05,20.058843400841,245515.59789588396,65.73942683055392,25177.080031311307,1.1993564326419364,41.00624600916408,0.49419613318144096,1.7759716116729933
2824,671.9321241004187,0.03643445527805245,8.585018425298746e-05,59.80172633170997,245596.45637338219,65.9001466825311,25165.188407533395,1.1825327566664823,38.23314149761532,0.49618955209642845,1.6225128858503908
2825,681.0636946999315,0.037901551642267384,8.928206704791693e-05,35.09627523139309,245652.45969822948,65.74511822711445,25153.54454311491,1.1953086379362097,40.898184094828174,0.4976010129133955,0.057957506214641796
2826,677.1823811203867,0.04218229054767042,9.117215207510902e-05,32.37456427332299,245705.59416870214,65.78976827231045,25141.261847619422,1.1931686597595836,40.17439219828407,0.49988661552053987,1.7324034599102944
2827,684.1301171903718,0.03829796509511052,9.299848849684593e-05,53.406410850772374,245779.65814345377,65.9351629428161,25128.67268892717,1.1543619218893455,39.259869720242364,0.4998991449996466,1.8349761707951515
2828,677.4563783237096,0.04551604673997334,9.65581552634157e-05,33.567025840883986,245833.9723735058,65.74527588880598,25116.711739822502,1.1951616206011293,40.40566568023714,0.49393691717636906,1.6201308149724483
2829,684.1176686078173,0.03262881298527576,9.831068218422355e-05,28.655998670282344,245883.09698904364,65.74106605200014,25112.384618446617,1.2149885443274346,41.493477263034755,0.5011863044655519,1.333935193210543
2830,683.696157888897,0.03589253338604592,0.00010017666731653373,62.74589890067779,245966.7448288294,65.89811635338197,25139.033429567102,1.169164089555439,39.57447716611998,0.5039060947139382,1.4944641536875025
2831,687.3544040564901,0.029205373382230282,0.00010425360473084756,20.287035983783937,246007.90226794296,65.70531312799298,25133.943747397923,1.2189402755562113,41.359618237303486,0.49618222619490054,1.7481692603765069
2832,688.1534774792577,0.02793588505112876,0.00010611928574138359,60.75173076706031,246089.73082100318,66.2870845628355,25124.581850922656,1.1765120241749958,39.04316892945066,0.5005718685272463,0.40890838158725273
2833,688.123516114769,0.03254377586602719,0.00010798796551605641,35.14729632256663,246145.904239507,66.11899022356991,25112.070659469682,1.2112715587523541,40.99149548181218,0.49940462838220395,0.05801348586271615
2834,689.202781756753,0.030318660390797114,0.00010977341884737061,36.680898499643945,246203.6859233901,66.14165101460048,25100.352475391755,1.2162354694854032,41.23328704427999,0.49941709335745116,0.057926320439783296
2835,695.9570726726434,0.023658082575867545,0.0001115655121575569,33.69650263330135,246258.4134019191,66.17129610037159,25088.328054252466,1.2177862722637711,41.9889202160743,0.4912212973112224,0.16406603124565322
2836,697.3494730671345,0.01962749624809379,0.00011341248829912025,37.97230563093396,246317.6756267376,66.22991166749705,25075.740217787697,1.2237527920413325,42.02111637091754,0.501298434513564,2.047644561048955
2837,695.8797279881962,0.023394548833511553,0.00011528257592558859,67.88500802159814,246406.97320354567,66.36173483151235,25063.159531859863,1.1686821624594204,39.77161019535806,0.5022396007365748,1.5296474093368388
2838,701.516735651939,0.015331745847792844,0.00011701157296551632,43.298091944672564,246454.2636218885,66.35847630329631,25051.42416148229,1.2245178604924902,41.934285614706475,0.5022518556115299,1.4890575103085126
2839,698.7703194940358,0.016556907358245443,0.00011890025909597502,77.30541641416579,246535.5645400841,66.5465242965198,25038.8574550219,1.1738422630533587,39.69817410638485,0.5095914815332534,1.3536761810750448
2840,701.0866793222962,0.01284717562331883,0.00012075528946584493,42.448450630618,246582.01126347744,66.37242537303541,25026.368644973278,1.2256870304213465,41.883216841213134,0.5096232770728958,1.1962213917233555
2841,698.3048334049884,0.013886701194463003,0.0001226354429458669,70.96887295033758,246656.98164181612,66.59335957953712,25014.088376067302,1.1797438442344765,39.65350554771174,0.5096840460194862,1.1991066353249877
2842,701.9524648635128,0.005193743830340547,0.00012700069522695475,42.71137295375135,246703.69731588004,66.40044334873089,25002.113253298416,1.2170724382034432,41.73571105369526,0.5177511779559812,1.0112137740630232
2843,696.6637018644238,0.011351107719660747,0.00012887026908917673,70.42935082733317,246778.13570134674,66.59079353016918,24989.936431478116,1.1860872219389007,39.03551322962509,0.5177800274875889,0.05805141053031804
2844,698.7575520595085,0.00905989326951473,0.0001306566388091609,44.67174046151544,246826.81930028493,66.3924490904547,24977.699289719934,1.2186177759533685,40.903070573643504,0.5177824187520091,0.05807675396483347
2845,703.355809164768,0.008353046141502785,0.00013246838138632967,66.55234931697038,246897.38660374994,66.53907853614407,24965.685058634208,1.1795893636623072,38.740210839867224,0.5416625238426741,0.05806371896002105
2846,700.1324200382529,0.008044080564643674,0.00013427037347379066,44.601878473666176,246946.006217202,66.41179420841273,24953.28180092582,1.2274274013010686,40.56990546308109,0.5396432124345016,0.058009160041123664
2847,702.1541934740096,0.008829383039626992,0.000136069217407291,51.028580384925874,247001.05566801416,66.73582949607847,24940.61556594296,1.1404715018426372,38.43051623072258,0.5415641210575021,0.05801682745321557
2848,708.5874920427705,0.0005843588253636733,0.00013771836850905755,39.78898852103879,247047.1083780305,66.47230264433745,24928.40335159997,1.2191443099790433,40.82075103249498,0.5466385321707187,1.4371691916906215
2849,709.6842780405517,0.004201666839310336,0.00013944150821128883,67.80149341462851,247122.1003058457,66.60277706463197,24916.09917473408,1.1791036002628807,38.42494697491902,0.5524950228113067,1.333955526318647
2850,714.798419891401,0.0007857454338576764,0.00014110979951044122,37.171151617758994,247169.2252618636,66.4537305010402,25277.41695164108,1.219402573985294,40.257006469841,0.5537498466934004,0.05811182169132678
2851,711.6871966225912,0.007226522893986842,0.00014279892372678492,63.054247723864876,247242.92380021,66.62055527090644,25266.0643720239,1.1803625283018426,38.11861790289791,0.5551588507911202,0.3520530550469232
2852,719.3351710865923,0.002793431823942427,0.00014440342792876293,33.57344859041555,247290.45031677152,66.43988045758256,25253.340633576423,1.2220912022381636,40.11826586363344,0.5508761377711777,1.3383553303522717
2853,716.6761361430918,0.0010151665384057207,0.00014609394268814702,67.41661386705903,247368.62994142945,66.67865486420732,25240.712601166742,1.1834401275833537,38.36110755622533,0.5499008244605469,1.2639746510978256
2854,718.2980870070669,0.0,0.00014778718669043807,37.17983985371663,247413.3416125856,66.41298651456,25227.889364108687,1.2257693541387593,40.36999922040018,0.5503711969301431,1.2190868974832085
2855,724.351112096147,0.0,0.0001495335320502728,66.45294216495773,247488.57513723307,66.66615797473987,25215.338741088064,1.1920846633969127,38.13947678151418,0.5463762944640267,0.058131696866553284
2856,722.3667026418746,0.0008338023527679761,0.00015126316313021328,41.623743999879764,247544.3959848347,66.438778150881,25202.530159164762,1.2272920228913482,40.19892784207123,0.5448840626956477,1.2938675776081539
2857,719.1551990038735,0.0023012241305334635,0.00015294737383814646,65.20775114764785,247620.91627137578,66.68484354045567,25190.46347839441,1.1773288107963564,38.13143717166564,0.5400980122643991,0.31401672825290206
2858,718.5180917384292,0.004793516035439316,0.00015459978012841489,36.95108811898197,247669.7710617975,66.41932194935785,25178.28802811968,1.2255425059484566,40.218501485213274,0.5377518470147653,0.2203132855587171
2859,719.8100113530011,0.003276218465707248,0.00015616213781938042,38.357395115597086,247721.85588734143,66.4613181218507,25165.500483298143,1.2336807721843275,40.40456157693786,0.5337571222047165,0.1284222867118956
2860,716.9926903278035,0.01346940458780288,0.00015777732710912823,73.25839598851314,247808.94782139006,66.62396587275924,25152.72032529135,1.1814770668801051,38.24536580777574,0.523579770445966,0.05816425516989909
2861,717.587862078412,0.012369980540676617,0.00015921907905922878,40.354250839567584,247862.345170493,66.42543200079207,25139.94741943556,1.228646291716656,40.332496673600765,0.5204400804968266,0.0581594392527407
2862,716.2071804660236,0.01534774777673753,0.00016070643939569424,63.908388088125065,247938.37545086152,66.56042049303933,25127.182210076106,1.1930845234020746,38.492775180668524,0.514058170026701,0.24934448233992157
2863,711.9953210744756,0.02054969838619025,0.00016210685178744187,45.37321785855954,247997.98972116885,66.47532282182503,25114.42419059701,1.224744924227699,40.10912127615631,0.5114526966937388,0.2581106848708288
2864,710.3610711840755,0.02619887509397556,0.000163476940821444,68.13240018060858,248076.5541719799,66.70646709025776,25101.67366286734,1.1938680013222704,38.03202937563182,0.5098820486756711,1.4956245917474646
2865,709.8339734867969,0.026603311848628852,0.00016477316056180984,46.01621269707206,248135.5267325659,66.47678657726415,25088.930433483503,1.2289334689824634,40.00532518178187,0.5086509484326089,0.2463072289829782
2866,721.313889898066,0.019982924958868775,0.0001659962430652448,61.19600416824784,248217.08410914123,66.65740469389502,25076.194688911513,1.1592433924284065,37.91260692780599,0.5069807595417444,0.24051702820349874
2867,722.9388554795439,0.017097634721647936,0.00016717366080496102,45.40047603195515,248282.98952910933,66.42210858614375,25063.466623402895,1.2158821789766634,39.986249376711726,0.5059058401725239,1.4619418850031707
2868,717.690683966171,0.014680460128965178,0.00016836918220955994,39.92383116239961,248340.57555453677,66.45266704643853,25050.74594682003,1.2205292476387648,39.895356990337234,0.5318475352879812,0.22453714744309394
2869,718.0279268585298,0.01601641937547149,0.00016957795601418244,34.75993650899869,248392.5730875706,66.37949987725695,25038.03265349298,1.229792358998721,40.089868458258806,0.524593041073102,1.3669814904888469
2870,715.398807746939,0.017925892250033715,0.00017075990046288054,68.32677113747619,248477.00024866825,66.65870487153549,25025.326738028754,1.1771123245788624,38.534559067792316,0.545241571975157,1.3045254014633727
2871,711.5895430934966,0.02187969831258585,0.00017192509362096823,41.72984913520642,248534.23337548753,66.43327575049454,25012.62819545414,1.2221424280088375,40.13124699158806,0.5328598531680978,1.2961486518260656
2872,718.7268345756614,0.0166844531724355,0.00017301983996810397,45.27177691436978,248597.21732717988,66.45829613543938,24999.937020730944,1.2256215380693698,40.25582185719982,0.5337562686641727,1.2580611602080296
2873,720.7337539522505,0.013493175383048062,0.0001741580350024286,47.533470993008905,248662.24480845415,66.4857041238422,24987.2532086259,1.2299643431236547,40.30297720706174,0.5365507065716957,1.2427125136491028
2874,717.03422857393,0.020038798756815246,0.00017531798741538215,69.47352446481656,248749.35940444772,66.7170110637102,24974.576754160957,1.1829673530292415,38.433028406424306,0.536833630405432,0.19946939712500011
2875,717.9599026982879,0.018163037908589752,0.00017641206857440384,35.84068373521754,248803.28506720837,66.46110949632846,24961.90765227108,1.2342663585297513,40.18492035268481,0.5372482445869774,1.209753488318178
2876,717.669343812589,0.012927113276303914,0.00017749803016481889,71.47029155316432,248891.57572298835,66.71194960441579,24949.245972034354,1.1812301191587782,38.65295253821944,0.5372606817902924,1.0529912018575587
2877,714.5487935823949,0.0066614355632074185,0.00017865677359521145,47.46215174535777,248954.20883282213,66.56175258475909,24936.591628802715,1.217366739585019,40.370266325609656,0.5440396211760509,0.9664774373999947
2878,716.3007788359092,0.003397835732021348,0.00017984221688033475,40.867626187176654,249008.7086648301,66.4777329623461,24923.94461752266,1.222042496777764,40.434628297241524,0.5432153750838912,0.8377234831486433
2879,715.7830522450084,0.0043621006685296,0.00018105203971146978,45.3328138230672,249067.954289188,66.47820287356308,24911.30493385412,1.2308799727306223,40.602369482768346,0.5420552924881792,0.8230306741629718
2880,716.467024356672,0.006049769113488868,0.00018231433893726282,73.71595317852103,249156.80914528883,66.72305630952701,24898.672468155735,1.1834699294434703,38.929399892946336,0.5404461957148889,0.7124865043767485
2881,717.528330224216,0.0011403482125812436,0.00018356903847123254,41.78534891018987,249211.27792885096,66.52794146448154,24886.047229527994,1.2471320592448893,40.69059346188922,0.5467281038269797,0.3642738605920002
2882,721.3034084825812,0.0,0.00018484424496553495,66.97146883092825,249292.47142645152,66.7155473906029,24873.429140907476,1.1922805723444714,39.05099855575053,0.546649047801135,0.21568506299522028
2883,720.7993262633468,0.0016830819531234997,0.00018613813092673617,45.379622853275066,249355.27199009372,66.54096295409367,24860.81833493504,1.2314169245786246,40.64872075414434,0.5390641205899346,0.20698313901216636
2884,717.0817326955597,0.0,0.0001873873180713213,67.73903603632056,249434.1266814038,66.77818536381511,24848.2148494796,1.1975307198660594,39.02230435334374,0.5398699852447275,0.17475570848003485
2885,714.8233289017209,0.003252039148206265,0.00018866955232388057,49.410818263192766,249495.44358454092,66.60492236443586,24835.618604432384,1.228201486715805,39.770086702673986,0.5353259177851444,0.2029258889973633
2886,709.6625550685262,0.008764402899465007,0.0001898892449403249,73.22179233364159,249579.84782228328,66.87571027164843,24823.029887378572,1.194989093114239,37.99981928930677,0.5351646097799314,0.12344343394624246
2887,715.4734155543051,0.006361111556465127,0.00019105086642595478,52.654308187878485,249646.43034268694,66.57854091355905,24810.44848902077,1.2188947652965472,39.70752226693811,0.5333722607417535,0.12246039526365848
2888,706.4094720096814,0.010809074336630253,0.00019220790815030977,74.9846877250832,249733.3155517483,66.81629815478587,24798.24480334254,1.1869593490997015,37.93928478513168,0.5333837009751649,0.11698499827049602
2889,706.4218359175572,0.013360209896353892,0.00019332215038733253,51.81047903530248,249795.62628099945,66.63589183570261,24786.4611098024,1.2297734713184245,39.52474082120813,0.5236739525541223,0.10640558601770778
2890,709.079274462334,0.013503862672046396,0.00019437908475170118,71.62135824579477,249880.86402574222,66.7947470914016,24774.503737592906,1.19321424214075,37.72320800538737,0.5236845884346649,0.10676731960150221
2891,718.5894838781825,0.005424277767064334,0.00019544014093195912,50.13034939287482,249945.3376152375,66.6447143890908,24762.69044791109,1.231585016254239,39.33399965056361,0.5236955395908797,0.10146552939287545
2892,719.3349578720372,0.005009467371854925,0.0001965483817940103,69.71884796274196,250032.8722777207,66.86748012891094,24750.86064635788,1.19486937053376,37.60405915115245,0.5237068823229343,0.0902668659292516
2893,722.9406152259178,0.004768432141045498,0.00019767395004185282,44.2986326147861,250096.50748839858,66.5800598220103,24738.319389126566,1.234696400089323,39.255202047268014,0.5237185193464766,0.08951439355631408
2894,727.5763097104394,0.0028883418900378377,0.00019876501758587815,72.85312896126845,250182.4061733224,66.74913829373001,24757.72151313442,1.193078600947187,38.34550869498154,0.5237302649255162,0.08808322028226456
2895,726.6248526105595,0.005999573362573618,0.00019988773844631047,52.70254109413031,250246.99274995143,66.5842358219808,24772.692281457978,1.2271694783328397,37.70203776414395,0.5237410221980322,0.07830935881170831
2896,721.1494274646391,0.016015334975946205,0.00020093682910672837,74.9127914110021,250334.27198038943,66.73629174088339,24760.300239526612,1.1889077701544455,35.95238314796532,0.5237518978100404,2.447986531265677
2897,726.5200159840763,0.010031526859492046,0.00020189527840313594,41.39569532833491,250387.1616116601,66.42254801163972,24748.566442428317,1.2330597411370998,38.087457118572935,0.5237628533314131,2.071944114374041
2898,722.0495284971076,0.01843584262189113,0.00020287775435279297,77.4928477033099,250482.6647367504,66.66493239765028,24736.768677425025,1.1957384455756692,36.648491043228915,0.5356456634036808,1.9455745452756616
2899,715.9326006313775,0.02070252732948996,0.00020378756818292113,52.789934138561875,250557.4923300242,66.45179633592701,24724.57901130147,1.2399621793961397,37.766070049323346,0.5329749822421163,0.05826435720410217
2900,715.268613612379,0.029123159116435704,0.00020463401924323093,83.50205611338006,250662.93231200599,66.71340940149506,24712.6394231314,1.1848081631845493,35.56906313480702,0.5413423674075859,0.05826599911123509
2901,724.5503829660512,0.024337098202353524,0.00020540859191100163,59.3466833844611,250744.14182149133,66.58949548944938,24700.70703663059,1.2293016412676447,37.296194286072286,0.5413558588585817,0.058264247581320205
2902,725.4846569062431,0.024290562906672752,0.00020619592037337324,79.21227110502633,250844.92834716593,66.68770159541334,24688.899736818836,1.1924491928559031,35.645844240171556,0.5403714776353615,0.05826270472987716
2903,733.0386368342772,0.016979123050813727,0.00020697370290141115,78.45137097880709,250944.9901523809,66.80924182722269,24677.01419150798,1.192650827326675,35.59719019831741,0.540111961880825,0.05826650125298727
2904,736.2528870621927,0.01402605321619732,0.00020781932987456666,76.27813399186047,251042.9686562849,66.79770480809461,24664.873903050702,1.1969026475118039,35.56325158203139,0.5355373743248741,0.06605508340126676
2905,735.5794568759111,0.018153911508525633,0.00020868894568885834,76.65425722530523,251141.55360467394,66.77132248275548,24652.415655455316,1.1955542634822263,35.50821004710341,0.5334653107986834,0.05826678968889354
2906,738.5070554706945,0.013938946253249651,0.00020950966656803978,82.25048877779281,251245.57878988946,66.90064113205442,24639.964610941577,1.1994353151738266,35.465423905190775,0.5309919434582414,0.05827643199330623
2907,739.8086974177309,0.009989369842369866,0.00021037024437780083,76.12019379141367,251343.6481490649,66.79648661355895,24627.79377347192,1.2007624449370138,35.46893603601236,0.5307127801532624,0.058277534280350096
2908,737.4657691083211,0.012891523619494971,0.0002112652576918932,74.8220353621121,251440.45986412675,66.35325652934303,24616.048508473225,1.1924279992878133,35.490622499727905,0.5280847967562313,0.05827505188123894
2909,738.1065193946686,0.013437323688436309,0.00021212379329849017,79.64203399417178,251542.05857241905,66.44202770943689,24604.26970551892,1.1986376439064497,35.51894171242003,0.5276870676531468,0.058276438558714005
2910,736.5849446952485,0.016230059396731833,0.00021297195441113888,-369.3468218685049,251194.64734454983,66.51588409748408,25004.6360016855,1.2020577534280326,35.5166964085256,0.5260926402181539,0.058282494707157184
2911,736.5273223415845,0.015217694123808245,0.00021377995762994812,74.21093625432772,251290.78633313117,66.37251676154803,24992.14735665837,1.2049778472909443,35.47319937531547,0.5255863397987716,0.058284405839771125
2912,735.1056882244112,0.011354666335528396,0.00021455889473715823,79.31150974934229,251392.03294249193,66.43851187889457,24980.212036771165,1.1982488815580266,35.46840442605585,0.5052857102388629,0.0582847599467442
2913,728.2575148390601,0.01678892587488101,0.00021537477483078265,83.16961655968205,251497.16917804204,66.47108162283726,24934.368169882142,1.196017229392179,35.40991146147612,0.5052981219146385,0.05828654243546083
2914,726.0158057758191,0.01933101594700104,0.00021614486304182869,81.32393458519638,251600.39638348733,66.51164371929556,24921.81811144333,1.1978948844365749,35.334126651841885,0.5053105712479772,0.05828422507749309
2915,726.5771450469532,0.010240847704764855,0.0002168827978525228,69.9400960526489,251692.18914139539,66.03154430872549,24789.10745639256,1.2016637176118012,35.33745104327238,0.5142495248097626,0.058284747386863955
2916,726.3129059402813,0.01188931530217574,0.00021770842602636663,75.07515949828817,251789.17972281738,66.0913749594546,24776.567273802873,1.1975387943503484,35.352966606696135,0.514262095478866,0.05828705229689035
2917,722.9159851172793,0.018061656723745823,0.0002185063467014141,73.37287401384376,251884.45302831373,66.02099264548153,24764.034330731312,1.190338604574345,37.389996501157505,0.5142747523468452,0.05828789066022466
2918,722.6094318577117,0.0189254405704411,0.00021922865570894962,78.56183667366798,251984.8055534234,66.0953173907952,24751.54670899627,1.1957769635255602,37.37284527561068,0.5140454765776441,0.058289574098957075
2919,722.18768240409,0.019671557777258486,0.0002199324234247814,78.15617713957471,252084.72623274155,66.09502245657251,24739.17510992689,1.1969280447340775,35.93693405330381,0.515524333019142,1.3348661198822072
