t,real_gdp,unemployment_rate,policy_rate,gov_deficit,gov_debt,benefit_paid,total_credit,price_index,energy_bought,e_capacity_utilization,energy_unfilled
0,390.6777155333652,0.8678548103664455,0.000134,277.2201140695398,5054.720114069256,126.80000000000052,11214.938506287153,1.2,246.69239242499995,0.02122577714529174,0.0
1,731.7206936223791,0.7422611582511103,0.00012529708910570097,615.5475419923941,5670.759298749946,135.4782764519168,13427.79521301081,1.2000000000000002,235.31927483956588,0.03945452094988752,0.0
2,1061.1140445308413,0.6086919001128777,0.00011799570063640306,496.63552630479984,6167.946905593957,131.3532848486845,14641.331357202336,1.1999999999999997,224.7361705531315,0.07818339259138299,0.0
3,1273.1191203075437,0.5168668130051861,0.0001121700474706124,507.5525473210903,6676.099816470324,129.79367488877668,15539.404773316859,1.2,215.15744630113525,0.07819767380202657,0.0
4,1454.4210722217779,0.43680649759696843,0.00010736475895862385,479.24560246596207,7155.9972529812185,128.89208508365502,16040.65112435647,1.1999999999999995,205.63816024243715,0.09379965007350964,0.0
5,1631.5978590515867,0.3556890040364621,0.00010348754674137919,457.0274375790246,7613.72443970699,128.2248610173907,16292.853910223836,1.2012075979464165,197.1531504461182,0.09382274527607833,0.0
6,1754.9359654761192,0.29781397767787954,0.00010050118324565408,366.42345291292645,7980.891444277529,127.49190836058456,16541.15189054541,1.2020643211738438,189.27222763411694,0.09384359595127577,0.0
7,1856.3084623650261,0.2486005883722,9.818895144528194e-05,508.8630848593359,8490.534234980256,127.23729589278433,16721.883638862426,1.2024661665344565,181.94279667311753,0.11149022321044064,0.0
8,1940.4509096965585,0.2058555860433079,9.641691041191428e-05,353.5197137719556,8844.883616932177,126.76106681033332,16885.315118408173,1.2013362870684337,175.325393883032,0.11950142633060337,0.0
9,2006.9400935637198,0.17252747727178064,9.515027804534948e-05,491.744768616615,9337.492815817428,126.60631560119748,17039.069076065123,1.201804872871988,169.3235792372494,0.11951675113052239,0.0
10,2047.234267068174,0.1503596558363114,9.420865953954058e-05,390.0196779602977,9728.424537532292,126.71589365547216,17143.530250306365,1.2017622944008832,163.26917303092435,0.1195394345079072,0.0
11,2106.3302991684777,0.12041564335294752,9.354711389596805e-05,321.5664091315582,10050.940964173233,126.65315140743738,17239.143633689313,1.2018853102939566,157.6349894531525,0.11955844194381425,0.0
12,2144.83869184271,0.10053890769329377,9.317001048017793e-05,279.26153617085265,10331.184313545938,126.99385305871046,17315.9222864518,1.2023265870849185,110.88939912403406,0.11957122308059336,61.471379467414465
13,2184.124920097027,0.08106023614024616,9.300603284020092e-05,254.73493887840297,10586.928829790791,127.93163036042418,17384.604760019134,1.2027823361053278,20.679036897928494,0.11957737991247662,186.478762077667
14,2196.6120289325995,0.07440509734580047,9.306719264503813e-05,185.4583780758157,10773.421124266853,128.4801865991067,17442.435073150325,1.2026652284934294,22.780271058743534,0.1196179872700653,187.99007138155375
15,2218.3870836460146,0.0644379399082029,9.317994514788042e-05,166.1218345327856,10940.594311934454,128.10977886583777,17489.52737923273,1.202725279559273,20.5666776546662,0.11961670637192015,188.9699074190815
16,2233.087525264134,0.057585285863382185,9.339685791572697e-05,146.46822290180506,11088.130332986435,127.98143754840785,17523.72356888483,1.2025565078554608,22.845054604117994,0.1196331163573517,190.41372374627255
17,2258.20733184115,0.04576301356318657,9.368400879029463e-05,126.4873330459152,11215.700429774808,127.91978925314032,17553.500156038273,1.2045685719981076,19.81451387402757,0.1196548952169343,191.50483569802086
18,2266.3472778217306,0.04251438719666223,9.411330445514622e-05,108.78726242826855,11325.58289456551,127.90593287990593,17572.47781270022,1.2059163310795942,21.390078191711332,0.12264768068879912,192.19183464929776
19,2275.190990850046,0.03917363580894362,9.45728591656667e-05,101.44911691150793,11428.139067220174,128.01609112125996,17589.560544004158,1.2042299902973133,26.772318180430243,0.1365012704228409,190.03828896269414
20,2286.846460200838,0.035075825573236075,9.50634346591095e-05,93.26394525665586,11522.521048612447,128.0018418427586,17605.406051208436,1.2056104487649615,24.162947100269086,0.13565704221019015,191.3970090591277
21,2291.8780535810906,0.033480371796326014,9.561372076536991e-05,81.54070104862893,11605.190529817202,128.16847210838682,17624.017155686484,1.2053142716936025,23.527843144025397,0.1325050275253557,193.49883874197147
22,2310.098997514591,0.025353378399105786,9.61757595726015e-05,74.23911484288448,11680.567190666825,128.1375054894984,17644.024868505006,1.2067915044258188,25.263949445841348,0.12939494351301178,195.692073131172
23,2300.6601579416356,0.030888063824726086,9.681897328084931e-05,67.39940612170574,11749.112420041725,128.09055885283274,17671.48186815837,1.207040582647453,23.627197911008242,0.12941978361412243,196.79511134167512
24,2292.4222194859276,0.035808398566964605,9.739749625997756e-05,73.6025273116677,11823.868324923207,128.11951211917733,17720.3105205607,1.205707025127991,23.454248879933527,0.12942228261483057,198.01129344275276
25,2308.0368797103047,0.028462841957314744,9.791817138838996e-05,75.78340343532199,11900.813604098335,128.00607223221596,17770.7968180523,1.2078594348896188,23.166258343930817,0.12946628593213405,199.66262503577983
26,2292.263925691682,0.036487126438726314,9.855113025368682e-05,73.9444861052853,11975.926700073192,127.98422937140745,17825.773495067162,1.2091047988952954,22.05886571415561,0.12946406902268187,200.19592699670864
27,2296.2506053879247,0.03701416159049986,9.914160098800089e-05,53.514101566543104,12030.616767022922,127.74273405537284,17873.184709818473,1.2083199521546206,23.812573768984205,0.12948262921746634,202.00221891486717
28,2282.596620107102,0.04364346061786284,9.974017576390368e-05,106.62775790178574,12138.413900874439,127.73194921970799,17934.031218211647,1.2083472019570707,22.75412853757346,0.1295034933214209,202.83123483109307
29,2283.9364880615262,0.043928435721894865,0.00010026289273671753,70.97798574787407,12210.57026720804,127.90940568469995,17994.698938899513,1.2091048544189362,23.351367630962294,0.12950776249980261,206.85699280132508
30,2294.269449129551,0.03975119514214853,0.00010079367302724527,103.20178104452748,12314.957672030072,127.96822045116537,18062.0365097739,1.2091557088086602,23.296807883029512,0.12951597502353954,208.00910169510507
31,2315.318755799589,0.029641753705529572,0.00010136368177221069,116.55974428792666,12432.711828786129,127.89955684764516,18127.89232859371,1.211548910413493,24.46726347120849,0.12953150822270515,209.69322475318006
32,2318.1022723378705,0.028086231803627015,0.0001020572030113116,75.06551823784048,12508.981762761303,127.92691196383977,18229.29975956447,1.2121331784760947,25.2290209700296,0.12953798084816853,211.39205275585053
33,2319.2108906663107,0.029498146600741793,0.00010274613667053721,68.28655548158105,12578.480738571032,127.91237040652366,18334.21848497327,1.210426215031689,24.0120653521072,0.12954591363200033,214.17867346351736
34,2323.426820897011,0.026891777698156205,0.00010341345138100123,66.78055087317284,12646.480603926579,127.90333126552764,18448.411617087877,1.2104176068971129,25.936639013368612,0.12955373426874078,215.70655659553742
35,2318.0087274676894,0.023503177793982366,0.00010410207422043211,59.14331733529099,12706.849614407834,128.32124208534833,18548.20875265516,1.2118358363563906,23.31546015701779,0.12956145003036432,218.63595318074016
36,2316.2419406086847,0.022161002706526545,0.00010482017269283889,60.37220092705479,12768.453496154267,128.33411990271762,18682.92985643647,1.2100602797827111,23.085956736852445,0.1295690512819712,220.87384686866102
37,2314.364503776082,0.024173546289080305,0.00010554575509536275,54.97859720811806,12824.66976190507,128.36985966683554,18826.318344499992,1.2110701532048085,25.00341470303567,0.12957654770823093,222.92706813425855
38,2300.5917487460574,0.030185622705243498,0.00010624307648311102,39.955515988977254,12865.868600570751,128.30445088094322,18976.404544873687,1.2105376351521975,24.260327322590626,0.12959133250584848,225.0726885332803
39,2298.665312499844,0.02999236504410019,0.00010686980164524514,67.41768266441761,12934.534210677435,128.29895690570427,19118.110958083336,1.209692717006431,23.272179773336738,0.1295972145805074,228.14896545864912
40,2292.246762695879,0.03294815882410673,0.00010749248449159442,70.30085094331525,13006.088909771104,128.3449611553771,19249.877804906693,1.2112974572130146,22.401079929794307,0.12960441258486768,230.6985031742957
41,2299.2853783611563,0.02968782434551165,0.00010810583276210016,90.86886122982901,13098.218197218974,128.36437864336463,19389.64138761556,1.2118673451446444,22.580000222450153,0.12962107541911494,233.74216423157515
42,2307.1708119587197,0.025667976990416008,0.00010874770189001586,89.46324702575816,13188.949960046551,128.48634054111102,19517.24274225509,1.211964214639018,24.624807545483666,0.1296247034652353,235.7244655955127
43,2305.7658300758394,0.025875487321194157,0.00010942595625137958,67.77183603698211,13257.998865050471,128.5083510367905,19650.43530692921,1.2131047695544552,24.220438304909152,0.12963136941058714,237.6240156427389
44,2288.7372542114017,0.02336467392335506,0.00011009534894974912,59.112282113935294,13318.39559783053,128.45284126618782,19782.94207090928,1.211830908972014,23.852162786632512,0.12963789459691394,239.9302143259589
45,2282.1412141974174,0.02449579040634553,0.0001107848778720356,52.53480891707966,13372.221278099898,128.5247664637014,19905.653293007243,1.2125075719728415,26.561752233679353,0.12964426624144818,242.61900500464128
46,2289.7400760364585,0.017328445708893914,0.00011145564850681138,46.131386598626136,13419.64920036735,128.51595184811373,20037.89055002979,1.2160672389872638,25.28674704389287,0.1296504869453667,244.44583814784718
47,2290.9373017987,0.015840193333035324,0.00011219610661983679,49.2088656516039,13476.962762850482,128.42768080762488,20167.513392700686,1.2135801246893796,26.549417667072415,0.13600761921372326,245.2894831852965
48,2308.253218714276,0.016633154675212758,0.00011294530198520014,-27.084162111308956,13479.031501207637,128.00834108639575,20278.785618942682,1.2144214423723665,24.162045518939784,0.13601396218426628,247.1564662933023
49,2311.839322235694,0.01866110151550493,0.00011367890345232039,86.88895119916788,13592.318856658945,128.0483935312384,20398.044014575906,1.2124156240180406,27.783070991180185,0.1360202949440282,249.5787850215173
50,2269.2130124585196,0.01942353267333763,0.00011438364183944771,63.270112904701364,13663.94014854705,128.12164006654072,20510.014783843166,1.2130286085721702,26.27078678268613,0.1360264499418262,252.57396623197081
51,2253.0654767614806,0.018166659299558297,0.00011507346171194297,42.7914880258549,13731.439624428844,128.12508143569787,20613.74978231538,1.214164403715497,25.40016614456389,0.1360323096515748,254.2147165062379
52,2271.3862151555136,0.022663538012041462,0.00011576996888836721,52.99763791771284,13820.977979127474,128.12978067290743,20708.929616226706,1.214116982670519,26.571266561947986,0.13603809661522082,254.86080353454264
53,2258.7586889132804,0.025015772224296406,0.00011641189800563214,50.13912435231288,13912.307450991862,128.16710834970146,20806.42811721869,1.214068850743771,26.750754815024475,0.1360438080391944,257.35374492694854
54,2196.70709435639,0.021712165230707403,0.00011702248869714579,58.38043321585485,13973.20648648751,128.21102564447744,20905.83439541615,1.2124215173436017,27.09942081974794,0.13786275948539273,258.6102876477001
55,2174.799837245574,0.016428518017580718,0.00011766216167835904,48.37680564799689,14022.93754361536,128.2552350146139,21012.918473750484,1.2152239258892061,28.17177925830849,0.13786793040307815,261.028398728946
56,2171.503446428338,0.017174825979393793,0.00011840165645405092,42.28455747504614,14066.581932336565,128.30729544765603,21102.473645869824,1.2146025125592357,27.039122790263153,0.13787254603195206,263.35734016408566
57,2151.4150485939945,0.015266585959735512,0.00011912607914277901,51.040071018376864,14118.986564341903,128.41721181339568,21183.42458564151,1.2163135119756765,26.763170485253866,0.13787708840427768,265.75911089541165
58,2152.3153401098166,0.01447466472780623,0.00011986379272572708,41.402882802098645,14161.758969022132,128.46782929063085,21268.042339582906,1.2147523701086316,25.384525768875072,0.13788141994100503,267.6318472534361
59,2172.0426426408617,0.018908934622619333,0.00012060282416581656,32.306053043942256,14211.246106586712,128.36473246401505,21345.164993475773,1.2157156519075514,26.364191697745056,0.13788554654503796,268.2109512531482
60,2183.0153007498484,0.029105852811443844,0.00012128756184911379,44.50810440910885,14311.254674755393,128.31325337329028,21417.72940641639,1.217525019987572,28.87728490223404,0.13788960361657643,269.2119353924834
61,2170.382765216591,0.02214133948535235,0.00012185710951843517,58.64644567674844,14433.810741257566,128.34965173806353,21496.001754951332,1.2161236762794032,26.590882160384563,0.1378937734021971,271.194420778145
62,2121.838694149104,0.022945246113153184,0.00012249494530838776,56.33581320899151,14528.015646492187,128.42768041808796,21571.29942082479,1.2170312126301064,28.945409782991973,0.1378977639774528,273.7999392912458
63,2112.057877381376,0.02467965789483717,0.00012311790099041445,59.80004056091718,14627.680945590515,128.47541077652713,21632.563298142224,1.2181469440046144,27.38120870061922,0.1379013628295277,274.74187890744685
64,2106.4936621108627,0.030601023390556148,0.00012371619375681488,53.50572819169366,14744.533948311153,128.54632515362297,21700.506345337282,1.2188190791014835,27.55526200531439,0.13790476901501916,275.1511399581068
65,2051.2836733455974,0.02624370335333892,0.00012424546801880924,59.50209573260463,14867.309168577805,128.540160616172,21768.9050506729,1.2185613032400415,27.793632710408435,0.13790817732475016,277.0739981906376
66,2026.1779289457827,0.021282672879853304,0.00012481561835335996,56.78271637966475,14959.459011296623,128.7166384280452,21853.966963958377,1.2193053807596197,28.673693499680034,0.13791132014192614,278.9132268052973
67,2020.4806088463913,0.015776690561288276,0.00012543276313603925,54.39778939749215,15024.216292055506,128.7001921205673,21916.205869440935,1.2180023138231206,29.43706353938513,0.13791400955833719,281.0328933508245
68,1994.0166890112237,0.015317379824637323,0.00012610234785774807,41.7854004739537,15067.457685176014,128.75327391754382,21966.04537102128,1.2187996998613493,30.16778685875061,0.14535175747927181,279.12771764107913
69,2014.3481680665816,0.021801629640347486,0.00012677028188021186,45.518479154475244,15144.946849377688,128.73921632041325,22013.67461433664,1.2159712415295818,29.70642916156018,0.1453538252414867,281.2535484454612
70,2001.8804716066422,0.026730311183876032,0.0001273627037481373,55.569736797189194,15230.874568445877,129.39909335576286,22049.624717584946,1.2209881581624047,29.42017695302692,0.14535590698358122,281.5413047032775
71,1992.9996084226286,0.02380517313469388,0.00012789987839476893,57.93966263945612,15322.030588756934,129.5892078791817,22095.204885080806,1.2193777924989702,27.830337564009263,0.1505475896206243,278.85929959311306
72,1975.7533423274535,0.033941371560391786,0.00012846267219980749,47.358996538448764,15411.075368008676,129.47964252782995,22132.568813669594,1.2173967703853814,29.93603838678459,0.1505492556210209,279.6280654274395
73,1924.828893403353,0.031030432264608332,0.0001289119241041354,71.14221518899723,15502.767977892716,129.64371516948626,22178.43607276419,1.217033105131773,29.0219190303808,0.1505507899486058,280.090096223662
74,1936.204151114421,0.03152075215630179,0.00012938732284928874,56.96027398009636,15617.724886316353,129.34586444894614,22222.786404544084,1.2195698820777752,31.69757985527483,0.1505518747535392,280.550787050759
75,1925.6745443723398,0.02839848258322264,0.00012985248745301772,67.04656016956409,15743.175525530634,129.32009619470338,22275.01919796679,1.2203436372963057,30.828469016722963,0.1505530225465915,281.6477783081892
76,1935.0487824126228,0.01875329040617668,0.00013034267846277658,55.491722437127294,15856.691604925396,129.48203149403255,22309.21898517771,1.2191094977402708,31.41773066164439,0.15055393464644198,283.881957998973
77,1898.4708636912642,0.020427218189538854,0.0001309336433525095,39.2312289814854,15953.926286823065,129.6276545770236,22352.067702491393,1.2173923252693009,27.748694525369096,0.15055454297551454,284.5306271429227
78,1895.0045707953436,0.025193223086530825,0.00013150091661204085,46.0397472251405,16056.866977505228,129.45049740476537,22399.00858027148,1.2174457493596846,28.20495410843655,0.15055493716184354,286.3430475933295
79,1847.95176085035,0.022987866702803506,0.00013200841842439038,50.08589435605808,16164.060849603624,129.1769742524171,22444.824610090876,1.2251199444954393,32.60866786945668,0.15584292813452538,283.60840646617726
80,1864.6412628535074,0.031029517391569783,0.00013259694229306233,59.84512270883789,16279.91560041327,129.2690523088121,22493.905831757504,1.2269781418748142,33.25656307499878,0.15584198683162026,283.38256891101935
81,1841.9655650261743,0.03708644336371825,0.0001330939067827997,8.109110662687328,16344.459330275935,129.0990432225198,22538.17141821704,1.2241266972230493,31.16289473064863,0.15584107391888433,283.4577457404971
82,1823.2169762408707,0.03952191446670794,0.00013355662500660873,127.35317125789288,16527.53854858905,129.40516710987328,22595.02360921102,1.2251151871601134,32.10259915798307,0.15583960338386021,280.8593755447473
83,1831.7808480447154,0.048264843043190786,0.0001339883313726125,96.81212037465866,16679.439074531896,129.8680087301998,22650.68678894467,1.2236925385117212,30.95524234963906,0.1492565106655533,281.9945741654467
84,1852.5309343617907,0.04981170365264409,0.00013432215586254263,111.14158918656744,16845.701689334383,129.97270691669715,22698.596721419533,1.2279511669674514,30.49491180058316,0.14925525879647486,280.81631738452126
85,1809.4310845237096,0.05821912661362494,0.00013463541340395384,114.23262505748295,17015.816955335296,130.55044371085603,22732.245195122,1.2294791605724589,29.27630169143899,0.14925381199055726,278.72430381390063
86,1767.0776419500926,0.0563098867102898,0.00013485526875057943,118.67754031842958,17189.255651434694,130.8769636797753,22769.258896680854,1.2293975190330686,28.991090369277817,0.14925222085685033,279.1320735763293
87,1817.0739498495368,0.05400116545408418,0.00013511709973777818,117.169892400148,17360.131025205803,131.28203643094497,22805.625746876274,1.2323808830327314,30.964768402914448,0.14925010039342135,277.1343499934487
88,1792.9296805967324,0.058870132880621484,0.00013539989970325306,119.62688682821022,17534.46179540476,131.66806619365693,22835.72499379686,1.234294410559807,30.695797578423164,0.14924790000382274,275.45344290224625
89,1769.8889272669633,0.05673831532974427,0.00013563077367753006,114.80590447984315,17703.3114853254,131.55558813414632,22861.43129025221,1.230053431775371,29.3607447471251,0.1492455039303905,276.4659698588879
90,1755.3642567520565,0.05002147210214647,0.0001358810104172439,118.85936584641217,17875.50929405157,131.45369994521943,22889.162258575638,1.2333406470125539,29.717389033187526,0.14924285102388407,279.3208691359995
91,1738.6690065648197,0.05191097624809582,0.0001362413118998122,103.63884181459844,18032.096601229357,131.7474483227623,22909.67563915381,1.2421584983959844,29.60739109206945,0.14923950030248403,277.86580307468176
92,1708.2154418356408,0.051088361183392994,0.00013657714419590484,109.11834869394761,18193.46961685588,131.8366602597846,22937.562169609588,1.2408459185831153,30.197496410879495,0.14923618494309437,277.6004837613864
93,1664.4188491306732,0.048073958009015816,0.00013691757897100988,99.21861951856317,18343.739451780108,131.96680506796767,22957.79861967921,1.2478747448817336,30.08763750720912,0.1492326453548118,276.77686705143117
94,1691.355993382362,0.04945102397311696,0.00013728592923189787,106.24606933857166,18499.862636999485,132.45334798607564,22979.79166885402,1.2697985654435444,30.619473381645943,0.149228860862159,277.12750597235436
95,1711.453110763144,0.051851401795923846,0.00013763526788924133,112.03916958779672,18662.655312773386,132.73359169671565,23002.644755921883,1.258781524956386,29.343009350418498,0.14922485202102792,276.868431703948
96,1732.0140656518533,0.05506245880516736,0.00013797500947845218,102.9144102357111,18817.202742430854,132.72650787419775,23016.703201409637,1.2763177874647902,29.75825815779504,0.14922046368953965,276.2714910173073
97,1616.817035432221,0.06585589615258236,0.00013827648005308537,120.65556009021645,18989.830112213676,133.6419202499455,23038.63958036186,1.283514773039643,28.24857542510776,0.14921599281178596,272.8488771307162
98,1537.5982823222187,0.06765260013477659,0.00013845933031718995,58.66832476155025,19097.553801195623,133.40034584213214,23057.47170651293,1.3257895351724052,29.983442915832207,0.1492113761939026,270.99304114685344
99,1535.0859222416943,0.08401894296122348,0.00013868185272366312,151.65898365947737,19295.757893414022,134.24941755435773,23073.429759339673,1.3334061998227729,27.737671923011412,0.14920587763096219,263.9255321407531
100,1496.905282906125,0.0841415174043958,0.00013872676630990728,159.21960061134484,19501.520125791554,135.0585727388408,23084.900118017635,1.2496063052004855,28.444846408456808,0.1492005097114792,263.92826750292176
101,1522.6118965165997,0.07714964034046723,0.00013876825798010255,143.56806835035223,19690.804990226763,134.24673817628147,23081.98148023652,1.2500766940838044,31.723033896817174,0.16652960758036994,259.6720107326894
102,1552.4825762108235,0.08119113689160906,0.00013888461498411995,155.44982771647943,19892.75522357729,135.00607577166502,23080.58329896943,1.2467464628587934,34.69215462695147,0.16652261312435598,258.19526157870433
103,1594.2676433457007,0.07270345658647359,0.00013899997353683093,149.52557473792194,20089.60124144845,134.93163918832474,23079.498832697358,1.2503319489440978,33.814542581822366,0.16651497709090005,257.24430025571843
104,1618.4374081498192,0.07313646844774402,0.00013920290829587403,133.77327615940072,20272.16655108792,134.87520580613986,23076.09927595882,1.253438864547699,33.618346533885706,0.16650738345004698,255.58043999290928
105,1646.7985918975485,0.06447463749692062,0.00013939784104380609,129.52879701312258,20450.89286935482,134.10374273239097,23073.006236963123,1.2478389906459542,33.038286991265544,0.16649969765138295,256.9689272028744
106,1659.7663833804643,0.06272634458490678,0.0001396816052431076,128.15650478934208,20628.707603900373,134.2323404027856,23070.891235536543,1.2565673859494402,32.653824963178344,0.1664918594703891,254.42473246020734
107,1572.3659463359268,0.08334693398644688,0.00013997893683360315,132.94205980623616,20811.76852031957,134.8954092454564,23068.03829522669,1.255722669703527,33.85958940150891,0.1664839366654336,251.9485270665375
108,1554.9548617279092,0.07870742704325095,0.00014005276567259476,156.34169684249827,21016.032809813274,135.2889598120252,23067.022707172506,1.2553992699757062,33.23756210567778,0.16647602750351057,254.6687725166788
109,1546.786741110242,0.07669243885684185,0.00014017356130202624,145.7459282527597,21209.2450605629,134.7272545223478,23065.614816746904,1.2556978024421868,31.029039991071638,0.1664679481317325,250.55122207994447
110,1494.3950763488601,0.07813096271821396,0.0001403373580730067,145.27967931747997,21401.61555121004,134.58353155434875,23064.618971147444,1.261165868017639,30.162201011499256,0.1664594411712395,251.27341443285718
111,1474.6473619042167,0.08495123013583006,0.00014048272840820874,145.37228441862538,21592.92863902898,134.92918874592493,23061.805372402054,1.2655943380247898,34.65703145096346,0.17097783269268596,244.6042582784055
112,1466.3328173488242,0.08271098180993997,0.00014055255416091,152.52128374631138,21790.805299438438,134.88535091183155,23065.14203877178,1.2652682506734274,29.648886083609042,0.17096927323246958,243.7319515524911
113,1470.2312095771952,0.08240189623604632,0.00014064381691448146,156.15302759492738,21992.06507696195,135.27736505780766,23065.879816594075,1.2731913652269589,36.255515542604684,0.17096061733550347,242.05518212112062
114,1484.242783809323,0.0783378649521832,0.00014074929027963252,150.1688048148913,22187.48189492917,135.34163651016084,23063.174447471236,1.2888485558342455,33.80764955220222,0.17095169860271028,243.92515202664512
115,1444.7860541258622,0.07667473720679607,0.00014089531625522439,125.41123039696578,22358.5693272903,135.38440575883658,23060.16151475353,1.30900294525396,30.90971831721542,0.17094273362555948,243.5049896499362
116,1436.2529143442189,0.07454084716844556,0.00014105655843104687,124.3358671677338,22526.69676893412,135.30831110208203,23060.4631991688,1.3248378533434249,35.51650523915913,0.17093367759151523,244.66120099291956
117,1417.97113242533,0.08238739737749456,0.00014126123852667966,132.6080119375709,22703.052918599114,135.5409560885954,23058.91080638585,1.333257633793533,44.02887731777426,0.22444367871746237,228.08483472664528
118,1530.8454500136081,0.09889371998299956,0.00014137895314070956,111.06131863323367,22857.740333269066,136.42238998236442,23060.0642002063,1.3282716612690881,51.68311283473855,0.24508672858861455,218.62124771723262
119,1601.6676298717227,0.10530977348367954,0.0001413182268854739,222.19368274712758,23126.749360425994,135.95476986196906,22841.24186097628,1.3323776222992394,45.36019569707074,0.2270121588995918,221.32823929856306
120,1558.44610140713,0.11064848919761927,0.0001411877800208892,-51.586152890572976,23123.767405412473,136.55421432707675,22842.97332551015,1.345681778842929,43.12789917295288,0.23433600375122096,217.3282627033148
121,1583.6741450142827,0.1183885660304752,0.00014099960893674475,409.5641708480489,23580.79640710922,137.21169338590124,22845.321238692963,1.4343455420609765,40.05486470366965,0.22781465523499111,217.20226929454208
122,1589.8863602323415,0.11745931884103,0.00014072860548699698,14.25958487248397,23643.315444970543,137.16963218243808,22852.144492362488,1.60069327865775,42.53796787444472,0.21790974632934432,216.80690047471336
123,1567.4987617470028,0.11009315530474839,0.0001404941091106727,429.99434528793086,24121.647146218686,136.56761362224447,22850.951670670584,1.7033381363868167,39.79869568457472,0.21667064435743266,217.0117183017787
124,1664.1216286601386,0.09911128258910229,0.00014033781979929665,-0.5174285514937083,24169.069985228038,136.4202303184627,22851.90612038134,1.5731865255550728,44.34394543143094,0.22277148452241308,215.8647397148277
125,1699.0232805979456,0.10457697304264446,0.0001403164398128151,202.90378920894955,24422.906441520678,137.4723287644497,22863.64785578753,1.5022552959316209,43.86082197606074,0.21841614034212883,217.83614624393564
126,1702.1837164586427,0.10164514654556911,0.00014023508792597268,-162.30214570468513,24312.641966700514,137.7820870742137,22870.426379355325,1.2970009640950375,43.91960676538031,0.22032677902613865,212.0257357320851
127,1615.744840105415,0.11847284444025963,0.00014016826116724834,-17.385102377253304,24347.895779782164,137.52238743899093,22872.914446483457,1.2958040446680936,39.706311837564336,0.21636803251585124,209.12943978417258
128,1652.6821835411874,0.10653667502954423,0.00013994564797673893,48.980452103019104,24447.23083320739,137.63547868045129,22877.731770379345,1.296629834098069,39.19699812939746,0.20595931834532177,211.5634295724699
129,1534.784973673729,0.10232980555904148,0.0001398819409297618,-20.139433083328868,24478.67039645661,135.86210943928558,22879.505158741256,1.2949310084077945,37.5913282148875,0.2059466701652747,209.14592995863623
130,1614.5000372970055,0.09686040222220127,0.00013986143567831793,17.419660976272098,24544.472592686954,136.54131301040505,22882.21325365234,1.3029823165477246,46.029139356945976,0.2448212095472274,196.98062699971274
131,1700.5887099492645,0.10302174371065143,0.00013989688201808246,24.348474267418,24619.354591629086,136.5034470442877,22884.520388142588,1.306486579165414,47.97006750943464,0.253374725646581,190.06209277324547
132,1714.2886202137474,0.11518001122969701,0.000139876728289475,51.96304779971075,24724.1924396806,137.59525215284054,22881.46771148895,1.304886121282556,50.6202981861379,0.26238691924997803,186.05997827585784
133,1619.9179713189203,0.12049891252761946,0.00013972530930433943,3.323048943771596,24780.546392251767,137.32468774365677,22891.01917018575,1.3104012834986503,47.265540771187624,0.26232767527404305,183.9259293570576
134,1597.589093432826,0.1148415729244705,0.00013951639743868923,37.87980027350062,24868.83637781929,137.56608766987145,22893.701003312606,1.3175309525073717,50.18714679002019,0.26401812837057503,182.4265884273629
135,1661.9784327821615,0.12214060214156053,0.00013936722073765824,71.88964948782018,24991.35196120217,137.39376695190745,22899.126080708174,1.32672833549845,50.59664590800831,0.26580914967539326,178.43712746220234
136,1700.2440325196303,0.11472862752415625,0.00013913947333839993,119.5581918555693,25163.7166355476,137.77813405752744,22907.12839457431,1.3242810377578305,50.476250201690696,0.2740302919646446,176.3259396036538
137,1660.9837770951888,0.11459918792420765,0.00013899003944287572,95.03152666925507,25312.78475019567,137.753653541801,22911.433791147912,1.3252321562581337,53.2666815838133,0.28520989527334817,170.09070285389427
138,1676.0112413988907,0.1159534621429168,0.00013884108392677342,113.82575572944609,25479.331235440444,137.2228573764749,22917.021265053354,1.3209578262700796,50.806590166505785,0.2871266404117896,165.9008724729811
139,1709.9345385187573,0.11383525167314734,0.00013869084011471249,134.1472737658906,25666.68608959358,137.0423683791358,22931.65096965304,1.3201923779977416,51.21248925158049,0.291779911135841,164.10426172836972
140,1662.5911935069064,0.10690059872622848,0.00013858258738453662,106.14906415771605,25826.849595499123,136.21909828310478,22948.44481390199,1.3171310545199235,52.56865430060692,0.2901786969809055,163.1160559879055
141,1591.4452762839078,0.11737105954000593,0.00013854728845380298,81.9363744995423,25961.092475381553,136.82052985924037,22967.195826435556,1.3220566313177013,53.688313191316965,0.29956093590063443,156.04261781273286
142,1634.41319265807,0.12146422028156967,0.0001384326178537088,134.34280844678415,26145.781128897775,137.2482301756037,22978.805145592443,1.3247566898626728,51.521525739326286,0.2902600756126854,157.03324993426924
143,1661.1354001015727,0.1047512803060261,0.0001382746529594082,114.19649348495545,26311.8803020953,135.9523998173051,22991.58901136522,1.3249235073891534,63.87651930137681,0.3401831717281048,144.7831303902367
144,1720.6049116444642,0.11393557166160939,0.00013829165522321213,173.05778697566268,26537.917173662765,136.09011584042946,22994.220461211942,1.3236390014090116,61.094084819723165,0.341062056121194,142.09710964471583
145,1705.0936730135058,0.11717258836701128,0.0001382093715629309,195.63879112702017,26788.355658482516,136.26491609001332,22999.941700135416,1.3200615061158283,60.6313147923252,0.34571850815776217,140.3353875711985
146,1705.6449990478004,0.11026270658720538,0.00013809131117037724,217.5668296482861,27060.439743074287,135.81120921681912,23004.59909993252,1.3252111982365444,63.28166953589557,0.3506811310452546,134.6005689587521
147,1758.0601886594332,0.10335617079132198,0.00013804516971985278,235.57010716506073,27350.90433884296,135.29973830625883,23006.10352973976,1.2919262167589343,59.95465593463866,0.34878026994027955,133.33069984835998
148,1727.9187382891955,0.09526339321549604,0.0001380709615827423,215.94403910272962,27623.713275621718,134.92827586057732,23014.42805685426,1.2923351597773962,67.69241350815264,0.3563420084640296,134.43639880584107
149,1726.5106205865839,0.09323541668430313,0.00013818040208203827,204.2637565146216,27883.777880112848,134.34911804513695,23023.082575212185,1.2928852706077316,66.4059214048891,0.3523349296649192,132.39492825023723
150,1722.1682780353208,0.09065453539463286,0.00013831731693469534,194.74577272321818,28134.29431185259,134.11543900041144,23029.848018735476,1.2907738272141782,63.87304404169639,0.3531671043092695,130.91815078970654
151,1679.8631647528905,0.09543544894869072,0.00013849805849881452,142.45556096353926,28332.642512801795,133.87969727968,23039.949573718248,1.293227418717766,62.6380862134937,0.35854547586780755,121.5075088569163
152,1687.227550001574,0.08775072065880851,0.00013862439417171532,233.11875183717046,28620.439202025038,134.50276713914468,23045.10052254632,1.2915875705029256,69.13482210591344,0.3897010228827284,117.71284805811618
153,1758.7405896221549,0.08277492477056592,0.00013882937597772723,189.0033488735791,28864.227510694334,134.11428196683315,23047.97104885139,1.288515684798312,69.91238293492736,0.4064150637913878,109.23558648341421
154,1744.746535969021,0.08274337207275662,0.00013908358726801227,180.70286100376381,29102.310692797615,134.44902152015402,23052.258866208533,1.291017029586939,71.33947818296666,0.40799136546828707,109.32882636605025
155,1696.1381321961728,0.08866340229753822,0.00013938237724004033,184.09118565437103,29343.342617528888,134.58989084697416,23054.31761537001,1.2915005225071179,67.75463926469277,0.41009551117180226,105.20948888518484
156,1702.0232180104424,0.08636108577129364,0.00013961366852673247,181.9302109541146,29580.765326384957,134.09861741060718,23063.939776166622,1.2921732573340712,71.07127544388246,0.407876265412405,106.0296068609114
157,1679.300193105528,0.09237196584166618,0.0001398688892240566,-74.98658211811153,29561.520962660088,133.5713536070153,23076.94250620063,1.2896257899220427,69.85499824794863,0.4114115011915303,104.30394687128931
158,1691.7718115676776,0.09049831683832787,0.00014007868509548316,396.8770620849253,30013.39347299307,133.48616182077882,23090.484064119893,1.294866112431511,72.12162972475521,0.42406670836608734,98.51494488729266
159,1717.1251657192888,0.08386645813086735,0.00014030325214845334,237.3814495956841,30306.086619756672,133.51792190316016,23093.7863872261,1.2885317457465075,73.64498152773808,0.4217594865389521,98.41185892945948
160,1719.1221843733308,0.0766976469311873,0.0001405980298872882,175.9258998491443,30537.93992356261,133.0794164002319,23102.183380521732,1.2681284433913753,69.72306518498803,0.42091062152627895,95.5585527101412
161,1723.511271251695,0.07752414557954324,0.00014096505211228216,165.1866086628517,30758.564541809545,133.52941235993674,23107.624693881215,1.2698076548853616,71.29801494021376,0.4183375962655557,95.03053983513546
162,1750.7495554902694,0.07967524127640979,0.00014131838793106927,158.43025404498923,30972.73086551812,133.47493709987353,23115.291541059236,1.2850194529442382,71.64885477765705,0.4112828317856289,98.00892035017343
163,1733.8623147052285,0.08378429883701577,0.00014164111065781247,170.02690501327464,31199.926857063805,133.1864196656714,23124.332422217783,1.2808610456636664,73.30116488254498,0.4173105815034852,94.00333160063589
164,1748.5941844625215,0.07792879713686462,0.00014191809326313045,171.24654351954865,31427.703677060857,132.6650311508896,23147.110076700486,1.2863800282098417,75.13078365555755,0.4379198447083459,88.09767341038054
165,1736.6405283633894,0.07967446100330944,0.0001422519969727379,164.32221553996658,31649.10688783789,132.85012325564625,23165.72916202003,1.2886657436462838,75.19761613819105,0.4344831174938858,86.46431541248782
166,1737.8493704876466,0.08781835881778277,0.00014258313423048784,169.8135338538424,31875.861043132893,132.71375586364616,23181.72711680975,1.2911906705112848,75.22420108616986,0.43980388395703707,85.52727556894148
167,1730.2376430287427,0.08981990103107163,0.0001428177842554034,145.2555767608613,32078.096318185566,133.1287806352793,23195.412137855128,1.2858346861095706,71.12514604040238,0.42112599219430413,89.8448501132538
168,1716.6456170303745,0.08599014846204178,0.00014302981757478403,227.72347055492082,32362.50046567499,132.44742133148597,23218.300522702033,1.2832868070070673,68.76869578831318,0.4184719007566527,86.09676173639119
169,1718.964526396307,0.08391430797446997,0.0001432705985207749,175.14218934459353,32593.704663511497,131.82636392498824,23243.99143731925,1.2893606882487132,74.89067860303699,0.43592567074180594,79.8086203596637
170,1725.1892057557225,0.08835518124487618,0.0001435491792766542,169.1684903749595,32818.98585009594,131.72554813423287,23275.018682044043,1.287814249300201,76.41847216075088,0.4489452071301308,74.10577351455709
171,1756.8923292564398,0.08200764165837993,0.00014377610743266286,183.51969443759623,33058.76754112383,131.26576513407016,23293.02550885833,1.2884488219295847,82.40264609471299,0.5026952352510475,60.155649360359575
172,1756.6498880752179,0.08576323647658901,0.0001440425237905682,183.56620742909087,33299.61722412671,131.9712341253122,23317.332721731298,1.2907983067814872,83.98578027294221,0.5158134657172057,52.60747284200107
173,1740.0003657955156,0.08655240819470778,0.00014426471852726556,180.10166469797548,33536.87174559517,131.60781253208924,23334.569213403265,1.288501062635679,92.52612436065955,0.563891646860927,41.028123690676466
174,1729.3148269318308,0.09370774912530966,0.00014447459905814975,184.83343765143644,33778.306219965496,131.1640502718184,23359.24730193387,1.2934723235219536,93.4907509527929,0.5526975505373108,40.856998735978806
175,1735.9949961004222,0.09053762147529165,0.00014463747276439974,180.1350389274154,34014.86883601119,130.56463612433373,23377.282621377155,1.2901812760406322,95.18884431879349,0.5823412327771554,32.85344349872358
176,1734.5533503084307,0.09356006250931714,0.00014483055876756982,193.5303602254179,34265.15920617958,130.4386459803465,23395.487521853967,1.2884307422836012,95.73422892303188,0.5827217654664443,28.02583474015816
177,1739.2550948029234,0.09375737767284731,0.00014495480040953548,196.52423511822212,34518.30239162255,130.85679917952166,23423.001678905286,1.2900463547475147,101.60722744127915,0.6301508426486505,11.92112215751331
178,1730.899061270716,0.09953420509902389,0.00014509140548428997,200.1020736569224,34775.02700924212,130.54621763428244,23437.914968537203,1.290553203228641,97.55155550656377,0.6077701202301377,17.43053213848748
179,1722.0919440355979,0.10767240741064266,0.00014516327744716005,196.53710892652902,35027.955262626056,130.27382593959172,23228.405412541993,1.2920155860231075,93.441613544605,0.5969136301795748,17.134209043809193
180,1707.3038581294716,0.11480705050893247,0.00014514579133136798,220.85950989260482,35304.84707066988,130.37414415869213,23246.12180577688,1.2908713299107726,97.93819290997311,0.625294585145885,9.275388569926264
181,1699.1504783612384,0.11926282380878184,0.00014505031230907398,240.0163815991844,35600.55748600822,130.69567238064317,23275.546657016414,1.2973360299913055,95.86528841925318,0.6140974100498764,11.294170877147877
182,1695.3541335762563,0.11822153759937193,0.00014498623708922507,242.90453471188079,35899.06294041805,130.5288013959931,23301.616847217494,1.2990891402385434,98.18141219509914,0.64069680858549,3.882938442300457
183,1706.1205242581468,0.11660771516934787,0.00014493741315453878,243.28725048014257,36197.9372348063,130.38931736105008,23325.271827263725,1.2947026370488848,98.7512194691749,0.6292172459905533,1.9327338377390788
184,1701.3791224252175,0.11716982653005559,0.00014491642712156024,247.12126572486966,36500.91368379212,130.23634313220376,23353.805337039754,1.3107635224967764,95.00315606039004,0.6361257271780895,3.478709078206748
185,1710.0253919231425,0.10833807922841299,0.00014491756919300194,234.59280074067493,36791.45175564712,130.5112918848207,23388.16195471725,1.3077320872290037,94.39642349800982,0.6856389986218598,1.680707943983009
186,1717.758685933243,0.10064487566439062,0.0001450173241138183,224.05174803074664,37071.71271775649,131.038648969156,23421.909166407622,1.312702460215693,92.8862562343094,0.709547696539296,2.3963527927103314
187,1731.3830045940767,0.08737733854239371,0.0001452228496294865,205.24250949347112,37333.44488197844,130.7606034402851,23447.844330668835,1.310642158189021,88.64960038315125,0.7804747497465533,1.5726578099736344
188,1733.7274345239796,0.08756613398360458,0.0001455655052474614,182.54339161457557,37572.87257721792,130.7428047394837,23485.79645027115,1.3163566018022959,87.359707174217,0.7640205289601169,3.657217866227853
189,1735.8761529833018,0.08459341108129781,0.0001459010804669047,183.21973965018316,37813.11574022066,130.57758213013162,23511.379169138472,1.3189664186778454,84.11792908807999,0.7713240688168874,3.7635652793694305
190,1732.7633589472105,0.08700405195384853,0.0001462632740512678,178.21578806532114,38048.381251593615,130.26809806972486,23539.37996174799,1.322879233481714,84.62401540240283,0.7524850626279008,3.3366285956150534
191,1723.0906747528975,0.09871311363220969,0.00014668883271836176,189.17231485376027,38294.81588155291,130.06619873318408,23553.430056712143,1.3229999291198165,80.8398857076834,0.7536967944854096,4.032410433777557
192,1706.5116538433945,0.10941812864111089,0.000146983944774271,214.98608240462374,38566.84802944916,130.18792917795338,23575.00343197129,1.3209657623794926,80.80220168168972,0.7326444698681535,4.329973771682262
193,1687.9993390326908,0.1140204334906958,0.00014718295209721535,225.1542659040923,38848.48369833766,129.9352501503733,23594.6604123526,1.3200399048730187,78.4486560836406,0.765061177705652,4.9004195365377825
194,1684.1830368246663,0.1101734796568602,0.0001473491479274288,235.26379057249352,39139.6480843002,130.49673327815466,23617.208256445385,1.3188891867412222,76.64962964448128,0.8028111349605067,4.7379427885811936
195,1679.149200964513,0.11592100567334795,0.00014755232229273442,238.33749230888327,39433.79465619608,130.96516618431787,23629.150321642228,1.3233746652119842,74.70985986424121,0.8004866493898408,3.5135877728170044
196,1684.2228962167835,0.11835691543857485,0.00014770847798244345,233.05046452815054,39722.47509707449,130.4123039988238,23632.48527819972,1.324656462604055,73.28184135468254,0.7857427183139183,6.521912222671858
197,1683.9977142204639,0.12168602593418287,0.00014783246956842416,249.72582450672292,40028.00382585514,130.83670202005996,23651.757466377876,1.3213257643348941,72.93754662178374,0.7706473151349928,4.440823974979708
198,1694.6626972080776,0.11604444302978689,0.00014794064686809576,244.61208602283102,40328.34642965415,130.74439843878343,23666.658848190702,1.3227570567292077,72.53565602251705,0.7891293462439335,6.50824333134031
199,1683.0783236494312,0.1165316413625822,0.00014811671321112268,240.95575990284487,40625.22070001664,131.1293931218051,23696.636637390224,1.3216674522624647,72.27425296709481,0.8295225390357898,7.011205857024919
200,1699.768174245296,0.10487194457691695,0.00014828350179162285,236.67338812183777,40917.45254035518,132.0512922860617,23718.363201877157,1.3277153480191348,70.55076560690551,0.8946793876183662,9.568276352221517
201,1684.1602545691558,0.10777333671649103,0.00014857033251588873,226.13910151200474,41199.891273415284,132.95957092162334,23751.9593346471,1.3247327278159506,68.99979352800423,0.8970194239585041,6.978503603388845
202,1670.8270158350024,0.11004121974500214,0.00014888807990391705,222.08486136705517,41478.12377905328,133.59907473801005,23776.15598423785,1.3248970098882613,69.19396635308924,0.9203649130132112,8.34045624012171
203,1666.8535176877135,0.11413113238153016,0.0001491802033859348,231.4899342001513,41765.289192851786,134.70641628824416,23793.297068715165,1.326281798346916,67.17125060691356,0.9033128398965332,8.293059036015336
204,1667.113908612385,0.11684680759293564,0.00014944803129758428,231.54196074980308,42052.35387478063,134.27233422150147,23811.091159756896,1.3271311476787773,67.96646920218053,0.8956503783324191,6.212451457596899
205,1667.8631764421866,0.11491517716139477,0.0001496820223530395,233.9273481673547,42341.72361686942,134.1495128648574,23829.940342149242,1.3218835294338163,67.00240274485338,0.9224782539660098,6.469752656938937
206,1675.2567918292914,0.113725585828097,0.00014993181178124383,224.30941108564298,42621.588479931495,133.55568861898445,23863.14136193315,1.3235677399922163,70.9781864727657,0.9210528896527751,5.561865267323952
207,1663.0893837972212,0.12931697779298668,0.0001501894642815913,249.89010496766934,42927.43043180292,134.74497381820598,23894.261757135828,1.3234000915482425,67.25659276114226,0.8756077514875873,6.12190894155205
208,1638.9894380112073,0.14548498279928634,0.00015027220089836396,269.48205266932456,43252.386374599766,134.91610972870313,23913.559691018112,1.3211142645879252,66.0423916001856,0.8591246186075231,4.990051026301558
209,1652.9570953903303,0.1419437244201649,0.00015017940395142685,292.6741386798828,43599.74000915491,136.07790746340407,23939.06377006241,1.3189611288410958,66.53232722273403,0.8561264589782368,4.009430508158914
210,1653.9470588660815,0.14258121457821926,0.00015012211939360314,287.93212640701535,43942.719586449224,134.73127374006216,23976.948252853814,1.3230053245573783,64.6680348779256,0.849781551114607,4.513771201853558
211,1659.6790392206126,0.1371921859005103,0.00015016259076155612,281.3574847365666,44279.67609219126,133.40052551318917,23997.58603801969,1.3248539862981,65.13743153538938,0.8687023594769598,4.407385464972094
212,1691.1709144342028,0.12791667200613366,0.00015025702857403812,278.04695086437465,44613.51100518315,133.36117989577193,24026.147651886557,1.3242356658174057,64.02625635067378,0.8557383642580976,5.569868503115629
213,1673.2205237774272,0.1315723610506221,0.00015044638075399495,276.7759308784225,44947.01447051128,134.31452744484903,24043.311792381977,1.3275588272453802,63.58719910442929,0.8627584194377181,4.2631486263267675
214,1663.114995565108,0.13725884119673504,0.000150592343297509,277.3222046355799,45280.51386387061,134.34262271759061,24064.440892109815,1.325346799461917,67.09622548950989,0.8513030629366523,4.772633352710926
215,1659.869047150126,0.13391453364393968,0.00015067364419343664,277.55850894587763,45613.89970004828,134.53725290276483,24087.12861855375,1.3311933734450805,65.44995588284856,0.8494425753542836,3.627034584793506
216,1687.6564332283367,0.12521169886645,0.0001508332207654907,273.810499555736,45943.69474020111,134.76460437126786,24114.962915756725,1.3355027546842655,67.26570349564999,0.8494774282076898,4.450353454022377
217,1662.0433137748435,0.13160117534855398,0.00015108496229636098,264.66917149163606,46265.13530304844,134.43793578374368,24123.58720981512,1.335429170282286,65.72188625190472,0.8563655552715412,4.393126331527725
218,1662.8866312318942,0.1266397963712781,0.00015126367890338637,274.1637621939672,46595.48458343235,135.28604262998982,24134.848980536837,1.3372879905490234,65.24088653480183,0.8602933541297135,1.7006308403677224
219,1661.745240320574,0.12397734741382072,0.00015149295923238835,260.43636658822,46912.187405050616,134.57561129821985,24155.44145692263,1.340803554266513,64.43409034625135,0.8615449176236301,2.0158464913040746
220,1665.0007904968038,0.12309483691816159,0.00015179519232625988,257.6396156203695,47226.12100458483,134.5424045110027,24174.39849685312,1.3439888828119206,60.65789466380335,0.8642022434241611,2.684366929561037
221,1675.0968181043293,0.11518860180796386,0.0001521013099706873,252.00880541668698,47534.4490267003,134.59040208988424,24196.821487617875,1.3425502690323488,63.76361529910969,0.86092354867506,1.986186220739512
222,1669.0912237075383,0.12260668673427666,0.0001525148177773356,244.86404593655993,47836.00292007978,134.2259434952314,24218.82717490239,1.3446511093610576,63.11789521676424,0.84849933575812,2.5229215265089806
223,1655.632075880116,0.1274189317546106,0.00015284300267728876,247.17713066393725,48139.579321924306,133.22467970346847,24247.8033302654,1.3431189008460298,63.66704382465436,0.8638091215614339,2.4539099538875746
224,1642.5203803279978,0.13100241268286628,0.00015311424449831126,269.85313185412457,48465.52695176192,134.1224506938478,24275.247921554776,1.3419283147926413,63.71857294817423,0.85086806359582,2.393995727355076
225,1655.6864183350137,0.12909602487713046,0.0001533420563842495,273.24695214562263,48794.329401178344,134.34984450298003,24290.840916743902,1.3452576558294158,60.645890793586915,0.8288595295675397,1.89850576868551
226,1667.2554516938774,0.12729452429521626,0.0001536014023453302,262.70121142410085,49113.25234586227,133.6288271978632,24311.82926124517,1.3471828369403474,64.55968803811028,0.8121546808963418,0.9123168631442695
227,1669.3139475811663,0.12617331868494686,0.00015387468442043322,261.3978028520039,49431.18005654786,133.52199104242,24327.24778904321,1.3516387611412395,60.52879740431598,0.7919123627811195,1.9566854524996131
228,1668.4478330217546,0.12436854787520035,0.000154154518601163,262.72186182130605,49750.68717634717,133.46240503098977,24343.874211543625,1.3504002755264883,61.78299408196036,0.7764091690980359,0.7553585313299322
229,1657.6567176933652,0.13336201889176225,0.000154448134496338,267.80759901772814,50075.34466831869,133.67762998284007,24359.222765050195,1.346269628292885,60.71686035353629,0.7596574525730808,1.5025928049846868
230,1649.895891194238,0.1391431060287769,0.0001546405403310802,278.1461888316323,50409.905009093374,134.10402147606663,24384.625865216753,1.3435146732786962,59.86352904157988,0.7409345171567953,1.57392411668377
231,1648.325068777534,0.13906766052912622,0.00015476669131361844,291.0473877780993,50757.07349703649,134.23389354023465,24406.782176655095,1.3324734064457606,58.51826725734123,0.7234700411671501,1.8539455420271906
232,1619.2449625443853,0.1568365841934889,0.000154889410723505,299.62204911262455,51112.7894393255,134.84903117078503,24432.069965336927,1.3399378568928857,58.03712360439114,0.7134455495157063,2.9396523359537525
233,1617.8117549639646,0.16744576082953022,0.00015481886677636098,319.6075852855331,51487.56558471417,135.26687257657,24458.6305784981,1.3429508105321635,58.83460029262257,0.6952480909204204,2.616352276172961
234,1630.0230168515186,0.1610176911783494,0.00015463271419383047,329.10336357969584,51871.75548685683,134.99978506584583,24477.19434599806,1.3372299290972556,57.87864420449587,0.6859193839019323,2.248971897418187
235,1624.6412487309447,0.1616168068497038,0.00015449701884006026,325.1860781089879,52252.27918458069,134.99956943401446,24497.77254379397,1.3428576178299516,56.00110964140944,0.6729638698810009,3.414307150367918
236,1594.6643597139023,0.17675912241081015,0.0001543528007885045,337.3131538941794,52644.60727918022,135.15836627649227,24518.734623283588,1.3434347975453722,55.39390172462299,0.6602919963018619,3.497078216094792
237,1585.1787646283585,0.18423211449191312,0.0001540847279137136,355.20799377444695,53054.09479482622,135.95404207722135,24546.28422177174,1.3484575856392802,55.78686625933689,0.6443519329821945,4.33630080769737
238,1583.4560001453933,0.17207628923901575,0.00015375030846767515,347.7609634377818,53455.778703160155,135.38482853914977,24598.722914166512,1.3477053491527942,55.89887081549616,0.6368675754472918,2.772967379272643
239,1589.320299466889,0.16691412446471698,0.0001535457214684053,341.14020210194366,53850.917259991445,134.97385701790498,24442.630309168606,1.3427136223258003,55.575425106281855,0.6259894236000104,3.836996052212257
240,1580.2478261852018,0.16398332827646034,0.0001533943576040724,332.5358902800688,54237.70465126808,134.5360909646256,24500.120162312658,1.3357988698257017,52.97982049095144,0.6155837468621885,3.709735059142133
241,1580.7540961233972,0.16520661940893788,0.00015322668637642037,292.8489504097802,54584.388401227,134.66795507709446,24566.54147600118,1.338462909984577,55.423137806529255,0.6041904352691572,3.631791973663127
242,1552.4312762047111,0.17733768085368085,0.00015304551150832055,357.3625000748029,54995.50635637168,134.5366551362086,24642.113123260482,1.33152809112462,54.283400643288786,0.5957401402886703,2.1948472978589137
243,1549.5361342553556,0.18131431759963001,0.00015273348402041866,352.68488897774097,55401.24914621803,134.89901083596067,24706.088611257663,1.3332297464601086,53.34441508374631,0.586594129350883,3.086237485161604
244,1541.3021127295335,0.18287387499717234,0.00015237955122776437,352.66279116948147,55806.875525044816,135.0933330912831,24783.045652940105,1.3301866562271503,54.61541135784628,0.5776774851111373,2.205431192921324
245,1505.1890357754946,0.1943582743452047,0.00015201128103642345,364.0079168842866,56223.57938905923,134.9053512310225,24845.823918109247,1.3350899627799713,53.65361815694648,0.569477286811448,1.517240906716637
246,1488.8284578244882,0.2053041990413249,0.00015155553973235548,377.0214311733384,56652.19405465934,135.1414832548603,24901.852866219193,1.3301743754114999,53.331922271321694,0.5614727020489955,1.5638724071239807
247,1496.1203895990334,0.19823795843023417,0.00015098593043266098,386.3007119317067,57089.52473223543,136.6776516539888,24966.440195278305,1.3339605389434448,52.91693060640476,0.5538097357815535,0.5376418908798968
248,1492.4142141396107,0.19761073771573834,0.00015049263358215737,371.5365002913368,57512.36583970168,135.30479846255278,25022.424618395286,1.333148675011019,54.02623585953999,0.5464254374577284,1.103658102706376
249,1499.1648515037755,0.20426616233876904,0.00015000656427302406,379.1957724197385,57942.741058181564,135.43191221553002,25073.595812973563,1.331031315397276,53.25892903388262,0.5396707733615472,0.7635366463296265
250,1490.217569576376,0.21381619185805212,0.0001494486737370174,391.7553732134309,58385.828084233006,135.54629836701992,25109.051266965755,1.3294681306187353,53.614082075067245,0.5330904913984899,0.975832014020412
251,1495.1322982521563,0.2118899112294974,0.00014879023035819703,392.1556659957978,58829.07160855284,135.77238278269056,25148.226383487006,1.331215541176246,52.42849856623458,0.5269295633621951,1.439938473416703
252,1477.9333657284394,0.21461348720566953,0.0001481469327870971,383.6978293921994,59263.95870624083,134.72813229017567,25192.676687298223,1.3300645863608658,52.387297359665865,0.5208435010354735,1.705063659504276
253,1471.4887751936153,0.21401648231674097,0.0001474789298575893,386.5406424272395,59701.173146969675,134.58218884717303,25244.290937896207,1.331404348470413,52.0633416622766,0.5150685454204202,1.6493038154353314
254,1474.1982534035117,0.21233035008023327,0.00014682305594055625,378.0269146351039,60129.67903503899,133.65260635034147,25294.986404637577,1.3323296385595809,52.28734088137695,0.5095204960655464,1.593601051971163
255,1455.6207941258353,0.22387625500625208,0.00014618773869345947,388.59349982736194,60568.71439708117,133.47554131012714,25339.18216091022,1.329651789465876,50.70356471633828,0.5043055356324039,2.1731032410018685
256,1448.1637713619898,0.22963499290206546,0.00014543125076349066,396.52281063241463,61015.280731186314,133.87120096122942,25378.843718646887,1.3316542556424136,50.63169865810807,0.49903566188926435,2.09384225351414
257,1437.1594882304437,0.23771948555886768,0.0001446160946740557,396.5151566723066,61461.53997906798,134.26658793154664,25411.838107450698,1.3341538684296603,49.09298426162584,0.4940210893731097,3.204613463667556
258,1430.6247554624745,0.24526811155927597,0.00014371874216792437,397.4119296702295,61908.23121559602,133.5970581644967,25452.143439389092,1.3316136237286453,49.46532122794846,0.48896425164472473,3.064266857428251
259,1438.1881555849284,0.2466082066737163,0.00014274550760152172,400.96667526921186,62358.39754456291,134.0103204214506,25516.17834251973,1.3342291961389576,49.58768808550008,0.4842456201236372,3.027606943321217
260,1437.5210140449683,0.24320412113063328,0.00014176228226222404,403.5987267232091,62811.46371339567,134.19154666772067,25558.454674997767,1.3336807574056206,50.96105633661311,0.47979731752651283,2.715897439684042
261,1417.7615298960618,0.2595788785758778,0.00014084296785903854,407.3852205206271,63268.123722788456,133.91326849176875,25598.102377458432,1.3351440254919438,50.65637511103069,0.4758662034700099,2.0269687527986378
262,1410.9450707217543,0.2638918630990629,0.00013975325115479347,407.39282275282574,63724.38570495474,134.9552925148984,25637.33490868203,1.335159013094444,50.5756778374502,0.4720558900208322,2.070424090435722
263,1422.9726135645772,0.25947694578579084,0.00013862277051115304,410.6505975753902,64183.81647288862,134.59844067321185,25693.399088826907,1.3376710900460318,50.5462044787824,0.46843150547125084,0.3189433567258817
264,1438.4392050409197,0.2519821225233365,0.00013754470660577218,399.01976441700106,64631.87898228751,134.10157643877864,25738.405477912598,1.3365108080864903,50.09361063622198,0.46494827995431426,0.7971574988849426
265,1441.8574435068383,0.2524950676494139,0.0001365866915764317,405.6727361688443,65086.986349048864,134.0178785382808,25782.62716565744,1.3380335543154838,49.46511346814759,0.46156260360700213,0.9037730519486757
266,1441.1045824161286,0.24936359762389515,0.00013562729497856098,404.37578024311824,65540.89222159823,133.67780292521454,25843.12404902589,1.338111907092822,48.795079655349085,0.4582235233256963,1.3549797372984642
267,1435.8766293778156,0.24450352573757583,0.00013470530984443336,401.8976019478653,65992.24681191775,133.88980993528344,25916.229282447704,1.3357627860356758,49.84025748276903,0.4549232823552824,1.1297326849103086
268,1431.4488915621507,0.24008435977211928,0.00013385496225906652,396.43835843371824,66437.88583132881,133.66044526946314,25991.899362796084,1.334355295529199,50.25384585745206,0.45202002832292826,1.096105624939426
269,1434.0738564084738,0.23686037646611502,0.00013306970026252823,395.8525968577956,66882.73107117298,134.2458236622908,25792.524226311176,1.3360303196799788,50.47873396876811,0.4493556214965687,1.5231430923124094
270,1420.245140842028,0.24725053453840196,0.00013232146994900524,397.84391245528025,67329.66402550561,133.85750845419102,25870.598047276377,1.3392565413635769,49.73300593522073,0.44685746518559316,1.5007769128837083
271,1397.1215453728653,0.2574108456158809,0.00013146514204568632,399.64585757618534,67777.94979842192,133.08483349478863,25952.262815529946,1.3369526690682725,49.67348007844763,0.44433322800892255,1.2624335475770323
272,1397.248034754277,0.25401878198464356,0.0001304988909342857,275.47524155709283,68101.45355331652,132.9853500902831,26034.64222126294,1.3382698618038809,49.18199697619926,0.44192578085278045,0.19060518932695913
273,1423.0932985724623,0.24224219810121772,0.00012958192454356232,485.7397986155303,68635.09904630655,132.90202293134888,26129.59320827631,1.329263667381482,50.38377836150356,0.43950398935578017,0.28849772515408745
274,1418.871317698977,0.2423970798384022,0.00012883051651202293,414.54172731811536,69098.42418575255,133.1157909859742,26211.037641994535,1.335129789888071,51.060072792314834,0.43747135672801524,0.122501153554893
275,1434.9572409606926,0.23672221971026175,0.00012808046766627691,393.3326851858066,69540.43399916757,132.55441639035652,26287.204495296228,1.33864434366647,51.368531620037466,0.4356901369106924,0.254239618435264
276,1427.9338660941778,0.23205095405430187,0.0001273949152531167,391.0408781026305,69980.61155777452,132.35865211000757,26363.244948619868,1.3383209595204073,50.92820975981721,0.434076197987825,0.26239425899125024
277,1436.968543843882,0.22940936948435886,0.00012680789815913433,392.449833662805,70422.01153840635,132.3964211644702,26430.648810493138,1.3364029525954755,51.130483609048795,0.4324698413590647,0.2885489930549028
278,1434.479139550565,0.23262773926013935,0.00012625197259260614,293.69882270685906,70764.8698160076,132.24901211306937,26491.07151362027,1.340034147818441,50.49952942519146,0.4309964273757981,0.818423105518022
279,1426.4453804163854,0.23772388110579235,0.00012566410880188265,461.9423903992758,71275.84336856558,132.20297548089098,26548.759227157563,1.3310320168808987,49.706472858720275,0.429470824294124,1.3355497933582967
280,1428.980107852311,0.2393343666431853,0.00012502583065287061,407.806039973515,71732.47178844648,132.06583897546113,26606.479843029945,1.3382182531718416,49.60929009402027,0.4278729991054337,1.6355830472279678
281,1402.4131688263822,0.2503319552229841,0.00012437383223629615,405.38769197226173,72186.70901767141,132.3929185973109,26663.482235709384,1.3400000051550378,49.362131239460226,0.42634964972569533,1.5869545493113577
282,1418.73526229784,0.24303651743299937,0.00012360766668611134,384.9866654285357,72619.78554681045,131.75080238887358,26724.230092775644,1.3400990755072433,49.30762306738071,0.4248564346503277,1.4681112386916055
283,1438.0613066330318,0.23468454589863808,0.00012292579669637724,385.2170572060411,73053.5165247916,131.83513457031876,26784.750088057866,1.3394334132939012,49.920232757423285,0.4234313284454806,1.5062065340310795
284,1415.898293997773,0.2464004419675213,0.00012233606742262178,404.64707259402456,73507.0514256299,131.96975196875536,26843.709161368395,1.3404014970655174,49.73440564311183,0.4222173901057903,1.5825777586213974
285,1418.8036791059205,0.25487571315321,0.00012161620602443282,398.1611361146345,73953.59259735043,131.39616247585593,26885.582251372947,1.338444410328214,49.08464683766842,0.42103416902933527,1.4587513848848204
286,1432.5809117729823,0.25189213871807326,0.00012080230017300402,404.0687357995827,74406.07416588158,131.91742720032687,26925.308529406313,1.3406901689361523,49.18259350071652,0.4197760248722852,1.6041172601878202
287,1421.9258336642386,0.25579318981150145,0.00012002728044260094,408.005320446948,74862.91413086194,132.01222340401264,26957.619908839722,1.3420063023137898,49.30995472467659,0.41861319303015315,1.6514401150368911
288,1423.7846525767686,0.25363369517424683,0.00011921083154740094,400.8947613215181,75312.31761046927,131.9299580502142,26992.224376117516,1.3419400839164102,49.162423672884415,0.41754475545950115,2.1640504839329964
289,1413.5382748795514,0.260254362595127,0.00011841973925644811,409.52239299373383,75770.41343715297,131.95306059165262,27026.350191275615,1.3399323824451077,49.11939293785317,0.4165185052511814,2.1055533751008397
290,1417.21742818875,0.252194405700673,0.000117559287143594,385.6692225795505,76204.32301229324,131.30300233151914,27077.54891173176,1.3413638548986528,49.338720065354565,0.41554069555897577,2.1157176980712222
291,1428.4430790944632,0.2455988362881848,0.0001168047344501574,390.58809194468927,76643.41527450187,131.11374557339002,27120.24196218923,1.3450973442982224,49.09750039181806,0.4146666593051976,1.5731150995448502
292,1408.335245022237,0.256069504380703,0.0001161486725709111,400.69737846610684,77092.92278535724,131.01574173995118,27169.121974004553,1.3445807821900457,48.70049214870443,0.413779202861516,2.6474806422231865
293,1396.9177743639614,0.2645711996476896,0.00011538356532020093,405.92797180520415,77546.92401207617,131.00946626225834,27216.02318385838,1.3441125374361707,48.8021784637761,0.4128851387789741,2.13114350779
294,1411.3760499752896,0.25638877931479487,0.00011453324553374652,404.72761511542876,77999.54169983271,131.0478384036049,27275.165059817395,1.347347284658196,48.272686943062254,0.41205257314213445,2.191328088481143
295,1428.512381998154,0.24708062693062938,0.00011377407796361534,347.4908471978981,78395.56761982586,131.2361580507509,27332.991150393333,1.207543016124239,49.964232129336274,0.41115752389205806,1.3396004297490265
296,1461.489434964228,0.22226477089516117,0.0001131165766440685,329.56640295516996,78774.31206111718,130.46617818689145,27398.116709988182,1.3287236759109349,50.677279949448476,0.4106433664905783,0.28750826883519665
297,1485.521188042772,0.20878540116021305,0.00011273255206335069,456.2717868758492,79280.61509884607,130.95255839164946,27465.619174029107,1.3386712241691083,50.57842912663803,0.4102893067660826,1.0771114981764498
298,1488.2612575721769,0.20104469786175239,0.00011249761901161023,385.3491337809572,79716.71197335931,130.9771301034708,27532.352899207945,1.215972247389085,51.51366666570432,0.40995861796165683,2.1096325884910243
299,1528.6439120536938,0.17579027532293712,0.00011234471599914933,279.2884976548942,80046.74731803758,130.16556545040936,27439.211439918203,1.3325801311726786,51.21025355994114,0.4098770846380183,1.4413826169719925
300,1511.9167845377863,0.18142951791411255,0.00011245700983170969,418.7049117526447,80517.3730145743,130.52898778062146,27516.503192514276,1.3338333792627832,53.133643116778366,0.40970076903780805,0.8957024309319195
301,1515.4416692899763,0.17956547396423217,0.00011250439457384517,358.2122411941743,80927.04478431071,130.48853349207567,27603.223989157435,1.3366061365834685,52.61199047013564,0.40993858852013276,1.4511599867089444
302,1503.4434283851817,0.18133937148929213,0.00011256341966382982,329.9876188449499,81308.5598334776,131.0619286778018,27690.426860972257,1.1968291388650065,52.422478918270265,0.41007368148541495,0.13799091745310932
303,1506.471360490486,0.18117309979148088,0.0001126069932331062,346.57483128986786,81706.3007326718,131.20179904406928,27779.47351277886,1.324788214468481,52.52351459519846,0.4101366326526378,0.0
304,1514.2242571682432,0.16900657854606094,0.0001126690177109787,335.9034266682228,82093.32880143006,131.69436951143493,27878.378802967964,1.3254837559456962,52.74987135306594,0.41022193381897415,0.05780878641641607
305,1509.37021289953,0.16650678559859744,0.00011260982302940706,328.207239459566,82472.34488542467,132.73492095027825,27991.846422462047,1.3276282208378243,52.18915480860695,0.41036001375051956,0.1822488721437452
306,1509.8638844366353,0.16288778648820068,0.00011257000886024636,295.5224428599189,82818.61687228057,132.90408616262292,28107.479047927878,1.1869468901346787,52.93945486270766,0.41038149929564116,0.0
307,1538.1827130696322,0.15024101081835795,0.00011258155583898997,242.91550656763616,83112.25121603566,132.6153373755859,28216.886204690414,1.3221982559790206,53.04676966204024,0.41056510056915135,0.021635313327962535
308,1509.7131095974198,0.1663852467923339,0.000112725621550497,368.5504478639346,83532.29488918537,134.16382561356767,28324.646723123267,1.3251447857055607,52.40235144297863,0.4107701077531149,0.0
309,1498.9775095050236,0.17196336546287472,0.00011270499080711541,313.11450276281397,83896.13146161256,133.22063521881722,28432.780866092373,1.325991504960103,52.425357700326174,0.410833609532308,0.8604505620974692
310,1511.4180977193143,0.1720430462871021,0.00011262380476260601,325.07929087423497,84271.63219986754,133.3571611292753,28539.669859365906,1.3218152222331232,51.93302918250396,0.4109269349487172,1.753984302173933
311,1498.6698639365463,0.20220984901069372,0.00011252278069321232,341.70680600612565,84664.00010727474,134.17644394045044,28613.47312893554,1.3238766298751001,51.601880737569786,0.4109390933600288,1.732859413426425
312,1503.5547597168766,0.19947640393291222,0.00011208859020694482,368.26369406504523,85082.55493601153,134.7981072514671,28695.953864133542,1.322812729778977,51.74100394982859,0.41088625213458685,1.7658804351603266
313,1494.8151678395475,0.2046799157374838,0.00011160395198409313,382.6287504090454,85515.42089695309,135.05295616630866,28779.027079933163,1.3214731763426169,51.65161545928035,0.4108735482451114,0.9233664289088921
314,1492.665039735365,0.2080351345871978,0.00011106585736206361,376.65075017550635,85942.28051879318,134.63644228619975,28853.965389849214,1.3252922643831047,52.248052514319085,0.41082872861759756,0.0
315,1495.8714577289777,0.20866839588398067,0.00011049414301106516,379.14540708877297,86371.55840364067,134.47004311238788,28921.987810191258,1.3223281073002666,52.63777156838806,0.41089814249781204,0.01310878074775701
316,1494.8720771617805,0.2153551945783141,0.00010991787927650338,379.78340581235034,86801.55131674417,133.69355540040058,28982.00575874349,1.325253483097047,52.452246720717596,0.41105190022706345,0.0
317,1505.2872236824935,0.2059209912823904,0.00010927340520277439,379.6467599061783,87231.28712194334,133.12265077027016,29058.545270929593,1.3239737631938553,52.415700402935116,0.4111801552284522,0.0
318,1502.3264053995615,0.19701235947132734,0.0001087277873541356,363.3496090639822,87645.19464439292,132.9529601829666,29137.872103587404,1.3260824252623518,53.1694227583578,0.4113010678017925,0.0
319,1504.6493201122137,0.19497200302649775,0.00010826604898868963,340.79458951915734,88036.42574005193,133.03742153894692,29220.116368517287,1.3226562205772479,53.33439125849442,0.41158396996050406,0.0
320,1503.3595097462023,0.1938556173792132,0.0001078113402890441,400.1377826892546,88487.07480704994,134.01416515852782,29303.15324977385,1.3192305062862597,53.19610140892634,0.41189476947722675,0.0
321,1525.4580472046475,0.18049168229303558,0.00010738551710770124,307.63520369376715,88845.15760728695,133.47134297815379,29392.211019290662,1.1433756988173969,53.78026163612188,0.41216718297181165,0.016898530641199727
322,1532.651498560304,0.1754079330855992,0.00010708768053832597,286.6883857988509,89182.91090466014,133.2180058534088,29479.865813510904,1.3175859795948557,53.73229574389645,0.4125580145441345,0.0
323,1538.0010016057527,0.1757141850624201,0.00010684905831702212,417.6207101420897,89651.83917274034,133.9140722136378,29561.787973537535,1.3125639440843575,54.39396251040864,0.41292526701909543,0.017059418544576488
324,1555.865881945717,0.17226516367901468,0.00010660446283043471,311.3646574597771,90014.647766488,134.14514121780203,29639.209931483758,1.3150303952803017,54.557086598323146,0.41341902473915504,0.0
325,1586.6243988782282,0.15624521846954686,0.00010639645833822481,285.9342316069922,90352.54069747246,133.3270777841497,29724.077539114853,1.3197869035666863,56.09603586558403,0.4139327338099765,0.0
326,1589.4253740630102,0.16112258013232794,0.00010633653500417447,363.21258012021536,90768.71282045817,133.32448100887723,29799.707179163826,1.3057534050830084,56.44279471443699,0.4147563251267544,0.0
327,1593.7637291010703,0.15934528828041516,0.00010625703449145096,289.2286575339784,91110.88604942571,133.18146504622848,29875.747692776622,1.312323672456922,56.589858919463936,0.41561920397498237,0.0
328,1595.3142658505658,0.1632905387848581,0.00010616682158207726,334.3920366011209,91498.44683404546,133.9344111263631,29947.039603256562,1.3092551628417717,56.3027838866265,0.41647664788707023,0.13185341815164975
329,1627.721018112217,0.14974720932050622,0.00010605716368472359,278.3402571168873,91829.96046102913,132.4912058009944,29990.837688464206,1.3102913959100908,58.537713231042375,0.4172392704069018,1.1697684304461546
330,1623.3356235138535,0.16227657344800062,0.00010606896431049604,323.48002884828634,92207.65154897803,132.99206993379673,30049.48852518404,1.3047996791900995,58.23625842877839,0.41843576068220006,0.0
331,1634.628339089092,0.15564463283518415,0.00010596439215857611,291.82235667649354,92553.53589323326,132.68998554655005,30108.34908967618,1.305168941069347,59.36299847156912,0.4191622953095148,7.855671106329211
332,1634.9434116051448,0.1632843819938289,0.00010591179583159782,318.33375227787866,92926.22998664266,132.99476607340884,30167.21752665003,1.1830604081783789,59.30969653509189,0.41765117130355534,3.4213142619352226
333,1664.4847700523806,0.15265322851141994,0.00010579257222397137,281.86152735796003,93262.49225155586,133.27977113438652,30230.187148923982,1.3052950132922043,61.50681615597739,0.4174988442060444,4.442232628855933
334,1677.6569175532345,0.1481130451062762,0.00010576147255434249,347.86950321826066,93665.72366863665,133.21599908058897,30303.64633680232,1.2934305650040312,62.118812189312735,0.4242708002999764,1.1720870011270392
335,1692.049805785676,0.14479531835737736,0.00010580046083028632,276.1155017207346,93997.51223841339,133.15534273831847,30359.183389420774,1.299022263464516,61.82182533463764,0.4245390274349576,1.4922328122097923
336,1674.6669761324297,0.15428670927342025,0.00010585592384946539,325.95612536055364,94379.61445674281,133.59253345283173,30412.769344850563,1.2943253160050257,60.67809033175655,0.4274843840387707,2.4112994075492793
337,1690.157194958059,0.1485385432362809,0.00010583338764524834,287.80098732995333,94723.1928196277,133.41460731506032,30463.507042642927,1.3007372296811797,61.55036103021506,0.4286953540884663,1.0422730192798468
338,1704.877286566384,0.1476924150471921,0.00010583553152222189,318.33800184621805,95097.61229928595,133.55460149482852,30517.68621310129,1.2966135051165517,61.516135638206975,0.4300043724025996,0.07410748952874258
339,1722.5208182565927,0.14259801773547542,0.00010592833228583861,267.3538282625008,95421.50308042893,132.73104864597101,30563.886477317414,1.2996926471588812,60.71713344979787,0.4312224907526348,0.5973299369713203
340,1723.1611854462533,0.14275692562726972,0.00010596580207402094,325.7864611493533,95804.12516593676,133.71654960333723,30612.959897084467,1.2996227772061166,60.52460068376848,0.4322520875157088,0.1543300328935686
341,1723.0217697790663,0.14788568667377855,0.00010600038646091149,277.7234426966664,96138.70207456705,133.8483178387583,30662.741689081762,1.2997246482034444,61.11994129119659,0.4331837697692824,0.1410141432771468
342,1705.1323106299742,0.1540643176466876,0.00010596299535000363,303.16075906814524,96498.65773774925,133.12894712801182,30706.286149796084,1.2970181556110159,60.788270577383734,0.4342014195163961,0.0
343,1699.003846305759,0.15977303169111567,0.00010586746723067599,340.12241628979564,96895.07548467367,133.5492407662773,30751.95850210509,1.295998833808276,60.224558713717514,0.4350993225196504,0.0
344,1686.3541541419786,0.16537938011003894,0.00010571248025826299,306.75243479166227,97257.79879318879,133.17206649223385,30795.296024587777,1.3031063060340353,60.28848374680721,0.43583730745876165,0.0
345,1669.5406218637575,0.17788983617761212,0.0001054911918469207,361.48492379102544,97675.19266993323,134.1224412746502,30832.848849625567,1.301226518029733,59.56185064197137,0.4365576128529497,0.0
346,1666.2051916221817,0.18037083231189566,0.000105124649461965,355.5724506176649,98086.10182148281,133.53435604440747,30883.720001391466,1.3015549830892283,59.141447185444996,0.43709204608926416,0.0
347,1654.4024276041648,0.18745501421398003,0.00010475932888257575,359.2991241414165,98500.58545833759,132.923683596917,30929.233503409716,1.3043175903355935,58.22582958082143,0.4375154301768631,0.0
348,1641.7481421333666,0.19460102043080685,0.00010432865895059501,381.9266554167358,98937.41090766802,133.50786084644147,30977.301236658135,1.3088954947916869,57.89067499795611,0.4377274410280703,0.0
349,1649.096844044197,0.19150440399008972,0.00010382647622066452,356.43099256754846,99348.35781199385,133.05994970534647,31013.489904396232,1.3100420024743455,57.87089645397741,0.4378628349177771,0.0
350,1634.9986259487787,0.19704140040100715,0.00010335852243351512,382.25483526025414,99785.3576539971,133.65104754732096,31054.381403210235,1.306301453510664,57.771648403188685,0.43799289103551525,0.0
351,1639.335120022322,0.19582190944234779,0.00010283273470562472,387.50779155446514,100227.23939001179,132.99653732380523,31094.59794000368,1.3097640312318206,57.872831594378425,0.4381008631779433,0.0
352,1641.1627819638597,0.19971641419872666,0.00010231705313627395,393.5732755822441,100675.21853671853,134.08722559063276,31125.220387380483,1.3090083535342525,56.56252557952679,0.43823070268880915,0.0
353,1647.0451104615413,0.1935091308493374,0.00010174445676575808,394.59605214883226,101124.16284869221,133.83886458485065,31160.93804078514,1.3063113470101242,56.9202287672865,0.43807945861265546,0.822119781971935
354,1636.1220130400286,0.20019041421351036,0.00010123537803161823,394.3130498551429,101572.89813896231,134.2146864446289,31194.514969503383,1.308491590789125,56.47056025871836,0.4380366690280677,0.8753959203408215
355,1638.3864463210543,0.20250856324561228,0.00010065352306395815,378.790348067641,102005.81038207942,134.21494262122764,31223.86598476844,1.3085107841905692,56.38796506477241,0.43790345572501715,0.8837699847508276
356,1630.4761862421526,0.20624942500890164,0.00010003555007096409,404.7527076071861,102464.65062458512,134.192768150756,31252.35749437139,1.1865601423166503,56.405177768111955,0.4377696409370514,0.9092254321587632
357,1645.409427223784,0.20081752305104528,9.937918878226765e-05,375.4769328978946,102893.99497974245,132.82909136740486,31275.87910803076,1.3035208898152495,56.75510683401507,0.4376523874951304,0.9310228874817454
358,1633.08113051438,0.2090289575182983,9.87786207375681e-05,414.48435511442716,103362.6533167114,133.1550326982328,31297.35958287275,1.191746134261701,56.624368438851576,0.43762189968940507,0.9464866568169867
359,1644.7379896797636,0.20241265380942253,9.808610361963702e-05,386.41990543513936,103802.8367163145,133.19413413768876,31324.279749987,1.2974003094482374,57.116302737701815,0.43757084537759783,0.0
360,1653.2547906365562,0.19713268074196988,9.746009672488542e-05,386.3576102268712,104243.16351110177,133.4401646957665,31348.92451359427,1.2994168780280386,57.47419934905379,0.43756005128101044,0.0
361,1657.238063947291,0.1953131852864326,9.689235676616545e-05,381.91361180195264,104679.20460048961,133.1064495387168,31372.1013820203,1.2963432096828402,57.58833681072174,0.4376318493640737,0.0
362,1663.133765332286,0.1917528000228944,9.634540784463899e-05,383.76836969095854,105117.2632742627,133.14401303170408,31390.760018576715,1.2954988377014784,57.976877078957024,0.4377299313524869,0.0
363,1665.5143824672698,0.19211508224489005,9.583784925006378e-05,401.3920145639168,105573.17864309513,133.40466004393082,31410.021934306504,1.2886879920416745,57.6754923955766,0.4379116287814822,0.65714184289142
364,1659.407984972003,0.19331359842127593,9.532822842310336e-05,381.09330930533383,106008.63691057287,132.95398470847397,31429.847204847956,1.290120567598743,57.64164264740555,0.43804119037709666,0.4769999339883526
365,1662.0258404906176,0.19364133396806593,9.480772445868117e-05,381.81447771966344,106444.71733676588,133.4240123696564,31449.06343951893,1.2897008352884456,57.13045667989223,0.4381579706093188,0.47252366176391547
366,1653.4213212801435,0.19805971237055786,9.428533066899203e-05,381.5193360898247,106880.57809192612,133.32569218630098,31471.914297438434,1.2901237799025136,57.02260789175071,0.43816481820528264,0.5321186696661613
367,1663.6328490976562,0.19632735415787195,9.371738146547735e-05,371.3718620601034,107306.0324264705,132.45410923803416,31494.480504759114,1.2894372444908333,56.90942308806038,0.4381419382665154,0.4685774670113716
368,1667.9386857783945,0.1975486527269268,9.31694999422797e-05,379.3465839190387,107739.6242538224,132.37383520782143,31518.048912248923,1.2888243153756493,57.02252563429418,0.43811292228531057,0.5049341970625107
369,1672.061059487903,0.19272116868988842,9.260723124766027e-05,390.80964968388645,108184.7766081325,133.10437020735384,31552.659327355428,1.29015095880457,56.41103143286669,0.4381157618728294,0.4650347460221269
370,1676.32925757543,0.1942690478578606,9.211403216085321e-05,385.9318220351994,108625.33550010921,132.60869339667923,31572.986034554655,1.287000684644943,57.25639741504547,0.4379920268136025,0.795860507791204
371,1691.4608475423038,0.18911633403868056,9.160778240040493e-05,378.1399789101704,109058.17495066965,132.86868718636066,31607.78481569574,1.2902644214291719,57.048621202573244,0.43806865085551316,0.4618908868002194
372,1685.3518255524402,0.19483753866152587,9.116079827605156e-05,380.7500783841292,109494.11883334396,133.59822055233315,31635.02189665752,1.2841028357449078,56.96013929870561,0.4380940837047679,0.45976873124615736
373,1662.862628984057,0.20580453282770517,9.065384133354525e-05,390.4381654792876,109939.51962508948,133.63839802090808,31656.261574849246,1.288929543053887,57.07785164460173,0.4381045130486435,0.4580297379496301
374,1663.1554427187452,0.2073115932541102,9.003142883323992e-05,398.24814397637584,110392.1035479969,133.9944120466799,31673.45969822546,1.284551574061766,57.028188146090244,0.43814477860322026,0.45665840130592983
375,1657.8658358795758,0.21063940147283744,8.939476954165657e-05,402.024172510179,110848.39769759221,134.36857020529962,31689.685412797593,1.2864093596261783,57.1794846906004,0.43817757593451057,0.4549282088979112
376,1658.2755097628847,0.2114921049757279,8.873165604738311e-05,375.9225054210451,111278.42322274309,134.1719553374527,31707.016483940035,1.199463478707671,56.82268547044609,0.4382462271301634,0.6684818087308173
377,1657.9046468950542,0.2145522526869561,8.799918341754032e-05,382.31882124712786,111714.70435937744,133.99708924427895,31725.081469201887,1.2694208901137123,55.91799357236288,0.4382455041043005,0.5626531067113802
378,1646.5330261771833,0.22308992347299517,8.722298311889768e-05,422.1964348978563,112190.71338158133,134.84122949366204,31749.028343892518,1.272951770110965,56.277062313830385,0.4380539259024562,0.4497912446425971
379,1641.2925172861032,0.22649861137577765,8.635946939435301e-05,397.03222216543634,112641.22736052191,134.31498474749154,31766.704622062916,1.2753972111081162,56.304638039687774,0.4379511753746067,0.4480912168710205
380,1617.618109487405,0.24324700832484702,8.545626185975545e-05,417.51214112168003,113111.96578633439,135.25704164534335,31780.426759785318,1.269012450675467,55.636505417643605,0.43786459274243816,0.6248217557688776
381,1626.5469583333645,0.23784332591107427,8.432206930501077e-05,421.14636133707205,113585.60582003623,135.7705290951712,31792.678665578813,1.2756468774110432,55.77242191471247,0.43764892923745885,0.4447568033206295
382,1606.5643793626589,0.24872357530466194,8.331299638830023e-05,391.3792376254249,114029.79234914038,135.81594682800784,31808.696362180533,1.2766192851537104,54.72249517958939,0.4374739031155247,0.4427335439405766
383,1601.1355300203543,0.24003334284861855,8.220671396232759e-05,-2251.2886384918165,111830.73894861713,132.8989164832681,31607.259503997142,1.2792722985659464,54.64333971045788,0.4370757569998756,0.44105853602809475
384,1589.4515078815375,0.24694848699113792,8.119991544456265e-05,2454.9792444248637,114337.7544410445,130.48797887721568,31636.065246990896,1.3188209595388052,53.62708337559829,0.43667332453909535,0.43975655408043224
385,1733.5773675530336,0.15667628419181479,8.012276531530068e-05,851.3771386653932,115240.96476268783,131.1588700840592,31655.905518844876,1.308562968396679,60.17858304318379,0.4360789102669853,0.4380803879982125
386,1724.4731803807024,0.16391547308960341,8.00118084805549e-05,435.8134210381205,115733.40027210597,132.0935631347326,31673.585714888137,1.288903730781727,61.434802951539524,0.43576146678490973,1.847338240009222
387,1727.5496021331564,0.16210198602727244,7.988040136493276e-05,345.53261484955755,116135.37800974192,132.83654190371684,31695.1981954825,1.2848746092712455,61.9702552198285,0.43644717839092806,4.069150160279349
388,1729.4487522378201,0.16206904169055103,7.975254263771451e-05,326.7208791119924,116518.63716485168,132.90233588527073,31712.6845603086,1.2867014393402407,61.46551946639258,0.43938933484724474,1.4203101655895125
389,1724.9847296887963,0.16413916282607333,7.963766700418509e-05,328.64253413183195,116903.8708731014,132.9303760044036,31732.340395731568,1.2853684619001415,60.70673633554202,0.44037772656325963,0.43148881380085413
390,1698.828985056549,0.17980782280036833,7.947211793469016e-05,334.24479766603,117294.4550830801,132.81300873686163,31750.757532638556,1.289957494989221,59.7616248213586,0.44112229369137784,0.42953365430977897
391,1688.1051942572592,0.18952874619274374,7.914974722568847e-05,343.1956882967379,117692.81317781727,133.01116812932779,31766.67084721804,1.2828825820981276,58.328460663105936,0.44163206170002745,0.4282188251783765
392,1688.20714724916,0.1917418279722789,7.870013337522809e-05,378.5623505178242,118126.08694108052,132.78981736636703,31781.00365946262,1.2891852674964936,58.62033114367979,0.4418144937354082,0.4264102161433527
393,1687.7150492558985,0.19445278004567668,7.822809559925328e-05,383.55423105512494,118564.31717092977,133.43116168403753,31799.613176090326,1.2872541379409719,58.28862922318491,0.4420549342690214,0.42487479113613347
394,1671.8997157184003,0.20170587562133502,7.772851093953595e-05,391.45057439959817,119010.34020978806,133.29330357855372,31826.192922082733,1.286050260477277,58.28032600056258,0.44221710242752643,0.5213822619252682
395,1669.5233170394295,0.20492028958341957,7.715332461163931e-05,396.9973637647734,119461.52568802073,133.03510621327953,31850.12239169456,1.2836667205856098,57.49715810118357,0.44237646872684155,0.42158440164871536
396,1666.3132088795915,0.2089966132973392,7.64558766148598e-05,399.7039574972499,119915.34146626995,133.61655591828728,31871.673325096934,1.28692238078104,57.492586103593766,0.4423626687328175,0.4199883268615565
397,1659.1879230520587,0.21381931044752078,7.572710351263966e-05,397.2146020245763,120366.52586527268,133.40564131741888,31896.262277029604,1.283857505925535,57.90392503839422,0.4423533100692769,0.4184773050336048
398,1650.475272522637,0.21860728378144156,7.503995518599814e-05,400.3450635878624,120820.5941058314,133.79018815295635,31917.41883461686,1.2860595872154699,57.628895208588645,0.44243709180468327,0.48855099637093247
399,1643.0653182661956,0.22252437001041248,7.44099257537745e-05,402.1492455744695,121276.2048342143,133.19806724926246,31938.35015806443,1.2851914445531027,57.3977432138345,0.4424767491378935,0.41549635673942475
400,1637.8875014880273,0.2252207194185908,7.390855972773306e-05,395.65251752537944,121725.1620449154,133.19107366441983,31959.282374648836,1.2858689166617052,57.36120790488813,0.4424679044636924,0.413736071886035
401,1627.1371367493073,0.23050861010135293,7.341851065641781e-05,401.87120721850386,122180.10036898124,133.07605693662236,31976.774236127996,1.2843566727328404,56.86834573612623,0.44245634700851755,0.4120901725383419
402,1632.7412840261156,0.22933203876213548,7.286611089362472e-05,407.35670417839344,122640.18364868003,133.28503270584582,31995.082729282974,1.286087900097108,56.902358414470406,0.4423446219222157,0.41060916369681877
403,1640.8680455818362,0.22593119970070785,7.233436189943069e-05,393.89241767832436,123086.84137890412,132.9797618706572,32011.64742896282,1.2843722431177482,57.0760262432204,0.44225043442698647,0.4092392710319075
404,1652.7250352380738,0.2235208123716831,7.183990160346905e-05,395.7989121251259,123535.61426361703,133.04168613064803,32035.400081380707,1.281839055411226,56.86911979041319,0.442202752669518,0.4074237752291907
405,1653.655317242512,0.22705919868451707,7.137192663060008e-05,405.50758399882784,123994.47162449331,133.49422852660535,32053.967568612385,1.2883681423179363,56.964451284985806,0.4421178262782897,0.24333317126554732
406,1640.464088794557,0.22943325231504352,7.086695729187187e-05,402.3365611761132,124450.19054808361,132.59432547416887,32073.43748258202,1.2839138476222507,56.980264366515165,0.4420581932309402,0.16828822839843838
407,1640.99155443671,0.2262821836677389,7.03376805161642e-05,403.4079497552175,124906.561613163,133.0347415565643,32094.712189553444,1.2853889006364105,56.52230453471917,0.44200774396351883,0.16371771773887644
408,1631.101017592924,0.2309274383354034,6.984366591657793e-05,391.64003684148764,125351.14854165338,132.53711236404482,32113.633640916007,1.1946132266427254,56.482276338040236,0.4418664152442006,0.23872579081883316
409,1646.9072193109623,0.2242256509447429,6.913476640899246e-05,396.93277832293575,125800.76792397011,133.12591066106253,32130.541832738883,1.2832447249081316,57.07001421032848,0.44173008473988346,0.33801255731583524
410,1631.4010594186968,0.23650664027593093,6.850011561561335e-05,418.31611806570737,126272.12407603968,133.1972577440071,32150.8588253406,1.2815494750940208,56.601956986974656,0.4417333121513698,0.3668347931513267
411,1637.3486297559357,0.23447229453301832,6.773777307581807e-05,411.86021335652026,126736.49172384886,133.74446343812778,32169.00034491199,1.2809147783855548,56.41742442253587,0.44164155394672083,0.3669339527482407
412,1632.6076915012463,0.23633948551980266,6.6989196467202e-05,406.84610740497186,127196.01902149769,133.44914457330663,32182.8201673652,1.2781279123352765,56.52133911816306,0.44151951053583566,0.4256766389540303
413,1641.3379097760642,0.23337953709710568,6.623504305293603e-05,404.9485483495822,127653.55222918536,133.90741558369447,32195.11612918144,1.2804019445415924,56.20466435206441,0.4414318055792631,0.17117239125110473
414,1648.4743074773885,0.23199292817778983,6.550690459680352e-05,382.4185109889163,128088.69051225643,132.48220679731924,32144.157017402962,1.1998569629764178,55.00125296124388,0.4412791176570787,0.0
415,1638.1239413491892,0.2376760900850523,6.47107912607452e-05,402.65088561199616,128544.23214804418,133.36852935236465,32156.941586771827,1.279278591921941,54.754441578968155,0.440877146777631,0.0
416,1622.052878061807,0.24824198414217113,6.385837538589912e-05,419.10268286081936,129015.74604512393,133.1991955998272,32164.987461397308,1.2753920582819407,54.35172537682856,0.4404471947077057,0.0
417,1611.5463090044993,0.25362944477729643,6.291007676635891e-05,417.80495477665215,129485.53246964057,133.46771425542005,32176.40212432138,1.2741767594367353,54.76160928689896,0.439957327586702,0.0782791168640955
418,1609.4673332357072,0.25661166164509697,6.199989072406323e-05,401.44137721893935,129938.70406129435,132.8050210704314,32191.757624630805,1.274965224137462,53.765536938489085,0.43958623159481686,0.4454152462764114
419,1606.0094571246143,0.2576345781043765,6.106440144164164e-05,411.7535402971976,130402.13815544045,132.8477068549888,32208.3565830975,1.2781566981226435,52.94549782552849,0.439034301691996,0.46663567371489023
420,1595.7468308773805,0.2667671599183705,6.0120571839239853e-05,411.45772953213606,130865.1537000708,132.57013368876397,32215.549769223784,1.2809816655017359,52.73537296886839,0.4383148839801363,0.4869104038422165
421,1589.1678737584587,0.26939662167701317,5.9090371028036384e-05,421.07072748963196,131337.47427314598,133.4567228098937,32226.33698563391,1.2826619063847904,53.4362670795408,0.4375917660069734,0.6134405128898379
422,1602.307982729789,0.2639338021270813,5.802599166726893e-05,413.265516262357,131801.82213772347,133.54211935566804,32243.363550928192,1.2821005113854993,53.20242603453609,0.43706253053017763,0.5439965665470368
423,1602.0856074787298,0.26360970137380224,5.7025364628725465e-05,397.72698571892937,132251.06967127335,133.63343731826095,32262.291779563573,1.2717129135934293,53.67492859788372,0.4365091111850329,0.5304662874106896
424,1609.2915211474262,0.2603357136434612,5.601929128363547e-05,426.859563495495,132729.33352732158,133.57708123958565,32218.142826485884,1.276546866181021,53.6767653250585,0.436092375286755,1.258193043941489
425,1599.8635260454907,0.26626809934565,5.5050673502406165e-05,421.8507631714356,133202.71506365016,133.9310947625234,32229.22204205841,1.279653141433196,53.61863136757778,0.43571922758885023,0.5617597359499484
426,1606.6231865069542,0.26409920290377353,5.4015170749070445e-05,411.69634454051055,133665.7842480586,133.9244321431589,32174.09246646901,1.279656924045385,54.65658981937983,0.4353398678684369,0.5717645382698606
427,1595.8813379895985,0.26893977829857363,5.301974178947141e-05,408.7546109588159,134126.1567450501,133.56125392035747,32183.02773591907,1.187818974365238,54.06736943729523,0.43520626147828817,0.5816083264520131
428,1615.946951206808,0.25861470240773154,5.179744891482969e-05,402.26295281348416,134579.72360602705,133.50107000171192,31961.49417278819,1.2758310942017166,55.28192408905599,0.4349580530296182,0.7732459048662577
429,1609.4651106738904,0.2633696437476598,5.068848966037238e-05,427.4150722737005,135058.90531169393,133.95078173349285,31972.719954536562,1.273699074155967,54.38259461321447,0.4349911519539549,0.6003693040935616
430,1597.9309287578687,0.26713127463484687,4.953660840607326e-05,422.5472666619841,135532.98735048305,134.81418102951784,31977.89318771517,1.2742734762800252,55.033798152190116,0.434830436674116,0.6041064472198059
431,1598.8439795575455,0.2673591945237894,4.833003473573144e-05,397.0887683754257,135981.2821753341,134.9839606894701,31984.988171258086,1.25484605658516,54.529331784461775,0.4348215449642055,0.9323556140047486
432,1591.358996635571,0.27170509964487266,4.7263855631421724e-05,414.09788902545824,136446.64642820024,132.67452876133385,31988.16325651074,1.2724267746970668,54.44507107141321,0.43471759387498016,0.6565043444487486
433,1597.3612080458706,0.2689330233911912,4.6157401764301344e-05,422.75507087762185,136920.44621661908,133.37255172299095,31990.359940894457,1.2693594321541584,54.348077471628955,0.434591095840814,0.9147160178306564
434,1607.1202408631443,0.26347727839735213,4.508670910067728e-05,428.02768727284524,137399.75870142085,134.19767518518321,31994.12741090207,1.274040748310753,54.38954834221717,0.4344682351442121,0.6372498955618227
435,1616.7255717448922,0.2592266688748607,4.4080021122101394e-05,402.8106830540381,137854.11623374722,133.2812775724911,31997.195397938463,1.187004280516934,54.697112674646405,0.43435797608283855,0.6713604315940529
436,1607.9754912708227,0.2642783797752859,4.300331677196472e-05,419.1823512245853,138325.0358730638,133.06305711130665,31998.997708847175,1.2667698998794372,55.294228892478486,0.43432418838005826,0.662024090278976
437,1609.1075076468383,0.26422738180501715,4.1880980628905985e-05,411.17898347085855,138787.70949445834,132.708652001824,32008.241728406738,1.2644901170930525,55.158552706631724,0.4344238577277703,0.6633512165549433
438,1618.8947145746197,0.2598809480710579,4.076819032459249e-05,410.0254352299809,139249.25928519957,132.14135251059383,32013.84928326193,1.268094397203875,55.90789054416416,0.4344938029697337,0.6795779835908746
439,1617.0026658634217,0.2600296784853475,3.9710343302904026e-05,416.6014392372092,139717.56820369256,132.78265943437142,32012.520320877935,1.2696862240897833,55.12670096061278,0.43472511744622516,0.8061430049213811
440,1624.062401967324,0.26007331608813977,3.866181238345382e-05,419.84433070646355,140189.08638448294,133.19164043881412,32009.791379111324,1.2652502581689002,54.42119386816192,0.434785053352562,0.7182899995030994
441,1604.8461607872723,0.2685161408490351,3.764194452258438e-05,422.9741410815185,140663.89066779666,134.14873466777857,32008.972546909616,1.268486165671053,54.462727248248086,0.43469318225463993,0.7418132236810209
442,1598.5800713904732,0.2708557344796969,3.6525070725064795e-05,407.04394777509947,141122.18011038358,133.3336271069985,32009.353099207772,1.2679497622452538,54.25623945852036,0.43461063229826596,0.7084551513683692
443,1599.5030937975673,0.2702292070361033,3.54399706450367e-05,391.96219897239587,141565.18385119262,132.92209113266807,32010.243554986548,1.2559088156320382,54.17857719258214,0.4345004540654566,0.9506190738339626
444,1599.1502957144614,0.27033684106146727,3.434603669303624e-05,430.01242425853695,142046.12257517764,133.2379116595676,32005.848093467306,1.2649185056416585,54.56254471793322,0.43438931565198274,0.7237891522982949
445,1599.087137130826,0.2683032373048214,3.325809832730942e-05,415.136522918068,142512.14228800312,132.5965220513687,32003.630573883656,1.2655609741992249,54.76282267943637,0.43436451566009754,0.9474788343017622
446,1578.2414461695757,0.2785833399501223,3.219895153047394e-05,404.9566504008353,142968.0056437985,133.64451018852904,32000.699131956448,1.2453159960565325,54.345375729115126,0.43439340786830405,0.7830182146886244
447,1585.731625436104,0.2769035020794399,3.1006709821707164e-05,425.5128979824151,143443.72085472988,132.87825460427462,31933.18950777554,1.2674106002715986,54.97061274337115,0.434324389474676,0.7575424167005735
448,1582.8251031680154,0.27625789939062684,2.9844093189505562e-05,426.65035963231713,143920.7175949684,133.43941012399978,31928.22838204516,1.2626813616953274,54.75530415391835,0.4344033697126505,0.7590994091452075
449,1576.5747761292812,0.27680705082356316,2.8699800921858824e-05,403.56104824098526,144374.54932678767,133.89161386813856,31927.91243708243,1.2512563033445576,54.4246190442029,0.4344364833571938,0.7676677202138649
450,1588.2758781100933,0.27375596838186245,2.752999409459456e-05,-322.9797119146274,144101.63897605907,133.95027472672672,32521.40384710942,1.2668299912462995,54.8852117896426,0.43440152735922477,0.9261732983817978
451,1597.3802203062583,0.2707594958445094,2.64186676259923e-05,992.820955176001,145144.91511793924,131.37923965279626,32291.64119772989,1.277546587622677,54.83698658932989,0.43447477756936803,0.7923307189393967
452,1632.581461846006,0.24586617980693837,2.5341700515910324e-05,542.1151358588829,145737.68762493198,132.8221768846978,32286.968315610044,1.2728081982601176,56.6959727667203,0.43453482157944184,0.8177595856081865
453,1642.216358517506,0.23861214657242225,2.453892921396412e-05,437.31235700892404,146226.80288729334,132.40679277404877,32112.381660737363,1.265806489509413,57.06142484771148,0.4349889323827816,0.8025080756763145
454,1659.4627268919544,0.23321099622425323,2.3822530829207698e-05,403.52936824503837,146682.58556549036,132.94009890815028,32107.192701826923,1.266974347455058,57.55393311004819,0.43550705745389007,0.8111270151279797
455,1654.278343467526,0.23580611289907127,2.3106957691218865e-05,380.6284436291257,147115.88526796087,132.7792163133426,32100.897424187333,1.2492341462455758,57.663812708675934,0.43610859687036063,0.8271493959725689
456,1647.6021806093047,0.23961817246526118,2.2409637714224857e-05,418.49612507232916,147586.8584093029,132.96886527939176,32032.99332621787,1.2612723468821554,57.86590505255256,0.436707679685375,0.8363771052724189
457,1653.4472496519913,0.23622932572339272,2.167357651044042e-05,410.43415698606475,148049.6732100266,132.24322972133777,32029.797038243716,1.265762215373557,57.2243465869069,0.4373239556084662,0.9343200676848795
458,1641.0744630747063,0.241839699629271,2.109551610151972e-05,414.9019945733702,148517.06719751388,133.090058202727,32030.478588542766,1.2658083700276976,57.064716442009356,0.4377782908898912,0.9044197342482789
459,1642.7707300488803,0.24108502890075534,2.0469638586282686e-05,405.7603596350191,148975.0568601197,132.33191384593178,32027.942151103536,1.2674998700674882,57.10701167089496,0.4381787566659176,0.3726804545522384
460,1656.9012561439697,0.23581962441530502,1.9856849524052105e-05,391.6240442090257,149418.90890415318,133.69272741510576,32021.630692286646,1.2611755907331152,56.49028270969655,0.4385589971905942,0.8334907435318684
461,1641.2462166785353,0.24519301224038592,1.9108055449992143e-05,407.8673308567311,149879.13669662713,133.3921127698428,31788.485889888252,1.1332517724259188,55.544132092542554,0.43880332396310434,0.37055883649173893
462,1629.5481655550705,0.25415031312882186,1.8161236122793824e-05,424.6359300740217,150355.7516426369,134.5095269361337,31503.672709877694,1.2539575936717202,55.240330174481386,0.4388255761293351,0.3684462587466868
463,1634.4995523700225,0.2532708405203081,1.708827894655132e-05,419.7852639937126,150827.04970991125,134.29693664799663,31497.830660687046,1.2571432237417073,55.52970314672328,0.4387855629074748,0.02023794655927702
464,1618.4499481114196,0.26052396107439735,1.6038863056050273e-05,422.1883111482721,151300.7615875522,135.49318492343414,31492.19739234016,1.256539519812862,55.455646395479704,0.4388048177268025,0.1864740220596417
465,1619.6577089389275,0.2592233165254534,1.4932662030703733e-05,412.63436430374344,151764.6028402844,136.36046098209886,31484.300203367453,1.2562306948723612,55.312028914760965,0.4388151923769437,0.24897368572977996
466,1609.639515395522,0.26299223580033804,1.3859851832875923e-05,409.51056660031105,152225.22331182318,135.35798516125132,31480.102031277787,1.259017382433656,55.37218040928043,0.43879970467119755,0.0
467,1600.8128832437053,0.2656814143852567,1.2769628391888667e-05,413.0324535751799,152689.12470108486,134.82048503005657,31475.352770289257,1.2577278198418607,55.42275363024646,0.4387956220633313,0.0
468,1609.1771508243605,0.2625043771725323,1.1701021410870115e-05,409.69073902286715,153149.48841023585,134.97976713366094,31470.520959909318,1.2592067248484364,55.42916572999945,0.4388063973772487,0.0
469,1622.433428672064,0.2578356745310202,1.0652711271089917e-05,403.8800156248384,153604.2717410727,134.97905335676745,31243.580893013877,1.255676143608794,54.93986175096177,0.43882182520064955,0.0
470,1612.8387895938408,0.26164196307884313,9.647903489028334e-06,412.9065665196193,154068.3822021658,134.91982670815023,31175.60580070514,1.265819413375968,54.732367652940425,0.43873565599869124,0.0
471,1614.5949097260077,0.2622875695502891,8.625894698182767e-06,418.819945983237,154538.35750427825,136.01920512678208,31172.152189932687,1.265741685216439,54.77366664761465,0.43861326166975384,0.0
472,1599.5700535586566,0.26967186687515965,7.487018875074579e-06,414.8734948118692,155004.01843125257,135.93416965176166,31166.028099116542,1.2669300316268703,54.993884418182716,0.43850965903057304,0.047465065755361024
473,1586.8662934069357,0.2754297736680561,6.281264452616924e-06,418.30819638260937,155472.8169621868,137.39169015606885,31159.576027885356,1.2684907510474182,55.005258390221776,0.43845315644981575,0.0
474,1591.6507200194908,0.2735054130232374,5.024546056445906e-06,414.2495612904071,155937.18964638028,137.85818228417142,31043.74276156341,1.2658740309831036,55.07468739978818,0.43841469135077027,0.0
475,1593.8025936157935,0.2726579683238163,3.797056569288841e-06,403.8649703304918,156391.28938734657,138.19312352262563,30466.29925106053,1.1751072898823274,54.83953060476616,0.43839676779835046,0.24107174994161085
476,1589.4606495211142,0.27606697774609945,2.545481678199563e-06,402.60266866072834,156844.16547831448,135.89847165437666,30458.16166070781,1.259448169067055,55.48344813196538,0.43833908237621233,0.0
477,1588.6538155470832,0.2759257169948308,1.2663619948358352e-06,388.2634987680523,157282.4926211568,136.27250988065708,30451.299714218156,1.1408671696039063,55.32526926104569,0.43841983439719934,0.0
478,1598.1573462503961,0.27415124196481955,0.0,412.56191182079266,157745.04667751258,135.81866068354344,30448.664683864772,1.2259121463798484,53.448456721187036,0.43846640917322893,0.04470167612885234
479,1572.0811843855513,0.29046682527328294,0.0,442.13105730911815,158237.270228222,137.14429403907613,30096.522780003357,1.2468099544666746,53.28520872737039,0.43811410056827543,0.0
480,1561.1405988489857,0.29363981015558216,0.0,-5112.483942851186,153174.04847144175,138.09133189969592,32309.31650369077,1.2480549311333782,52.88804711401282,0.4377223038062514,0.0
481,1556.1013528188594,0.29462054427555817,0.0,4624.632430404602,157847.85277776895,131.28614443225916,32299.8585373578,1.311216518565993,52.85396285689151,0.43726902681408114,0.0
482,1748.229029694856,0.1788417199955129,0.0,1376.5226316863645,159273.59684075584,131.96393691066132,32292.224181929767,1.312411087545357,65.4817761463589,0.4350419081934436,0.0
483,1775.5687700934125,0.16066626128421158,0.0,595.1312380174459,159924.27714733826,133.42992764860486,32284.446975239392,1.2760027433534944,68.24137402381605,0.43826356840994835,0.18981445935460783
484,1808.3222368410818,0.1411608555233731,0.0,365.34920782015297,160346.19983065937,133.83426529589278,32275.914695745134,1.259160816784187,68.7908224885065,0.4378533175966882,0.0
485,1816.823764112093,0.13634527621122383,8.820820069731704e-08,300.3967665408327,160704.13750181883,134.20474537607237,32266.186968746275,1.2584095798965342,68.55187760321391,0.43789938773752807,0.0
486,1834.479923330578,0.12659291176583176,2.1838274302953074e-07,274.00092092708184,161035.94039959696,134.1239002388125,32257.763951976936,1.2558693111897261,68.19130418691196,0.4375943161215523,0.0
487,1841.1119768621438,0.12205880838682281,4.555378768158002e-07,252.90605987807044,161347.2006621102,132.87608008087727,32250.293065600512,1.2581692136527454,68.18299803529959,0.45065867341282834,0.10128554954530955
488,1836.066005305177,0.12628576429270333,7.408416723692615e-07,259.7199706244696,161665.52325986055,134.43965582603727,32241.863031569264,1.256856490904537,67.06546992565735,0.45283914125569397,0.13254154005196028
489,1850.1036978300472,0.11705691377302596,9.670686468995981e-07,231.6986641959316,161955.72225174133,133.94836082056662,32232.721490187032,1.2362877007082549,66.50272319226265,0.4529965025181107,0.0018101509331245325
490,1839.6845414487423,0.13003538080516652,1.2766425858243147e-06,263.2363682537389,162277.86789572437,134.27847604466533,32234.63922102897,1.2561336810168995,65.4206852975133,0.44779047389552684,0.09719642411764084
491,1841.029666525238,0.12816971169973101,1.4459224469806353e-06,268.0827692579487,162604.4829497929,134.31171367990498,32171.010801162534,1.251205018229987,63.952072462342045,0.45812192344081476,0.0
492,1828.585472984014,0.13616260713835404,1.569517804888597e-06,276.7278748538497,162939.75243447267,135.25329442955268,32162.485990345725,1.2600724779378678,63.18489082952409,0.45903201614332156,0.0
493,1800.7150405226528,0.1521391697316109,1.6000057919068895e-06,290.5579767643094,163288.51320524962,134.9087393873323,32153.724809780408,1.2560147648528905,62.494714020815536,0.4597352959147899,0.0
494,1794.4625400527018,0.15782845640624854,1.4688225696877205e-06,312.09489445892626,163657.92200655097,135.29811205839724,32145.61597576132,1.2541969436676383,61.96114535525335,0.46025863068788747,0.0
495,1794.7633665767496,0.1574933231894301,1.3070620185671354e-06,321.93906339359944,164036.76741186055,134.98583672803184,31790.592515005203,1.2514302645802706,62.50873292204963,0.46064455963962847,0.0
496,1782.832618815243,0.16416722667835304,1.1211370580473389e-06,322.8090164174469,164416.60145489944,135.5044682958568,31781.95564622573,1.250427689702545,61.61654707235142,0.4611311816160719,0.0
497,1767.7314863282231,0.1709287921166105,8.725900415873028e-07,328.4604587235106,164801.6371529647,134.91913371449294,31773.34860677794,1.2531935387255406,61.17048585403242,0.4614055250895201,0.0
498,1751.3306901209412,0.17680745354621896,5.708775387887291e-07,347.1718501068055,165205.0179503092,134.96851921720986,31764.295425764678,1.2565876571156143,61.31857889343649,0.46157367354029044,0.0
499,1755.0084550027814,0.17624588765033877,2.262338205068295e-07,347.8035748110167,165608.64515899122,134.96355232472123,31755.788741725864,1.256328684103984,61.08356595970608,0.4617680185423461,0.0
500,1768.89803186291,0.17085106172954367,0.0,346.2284968364338,166010.75261744758,135.43650611148095,31590.574975655123,1.259356712540994,61.1606866333421,0.46190530360574383,0.0
501,1763.2971174379009,0.17351569812598733,0.0,341.48262743609683,166408.42531152314,134.8865681007596,31588.03654333294,1.250368663013078,61.144991393722066,0.4620551378232989,0.30291976081548455
502,1756.2233655344235,0.17623294455300087,0.0,350.4796245973693,166814.91280045762,134.83683912583496,31583.80139016358,1.2554505679302685,61.1155689672586,0.46220441132983753,0.0
503,1768.8940170198584,0.1712465904493643,0.0,349.92345972854224,167220.7336718142,136.03130806830703,31577.97132251369,1.2491098321420189,61.64176587812945,0.46233541271937,0.0
504,1772.3183868060548,0.17026018324203984,0.0,333.9283537150038,167610.3608897653,136.07660806585395,31569.031125137153,1.2382198012647225,61.50574144330987,0.46257526997287923,0.09061844976149303
505,1768.157739222458,0.17313390713111776,0.0,343.429064088637,168040.33021672108,136.07300573336124,31501.909065661,1.2550261915898997,61.18085081918423,0.4627790825311761,0.08775087273036775
506,1758.4822599557472,0.1620948410597307,0.0,342.01401275025796,168438.0190962471,136.07407600291356,31509.68784956576,1.2521103857976168,62.009346623313775,0.46290598122352555,0.6200681882954058
507,1759.4284168652089,0.1628751941994402,6.147277294242192e-08,312.3640917466029,168805.8865074929,135.05717099822903,31520.244677195376,1.2585867525336885,61.31223672646459,0.463219511042269,0.0
508,1760.6308441745934,0.16326452277308112,0.0,321.50566617355065,169182.76047574665,134.8627737112788,31526.8918117909,1.2493383984394484,61.38461692995739,0.4633558866402986,0.0
509,1765.6344867471817,0.16255901192458577,0.0,313.80680269432196,169552.014333393,134.0725829275088,31535.724323726958,1.2514769843589144,61.00371839804557,0.4635037354085403,0.0
510,1762.7811289325082,0.16396484435828362,0.0,-9091.747310672194,160515.76902016127,129.97083803110326,49272.07189123536,1.2545484296925975,61.12535032464466,0.4635156440889936,0.0
511,1805.5176508917757,0.13502640890727857,0.0,7506.409728726127,168078.1743699598,130.1045529440232,49274.080324245115,1.3552268784899824,60.93863401086186,0.4635558101160126,0.0
512,1840.171316724908,0.11206647150783133,0.0,1969.5291849448436,170104.8566609879,131.7021952477756,49270.13131474275,1.4673402619417306,81.82504871100308,0.4625593897093039,0.3178088044023184
513,1857.1536176207564,0.10074641113303329,1.923461448218499e-07,630.7042833275431,170794.20386231923,133.0877821719548,49266.18656190247,1.379436543236412,86.10358193050212,0.4641925591197691,0.0
514,1877.8543332086522,0.08963799840570597,5.03427580036726e-07,303.9397114914662,171157.59585486905,133.44505355729126,49262.09919027572,1.2504995813341664,84.69438061838915,0.4646087155720514,1.323077722763884
515,1895.3700505837066,0.07884031367359612,1.3086779154365566e-06,180.9130475566178,171398.76712253972,132.64188832411048,49257.943003956854,1.2510987317892204,83.49904375838051,0.4655633989980307,0.03709099833736218
516,1892.817590472923,0.08200908342260249,2.2213563949297127e-06,177.59876400772202,171637.36196070112,132.9837044137089,49254.76731380355,1.2514199387356804,82.4540349774949,0.4632598231120101,0.5354259528872944
517,1904.3663633965634,0.0727031441634165,3.0921920838889712e-06,170.29592748955417,171868.59526955185,133.31785091898408,49250.631721296966,1.2538129626229937,81.42066757944039,0.47801213206895776,0.18749664549449108
518,1918.9634432728121,0.06848672132748856,4.053112116048029e-06,153.9564532231006,172083.9774024652,133.26770898163645,49246.33561278784,1.2546839623336619,80.34664762760013,0.4776413966407629,0.35671540512146294
519,1935.443885060282,0.06110155328914657,5.033192241120155e-06,144.17968554892775,172290.03373485833,133.19680860066734,49242.02487905756,1.248803638291918,79.83586723861077,0.4731358688747939,0.36651771774015174
520,1938.465476201057,0.06326615061939445,6.08347347074168e-06,126.21209544967371,172478.60452395544,133.42844213291784,49181.90874641633,1.2505514146161678,78.43154605083072,0.4741209512505484,0.4785425964170429
521,1928.5699493442949,0.06959706814270883,7.099389163088876e-06,144.5783939832084,172685.71528175997,133.23404649619792,49174.65986036081,1.2470643231372223,77.3009813126371,0.4742008548876297,0.5037177168009066
522,1938.1775132703467,0.06565469628413745,8.058514329584032e-06,147.93498236492013,172896.0431674875,133.32359644030967,49167.295586222084,1.2484181187703018,76.53491871390428,0.4778069844288715,0.0
523,1941.0426084383512,0.06690893309583545,9.028985322879058e-06,147.49010159254613,173106.13331913186,133.66275506034776,49160.879985161984,1.2457322933717772,76.18225958469151,0.47788675552142773,0.0
524,1961.1124916557721,0.0586667010917179,9.96750256017707e-06,139.53661113275848,173308.32019743056,133.10456224905582,49153.40172627635,1.2536213327156969,76.33604196711835,0.478063697845079,0.0
525,1949.20058286147,0.0650733961047657,1.0988426018329887e-05,145.9709845137054,173517.3475956538,133.85629396143062,49147.18722758679,1.2487578846104663,73.65753328534299,0.47439697417269816,0.02511500568718361
526,1956.1955446896086,0.059587963596395954,1.1932163579925181e-05,124.54515940156193,173704.64924413778,134.03294859802628,49139.711214176845,1.1540511118822356,73.16551332385373,0.4730459647682509,0.37277988502424364
527,1962.6831427901218,0.057094895250550226,1.2695437217474535e-05,136.98462411091066,173904.69845928033,133.67575187117984,49134.193371680616,1.2510748632618738,72.07845703330487,0.4719949864005955,0.0
528,1950.6030445272233,0.06681305307128282,1.3492902000721704e-05,134.16273553534285,174102.1033643008,134.17346164653378,49130.40601181696,1.25083447494509,71.26661342605527,0.4725674392303298,0.04149920515007466
529,1973.2062649783823,0.058472390714311984,1.4157934169390228e-05,141.59077770817697,174306.48857717108,133.75665684633648,49126.41227283176,1.2459547412444139,70.34992313052274,0.47679100362823174,0.0
530,1961.3399326388915,0.0669527677397046,1.4905857697748792e-05,135.05951677375623,174504.76416251267,133.88125367213357,49122.76930168135,1.249166352593153,69.5614088851944,0.47623506737436966,0.2271280562567881
531,1967.2126905916214,0.06751524455871594,1.5557068270617685e-05,144.66313520248582,174712.22778464705,133.74639045339146,49120.773493773035,1.2559201761955974,68.41108916258507,0.48060923512890913,0.0
532,1967.3060497050608,0.06670860332816841,1.6245970127798018e-05,137.27638339296385,174912.6360064292,134.17424319538532,49122.84965956847,1.1310605036467443,67.59357295586632,0.48156729636960616,0.039662767286642975
533,1954.195964640601,0.07648601267463495,1.6077314996962957e-05,169.37007496907336,175145.11040900508,135.5460758405248,49117.432861545625,1.2412028509811655,68.11920060851719,0.47791189523269206,0.08378584833394598
534,1947.9997676088178,0.07859375267574908,1.5790405033833593e-05,163.27488260367613,175370.92967498873,135.5515909031043,49115.50110737141,1.2470917112864113,66.98857189674624,0.47946366060166357,0.3968298832576238
535,1964.65833753969,0.07140989227239469,1.5484135180359155e-05,168.35993062359682,175601.59509521505,135.17494999523882,49120.181633189706,1.2512173719757371,65.95424881152462,0.47971839803679095,0.488039296926587
536,1967.7656306773472,0.06912715536249137,1.5263905872256286e-05,157.8174458040392,175822.29879053828,134.7130500068401,49117.4258878517,1.252526931837145,65.6828105181636,0.48355538500823614,0.0
537,1975.417750952641,0.06988591943028022,1.5070399898007581e-05,149.02438309490805,176034.3014190451,134.52721301778826,49111.25770059887,1.2491737708399429,65.19545321829523,0.48080803090537766,0.06834953799943833
538,1964.2145558894229,0.0745255047987694,1.4870764780479075e-05,154.30313459144668,176251.48869355614,134.50080139191107,49104.286388237604,1.2493364386309043,64.29625909757816,0.4811768638976829,0.0
539,1957.1448133524425,0.07623162428276564,1.4624040625924633e-05,163.77495654101733,176477.81808855876,134.68324293370966,49097.07241477034,1.2489331379935578,64.40397191959109,0.4798379075431641,0.0
540,1950.0215946182639,0.08109693345088564,1.4361462370984233e-05,-700.2906526821937,175839.84267638644,134.35444898729818,50913.33138464555,1.2475967188307384,63.5345617971809,0.4895817170535384,0.0
541,1950.978089502306,0.08169415019447757,1.4052222365706842e-05,845.3464022379442,176747.1487847088,133.50258697435575,50903.88633363312,1.2467800905671589,64.70870192372692,0.5018187962759494,0.0
542,1946.806322254539,0.08312156027069273,1.3763514834336451e-05,334.19135166670776,177143.28393978503,135.16103483313162,50892.798954099264,1.2488234836840721,65.10958549019134,0.4967869129528518,0.0
543,1932.8390611976347,0.09002925349711755,1.3466243428996912e-05,212.62648704627912,177417.67756176423,135.12151095112696,50880.92718243889,1.2486353765798381,63.69766391078116,0.5174529524804148,0.2677419899997062
544,1928.8973131462333,0.09104125892642279,1.3108125023582023e-05,188.0062901920336,177667.00330641665,135.43711294706173,50869.55886032226,1.230064856880438,63.29824037349487,0.5086479958205702,0.0
545,1906.230292791672,0.10315361350410368,1.2700916903429903e-05,204.96091684471452,177933.17271540916,136.01316181147575,50857.54513761345,1.2417710827311765,63.35413877167127,0.5149871976559908,0.0
546,1909.3839142687432,0.10329885369518899,1.2156236469940033e-05,218.76834115408315,178212.44351024865,136.16524668893118,50846.11262679736,1.2475727107515657,63.534040891300805,0.5137679225302084,0.11999909963378741
547,1919.4581599244982,0.09679384258054258,1.1614036707569297e-05,212.50175526344606,178485.4713871223,136.10628255503445,50836.71046932105,1.2465932794246173,63.632070925119166,0.5121089346682702,0.2698296144430401
548,1906.1365644136158,0.1038773849957716,1.1146975069747615e-05,203.6932036629018,178749.9273821163,135.81154518603478,50828.64026273401,1.2472141943021728,63.13506650910256,0.5066532673546258,0.0
549,1888.1729099671709,0.10928608000697981,1.0610151805772046e-05,221.2064993538064,179031.42506447143,136.33792922371896,50818.95086075324,1.248799850730026,62.396018140567776,0.5002129388009988,0.18955903684451414
550,1890.4099445151319,0.10754792921112599,1.0020440857567063e-05,227.90381174192436,179319.24736294153,136.55497560562412,50808.58660181496,1.2480578680276357,62.14171532434885,0.49996029440026246,0.0
551,1884.4095191864785,0.10975572165602898,9.454295875467933e-06,-764.6148247227574,178614.48476067404,136.1998883930814,50572.08203034313,1.2431891724477582,62.261413899852364,0.5045743494104296,0.0
552,1881.4589359039624,0.1111766083407798,8.869580760657544e-06,983.4332146784195,179657.49255296093,133.3363812128139,50562.250031698,1.2573334286548326,61.508711092101265,0.49940883442343736,0.0
553,1902.250603067621,0.09839225322067924,8.274770321457666e-06,401.0903728008802,180118.00715300586,135.33669026872678,50550.16797855208,1.248502799017056,63.98092736534047,0.5057313940134379,0.31951499107856307
554,1909.4173812278132,0.09412032069236431,7.82113722618682e-06,243.69749864833562,180421.71955712768,136.00686617502538,50544.04249787238,1.2434577124959447,64.15123901914988,0.5030323320398827,0.7976436823713868
555,1896.6096038155672,0.09922672992720327,7.417044634524215e-06,209.22847002650354,180691.19485295675,136.1498789780065,50533.52347856166,1.2390575048190728,63.484969108555255,0.49677134127023037,0.36656821336120515
556,1901.0690987502935,0.09844261970720858,6.962281127995337e-06,192.1903432980484,180943.33335971952,134.69431276977542,50522.686155265576,1.240491693406911,63.16326691747571,0.49498455506849737,0.09342941979633679
557,1892.6598420074854,0.10305854927829072,6.520551902194612e-06,-3570.303208176849,177433.04308326187,135.06380185777653,50285.78331202638,1.2391461736882343,63.14236860681325,0.5019973927124726,0.0
558,1894.6048740610213,0.10369765816909782,6.033706599459757e-06,3124.0369078981093,180616.84045292085,131.13592445198935,50276.10238367089,1.306553510533254,62.24354166716229,0.5006205073737321,0.7516857848603564
559,1904.2891459524344,0.09310667287269392,5.544406689859698e-06,896.2230876025005,181572.79505926894,133.62982447955278,50265.37265056738,1.286018613265548,70.67728015191392,0.49441836898815517,0.7623919372646526
560,1905.8275281152778,0.09052864090175772,5.172127805177134e-06,358.2670382421666,181991.34609188692,133.9758996082426,50253.11071933907,1.2472699644051286,71.48442509153966,0.49507368059943824,1.4654253484150956
561,1920.1770042391381,0.08164295253735732,4.8460794950507795e-06,208.52829895028304,182260.43258422377,134.52352606405108,50242.71575755129,1.2473729874455297,71.87271660775477,0.4957670052691786,0.4249801683331498
562,1928.9223420961966,0.07485820569764601,4.617634628101269e-06,170.78323267371138,182492.19661065412,134.44903928418807,50231.157192152925,1.241210596403469,71.57810233512015,0.49502262224515936,0.0
563,1935.7851458855503,0.07055569082934421,4.463746460630567e-06,118.7762517704802,182672.3020705147,133.91561969551825,50219.77288236691,1.239586496817713,70.56258156149742,0.49535338245177396,0.0
564,1928.7475692933226,0.07655763590234943,4.35278218588865e-06,182.2329929902039,182916.0264671068,133.9149121513992,50209.20481737132,1.238237053958157,68.89932502791733,0.49544052409517625,0.021633962003107854
565,1924.2424347273975,0.07856049767223283,4.175545381301552e-06,172.07918874209628,183149.24015375052,134.12824218593843,50197.78844901286,1.2413770701044045,67.5704984086316,0.49664719078656305,0.10735596098729161
566,1921.7113705395207,0.08569691630744503,3.97883958064374e-06,167.15989801793881,183377.55562210848,134.06612826200072,50185.84813161625,1.2441263849880244,67.38164961815463,0.49140653173514504,0.40782634845251664
567,1915.2043758015545,0.09066232854651246,3.708342329452065e-06,184.88724442404447,183623.370769321,134.4844768279743,50171.959341740214,1.2396363311776275,66.53604063708715,0.4965201258628186,0.00019679215247947468
568,1914.0733110481017,0.09349869390289967,3.3876980627743e-06,186.2255909467645,183870.29786009534,134.43594629738712,50157.1702135572,1.2395777766669072,65.99633788716281,0.5024394797094823,0.0
569,1909.3562238453296,0.09633604723012823,3.0407854011992277e-06,200.06978710096632,184130.8555617198,135.08655857939732,50142.27861610062,1.2419962335394126,65.59775363419124,0.5011072705932949,0.4677615810651332
570,1906.786204957643,0.09581273545771651,2.667794379087022e-06,-4357.939631386378,179833.31574853422,135.46269389595702,58516.32241720805,1.2347236309489198,64.8465724976866,0.5008330403760358,0.0
571,1902.1812633278969,0.09925677961959989,2.3001949882143443e-06,3706.0805881075867,183599.86862997603,130.7436248129524,58496.669045213326,1.3177000209679541,64.64870833024963,0.4988256992183117,0.0
572,1922.5966542515278,0.081195234852805,1.8993711558143502e-06,1021.879520704391,184682.01452046412,132.99449532785854,58476.95017593204,1.2872996693257235,75.21088471486945,0.49719066873199674,0.0
573,1931.5434181680148,0.07557123804679078,1.6665306633165868e-06,358.6128889975366,185101.7287741258,133.1310393144076,58457.23336148136,1.2453594455642405,76.73203706312016,0.4964068835297084,0.03240053345427896
574,1938.5975721432294,0.06987837918906348,1.4959984742327686e-06,174.86005332969552,185338.00067129635,132.51369037280898,58437.458412214066,1.236132555328098,76.36361207075991,0.4938136978815752,0.2433797332483607
575,1938.0855420054017,0.06678880247851038,1.3943850250262023e-06,153.27465491737235,185553.00338687707,133.06913357039855,58417.65875991875,1.2416122005735026,75.42486058167339,0.49393928750795707,0.0
576,1945.5975089407623,0.062374332862025095,1.327128540748974e-06,140.82900195388328,185755.72856399475,132.40980282890112,58397.82559528052,1.2411164045736585,74.7509011516456,0.49055506631343315,0.0
577,1955.3627875320346,0.05747513334563015,1.3065426327654115e-06,128.29713571550553,185946.16259750098,132.65530610372014,58377.986487216964,1.2448558126472449,74.20183477853291,0.4914113489453485,0.0
578,1949.9424452974588,0.06308237180560727,1.3389478033182191e-06,133.5922584452967,186142.122398539,132.99097990613168,58358.20000666505,1.239976149740514,72.99945605742434,0.497909010934977,0.1512218857324399
579,1949.5361452100456,0.06326259040134219,1.3129926534560668e-06,127.21789084453798,186331.40937063747,132.73302282566507,58338.408013578715,1.2383062247290462,71.92464518901538,0.4991056296163677,0.0
580,1951.487278474051,0.06418390142282648,1.2778437751985682e-06,121.97546087754569,186515.54044258856,132.1479375789194,58318.585776800544,1.2400122856597136,71.18675550031112,0.4904578799758278,0.0
581,1947.729953244617,0.06892709834627553,1.234005470060875e-06,151.73260691646743,186729.42092860176,132.85772459321237,58298.77546923801,1.2380879632966313,70.50993467421941,0.4941793878252373,0.0
582,1954.83157968674,0.06672939332688921,1.1408000479530603e-06,147.20324203565633,186938.56387173544,133.38371487123308,58278.95998934232,1.2421047210029226,69.98549501801577,0.49509561310895606,0.0
583,1947.3146886645532,0.07424981969932709,1.0778451044754936e-06,137.81849333520398,187138.45280556817,133.05586363642863,58259.139178636884,1.2467451959519231,68.13326149486619,0.49480122421948697,0.0
584,1939.466741642562,0.08127326171370208,9.364242056491023e-07,159.2060698423536,187359.48381875313,133.07657402541903,58239.33143869368,1.2486661626042794,66.91519803708654,0.49134737196916545,0.0
585,1936.7864918877542,0.08696319873425606,7.533070281255658e-07,169.09089470292446,187590.35711419274,132.1969177466424,58219.50026802402,1.248935346603557,65.92546257869179,0.49339835529914045,0.0
586,1933.704612538058,0.09183841996895348,5.298148147338187e-07,180.20809445239615,187832.09565470414,132.73458967053836,58199.67783120341,1.249866242650262,65.569976443324,0.4951693142377776,0.0
587,1928.4116383506982,0.09379372808999398,2.5682300814412625e-07,197.89335358400984,188091.31208473153,133.01256798492963,58179.81221276751,1.2490982563703688,64.92026736534126,0.4954752137173307,0.0
588,1922.2880828054253,0.09319206566668103,0.0,187.69636651201176,188340.1601501474,132.84465424068418,58159.941825553906,1.1463632680739584,64.76538434808688,0.5104974494825321,0.4420589596876141
589,1915.1746684611524,0.10094923099631892,0.0,203.54082492787717,188604.69996482233,132.3900022771909,58140.0912400418,1.25020830984374,64.65846053182483,0.5090413367279669,0.45218872773273233
590,1909.0214970280265,0.10589810254623211,0.0,215.5814918870708,188880.92633263313,133.6664418598051,58120.21160368172,1.2420392862747398,64.67583366708465,0.5076373606324635,0.45932762457363197
591,1919.0882225802213,0.10233144921447557,0.0,219.04573363961163,189160.38161192535,133.13711044992257,58100.488905474725,1.2498182511447538,63.80675048883789,0.5063094221905411,0.4739622611178902
592,1911.895285943058,0.10494213080286652,0.0,212.30483746688333,189433.30773696187,132.9276926729543,58080.62937659834,1.2427100283601704,64.50596495729796,0.5048643365214206,0.09384183891214093
593,1914.3457389400855,0.10478817014385411,0.0,217.9674827162786,189711.62648332323,132.83030994321348,58060.83004662812,1.2406203611726105,63.988454568352296,0.5002301435779684,0.0020241357298687035
594,1913.6932044573975,0.10611491434538745,0.0,216.17507484236052,189988.16040024633,133.06765684736695,58040.98214998998,1.2362031197982548,62.97717729219173,0.5005358087166801,0.0
595,1900.6331703392125,0.11391120586658354,0.0,219.78565286335083,190268.16844350536,132.65235898018557,58021.184826727156,1.245176868468168,61.77968382025047,0.501184648271105,0.1416304654540852
596,1880.0785866283718,0.12682670899989268,0.0,239.51800455475887,190567.54913082003,132.5957416794903,58001.43615292799,1.240819862224846,60.207071741716376,0.499562363330796,0.5967374101311265
597,1858.8087939805619,0.13704839255182966,0.0,258.481394909528,190885.1881828448,132.24458790638423,57981.6508736103,1.2447114783712228,59.72680843110582,0.49769820520881874,0.6232987064320668
598,1862.3892418946846,0.13664191145342286,0.0,274.9916073985889,191218.81344426895,132.654714115282,57961.85725964631,1.2423339248627465,59.73750075049776,0.4958275012584604,0.47466508765437254
599,1845.4405589082319,0.14561406896243223,0.0,278.2938652788444,191555.77763790448,132.39686016034963,57942.02027226586,1.245326308441259,59.61160311881251,0.4940513259609724,0.48852466896588
600,1838.1121909163744,0.14913754451110672,0.0,294.54141153703466,191908.399769106,132.05810400047085,58903.054060915856,1.2410609854580879,59.68511087710791,0.4922898145294738,0.5011110212014671
601,1830.0992357356627,0.15221844592087874,0.0,301.0774313579555,192267.29099168335,131.93653201316906,58881.726763797284,1.2434802959718885,59.62810561324602,0.49063476097407177,0.5124396869495627
602,1814.9478943749214,0.15712039497363306,0.0,304.70089877435566,192629.5685846246,132.11899796799187,58860.411648284855,1.2309027814035312,59.39736108741185,0.48905288644637485,0.5263904788551059
603,1821.5491689976664,0.1550948594696614,0.0,324.09689318748514,193010.83003857266,132.7545931282273,58839.05584345065,1.2360837369604534,60.24358004097367,0.4875034396067823,0.021038590382488565
604,1817.3048388177085,0.15650136565651873,0.0,307.4562782263635,193375.56491122808,132.96042980833013,58817.65851161721,1.2429156184141472,60.16670834573233,0.48620244636259297,0.0
605,1815.9448857295336,0.15721850965936035,0.0,306.4312219728885,193739.19589769765,133.15147819961464,58796.350763348004,1.2393524496831985,59.58535930064079,0.4849518579320974,0.47162900118019024
606,1811.0384953657592,0.15999971186747153,0.0,297.5967271436813,194093.91254424036,133.33600721735067,58774.99562986328,1.2259204944923199,60.02952493763908,0.4836532871861757,0.15258184760115512
607,1804.9985471796215,0.16179818256174705,0.0,329.46856097386205,194480.3225143613,133.00699435704885,58753.698496857774,1.2444793167699117,60.007732868990004,0.4825091549310501,0.0
608,1786.4858719460028,0.16956660898837128,0.0,326.4201280244394,194863.4927490656,134.1220530500074,58732.293746097916,1.233446974262397,59.67817150392899,0.48141613768010105,0.45054028728769424
609,1792.9327696933979,0.17067278061473123,0.0,335.1160292022634,195254.85687215882,133.67353759867814,58711.83369153806,1.2365027035943996,60.010144773696624,0.4803205752998638,0.5414188194485945
610,1786.5283308299515,0.1729511267110323,0.0,337.24949609631005,195648.2920626933,134.09613886104316,58695.37211188038,1.2465071168866935,59.84996995586181,0.47935526873661494,0.0
611,1777.5163621738993,0.17275670976827995,0.0,337.23029069406715,196041.5545929305,134.4869900760782,58678.38185315459,1.2443778945792492,59.968613442699294,0.47839300712301647,0.0
612,1774.4207650667931,0.17761723803117857,0.0,343.4416319489974,196441.0865656792,134.43833460528984,58661.50470984027,1.2446509337759923,59.561326793451826,0.4775065123821438,0.6807731815248133
613,1781.2208823845033,0.17511616068728741,0.0,-2162.414855495449,194334.66589723536,133.15982294079274,58413.57182562895,1.2489051024688915,59.72140625008262,0.47659610666567503,0.6934106218127312
614,1785.2919409541719,0.17291095403879775,0.0,2257.4135720332306,196648.17443357722,129.48344706856074,58396.87283496627,1.2632917314658072,60.38653506845977,0.47575551628927754,0.7023651160083659
615,1853.4143666265177,0.1275862630382727,0.0,764.185666571075,197468.5910329609,131.35458015346197,58379.37594560921,1.2645148269659334,68.0105171701089,0.475101612950383,0.9063148204767515
616,1865.026239645089,0.12087608913773995,0.0,365.00326580562245,197892.18008791798,132.2934345401963,58361.878780791114,1.2218314370840586,69.85587771796466,0.47061000269274933,0.9140321173722725
617,1872.1994385362336,0.11412901815936338,0.0,273.6000191264215,198224.72438215755,132.4514690234454,58344.36606205803,1.241841939362208,69.17537856681872,0.4718411512544715,1.0487763185504946
618,1865.291839094141,0.12153907473725345,0.0,248.36751075737965,198532.31792789418,133.5449356355925,58326.86480667483,1.246299610025759,68.1219501734224,0.4791891513026876,1.0179384364030852
619,1869.8751727126478,0.11732452228889934,0.0,216.55301079125297,198807.68778777026,133.49594922716267,58309.4357072703,1.2363984216437636,66.806339580551,0.4794063910395307,0.0
620,1849.6175500972545,0.12956558948144237,0.0,249.1810915009719,199115.62772612862,132.11119406970658,58291.97559715071,1.2436939224739236,66.68493040796184,0.4795541262006889,0.2894936925738705
621,1854.0179357556094,0.1285216170305039,0.0,267.7218593688214,199441.6885402184,132.80195186091677,58274.85800524344,1.2433451967264393,67.50605332343301,0.47931369428629816,0.3698719688190977
622,1838.5621861337556,0.13571786266816188,0.0,267.6985088539746,199767.76833720185,133.2190276230052,58261.61496981127,1.2383882139818714,65.77929333247216,0.4778885644401523,0.32188746340636953
623,1850.5470645103148,0.13219614908538058,0.0,268.4767191805431,200094.15012483957,134.39617407268028,58246.73128181051,1.240428866171623,65.20170648618998,0.4789346677823797,0.0
624,1839.5910422262666,0.1394773174441133,0.0,264.44246594614333,200416.77700510868,133.83822529151732,58229.24103167166,1.2412193159581724,64.86317957417305,0.4823616702346968,0.05714323570205693
625,1841.980984067244,0.14056586531426307,0.0,278.3953679599034,200753.01470636541,134.17220313043907,58213.257420013906,1.2421654119387244,65.13279902762054,0.4791935175212338,0.47934759965679063
626,1849.1247075047079,0.13654933239688127,0.0,277.42869441209433,201088.25745061145,133.6139661598438,58195.56775776543,1.245376755674493,63.61590856588611,0.4825351101143994,0.3857055625474004
627,1844.3228704464946,0.13844726116817763,0.0,259.9823439405303,201406.17331928955,133.10311795345083,58177.87057304916,1.245422054291276,63.41487057702146,0.48224379591190664,0.0
628,1831.48447917911,0.14489984507837494,0.0,284.007286983326,201748.17625009178,133.15935615012532,58159.41826590524,1.2481245203729723,63.061104223844566,0.48191645512647274,0.0
629,1822.0523607324712,0.1509820922916374,0.0,292.12965454576755,202098.01313997275,133.10318001820679,58140.89554773957,1.2515838428203385,62.98814881569619,0.48151920514917307,0.11463286065065859
630,1814.0899750572803,0.15625473513976085,0.0,303.1142694678977,202458.53581264958,133.382751868938,58118.01861821416,1.2424102908028518,62.81141106303782,0.4811308879039148,0.0
631,1798.771092493868,0.1636802366322052,0.0,307.4987238760165,202823.15601614479,133.05705784656968,58098.55598051074,1.2488946388941498,62.29950355778642,0.4807232654030295,0.0
632,1795.5890205105545,0.16690223619518607,0.0,313.46866318729,203193.43734162344,132.92675137591573,58075.701060714084,1.2391451338863375,62.63835973949516,0.4802284456158085,0.0
633,1785.7658890803548,0.17283405417657804,0.0,327.4160838708197,203577.4268077416,132.89654187865028,57992.9898830437,1.248460008623621,62.341227694165354,0.4798327524863015,0.0
634,1792.4124342433522,0.17007391243710346,0.0,334.16814251576875,203968.07531241066,133.38903845809708,57971.72755891805,1.250454616816634,62.3089903331644,0.4793951938677388,0.0
635,1792.3902435873933,0.17015136483424287,0.0,332.11783993186685,204356.81595331235,133.21639584718437,57948.882401362105,1.2441483248957559,62.14775952439756,0.4789745274293306,0.0
636,1797.0426268211213,0.16964294190790508,0.0,330.90201399851344,204744.35916454592,132.72781810688238,57926.04732880727,1.2518241745654446,62.437878528940395,0.4785298471557088,0.0
637,1781.9961308903346,0.17585191353953977,0.0,327.6650466668476,205128.66484428867,132.32103187216583,57903.20719822093,1.248265794272825,62.14736363227455,0.47817135537329786,0.0
638,1784.3223934411399,0.17512799639752674,0.0,342.69431250255303,205527.69957492047,132.20378579795639,57880.42562053436,1.246778254945855,61.85705342079815,0.47777054814199293,0.0
639,1785.6102126195244,0.17416907775984025,0.0,340.88236331589025,205924.98807539183,132.49455292121522,57857.662887914965,1.2491249280321306,61.87916368314232,0.47732960486000225,0.0
640,1766.5112496688246,0.18158858796350452,0.0,339.83213053515095,206321.2728561757,132.43418302601324,57834.9119797473,1.2515729462474712,61.94498497338204,0.4769173587440964,0.0
641,1776.8974703818321,0.176820283132766,0.0,347.37642244428224,206724.62086048475,132.79700974017192,57812.188210380955,1.254323683267936,61.97021038647709,0.476541712554997,0.09370326212081181
642,1785.4596172667598,0.17422412559129752,0.0,345.93413190277107,207126.78685452923,132.4438499638332,57789.48919337112,1.2503718124355219,61.992400671278716,0.4761944259397444,0.09326252457243811
643,1790.7925008725429,0.17076111756731704,0.0,335.5509662068254,207518.77786580517,132.37400359583856,57766.838983731446,1.2519497668533173,62.94424199495276,0.4758711190380864,0.0
644,1779.8025898761077,0.17475147536289382,0.0,333.4617552779789,207908.79789210454,132.34310269132123,57744.165903868234,1.255624149347938,63.242606112374006,0.4757671138839935,0.0
645,1776.477117735495,0.1764813510305714,0.0,336.2404835917957,208301.38050776368,132.53752950005483,57721.49941234725,1.25129430952198,63.04413319291411,0.47573389479794426,0.0
646,1786.6572550105257,0.17306180266108906,0.0,343.332288020992,208701.10095968895,132.040842429288,57669.24956460525,1.2463177514610249,63.041947851961275,0.4756616464566117,0.0
647,1775.8166822698547,0.17695588770947823,0.0,315.65032281651884,209073.3120253229,131.50092456630816,57647.539807980516,1.2298234706298112,62.779302458024866,0.47559430541638825,0.0
648,1779.8939803686537,0.17660057151818398,0.0,350.52857988143984,209480.15530906047,131.2847844581091,57626.81732054172,1.252462469333377,62.847212584952416,0.4754759241602901,0.0
649,1776.191919466583,0.17808568800771896,0.0,344.7359739114948,209881.219249797,131.6508073467827,57604.18704612105,1.249904339455436,63.087359134678756,0.47537975701883484,0.0
650,1783.7484710493782,0.17575098736240613,0.0,338.39390306289704,210275.91528458963,131.02983671188633,57582.55337380984,1.2464684009664615,62.19355110979622,0.4753539842795452,0.0
651,1795.3167217603561,0.17003483394148355,0.0,335.8729205147988,210668.15153877967,131.60105407153853,57559.96558206053,1.2317253161540374,63.1385977972837,0.4751400980581947,0.0
652,1788.2215529570547,0.1723925827629912,0.0,337.6401518480359,211062.30060560707,131.53374078940038,57537.372413655205,1.2447521005579354,63.21036160887679,0.4751407933619892,0.0
653,1796.731976564579,0.16971245611529795,0.0,327.130621227519,211445.81351618795,131.34932577976443,57514.82828396813,1.2443625915750576,62.583194283086385,0.4751585073431105,0.0065147951114994385
654,1782.863910754718,0.17743682805195216,0.0,335.3299384760575,211837.62059657622,130.47382112895687,57492.28703544709,1.2416507892176993,62.33478270532103,0.4750306045134004,0.0
655,1788.2345900219882,0.17541682319581242,0.0,337.9329619465972,212231.58584935116,130.75652040654546,57471.03576141421,1.2407940405469264,62.37793360980666,0.4748575700776479,0.0
656,1799.1611495529326,0.1696910114396617,0.0,341.44893949839934,212629.19143433525,131.22412444921935,57451.84038676854,1.243261825917062,62.610325654864255,0.4747041829172806,0.2145904970947754
657,1800.3813896119145,0.1689884595180038,0.0,333.4739424466936,213019.1471292762,131.83024276606312,57429.30032554389,1.2425491149395471,62.72716700555087,0.4746151467770201,0.0
658,1791.145069501274,0.1722299547418309,0.0,331.6198125606374,213407.32018461195,131.50961349387205,57406.795828401635,1.236974394029256,62.944365543965155,0.474552026426358,0.02220832706241538
659,1795.8888033641772,0.17069804556747015,0.0,331.79583509685244,213795.4680363459,131.75802365392502,57384.96499025945,1.2409352817762682,63.01017783402189,0.474540760164799,0.0
660,1813.602203789908,0.1620948667748333,0.0,305.0469428720752,214156.96832449368,131.18309863049893,57369.58716667573,1.2328424418957233,63.01762622505083,0.47452032465756055,0.0
661,1808.7558929470106,0.1641724521390684,0.0,323.55252126121985,214537.35135430115,130.72869853295245,57352.23826094193,1.2408093631351242,62.901194901421,0.4745041872643406,0.0
662,1805.9355262934591,0.16539312786934113,0.0,326.4083068957933,214920.7115990746,131.21582594798932,57335.89147504186,1.241001776231839,63.16204193323278,0.47446563608324144,0.0
663,1822.027826292211,0.15937488647288767,0.0,319.36154317415634,215296.93356521195,131.49273771711736,57322.23620011984,1.2321612982678232,62.987004142915964,0.47448647184056597,0.23950881255782974
664,1823.3414898645237,0.16030042250944176,0.0,313.75411128681736,215667.81982483173,130.77013222297154,57201.73944562548,1.2386141334480096,62.997260086177924,0.4744763244870768,0.11701181920552983
665,1814.5023336008744,0.16416380231491334,0.0,310.3366573056647,216035.2334754008,130.30994732418276,57184.42385394251,1.2379081274648773,62.63557557223452,0.474467530054831,0.0
666,1792.4366773684628,0.17306544603887408,0.0,327.52668858509753,216419.61033160434,131.09876174862842,57092.14358155236,1.2361803286485997,62.03707533781375,0.4743806246084074,0.14665246230278228
667,1795.774448346707,0.1728881100966525,0.0,334.3813740824576,216810.40609265424,130.7072325733151,57075.16013010827,1.2406125083673791,61.886164225498035,0.4741753386945872,0.14609521908121792
668,1806.335156487624,0.16805217198863664,0.0,314.61401272958165,217181.41757028704,130.9199950220801,57056.79125930239,1.203297331735798,60.9785279723996,0.4739497495271028,1.08417962860986
669,1782.5838077326796,0.18421366346669754,0.0,344.14121760980186,217582.087073854,130.2844530089655,57037.34740435545,1.2285838738245245,60.857746758415644,0.47356594298493626,1.2500585799932509
670,1772.4635292113992,0.18903073821249083,0.0,-1284.9039665890396,216352.9306042075,129.80605118553646,56853.45976205653,1.2392056754043828,60.33033336724195,0.4731812572166703,1.029180231319529
671,1765.2262258106293,0.19266993819346467,0.0,1620.0277636807095,218028.45965172362,128.13504316054394,56838.05289755716,1.2381440916614277,59.00510663307588,0.47268687266611037,0.1438871870519023
672,1862.1246514048173,0.13153730212140058,0.0,640.4157753157702,218724.08260948103,129.36614813651119,56820.85992791756,1.2439849574944841,64.77313644842702,0.47191402135410265,0.1433404230861015
673,1846.039183552191,0.13893841719406663,0.0,350.648893323704,219133.0370500927,129.8728153964949,56798.74270407237,1.2324196933369758,66.40057977038788,0.4709375074344127,0.4579197715119392
674,1855.4032428368268,0.13592109027473798,0.0,279.9292973603482,219470.9471432605,130.82599805991129,56782.8424336999,1.237900887522492,67.20069165812991,0.46816186930114134,0.14225311881313019
675,1853.2307929699957,0.1395640728413663,0.0,272.57128912482904,219801.69013078205,130.15745991512753,56767.840523765175,1.2367979986038755,67.3423024359958,0.46838493994972674,0.5180770206747809
676,1847.0065064498503,0.1424658766777145,0.0,278.6549236151102,220138.4485494651,129.85327501719894,56750.72209379638,1.2342662976920018,65.79063720577349,0.4728942967727567,0.0
677,1845.0547905542455,0.1434897099717356,0.0,238.50003769565552,220434.86024104152,129.6239376010291,56730.813779485594,1.2121823396135907,65.4575695582941,0.47641904822704506,0.0
678,1828.068967405601,0.15522134742344562,0.0,294.0976853888744,220786.58652309264,128.15599224158737,56712.07903905146,1.218901428085643,63.865340587296444,0.4768316823455117,0.7410688736232487
679,1812.0770750381446,0.1590981421777986,0.0,317.12659998348676,221160.8142789226,128.16416773590348,56691.57376920665,1.2339261792755862,63.83709352787942,0.47687768258358654,0.003416805415440649
680,1804.7446760732685,0.16215329659227695,0.0,320.6478436595563,221538.3157059719,128.6974004267282,56669.4935646659,1.2343684630480432,63.086097008950475,0.4768988067423161,0.1390403053805045
681,1816.231789624455,0.16036275314520465,0.0,318.7349136948243,221913.86416156255,128.7590087205068,56651.2906326295,1.2323106998366122,62.777225452040064,0.4767630992553622,0.41004810763281796
682,1816.5820845001303,0.1592274162197782,0.0,311.11531685887314,222282.0733990978,128.86223480997708,56629.314715765126,1.2345771988936471,62.52468619378229,0.476576295127978,0.13798568098252417
683,1788.9689596311891,0.17251190322532006,0.0,326.64604251755105,222665.84301047854,128.87663388675378,56610.798771799695,1.2364139973370911,62.10559976287789,0.47633975619808716,0.0
684,1795.801190603762,0.17078651230260367,0.0,324.4996236161914,223046.7726975633,128.64151904829495,56594.615811386524,1.236853630775599,62.04367384879352,0.47602366615429526,0.0
685,1809.5161333435733,0.16514915348045955,0.0,339.0018630978968,223442.24813895646,129.78466126466049,56584.04350755936,1.2384068489100664,61.80853334575745,0.47571178508154155,0.16630997439148132
686,1804.5673976056314,0.1672870499207899,0.0,319.6374067502198,223818.7790733361,128.59156018132865,56567.08008536877,1.2360948995435417,62.29911481005388,0.475370916129521,0.1393412234596667
687,1806.3970381350073,0.16669360600841587,0.0,331.2138117760912,224206.72667005323,129.05032588090936,56548.41009628859,1.230514268488759,61.799901920293124,0.4751529832790402,0.24868510181838133
688,1808.4521265205838,0.16618118352588518,0.0,319.57389151868864,224583.10420783635,128.72462387238167,56526.23691731678,1.2351205385137685,62.475432883629594,0.47484345940403877,0.134869347733499
689,1817.3727200732517,0.16400898589431057,0.0,319.2845908136132,224959.23566975648,129.10065023436056,56507.063791237466,1.238816607913526,63.81799272151028,0.4746927172650154,0.22102787782631594
690,1813.0964961682266,0.1695007544202055,0.0,327.7775437378685,225344.0095464766,129.75244788637505,56490.13188387221,1.2342162644214447,61.156011303297944,0.47482779424665117,0.0
691,1801.9948778524627,0.17475031557393295,0.0,328.32905597092474,225728.9887258419,129.42562736846315,56471.85548353874,1.2374702458072064,61.05292914294641,0.4743829386885884,0.2404634568808035
692,1766.6078204930109,0.18973932221322842,0.0,343.5324675403952,226128.7341298319,129.33950781977805,56449.47085335923,1.2372495682252433,60.80725797056625,0.47394584192346734,0.1721497478284988
693,1761.2902116272185,0.18877310068216213,0.0,352.3432877782675,226536.36323711515,128.84568325585624,56200.23817172407,1.2389387496571684,60.84214145033914,0.4734780802617879,0.13232620470428458
694,1776.1572490201781,0.18971605906581268,0.0,358.3425018375856,226949.84891765326,128.7548254571905,56180.77082110942,1.2364375282764504,61.71334247312723,0.47304189674508235,0.13182337373606856
695,1769.196133590406,0.19232047796458185,0.0,263.18282130481646,227268.63956104178,129.05289669916274,56158.26908772158,1.2356859856377227,62.25217754288354,0.4728154993811865,0.13132245714685098
696,1761.0901115139839,0.19696228580068453,0.0,444.5501235606562,227768.6355810751,128.3612146860422,56137.564684567726,1.2348125396451954,61.55977151080285,0.4727047660585025,0.13082343322629697
697,1759.8975525209542,0.1943262654783421,0.0,392.63768955033737,228216.54414944205,129.29741859441995,56000.9416133735,1.234080046738068,62.05881859297541,0.47245305332532245,0.13032631919020332
698,1762.8194882311827,0.1919720569725153,0.0,374.23732062750366,228646.07018059056,129.48982262137883,55740.41724681636,1.2381366637873263,62.18221144967728,0.47232224391783767,0.12983108601534354
699,1772.6142082544156,0.1870893644147602,0.0,360.56407342137936,229062.00965128094,130.2554158101225,55470.87647392142,1.2355879327951917,62.09601336520882,0.47222591193838925,0.0
700,1772.5729998677646,0.18589870376396245,0.0,353.85655563403003,229471.4428254515,129.07324993806716,55451.91657734884,1.2388912884206076,62.66131849221195,0.47211434575147465,0.0
701,1761.9374874643006,0.18966886153104345,0.0,354.2524382518266,229881.30195365447,128.95285246548045,55432.41509837554,1.2390074198894512,62.5536520074933,0.47213080032166493,0.0
702,1764.581818137793,0.18859531249163808,0.0,359.10855050286216,230295.70360311161,129.21927008416336,55410.30846266624,1.237616668043713,62.55455372581218,0.47212491076669255,0.12786852238743052
703,1762.6835114708942,0.1858121406558806,0.0,260.4528389851757,230611.54015001561,128.5329233924062,55388.928647979395,1.2368725193927745,62.44111978467724,0.47212413096217937,0.12738289769052358
704,1766.5901348233544,0.1832738833732359,0.0,423.69138569495766,231090.460357273,128.05915610999014,55367.36412036058,1.2413353630968496,62.52334759824426,0.4720756627829768,0.43488034509618956
705,1765.6419865012103,0.18233965312250633,0.0,352.8797146267587,231498.77869809925,127.73566175239765,55347.21400724827,1.2236899747508214,63.1812017010003,0.4720562000327156,0.1264166171396255
706,1770.7852957399527,0.17994135314491444,0.0,342.2752520935331,231896.43305556066,127.62063630052545,55326.20141246364,1.2382215764867919,62.63609565135761,0.47217232690528543,0.12593624487564625
707,1779.771908910859,0.17477347339481086,0.0,353.1091827027639,232304.96986256744,127.20945243447814,55303.80061940985,1.2377480147926454,62.99802307211547,0.47216749658064594,0.12545768784359268
708,1779.9045724442126,0.17530003069903233,0.0,343.79765607676507,232730.10841137875,127.95031427153828,54865.81046998614,1.2360724589528318,62.28812261261687,0.47224175841689997,0.12498095892676986
709,1825.3657368380393,0.15134798022944362,0.0,325.8369705716803,233111.8365307892,128.06761332624765,54878.99082849927,1.2334229908889713,62.8741724003322,0.4721619235928237,0.2921509070010444
710,1820.132052901336,0.15438908712078836,0.0,298.0859216519624,233467.3869176903,127.71927252716263,54752.53172726474,1.2370699982940707,62.50800930899817,0.47222943787639704,0.9388767576074599
711,1809.824012054939,0.15791916617838886,0.0,293.15029720395944,233817.84879467735,127.6799392661456,54676.50321861153,1.2298183712290214,62.767125397275784,0.4722324503628814,0.0
712,1810.5154262637825,0.1564286252723145,0.0,307.4508705102019,234182.450644008,128.3687773379304,54660.47524786826,1.2333334651600416,64.12194849961514,0.4722692152126877,0.20036545395862504
713,1819.913495989614,0.15373346796123888,0.0,303.5004337023738,234543.09989757754,128.2311531571511,54644.68315676389,1.2367343411877267,62.55200569302983,0.4726001710700327,0.6985983640130513
714,1822.3681695960624,0.15320652817470037,0.0,297.6926272525831,234898.05076543626,128.38500853781667,54630.03977555408,1.237492836778257,62.39764860520026,0.47259229911184547,0.0
715,1815.3427397180387,0.15750158677899306,0.0,304.81677635641597,235260.17622652982,128.69404363117718,54617.31511262766,1.2354800156312207,62.38249297972959,0.4725361674252608,0.18296252669338742
716,1811.5685169104565,0.15818552733970714,0.0,298.945459365931,235616.32809109794,128.2869087185307,54605.43645974379,1.2411618783470586,61.704865286940546,0.4724855157955553,0.0
717,1816.9950406436942,0.15716724891195522,0.0,313.3943686872055,235986.91811419628,128.09286829529015,54592.14619783312,1.2338283397071237,62.02405909776171,0.47228947008911354,0.5930010040287499
718,1796.5928765276528,0.1516838254310231,0.0,294.89808665192805,236339.01759031654,127.72649466905045,54296.014523631435,1.2397524030370395,62.15638130626642,0.4721874435052435,0.0
719,1807.3078868105101,0.1607400907041372,0.0,307.9859697461365,236703.90292940906,127.5314843718393,54110.86431158708,1.235420243779198,62.89343984549977,0.4721057778824817,0.15374747807084077
720,1807.6328856707557,0.16332051743397635,0.0,-5842.452799307739,230918.402306511,128.31097037677708,61957.5735584168,1.1950656270339715,61.67386129678374,0.47216606002111505,0.2467863768039109
721,1791.1175813155385,0.17341339197596728,0.0,5028.784571666932,236004.0050539173,125.28578484480943,61932.9528402153,1.300275315346233,61.57206907347799,0.4719661840312431,0.04561579155388529
722,1922.170416559357,0.09922823890792909,0.0,1423.6638608884214,237484.20770914276,126.08365952210804,61910.08893655142,1.3038656961949158,78.59403285765028,0.471751109056844,0.11598189664698566
723,1923.89039692542,0.09443206282937588,0.0,493.4651855976769,238038.396995221,127.73899946582567,61887.09703432577,1.2433234434930316,79.8749336443438,0.4714004787403551,0.4363748735309514
724,1938.0535945397435,0.08377337803687679,0.0,216.5282148865594,238316.01724803876,127.82764227374754,61864.831163631796,1.2426324170281637,81.02613750770251,0.4745154670732013,0.706811198176041
725,1943.8995290020964,0.0805307320591847,0.0,192.32037535026802,238569.9240688387,128.12274574059572,61839.845423469356,1.2366515869482202,79.93131333431731,0.4753089419954221,1.458226459659869
726,1960.9052772229295,0.07419112508361225,0.0,166.50096257316585,238798.39449055592,127.93365897374389,61816.7135004879,1.2383849488316532,79.45293066786616,0.4769981474086493,0.8066306973796031
727,1957.068055189477,0.07315261394936678,0.0,164.16803947952963,239024.88355606794,128.17893618846864,61791.58114227739,1.2448232675248914,77.67582134429298,0.47764535918916756,1.0009856566802284
728,1956.8233832786816,0.07480002239383032,0.0,163.67953381579264,239251.09577015252,128.41288553017668,61766.885850175975,1.2466707168831528,77.61082185822626,0.47821540570131293,0.3153775171601012
729,1960.3774174867935,0.07544649112441504,0.0,159.02067970509057,239472.69263020362,128.39040309049884,61743.221613256166,1.2416296851249684,76.99426701815231,0.4781704433629064,0.29336915954658593
730,1956.827481451521,0.07774720225504861,0.0,165.0376753724608,239700.50433575409,128.29535754945837,61721.04479145125,1.2441935587492974,74.78691101126913,0.8699975363930362,0.0
731,1962.0831857208598,0.07632587446929695,0.0,166.65067068533716,239929.78068745817,128.40038699507846,61695.41308648641,1.2422752911550268,74.27186549406049,0.8666727126604679,0.03163007768375792
732,1954.8235570416387,0.08364185538392288,0.0,152.28688554658675,240144.83700336626,128.6083366091683,61669.21130090715,1.232424069548141,73.33912681408957,0.8718938337864894,0.3187279443109219
733,1951.7159344510578,0.08597681244098143,0.0,169.64183050087104,240376.85060759535,127.90795881510473,61642.91899190844,1.2327790831000747,72.01864437542926,0.876046063149123,0.0
734,1959.5121480288267,0.08218518902496463,0.0,203.2318206576589,240642.30378261555,128.6702430301413,61616.81804689849,1.2344933182832827,71.98102003118197,0.8823786144543373,0.15547497214748773
735,1959.4012393566363,0.0823503216938275,0.0,162.90538548781961,240867.59985538357,128.06016952076877,61591.427595352114,1.2445911189666867,70.26721563196882,0.8990118310510822,0.0
736,1935.0110472433105,0.095168969057288,0.0,202.54374671784984,241132.45802161444,128.67450742950436,61567.69568322904,1.2424538082300267,70.03022531262954,0.8953245364067751,0.48928792172318936
737,1931.816177007631,0.09970582058626687,0.0,199.60858930108384,241393.82465526473,128.03380024828982,61541.561718670295,1.2418070305292825,69.82736863303433,0.9155123947384294,0.8856812538706151
738,1923.3372979124276,0.10572356646271774,0.0,219.17803234863322,241674.605945914,128.62062258969985,61515.28329957017,1.2472890440207829,69.92957867217305,0.916715811190476,0.44339126020270214
739,1944.4278848382946,0.0988318579759887,0.0,213.64973964692666,241949.48130020936,128.54599409159414,61489.42203284164,1.2489006908306144,68.12020245057116,0.9161776441459127,0.4058459020914995
740,1932.4923186724968,0.10358835709943603,0.0,210.96021521043815,242221.90500931107,128.8843888419715,61463.27035802983,1.2459040428451331,66.02592941566044,0.9153574908651402,0.0
741,1941.7838751858935,0.1030361496057941,0.0,203.07206292226226,242486.14962376427,128.63097525548568,61437.27401636517,1.1955460765159451,66.38925807807294,0.9155741510515062,0.45806948300673866
742,1925.6195443549789,0.11368560316804877,0.0,203.43295612306935,242750.96295252058,128.64627164620373,61411.25320095872,1.243601154959403,65.90550337266498,0.9140125361366588,0.1634859764246812
743,1919.140899275967,0.11992082950243432,0.0,252.10281880239285,243063.96536222962,128.9258035171827,61385.56213289426,1.2428665945732966,65.6470137323754,0.910773974211119,0.55943547394196
744,1899.594545733868,0.1285262730293485,0.0,255.90078992408638,243380.3511583421,129.1431114162875,61359.5840287619,1.2432905334401811,64.71475319916159,0.9117565789423406,0.0
745,1887.1380966986733,0.13315583080539328,0.0,248.24904281433163,243688.5837748563,129.2888465762173,61333.60246670783,1.2411160628246936,64.22611515909276,0.9088372712326652,0.0
746,1900.3349728220987,0.12742571096934174,0.0,-595.6164791987936,243152.67518491388,129.0303128361803,61307.87329610595,1.2426522835080303,64.19483913800951,0.9064661118092276,0.0
747,1884.7741735015868,0.13543023978679836,0.0,943.2777293660766,244155.79865684838,127.91887141889494,61281.66524774372,1.2427220285147857,64.18000567814035,0.9043669764078318,0.23391948996140854
748,1912.0114009221727,0.11787460222358181,0.0,424.4651221692027,244668.681151572,128.43210136711028,61198.70441073809,1.2471300032863584,68.40476656238334,0.9023250352364854,0.6727223842304682
749,1904.0225112129538,0.11883618278373531,0.0,265.6137977402339,244994.86312913906,128.3503435731918,61150.00179138293,1.2438332442876971,67.8637896139883,0.9026037313912941,0.2628115413386638
750,1904.772046129347,0.115338768479617,0.0,248.83534034533068,245304.05953308125,127.85949161720741,61123.78547002809,1.2444375278162025,68.41520230968189,0.900504168885098,0.0
751,1905.5277756355795,0.11689506612287481,0.0,244.95742273180258,245609.56701655476,128.29464416343197,60813.53375221572,1.2470750277498237,66.59270405725269,0.9013537246438753,0.6101173769413322
752,1909.0538282152725,0.11715827052931105,0.0,233.47997139573818,245903.43442651344,128.78929309914966,60442.59643597344,1.2498739667119019,66.25265992623268,0.9001280700039821,0.0
753,1911.359633682562,0.11906001280381528,0.0,241.22234318810706,246205.13428542065,128.66215631830647,60070.976779413184,1.248292014254664,65.17962442030813,0.8997227209433025,0.2974799906770613
754,1891.0872327022964,0.1302741963014874,0.0,254.86881275786317,246520.23458663595,129.35213051487247,60045.05922376964,1.214734624610259,64.41408389045891,0.8979650687025387,0.0
755,1887.57352021567,0.1361607218490185,0.0,262.9218712304286,246842.8147352102,128.16958432154462,60018.91947630204,1.2452313116919984,64.00841689228463,0.8978595067639422,0.0
756,1853.672921740531,0.1532107409409954,0.0,287.59079539995207,247189.777829984,128.61234470935767,59993.05330245037,1.2522447116396949,63.74628898802364,0.8955201801877067,0.0
757,1847.663342136614,0.1565869434369226,0.0,308.305070279638,247556.70182114386,130.0547836888342,59967.13247019134,1.2269201359279975,63.22169142753118,0.8951674215212571,0.0
758,1858.1430933508373,0.15154215179658648,0.0,298.13298039732445,247913.08889259768,129.6061043585506,59941.33831240235,1.245210439718937,64.01645766011819,0.8945420525851352,0.01060017083393916
759,1832.3718573352273,0.1615398561560728,0.0,333.28579394659226,248304.83270352433,129.65103124205626,59915.564225021975,1.2430100370573471,63.628083890236006,0.89359077771811,0.0
760,1827.9348459540643,0.16470520370662634,0.0,319.6004401951239,248682.33149581423,129.7767577361314,59889.82737905669,1.2499060468285046,63.18176263292756,0.8918979794502765,0.242224300651813
761,1832.9039378019474,0.1628012098709114,0.0,325.33562160209914,249065.55606658326,129.30958538560162,59864.098708091544,1.2468428832948482,63.5721886739699,0.8921622354865706,0.04716761289431304
762,1831.687639241625,0.1638532074411354,0.0,323.78510160025365,249447.2439357486,129.49741204741133,59838.412813209376,1.2480038831846951,63.80201872577656,0.8927087455653058,0.22141425513891022
763,1818.6462333079396,0.1694026457057548,0.0,324.56928989709195,249829.6139043343,129.26767003142413,59812.7512889733,1.2467431804372804,63.02732544899705,0.8914430423412317,0.0
764,1819.4096057597644,0.16926611097076716,0.0,328.6512621491913,250215.80451369856,128.82848564956922,59786.82765973821,1.2505806070342238,62.98251368470095,0.8886871633551128,0.2695069871355287
765,1828.964067448519,0.16504633102116106,0.0,328.6735639998674,250601.97241193661,128.94461660138043,59760.92857821902,1.2475707605874862,62.76192759468286,0.8881081754956774,0.5368580700489929
766,1828.4914651385945,0.16487055053615085,0.0,329.3790065031566,250989.16328495124,129.40932625251614,59735.04032722838,1.2490111175689596,63.58301853645296,0.8865346873059273,0.17590027037709888
767,1839.1664872949543,0.16146817296018612,0.0,322.9094139521763,251369.9827133385,129.3246655162902,59709.169748865344,1.2486849190942622,64.49265099006121,0.885817100409109,0.3483275881187353
768,1816.435093682506,0.1704575176259574,0.0,319.3028213225561,251747.2941697223,129.10127202545212,59683.3536829572,1.2489779285641334,63.643264288609515,0.8837158469399464,0.11215655987759021
769,1818.7912000216768,0.17146453502457526,0.0,329.5728989304908,252197.49927764814,128.5788562034798,59372.70967393681,1.2469960614635172,62.41756445297966,0.8829175042543774,0.5502795982213655
770,1804.656469955063,0.17922507921101782,0.0,340.75605936254306,252595.71774407418,129.1666927838045,59346.952650177314,1.2538564808114887,62.225896262163126,0.8838269425781795,0.1572131133913075
771,1808.3701815163959,0.17687704135726,0.0,317.92607470479714,252970.88065143966,128.59173518990903,59134.13080609493,1.239408656846044,62.93919486889361,0.8816672184497175,0.09626766079870208
772,1794.337487721747,0.18451846410999295,0.0,361.7851098856457,253389.9328491059,128.6792099007297,59108.58445999286,1.244589443859667,62.65453626407289,0.8808643806974904,0.2433878850417841
773,1803.363022553826,0.18034672145162467,0.0,346.51996383041404,253811.0279941458,129.02525743448908,58826.77277782047,1.2386255783125877,62.493988439797235,0.8813200827825243,0.061789671440863
774,1810.8577497299034,0.1766195354124822,0.0,355.18680422677363,254223.12135409174,128.96334477910492,58801.51961113699,1.2504163237687562,62.64439590763658,0.8798341586027972,0.058243582483711975
775,1802.4679612442246,0.17852833361518083,0.0,347.5398574942927,254627.65686412697,129.25988757275854,58776.27756501013,1.247117995488892,62.65305166559793,0.8787984692836855,0.08112140443618898
776,1802.6369625057162,0.17820581321860351,0.0,347.82270374856006,255032.34012399515,129.44370188180162,58751.00477431293,1.2466057520779261,62.49250010961289,0.879299374493239,0.5360382487843225
777,1806.5332387221092,0.17659852416563626,0.0,339.42432874361486,255428.55708440236,129.03366233208828,58725.530174978456,1.2411014867746522,63.35166997484937,0.8794605180179859,0.6675834509423169
778,1807.6750326112547,0.1736676140193235,0.0,337.118064997177,255822.5036498222,129.23660186545249,58489.8384052128,1.2481063141159257,63.16078576398226,0.8791033555610621,0.5802028432814836
779,1800.765588744755,0.17523328248139758,0.0,339.3508139435669,256218.7789688274,129.82437521549363,58464.616663410095,1.2495395661607984,62.95304929329535,0.8793811610996602,0.7728826721082527
780,1815.0135735449537,0.17002375135044312,0.0,315.50175351196475,256591.24011203216,129.79248136173615,58439.42774350454,1.2301991971819157,63.69868208052102,0.8769899997667643,0.3407351176400937
781,1813.6754404703586,0.17198124080396826,0.0,330.9061823755685,256979.1412058893,129.36239080026203,58414.27272188036,1.2410624414633646,63.00203081611047,0.8758835996542754,0.05148559006570963
782,1806.1739173030942,0.17601398628429576,0.0,347.0761351898228,257383.11803583958,129.60442900780347,58389.14588042124,1.2400496897751234,63.678442550603066,0.8763005527359389,0.028958644033835412
783,1803.5088631959577,0.1761603936816074,0.0,342.51033526830037,257782.29583979474,129.67342977008917,58364.06650223112,1.2430130697584523,63.0648542850308,0.8776021683023351,0.6844579436643556
784,1797.8344057118934,0.1783862823252187,0.0,339.6620282858284,258178.55219048364,129.50444788870522,58338.97400735767,1.246030395029123,63.4532072030862,0.8768545150895402,0.01750782364791803
785,1810.7605187957997,0.1733318204177139,0.0,340.07664068170095,258575.00052818176,129.25705123489368,58313.98117278524,1.2467602971325833,63.55934424545644,0.8762677050887615,0.002342739451421494
786,1775.901706919593,0.18274607714308733,0.0,340.91740051136264,258972.58052431486,129.45974338603264,58288.922381692,1.2403881890446082,63.470353004747096,0.8757528959538263,0.05195194304359063
787,1797.5472879069368,0.1756537209493919,0.0,345.06446290709346,259373.61153990836,130.01808215491266,58226.40297498006,1.2437543408220637,63.20644861687005,0.875233470551484,0.287083408405195
788,1786.555262572479,0.1801426257034161,0.0,339.6882193880757,259769.52645418877,129.4727542120357,58201.393716654326,1.2475951496990942,62.20941077528677,0.8746498752647981,0.0
789,1784.9405621597548,0.18213343672096016,0.0,346.8202831408804,260172.2687512846,129.55727417404563,58176.38549364613,1.2462436804520538,62.57559812315176,0.8736971370632979,0.0
790,1782.3228257146925,0.1847530558906615,0.0,348.8120423779973,260576.98102550732,129.94846005688268,58151.412495321645,1.2485418015493066,62.06501027959334,0.8729366557775942,0.0
791,1780.0385939427886,0.18637905374861208,0.0,357.9642471276693,260990.84500320518,130.49826147265273,58126.4923427305,1.2448271947046774,62.18810099817153,0.87201786476806,0.0
792,1785.900176577673,0.18422902514982153,0.0,351.4208144019512,261398.09761700768,130.04052155593115,58101.55290728012,1.2492456236475291,61.799002163966215,0.8711951268273013,0.0
793,1783.872940699699,0.18529351754096324,0.0,353.0738499892559,261807.033987702,129.9804269118866,58076.676921649996,1.244271959605182,62.02885591137937,0.8702644746211452,0.3294202471289509
794,1781.0891629962828,0.18668213240875497,0.0,354.7857012647212,262217.66865596303,130.5297795317051,58051.82669894845,1.246038486681517,62.24798420136685,0.8694866035265038,0.0
795,1778.1527487958379,0.1866313072138932,0.0,355.4703509606532,262629.01463321527,130.47462050866068,58026.96220262896,1.2462620554862682,62.67665206588447,0.8688204046530519,0.11606435767170353
796,1775.3759350872745,0.18718193091869373,0.0,358.37650883951824,263043.37657209137,130.4479433810647,58002.105335501416,1.2495622954026588,62.55448046890835,0.8683615137570415,0.12748854075863392
797,1769.1180247550656,0.190047778077156,0.0,356.3840022235019,263455.68281011336,130.51870554173132,57978.65681433375,1.248702491699224,62.29831669270436,0.86788066584048,0.0
798,1773.5305634952897,0.1881261601657105,0.0,362.66785828388976,263874.24607527454,130.63136090795757,57955.931557264565,1.252204751991447,60.80526008186345,0.8673207184344737,0.0
799,1776.6418175771641,0.18648698907154915,0.0,357.574679355747,264287.77492542996,130.19537356748117,57932.81120199897,1.2537505016861703,61.694644946770794,0.8662104387422698,0.0
800,1781.1495305997094,0.18530764968429325,0.0,354.5467856098774,264698.34065301873,130.07454868630722,57911.22334959091,1.251877162081165,61.7229250168176,0.86550386219854,0.639704823421539
801,1769.4513673616966,0.1926207388244633,0.0,-231.21245029629165,264523.24269546184,130.48988945253015,57888.60755903881,1.2524401422926235,61.08097104136027,0.8648742021954006,0.0
802,1765.1051163450181,0.1947655299738319,0.0,818.9499702035585,265397.9752729796,129.94569225594395,57864.66432815041,1.254211742977109,61.10768939313541,0.8639775328812412,0.41096690812140935
803,1792.4289071635442,0.17439356174992182,0.0,469.92385324803405,265923.61689745134,130.22719917821485,57840.989608157164,1.2564119910808622,62.863257854850566,0.863156637929869,0.0
804,1788.3582919429846,0.17280399840794292,0.0,368.8332933652594,266349.0939969975,130.69356726037003,57817.419864737996,1.2537230751816202,63.479416506682156,0.8630433850110378,0.0
805,1785.9542248775106,0.17286770826073183,0.0,336.93974520119707,266742.59903093585,130.2646380839517,57793.31435641883,1.2575235401920164,63.80179879778269,0.8631773744571134,0.08673231611381027
806,1794.697720364472,0.16982402799212548,0.0,331.4136289611533,267130.55179374065,129.83046492119925,57769.35819352815,1.2522830304061978,63.737882863330526,0.8634357579419103,0.0
807,1798.8599690573014,0.16862450325510414,0.0,321.233195392656,267508.4402608109,130.07437921555325,57745.28096613479,1.239156110503918,63.351918803545786,0.8636543624974528,0.0
808,1802.6219336902263,0.16706893978452597,0.0,331.16807438694104,267896.3236022774,130.14795931671227,57721.08751630283,1.251259003186671,63.1344363513533,0.8637138293024845,0.26180893720277254
809,1796.1515260743222,0.16947741791842497,0.0,318.4569368678576,268271.5282618117,129.7901057673625,57583.17171056947,1.2511843522468693,63.55256957522397,0.8636992799782636,0.0
810,1801.5458102505709,0.16872373152646103,0.0,-496.5296593814828,267831.627442074,130.20640538418007,57977.943666518004,1.2444280405418542,62.62537582473358,0.8638156392212172,0.0061715667493444926
811,1798.4663869852184,0.16854518143437136,0.0,955.7111433328441,268844.01660371735,128.30676651977853,57953.33855018671,1.2517935931233761,63.32800922705554,0.8635678402824538,0.0
812,1848.5583880569875,0.1363036008361619,0.0,463.4591753963258,269364.1254832205,129.8483725700305,57928.55865546379,1.2516825039024868,64.54669492819721,0.863607356726653,0.2758882354444552
813,1854.0208438313423,0.12210288859469676,0.0,297.93657056983847,269720.2075111142,130.04766981815567,57903.98039805967,1.2482915285027683,65.99398729892482,0.864132834097603,0.005015709780451516
814,1846.3952346226476,0.13839870953739153,0.0,260.6017553963193,270039.114100283,130.93599946499398,57821.825015119284,1.2481226709719784,65.62698448590204,0.8651843651876567,0.1374890597671765
815,1847.4750861880484,0.14035985497430026,0.0,262.77716924258175,270359.9371443307,130.0755081782504,57797.456343309175,1.2495583237720775,65.70389376201186,0.8660479327390146,0.27023590959277044
816,1845.9946679664179,0.14318452380841662,0.0,278.4374794931427,270696.3431641214,130.45442833361892,57773.0942102614,1.2461708991561211,65.37212148805946,0.8669055708972104,0.7007345842003758
817,1842.2260118568308,0.14595012041585953,0.0,280.5573098543499,271034.75956614385,129.83297113766304,57749.3412170735,1.2536054325564145,65.86973221372298,0.8676118380397798,0.08083660511027801
818,1839.4819248164754,0.14875837985167406,0.0,290.3425107144976,271382.9122170337,129.89866720268142,57725.04085721294,1.2511063525462573,65.46715251060786,0.8684501896683005,0.24728102782111705
819,1835.4217460155637,0.1508712090888623,0.0,294.1364328939749,271734.7611542186,130.11974097552618,57700.670253888806,1.2512701986736903,65.17774954000046,0.8690988966592003,0.0
820,1834.0043451114911,0.15303209682195174,0.0,266.6230127470553,272058.99008776044,130.62408302075585,57677.02153659028,1.2393048231440882,65.95736166222201,0.8695931436612379,0.0
821,1814.3572848952772,0.1688489740656961,0.0,296.32037362396676,272412.7587690898,130.57231151024794,57652.77135130621,1.221607640793307,64.76801442712704,0.8703673218235798,0.0
822,1815.406958915789,0.17003653201344315,0.0,329.08823804869525,272798.6457925295,130.7260995232506,57628.59642084222,1.2334852611783296,64.71916338730301,0.8706417809444951,0.03606967333814737
823,1806.9528258559296,0.1730506314918948,0.0,340.13084247403395,273195.4059574476,130.14344070513351,57440.89376839096,1.2388063086754522,64.00287714466549,0.870872693560429,0.0
824,1806.6587907762937,0.171738829906249,0.0,341.832951787124,273593.7854527232,130.75891082954843,57416.81498222126,1.2389189360021535,64.48859947117035,0.8708275959477751,0.036977016826085674
825,1806.1592798784395,0.17116373563583842,0.0,333.6492936206188,273983.9456269016,130.52051075728352,57392.773023374204,1.24119499220827,64.17122978640563,0.8709769486458047,0.0
826,1809.0394363731302,0.1696646783643707,0.0,327.2364211072128,274367.68277041207,130.55982490816515,57368.81510189501,1.2426336009755183,64.13771511582857,0.8709954210888867,0.0
827,1813.3670892657074,0.1679200254170885,0.0,323.83257836639325,274748.09023393213,130.68852804525136,57060.08263703169,1.224859675150034,64.12549462879022,0.8710016102886146,0.0
828,1812.2974132533761,0.16698562306827913,0.0,326.5150117980137,275131.1277417153,130.6162193120359,57035.81328632557,1.2372939169198776,63.78643153748709,0.8710044087363912,0.0
829,1798.7151131254996,0.17179885699555164,0.0,329.20582445382706,275516.8363468769,130.7008205244272,56962.992525036505,1.2333095610106368,63.14996686579869,0.8708769078382204,0.0
830,1798.9133154676633,0.17269761592849442,0.0,326.3939326617709,275899.5962588736,130.58372364823197,56938.67134615601,1.236555700402471,62.68523935883873,0.8705100461360851,0.0
831,1784.71147170373,0.177443981078942,0.0,324.8814716952515,276280.7915097288,130.8277806207173,56914.38003153057,1.1935998825491294,63.26820893003763,0.869982662803959,0.0
832,1798.428085409132,0.17114430432669492,0.0,324.1612286383,276660.91503248434,131.1575605526259,56890.09021709373,1.2195631850651765,63.44354263940169,0.8697101920146872,0.2930733383461188
833,1808.1595930267667,0.16717346273541966,0.0,341.5859073189362,277058.6409841616,130.48385062163837,56865.80594566732,1.2231404375199486,64.31159956805129,0.8695342844698596,0.06096944997496223
834,1811.770700967405,0.16418870734946078,0.0,327.2044210305204,277442.1407345202,131.09144739575453,56841.553613710836,1.2265524720474175,63.817921332829734,0.8696903113203497,0.0
835,1809.9902753082235,0.1656036148568849,0.0,309.3832587075312,277807.8420073491,130.67630069966054,56751.3725157695,1.2254572236330665,64.13015983010806,0.8696512497633719,0.05677218597202227
836,1810.552323053476,0.1657178331114627,0.0,318.52326668288015,278182.57009368343,131.12178268202445,56727.146539992675,1.2281331154232464,63.149621784784856,0.8697397245146553,0.3950626654480516
837,1813.3331088575574,0.16399901711624665,0.0,319.5486952043859,278558.3098778605,131.34084027788438,56702.93643832013,1.2269470082043161,62.85786018055943,0.8694591442693387,1.2520428845451477
838,1814.863149360731,0.16510444135949554,0.0,310.70450667267755,278925.16525028687,130.85871150148242,56678.62634737142,1.2257714966177937,62.40066341666025,0.8691188413690255,0.6536871811000537
839,1803.6111379613274,0.17019086970802755,0.0,299.9177754320338,279281.33901069104,130.9672286912542,56654.3324979241,1.227590715326438,63.04662159103658,0.8685928866252104,0.08709215699110473
840,1814.5409680683847,0.16675689875274247,0.0,311.5272875115902,279648.9211345353,130.8242131154632,56940.76796359145,1.213174582402277,63.03213965296372,0.8682303219190064,0.1012709349811729
841,1814.1375773637537,0.16723769262093469,0.0,316.41866708024395,280021.60652104305,130.24723524822915,56916.350447650664,1.2232727474238934,63.858823564611576,0.8678826781686679,0.07230347868693343
842,1798.6517091733447,0.17377125576469454,0.0,322.0818910051605,280399.9106957707,131.04677562316456,56891.93436002352,1.1982883869906802,63.04064413132287,0.8678743292312275,0.08619531972188099
843,1801.0318042779982,0.1737286570288531,0.0,336.92599415623675,280792.6853782675,130.31490409166773,56867.66466423675,1.2182828642522416,63.25786277765013,0.8675505580165351,0.05701543233652728
844,1795.5029626192322,0.17389952348725757,0.0,-212.7703477028333,280635.6719828166,130.76051169282985,56843.31063746552,1.2219258345760222,63.44957703181893,0.8673279112892678,0.04985553244527807
845,1805.6952257942833,0.16981345066751607,0.0,748.0289785942391,281439.3065358447,128.8683319329024,56818.97248689142,1.223787730183533,63.82447806681674,0.8671696746447514,0.38723555738917526
846,1844.1084370840651,0.1452054882499364,0.0,422.9698474124681,281918.06860621367,130.46591693981787,56794.65147263513,1.2246476448598094,65.50806967333781,0.8671817692298912,0.0
847,1861.1079403611427,0.1369172867966788,0.0,300.4505478932266,282275.58198204596,130.44379661030248,56766.85133907215,1.2252163075369007,66.3961261213452,0.8678322487643161,0.4397132741909502
848,1846.7483042762076,0.14136224561474953,0.0,264.7335148404147,282597.7303699704,130.4171505751966,56734.1402477192,1.2223229144772354,66.44324650082247,0.868816317399087,0.004073529317452085
849,1856.6878325340558,0.13897221212164046,0.0,279.3119402809182,282934.2678373732,130.36678870512597,56709.8669322337,1.2228270809532245,66.06650052096805,0.8697513252680946,1.1579760039060716
850,1854.642185102213,0.14234856881807545,0.0,281.16837869062334,283272.8149623143,130.5704929550967,56685.609717108775,1.220941833317242,65.73692953338833,0.8705454319564419,0.943056751183434
851,1864.7302342820112,0.13806531891658347,0.0,260.27014077033914,283590.3822782061,130.01155829978876,56661.36855019221,1.2199704635702742,65.7817245879825,0.8711632286143745,0.9447542785713381
852,1864.9847161067232,0.13920258811323416,0.0,286.9398023020155,283934.7834950261,130.60762447373557,56637.14377037655,1.2224158771340232,65.47210858882902,0.8717687687160618,1.294550144569115
853,1846.1573465127747,0.14687190782514292,0.0,268.0539271192567,284260.2189783862,130.27002297292154,56612.935063616875,1.2178090529488246,65.59816766042815,0.8722402867959325,1.7568674745550084
854,1842.0517839869933,0.1488071209090811,0.0,268.0317112278173,284585.198477646,131.42536629167532,56588.84201356558,1.211221009846,65.89855226233729,0.8727588466042557,0.8933785856129077
855,1851.5078608541635,0.14486404287729104,0.0,279.7631735116764,284921.69639620074,130.02503806984188,56564.80851803033,1.2209010838803747,66.02301737545963,0.8733310152704362,0.9072731340352789
856,1835.0003744917287,0.15034530916083444,0.0,301.0741901535847,285279.79310850886,130.1921975199413,56540.74732492345,1.2221247131123485,65.57051044241919,0.8739246886933383,0.9158617706513041
857,1842.525536487108,0.14991432882998756,0.0,296.6561094225875,285633.18721640937,130.13318129604897,56516.602432894804,1.217424794248118,65.5881675837268,0.8743142066922713,0.9323105073636384
858,1854.4966318150985,0.14361706090920234,0.0,273.0158149521698,285963.07054624776,130.09441121429788,56492.57316822232,1.2239374442171753,65.740489786755,0.8746929924290396,0.9490705192455948
859,1855.7686017190213,0.1436238770565993,0.0,296.28865995063956,286316.47625509626,130.304307847281,56400.077021596684,1.2262905891366152,65.77036045062502,0.8751139429114393,0.9691017214314854
860,1842.2621921237737,0.14662877328537283,0.0,275.8406710411453,286649.4389235829,130.04000819820033,56376.178639530066,1.2181431193154522,65.20459403029011,0.8755274537630092,0.0
861,1838.3953311910388,0.14944010583816947,0.0,281.9816555733135,286988.3360189463,130.13987942286326,56352.28361969747,1.2215358181152431,65.22425406974355,0.8756584713652356,0.0
862,1839.374125079909,0.1504174637245257,0.0,289.31274572475957,287334.4887940135,130.8452991082779,56318.66225145479,1.2196259933103721,65.88876403592072,0.875791930524636,0.0
863,1847.469345397905,0.14811150681933827,0.0,291.89804899757286,287683.246053609,130.8337012656517,56294.90335709055,1.2148636589302197,66.33283898507707,0.8761784133293149,0.1549785729707196
864,1848.8747804062816,0.1458926943686455,0.0,262.2950457759926,288002.50858321734,130.60323497443028,56271.1766876293,1.2016895464002146,66.05729641353211,0.8767263157152507,0.0
865,1847.7517204233723,0.14364946784242616,0.0,279.48525707134417,288338.9858293045,130.2998209345349,56247.46379840451,1.2208568885291484,66.27554470191663,0.877133943312208,0.0
866,1848.3477095644514,0.1442452113003948,0.0,289.7653194736076,288685.7395016984,131.04750450924993,56223.77053700431,1.2202976087222512,66.35387896418203,0.8776072282742745,0.0
867,1843.833183807954,0.1496001997920623,0.0,283.33554847021355,289026.07249292644,130.93928423787148,56200.10832285029,1.217616995776674,65.95079535083028,0.8780884488547721,0.0
868,1843.7512752870482,0.15096172529296126,0.0,287.4685690999074,289370.3687287313,131.2567775838107,56176.35413428948,1.2205660005626866,64.45204749882613,0.878412698718048,0.9058077792286952
869,1836.2841522811925,0.15593896748535274,0.0,290.87631479095086,289718.1546527313,131.44436433129883,56152.66470975725,1.2205976407682682,64.50834656995974,0.8781793564840918,0.9580122839159486
870,1825.8474528593351,0.16150271110782055,0.0,-449.1366533139842,289325.6498641379,131.45825751049085,57029.41540463255,1.229026871647607,64.5574226289889,0.8779378012325487,1.0009702505169855
871,1828.8909506609502,0.16312309091630772,0.0,861.6379221858791,290242.99613177363,130.51450398512327,56946.654324228846,1.2263331710386087,63.801962494470345,0.8777305812487205,1.0667135734124713
872,1853.78384443404,0.1387037395200018,0.0,427.65521731528287,290726.4654094997,131.79240415011466,56922.51720920716,1.22634159661011,66.53991164926816,0.8772441717570109,0.0
873,1867.265175679773,0.12971035558021737,0.0,303.189945961084,291086.2589392414,131.07299450392182,56898.461848033076,1.2286709237641087,67.10727663257201,0.877800668948608,0.0
874,1873.2117563239947,0.12852120680032675,0.0,258.16309105283403,291401.499781589,131.06297349460277,56874.52176008899,1.228287200997214,67.3088297251722,0.8785510048898436,0.0
875,1874.6626143706433,0.12848936326517668,0.0,244.61045014010494,291703.33080406405,131.20530193059372,56850.05368960532,1.1332616281322474,67.41240607297405,0.8793431628385188,0.0
876,1876.4307331598884,0.12875068395864764,0.0,236.07682500490063,291996.63296383794,130.1021455100573,56825.478649466124,1.2237111109918217,67.40205156737385,0.8801369213195436,0.0
877,1879.7226846822632,0.1279867734123259,0.0,263.36015254524744,292317.1622188159,130.26259595997342,56801.41330159604,1.2236506954484614,67.51088444291089,0.880887883804456,0.0
878,1885.6778834149566,0.12604419109224818,0.0,232.0981131097654,292606.520749211,130.77158099487906,56776.814021725564,1.208439164880892,67.64379969861837,0.8816445274790417,0.0
879,1883.0421049496863,0.13245657750856,0.0,251.63274430562706,292915.5075432972,130.54179191760997,56604.15118993757,1.1219757448897034,66.61088615244881,0.8824159094472962,0.0
880,1887.8951672383773,0.13212369465932783,0.0,252.79787262930228,293225.6658692207,129.9776205439259,56579.664371588115,1.2181555841529454,66.94154639890297,0.8827480017969527,0.0
881,1889.0650100333587,0.13182220930498123,0.0,277.18859196991355,293560.1430118385,130.54156640433305,56555.35386458564,1.2106755940052754,67.0806008886197,0.8831930871546199,0.0
882,1881.0525650378738,0.13355201733451194,0.0,241.07487121498366,293858.59108797123,130.6669868653657,56530.84901902718,1.189793238040977,67.22468074267539,0.8836709612029465,0.0
883,1887.448053885131,0.1304715617210883,0.0,259.3172302308709,294174.96311861067,130.4134750298272,56506.43626804741,1.2100616182386437,67.49867617840951,0.8841819111011483,0.0
884,1888.7674747822016,0.12858285902639377,0.0,248.438524364935,294480.5353375691,130.79855464465786,56482.10702034616,1.1875212372544004,67.65141453326099,0.8847747652454496,0.0
885,1890.20136269258,0.12657646904637343,0.0,250.9340851414168,294788.6576561182,130.36117729327808,56457.84279359548,1.2063563594402964,66.93902407878653,0.8853982347881575,0.0
886,1901.5390004646392,0.1207872424980947,0.0,263.189550000054,295108.9674882208,130.6490013379741,56433.67234774042,1.2054560511691277,68.12289473667079,0.8857144044930707,0.0
887,1902.9247383046768,0.11951867389485205,0.0,241.05312487434662,295407.64459805225,130.6457150177638,56409.41433534052,1.2062794467869844,68.20467548783844,0.8864760080715742,0.0
888,1901.8093782177764,0.12116314963517116,0.0,239.7277949297793,295705.017733329,130.77285651493722,56385.095891048426,1.206311411793981,67.08879294720352,0.8872320861013465,0.0
889,1894.770830313997,0.1262653548323036,0.0,240.5473041023505,296003.1823374347,130.743594553678,56360.84914432437,1.2109168763437819,67.10558095079804,0.8875172560186324,0.0
890,1881.724757810302,0.1344091897384858,0.0,247.3722725813073,296307.90986631694,130.61906192805372,56336.66536889636,1.2051363006761768,67.11086898664806,0.8877956224992871,0.0
891,1881.8052119746928,0.13533689727752374,0.0,256.1986960858731,296621.0456574703,130.50539367854537,56312.3569598973,1.2040892952967843,67.170390790981,0.8880630482531866,0.0
892,1871.691202274284,0.13905364021452482,0.0,264.273617402538,296942.2434023244,130.76692965736055,56288.2654064627,1.2042376363905167,66.71489024317287,0.8883411615860739,0.0
893,1865.93458152716,0.1392417342197394,0.0,247.7047491173745,297246.64689151774,130.2876455445327,56232.574848385135,1.2032707438847656,66.36825849612669,0.8884291779040763,0.0
894,1877.0143849956737,0.1343520516423068,0.0,283.37876676444137,297586.63586054835,130.54496192381208,56208.4440951512,1.2027994496154282,67.1114253409712,0.8883808544258548,0.0
895,1878.774522255609,0.1323302512409925,0.0,270.0043649932808,297913.4665738813,130.6418467743429,56184.242179871704,1.2014716100165415,67.22110166964566,0.8886230644693999,0.0
896,1884.8839239771855,0.12880982126491436,0.0,238.2518064202464,298208.5299317981,130.70047509003444,56098.32354876947,1.20274443944204,67.41633077635268,0.888896707918311,0.0
897,1889.8184330401832,0.12690066778847642,0.0,246.77501279930493,298512.27418191073,131.0330999592001,56074.154091264514,1.1748097291782855,67.50476601750287,0.8892334533844355,0.0
898,1899.2233993172522,0.12286604031677717,0.0,243.2539420069122,298812.5179615717,130.3659056396232,55984.69731299058,1.1993206860569108,67.74678813841668,0.889588588797942,0.0
899,1887.7505132462531,0.13029995553982288,0.0,258.27008687678074,299128.08060187765,130.11315347791222,55960.57741777863,1.1980050984853603,66.73275497690943,0.8900208898831508,0.0
900,1891.9577675449602,0.12785358448173612,0.0,240.13967350983694,299425.1447189542,130.17632476232754,56820.61834643313,1.2050676843784387,66.7967674186126,0.8900154302782257,0.0
901,1881.244655997986,0.13239321518191716,0.0,254.97623014107234,299736.82134546846,130.08283597962551,56796.82327529129,1.2028940536595127,66.6753366861408,0.8900360915743321,0.0
902,1876.9596798481923,0.13418860050790993,0.0,258.622531801888,300051.95286028885,130.21169642177622,56772.91865793428,1.2003187369422215,66.7861192407035,0.8900094543985788,0.0
903,1878.366968374184,0.13263076072645885,0.0,240.02664221091987,300348.3755788544,130.15958346406023,56749.134136201246,1.2044972115726307,65.43606894467872,0.8900281833190943,0.0
904,1884.7827062207148,0.13201765281015954,0.0,272.4983524249957,300677.2375240517,130.62238493563666,56725.05711579305,1.2062503138679719,65.5298294069743,0.8895220272435679,0.0
905,1871.8702728887658,0.1383958954792004,0.0,262.6159097067609,300996.38016552845,130.25920540141865,56700.993140159415,1.207415777779503,65.67928235499889,0.8890787974076276,0.0
906,1870.2518233490528,0.1389875756253558,0.0,251.54385058730435,301304.1177195697,130.34402850927742,56676.83387018808,1.2085665072018323,65.92413094127501,0.8887169800259666,0.0
907,1861.5674470980287,0.1415289695663613,0.0,281.94411009577743,301642.16131743474,130.06654636860424,56652.6629387817,1.2065391445967226,66.34804060970741,0.8884695639408469,0.0
908,1887.0484203940393,0.12985202843039367,0.0,248.8052314268133,301946.974370973,129.89165282514023,56628.64100356522,1.209950624843524,66.9837120345798,0.8884004010102379,0.0
909,1865.6570017743843,0.13706505988388606,0.0,282.36242651733374,302285.94376824005,130.5382317409967,56604.516835720875,1.2042965022194472,66.92787130293385,0.8885828341706165,0.0
910,1884.649405175469,0.12752157478085258,0.0,244.4918571382659,302586.70041591907,130.2407174434102,56580.49592465221,1.2091854591162692,67.14987021354841,0.8887353178609487,0.0
911,1886.7929350959769,0.12638667657188052,0.0,264.14544039120693,302907.538580138,130.00768343934666,56555.71450911923,1.208964701394296,67.17127704242844,0.8889673775228664,0.0
912,1886.8954635025927,0.12432689944328823,0.0,237.31877638800717,303201.5621523021,129.94011408822752,56531.69436684175,1.209447191761356,66.43578654977408,0.8892216543734713,0.0
913,1887.3407647717179,0.1263891748511512,0.0,255.94642198940568,303514.3122722014,130.31923861730158,56473.53427380308,1.2093413284554995,65.68753828849043,0.8891534451205074,0.1812146125695051
914,1891.4502417531703,0.12527527201018906,0.0,230.52610595796165,303801.96901318803,130.21513303222815,56449.587012236916,1.2123833534667203,65.59845342938402,0.8888067260105303,0.0
915,1882.2875901775535,0.12997652418823635,0.0,-391.7745469387344,303467.44928519626,129.6812224101487,56425.656426917936,1.209913445502967,66.27883131985243,0.8884357311963259,0.81998088810073
916,1882.3740375453472,0.12962357836887284,0.0,743.9811950294056,304268.4151839018,128.79897978956723,56404.037805759726,1.2313062110463344,66.5650931705129,0.8884079251679803,0.16061455803549052
917,1905.204239327256,0.11107716425533487,0.0,377.74997604391626,304703.0888678025,128.72141889227194,56383.93314560293,1.2178624220365029,68.48578118504783,0.8884644145619145,0.885660591472913
918,1907.6655960901326,0.11176086746524716,0.0,246.77714279023957,305007.62631304684,128.6950619743093,56360.048622435024,1.2130102131875935,68.51839572637687,0.8892978471642898,0.03821881370896563
919,1899.0171746063331,0.11634739196508403,0.0,232.91588496749534,305298.48377632175,129.02124164341822,56336.18101914476,1.2097215710909275,66.71675167356167,0.8900651718543612,0.35336382349788664
920,1879.7053389346072,0.12696256290887664,0.0,242.51207126709028,305598.72250032757,129.50805117624932,56312.31507443823,1.2050290300636068,66.6222414228761,0.8901082047651171,0.0
921,1904.3826320595583,0.11749930431826128,0.0,177.43272505582758,305833.4599354852,127.96754323039094,56288.54309192854,1.2227849587852813,66.36613429756834,0.8900975047680413,0.0
922,1885.250613441509,0.1291965978900409,0.0,284.13159542696314,306175.574815012,128.78036262039188,56265.23848709701,1.21482144443124,66.1504224542901,0.8899886627570572,0.13516051403365736
923,1891.6853911001872,0.12353224326976442,0.0,205.0471331304749,306438.0217210178,128.88219068820214,56241.62141504906,1.2302400542338727,67.5757917240272,0.889808320799582,0.0
924,1884.6949897822049,0.12732161925565955,0.0,301.04114505172197,306796.7030785583,129.81833857227315,56218.05193322958,1.2242685518134622,67.41350012059874,0.8901861241472575,0.0
925,1880.379862561091,0.12804025491246096,0.0,261.8278647610544,307115.87422953226,129.99548369339252,56194.548845941754,1.2195214299591397,66.98349152948276,0.8904826633168409,0.6070287839926891
926,1882.2305339160214,0.12795293275530029,0.0,249.38916988287565,307422.57903539896,129.87306218615487,56171.06432064014,1.2199113553236043,67.8893177808475,0.8906248407152151,0.14857812231448975
927,1905.1158240112782,0.10266183976174881,0.0,184.94059456530488,307664.76241244597,128.47038598778826,56147.52854759579,1.2293709417306546,68.13218010209765,0.8910924869451502,0.15419871861186607
928,1882.4145680510976,0.1264847515942389,0.0,262.9423086482876,307985.56753997575,129.5771621394779,56123.962540164444,1.2174118571048047,67.60532840300948,0.8916320602797881,0.0
929,1866.519148133241,0.13226788130440592,0.0,247.35620917426513,308290.3128177009,129.31531031383963,55872.695749986065,1.216705124557565,66.75561096458294,0.8919335786689082,0.0
930,1876.9998111175028,0.13063786635867092,0.0,-475.60897010377585,307871.8155424581,129.60420639677463,57686.76727008053,1.2166491141530533,66.74520389149914,0.8918450042611392,0.0
931,1890.2230188577441,0.12581643462290226,0.0,820.1110648810059,308749.16935676255,128.0366010380578,57662.08357989655,1.241197159858265,67.04448880007358,0.8917708097791823,0.0
932,1915.5174170587577,0.10445426297071292,0.0,376.23623692719855,309182.7963807776,128.42575239358254,57629.87093533886,1.222193889082835,68.2109291405104,0.8918044128024373,0.0
933,1926.2134749054935,0.09906929142541021,0.0,241.03602975437883,309482.24736427574,129.32442502518234,57605.24325273233,1.2186726976946949,70.14228771135554,0.8914992809548323,0.0
934,1934.4424100667425,0.09722427408682233,0.0,203.90841802230761,309744.8219803984,129.34762924154566,57580.56223976382,1.2135332176747204,69.80526776995168,0.8935436508001634,0.0
935,1923.23854113613,0.09882464139988889,0.0,187.47658362440131,309991.0965381763,129.16152420704773,57555.895503778855,1.2124125564454467,68.62615052209438,0.8945636847608343,0.0
936,1912.3229227117558,0.10154237239806785,0.0,171.914925674801,310221.69944499264,128.97393642444194,57531.31585057248,1.220805564648101,69.33243913436898,0.895119982378628,0.0
937,1913.819540406982,0.10598502210462357,0.0,230.5048604283408,310510.7403311955,129.37211091551373,57506.735427137064,1.215174651467042,67.4076434146441,0.8959235807678299,0.0
938,1898.2776777146134,0.11757669180676444,0.0,211.8200222896868,310780.88285711745,129.1951844298751,57482.17132874615,1.2251540044587812,67.31849380397202,0.8959390484994554,0.0
939,1909.8508085554506,0.11280573667264515,0.0,195.00178988157518,311034.0286748378,128.62426317042906,57457.64117515428,1.2271979623171914,67.81462675833896,0.8959198008451738,0.0
940,1897.4921927520872,0.12238684113552267,0.0,261.72881739176955,311354.2427995739,129.35752687409126,57433.171663591944,1.2291931746079,67.22902207263886,0.8960951392029803,0.2656900864164413
941,1878.5317624036368,0.12956181199194894,0.0,236.92093690963407,311649.2325553258,128.9357531394831,57408.59427169811,1.2276510546484365,67.07031582690666,0.8960464506730124,0.0
942,1892.842706339593,0.12563272809203485,0.0,255.91900474700645,311962.6862445066,129.5089973389126,57384.559619880245,1.2386553293339606,67.49470201418113,0.8959274147982366,0.0
943,1893.3514796869235,0.12650320452200647,0.0,250.26232349178923,312270.68564393895,129.61940345220515,57360.00955113591,1.225876481813944,67.58936277325225,0.8959800938443795,0.5485558515923401
944,1903.2554353373425,0.11841645749283358,0.0,217.13015281941824,312545.5706244666,129.10759268544885,57335.766857189454,1.2350172302375226,68.82168925055582,0.8960919422783854,0.0
945,1882.66363039902,0.12994843788586996,0.0,264.8482671489776,312868.5215732517,129.55830316438824,57311.318877012855,1.2354523023747113,67.74664187532429,0.8966535871141024,0.0
946,1900.2756109088732,0.12043908353834254,0.0,220.2125705735823,313146.3083463722,128.55873843433295,57286.81394040851,1.2318874045116852,67.68759001057013,0.8967696409907259,0.0
947,1905.813796351511,0.11783502347065278,0.0,232.73973566634334,313437.0372606359,128.8111320199791,57262.32243570111,1.230880174082127,67.24889831339036,0.8968575745492485,0.48290489633498623
948,1885.097797006489,0.1317323415746292,0.0,266.20496379199636,313761.4063296693,129.89019396293338,57237.94662177106,1.233988476005029,67.39408587500618,0.8967926005242531,0.0
949,1901.8596079292518,0.12244627798133545,0.0,235.1150580195885,314054.09133201395,129.84507486636494,57213.52321023931,1.2409301130046788,67.65487113613189,0.8967665620112125,0.30217308153984845
950,1871.5255996268306,0.13741435017291737,0.0,266.8800972534576,314379.02949640976,130.0849522783914,57189.09574859166,1.2330758078956399,66.43806931565194,0.8968573011940711,0.0
951,1901.6620486589804,0.12200485756446444,0.0,245.68241823431612,314682.00306734064,129.71134052356206,57164.66962868848,1.243220417198937,67.06650005925555,0.8964576253614167,0.48773924955460757
952,1900.5974322899333,0.12162509452061177,0.0,223.50825511715107,314963.48758447054,129.2989315394797,57140.266881354706,1.2172774957978232,67.09679732794706,0.8963447269474389,0.0
953,1889.4317626242791,0.12471811445824776,0.0,257.88512069738516,315279.2098102527,129.6393663565735,57115.873478479065,1.2297972772411114,67.86121775233349,0.8962282970383618,0.3736413728576622
954,1899.0961237775139,0.1205389383288249,0.0,240.48081155742744,315577.34584189084,129.40150724415943,57091.51950562251,1.2287301843944742,68.00058297077763,0.896432180586256,0.0
955,1881.2545920490495,0.13123467777903308,0.0,264.2495753354713,315899.4697121938,129.77419542084985,57067.26714006024,1.2245737286883196,67.60201841191682,0.8966640341979915,0.0
956,1902.195844229589,0.11928840715720956,0.0,235.41531854884073,316192.2693151062,129.31749017974772,57042.899405155295,1.2334201317740996,67.64542337784282,0.8967299118982228,0.560072646585354
957,1892.5944819791246,0.1264906576366458,0.0,250.13065001864936,316500.5092733546,129.16906956334273,57018.59695805123,1.2270984491318275,67.68975875349788,0.8968348318710734,0.0
958,1902.151531910193,0.1195385719019616,0.0,228.898778535144,316787.1320316372,128.88435676180583,56994.37667079502,1.2334153048353782,67.57281215260406,0.89692745984576,0.0
959,1890.4343957040726,0.1274071022025488,0.0,254.49626503690132,317099.63094029285,129.0854153266886,56731.21611343921,1.2288206201639662,67.1230353192438,0.8951617141481004,0.0
960,1916.8363234957362,0.1146258963040725,0.0,-485.0620952857373,316672.2162749395,129.03805133169072,57907.54683263341,1.2314160283570688,68.95490051216655,0.8937129567815056,0.0
961,1892.7250225968469,0.12925895195369208,0.0,801.913144099216,317532.30781637324,128.55486707250813,57882.712723310644,1.2470622883632458,66.54276508605125,0.8926807711327657,0.0
962,1943.0515742584073,0.09996997741473346,0.0,374.2817509856153,317964.06261927384,129.01342066340231,57858.003631614,1.2328262493663409,68.46051194174213,0.8913654699362906,0.1794999820859573
963,1930.4117288240461,0.10341685813748469,0.0,231.51736322695126,318254.46783218137,128.9568368885483,57833.24290467934,1.2252222319854014,68.69269034370625,0.8875744208463635,0.04829778563725995
964,1914.990179875619,0.1107968391144789,0.0,-851.2292293427124,317462.1081111836,128.2343092208173,57580.62555082387,1.2349590395701036,68.51532209678318,0.8896553097787733,0.0
965,1917.549842903415,0.11426314412912442,0.0,1045.0722209618293,318565.74406635156,126.66035097568407,57547.72304790979,1.2630255851667296,68.25758315347124,0.8895156776269463,0.0
966,1958.5741451811784,0.09059411328203026,0.0,408.2252638236807,319032.65317148477,127.91009982894444,57523.06699757392,1.2445971063142212,71.843697397411,0.8900899568415837,0.0
967,1954.2627702598777,0.09176943887384759,0.0,224.1608135499293,319316.7016836926,127.88369055532331,57498.31774406232,1.234402153214832,70.74696024837505,0.8898834137290983,0.0
968,1969.5620139255707,0.08472781868552504,0.0,189.52555907346272,319565.9874012986,127.77590570670986,57473.62303344234,1.2322748138679387,70.69346486098704,0.8883415502256755,0.5942585499990685
969,1971.2496283912521,0.0864425290762938,0.0,163.50346146692056,319789.65981088736,127.20014381248069,57449.216459282696,1.2376092434684134,71.7084532370717,0.8878576878389154,0.0
970,1953.1417304154452,0.10049077092252257,0.0,200.06155937659508,320049.82358424936,127.8496232793112,57424.012004388744,1.2318577436381901,69.13235728581867,0.8863976746253314,0.0
971,1948.746655675626,0.10403500294840262,0.0,207.1028833478955,320316.539102116,128.33102946884418,57399.4441231599,1.2350680127783835,69.52013949184732,0.8859184221267861,0.0
972,1939.7677642299489,0.10935704912648314,0.0,89.34301397115172,320465.2680455068,128.54052564169507,57374.779749032765,1.2344008896233711,68.7846369918839,0.8856290142912234,0.0
973,1937.1015684379247,0.11189710919201623,0.0,316.69745788807853,320841.0367747843,128.94800533719274,57350.19518288562,1.236527748361846,69.50470737740127,0.8868436079755673,0.6361994363356587
974,1927.7758467197564,0.115447372930773,0.0,248.17196227208495,321148.195347076,128.99091647753013,57325.73693933698,1.2421637108121353,68.8268034807014,0.8856647654492305,0.3383647537876584
975,1918.8385311451968,0.11934660232491778,0.0,245.73482155854504,321452.64724379615,129.19205966496426,57301.224088544855,1.2374720156106893,68.51075522941017,0.8869503167428459,0.0
976,1915.524617719413,0.12027519509555684,0.0,233.4464187502192,321744.6421649552,128.65441166177933,57209.58072738776,1.2361778691448746,68.74281159869106,0.8869200253762003,0.0
977,1922.2644579142377,0.11576782110005379,0.0,225.03235670431138,322028.01197753835,128.02574855926676,57185.144292144774,1.2399911265108097,68.41642262493625,0.8859221878633624,0.0
978,1905.2044624672408,0.1286464461596838,0.0,252.16967770301983,322338.7696511679,127.79729703108967,57160.61735363102,1.2340634020395023,68.51223227981909,0.8859325865993408,0.0
979,1895.0207180483078,0.13018066526947192,0.0,257.0145400640747,322653.79410897184,128.41091528127274,57136.17688554752,1.232873385604307,67.70052090445114,0.8866370478419702,0.0
980,1905.386448713701,0.12852768487732713,0.0,257.75832953491386,322969.3356108095,129.416461486583,57111.75159069522,1.2354991881426265,67.65817899148315,0.8870497393809241,0.0
981,1899.1114124818625,0.13272117486894108,0.0,253.2810792174522,323280.4693888009,128.89413034595273,57087.2745024586,1.238877465387832,67.49730896746357,0.88675581481382,0.0
982,1886.296060782777,0.13708058083479924,0.0,263.71095515589775,323601.8241841615,128.82513245351262,57062.9040974468,1.2376354385790116,66.99440056552305,0.8846633566620495,0.0
983,1879.9067381051318,0.14260789042630673,0.0,271.69930579830014,323930.9334538826,128.50394794348355,57009.197023775654,1.2338289307634238,65.14968772778076,0.8850034603206787,0.0
984,1880.290709408296,0.14384552204510848,0.0,280.7816975982135,324268.89271245117,128.8551870747926,56984.88997053721,1.2379098495617034,65.16688449012543,0.8836817938666729,0.5419649124108901
985,1860.6488821774724,0.15200257945510987,0.0,287.70673429570513,324613.7602754719,129.05285843912824,56960.53380839637,1.233216247332445,64.52521234002424,0.8836716335371471,0.0
986,1870.9470585669308,0.15051687941716207,0.0,297.1563965574729,324967.4373063891,129.70070682742627,56936.21228621202,1.2306513676532413,65.12761892380462,0.8813517253303904,0.0
987,1871.521775024524,0.15066281039099538,0.0,288.0841056999986,325312.16995092685,128.9367963722345,56911.83245360493,1.2319247796271482,65.8528861863838,0.8791112075177846,0.0
988,1873.8343821076587,0.14887384881407184,0.0,295.3998939700464,325664.2204938907,129.36743720540827,56887.54209944226,1.2357407152738982,65.64124989748686,0.8778972314188398,0.29646463009106583
989,1863.2877708591543,0.1542167809342534,0.0,291.3021957147353,326012.1763060111,129.04263204005136,56859.621872892574,1.2279403434975094,65.84237895345504,0.8758598439373876,0.0
990,1854.7059860789395,0.1553829975431813,0.0,-985.9756686233028,325082.4528446836,128.98484566819286,58625.2469811253,1.2298293585964044,65.6442773498999,0.8741726504453148,0.8109635292776431
991,1840.5447522732957,0.1624048944054527,0.0,1286.2379169992978,326424.84851340624,127.21278395941309,58600.027537638976,1.253200372306914,64.77896243280104,0.8753165201533438,0.0
992,1902.0671101254047,0.11913527216944275,0.0,525.3302468562758,327006.0648461473,127.9870725977635,58574.75930305808,1.2440996530580264,68.35665391321919,0.8723872567012932,0.0
993,1913.786862263357,0.11065604748507385,0.0,281.5848834723739,327345.5729034649,128.48684779206386,58549.50282688099,1.2171614276053957,68.33871773388844,0.8711917093618233,0.419336160244967
994,1918.739112783778,0.10940072104230003,0.0,240.4568692955882,327644.28746949486,128.82922150050035,58524.293485724855,1.2245782530447449,68.77176143500539,0.8713157456712765,0.0
995,1928.0509949047616,0.10779541685167526,0.0,199.98373934675584,327902.55127300706,129.45337629205812,58499.14314165741,1.2002046716174466,68.56674197451551,0.8705910306619249,0.0
996,1925.0597043909984,0.10935685110907456,0.0,224.07167987466084,328184.87687954167,128.79585945416085,58473.96051650985,1.2083586157355979,68.44683935325051,0.8696118992722702,0.0
997,1909.9271459047163,0.12182588628545821,0.0,224.673629386227,328467.63565003616,128.97452678958626,58444.37979129742,1.2001274282596923,67.16408573862762,0.8695940076332163,0.09422847077186702
998,1900.9359769607338,0.12679034892343688,0.0,248.5354328646659,328773.6787300551,128.9256078859912,58419.20106712511,1.2164263322263915,66.95902953715262,0.8704089767185207,0.0
999,1902.8838229659914,0.1303114130168732,0.0,250.57849419755854,329081.38966661197,128.7128889954402,58394.069679528526,1.2085555614679495,67.48275632876339,0.8684012589303436,0.0
1000,1881.3599515010321,0.13207861753386985,0.0,247.27458797298902,329385.78230606124,128.21150372437293,58344.82920010708,1.2135222163843162,66.28267744248416,0.8683749212123396,0.1918557351903587
1001,1870.1876424443371,0.14309020134849237,0.0,279.5993939896688,329722.05908504,128.79233218624123,58319.70390584774,1.21907497030806,66.11547567119905,0.867757088557035,0.0
1002,1882.0487026438013,0.13812675117508388,0.0,262.7181718090422,330041.146126763,129.5938482099952,58294.59094990801,1.2080717724396914,67.13143243934834,0.8673331221204205,0.40084714788002884
1003,1894.4646924456256,0.129720624899879,0.0,257.6908548927814,330355.3284293463,128.40308578426294,58269.49366741778,1.214990900358392,67.87443759036219,0.8698103367786991,1.0537973201303146
1004,1886.0062070692866,0.13673597887950883,0.0,266.77394446023425,330678.9000701188,128.47567190757655,58244.40774460936,1.2122495012600119,66.61847585937244,0.8714865105402367,0.44809305145039957
1005,1877.2969345142171,0.14087932651884183,0.0,270.74716053937834,331006.15305051324,128.52255561623772,58142.26519050296,1.209411689593286,67.14423745829467,0.8698887193366388,0.13580779890489225
1006,1859.5603783963472,0.14644634841909177,0.0,274.49147378106926,331337.00146634615,127.64410481705941,58117.20545022637,1.2138290836200578,65.69595654209971,0.8668624163963049,0.0
1007,1862.1566000046082,0.1488250253941641,0.0,281.8726440654484,331674.9250605363,128.22995486437358,58091.607671507925,1.2154190752304255,64.86291853447989,0.8668297553104525,0.16100764051255112
1008,1868.3129468451189,0.14790163144757895,0.0,283.5088029174608,332014.36156241444,128.1332750192433,58066.580602481255,1.2129559208313179,64.19860756616126,0.8663387307215932,0.0
1009,1881.1508166865228,0.14560671267413927,0.0,264.21172690403455,332334.79396824766,127.41199081642064,58041.59888850135,1.2068179835725605,66.3443677218438,0.8651618873339972,0.3359161492234932
1010,1863.7976332450812,0.15356820589851505,0.0,301.8773009315616,332692.93725353753,127.98895177204417,58016.59925660083,1.2118302760733555,66.17025414783342,0.8657824741298956,0.0
1011,1836.6758884537926,0.16408622682541252,0.0,294.17027741915246,333042.8170541079,128.43419721070194,57991.61741867377,1.2118493850227585,64.3404903579997,0.8659681873713019,0.0
1012,1860.8170986573537,0.15243889934118549,0.0,297.8867334347161,333395.8309663064,127.98693400445177,57966.699935378594,1.2220473580052749,64.63561173568534,0.8659048072313014,0.8611694455480716
1013,1859.9351887940604,0.14651872017072676,0.0,295.6742372118058,333747.21086655196,128.4534247386085,57941.77281883203,1.2142544859136997,65.05010452438324,0.8671778716173668,0.8908822526350804
1014,1845.3671751811157,0.1507612088988789,0.0,278.6195827041267,334081.74142043386,127.87496424308837,57916.86271048165,1.216652474216911,65.6327388037782,0.8658628036300123,0.05461509423255961
1015,1836.9911862502568,0.15963087761674122,0.0,290.3246485025201,334427.69353304204,128.5100071258664,57848.189079206444,1.2176626851175107,64.94933011253397,0.8646879288765126,0.0
1016,1866.6611849200701,0.1397946824688161,0.0,276.2405780092272,334759.3367329055,128.60526921102002,57823.32963464794,1.1868562290962235,66.66009281503418,0.8625401534849546,0.0
1017,1886.0586988654777,0.13124643669067182,0.0,266.02482326626364,335081.64129691053,127.29480529301918,57798.45434056429,1.2165451984602493,66.89988313165853,0.86312509650907,0.0
1018,1859.4188945572344,0.1460926291700193,0.0,274.78333980210607,335412.9939096786,127.52632476173618,57773.602024365886,1.2154812326127071,66.47907088667037,0.8630589451260107,0.0
1019,1871.4538002303784,0.13740684074360943,0.0,264.6426178527649,335733.5733879453,128.01034539526222,57748.7839126596,1.2144903172782384,65.05246189691371,0.8655959152019321,0.0
1020,1867.578874245056,0.1407122960788535,0.0,-330.79006022144904,335459.1031812418,128.33340133306487,59034.882139088506,1.2090555648324042,66.08500015548867,0.8643523299702962,0.0
1021,1885.0883640360632,0.13575478671976782,0.0,735.3988134902038,336250.64511314844,126.91988089678725,59009.31227521534,1.2300479190122895,65.97966854294924,0.8655269451062881,0.0
1022,1914.55864833929,0.1169430348872611,0.0,370.60615840661444,336677.62073976384,127.27715861760397,58983.75670521797,1.2143704940521174,67.23246734287693,0.8654500900034947,0.8649895280397288
1023,1929.3182111039223,0.10999089824715247,0.0,255.20045422788644,336990.11054913077,127.92994964876196,58958.20857874418,1.2082328369409165,68.40151488894027,0.8688752795286484,0.9758033968121254
1024,1930.1755831768805,0.11002090851300617,0.0,213.1949452814306,337260.89271474635,127.68269055352195,58932.67036672305,1.2132988386724162,70.01787369324059,0.8678625873124417,0.2808794468930671
1025,1930.642119482348,0.11056300828011145,0.0,212.47296158147628,337530.93393874756,127.56984299072342,58907.14623076939,1.2108147218952252,70.13550743969849,0.868802796282699,0.0
1026,1912.1311340703985,0.11998544422660651,0.0,228.08544484850586,337816.5394046898,128.13978722751065,58881.62677552419,1.2012452345633886,67.97400198001483,0.8728295690475713,0.0
1027,1913.8576641484672,0.11470801697097244,0.0,219.69139534928928,338093.3508710361,127.85733432124402,58856.119973681845,1.2072555879628177,68.30474087732831,0.8737167133501138,0.0
1028,1909.5503386179407,0.12326888366924271,0.0,237.42530420525867,338387.9882543303,128.02064974840968,58830.62479589991,1.2050567263207388,67.01292191756716,0.8729962117392103,0.0
1029,1920.2533761549803,0.11489658269694558,0.0,223.4947139320676,338668.4066655794,127.53049198930869,58805.1418109956,1.205637429739479,69.14026424862388,0.8736305322597608,0.16802812300272763
1030,1916.099848655077,0.12283809227557196,0.0,239.0416471304884,338964.69402188755,127.57388400490586,58779.65266485953,1.2025893155705059,68.53197764952539,0.8737737889864967,1.0924339225442168
1031,1924.9260102040532,0.1175391657125543,0.0,231.460257055686,339253.0965041048,127.385933250961,58714.29030906257,1.207581352333402,69.80325979654624,0.8736934485111336,0.0
1032,1894.7992299993925,0.1332001756772846,0.0,230.44661431360095,339540.6824322256,127.53366530738542,58688.80950826748,1.204831407351409,67.61078849093622,0.875497172108661,0.0
1033,1895.7075853842302,0.12793247559823862,0.0,249.54133940814694,339846.72846649966,127.4865037355281,58663.36839752342,1.2057710569596236,67.19254165910851,0.8758013727619866,0.0
1034,1896.2813854977558,0.13412049797865544,0.0,258.1219585072147,340161.5310144388,128.0497806141778,58637.939274214994,1.2046644243860023,66.65684612570712,0.8730229151430271,0.0
1035,1904.5592842291057,0.12346526974859662,0.0,238.13839310462913,340456.14132603235,127.04515912548747,58606.12258969638,1.2069708245349888,67.2178591514712,0.8726774478568744,0.0
1036,1895.4400851537705,0.13422126376605825,0.0,255.49177400229263,340768.4336685214,127.8725847959338,58580.73478423378,1.202772745421616,67.25504231981856,0.8755436136968697,0.45544387817133725
1037,1884.4605080622,0.13853774579383948,0.0,265.30935907723654,341090.2059660835,128.01929741664867,58555.32715011765,1.207103429892066,66.81703953644241,0.8748053283336414,0.0
1038,1898.1698688962363,0.1349320451214545,0.0,270.38685170182214,341416.81715572317,128.22343069736652,58529.96009430979,1.2058747324915673,66.71749244669027,0.8750766099781764,0.0
1039,1902.9856569860174,0.13376781117214664,0.0,260.4889223605637,341733.7271447859,127.96228457751084,58504.758304255025,1.1967402322047704,66.70018816926532,0.8749782172140278,0.0
1040,1897.613640948724,0.13162544427420564,0.0,257.37530868122803,342047.5323866451,127.84154884044253,58478.35639483194,1.201224609231152,66.65981594095776,0.8739950833741145,0.0
1041,1899.9539481263635,0.13675712720951783,0.0,255.9580353852141,342359.7827636552,127.97233389767976,58449.119478210974,1.202008861615994,66.90782086513383,0.8734067547045465,0.0363483689805264
1042,1897.4200903194069,0.1405054424318939,0.0,265.5015152513579,342681.5818970638,127.5534050631308,58423.79951535513,1.203665499426506,68.69956986792803,0.8718095197549668,0.44847354840982234
1043,1882.1425567756728,0.14689858605620298,0.0,272.36164969995883,343010.15552444785,127.61270151884695,58398.44520902663,1.2090890860192087,66.88131468157388,0.8730603068563961,0.0
1044,1890.4565560968185,0.14500935975827434,0.0,278.1047171386094,343344.2038976108,127.55368046168009,58373.11275853309,1.2057701450978398,66.85276107472627,0.8696105956830399,1.1306564521421194
1045,1890.592618500923,0.1447596788691763,0.0,274.8780490715607,343675.1417029769,127.46176995819238,58347.798833317414,1.2070623172186143,68.72812535514126,0.8687987600764664,0.49311409407812334
1046,1860.4091386425791,0.15504536709198025,0.0,286.5404296185209,344017.7519996722,127.88870320290529,58322.50991321241,1.2099442947619565,66.0031560198166,0.8703740808107092,0.0
1047,1868.7105158582167,0.15209063037926762,0.0,289.35433860196696,344362.687731591,127.95514962503813,58297.27636231441,1.2136985977412063,66.03038764782934,0.8707252890028083,0.0
1048,1875.017235079614,0.14735518495968125,0.0,288.4977392941913,344706.8820157594,127.22825743151266,58272.00753919618,1.209827811190187,66.1397369934558,0.8717136685602023,0.0
1049,1863.4109179679253,0.14819654741999644,0.0,282.8205421100985,345045.60547476483,127.1090952982166,58016.23785432362,1.2090563050105863,66.31170019604873,0.872787465300114,0.0
1050,1873.9408041775569,0.14898266337538224,0.0,285.8734316000766,345387.2100508898,127.20734385618384,59057.51054544205,1.2089912214341116,66.38567120062044,0.8723728534024676,0.0
1051,1879.0363926031168,0.14705619403556536,0.0,285.71147365051286,345728.79744182643,127.61099230641041,59031.70832629515,1.2116304528544162,66.43674376784291,0.8702383488339723,0.0
1052,1877.2472354018118,0.1452986556726128,0.0,249.62933750667452,346034.4079467494,127.7947725386815,59003.83994822218,1.1812411215715304,66.72856780495005,0.8681774351962491,1.0962798513986058
1053,1868.6951527622687,0.1468752157811789,0.0,294.5759953113182,346384.7895677488,127.08303871329498,58978.07078096236,1.1952963570641983,66.7017918443315,0.8681603333012538,0.0
1054,1865.1688697203342,0.1491682229740734,0.0,282.6256230186403,346723.0778187736,127.16280957380943,58952.46867667048,1.1664903782324265,66.88848391216295,0.8703254425057211,0.0
1055,1884.7866815698396,0.1387815516343428,0.0,275.2266309928444,347053.842338157,126.30728033457629,58926.75705422528,1.1960224793964678,67.66736488502974,0.8694504441268052,0.0
1056,1877.1091997274398,0.1465204056695273,0.0,281.3415608583683,347391.23895955924,126.96151308064869,58901.09334097839,1.1946314899590198,67.33001425811024,0.8713416756213002,0.0
1057,1880.6371969017512,0.14467098835450787,0.0,282.69575999171406,347729.7497271199,127.01506401597688,58865.08562184343,1.1959811609742925,67.4715574898908,0.8720165639957551,0.0
1058,1883.6610108480143,0.14349482157334414,0.0,280.80545102927545,348066.4322394057,126.91388843022015,58839.35341366587,1.1954451158136923,67.5786687665941,0.8726253170871175,0.0
1059,1887.9631527480083,0.1410030129248958,0.0,241.9572364113547,348364.33052382304,126.9304852535307,58813.67698351232,1.186525620153218,67.74616490856397,0.8705178084596444,0.0
1060,1905.2428621121335,0.12999187197140238,0.0,283.3187564657927,348703.6075208211,127.1005485879922,58788.003104757336,1.1875677906083248,67.93186436235823,0.8701423863075785,0.0
1061,1885.3677466130564,0.1392453108119277,0.0,269.200303683988,349029.2203517353,127.28961824726296,58764.166594746304,1.1895267580788136,67.65808310762775,0.8694616164872846,0.0
1062,1888.2084446688632,0.14103766225001702,0.0,274.35784271760605,349359.3532939889,127.27985645944845,58738.606299121886,1.184841262183858,67.7757359673476,0.8688227098899517,0.0
1063,1896.7364804559104,0.13483199079395447,0.0,272.1927670133986,349687.37852931453,127.23830106777834,58713.07712187197,1.1937286709626695,68.09915472777439,0.869252815268485,0.0
1064,1894.8403907960267,0.13716645239660163,0.0,266.09734700873923,350009.5321768193,127.29172779081358,58687.50111648165,1.1900075214276162,68.01993626063991,0.8697365814820649,0.0
1065,1899.2178167797372,0.13437528876843619,0.0,262.42264627634745,350327.926286687,126.9919313647363,58661.96421448234,1.1963058124883632,68.17756051730812,0.8708396917616547,0.0
1066,1895.8615463038223,0.13798764879411762,0.0,263.4448380260684,350647.5614356057,126.99697240661575,58636.46154503699,1.1846719569467128,68.03461117904291,0.8710119416576725,0.0
1067,1901.7354389891334,0.1337670837287367,0.0,263.20407630803646,350966.88849579374,127.16429425435233,58610.97608655795,1.1920221879729154,68.2687309155444,0.8705728282709088,0.0
1068,1899.1579011006477,0.1360388850206371,0.0,248.42475386929283,351271.58881863987,126.92541873693067,58585.50420085787,1.1565212677224563,68.17007686882464,0.8681776289499064,0.0
1069,1901.6276968685515,0.13703132843719268,0.0,265.16677722057085,351592.8256590929,126.82325642147963,58560.06100526858,1.1832377657268798,68.27529863196358,0.8664273445738198,0.0
1070,1903.5078225328352,0.13604784571489015,0.0,263.29933794738173,351912.1689458766,127.21119997423077,58534.63049767018,1.1867292571920616,68.32349799691178,0.8688428967329371,0.0
1071,1905.381704545484,0.13592712739114832,0.0,262.26212211984245,352230.5128883728,127.21746610424472,58509.21849387023,1.1845217022596624,68.39745763408334,0.8698242812931976,0.0
1072,1907.453611766482,0.13522402415348678,0.0,265.8170779180149,352552.5339377262,126.96395548612514,58410.60628977856,1.1876669037762217,68.1493550882637,0.8702454021183729,0.3046589445256984
1073,1905.2790044651301,0.13769371041430967,0.0,259.66916264697585,352868.4449834351,127.10916025255251,58385.32393239879,1.1863079293702208,67.29207532044006,0.8706446069278426,0.0
1074,1902.4005164605528,0.14041935158098484,0.0,263.22501742277296,353187.847815623,127.25685538932504,58360.05120893486,1.185439403543869,67.32942988198236,0.8696831533798691,0.0
1075,1900.5784138572667,0.14210154399833963,0.0,267.5190283226666,353511.45514790906,127.08971247372929,58334.794770484856,1.1842347693226742,67.40111291791594,0.8717492512174921,0.0
1076,1898.4731435949554,0.14377185657002067,0.0,274.6960454960224,353842.17771990417,127.38154181553926,58309.53946751745,1.1840950697637116,67.47477426781788,0.8726461145631237,0.0
1077,1893.5468440505852,0.14586656284765775,0.0,260.59753639655713,354158.7384348868,127.15942638408444,58284.3629779668,1.085622730012757,67.5884866192342,0.8720878847661765,0.0
1078,1904.5281621281,0.1370460965594471,0.0,272.8248356689066,354487.3819612445,126.82987758811194,58259.19622753191,1.1800485212078318,67.99692700754218,0.8719647726441756,0.0
1079,1895.075761455807,0.1468133767623223,0.0,274.9443014664097,354818.3767117879,127.01460546584583,58154.933919679,1.191546946128714,67.58350415853891,0.8733501463740028,0.0
1080,1899.802507492559,0.14497732591226342,0.0,280.1852478103093,355154.6525694444,127.07291062960358,59081.323342526084,1.1886373424866332,67.67436623695434,0.8710274415693141,0.0
1081,1899.2040906309087,0.14379191091408994,0.0,272.68970688008375,355483.35463921796,126.5958585249495,59055.680336576814,1.1892202734727952,67.77910378568284,0.870717942928073,0.0
1082,1902.1593659132225,0.14180293445821646,0.0,278.9670678154398,355818.305568551,126.9167543236282,59025.723403326265,1.1945927590851826,67.89903952054088,0.8729316193526069,0.0
1083,1904.030127130258,0.14056130253226307,0.0,272.8108700673996,356146.87551308505,126.69561874012861,59000.112056061764,1.1954963813014516,67.96608744347472,0.8739759009402787,0.0
1084,1886.3552195432587,0.14992484148964025,0.0,281.80830183832035,356484.5468950794,127.08257947537584,58974.59482389918,1.190794451122952,67.24469408782,0.8754258025014447,0.0
1085,1897.4558793590174,0.1448341702152668,0.0,258.7444891645567,356798.50376079645,127.12730187391843,58949.0318041795,1.1651719752238363,67.32730398931434,0.8771314257681769,0.0
1086,1895.811256124067,0.14650325012677368,0.0,282.5235305713776,357136.42195872107,126.49805622245042,58923.45231428956,1.1940440573543383,67.48244166873194,0.8790838408906549,0.0
1087,1894.4114857961824,0.14575241069757727,0.0,282.34603643664616,357474.71253273677,126.55547628255357,58897.88940502544,1.1960246621696906,67.58037137795048,0.8812246385476717,0.0
1088,1897.0256343562016,0.14391001879650278,0.0,280.76521734157916,357811.3728936092,126.86983069421312,58872.36698481206,1.195318049178231,67.67861027436052,0.8816517074778712,0.0
1089,1899.730808394098,0.14170231830611735,0.0,277.2941434986472,358144.6177252538,126.96937179410023,58568.55366555002,1.1970359514635847,67.79135719981002,0.8818326550159109,0.0
1090,1912.991723956789,0.13604401272798905,0.0,268.7980729272189,358469.42620197503,126.62553958231126,58535.06375135512,1.1918299562789347,67.89195058078906,0.8828815867269588,0.0
1091,1909.8085401857925,0.13719117041329165,0.0,267.2463512306702,358793.00935976487,126.44248903080977,58509.715608092265,1.1932123250971989,68.02218234664232,0.8846911061243725,0.0
1092,1908.4500808265661,0.13714429940970363,0.0,263.7248634813497,359112.98484878545,126.73145032235351,58346.402255932575,1.1953351743079925,68.08629653665253,0.8865950512893727,0.0
1093,1908.576216198973,0.1370243085572459,0.0,245.46268926600771,359414.65345967107,126.5649141451054,58321.10861484087,1.1492379388355605,68.15637536416219,0.8877339134444844,0.0
1094,1912.6913558279152,0.1366490045438199,0.0,273.93876872759523,359744.67753567605,126.43893364708188,58295.834163431435,1.1849661434897185,68.3209236843866,0.8883080850792954,0.0
1095,1937.0171342149486,0.11906758274848572,0.0,254.28732634468264,360055.07798539475,126.49577407495043,58270.56817030222,1.187901391991375,68.37903714096583,0.5577170323960488,0.0
1096,1937.9988488209335,0.11992562392153161,0.0,238.6161916467392,360350.2253545039,126.38133039918722,58245.32515991348,1.1846253203643118,68.45483928928022,0.5544886933702852,0.0
1097,1938.9269633104516,0.10842512046581132,0.0,227.71364771346583,360634.49382047064,126.48843723593947,58220.095310680204,1.1876005958577622,68.54689696793731,0.5514381930465929,0.0
1098,1938.6594814288742,0.12102540408698115,0.0,227.2206573373134,360918.01205551415,126.85167551099056,58194.87861212303,1.180008176273478,68.55131964724129,0.5485601076474401,0.0
1099,1938.1440591853209,0.12242163435630393,0.0,225.00456045340144,361199.3297014565,126.75281139236426,58169.691498471635,1.1858285185264559,68.468637660697,0.545827067598147,0.0
1100,1934.9718374744284,0.1255297221533931,0.0,242.90062754935695,361498.5033584999,126.90027773282823,58144.48598383933,1.1809058574177322,68.44154691900027,0.5432131933901478,0.0
1101,1934.7362690012183,0.12549236915702555,0.0,243.23761921775878,361797.8968766011,126.86504814942415,58119.31625257114,1.1847102960795821,68.4398020062199,0.5407244210735652,0.0
1102,1934.3977058398232,0.12459565911271842,0.0,173.3038988447786,362027.34062629857,127.17458603531693,58094.168872699796,1.1847460495302413,68.47455286848951,0.538359917151331,0.0
1103,1933.752911567452,0.1250293722255471,0.0,295.3883724290707,362378.8569868007,126.92849390157029,58069.003130729805,1.187043361225419,68.459386268445,0.5361087979452774,0.0
1104,1946.7420262559735,0.11997958421921351,0.0,252.4986323412578,362687.47618166206,127.21810996627286,58043.81205869233,1.1837294639711655,67.4786287392172,0.533967195257106,0.0
1105,1937.3919898542472,0.1269090557226613,0.0,241.93888191932058,362985.87440819334,127.19080085939541,58018.63623028585,1.1831586158192586,67.50609517549469,0.5317231560807614,0.0
1106,1926.0655147716068,0.13307653481923565,0.0,240.55763700716142,363282.6431803721,126.80147523914914,57993.58152390553,1.1876304242305458,67.53006541630975,0.5295974869292337,0.0
1107,1909.374313206918,0.1409069207007565,0.0,263.7522824885912,363602.8895030722,127.43944262865188,57968.53034671049,1.1913558710326408,67.57637862609158,0.5275835180161417,0.0
1108,1913.9364778255929,0.1394432786398232,0.0,265.8930078188732,363924.7083759551,126.95138373582411,57943.50119132206,1.189997983374575,67.67388383759922,0.5256804387193511,0.0
1109,1912.4609611926096,0.13951245569635906,0.0,269.27795751012167,364250.01647651556,127.31233455938647,57914.013184588184,1.1964177992090763,67.68786048313433,0.5238936458364498,0.0
1110,1914.402591565696,0.13888202038361397,0.0,-1494.2873229959462,362812.05031492386,127.31614244149152,59297.96526694232,1.1984800557388031,67.78723808046263,0.5221745060199691,0.0
1111,1915.6919185909321,0.13865403153989353,0.0,1609.8864614682893,364478.5495510233,125.03080057541806,59272.20867662648,1.2185911766676443,67.84538348891766,0.5205628544009867,0.0
1112,2010.5121132976346,0.0763152503569039,0.0,562.7548084971834,365097.9203452091,125.37979760843245,59246.452991012244,1.2188490873325786,71.96184413946682,0.5190444893493218,0.0
1113,2018.9681953456331,0.07136653096356649,0.0,245.29335496935704,365402.7784257277,126.50960497143595,59220.741196227784,1.1981217214051034,72.8182145294865,0.5167542195009387,0.0
1114,2005.367107169354,0.08291969336788296,0.0,184.77621521047757,365647.3529976861,126.9736786524628,59160.94904195007,1.1964738835303221,71.79937542509131,0.5127202452584215,0.0
1115,2016.6131045913266,0.08054309592163489,0.0,167.97799979773265,365874.595386592,126.70256243667609,59083.85057842209,1.1944800490775471,72.1671136254952,0.5179373479877518,0.0
1116,2003.6512382805909,0.08748200752408342,0.0,169.04390039709807,366103.0048893142,126.42164582063926,59050.52213118935,1.1960498181466939,71.28420388202605,0.5174742404038513,0.0
1117,1993.1169866036423,0.09484367829281393,0.0,183.57557192453146,366345.4309819313,126.73446181448247,59024.8394539552,1.1922633283982917,70.95547660781003,0.5168453533587544,0.0
1118,1983.2888736930881,0.10026034974525433,0.0,191.56905662331394,366595.5165897831,126.26319156231789,58999.20008174772,1.194952875094898,70.71865757728328,0.5161775624318937,0.0
1119,1978.4198148465537,0.10391598525438217,0.0,204.68006469709417,366858.386173038,126.58731352527134,58955.72296009276,1.1968150010470007,70.5450807387079,0.5154924968515151,0.0
1120,1992.1199470881245,0.100507843581785,0.0,205.50949637876488,367121.90159061097,126.18304178662267,58930.00908744243,1.1964842289396251,70.34660380767711,0.5148045658972131,0.0
1121,1985.2740700676045,0.106217931134168,0.0,213.87096909812578,367394.12103007676,126.69107152196035,58904.307778710376,1.1983473791005361,70.20646361603978,0.514108604453357,0.0
1122,1971.1687729435848,0.11197861643768336,0.0,221.9249690523812,367674.21909037465,126.82470316908203,58820.890287852686,1.1946236624356492,70.08721838059395,0.5134175069203135,0.0
1123,1988.3860688214438,0.10570293094513306,0.0,207.50741935680946,367939.42343491514,125.72064505276079,58795.26847054601,1.1800336147284658,69.98974239938127,0.5127355110947243,0.0
1124,1973.0841871951827,0.11458150087330132,0.0,222.49301480334628,368220.0090324154,126.27512342208054,58769.68976712722,1.1848317534968709,69.8788506587512,0.5120668278478384,0.0
1125,1966.0982263121825,0.11720284076560139,0.0,233.95607301701358,368511.52254253614,126.3969914926472,58744.11731105404,1.1901936668956543,69.83987649441656,0.5114079316297641,0.0
1126,1963.315765095916,0.11822761458157105,0.0,234.67418792277726,368803.5453768724,126.84692082867382,58718.555383957566,1.1925693384116252,69.78927857770014,0.5107737216956977,0.0
1127,1964.4810240053353,0.11954813139206133,0.0,235.9855391807966,369096.76045747125,126.71520570176067,58693.04077406914,1.1918754098511644,69.71359528152439,0.5101604814946437,0.0
1128,1961.7460990601335,0.12075212238956134,0.0,237.49848876182676,369391.523503832,126.76271130925373,58667.53686287571,1.1855107070623447,69.63867801265012,0.5095618027946652,0.0
1129,1977.493882199716,0.11393196588995502,0.0,218.6526922769483,369667.3273245634,126.29509136988628,58645.25319836894,1.156616829506276,69.04360204885036,0.5089771280447052,0.0
1130,1974.3795522699277,0.11780561341759088,0.0,239.4587392988443,369964.28192258836,126.29320189895043,58619.72289747629,1.1656187022207316,69.72688523822092,0.5082945351697992,0.0
1131,1969.4480466999958,0.11999517809271742,0.0,236.42290876158341,370257.95444259734,126.29260895288748,58594.374458417646,1.1849746138500366,69.76956462559252,0.507792333864314,0.03591975400971137
1132,1972.878322616501,0.11855575505432125,0.0,244.38328445057493,370559.4039321287,126.93966498863746,58572.89154006964,1.176897396029959,69.09110657399901,0.5073176510473484,0.0
1133,1977.5584218405043,0.11530883111652857,0.0,232.60095769437618,370849.15019435016,126.41575621855478,58553.54745873154,1.1785988886353587,69.09406934160715,0.5067285124442729,0.0
1134,1971.153778015579,0.11919609995068436,0.0,224.65351501293725,371131.0545594935,125.91388503062998,58531.83011511061,1.1823312558441823,69.06442921736068,0.5061696102594925,0.0
1135,1955.9338874964574,0.12501047532283205,0.0,234.7207848402884,371422.8089661473,125.94802763643918,58512.18378091314,1.1796347680852002,69.01327096291959,0.5056324601797213,0.0
1136,1957.4028106903081,0.12467591605155293,0.0,248.42718397489784,371727.8178398708,126.25873359314757,58490.49915326708,1.1813142694230936,69.00331867999202,0.5051113754594851,0.0
1137,1959.2468171378289,0.12308513788619335,0.0,248.14321712881252,372032.60197755735,126.51010523344087,58470.13327733762,1.1818610195252335,69.01029501120172,0.5046143683352514,0.0
1138,1956.7249378714973,0.12403887873799402,0.0,241.3371426339445,372330.6424756159,126.82368114266332,58444.91680774693,1.1777797645438126,69.54850882562647,0.5041438552188814,0.0
1139,1970.8808161867348,0.11732629044737064,0.0,233.64123057173015,372620.9043969944,126.39351466632347,58419.679706563475,1.1773540421763702,70.22286195336316,0.5038121077255053,0.0
1140,1958.6757673645964,0.12314146783785851,0.0,-369.9481602450064,372307.9766680382,126.79406277634556,58683.262937352985,1.1846728388318315,69.54603517773225,0.5036038271600626,0.0
1141,1967.7766771934678,0.11896909805291944,0.0,699.1299825129702,373063.97242270317,125.83094547954367,58657.91500150224,1.190391122763321,70.0873603039578,0.5032612841121898,0.0
1142,1988.5574828964404,0.10203758924556383,0.0,339.46082946827175,373460.5336513535,126.08309549440531,58427.44818356422,1.1844217973201985,70.76059577364576,0.5030517387996933,0.0
1143,1993.60732651897,0.09862770516363406,0.0,231.39197442621855,373749.6551432982,126.22542739084557,58401.907001978005,1.184491549995713,71.0169124804176,0.5029966977079174,0.0
1144,1993.147176326989,0.09939177278962996,0.0,201.16551198564378,374008.67960346804,126.13012161684411,58356.24983773926,1.1868699721471663,70.95048476516236,0.5029992206684649,0.0
1145,1990.5984444585522,0.1018724723505291,0.0,195.15251898776006,374261.6594020405,126.26865293174284,58331.017862938315,1.1621496848685193,70.74441466350927,0.5029873913586973,0.0
1146,1988.1329955733274,0.10564096542861279,0.0,213.23792116156892,374532.59743999154,126.20793509882964,58305.80869692362,1.1833569013124599,70.64231950476575,0.5029320731218114,0.0
1147,1983.9872118761175,0.1083242351005641,0.0,221.68418847854258,374811.85624726844,126.50654552697036,58280.64757570799,1.178816300748567,70.55059045002709,0.5028576931761124,0.0
1148,1983.2231521326717,0.11126795398293554,0.0,216.95615753985908,375086.24560461065,126.4113008088458,58255.48040210975,1.1829322891518985,70.4793115607392,0.5027674307271675,0.0
1149,1979.9601228345189,0.1131406490438649,0.0,223.9240155829055,375367.58903408225,126.25059157984823,58230.3343042671,1.1807152709139377,70.34991359695024,0.5026664613528667,0.0
1150,1980.0045204670448,0.11380743254175363,0.0,224.9472546525124,375649.817264573,126.16429531097091,58205.21029138358,1.1780437291222943,70.31113888723436,0.5025428990099472,0.0
1151,1975.392361106205,0.11601405043245028,0.0,230.02846249712866,375937.1152883413,126.2513121344086,58180.13481977821,1.1784688726507382,70.18091312636777,0.5024172637564758,0.0
1152,1975.4552828511291,0.1170672741414025,0.0,229.10472423144938,376223.3204577992,126.16571388150255,58155.07553251986,1.1774028126159477,70.10121852278662,0.5022701071895855,0.0
1153,1978.9222982728043,0.11572535767673064,0.0,231.31957426357627,376511.7191301724,126.49389612815129,58108.76924570512,1.1833166546276708,70.077007060077,0.5021133226813829,0.0
1154,1977.7825489491768,0.1168045881972466,0.0,228.15993232071378,376797.03774170275,126.07078023262153,58067.01224584872,1.180508118595549,69.88770778532366,0.5019592631028733,0.07944405932653353
1155,1977.8717836536416,0.11706848724447527,0.0,222.53790232005304,377076.6442739405,125.69076145490429,58041.989062982146,1.1803410774537737,69.92896118026297,0.5017744288827758,0.0
1156,1976.9369930918801,0.11808765522382725,0.0,226.318779528562,377360.02386795206,125.66243282756982,58016.985828933975,1.1752898923869493,69.89820737485086,0.5016057964761788,0.0
1157,1962.1395074962184,0.12350867471735882,0.0,237.60951077998823,377654.6614025592,125.823174556625,57979.613758750966,1.1783834997341234,69.32913453260785,0.5014390976517336,0.0
1158,1974.24970358847,0.11934290900530797,0.0,238.56853959804454,377949.88764093,125.89558773913215,57954.663719626034,1.1726566853576073,69.945837479946,0.5011591264621333,0.0
1159,1974.2466122675137,0.11916168319717246,0.0,228.95639002631185,378235.7626529637,125.29531697067763,57929.721106341865,1.175493332593145,69.90919274817831,0.5010251603276366,0.0
1160,1974.7195680500802,0.1188890979448064,0.0,229.03393416966196,378521.82518990524,124.84635138859447,57889.35508802394,1.1744979781701064,69.89323164927546,0.5008776583417641,0.0
1161,1971.0567968885298,0.12003242625586885,0.0,233.44938029590514,378812.30679330084,124.57192576448998,57864.451605618364,1.1792692315414612,69.29559329936649,0.5007342024889817,0.0
1162,1970.8598451934454,0.12017115745067697,0.0,238.0246010228779,379107.22651547985,124.94300350699228,57788.252305415575,1.1750706120283756,69.96508697625228,0.5004702082625864,0.0
1163,1976.5235590927566,0.11801497517758486,0.0,234.7879791328163,379398.8953160569,125.12060646775225,57763.387108933464,1.1813359497547713,70.01081506786558,0.5003627158903604,0.0
1164,1978.0378619881485,0.11773223753146589,0.0,224.49726048571785,379680.42520668724,124.65463771714245,57738.54150746328,1.1726418753667454,70.0315316963898,0.5002704541480383,0.0
1165,1978.1251169165103,0.11811257186499602,0.0,232.75738205788178,379970.2546702608,125.03229870070376,57713.72837477324,1.178353750555952,70.01573866499803,0.5001873086135347,0.0
1166,1979.9008399275078,0.11759828745037426,0.0,235.71943083331666,380263.0304969116,125.33073514189344,57688.96976111839,1.1756645836964217,69.99618094875454,0.5001050142035173,0.0
1167,1984.7565391818337,0.11527921140723751,0.0,225.32056366715807,380545.4398290204,125.11605998495045,57664.24998806782,1.1774646872988914,70.7728479234149,0.5000227245363914,0.0
1168,1975.2440518122269,0.11988631686149176,0.0,223.84815391022727,380826.4849447203,125.05732034038415,57633.877509406775,1.175859897386542,69.9934687194125,0.5001107021864539,0.0
1169,1977.4693711686612,0.11950290492653837,0.0,227.87199082094884,381111.2522886296,124.89138866175814,57609.12375705408,1.1768519511187854,70.0092435178374,0.5000276230688784,0.0
1170,1979.5779029349692,0.11856968925187517,0.0,238.128189712008,381406.3859132656,125.1359695119141,57584.38804287827,1.1762975928163568,70.03731642148999,0.49992719729551294,0.0
1171,1980.1288330300736,0.1183692293192462,0.0,207.9969037636355,381671.392479831,124.9641609752885,57559.67139334604,1.1639455114596424,69.99996113199647,0.4998378785721713,0.0
1172,1940.3278421503842,0.14788255346447632,0.0,252.35543885962807,381980.6758044774,125.93379444028913,57534.98994522747,1.1680754383912606,67.33891032804581,0.49974511773806146,0.0
1173,1966.951396180279,0.13354661537972812,0.0,65.08830740018061,382101.5224741499,125.3740735968725,57459.40821190604,1.166514230875425,68.36688193832013,0.4990880502909243,0.0
1174,1949.6411545399321,0.1449043016074254,0.0,432.4645293143528,382592.30492820684,124.91680355735663,57423.83478610579,1.1735359747814906,67.08821946336334,0.49867150960662765,0.0
1175,1981.552338344876,0.1282990220013882,0.0,306.2465753056328,382954.57255229,125.09733211874719,57417.3735960072,1.1778763176427907,67.2590589633393,0.4980026109686599,0.0
1176,1946.1626627286107,0.14163733302528214,0.0,276.63828507905566,383288.5248492139,125.73515345487661,57398.716573849866,1.1844097123965336,67.59945010494775,0.497404045523592,0.0
1177,1956.915662760902,0.1366064281684397,0.0,272.4541753235804,383617.4598579526,125.2634366121562,57374.180738071904,1.1853396687953681,67.68738713377408,0.49690853556765097,0.0
1178,1955.9104662026716,0.1367120155437489,0.0,266.374926333764,383940.5564558013,125.22359068819871,57347.4314677332,1.183554379388166,68.6503100746902,0.49645691168649975,0.0
1179,1956.7409084795056,0.13559615981940898,0.0,268.2038003825044,384265.3728321508,125.2242809255258,57322.893764071785,1.1791288660938921,67.64077297007933,0.4962340734644503,0.0
1180,1958.3427231783132,0.133919374917836,0.0,266.0895053090083,384588.1495739806,125.25892311608433,57298.37614698284,1.1836062613983125,68.77713597653552,0.4958067085813551,0.3732745350480968
1181,1950.277310536642,0.1366829562032913,0.0,267.1910076883088,384912.07993375824,125.44022662646374,57273.88129427981,1.1843997487082605,67.68776377366994,0.4956531045233415,0.0
1182,1955.9343360716698,0.13384872314872376,0.0,264.2674160979018,385232.94663082506,125.28269584290598,57249.43042420558,1.1793095841207373,68.65062722138151,0.49526529419725324,0.0
1183,1959.1387610414054,0.13284842470709202,0.0,262.22013761873166,385551.8587865302,125.537081730527,57225.15024742195,1.1838179062280088,67.84770122061516,0.49510306244216246,0.0
1184,1985.7581388394426,0.11701604918397379,0.0,243.0369174825039,385851.72049582406,125.013664438814,57200.75197737268,1.182302064262467,67.89436903375838,0.4947774508644894,0.0
1185,1955.910021799773,0.13176623112328112,0.0,251.803888516891,386161.27334495494,125.67738859144131,57176.33913082991,1.1816119602518582,67.3537595890598,0.49447837582609305,0.0
1186,1990.4858667589028,0.11649511058596151,0.0,239.25424692507772,386457.57476935914,125.05840541262681,57151.97895788377,1.1831763619419873,68.71876203499875,0.4940789242637867,0.0
1187,1964.9271955340132,0.13056480111210422,0.0,243.85793609604775,386759.16093025927,125.11821691431724,57127.60255566633,1.1822910584912258,68.78615633269376,0.4939916520948245,0.0
1188,1963.7925824641186,0.1328663896809995,0.0,253.59676336682412,387069.8856609171,125.04468513013893,57101.59338991924,1.1832085505032552,69.07015467017536,0.4939233472715701,0.6231016634933724
1189,1940.7265892795554,0.140271515903035,0.0,266.24324102571137,387393.09288465284,125.3101948959604,57015.5846498873,1.1791382085786817,67.7265698326073,0.4939345592930493,0.0
1190,1936.1486450531365,0.14135585190810673,0.0,267.3559876136086,387717.0195535595,125.41708072267397,56991.25069480627,1.1826405674654965,66.83421186936393,0.4936428177308528,0.0
1191,1944.7946854577697,0.13714416240402827,0.0,276.32068886737744,388050.005022356,125.63356723537973,56966.961550554675,1.1799360149420575,67.48191540167579,0.49317512811222997,0.06390221227096049
1192,1936.7498175138694,0.1403856439233936,0.0,269.41882595703294,388376.2079279747,125.68656817194822,56942.69430788,1.1830728866812925,68.12169784425441,0.49287124738654775,0.0
1193,1956.907247725477,0.13253470219053365,0.0,266.5545076796688,388699.3609405183,125.5452970804977,56895.54531264996,1.1825110658397533,67.30779304425685,0.49271810872921895,1.0771432853014176
1194,1938.5974666788497,0.14339406081028527,0.0,263.0531495352031,389019.42928228836,125.2464510166228,56871.46342299696,1.1860409335861468,65.63205948122982,0.49242508141349756,0.0
1195,1927.4696175588315,0.15399995546742817,0.0,275.8042555850812,389351.76299442234,125.3585062802978,56847.241441376005,1.185575518453623,65.93617691113191,0.4917623375322356,0.4802197014147822
1196,1912.9360507720091,0.1645650393325695,0.0,301.0484843173277,389709.1361388379,125.43781177530958,56830.91044957762,1.1852166179650652,66.41250607562964,0.49120993891073433,0.0
1197,1899.9233568168154,0.16918135532896716,0.0,316.3076977720997,390081.2297824728,125.61567501115312,56806.739672528434,1.1891011326128291,66.70071182019923,0.49077570945968135,0.0
1198,1890.4232805394145,0.17152418500568634,0.0,320.91576066717965,390457.60255992156,125.96119146141166,56788.10059957855,1.182825917130031,66.99281624057556,0.4904252165458802,0.0
1199,1890.4560272398105,0.17031706940321145,0.0,326.1376060871401,390839.10975967697,125.29666566052916,56534.35414186648,1.1872990951486597,65.47108438017759,0.49015507871701897,0.0
1200,1895.5997972380712,0.16647321380918878,0.0,-769.2667187756849,390125.2299137403,124.92594164653369,57350.35010396664,1.1882761929760863,65.96482252865829,0.48952349170676374,0.0
1201,1907.531809798863,0.1599086372872165,0.0,1151.5175093995622,391332.28630322206,124.00232254311248,57337.08521217733,1.2073928618458782,65.16881335611923,0.4890295643029571,0.0
1202,2018.8224460537988,0.09437674141088948,0.0,476.7603989457215,391864.9421283699,124.6102531990735,57319.18379992976,1.1913463770735038,69.137049761158,0.48839057168937866,0.6930178465335928
1203,2011.0023404076348,0.09953665450784432,0.0,256.7483384858071,392181.1125368773,124.77953498379296,57294.75769719003,1.1854455057060742,73.47601466198371,0.4886494965071434,0.0
1204,2002.910549494633,0.08775308004881455,0.0,204.95249350373132,392445.0781079991,125.37899384231682,57271.577232325195,1.1891682932413261,69.99821011092241,0.48980650017041905,0.45854464589464783
1205,1975.8710525328338,0.1131941593138518,0.0,198.71799392950794,392702.55047557,124.88083093685604,57247.22051920152,1.1854321558792575,69.81589633158069,0.4901729024159588,0.3566743913746677
1206,1960.792973206512,0.12126175635541059,0.0,232.08556620042867,392992.88122768316,125.54560097324905,57222.88841504255,1.1898113401896917,67.86872125170063,0.4904795494315809,0.5222404447622466
1207,1954.3780421938652,0.1255593461954807,0.0,240.5531101387229,393291.2797883344,125.38146234858579,57204.64362092841,1.1883926495787758,67.53931641930913,0.4903585832464645,0.05497544532300935
1208,1970.1838421313062,0.1209254775987414,0.0,248.7168844600813,393597.60140333546,125.35079707160807,57153.47552999037,1.188567944167576,68.80782979953607,0.49016206270908647,0.2702648135396828
1209,1977.1960943478725,0.11907455237718756,0.0,236.91896916713796,393892.2940894263,125.3947902039469,57129.11518257002,1.1850238851019388,69.92309229062533,0.4902521668106068,0.0
1210,1985.3257638536602,0.11713715420079385,0.0,228.4607095553729,394178.61203534825,124.82957911932652,57104.769489748825,1.1853956915939512,70.72871687683583,0.49056982012998634,0.0
1211,1980.4231203654247,0.1193180184433198,0.0,236.04016474793372,394472.8198106504,125.20488355644646,57080.46070229147,1.1862561114734964,70.5951489308795,0.4910439416134407,0.059495941903975336
1212,1966.2519519326472,0.12491891715723691,0.0,242.62182434385335,394773.38324744557,125.58357925589648,57057.474615232146,1.1900183212445423,69.81171650774485,0.4914672498791824,0.0
1213,2012.6291341558215,0.10473847582966833,0.0,230.60507909436734,395061.6778605139,125.06659962398764,57033.177592998094,1.1890929495450726,71.3273469326891,0.4917004279993233,0.11118325429504239
1214,2000.136834358249,0.11305045128191071,0.0,219.65540236046706,395340.62459024217,125.1974277021945,56974.81021257628,1.1908880728795146,71.39411725564788,0.4922488425636932,0.0
1215,1984.0035069233643,0.11953601317388018,0.0,226.85631999340995,395626.22820600437,125.05159807300588,56950.562267799476,1.191227447293838,70.96720172666181,0.49278134232361653,0.0
1216,1976.6891766493877,0.12730721553436453,0.0,237.5428654062785,395922.0951412781,125.08409423851171,56926.34425024168,1.1935851127732533,68.19942410711307,0.49319586961142287,0.0
1217,1958.3563388071516,0.14151830156894873,0.0,239.9395713336163,396220.1107858316,124.81072517905855,56887.79142662429,1.1880260618734555,68.60867026666389,0.49299780306838775,0.0
1218,1931.5687793089596,0.15580699414722776,0.0,285.651047099369,396563.1681465275,124.9236470768926,56863.68837886769,1.191638105497588,67.63199446423582,0.4928973908978345,0.0
1219,1916.7981586604003,0.15900810468911286,0.0,302.1324680745228,396922.0236873234,124.99426122916243,56842.55124843651,1.1703630022071088,66.97482122211936,0.4925933518234997,0.03215717379197258
1220,1926.718669060117,0.1546654624743583,0.0,306.7405147457728,397285.18630949885,124.88062036480875,56818.21848619145,1.1910410207259017,67.58310967199861,0.4921650620710077,0.27307706767564355
1221,1910.2995235007063,0.15697677069093163,0.0,302.52943644350387,397644.2847790875,124.55338508413601,56793.84475842458,1.187615989616754,66.65016231190481,0.49189448036630423,0.0
1222,1891.5692022958685,0.16480549175203008,0.0,309.4290184342536,398010.44559027965,124.83397126797415,56769.846608553176,1.189285023046457,66.07911153168814,0.49143154195370353,0.0
1223,1942.967248717041,0.14338204827783219,0.0,298.6219911464684,398365.2233305415,124.66341550890205,56745.505550113056,1.1853801735614244,66.7873380476431,0.490870017944495,0.0
1224,1942.5959590978373,0.14419453454937703,0.0,290.14006522708684,398712.6950440799,124.72876814099327,56724.38633901768,1.192456712311411,67.10740493462608,0.49048844443346584,0.7371542409602512
1225,1939.7392381464044,0.14424991024332545,0.0,286.530930673102,399056.25799304317,125.36234253514573,56702.89448299199,1.1853114108142306,68.41783983323685,0.49021272107752584,0.0
1226,1911.5892365455654,0.15362541279842046,0.0,286.32193606694216,399399.61200272886,125.01130083255727,56678.59237535544,1.192412818154415,67.8453272308632,0.49021329789982476,0.0
1227,1917.48620631369,0.1518726191678269,0.0,294.6580469595365,399750.8499578283,124.74717288438224,56654.3047718959,1.1880213162096913,66.50193648615699,0.4900916309763698,0.53385202971144
1228,1935.355187605535,0.14741275426212963,0.0,297.4781019710744,400105.0205734074,124.82708702686253,56632.183873748945,1.1893180087990856,66.10854554751825,0.48970205551662244,0.0
1229,1926.7108581267873,0.15233765983340664,0.0,287.6550848017479,400449.617037466,124.65245237398955,56614.50291178723,1.1903974785246945,67.21561582532345,0.4892351615707726,0.0
1230,1907.130214862761,0.16132756345076926,0.0,-7099.8212837318815,393406.57889192284,124.5571623015743,60510.41213127878,1.1899255968666402,66.24345688671852,0.48901629009612135,0.0
1231,1903.5540192149979,0.16166975050095433,0.0,5954.2271831799435,399417.6317742028,122.50354857379347,60486.0427894172,1.3162163090781216,64.21613846876996,0.4886008011739336,0.3729257851167773
1232,1998.7092651964,0.10669159762399794,0.0,1603.9247937148489,401078.3035532762,123.39971565772723,60462.00818551605,1.3657041799952678,91.27844898109217,0.48778207358710046,0.0
1233,2019.5130394732807,0.09386199847020571,0.0,544.8202803856079,401683.41805389203,124.21697539736037,60437.343800425326,1.2753252310948586,85.94907931513998,0.4907622998025028,0.3834398415834812
1234,2042.4423430069285,0.07834500260180666,0.0,257.1326681090216,402001.6788965566,124.25548685232495,60415.73807849949,1.1911006469457361,86.1950794640822,0.4920223562975176,1.23975797462478
1235,2050.09095510968,0.07116902650401191,0.0,187.77957876848137,402251.5286462807,124.09572013417312,60391.71668611497,1.196756335146046,87.1764549141329,0.4944737126969933,0.0
1236,2066.4833765142616,0.0644557505278689,0.0,161.91862483947443,402476.01308047737,124.32497571899165,60285.25954135123,1.1910423301133262,85.73264509553601,0.4888809962193564,2.031053595147881
1237,2069.9754707546426,0.06312112710521145,0.0,135.52550220969619,402674.5356322294,124.07140654206404,60262.25532850181,1.193872168606515,84.66686556279788,0.4895970524307501,0.2286244479477375
1238,2069.1822429589197,0.06382591109228841,0.0,143.27317410052768,402880.975158546,124.05260644399944,60241.17886656563,1.1939326289741585,83.89176135546111,0.48964657601143025,0.23513827104966367
1239,2080.783475400069,0.05816865891512313,0.0,134.86164860552287,403079.1707368369,124.01482925425921,60215.006835853776,1.207245688430072,84.40227736029021,0.4877606557737761,0.0
1240,2105.771969318877,0.04429312692447118,0.0,119.13145648920857,403262.4931384885,123.90571325571531,60188.849549354025,1.207838178094172,84.25510319177779,0.4897554929922679,1.4930518065987144
1241,2099.3521450864782,0.04607954043602591,0.0,103.93832000843656,403431.42749279836,124.04746538729596,60162.70641113448,1.2035014298177464,83.0143674334817,0.489023123102076,0.0
1242,2098.517368884686,0.04850705046539194,0.0,100.30378197860779,403596.6558035589,124.0005813497379,60136.57811259,1.2073589678954064,82.79307403755554,0.48737586904422403,0.22476443984714933
1243,2106.1022971321795,0.04950198218244439,0.0,111.19564819472453,403772.74888889305,124.34090591486022,60112.192348889,1.2066407594282496,81.54640042527217,0.487109350106415,0.0
1244,2108.582273398809,0.05067251943384621,0.0,103.67397295144815,403941.4132151593,123.97885462995441,60086.09190342245,1.205512163051567,80.70360500155525,0.4860291439708226,0.0
1245,2108.38581453991,0.052078195781337544,0.0,117.85002287479722,404124.1935701829,124.42720820565671,60060.00624485632,1.2045230514360012,80.80383932403183,0.4928555587708617,0.0
1246,2135.456330184705,0.043906129455820064,0.0,111.63994094955984,404300.70293251594,124.4478725948209,60033.93408901981,1.2048373127810665,80.12949631532055,0.49781568073495963,0.0
1247,2140.714395972076,0.04163847949992294,0.0,108.86056320469731,404474.79150379903,124.7143490329354,60007.87587233494,1.2045223699084981,78.64338108516893,0.4978656682137058,0.0
1248,2146.180760012438,0.04007173698164446,0.0,90.23665734392716,404630.37375406304,124.63819874448527,59977.7573730359,1.2080686357787134,78.81961151238396,0.4984147155806557,0.08590844973070944
1249,2142.2611731954785,0.04226627964943541,8.57351714663149e-09,90.35989307699663,404786.16586061683,124.43613199988405,59951.73028436101,1.2016385645653176,76.99773841199509,0.5002222405378964,0.0
1250,2154.357657101602,0.04008341429277107,0.0,88.78912772904238,404940.269057553,124.39645688303284,59925.71825748341,1.2032967354213333,76.86123359464439,0.4998703649256255,0.3830051016653613
1251,2149.4215688319323,0.042686496380154204,0.0,93.04674411371019,405098.72575619805,124.47071553654905,59899.72092749314,1.2012649833709295,76.4917050020886,0.5252213942659536,0.31307701868513504
1252,2138.892670785523,0.046438344817335,0.0,88.05109980820151,405251.9098100469,124.36477739032739,59875.094498565326,1.199310849841895,75.82533834773056,0.5249736428069139,0.3914695004425539
1253,2153.4932027635264,0.04182039407872895,0.0,99.3143060152587,405415.96182422224,123.91595938523996,59849.12548539307,1.196184725752858,74.48810908048944,0.5442235342027307,0.225176244726498
1254,2149.5525231195647,0.045027217990973645,0.0,97.19508659655969,405578.15396113606,123.88611909181482,59769.411885954236,1.2014097949223197,75.42303693119408,0.5427126918993918,0.672152049933004
1255,2147.576611028744,0.045423612837767635,0.0,98.10133278920165,405741.11745936837,123.95894708781744,59743.47264702598,1.2027901113028743,74.22557968051036,0.5401115890599425,0.31412668199970994
1256,2146.7890589570698,0.050680928983090956,0.0,104.77857274046221,405910.69901337975,124.00864111823576,59772.70771946983,1.2054546600786848,73.40976214275746,0.5355561339435023,2.363600281373948
1257,2137.746021697949,0.0576893228219586,0.0,110.95840932654664,406086.3634156893,124.08204465081282,59712.43252850097,1.2039122648325533,74.49745930530068,0.5372428005004154,0.07509860625049214
1258,2135.4032622467116,0.06390589214642417,0.0,123.1157362962374,406273.8836575671,124.4151743398954,59686.53486857791,1.2055937396334673,73.12797282827563,0.5377493509095754,0.0
1259,2128.4418656489133,0.0705898446644988,0.0,142.56704610596518,406480.6772120931,124.31808956122401,59660.65225412969,1.208928090999956,72.8558878631561,0.5359302522827947,0.0
1260,2133.722034367493,0.06769038869410693,0.0,137.82362663488232,406682.2829303789,124.65702393025327,62475.59603685554,1.1094770872817021,70.91865230925927,0.5354134323101362,0.0
1261,2127.3255627866383,0.07246193319951588,0.0,139.82627834691044,406885.64319901593,124.2833387823111,62448.18168208028,1.1974621869997832,70.58723442731242,0.5336296573192983,0.05751727827257014
1262,2129.69559899503,0.07196316315849449,0.0,157.71221654669466,407106.5556528391,124.44027474502397,62426.839230961436,1.2062608124355823,70.6925697118644,0.53186567879497,0.0
1263,2127.4026572604157,0.0740184582741511,0.0,150.14222528395834,407319.8619400172,124.42574059576908,62342.035245768086,1.202698451450915,70.66115923022258,0.5302111217380164,0.0
1264,2116.640677425857,0.07800349719775712,0.0,159.7594344759437,407542.679535468,124.25584699756585,62314.68153784755,1.1990187188578647,71.2406559135834,0.528650907173418,0.0
1265,2114.797147624389,0.07881341705780853,0.0,171.13265052679986,407776.55019574426,124.68630664782302,62287.343642832806,1.1991606296004909,71.23912285269637,0.5272744740249969,0.0
1266,2106.8128295221745,0.0822288382270785,0.0,158.52012802372116,407997.85757023044,124.1753534519019,62222.89478289627,1.2042729621971557,71.23424541636197,0.5259665782004262,0.0
1267,2098.1007490961974,0.08699183469432636,0.0,171.93764450874846,408232.3430294002,124.31214335841085,62015.683674406195,1.2012092586884688,71.99653142944882,0.5247230776639085,1.1256638579112348
1268,2085.6042528435923,0.09144335520182467,0.0,187.4961777406814,408482.12935448036,124.38618934275407,61988.395237870485,1.2014698012651839,70.3899421342248,0.5237322362755391,0.0
1269,2077.285629268147,0.09491751122916836,0.0,196.37153705421622,408740.5175731113,124.26149735176874,61961.122522509846,1.2010508623473133,71.14291627869767,0.5224198228624656,0.0
1270,2077.4894438278407,0.09421728553601527,0.0,194.45192570031713,408996.76133100194,124.75892070425152,61931.28225668922,1.21022949491451,71.10453721385367,0.5213341654622152,0.0
1271,2077.8486022083125,0.09437507418856217,0.0,187.76250220188558,409246.62449057854,124.14369896027006,61904.04105157258,1.210398723718342,71.04285643795873,0.5202946362316567,0.0
1272,2079.071334991494,0.0950995756631271,0.0,190.00084669910223,409498.6693476013,124.02662531895052,61876.81547701147,1.2087218950230019,71.07177842732304,0.5192939493946899,0.0
1273,2073.2589392921955,0.09732117660057771,0.0,204.8519716927757,409765.59844466986,124.34818941931393,61849.60532527033,1.2107435949752121,71.02746653327245,0.5183495424615168,0.0
1274,2079.2185232452225,0.09563033465516979,0.0,196.6177139114085,410024.1719394059,124.29669890991642,61822.41060481077,1.206264262104061,72.00835479846239,0.517442938497146,0.0
1275,2076.4048477188207,0.09670401909668513,0.0,198.37992353598747,410284.5616898353,124.67419236702422,61795.23183391554,1.2092752493182437,71.91448172412176,0.5167914756499876,0.0
1276,2075.2695831992855,0.09694470417096657,0.0,173.4876952188007,410519.98832307605,124.49579380463477,61770.015989294465,1.1936771430708824,71.973916849608,0.5161524830851356,0.0
1277,2073.6526829407862,0.09954069279904854,0.0,219.61817612961863,410801.3576603465,124.67582916416269,61744.80805474752,1.1998518265387335,71.97181910029857,0.5155581288948374,0.0
1278,2061.929387878149,0.10239268495862475,0.0,208.68433894501675,411071.7009564177,124.51206440636723,61719.60794435857,1.2051278975058417,71.18083215347194,0.5149930177872218,0.0
1279,2066.499526309613,0.10068907928135018,0.0,209.5659078051425,411342.67763714574,124.27108898758793,61694.758057373576,1.2117727897146588,70.68081435694549,0.5142869952252661,0.0
1280,2042.140468953709,0.10926582763850723,0.0,201.343252682397,411605.7899893854,124.0627727227628,61671.445832309,1.2101968551787357,70.01478964007583,0.5135094000128615,0.0
1281,2050.762355937138,0.10687472648661289,0.0,221.073443010247,411888.40225698997,124.26596255623335,61641.16795346366,1.212765564404006,70.6187074967333,0.5126283588819182,0.0
1282,2070.1139080814314,0.10103405771492313,0.0,218.5763084704226,412168.59917854413,124.17517871898048,61616.129248889454,1.2143423829616216,71.26909134873378,0.5119206647568192,0.29889255338116527
1283,2043.348252469812,0.11023456461854153,0.0,219.88193589595437,412450.55344108836,124.49350197498656,61591.09696440895,1.21400683127815,70.87501530702431,0.511394814702491,0.0
1284,2033.3889151383828,0.11452514466836206,0.0,222.90108199221595,412734.8750905791,124.03794631915267,61566.06014142865,1.2142808918859935,71.04117573583629,0.5108037150390683,1.0578510323188084
1285,2058.424157274359,0.10729458812469794,0.0,221.21505878645792,413017.27278919634,123.83708686330371,61541.0291524782,1.2073651184502914,71.79438620089442,0.5103035597170253,1.0540073272368602
1286,2058.1475287952762,0.10783645072356174,0.0,226.04479385791558,413304.8971259707,124.03381826096548,61516.0063219353,1.2074719499402125,71.1023608572662,0.5099893428203014,1.7721859053158937
1287,2041.0719247398185,0.11484752549224275,0.0,226.50149253571522,413592.907263154,124.00798003732598,61475.121664920836,1.2086746617837318,70.95701389657638,0.5095602531175936,1.0459045953713826
1288,2059.085675794327,0.10853048876923388,0.0,-202.3188615775574,413451.7636058803,123.47576218207875,61412.47491468913,1.206338062652216,71.8837537176218,0.5091037252564665,1.0417900687521922
1289,2058.698113247847,0.1077502859774534,0.0,555.9440802737838,414069.1601542806,123.14047167659058,61159.61025708157,1.2159196651572197,71.01536606882372,0.5088555907796416,2.031528864544157
1290,2077.260665486572,0.0954440571522811,0.0,291.0520452750609,414421.4019741565,123.41967441033992,61460.382990792976,1.2173443174191652,72.48000405442076,0.5084332373876538,1.6647294920933575
1291,2090.6224131084996,0.09045377810458877,0.0,201.3309634410221,414684.2486100362,123.12117778338227,61435.21627741144,1.20645704555895,74.58867946632768,0.5083361444119809,1.522511962952791
1292,2073.348000180334,0.09709724642463258,0.0,192.23301111516554,414938.24907301756,123.35426090094894,61410.0571445818,1.2060645000218888,73.52060256152876,0.5086911390955883,1.0258264114007147
1293,2077.9965401001646,0.09631505354096515,0.0,192.90092892662432,415192.5246232098,122.94050344438753,61384.905109773346,1.2079894410365528,72.36536722752868,0.5087874922747248,2.9616777185413525
1294,2058.923506695043,0.10564135229381799,0.0,208.26010641854242,415462.2482522734,123.38992349704638,61359.43996916143,1.209259896179842,72.75466194381436,0.5086789347439744,1.428126587445945
1295,2038.4435965197806,0.11446500899237666,0.0,208.37626492213707,415731.6287397153,123.18579378275541,61335.95673351558,1.191449220226896,72.94312770547508,0.5086213551737068,1.014344238523023
1296,2058.1032955383357,0.10780812965139963,0.0,226.89079276710652,416019.0208984083,123.2401701089016,61310.82891510469,1.2117840070359627,72.27841285074454,0.5049979832540032,1.0106393610294333
1297,2062.4067600293797,0.1067341915495712,0.0,219.1104918845091,416298.9718071823,123.37318985205447,61269.58250339126,1.2062503550949233,73.67617478528402,0.5069278286960855,1.0066099919017404
1298,2071.777155695421,0.1030450282587847,0.0,212.78654661025854,416572.6510904872,123.58399218649043,61247.61816074335,1.2063456470707254,73.80622465966577,0.5088269455944183,1.002760013947153
1299,2074.734881706666,0.10248461843503764,0.0,207.61941195486287,416841.29351346503,123.64513431424369,61223.52230845471,1.2062208819709206,73.73740465760196,0.5089756811588956,0.9991406396985667
1300,2073.3134391910567,0.10057493390560934,0.0,203.31891201319274,417105.63457274484,123.98657409531828,61200.74433920041,1.183561040758131,73.36902234389508,0.5091019102161858,1.361946319924101
1301,2077.3284143308174,0.09846750121361936,0.0,205.18252595341357,417371.81951144815,122.92022868896653,61179.85894400623,1.2011510744682963,72.71555930004106,0.5091516397871826,1.972152104046586
1302,2072.0871165633635,0.10097322575420853,0.0,206.47438598433303,417639.3523625199,123.12565012652483,61154.2470385528,1.1994784421825704,71.57981021641973,0.509073766046533,1.8455389827802264
1303,2063.4532590959593,0.10481111180374425,0.0,211.39361460732925,417911.6783397071,122.7988420277224,61127.40737119985,1.1968086646315839,73.25413889070059,0.5087535855185401,0.9838641658499512
1304,2057.925687551432,0.10703716751002523,0.0,204.35155909909406,418176.7710333885,122.61897733991135,61100.58209982155,1.2000075438862454,71.91517510066429,0.5087863107245401,0.9802216949306057
1305,2068.7915407922783,0.10344775966704789,0.0,222.48111194016707,418459.86788171495,123.07271703435528,61071.5319286807,1.1989182437321941,71.23315866467992,0.508530784782472,0.9761999516071853
1306,2053.860187486971,0.10836810631021132,0.0,212.02578592428836,418732.68517873617,122.76418736075918,61044.73535713383,1.2011814174890358,71.63169757172238,0.5081420154197247,1.2564128896834177
1307,2057.909269561564,0.10698118705226956,0.0,20.25352210675601,418813.44469075813,122.58807961262694,61023.71845186769,1.2001687858581127,71.24182913036235,0.5078647180157431,0.9692485670170754
1308,2059.3225676773773,0.10750039822121771,0.0,367.1662885321148,419241.13488057995,122.5227334912471,60996.945475623106,1.1984273106592922,72.88027774058844,0.5074983636595942,0.96539556005132
1309,2068.3340341727358,0.10061792250959967,0.0,245.6847010579731,419547.34326224064,122.35246597786019,60970.19051009703,1.1973147459014566,72.35420804177738,0.5075005794249062,0.9618621811858361
1310,2057.7385337518185,0.10332218495195955,0.0,198.6340333662925,419806.7375375955,122.53298408199409,60943.44615441669,1.1879763203732199,71.96757864330493,0.5073899413730057,0.9581585177936631
1311,2074.9992748490668,0.09764955423964616,0.0,209.38706666748078,420076.4402096376,122.42093493790107,60895.27341149064,1.1985110031795716,73.96134018878845,0.5072019552212984,1.2665033676946393
1312,2028.7318873759361,0.11391921693073337,0.0,212.27379084513115,420349.2925207402,122.7570724181614,60868.59633770491,1.2009652470922891,70.91827132219024,0.5074571433956758,0.9508410859869798
1313,2037.7549110911295,0.11153968330369379,0.0,222.63700157285217,420631.67690057214,122.74105790583191,60841.90004682928,1.1901222002038228,71.93510504046675,0.5070408701189382,0.9472296446715518
1314,2047.4077639774612,0.10803127779994037,0.0,200.77696708845713,420892.3043156174,123.31234701303238,60815.23372229526,1.1520720557763506,70.9685963109581,0.5068627796373818,1.8717607733446755
1315,2031.3608618608225,0.11469575277995236,0.0,234.07277821120067,421186.3313604033,122.68183782251226,60788.61671011099,1.1867035308015432,72.07395294639414,0.5065093812057458,0.9400119274389738
1316,2034.1387859924857,0.11313559544666718,0.0,236.68635351269302,421482.60828257794,122.9696716292187,60761.97584182869,1.1884052871344246,73.23677344177736,0.5063872394227453,0.9364503288123274
1317,2039.1926108903117,0.11122658424611975,0.0,225.6604006756645,421767.91933081014,122.59846376606775,60672.88795903979,1.1901035872369958,73.30270795999718,0.5065196862674084,0.9329017382563904
1318,2050.0773756262574,0.10838965370111886,0.0,229.22119370423962,422056.8698120286,122.54460360614947,60646.261367257546,1.187053148639675,72.20534159385446,0.5066593317795132,0.9294373595367347
1319,2034.3370492844922,0.11389029720875055,0.0,222.66477583780795,422339.3951631566,122.54200883777754,60391.225076598326,1.1814621557924436,72.1795884190839,0.506557057741503,0.9259386237499712
1320,2048.294449626059,0.1098447074344977,0.0,222.78616569185584,422621.68180590245,122.36282384029128,60365.815501935824,1.188983924926849,71.5467541292468,0.5064417377988122,0.9225364246029812
1321,2065.947917759681,0.10328087474886849,0.0,220.01206590339274,422901.26178582874,122.74774629329902,60339.23633122563,1.1906796387556302,73.78383428682513,0.5061966932289954,0.9190210016940625
1322,2047.2046239341585,0.11065942488456304,0.0,218.15961617052284,423179.2625127513,122.57491171726765,60312.67057242244,1.184194932747107,72.15817737416909,0.5064421571549473,0.9155295681425173
1323,2064.781951672141,0.1044247530021335,0.0,218.2362589780575,423457.0608703211,122.87330521866328,60286.12053420789,1.1893092566870997,73.22046765186508,0.5063274060715419,0.9120514020385428
1324,2070.8465482789456,0.10257719919873831,0.0,207.57969706628057,423724.4682412855,122.64556545482395,60264.841126005136,1.1867609619826127,72.49302301194187,0.5064453824837132,0.908599786313772
1325,2060.977556412759,0.10645691441919691,0.0,217.71451332669824,424002.1598053706,123.17569821195764,60242.006294812934,1.1907964101774842,72.77144215835989,0.5064016433032008,1.3413667174677926
1326,2050.441448876563,0.1101226942391802,0.0,220.37680204755458,424282.33256453736,123.37073758365088,60215.49027391872,1.1896315228307754,73.76034889380864,0.5064300647180284,0.9016935163015205
1327,2057.331190750534,0.10826409231754552,0.0,215.57988690579384,424557.50824039656,122.74380123089949,60190.048253321846,1.1876998736173523,73.16195950042862,0.506657636319362,0.8982836073862472
1328,2055.1392211449947,0.11004571219774195,0.0,219.07023617071832,424836.2695447748,123.10620237257794,60163.55716273462,1.183157422732948,73.51697797560418,0.5067455627378789,0.89486807373234
1329,2044.9343333434083,0.11316002339458608,0.0,225.2340635716634,425121.1564521414,122.8479942309681,60137.117864981716,1.1907480028459714,71.93016832647518,0.5069047555486943,0.8914577905567569
1330,2023.7195809214054,0.12090572061986848,0.0,234.1376020478183,425414.7644991644,123.32085149193132,60110.703161307756,1.1860851792538627,72.00579921086258,0.5067163873302111,0.8880687698207907
1331,2022.1341596775774,0.12119864420293058,0.0,238.2578384859936,425712.1290182458,123.20164860577066,60088.88907320749,1.1927613626740907,70.98736967411392,0.5065534744063059,0.0
1332,2047.914939978049,0.11218556430616566,0.0,237.99687113194824,426009.1960016979,123.21569550646667,60068.93369135277,1.1868431712670766,71.56954967209768,0.5061592255490178,0.0
1333,2050.3852456904247,0.11092705680338855,0.0,226.09966574405058,426294.79582016944,122.9579122819882,60042.503431324505,1.1838857931188842,72.29074557236606,0.5059092975560867,0.0
1334,2058.1204573527575,0.1081260207768846,0.0,225.13652978168682,426579.4875801635,122.89366775122744,60016.088378796805,1.1891911395014099,72.27454672113907,0.5058261463740803,0.0
1335,2057.0460034558973,0.10879719822490497,0.0,218.5608821333867,426857.80698313226,122.90877787333373,59989.70199994768,1.186037555610419,73.37274694172412,0.505743684545796,0.0
1336,2045.9389254546968,0.11268157172511228,0.0,216.79713843134965,427134.3404574853,122.5054255003435,59963.31624189183,1.1871274117643458,73.36415388145053,0.5059001774360377,0.0
1337,2045.166064358491,0.11395887352895184,0.0,219.10360510588225,427412.9684530781,122.27344234815314,59939.22371749219,1.1914025942032789,71.6113093557092,0.5060469032964497,0.0
1338,2053.1730312207715,0.11133219219032198,0.0,190.3438559488132,427662.8459317379,122.66160415230357,59913.32218973342,1.1720132364196194,72.6716220196937,0.5058113684359358,0.0
1339,2055.2283158755463,0.11299236824005232,0.0,218.24555430367008,427940.7124357094,122.54429876066031,59886.97738403076,1.1683780343001193,72.36190629493711,0.5058144026993485,0.0
1340,2075.8439640995075,0.10555318019244675,0.0,247.47922536866525,428247.78015501995,122.86706347467597,59865.53367080802,1.1679531277619102,73.61361715061574,0.5057510178385904,0.6744299560605498
1341,2063.071150298414,0.1038695003783825,0.0,207.8262582106065,428515.78188989835,123.22146867339978,59843.088854243135,1.149208339177258,72.5039894256511,0.5059748907433708,0.0
1342,2068.670976243937,0.10078425042579908,0.0,221.12699668413245,428796.79221487744,122.90457779300415,59818.05158687844,1.1664426374949652,72.48565990551127,0.5059336647508522,0.0
1343,2041.2232886958573,0.12117129777098967,0.0,217.92800502762083,429074.6652821297,122.97238420389193,59793.24759439523,1.1716932199872787,74.47352820912869,0.5058905579119789,0.35060480787893766
1344,2050.5858819278774,0.1167258150084074,0.0,237.089545427728,429370.99958358856,122.74243369339442,59768.22767530322,1.1681764468874316,72.56011948656166,0.5027017646091406,0.0
1345,2060.7601966246134,0.1111724521784696,0.0,-7441.261781118793,421989.2677905197,122.83376026121313,59521.60977311119,1.172552299112348,71.78472947543997,0.5064173596336081,0.22861702025588215
1346,2064.181495716395,0.10741838909766321,0.0,6117.815952462721,428166.70415681094,121.17989038866358,59504.75931218072,1.2572066051052926,72.24418626176539,0.506192996852853,0.3465291242471551
1347,2095.068291814245,0.0882257984639061,0.0,1582.15576997692,429808.5930650246,121.64985003920029,59484.01618247604,1.2838836383644323,90.10880251247141,0.5060810040626307,0.0
1348,2105.896776423891,0.08243677496174617,0.0,515.4405041274076,430384.94013833354,121.86385846604686,59470.2900429474,1.2125027384802534,92.96060284908947,0.5092746799251411,0.0
1349,2134.772117262542,0.06538395025802213,0.0,241.42766881845142,430687.6435311551,122.02908661019534,59447.1122283734,1.172571759803066,92.38128086170924,0.5131449486499214,0.801061919341322
1350,2146.407316862533,0.05668817675121873,0.0,150.3625470445026,430900.25265987875,122.0652524075371,59420.89348980308,1.1723552173847294,92.54576264722319,0.5133372283619473,0.7901190351044249
1351,2154.930742838134,0.05008632615384523,0.0,116.36188709270687,431079.23473284097,121.99334730172943,59394.68938173568,1.1717068125180228,93.95070228162618,0.5146095229664012,0.7534058712155627
1352,2159.985781613628,0.047688093603723725,0.0,114.21485719665901,431256.3254072594,122.13131706746078,59369.75891219006,1.1729690104156147,92.90896410137432,0.5193959784177449,0.7398937660624938
1353,2180.463392694382,0.03800700175778693,0.0,95.90411948900947,431415.2366597999,121.63318998656806,59119.94081936213,1.1745956446675225,90.57183751958613,0.5211135180996228,0.7094135610475405
1354,2183.5539779166506,0.038010895873261785,0.0,-20.831198034012232,431458.15167982405,121.67923938235943,59072.0794009292,1.1735462206782428,89.53087587210234,0.5211657238896402,0.6914458794765608
1355,2195.2216697025347,0.032955014659139636,0.0,168.42755625120714,431690.4813638341,121.69791158663612,59046.72431630068,1.1719420580522164,88.5603512018234,0.5212178510503287,0.6667628857577483
1356,2206.538229282653,0.029328571502839185,0.0,93.90600368503124,431848.6469705063,121.71177796223284,59021.38490495229,1.1705116597988356,88.0252028179339,0.5212699461959861,0.6614715863015306
1357,2197.5401910437567,0.03482190334693558,0.0,77.23321781371777,431990.3505211106,121.83001431074806,58996.07380500781,1.1700224639793195,87.19613115678615,0.5170452131386255,0.6380491097463903
1358,2208.071767161288,0.03266956782672903,0.0,68.94148770378064,432123.6072317938,121.77827480428854,58971.315304267846,1.1732866780867857,86.25758460171157,0.5170968778079185,0.6263020775712107
1359,2211.201506511096,0.03207081370290299,0.0,81.41369957900031,432269.4970033126,121.4892873412762,58946.567256446775,1.1741586166841427,85.29795728111517,0.5224682312850374,0.0
1360,2228.8659334165195,0.024276494933196835,0.0,61.7411194586669,432395.77807298,121.34963831680969,58921.83015730206,1.175947453552565,84.57705140343681,0.5225204643624786,0.7411718686422262
1361,2223.6977474588834,0.028587171554031343,4.1408254474275986e-08,62.648241582377125,432523.52982126735,121.3859686495431,58895.810309200475,1.1781959466311778,83.9983659399466,0.5225726138667355,0.7266662507077797
1362,2215.3782557936875,0.03802927860552896,3.888117553465227e-08,64.66821952494467,432653.1700432345,121.34385100664919,58869.80561315139,1.1712380048946995,83.2108340649028,0.5264909320261342,1.49647163123106
1363,2210.9526857331666,0.03944172682959768,0.0,98.35966373422167,432816.09685351845,121.90777626786394,58843.81685806211,1.1721727800638189,82.4544009905479,0.5263531181340293,0.0
1364,2223.0611754035535,0.03801149971027096,0.0,78.91369358512446,432959.7093654219,121.7217014382351,58788.8158852171,1.1777350476557522,81.82047158321404,0.5264058439218866,0.0
1365,2225.499918546738,0.04013449866960639,0.0,87.4468602795975,433111.9442391574,121.76002808274713,58762.85827563442,1.1736626823745824,81.20918216435577,0.5256151928605807,0.0
1366,2232.9155786638303,0.04044850675104528,0.0,-173.61678860524506,433037.49426650204,121.70547364968708,58696.93971595957,1.1740496835236536,80.63987625157877,0.5241615498419544,0.0
1367,2228.8454969869244,0.04285068661975666,0.0,295.9903772810752,433398.1633622205,121.56990074208507,58672.81150301362,1.1630198520803918,80.09381430091156,0.5379374952852096,0.0
1368,2226.08647583083,0.04481929336235857,0.0,148.32527413624928,433610.96095162915,122.04984574249143,58647.18547629249,1.1748701004073732,80.17660240202608,0.5360352259147215,0.0
1369,2229.20428880303,0.042679238973919675,0.0,111.32447350433779,433786.59798661096,122.02174448987822,58621.37465267368,1.1761787704371203,79.787183319951,0.5408831223208048,0.0
1370,2228.193215393628,0.04412411343726286,0.0,91.83004181185731,433942.86164552864,121.64469974020408,58595.5809618437,1.1745186660646894,79.358584803439,0.5392602576654948,0.0
1371,2232.8008096501458,0.045280699638902466,0.0,100.58072692070675,434107.7880734934,122.20000547043288,58569.79816736024,1.1732095340743174,78.77336721169114,0.5308486935600357,0.0
1372,2235.83160355383,0.04758307322488542,0.0,92.60422585858771,434264.78739519994,122.1277647299201,58544.03718044939,1.1751918491112776,78.37587139265575,0.5223625782596483,0.0
1373,2230.1411887178397,0.052578286997769896,0.0,108.71341027762134,434437.82999461103,122.06580267729373,58518.28629316296,1.178547281680748,77.85489487648266,0.525305881403634,0.031182722488523495
1374,2230.043841365066,0.051906364063740607,0.0,114.35460901877366,434616.28867451625,122.10411337692418,58492.543524324945,1.1752842556208352,77.55911281951772,0.5253588467133319,0.0
1375,2229.0659035567,0.05671738139797011,0.0,111.91312885183424,434792.2816929479,122.78344044459779,58466.81481388441,1.1800668013913111,75.1646282793626,0.5288919664672547,0.0
1376,2222.579129914197,0.0645517627938672,0.0,124.9842886222375,434981.18513788714,122.57652712206854,58409.53688588797,1.170692915815628,74.8404874182949,0.5483814242476949,0.0
1377,2215.521978764266,0.0680060643956063,0.0,143.2893804344103,435188.0309434785,122.18568418207362,58386.811603551825,1.1760382411581642,74.14708713252992,0.55158369030978,0.0
1378,2210.674602837087,0.06685668978935866,0.0,135.47851235217786,435386.8967588969,121.94607209957523,58366.43833456046,1.1729049417683453,75.37816428983939,0.5474688609318219,0.666748449810143
1379,2216.379725045566,0.0637855328929231,0.0,152.2832552394575,435602.35385026986,122.0299034468627,58332.43829473469,1.1739477264247726,74.24273818733644,0.5456259357530947,0.1276245821566988
1380,2215.07664796342,0.06427887017512524,0.0,-2434.4468025063534,433231.2869712634,122.01807692882612,59861.47409623622,1.1765009537623217,74.27043760877372,0.5409812480679935,0.0
1381,2214.322034992905,0.06499620035083353,0.0,2099.987079833925,435394.64920637704,121.22302125001147,59834.90257964285,1.1715527855958716,73.46914814051775,0.5390383423116056,0.0
1382,2228.979953848014,0.05426140171730631,0.0,594.5847006004117,436052.56300971704,121.43376788193649,59809.038471975044,1.1670704154589568,79.5464137793747,0.5332957131052672,0.0
1383,2234.276450699846,0.05055072154727236,0.0,235.24264320985083,436351.5664849018,121.92420742112839,59787.46520835958,1.1780540422874142,80.52301460237261,0.5374434436415169,0.0
1384,2215.893397716721,0.05917220815366864,0.0,134.41793913102737,436549.897531355,122.01726383383055,59761.03617431089,1.1813965992287643,82.32500801153334,0.5372709402645276,0.658886257482493
1385,2204.704087965301,0.06470869701859083,0.0,129.4061768209628,436743.0599991858,121.94913760996138,59734.522263314946,1.1872723801269505,80.45196603153836,0.5299411508267797,0.0
1386,2201.2932386651855,0.06867196783516816,0.0,139.64879242458744,436946.241483598,121.8544125267525,59715.92036005637,1.1835285384476328,79.98629154891431,0.5295922750371301,0.0
1387,2205.447744123343,0.06539584231606765,0.0,147.63148662582267,437157.291237121,121.97510506635365,59689.429555258685,1.187703435802576,79.25996916625948,0.528707981441451,0.19641502188167692
1388,2215.0757977498065,0.058096391764272504,0.0,133.0433455962346,437354.31902273133,121.87176310883166,59662.95474599009,1.1914446177522977,79.07882273419719,0.5350053557689776,0.6429350485665282
1389,2202.1516745243716,0.06732806995865837,0.0,137.81546365155964,437556.4654894441,122.36667982798444,59640.206332520356,1.1993817028799767,75.33939869737577,0.5357441929919802,0.0
1390,2208.231201468728,0.06457715735244751,0.0,146.9372215785408,437767.551362787,121.9932482895017,59613.7591473636,1.196000909586568,78.35715665462364,0.5230069095925269,0.0
1391,2216.590745277775,0.05835705195045193,0.0,130.55035480368798,437962.4711150643,121.69506881072597,59587.32776011533,1.1939502300809908,77.89826725785525,0.5282151064605275,0.0
1392,2217.2167575983785,0.05952827577868103,0.0,132.4722890771286,438159.5495996036,121.82666554917255,59567.45360306378,1.1971654955633078,74.65733934330777,0.5361597918435669,0.022720649970835893
1393,2221.096318305175,0.05933133317327466,0.0,135.96080567833576,438360.00875881163,121.89305642385628,59541.04670762707,1.1911348046004657,77.31925537327217,0.5334151366080048,0.0
1394,2215.219247072319,0.06442373963982828,0.0,126.40404180592509,438550.88043366425,121.92388672104401,59515.93223398196,1.194607779940595,73.98317988401641,0.5334451024242348,0.0
1395,2199.365154054264,0.07268023684069236,0.0,149.99592966524523,438765.2044667605,122.32677010647087,59489.55992431983,1.196016343199523,74.3706099815525,0.5268837156934146,0.6576857437173942
1396,2201.2031485420657,0.07007524434855184,0.0,149.5514882295675,438978.70603137126,121.98746769302797,59463.204948898456,1.1962273475484444,74.21444971564652,0.5299224764215371,0.6557240828066995
1397,2174.3583631002853,0.08222811446740452,0.0,161.56703870804608,439204.2184304691,122.32626314646791,59436.86740144666,1.196199071297829,73.98043391962145,0.5290632294864341,0.653097163149738
1398,2179.468507383732,0.07997956537948347,0.0,175.03478449924484,439442.2824701094,122.31727958263512,59410.54552495864,1.1976083316246697,73.75711159509027,0.5374370714441993,0.651159654805582
1399,2194.2864979875158,0.07588593585842018,0.0,160.44192318322393,439665.80437697447,122.00606513675389,59384.23413147779,1.1921975712942905,73.56389821391933,0.5359940115227426,0.6489397303644182
1400,2192.265810152691,0.07447163701195603,0.0,164.8837340731689,439894.10010136524,122.29989300416628,59361.08979598514,1.198761700515456,72.71689456177515,0.5345817109744402,0.6462555004654291
1401,2182.143143024728,0.07947018347086887,0.0,171.62120112176615,440129.2007402486,122.64696576914129,59334.806583470265,1.203579137393959,73.29275012359855,0.5329704242675595,0.6443112848986345
1402,2178.735579239605,0.08260989698753174,0.0,149.23767375674834,440341.6421527758,121.78637045476356,59308.53883697546,1.1989905960608198,75.54720841013493,0.5317396882725007,0.6424316257362932
1403,2168.6170096155074,0.0893072645987566,0.0,185.7834285642674,440590.42441378476,122.21324939161632,59283.30066533803,1.186871320054591,72.2108838648255,0.5309641361768487,0.6395203619202618
1404,2157.4265072373787,0.095399622408609,0.0,201.30779092425217,440854.4588102036,121.98336320642224,59259.33783403842,1.1908513941659828,74.24361581807817,0.5255192346008439,0.8352326604577343
1405,2161.1295698945037,0.09322039661689219,0.0,199.75089886369693,441116.78732884943,121.99102739815653,59234.76279413654,1.1959665885914286,72.2086384011234,0.5287750233945165,0.6356640078701332
1406,2155.313085652494,0.09517572416047826,0.0,193.88374818931726,441373.2208775322,122.22760539159528,59208.90786438049,1.1693502935622841,72.1504006248108,0.527433480507134,0.6334861808253152
1407,2146.700141682703,0.10088385187236726,0.0,212.038512067897,441647.6625155468,122.87141652646491,59183.31184606532,1.1936082151133383,72.16449580840373,0.5261466305092389,0.6311767518182023
1408,2166.147806312721,0.09453836767496027,0.0,208.1757132819161,441917.80114427005,122.4806562402695,59157.13055710466,1.1870212549807828,72.96735859792754,0.5249272080702481,0.6293599331625046
1409,2155.7979196834463,0.09671908764657,0.0,210.47276459926564,442190.67457100935,122.71138970523535,59112.99700023899,1.194302680567837,71.62161672533473,0.523940518914881,0.6268797988481936
1410,2138.8326765367865,0.1056826211533829,0.0,-720.3597285345621,441532.4515645028,122.4887713534046,59757.05737227807,1.1928889390591264,71.58218769519196,0.522690439368522,0.6252376087202265
1411,2121.0842113171925,0.11205486193976477,0.0,935.223102133204,442529.20474202116,122.32123514894921,59736.318101052966,1.1839936434948797,71.64573833775299,0.5214945792003723,0.6231050570570744
1412,2147.4304215983684,0.09585676777999053,0.0,387.466995218007,442977.67552850314,122.17442998120052,59709.807537950546,1.192319066254173,77.4640131466189,0.5203847130781185,0.621013803088033
1413,2150.6596248106716,0.0879475214958847,0.0,243.2588197361065,443282.73614296527,122.9714177304345,59683.31293296002,1.1915961935902977,74.85831283817684,0.5176355947389345,0.6188748859862585
1414,2161.657035391149,0.08476724840128347,0.0,188.1466069254363,443532.8335638003,122.68322048917615,59659.98736698818,1.1866205527326987,75.3118352023216,0.5176419831518926,3.0742372138053327
1415,2165.4028163665853,0.07983211746214813,0.0,174.88392286598696,443769.9694201625,122.85577249134589,59637.12103211206,1.1914510648493015,74.78815722408315,0.5202705237795965,1.2612845579761824
1416,2164.1002708884016,0.08347066947962778,0.0,170.5573676490045,444002.888804489,122.40096991099954,59612.31696688778,1.1894812524695635,76.61219102226234,0.5199086828044563,1.2650015979498903
1417,2178.344614374131,0.07709538752811462,0.0,171.1249935099292,444236.2701703287,122.29079381508726,59585.87476057166,1.1860242466003579,74.975997312533,0.5199548974093686,0.6105118492221777
1418,2158.900074880455,0.08688943935905347,0.0,179.45627769967996,444478.4126836544,122.42090707054689,59560.2216652058,1.1893172447432323,74.04080144012582,0.5196326325271164,1.3223742254116644
1419,2150.4663450122334,0.09171364025504014,0.0,-108.31378455805469,444432.17313768447,121.48735035770068,59265.48088403223,1.1881164326523184,74.41661713677733,0.5191437273517311,0.8292284078519572
1420,2144.054332682609,0.09531441698646725,0.0,418.69835831415367,444912.7003448907,121.33146311601739,59239.93309796469,1.187557339715335,73.73167575342006,0.5187225586732613,0.738888055704706
1421,2147.7384232767504,0.08967573479444713,0.0,241.2052496700175,445215.55307880853,121.01410711134571,59213.69999821358,1.1885146510774423,74.36717249237223,0.5181736991968162,0.0
1422,2139.388952531851,0.09248175372277612,0.0,205.39403995337813,445482.72653769684,121.57270725444369,59187.48277584041,1.1883819243424707,73.59323686329512,0.5177701552431653,0.6221653794608528
1423,2141.1493491960414,0.09293344378692592,0.0,184.47812671335066,445728.86213009176,121.60759672884394,59161.28090699939,1.191775324684416,76.72047786783897,0.5172364571376226,0.0
1424,2126.030884294253,0.09919946602249308,0.0,200.65690857295755,445991.14452845184,121.99347677255952,59137.84604349466,1.1873060556807975,73.04921560443347,0.5173830090413942,0.7381271480696796
1425,2134.545793209686,0.09721751631058817,0.0,199.9219214348537,446252.50384015765,121.76024412265804,59111.714119551,1.1895509034336786,73.79319728284304,0.5167549576745777,0.0
1426,2115.281503585372,0.1057645327960246,0.0,199.81274641850456,446513.99126260227,121.8848867732778,59085.556378341455,1.1898725073516654,73.71360478182714,0.5162994622677418,0.0
1427,2128.258267503432,0.10235066666854953,0.0,215.97974369166133,446791.08054514107,122.23594755520706,59059.41432385662,1.1851278342207459,73.50534758141166,0.5158747227087243,0.6976373320622997
1428,2110.6626171323546,0.10913364612036136,0.0,205.6887998428964,447058.0759592167,121.88915010313121,59038.28922511197,1.1841791261929928,72.53624550674448,0.5154437408336149,0.0
1429,2114.28002300107,0.10885200491649627,0.0,215.52614648795225,447334.5381905117,122.06800991962346,59018.39191674585,1.1930681415668098,72.45393513854802,0.5148100797511794,0.0
1430,2110.6568381008574,0.11145013904289547,0.0,222.5584089470314,447618.0662923633,122.02361258576026,58993.4670405618,1.1922041412781748,72.28480523174127,0.5141906597327153,0.7224744262989873
1431,2111.3941967343185,0.11213244104898512,0.0,224.1196797930309,447903.04952796426,122.06223569189092,58967.96713868311,1.1879276118582829,73.08026317335553,0.513583819907531,0.0
1432,2100.023041959109,0.11723579782438542,0.0,232.87628379368272,448196.8108203052,122.20214819742327,58942.455672965676,1.1881106354479425,73.11351275222802,0.5131599242644996,0.0
1433,2100.046661333303,0.1183088703496783,0.0,233.51311873665628,448490.9501087881,121.94529467822892,58916.99397893427,1.1886770971438256,73.10662339069243,0.5127644400091405,0.0
1434,2111.879462777145,0.11565916711232005,0.0,236.9983329357825,448788.5387511888,122.37229536737915,58891.38317575461,1.1887370044586945,73.45849973436216,0.5123873599368839,0.5420338611250486
1435,2102.420567131643,0.11871506792570641,0.0,237.45670557576898,449086.82854394946,122.5050332654936,58871.77127096803,1.1915978043444149,73.19363650966787,0.5121176922818884,0.0
1436,2083.0668948027264,0.12609769643117086,0.0,234.69347858430285,449382.08332026604,122.12040987401008,58846.12808448638,1.1875600056138405,72.92512873670977,0.5117916796174714,0.0
1437,2091.426214159676,0.12386948943340292,0.0,243.53676181560672,449685.7805885009,122.00662711840316,58820.50272747558,1.1840802135913797,72.85539703742313,0.5114246458887509,0.0
1438,2078.8198944806477,0.12812085422712882,0.0,247.32540458327458,449993.39203133865,121.74173800016958,58798.66004115793,1.1823321054775835,72.23152883498742,0.5110611721740527,0.0
1439,2087.6391190764334,0.12532054718471897,0.0,258.4768647932554,450311.85155793384,122.05693972372264,58773.03436166705,1.1807000092046367,72.94057027209101,0.5105825923326325,0.0
1440,2094.4354305726947,0.12286460638288543,0.0,-1619.9395127003072,448752.03965718474,122.27110540542205,59074.53071208471,1.1853770436623101,73.90907512580529,0.5102298478702343,0.0
1441,2082.649598045061,0.12741597738641341,0.0,1670.2428663104206,450482.4749439862,121.1330142277839,59048.46096500317,1.1881906136693081,72.82973022191607,0.5101019796345514,0.0
1442,2123.637239264011,0.099833902538503,0.0,567.2426549545855,451109.61933179264,121.53558349443537,59022.34784350083,1.1996753828377495,77.26538370987709,0.509749749850415,0.0
1443,2113.679277607778,0.10176289390234694,0.0,286.7017589402098,451457.87443152536,121.49142163976984,58996.24997811623,1.1878404775281555,77.59844649406874,0.5099803172418368,0.7995328429033179
1444,2129.140050377964,0.09158789535549028,0.0,210.78454881613845,451730.1221023452,121.46848426713078,58970.16765038876,1.1878386091703759,79.11637182648104,0.5110567253174966,0.0
1445,2136.1965790225418,0.0884499345727846,0.0,184.41833507196787,451976.4617859147,121.4023856894987,58945.19677438048,1.188287286318223,78.14164700454876,0.5103650881728823,0.696169394074019
1446,2138.0275788363674,0.08651324760241896,0.0,145.51093688546024,452184.05217023526,121.65784992400974,58921.95159998614,1.1675223551529967,77.75915603381108,0.5115285272550856,0.7043529625649683
1447,2141.749891705362,0.0915212183537758,0.0,193.29709254435232,452439.4057385269,121.3117392022274,58899.256882391805,1.1702162054554386,77.30336105167834,0.5134334870388306,0.7231725631455959
1448,2158.460180568015,0.08305390936482437,0.0,-5604.239978389234,446897.19023348275,121.16535909407479,58645.481504015195,1.1872666485296413,77.94591169173844,0.5138872303807496,0.0
1449,2163.9612372719125,0.07865512983990064,0.0,4642.430574714284,451602.00326378434,119.92257250494886,58619.46909172405,1.260967567254541,77.02150336112499,0.5144252580476316,0.0
1450,2180.477550200918,0.06829054369568266,0.0,1196.6359281081093,452861.24095157353,120.42684519660983,58593.47670975472,1.2603320645493672,89.50670445329436,0.5127679753392334,0.0
1451,2186.910449607797,0.06517939725450683,0.0,400.40539153146113,453324.9296601807,120.85319290559241,58558.69251131698,1.206385346837701,91.28390609505843,0.5161283589211751,0.0
1452,2182.191864229904,0.06756119892254653,0.0,182.1664632428882,453570.68146172597,121.1069404617264,58532.73230926098,1.1944574984178669,89.87885242183833,0.5178229503466762,0.7180356117329438
1453,2196.210148449269,0.06043429057436034,0.0,149.73705666852243,453783.9932232248,121.21801080488571,58506.787680705485,1.1944027798747288,89.09183905327805,0.5158650951075738,0.0
1454,2202.3004492744394,0.05740993516134307,0.0,124.9521387810259,453973.02266998886,120.97256095559453,58480.85988404296,1.1954864750009957,87.45925742266806,0.5202372903930061,0.521368054412136
1455,2191.9592290396404,0.05873764779971402,0.0,119.26297590856734,454156.6124120067,121.10334914799355,58454.94483236591,1.2030326449869553,86.63196860143128,0.5205001396848834,0.0
1456,2192.290040618215,0.059328704858196635,0.0,125.48820808835171,454346.4275014876,120.96738079093817,58429.045080281605,1.200605411001836,86.4843895823279,0.5199035502931155,0.421227150416172
1457,2189.292561574631,0.06330565461952553,0.0,131.753667554481,454542.5036308728,121.02293821661485,58403.160884944074,1.20448284909789,84.28085273645846,0.5228619425826866,0.0
1458,2197.345869954489,0.06385120646134335,0.0,141.04386386733728,454747.8199614988,121.2277950295269,58377.29221170378,1.1983267281198144,83.5576472929211,0.5171061609147756,0.0
1459,2192.496033867096,0.06804648075719977,0.0,145.98894514713294,454958.26745532907,121.23170720573145,58345.45632678847,1.2030167538101515,82.91439205603028,0.516680401736396,0.0
1460,2196.669363957097,0.06372800002472401,0.0,146.01859121649875,455168.5500388035,121.49628087806761,58322.05042405123,1.2069911771976483,81.53672812909355,0.5187693310675474,0.0
1461,2213.1368003366015,0.058307492254365045,0.0,140.90434530044752,455374.0606504603,121.3571087553431,58296.604121493394,1.203663507843465,80.83040456087265,0.5189806725929411,0.0
1462,2202.6983335596174,0.06443785573021521,7.765244292078621e-09,135.25335218761182,455574.5120575797,121.38567234860055,58270.79420239351,1.206191927140818,79.91314842837468,0.5142509894582384,0.0
1463,2229.2397798511342,0.05760530827619159,0.0,138.18502077440053,455777.7168642414,121.54752146709113,58241.48233338589,1.20340267472854,80.43274733896376,0.5112878851823133,0.0
1464,2218.6112795810664,0.05953970029918643,3.70438230575771e-08,129.2515438993173,455972.44104897167,121.42338780918934,58215.703253188934,1.2033521731559107,79.9136432456539,0.5081970220174871,0.15507953476148373
1465,2227.423095160889,0.057775921126831054,5.339108784099023e-08,127.33953701637512,456165.2160540522,121.29796989203815,58189.93970119727,1.2079298740298547,79.43091462412507,0.5430582069638284,1.3633985395355523
1466,2212.8635208122378,0.06588111898814908,9.213346630413371e-08,138.5085398845605,456369.06379641674,121.49020898737524,58164.191518930485,1.2040128631303308,78.77276989620327,0.5411878502438219,0.0
1467,2216.6328793036973,0.06402025173956438,4.922341605143329e-08,143.57502168142906,456577.6122364916,121.56728184892845,58138.4587234516,1.1966651244866888,78.26694708518707,0.5371857595440986,0.0
1468,2219.0038632556243,0.06250483448622801,1.974538411369195e-08,26.707362869952817,456669.342061513,121.20211150308099,58112.74133001653,1.2037712533095648,77.80923499760416,0.5342730969697622,0.48750166933663763
1469,2226.2544240343746,0.06031580848600282,8.507387593569125e-09,224.69765215354045,456959.1108346793,121.19036145632643,58087.03953699733,1.1984400020609218,76.48850513725314,0.535143904361919,0.0
1470,2217.0472965892905,0.06362334798641855,2.7066016561235667e-08,-2349.275587075981,454674.98147936637,121.21701611645719,59486.838243434206,1.203954931326547,76.3337821096944,0.5398923442969765,0.0
1471,2218.7307312292182,0.06368312550046151,3.873984169032162e-08,2061.479943804349,456801.3014745178,119.48854368612224,59460.38304890249,1.203394510026586,76.67208547956638,0.5360974131638178,0.7103312595201317
1472,2223.8018687008866,0.06054325900298296,5.956922887309601e-08,584.7364928632294,457450.8446192374,120.23809450501119,59435.38233916929,1.2240393592283674,81.87708393406388,0.5306480478875643,1.7297083704382885
1473,2228.2790539251223,0.05664902130399718,1.1313296733941465e-07,230.2628524138438,457746.02447990933,120.5283522938338,59412.195803976734,1.2068553096585704,82.56340993219183,0.5309890735561756,0.0
1474,2238.3467272904845,0.0520139959551037,2.0840778470384693e-07,153.59065058317105,457964.6758001315,120.90455902215614,59372.54789305461,1.2036924457422575,81.67027217796465,0.5290707769079048,0.3999167096686449
1475,2247.0807176955977,0.04807490118190694,3.5263373335285316e-07,116.68542351341608,458146.8816155667,120.75567829254625,59347.491144036394,1.2065678764077516,81.6725433476481,0.5286385025198269,0.6852812064977627
1476,2257.4737745127086,0.044051289721086295,5.422180128403348e-07,101.13411443714733,458313.71893358004,120.53573846049301,59286.261923956925,1.2059000477388748,81.20442089950652,0.5223168407068018,0.0
1477,2252.9118469853584,0.045385940517275514,8.451742834480569e-07,108.28378250960236,458487.9779577295,121.02615004876793,59264.13825515956,1.2001121538408765,80.57317122010724,0.5279531033495692,0.0
1478,2256.0550445218264,0.04586495266055668,1.1365331123328597e-06,100.62357421118048,458654.51311431086,120.98146141998393,59213.46005867869,1.2070182642207927,80.0293529824352,0.5279187568598197,0.0
1479,2268.7206820831248,0.03969831961894654,1.4159389544024841e-06,104.67387847624917,458825.06321069365,121.1305161211771,59191.43049019407,1.2008589976321626,79.45239970249402,0.5262569852838901,0.0
1480,2268.540618296506,0.03860478944485313,1.7278030044923433e-06,87.00156056023638,458978.2632371773,120.83669521920282,59167.177090131045,1.2039465045676556,78.71622694567277,0.5275173233582471,1.4481719906108879
1481,2265.1915887976684,0.042504581527675,2.0687406663125595e-06,-57.81905402416328,458986.61974156334,120.72027612039003,59141.97704971514,1.208548186286832,77.64676125105566,0.5418584200679263,0.5627677770956723
1482,2251.0526221454843,0.04973815247541946,2.3661502966854546e-06,220.88621344167439,459273.39663363656,120.95167654462156,59118.86579236963,1.194050857296103,77.24776658695234,0.5409011581457265,0.5670204881654684
1483,2250.823474680144,0.0481734887073384,2.5543978034145716e-06,128.59047438956372,459467.4881369666,120.93878547601585,59098.04958322989,1.2095331807409362,76.57438112800875,0.5376312103528469,0.5787617063431867
1484,2237.0290726626076,0.054123247391315465,2.7584753556214177e-06,123.14390390084498,459655.97810869425,120.93448039215632,59071.762401168235,1.2020569824648124,76.50940345058055,0.5379604521199427,0.7780398793223355
1485,2224.5530778683,0.06033272999713679,2.874624455691398e-06,-114.73105905634498,459606.29502117017,120.6385645496209,59045.490534092234,1.2007825094125768,77.94153818577465,0.5359506647188823,1.0885403827826963
1486,2220.79761722712,0.06393247172265137,2.9296998137687054e-06,317.9586279408983,459988.9566357728,120.11652301456604,59021.60828283786,1.197233923403601,77.49265588628343,0.534071683765634,0.0
1487,2219.275761518673,0.06532126536323812,2.9227761853641747e-06,159.85812634638893,460213.32851298683,120.05024146143451,58995.364511918146,1.178481890696502,76.87439678562967,0.5292836985378627,0.0
1488,2208.904806362936,0.0740506420240642,2.8623413141588143e-06,157.26718774817942,460434.96503440436,119.65466177947843,58969.13062960992,1.1896359432833434,77.136645606726,0.5245377647105038,1.0928502820887047
1489,2212.6779276585803,0.07379408632440232,2.713034322768731e-06,167.35352277269607,460689.90447116725,119.85287368483054,58718.44078464211,1.1928112523946637,75.23847705438081,0.5249940959794679,0.5687293282874748
1490,2228.446566219968,0.06709374094369536,2.570703118205847e-06,154.49251742064604,460908.3911413091,119.65218954434116,58695.88737021983,1.1981729310099078,77.0533513483092,0.5290217117758514,0.0
1491,2216.5511555372277,0.07320466668574521,2.5044304938352533e-06,154.26175686865304,461126.8912271435,119.35392152665682,58680.541798663995,1.1943748133504353,76.84189426348999,0.5285965612032302,0.0
1492,2235.3369512122536,0.06716395339049941,2.3845813755484694e-06,162.3886648172783,461353.17902721325,119.59408441395723,58656.544416437464,1.1995953878462478,76.53480860111576,0.5296852020388069,0.0
1493,2239.8212454950826,0.06581183149753411,2.378846666238499e-06,142.25885854640802,461559.7013865046,119.5626732079278,58634.204285907086,1.191647173178679,75.54108225534165,0.5325317339904989,0.6802945410511825
1494,2203.6070546169053,0.07834392961047154,2.3889552339899232e-06,154.72605603993117,461778.6897248796,119.88213674267068,58612.17429162088,1.1938718739470506,75.05547215458458,0.5289317610948028,0.0
1495,2210.957533206219,0.0757794480034566,2.297530109321031e-06,160.97569541966612,462003.40166044293,119.75915255829419,58592.62648996419,1.1908828426006857,74.7341186802526,0.5318379850490772,0.9382518745585742
1496,2215.5572432625986,0.07547110326463236,2.2328446689225407e-06,162.40866528125957,462229.5912074648,119.78071710681049,58570.66049097462,1.19597533095085,73.96763370921825,0.5307412445263937,0.0
1497,2220.337945865939,0.07664102752919866,2.1724994425733103e-06,162.74794277040098,462456.0132423156,119.73129589195139,58518.83093507013,1.1919797057602612,73.90275451221525,0.5295125781731834,0.377843694655553
1498,2207.6611552501977,0.08236096928700465,2.1140408914824672e-06,165.64721083644326,462685.2937290607,119.64656910376426,58495.99753223234,1.1921287494311181,74.04665781767531,0.5283408466722094,0.0
1499,2187.780979957919,0.09094985292137459,1.995706818419458e-06,181.16991717207333,462929.79969549575,119.81926183619512,58472.98286272595,1.193145664013728,73.10810563266806,0.5272494000731774,0.0
1500,2190.321997768815,0.09157739065371617,1.7765882976699127e-06,-1723.2363561154175,461269.4283524143,119.70131323382532,60547.27934359115,1.1975123051189975,73.7569074656503,0.5259870394839411,0.0
1501,2183.313496182359,0.09552070985116301,1.5530169891622611e-06,1657.1246394180298,462989.31875654927,119.21731485152934,60522.26154790141,1.1845298845324306,73.78951538667802,0.5249267885761295,0.0
1502,2199.8089681022707,0.08054065659404874,1.3012692838241688e-06,537.2405696880837,463589.12241836503,119.23519685738623,60496.77224937463,1.1853131902334368,77.54712127231724,0.5239267163181605,0.0
1503,2216.1902713781155,0.07159479641624467,1.1253666917771794e-06,253.75390488798342,463906.0595290332,119.56032864828879,60472.14856426166,1.1926239077603549,79.42757425249908,0.5201212533665293,0.6888027617989678
1504,2200.4006809266994,0.07454665062997912,1.0638986155925602e-06,165.27515085575322,464134.9835040478,119.52561096982838,60446.727661001816,1.1927715564407848,78.26420234176892,0.5170465948799207,0.8904507100641581
1505,2195.1897087704288,0.07897318974292267,9.721531945981876e-07,151.89271305463348,464350.2662116839,119.42090264786043,60421.45956475119,1.195321294007821,76.78291500348355,0.5216235376627838,0.0
1506,2194.4285701264,0.08304526948976587,8.346686291563953e-07,164.958852568854,464578.48135024856,119.27852560256238,60396.00320683141,1.193764001652086,77.50960484303766,0.5229001557674962,0.0
1507,2194.82731851613,0.08685511705126914,6.203517446048236e-07,184.36936303512158,464825.9491475575,119.77993864899027,60371.43345312167,1.1897905892382032,76.30123905501335,0.5239591369187039,0.0
1508,2194.157451281765,0.08559700016866756,3.853733796743699e-07,183.9933519225276,465072.9183309183,119.66481027389456,60346.000992131616,1.1945384277549682,76.01891603926057,0.5229563091296786,0.0
1509,2200.737785498082,0.07967154615090666,2.1877491635787903e-07,164.8855947352721,465300.7985096564,119.44856374781148,60321.12315506838,1.2013524761759404,76.90641933504918,0.523393607446305,0.0
1510,2192.4378989872903,0.08443189427371389,1.5143863806388452e-07,173.09937578641228,465537.0642122787,119.38042999770695,60296.020877504205,1.1945908237131797,76.63641677443309,0.5219662560101577,0.0
1511,2194.6723367823824,0.08312116575494721,5.529945549375808e-08,154.94772976618924,465754.96700106096,119.43320081468188,60272.95190905884,1.1879595726130596,75.4055684600417,0.5229720888916328,0.0
1512,2194.1714523286914,0.08831683357004816,0.0,177.97463984175937,465995.9029771551,119.47778459006602,60247.55831373114,1.1862687254209434,73.91185530226437,0.5224141831029775,0.0
1513,2178.612041411513,0.09820491475380677,0.0,177.40759556121134,466236.19346299337,119.27228917939838,60228.60770803874,1.1875051463580693,73.44513696352121,0.521564807076312,0.7629339484290085
1514,2189.46568638574,0.09398840281979892,0.0,210.44632412666573,466509.0368677114,119.30158267493808,60208.24554988318,1.1856734179276023,74.2031255040516,0.5206768765844376,0.0
1515,2172.0038690885945,0.10390828616465375,0.0,200.9282184223983,466772.59866432863,119.09805276148234,60183.21432573483,1.1931179487826014,75.13948003567131,0.5199769866604436,0.0
1516,2189.6346576145297,0.09395670759698338,0.0,231.14768411521527,467065.9290077856,119.38243004341255,60157.97954563967,1.1885366201619154,73.83917905998666,0.5195124712888485,0.0
1517,2180.7164128004056,0.09940430169911973,0.0,194.99333724322832,467323.47679601936,118.97331100057357,60134.650848468315,1.1892703531307218,75.45885423699293,0.5187931972963269,0.10584038797637163
1518,2181.7966516476745,0.09655282738970716,0.0,208.62367592911585,467594.4433927621,119.05060977468962,60117.34011318236,1.1903685953070844,73.28039560341438,0.5184589981141082,0.9097230387663728
1519,2184.254790965468,0.09769369782513693,0.0,181.8649891940857,467838.7942294414,119.1463392103147,60091.96398511272,1.1784887514988525,75.83259831424184,0.517695296038139,0.0
1520,2179.9028845390976,0.10203506872981782,0.0,213.7880197153994,468114.8044160486,119.25584594169928,60070.10179533545,1.1779644230128994,74.88744085525792,0.5174935118787757,0.05949828228659726
1521,2156.9257498612724,0.11029152284025956,0.0,223.44555890778645,468400.40571082104,119.07454039110078,59820.261916665484,1.183983287971339,73.0121417816651,0.5171011589974389,0.7370359076466002
1522,2161.199292963523,0.10863298247729136,0.0,234.80509328819176,468696.9041176958,119.26463804810341,59795.86199940943,1.1864084404518425,73.53093484719915,0.5163440145047032,0.7946078580761764
1523,2164.7689005979123,0.10828580364502727,0.0,226.10447619457517,468984.8260634857,119.20999300702724,59771.201312683144,1.1865563657014606,73.52533335177337,0.5157372608925832,0.8099634986827198
1524,2158.596802363385,0.11017648201596986,0.0,216.66288080466546,469263.31341473525,118.96263226153354,59746.962394430746,1.1827366843459244,74.76703854541097,0.5151601610736513,0.8065730297581126
1525,2160.6746600579145,0.10968881721991885,0.0,230.83654064363714,469555.9033075487,119.14608205198489,59723.72046120812,1.1835682217801775,73.80907376385184,0.5148774927212877,0.8355550674790777
1526,2149.87613793226,0.11515790840970064,0.0,236.32482460762282,469853.96024576115,119.21390198511845,59698.572305301175,1.1835589976750147,74.75388802443916,0.514404839660811,1.880155317826251
1527,2117.291368159568,0.12512136242917915,0.0,234.78567909173603,470150.09771093493,118.99653129665276,59673.431786790294,1.187309296953841,73.31341104984126,0.5141834237174917,0.0
1528,2147.045471524355,0.1152863086442788,0.0,244.93589244095165,470455.8739413661,119.05250543585959,59648.302623520765,1.1852853016093616,74.63636278009608,0.5136191509864817,0.0
1529,2128.5557187676486,0.12296332824873268,0.0,246.92133927662047,470764.101188032,119.10292795904093,59623.18296285968,1.183140697958685,73.02707157278603,0.5133662184018997,0.0
1530,2155.700617025577,0.11384184955369281,0.0,245.3540636299383,471070.44396273216,119.06305853427925,60403.34700022409,1.1848677757229273,72.8941851914394,0.5127694430934497,0.0
1531,2122.7253014429753,0.1257271103909975,0.0,221.8617979315859,471353.7011251695,119.7242921256003,60377.76247096863,1.179717156142532,72.53566435559726,0.5121743536440312,1.626084140122174
1532,2130.6259958859728,0.12434545313792911,0.0,267.24233363388004,471681.87335642043,119.58355514194682,60291.70280645228,1.1795319525386496,73.15457154172941,0.5115722618217192,0.9166007106305187
1533,2121.0048187472216,0.12660696841957386,0.0,257.47167499741073,472000.41791562474,119.28336712093652,60266.51135410233,1.1869319185832128,73.22348940848737,0.511115482415394,0.9251654650868204
1534,2155.509434665931,0.1139796721425611,0.0,247.26416152615042,472308.6003446842,119.38770650643319,60241.27584277665,1.1833874277864753,73.41970467226818,0.5106966513964197,0.7898142225770357
1535,2120.343913668185,0.12496653583435735,0.0,253.79282012450005,472623.89343976835,119.49223117675918,60216.99769606508,1.181145104969347,71.43525580486153,0.5103375765110283,1.6149272460179134
1536,2095.9212904999276,0.13413833991937418,0.0,256.9686939902183,472941.8322924637,119.26959783509909,59826.29721808274,1.1864550890532088,71.60891363477353,0.5095923697075322,2.8864894435867257
1537,2117.525587346621,0.12653296461958574,0.0,265.2657367672487,473267.4893011651,118.97847137827465,59801.238028395666,1.1814000706961216,71.43796862126786,0.5089403331491569,1.885658224757293
1538,2134.8812299696747,0.12079041969406457,0.0,266.073067653009,473594.3767908401,119.17965735070993,59776.426954663584,1.1847315634887334,73.56561620367276,0.5082600779663482,0.0
1539,2141.0089489045863,0.11877501253069023,0.0,236.25225516163613,473891.6408509681,118.86996430069114,59750.434284109026,1.1871023739748632,73.30262890726617,0.508023078005361,1.102786860717373
1540,2109.2689519442556,0.12995886224999753,0.0,252.9605714646912,474205.69690270355,118.84639366804336,59713.1678598461,1.1845838237356598,72.0096180669268,0.5077687823038889,0.0
1541,2114.4713276396915,0.1277958654760345,0.0,265.1049891529284,474531.42091172637,118.96077936380907,59688.165644051805,1.1841328304111567,73.06661838949803,0.5072239637331146,0.0
1542,2157.9197935766792,0.11344166420903457,0.0,256.0390990641975,474848.2652687917,119.15285575038205,59661.61427216298,1.1854119748517096,73.98116223455088,0.5069327653833419,3.071159533214569
1543,2134.740857633783,0.12090883123848162,0.0,231.3231637446537,475141.0159752745,118.7509728240043,59635.38144199353,1.1851962368174402,75.78371461486535,0.5069267993354805,0.0
1544,2126.7955383311596,0.1245322584858044,0.0,42.00669143579262,475244.0919400721,118.42465417436927,59609.52702826376,1.1864792356024658,72.848027578071,0.5072316114704187,1.7231349519459798
1545,2106.511475782898,0.13267281098067862,0.0,420.16238105428977,475725.1715407651,118.55814674637574,59583.11416826311,1.1834986177166018,72.11611185653503,0.5069229555390798,0.8574127634481385
1546,2126.6909346588955,0.1229155207539877,0.0,304.08316727007116,476089.79416065785,118.86459023476245,59556.87425755705,1.1851408135257582,71.73816825611189,0.5064522428603796,1.7838587736655143
1547,2146.7203005310794,0.11536487996526301,0.0,254.66397963501447,476405.5577840807,118.73711047541825,59530.5402893065,1.181042161243924,72.45199991071246,0.5059470973832815,1.1780922357854422
1548,2149.767388401496,0.11441552414345235,0.0,236.0829459793315,476703.06443483836,119.03300897344252,59504.08079028141,1.1856952138761017,75.2638264147128,0.5056053041627396,0.0
1549,2167.914814326245,0.10882619347280975,0.0,221.3955633868942,476985.87100613606,118.67880443089648,59477.63518984974,1.1604826336176146,75.69712042840791,0.5058533611093605,2.270444667611571
1550,2166.85380428448,0.11021096486139625,0.0,225.32773156851147,477272.80565608403,118.12710374205822,59451.33658998137,1.1802363547313541,77.42460112576063,0.506237060465912,0.648853099800192
1551,2159.933360220291,0.1119041737652291,0.0,229.31714218761664,477563.6839640944,118.22552643336587,59427.92225848592,1.183643412208804,74.01368709937178,0.5069312500047715,1.2458738439912622
1552,2161.9118634779065,0.11205986228613607,0.0,241.46452463890347,477866.73037455487,118.29070249848954,59409.17765715074,1.1827640636934533,75.20601351335753,0.5068756987083651,0.0
1553,2164.2419970863393,0.11110451506191477,0.0,234.76675244999524,478163.0514408477,118.24675420944968,59386.50334134317,1.1782595921208439,75.25105292176933,0.5070475755505347,0.0
1554,2135.317322719748,0.12100957710986227,0.0,231.5434605489208,478456.1355790253,118.04278696692934,59363.10267376913,1.177626684387661,75.31873348267187,0.5072205488707,0.0
1555,2145.5978865652405,0.11765705339398258,0.0,236.1955798903017,478753.3833495298,117.8822924522239,59336.684554187945,1.17639634167946,76.14366968072753,0.5073994009190204,0.0
1556,2150.6591395318255,0.11508063995998541,0.0,241.05648748235535,479055.63645238726,118.16115703166358,59311.38005098802,1.1751037979183594,74.44903626879173,0.507745759550395,0.6320166480643934
1557,2139.3950686542985,0.11904141950595426,0.0,208.39958598908999,479325.44632462884,118.20573188107096,59285.04654937584,1.1618967583498785,73.61296371603217,0.5077278030896629,2.4968450220569594
1558,2129.1835439279594,0.12384307657835225,0.0,243.15871716092948,479629.71830506285,118.01490127166058,59258.86298057967,1.163385045759894,74.0120233823109,0.5075774853546604,0.0
1559,2115.6566198973223,0.12720448561147069,0.0,267.3073214471014,479957.9541722697,118.06643027348345,59005.63663997615,1.1746628199791207,72.26000361641081,0.5074591351509191,1.157568396804976
1560,2093.0185673036603,0.13456444039615545,0.0,-233.96347317837774,479784.75098847604,118.2104429287533,59788.56153815726,1.1740541480767672,72.16610280453023,0.5070004417143797,1.4108685917890966
1561,2130.192806367564,0.12184425796808318,0.0,654.0647690143346,480499.18931796565,117.9563333973447,59761.9187447869,1.1666502348150696,71.82495045211355,0.5065510020660889,1.173320399528194
1562,2103.4088140996496,0.12160261429215613,0.0,339.45957893372076,480899.5174189411,117.92043397600615,59735.216338249134,1.1715782534314063,73.05201326951067,0.506057976767785,0.0
1563,2141.0531823360216,0.1059511694510884,0.0,253.53346158164436,481214.15395562135,117.9206709760344,59708.52999218629,1.159845717906963,74.75251389057509,0.5058236511786227,0.0
1564,2173.3984973210095,0.09740954633589494,0.0,227.0429236835011,481503.014817514,117.96555826880471,59681.85947942974,1.1752962730957204,77.68394353354155,0.5059649197911371,0.0
1565,2174.282876842071,0.09953634481644735,0.0,209.58006232044443,481774.8826264237,117.92535748449555,59655.204850082904,1.1798428388254911,77.49116857333985,0.5067260604184038,1.5350163691166188
1566,2171.2496746463326,0.1010509387820967,0.0,204.1057076398003,482041.24329099536,117.85066857051733,59629.08520701938,1.17605340508763,79.8385205833832,0.5064706598964162,0.0
1567,2174.6976827207063,0.0989809648591653,0.0,195.98005708167648,482299.3475648111,117.99986756583395,59598.67656527678,1.1722308832194397,76.13934770682563,0.5078748317085586,0.0
1568,2190.9131958027806,0.09595591449459362,0.0,207.00667055059728,482568.68643217796,117.98054075028493,59572.01506586429,1.1805987727766991,76.35077153791809,0.5085668013125665,0.0
1569,2194.593560130963,0.09589382880254471,0.0,201.26876398616258,482832.6547128145,118.49435242886372,59545.413159444244,1.183507661231464,77.77718729517761,0.509320798446987,0.0
1570,2163.9047868009925,0.1076732553051698,0.0,214.2287720051189,483109.5791440507,118.55570049434395,59518.94581391435,1.1716166838873143,76.59877532140433,0.5099456011633215,0.0
1571,2164.3047886434665,0.10943690963071973,0.0,217.46779030757818,483389.27697542845,118.20925523272976,59492.3868066705,1.1715311161227673,76.06343196896741,0.5102994587164335,0.0
1572,2182.1965021196834,0.10601531069237669,0.0,226.3352341449728,483677.66432254843,118.2696866764565,59465.84510200652,1.1765230993220053,76.85216572534321,0.5105210605136302,0.0
1573,2169.098740476725,0.11013370090609076,0.0,221.35903690731112,483961.3203902169,118.27234940740573,59439.36467454549,1.1738039782671268,76.17263276744701,0.5109002044076825,0.22339185213348856
1574,2163.1928041443202,0.11106260142115998,0.0,225.67534347649558,484249.02673579135,118.17575020503337,59412.99867639528,1.1713364598585572,74.99418443065548,0.5111204171057302,0.0
1575,2139.7747196284654,0.11878528269798305,0.0,238.1172876324752,484549.1258565734,118.26184008408525,59386.502216979694,1.176098135948284,75.10875648363421,0.5110721124582954,0.0
1576,2163.9159391648996,0.11111732460678436,0.0,239.69747150632952,484850.3879665077,118.25042747375552,59360.08759992243,1.1772200478066503,73.92274593392926,0.5110507856161859,0.0
1577,2152.387366494352,0.11571582387348489,0.0,233.65786215681294,485145.9924792171,118.25803900725298,59333.66818405601,1.1732057042136785,75.13467037439591,0.5107769658013015,0.0
1578,2184.3129665461224,0.10493370192744622,0.0,222.8058303166967,485430.52764542075,118.367294603767,59307.21835299239,1.1731449325572616,77.15699054476775,0.5107761518477154,0.0
1579,2165.9790544055004,0.11165385904896308,0.0,228.75746485464953,485721.515745851,118.49718950746765,59280.78431478953,1.1761788087350176,75.31726161293247,0.5112078717117012,1.6013077027448333
1580,2195.8676036176507,0.10235511150952514,0.0,219.8579019204409,486003.2705141009,118.52440282724773,59254.36698935416,1.1794167525014132,79.19683844269932,0.5112634960261423,0.06376813851807128
1581,2165.6351649827716,0.11396336081893321,0.0,214.7717684277635,486280.41059052985,118.29289132837717,59227.96617892708,1.1739961154755911,74.71836194039719,0.5121083398215568,0.0
1582,2178.1431254655718,0.10987187560882306,0.0,234.77353505574848,486577.0415478814,118.44142909277464,59201.52695003747,1.1793651635229432,75.02468684021841,0.5119513950675659,0.0
1583,2190.5972663706616,0.10607776162852356,0.0,226.4522886186066,486865.52654477616,118.46863979710513,59175.25719923023,1.172743596633446,76.64465544861437,0.5118678903736306,0.0
1584,2152.1068841066717,0.1193089382450302,0.0,237.50015665153575,487165.2455483695,118.74497972937286,59148.90320600476,1.1700206136067512,74.42835523165448,0.5121350288435508,0.0
1585,2175.606430201311,0.11179403232603324,0.0,231.1311595050691,487457.8674408907,118.57600385299749,59122.563742795675,1.1720941470947335,76.45600171954547,0.5119147962302489,0.0
1586,2164.1701149298888,0.11606717436820013,0.0,228.7870475818965,487748.5105969915,118.3946869948387,59096.24939460189,1.1708857565294286,74.98335607431292,0.5121392748168151,0.0
1587,2154.2662218081405,0.11951678976687996,0.0,233.9718534141789,488044.09530623537,118.23309842115495,59069.98759692148,1.1744991247793737,75.07311664566936,0.5120375526528591,0.0
1588,2169.235862603831,0.11509825916699834,0.0,250.71561826367645,488356.22102158394,118.5992592708933,59043.69598042393,1.1761142574964423,75.33141415554238,0.5119601752008957,0.0
1589,2156.9283715763722,0.11953058074770062,0.0,239.26338642082544,488657.1037224916,118.43857985966649,58789.6697887191,1.1755962192538008,74.90581387176042,0.5119419558495011,0.13732421890051683
1590,2167.4745566383654,0.11627432174976482,0.0,-251.96024985249142,488466.5628873322,118.32796749434553,59152.416984917116,1.1717125807171753,74.95069949643573,0.5117995965276085,0.0
1591,2181.016713060376,0.11166919365522887,0.0,616.9610031197726,489145.05196570634,118.3065671908469,59126.01087287194,1.1656374053542766,75.1743575409372,0.511683154765136,1.4140931153984297
1592,2200.085291236983,0.09464303579855338,0.0,307.83904084812986,489514.76507753023,118.23464118535604,59099.59251574866,1.1814055827946282,73.88305221529038,0.5116549052135076,0.0
1593,2154.6638378909356,0.10977243735278042,8.573901896987498e-08,232.58547987518585,489810.2975431911,118.32131264316722,59073.240441823116,1.1833378298862318,74.25128438096063,0.5113174000647394,0.0
1594,2151.113860127608,0.1034808961455409,1.6734568309436004e-08,223.397634914158,490095.8850922269,117.68754255182152,59046.826565211646,1.183474361078972,75.4700758241492,0.5110756882165759,0.0
1595,2188.5316815993297,0.10088274445705481,0.0,214.01060521437404,490371.9299301064,117.81662159557497,58960.54073537786,1.1840869211360694,78.02814259708705,0.5111068250382801,0.0
1596,2164.758779390477,0.10950418809476326,0.0,218.5280046653329,490653.17748389195,118.03862658470423,58934.15947668735,1.1794058171320276,73.97225762727365,0.5116834391255869,0.0
1597,2186.5069571239505,0.09161277984941862,0.0,215.59630863678905,490931.03346948966,117.70761867610751,58903.23144688792,1.182353200927566,76.76229922265617,0.5113637196509708,0.0
1598,2192.920474553521,0.10194101265813704,6.551750145531966e-08,197.17426576619164,491190.79604973394,117.77871432291383,58876.88262327153,1.1816573225941442,74.98799628586421,0.5116567647030682,0.0
1599,2212.951659458524,0.09685152940978003,2.5463138509689455e-08,219.86907544409945,491473.32781455695,117.86611515749952,58851.981669159024,1.1770066084146684,75.50602485354429,0.5115556561929574,1.316264106569804
1600,2199.114465476163,0.10241844447655868,3.2439820412532614e-08,197.781379903426,491734.0446688082,117.63258938459161,58827.09611072176,1.181610541992423,77.36891429028626,0.5116025314315824,0.0
1601,2177.297359833031,0.11109795021593738,5.994966399573824e-08,222.30564815215916,492018.9572471922,117.31656117316123,58800.84528081213,1.1772258207120647,75.00246740765826,0.512013236148528,0.0
1602,2200.3705714994344,0.10492450029543632,0.0,202.6096478832427,492283.7602701026,117.48037807701682,58774.5556635656,1.1680714911211867,77.80338686538035,0.5093913535051092,1.685914389899267
1603,2166.050532278871,0.1292120868671408,0.0,234.26415332270625,492580.5104297015,117.43645536807368,58748.2930380711,1.1681487429567954,76.29506477717925,0.5123777150458453,0.05919642182229268
1604,2138.340180420708,0.143307076430235,0.0,280.49466948083466,492922.4474750216,117.43704257243093,58722.049450462415,1.1787171430574388,72.27428028514058,0.5112203900868045,0.0
1605,2120.1960766604448,0.14694609788292412,0.0,282.89364214276065,493265.9374401424,117.23943890512173,58695.82155347233,1.1814930369279324,72.99472489240887,0.5120356796287091,0.0
1606,2145.0116961066406,0.13602732420295982,0.0,300.5526978012954,493626.82832038123,117.41244476239449,58669.609181316286,1.182824437287112,73.3639245047626,0.5114892250364512,0.0
1607,2139.3503206608984,0.1362688880538827,0.0,276.0689599604301,493963.769702474,117.23256927833188,58643.658032534804,1.1823812170396477,75.22264546719362,0.5110493005093815,0.6066781466772966
1608,2106.9156917501828,0.1452718173731703,0.0,285.89732174463774,494310.3230063559,117.16132004016872,58617.582404703644,1.1815684876465289,72.85948761142829,0.5110438439669979,0.0
1609,2114.8177847417546,0.14248832404443112,0.0,292.61809544512676,494663.0459687645,117.22549856552273,58591.418787886876,1.1807195466544904,71.18128246756172,0.5105185399552712,0.010280063617102542
1610,2135.0934504314637,0.13400823219162972,0.0,278.1002734234737,495001.34232852305,117.05120548478398,58565.31972763035,1.1836997401361296,75.88317051010475,0.5096611615631415,0.029657383033622864
1611,2074.834525948899,0.15357296873043802,0.0,281.85702720617365,495343.7658909133,117.13311921540445,58539.18460986745,1.1833845734207538,72.25764562284415,0.5098529800089113,0.0
1612,2097.023717928404,0.1447671844579589,0.0,295.0575318026501,495698.38770492515,117.1940385446072,58513.10032584084,1.1806291529445914,73.09817030528967,0.5092592015422046,0.0
1613,2110.95872769149,0.13843513950998843,0.0,287.69859063466316,496046.04222290224,117.08418394463017,58487.03036801387,1.1799432909770904,73.57537252565281,0.5088751696017991,0.6653607357243345
1614,2141.6497582177467,0.12789581501851954,0.0,281.0263757924365,496387.29793587676,116.88443899977634,58461.026566723194,1.1826811731230527,70.53356442450325,0.5086413171102263,0.0
1615,2143.823177027124,0.12461216971780398,0.0,207.05234532905075,496655.17222577723,116.67814402204294,58435.05266112953,1.135128630140339,74.00123184492631,0.5077526245758535,0.7837871406808574
1616,2144.4244632424306,0.1270655161564067,0.0,275.4095087748284,496991.6250177688,116.72676799059691,58408.9962608163,1.1641796908126627,70.59327706761867,0.5076694570583966,0.0
1617,2109.813301319896,0.13879773110284743,0.0,271.32059573025856,497323.926017146,116.61106941673633,58382.90077741513,1.1717475379185858,71.99325037142115,0.506842680678122,0.0
1618,2116.902405458141,0.13490814908524684,0.0,292.9988064623107,497677.2424979262,116.70552317854786,58356.92959498579,1.1724633197325964,71.00608174211607,0.506357075363338,0.0
1619,2150.43713878533,0.12132559645633878,0.0,273.06807387158995,498010.7213379973,116.57182444846548,58330.91896194779,1.1695909765594352,75.73345994866243,0.5017529004154542,0.0
1620,2129.241252827529,0.12180134386386621,0.0,251.22723445464044,498323.1979411584,116.5777076191356,59450.45507771076,1.1740050375287752,72.60286266319682,0.5062294835615792,0.0
1621,2163.9434992398196,0.10651329576107749,0.0,243.82658398347843,498627.2709105475,116.66809657985375,59423.90013881024,1.175611699771508,74.67596836642298,0.5058807062875729,0.0
1622,2122.023674814393,0.12192629891842999,4.3570253239405184e-08,222.60281476834342,498910.7400233306,116.61828108536315,59397.38322251099,1.1767200264565134,74.86683257922542,0.5059929592127016,1.7396506861892078
1623,2134.5390931220663,0.12497194301657844,0.0,250.8549435196075,499221.61224168545,116.57324539097421,59370.77038653326,1.1772559159761509,76.59542430250804,0.5061829079840333,0.0
1624,2115.466840013953,0.12874492486316103,0.0,261.04977104605126,499542.8575092242,116.64303993329878,59344.261762426926,1.176479962566011,73.9373185256838,0.5066905067776621,0.0
1625,2131.2853352465995,0.1268303769071758,0.0,259.910819881997,499862.8256854987,116.63759221163522,59317.714053637814,1.17296421829136,72.00191774683913,0.5066042427089876,0.0
1626,2104.8221542451056,0.1323088624575781,0.0,262.6694009958331,500185.7118548213,116.6520220764219,59291.18479764486,1.1744322342900722,73.56733998152905,0.5061085965074377,0.0
1627,2119.81663749811,0.12196314919938245,0.0,263.8376708861706,500509.2590094276,116.7313240888579,59264.68845883109,1.1733975020496954,74.86413887365178,0.5059728175554388,0.0
1628,2109.7949328986883,0.1251922543688967,0.0,253.235359104037,500822.50807376124,116.63429628378815,59238.20772036652,1.1733667039063407,72.0980132186908,0.5061213243886676,0.0
1629,2135.7444817891583,0.11479696880820733,0.0,261.12534599627884,501143.50656060036,116.84531970530509,59211.688182120015,1.176420921089533,74.27972008144661,0.5056709830794177,0.0
1630,2210.818821964586,0.09564350271595201,0.0,230.60780801433242,501434.54243713093,116.9366714061136,59185.238362884076,1.1737513948441423,78.0754630544486,0.5057100161788827,1.3169734696649869
1631,2185.65712167353,0.10790346055594768,1.305875326723008e-07,208.14191319472684,501704.7817506867,116.79728978966217,59158.85468694762,1.181032546618251,75.8436552706159,0.50659098870953,0.5580474724502267
1632,2137.125635063318,0.12086949782902767,1.296543781584862e-07,232.72801124015018,501999.0040695287,116.87825234263131,59132.49032629433,1.174310861248493,75.1170024902527,0.5069318257877045,0.0
1633,2131.471881413434,0.10824310346088706,0.0,239.20889541646005,502298.8341317397,116.892396251201,59110.83717102495,1.172125732882919,72.3447622551206,0.5070865652986548,0.0
1634,2133.1105180591285,0.12081712963819624,2.5244420781477513e-08,235.73059932172367,502594.99396127433,116.89115028177055,59088.986516828176,1.1725440088016426,73.17099851001475,0.5066408135833554,0.0
1635,2153.8663206244246,0.10921266332089807,0.0,239.03294626766655,502894.48237754754,116.90152587555833,59065.18468139596,1.172990832912754,73.57287985234044,0.5063943355105097,2.6948227641818505
1636,2138.7510377349245,0.12322353497432725,0.0,243.0836794622195,503198.29143237456,117.07990746693552,59038.814746231765,1.1683347027621727,74.70639283553723,0.5063120295205301,0.7518778963707291
1637,2176.191942189679,0.10677753546653135,0.0,241.74601483843242,503500.4919567297,116.96913788077408,59012.41372016602,1.1670810096099338,77.13530343982363,0.5064288093874719,0.0
1638,2165.321627487627,0.11340220950697111,0.0,225.6093754671685,503787.5703798067,117.26513515202315,58986.21973533657,1.1680673166882318,75.28325167101808,0.5070408283764984,0.0
1639,2145.7609459000937,0.12075907056191981,0.0,237.86625884987683,504086.7185908775,116.95326957509955,58746.515882816566,1.176123755790841,76.58609091667773,0.5072260716003337,0.0
1640,2164.3697369163956,0.1153067322076683,0.0,248.48440628021314,504396.1263901488,116.91854679698764,58720.33126502087,1.1674061907616298,75.79445848849838,0.5076682051612842,0.0
1641,2158.695386248374,0.1104572274820047,0.0,236.2173320822559,504693.6036224448,116.86506964715367,58694.21222738421,1.163657682874469,74.9202706043653,0.5079188696376812,1.748750268879263
1642,2150.4512419791754,0.12256736153366166,0.0,246.82230106289035,505001.6062421087,116.90734312666335,58668.10900893663,1.1682751226060433,75.49072040180039,0.5080126823100104,0.0
1643,2148.893380847935,0.12350112811218483,0.0,248.3053359124287,505310.8133718421,116.97429836390056,58641.9673689271,1.1733760927918027,75.50640498272912,0.5081810737981298,0.0
1644,2150.6731718209785,0.12685226337296518,0.0,256.35191099492215,505628.03429781547,116.91134883599003,58615.84212667534,1.1665738490165305,76.20434190045088,0.5083444190382916,0.0
1645,2119.056103555656,0.13603361047592288,0.0,239.14064387469,505927.8578572314,117.30753925116294,58589.732249488945,1.16085601144852,74.39042443634537,0.5086488587196628,0.0
1646,2139.533378142497,0.13009742306492822,0.0,274.2806537257631,506262.13093453716,117.02320119842946,58563.68032531075,1.160209102842012,74.50573734937328,0.5085501490131232,0.0
1647,2134.0872854403565,0.13105395093401695,0.0,282.23873564095516,506604.87970802933,117.24026012796936,58537.600299350095,1.165401456338612,74.68906733678719,0.5084811545476672,0.0
1648,2143.306787273453,0.12826992099056733,0.0,270.1238296391628,506935.62820972945,117.03076729627593,58511.5350043594,1.1645912230169209,74.83664320498727,0.5084549228566674,0.0
1649,2160.3553337609765,0.12171193562944349,0.0,252.56045153294707,507248.98713279807,116.58678521340681,58485.48443705584,1.165772049500655,74.8610083121308,0.5084616528293583,0.0
1650,2141.684358238357,0.1285588132724672,0.0,-244.63578009966386,507065.4217580767,116.76052470791424,58866.324222392366,1.1628254900195865,74.9007805527165,0.5084608616990571,0.0
1651,2179.1935371865916,0.11376360292420928,0.0,653.61477505992,507779.5904137903,116.68064267847346,58840.08050827261,1.1449600651495087,75.0515070352906,0.5084686967234009,0.0
1652,2198.421613092891,0.09997430940692464,0.0,330.69659327480394,508171.7569818409,116.57028601340848,58813.85326280336,1.1597917621483125,76.28789461388335,0.5085084485642525,0.0
1653,2186.124389502567,0.10251564541540759,0.0,228.06760657698163,508461.81424288306,116.52798807019596,58787.64132826596,1.1634967151357067,76.54390632020785,0.5088106601762189,0.0
1654,2180.187093727458,0.10603344046567353,0.0,224.40355006066915,508747.9728402011,116.59366285199162,58761.4447625576,1.1595451198939966,77.72574111924393,0.5091524540141157,0.042921652354181106
1655,2180.013764362887,0.10724837170813328,0.0,216.02907031578803,509025.5614458355,116.49430743089415,58735.26391249168,1.165221407928355,76.37239752201234,0.5097308475456784,0.0
1656,2142.30540108339,0.12674517649885686,0.0,234.64503681176734,509321.753704352,116.62218419049915,58648.722132967254,1.1643288018228,73.47140461826626,0.5099896932570577,0.0
1657,2135.850530588874,0.13641282438180824,0.0,256.7285529033284,509639.12699097244,116.52801331174359,58622.61070070684,1.1308890084700385,73.53386366216682,0.5096152025292511,0.0
1658,2127.6624892126033,0.14148395101211142,0.0,283.2626550972969,509982.6003035465,116.56331509653268,58596.51535364112,1.1585947353033204,74.42293020100502,0.5092730039523645,0.0
1659,2148.2094990727182,0.13275797665480837,0.0,285.31287032995573,510327.7669864592,116.70493936533516,58570.52150531253,1.1557484490021002,75.58862208917705,0.5091382345032357,0.0
1660,2116.827834678384,0.1428022647474284,0.0,281.7428971915479,510669.88660111115,116.99212185300553,58546.93871975818,1.157586999846153,73.51341308213168,0.5092595916637617,0.0
1661,2156.26200267334,0.12469480718586778,0.0,269.20988582273264,510998.871704982,116.53130656685423,58521.24005642447,1.1581329835648324,73.49469637160308,0.508931139939383,0.0
1662,2128.8385147707545,0.13738433636847147,0.0,271.067542830292,511330.87069126294,116.62628737734592,58496.03477811975,1.1535731857244529,72.38000538013542,0.5086153141416621,0.0
1663,2150.5662270980897,0.13018402973659127,0.0,259.33054610672684,511650.48074616917,116.526155587565,58470.05461487165,1.1628829594079597,74.47266848442565,0.5080771255010482,0.0
1664,2129.708035709213,0.1363654644238529,0.0,275.3579181195031,511986.67356949847,116.57750343421152,58444.047892878334,1.1603929584393373,74.49406892840139,0.5080136418314638,0.0
1665,2137.95046679156,0.13313601505592632,0.0,275.48723183166794,512322.57351270807,116.69389126238345,58418.05643145701,1.1576427272774665,74.44081322295042,0.5079580222387737,0.0
1666,2135.029409605544,0.13570853591122223,0.0,267.59144054912366,512650.7634206283,116.65908739702132,58392.11791105092,1.161058278671841,73.83008684005884,0.507893906947091,0.7452172866762226
1667,2116.828326904522,0.13995151139182183,0.0,279.366821514983,512990.58473027084,116.61360714600414,58366.15709922759,1.1555744544480726,73.6496880602015,0.5077206817096558,0.0
1668,2161.3494531023275,0.1171986642631635,0.0,265.60167865860757,513316.33165162185,116.5175411563351,58340.21378042731,1.1592798278535654,74.60849652865872,0.5075119553489946,1.0979370309238163
1669,2118.202464598502,0.13396379425237837,0.0,246.7380486339672,513624.3126810837,116.49601808397406,58314.32501147235,1.162142723276342,74.68077803101114,0.5075456365081694,0.0
1670,2113.7873498796653,0.13540828168092545,0.0,268.5999784322905,513952.85962543933,115.91490177791327,58288.45153048549,1.1593234119863374,73.50211354336977,0.5075663209655054,0.0
1671,2110.8423741099914,0.13547629890968282,0.0,270.49150669338553,514283.22901346325,115.90949474171104,58262.59243013487,1.1566764643060592,73.49816583879868,0.5073340172410138,0.0
1672,2123.969209319782,0.13204961142768346,0.0,265.27326629199126,514608.3367305485,115.966830221305,58236.74943916709,1.1637156627231968,74.77238084707315,0.5071126803886639,0.0
1673,2183.191502456425,0.11385672466536112,0.0,250.89972464766822,514919.3139795595,115.40755957477221,58210.882192896366,1.154759010171822,77.10623765954267,0.5071750785111808,0.0
1674,2157.667268808964,0.12507446576697256,0.0,233.90884815416717,515214.99597337673,115.63719964427004,58185.06952141847,1.1533167030342608,77.1858713877117,0.5077334949010064,0.0
1675,2154.955649514734,0.12936327216980992,0.0,257.8319097868868,515533.8633129278,115.70848151387112,58159.27203242425,1.1534992694205748,73.82576261861873,0.5082808779898231,0.0
1676,2157.473103952055,0.12956340490038531,0.0,258.7143621640069,515853.53514365526,115.49613247102326,58133.48874596894,1.1527502858075194,73.89228009916941,0.5080822328163205,0.0
1677,2129.6239404320745,0.13957866872950375,0.0,280.94416778879025,516195.3783696069,115.99794694332718,58107.721503879635,1.1530391997939056,74.09214826202503,0.5079079087903845,0.0
1678,2116.0666171301505,0.14902679138187913,0.0,282.01500416563164,516537.5620307186,115.64863312380929,57895.09246971357,1.1537005610728792,72.79574325615697,0.5077851981800651,0.3766434653681472
1679,2102.9662096579505,0.1500331138064016,0.0,291.50419774275116,516888.737652338,115.52669911438073,57812.522835838834,1.1526928011271707,73.31919616060802,0.5073882508852591,0.0
1680,2102.3065815325294,0.15430802955188117,0.0,-1127.18036403358,515820.83063193463,115.65168069834355,58881.97372583439,1.1531016968424268,73.41040367613766,0.5070891858685569,0.0
1681,2123.939268886975,0.12961690909275314,0.0,1390.7372685716905,517270.80763537984,115.2661289328085,58869.45354056489,1.1449595738083511,71.12579136724881,0.5068248033398973,0.0
1682,2155.3073786952637,0.10880728826162978,0.0,516.6253253485667,517848.07484379614,115.33852701323943,58851.593125897874,1.1244657272225982,77.55290801152222,0.4959465669576184,1.7379093590575678
1683,2201.080604720043,0.10343515316244489,0.0,293.38573081005745,518202.64844819,115.52646006321056,58831.15142057748,1.1502392300282271,81.5848255949525,0.4993274806717704,0.9814877397083137
1684,2223.581331673508,0.09556000209682969,0.0,217.87151690820195,518483.000901686,115.4527272154992,58809.082122394524,1.153442005525176,81.77379160624491,0.49975488740602547,1.0384838810900021
1685,2204.232793176745,0.10130129219177175,5.527331220737581e-08,216.2791318017902,518762.4069996234,115.21731018247777,58387.30826563907,1.1514954129449266,79.36310840140993,0.511114640998268,1.9509124089968566
1686,2190.3688164644736,0.10643127058097157,6.586860994641459e-08,217.4086030892305,519042.19933126145,115.13765857446255,58364.193468432364,1.1516465964984537,80.92523593520859,0.5119598676629896,0.0
1687,2220.837106248323,0.09666070885230049,5.4403816797410484e-09,207.07967415945672,519311.4210398989,115.10162287460378,58340.15313442795,1.149412803036684,86.10778744555205,0.51285681924939,0.0
1688,2242.280430363331,0.08639401082850984,1.424172449848348e-07,196.61488575840224,519570.58446540777,114.9940856283067,58316.60735075758,1.149111713427672,83.14058027899621,0.5029102118788945,0.0
1689,2229.1607444996557,0.09213003848469226,2.7823838819737843e-07,194.421290499463,519828.43700324156,115.00654317189964,58292.89932217447,1.1532510299284782,79.2572960600593,0.5023823237785957,0.0
1690,2212.7623996451457,0.09862922771548144,4.548746532754795e-07,204.7251306957766,520096.05898482644,115.27188794372977,58269.25253355151,1.1521585302102415,78.99513702713489,0.5076251338960882,1.1412531612036503
1691,2246.953469599137,0.08756370804260893,4.51644918724734e-07,191.729350881232,520350.13124601165,115.32330765126079,58244.3008529025,1.1492156918082437,83.47780165576589,0.5193223956163125,0.0
1692,2237.817831417754,0.09155410397135855,6.570706764757318e-07,195.87868633759848,520609.26586108806,115.29372528901655,58220.2663267789,1.1524930631686081,77.77700654128718,0.520582369959225,0.0
1693,2195.286400650813,0.11198634815766206,7.013161695354734e-07,214.95413808662443,520887.2110614106,115.46556031456902,58194.63094951821,1.1486572810531495,77.59061059195639,0.5205596142110743,0.0
1694,2185.4304083017273,0.11615725459828208,6.617397040496929e-07,228.70139951089914,521177.42108340544,115.55672930807229,58168.85513229155,1.148339940760568,77.41082870378123,0.5204979729741115,0.0
1695,2181.722608032391,0.1183301732345956,4.4576861731242547e-07,241.6500106648104,521480.24620321265,115.6937934434709,58143.09931089499,1.1495498066337062,77.2902563411517,0.5204008228025704,0.0
1696,2179.3108417821127,0.10845251120252941,3.515085550828603e-07,228.2212585347312,521769.5543978377,115.4904301629171,58117.354647616005,1.147436917215695,77.2393622065573,0.5202826175279651,0.0
1697,2176.253661143173,0.11990109997038323,2.2164423047963342e-07,137.99131042659047,521968.5814691511,115.21327024679081,58091.62530766102,1.149490466867113,76.12615496657138,0.5201593213020862,0.0
1698,2249.0873230332672,0.08738914284183774,1.292920470697597e-07,280.73937919724216,522310.29332452564,115.05054803789227,58067.991763583734,1.1294579268910891,77.5212444154014,0.5197915596333926,0.0
1699,2191.1857410919097,0.1143755873753306,1.8854821588181767e-07,240.8305169374471,522614.2474443943,115.11100253351977,58042.27815170554,1.135146187286475,76.4812926569366,0.5197405022825893,0.0
1700,2237.8270923689142,0.09542170803169969,0.0,227.57108650451886,522903.1641666993,114.98757729891136,58016.57986609425,1.1370408988653204,81.10578322876555,0.5194694855917888,0.06502645315256927
1701,2210.428270931717,0.10650055217307253,4.723839377557606e-09,212.1864400657463,523177.97173802054,115.04297861565097,57990.8955187803,1.143951798172262,76.54379658512704,0.5202024496595306,0.0
1702,2197.916872307723,0.11438801922736896,4.296956687867678e-08,227.21936031692655,523467.18412490335,115.07893888301786,57965.22739716974,1.143938197186842,76.25677282055051,0.5199211929405484,0.0
1703,2184.8804770427714,0.11820242863875985,0.0,242.43331956680038,523771.1003224216,115.3714429049523,57939.5751982809,1.1493402452222057,76.14657573781831,0.5195925830517388,0.0
1704,2250.5631964445342,0.09044706128077284,0.0,221.54146755134826,524053.7365587639,115.1865802178119,57913.937872071045,1.1438738809619255,77.29911750431202,0.5192568263472576,0.0
1705,2184.4412813125778,0.11942342494238356,6.293816167842185e-08,209.37662017761517,524326.1644284758,115.31051285150053,57888.31371144351,1.1439283616198668,77.37761150305295,0.5191843091143037,0.0
1706,2221.989607971478,0.10608021467832085,0.0,232.95705055232378,524620.1842830812,115.15171166889894,57862.70584654971,1.1430984240367024,77.25811651617798,0.5191320924750215,0.0
1707,2182.2277949189233,0.12141405975679498,0.0,231.2102778638348,524913.514397352,115.3073452840811,57837.11303713689,1.141222227275347,77.19505393777052,0.5190568174061396,0.0
1708,2180.3979198271936,0.12235292735149883,0.0,243.2695924023775,525217.7597841662,115.27924480605668,57811.06457684322,1.1407459252044034,77.17820338649891,0.5189717156471758,0.0
1709,2260.388003089372,0.08508810540595213,0.0,231.8927962819522,525510.6030174962,115.26652580446684,57785.500763548815,1.1435988579308993,77.18351024536699,0.5188871665776567,0.0
1710,2187.25892553173,0.12024069103481749,2.824627480331266e-07,-2888.8609199956354,522685.1531525879,115.13743119145218,59475.17249572074,1.138444356426098,77.17752406854369,0.5188078825519138,0.0
1711,2176.2739008309495,0.12505765465102736,2.5909467057293068e-08,2618.811653681648,525365.0653636055,114.64022092578645,59448.69644455269,1.1416503884287006,75.96777557024004,0.5187311853395093,0.0
1712,2220.3732614220407,0.09862371267348569,0.0,793.979946832876,526219.7950416245,114.91236086514272,59422.235471243774,1.157111498111939,83.74501440530352,0.5171000437747139,0.8455747820516137
1713,2237.7629742199283,0.08865327261916411,0.0,346.13405425053224,526628.0368590767,115.10250174135348,59395.790403058556,1.1443434016954703,84.91189956298146,0.5100435159685796,2.2807835633606715
1714,2247.8449503391516,0.08061143809573212,5.167711760454568e-08,213.41321671982257,526904.1296798585,114.94403070661734,59125.39239535237,1.1470467270564046,84.97188263334073,0.5103935099874776,0.7242656681269182
1715,2258.873124685074,0.0721415123402468,3.704613707452559e-07,180.47412843137084,527147.7023052182,115.01350307601017,59099.12326827945,1.1488240174696707,84.335252321557,0.5153665439605121,0.0
1716,2281.9181222053166,0.06295633375670584,6.000742008084727e-07,148.6579296013001,527359.8847875774,114.84062248691407,59072.867261549785,1.1438626614869911,87.92944839280187,0.5205125970543998,1.1430038908475524
1717,2282.781412593037,0.06512645490811042,1.1031342864756068e-06,136.47589964126695,527560.553780427,114.76896740432377,59046.62692932407,1.1422023399691372,87.67246413907975,0.5224738360430554,1.4196454200298945
1718,2284.4723095426807,0.060217307556180044,1.405692654917577e-06,146.81634109392007,527771.4933401289,114.86064218663847,59020.403353275724,1.142515769716421,83.53058721593541,0.5206177700423166,0.32942789093564784
1719,2296.604227267703,0.05523740487385542,1.9420167429214433e-06,121.33083210902322,527957.0370981472,115.13037597431192,58994.19585951027,1.1440765339285188,82.78586206085639,0.5251083876142875,0.0
1720,2295.0365787430205,0.055489547608224554,2.3435792283991367e-06,128.38958488026242,528150.0061343036,115.46376125082752,58968.00391860457,1.1515909014837866,82.36496570162862,0.5247384161883494,0.0
1721,2292.5413687991622,0.05790660698755401,2.928832045621677e-06,130.36948409049643,528344.785468464,115.47990539267963,58941.827063361554,1.1477855238040418,81.68545485116292,0.5269024509092706,0.0
1722,2300.414535414038,0.05717224683949351,3.249537722374096e-06,130.0301136648249,528539.1982708185,115.67862547940793,58915.665072728996,1.1431057706910839,81.31821436270153,0.527888245136342,0.0
1723,2293.3620655577893,0.06270443932325342,3.802623632759633e-06,120.4869570366065,528724.1351517142,115.441981782748,58889.51824824388,1.1339131876716273,83.73523666013355,0.533161053370704,0.0
1724,2291.877641441619,0.06530693945332633,4.0155175434545015e-06,143.18026736444995,528931.5205764816,115.41435941740482,58863.386776524356,1.1462975161563411,80.2699467357776,0.5337478743997329,0.0
1725,2292.9003662519563,0.06818803368828952,4.474116809201484e-06,136.3494328260702,529131.9323898581,115.11462010470386,58837.9457264404,1.1460779970624035,79.10779686599537,0.5335636837644373,0.0
1726,2276.4803577971297,0.0757383323413956,4.925711781110473e-06,151.12483276695207,529347.1484266424,115.24040158874989,58811.843672897114,1.14710827100185,79.45523595035593,0.5331398503384013,0.0
1727,2264.67006529136,0.08171696364133729,5.3496999047921845e-06,166.4386501846567,529577.4694870458,115.2292332023155,58785.757303147795,1.1467713962213621,78.42375938306668,0.5328112696302383,0.0
1728,2262.1720677352887,0.08456709484436853,5.388235397191894e-06,180.99773231552842,529822.1011324374,115.2020966861508,58759.68602293901,1.1492549125390288,79.20343580445392,0.5322782861911561,0.0
1729,2254.3632556364637,0.08734263594867786,5.713290199007355e-06,176.85154579483572,530062.4670554672,115.93136732671854,58733.630215046636,1.1448039553228517,78.88775847166977,0.5319385062391836,0.0
1730,2247.7056279983244,0.09203587453838613,5.6891598804730965e-06,196.37384107728406,530322.168743252,116.0792356063484,58707.58957132009,1.145727221212133,77.82499216525747,0.5315479720098927,0.0
1731,2245.63393407016,0.08852440055107824,5.824028836428552e-06,189.68901040226757,530575.1459453031,116.22700645219525,58692.13303489729,1.1444653406420187,77.83120886378873,0.5309494971826257,0.0
1732,2255.8410447989363,0.08786295997030824,6.010425314514281e-06,187.65404192853612,530826.1798369903,116.08422663188706,58674.002307199495,1.1440448897226199,77.60709466618817,0.5303821651266845,0.0
1733,2237.0040263210276,0.094512540658797,6.208743554707129e-06,193.4288778878137,531083.2807562205,116.20824395118821,58656.53070831726,1.148775037159359,77.501316801608,0.5297951655754174,0.0
1734,2245.519466939057,0.09454373669525618,6.354379953868989e-06,193.61931699453595,531339.9632036727,116.2118244039895,58637.346633074776,1.1406991069914296,78.28554752576818,0.5292148076930017,0.0
1735,2242.2205593961535,0.09693863393509705,6.5168429616814595e-06,202.59320797220255,531605.8531762973,116.08011658239168,58616.95483110924,1.1484033322576241,78.00313163388702,0.5288435589320347,0.0
1736,2226.6949037403197,0.10263939034649883,6.3708332338670075e-06,208.7048344848675,531877.7060987429,116.30867072970351,58595.46492089207,1.1494397595985486,77.85956339293539,0.5284303249219262,0.012415434645134837
1737,2220.077904685192,0.10765154144195899,6.470644144209091e-06,218.92595111686927,532159.3084354998,116.28561811443774,58570.89545194414,1.146023326257941,77.67480623823818,0.528007224972162,0.0
1738,2217.0902560022323,0.10936671888814409,6.229279337533948e-06,228.04846209941866,532449.8137044567,116.393083276382,58545.63409118922,1.1484980626576105,77.72430628189663,0.5275653521963616,0.0
1739,2213.1265239212967,0.1112175524134692,6.280478127264889e-06,213.0938206065572,532725.2334118612,116.16389939769786,58365.00305292166,1.1521625141719025,77.54113320965116,0.5271560591706325,0.0
1740,2211.113080335643,0.1128923231002017,6.018198925033171e-06,-192.87048792606845,532594.8367139644,115.9960737448543,59442.07012520169,1.1535090510150336,76.36703091440815,0.5267154851116875,0.9778566513698763
1741,2185.5927982392095,0.12202753332853822,6.145041099227753e-06,560.8579840090154,533218.7478019368,115.848549528549,59416.54203079027,1.1457106162070283,76.3827601502721,0.5260696284342393,0.0
1742,2238.4964933281162,0.09993100586095827,5.911619206347554e-06,326.6413098599843,533608.2568563067,116.01178465578016,59389.41305326742,1.1559490640441124,77.3208394835536,0.5254355329942514,0.0
1743,2240.9333011575945,0.09684924890040436,6.228390500743654e-06,226.71320065121228,533898.9802917031,115.65523231318443,59362.959546790196,1.1632204734671876,78.64635009010556,0.5250337652679163,0.0
1744,2237.8113942447026,0.09834044435659439,6.264663708734813e-06,223.3259778139082,534186.2453384236,115.9262464729207,59336.47246082898,1.1614440893152997,78.54767341200653,0.5249354681861179,0.0
1745,2234.8416242214466,0.0998325291177482,6.599778396049737e-06,209.80078721791278,534459.8255051011,115.8088340237558,59310.60172227345,1.1590048288585282,78.4625098482037,0.524820803114787,0.0
1746,2263.968246413535,0.0922953135871849,6.60285367623409e-06,211.7858476998719,534735.3331359904,115.82156938098368,59284.18444619186,1.1653992344869708,78.53458974053079,0.5246934879064845,0.0
1747,2245.5393595726914,0.09824960446438757,7.004428271110664e-06,203.87464095218058,535003.6240438116,115.90083754586038,59259.24837040811,1.1619504733854973,78.41658528561486,0.5245877879061298,0.0
1748,2228.3213925881364,0.10636197480887821,6.995053351239411e-06,223.31162898831485,535290.9735047483,115.98294469730048,59233.26991774527,1.1606445198997433,78.47393156510789,0.5244619694541183,0.0
1749,2224.8622988492643,0.10860931469304946,7.260104762292125e-06,222.24927774278,535576.628267173,115.78015733838751,59207.06780509466,1.1628041698788416,78.32344892680804,0.5243545463375308,0.0
1750,2224.819300633556,0.10807209933030582,7.154711109729449e-06,230.12498334590697,535870.026412395,116.17040816260912,59110.508392088035,1.1575926031029666,78.26713137042489,0.5242201528164336,0.0
1751,2223.347815182032,0.10848036142541351,7.399586715748853e-06,216.6069402491969,536149.8703163492,115.95105474163732,59085.48068979057,1.1588945602755798,78.16158932283403,0.5240802878778114,0.0
1752,2219.9158616321656,0.11027009148201417,7.641222100333722e-06,228.42767831873755,536441.5334019705,115.93902597780621,59060.88934564082,1.1599068643530417,77.04801979736601,0.5239247049386836,0.0
1753,2222.4120341376847,0.10939727614320871,7.531116782857514e-06,251.65846248001253,536756.3735344036,116.3369011294176,59037.01108343581,1.161038691930981,76.86006185013008,0.5235386479880688,0.0
1754,2241.9571167887166,0.1056322728823208,7.763867789790203e-06,214.61995002108353,537034.274834051,116.18914360845936,59010.75395188061,1.1307438329414323,77.63327694921864,0.5231316735640599,0.23117841019794128
1755,2229.236056843359,0.10981104880557202,7.610508203658045e-06,235.83140120591491,537333.6514846757,116.30529266795988,58984.930849651806,1.1577918935087481,77.9489637402326,0.5229160128709962,0.0
1756,2245.242257370332,0.10508667441227548,7.775161114415279e-06,238.40176457705599,537635.1416966242,116.13104349688231,58958.704206384275,1.1535213044114465,78.03004787391902,0.5227729018082672,0.0
1757,2247.194306646906,0.10448423534934415,7.64957932717184e-06,219.82682839804664,537918.5453947599,115.95096861437696,58932.492142928735,1.1538800420672077,77.93160212386714,0.5226541735595835,0.0
1758,2222.358249327787,0.11170922610406386,7.84113800962758e-06,224.1993423977632,538206.3157379327,115.75136760770663,58907.52033879606,1.157058416100859,77.7721632517872,0.5225202119699593,0.0
1759,2220.3967273493754,0.113120174954641,7.644836110543316e-06,242.2406249795074,538511.4437182004,115.81564186761845,58880.912938487076,1.1547664820312102,77.81914736940914,0.5223587458024621,0.0
1760,2218.3370652524713,0.11382953539536067,7.715753047719544e-06,244.31101828633092,538818.443728717,115.86682199119632,58854.75877833962,1.1583664472405706,77.82200523508274,0.5222153061287211,0.0
1761,2220.2644865960433,0.11382121585174187,7.498793584925186e-06,234.6686983060825,539115.7299988479,115.6485597794941,58828.60765295029,1.151991962344805,77.84610404454565,0.5220795518437047,0.0
1762,2216.302272343519,0.1143759266111799,7.518878554657392e-06,238.58171648724772,539416.9533505964,115.72616443901015,58803.412789651826,1.151472574125554,77.63695538315068,0.5219556408557348,0.0
1763,2215.17922495258,0.11522812467248522,7.29775261466149e-06,242.58787834235835,539722.1795094166,116.09324511775502,58777.233028831826,1.1573949329576159,77.70396860600313,0.5217931024931833,0.0
1764,2229.5958872359834,0.11169369987230116,7.27020722943706e-06,233.51017620258062,540018.1706332704,116.00277475866505,58756.84434073072,1.1523484035629088,76.74834458256112,0.5216529412188268,0.0
1765,2212.487857153973,0.11561101993719203,7.077182616218271e-06,238.40119547320296,540319.5466012182,116.09398411880979,58736.52586120158,1.1550919022240091,76.88036610522957,0.5213153558950322,0.0
1766,2211.5015215044277,0.11561690153435322,7.0272632462663905e-06,236.83274662228627,542879.8708210484,115.68648062514478,58362.72360479438,1.1551358482046903,76.81686400893682,0.5210228843474625,0.0
1767,2244.3820415939094,0.08913273415941048,6.790720779143344e-06,222.91659667383402,543165.2782398214,115.50231657872278,58394.66471738412,1.1533174827164263,77.90100097619776,0.520718974919141,0.0
1768,2240.2972202205788,0.09539532618887703,7.020386873157738e-06,198.05494549323032,543428.4791636774,115.52371803067412,58400.63857716936,1.1535687249828577,77.85736415385247,0.5206620908209939,0.0
1769,2241.475606163494,0.10208013740325272,6.9992662589001955e-06,203.12811589867238,543695.1899297648,115.6561515882677,58154.51386749551,1.1579141397577828,77.78632386560957,0.5205986216789861,0.0
1770,2224.8159146487706,0.10872739057927572,7.082873558817481e-06,-393.9542457113407,543364.8433933995,115.17762453461175,58797.86965505486,1.1485915930035837,77.56341678296924,0.5204856200876482,0.0
1771,2224.5448231201217,0.10981154893024969,6.914872737260022e-06,701.881650340327,544129.9907572547,115.24070281574994,58786.924772744176,1.14804438279086,77.53189837525306,0.520318058856475,0.0
1772,2255.542293287561,0.08914652314444771,6.732283701731478e-06,330.75549336529997,544523.8205164559,115.22157508889369,58767.01195827512,1.1549034901390716,78.97116016854486,0.5201520918643908,0.0
1773,2273.832857834142,0.0857452777026183,6.778337805304406e-06,223.74386215430758,544811.542698709,115.46946879118691,58746.871528147305,1.1528736594557705,79.90583887617535,0.5193276356689068,1.1336612368069439
1774,2268.5061133779614,0.08613278158145843,7.04085355294596e-06,186.0182114807535,545062.0650373123,115.48507745879364,58725.40786312773,1.1528882625782348,79.58569150965351,0.5178724076291535,0.798357021635411
1775,2247.225607058471,0.10258468780713148,7.1428673698597515e-06,199.3767884198822,545325.8016323578,115.55850400692614,58710.68171219173,1.1573958950821817,76.55758132989342,0.5211351181710647,0.0
1776,2248.6230681922357,0.10177941430965787,7.227180448494351e-06,202.72631302727365,545592.2226235729,115.35529091989014,58689.65494674353,1.1573593535451954,76.39184629837763,0.5207190693583543,0.0
1777,2196.096512627716,0.13069461964145412,7.160152956585379e-06,231.333055690226,545887.2890165905,115.61373186024831,58668.45120065554,1.1628844726549068,76.29614251930862,0.5202884359035661,0.0
1778,2190.241275801769,0.13251421602111924,6.947733733495253e-06,246.52285855137626,546196.1305381028,115.65554665119797,58650.94511076859,1.1507686221717233,76.30251720023676,0.5198589374284649,0.0
1779,2192.591099772582,0.13267781342757046,6.529059216604161e-06,288.99300392265343,546547.2117276768,115.96661305737692,58629.99501881465,1.1536619187337334,76.18460751825955,0.5194523538421322,0.0
1780,2236.2353619637656,0.10947682681148396,6.280176400308259e-06,264.19291032479595,546873.5679865316,115.39618769720548,58609.7464661519,1.1515910350534369,75.22743453676662,0.5190409620812653,0.0
1781,2221.7942676860825,0.11845839309803452,6.107719049300284e-06,251.11846250132834,547188.0857533043,115.49202673995937,58585.00135323167,1.1543766213533064,75.39307557868221,0.5184455487698897,0.0
1782,2243.758777743475,0.1053085761204604,5.8381219153442546e-06,239.82321130766178,547490.8830574044,115.26270294605132,58562.018670969985,1.1509575567315498,76.32238080689265,0.5172037698129588,0.0
1783,2204.4939620279188,0.12781358199423576,5.74996885523526e-06,241.98035979294212,547796.5370721635,115.39136937752198,58536.206228400835,1.1571457528871043,76.06402023190269,0.5176464207800545,0.0
1784,2188.4512677311436,0.1325450976710384,5.39217047957645e-06,265.3549494250923,548124.4057046836,115.43337062494207,58514.68011651898,1.157292222846823,75.8384305355449,0.5173000331322226,0.0
1785,2190.6808425620175,0.13141308071214075,4.987587218685211e-06,274.2162267797921,548460.6535505664,115.44872322063993,58490.11474605839,1.1540043622890865,75.73113036244936,0.5169228216917197,0.0
1786,2187.0746612841617,0.1320068814280927,4.598587222313963e-06,265.1327657296472,548787.9428018378,115.23302990591867,58467.38001313537,1.1587395555279072,75.72165855415884,0.5165416427807105,0.0
1787,2184.588582076795,0.1324001174409808,4.2066837976847206e-06,276.94317213268454,549126.9376625613,115.32992569729512,58448.85140498675,1.1561447925332682,75.72850002053514,0.5161776235030169,0.0
1788,2183.4526104570514,0.1322483622029187,3.8147803791137315e-06,272.95064738539793,549461.9073992862,115.28821361317452,58423.99775817665,1.1614491133353915,75.85143513529317,0.5158333946389911,0.0
1789,2183.3845597653885,0.132101917130363,3.4264035327589293e-06,266.3270362833539,549790.2289161799,115.45566373656122,58400.444850337466,1.160727528257329,74.605820984113,0.5155327905182119,0.0
1790,2224.360116132505,0.1122994144292091,3.0690929334873028e-06,259.1654371628147,550111.7530038239,115.14764378481232,58376.17415807956,1.1537709957166535,75.75750838057601,0.5149809733017187,0.0
1791,2197.3249019214186,0.1280790244336497,2.9248835722407635e-06,245.62263939054986,550420.8476054944,115.27186955111532,58351.67290876697,1.0787219710187073,75.68085191806792,0.514703247685324,0.0
1792,2212.3087641285097,0.12103766178241715,2.330196200632837e-06,267.16145766968106,550750.7231684006,115.31525245014026,58332.72590964079,1.1556636691541582,75.02508243739194,0.514423137370057,0.0
1793,2226.0522640434137,0.11249092606911915,1.8147514940512717e-06,241.14913501834354,551054.924309534,115.05595041799641,58307.5526680281,1.158439039306943,75.61543417711131,0.5140169332184346,0.0
1794,2189.2862784876434,0.1326499147620046,1.3946702827679924e-06,259.87157142586005,551378.1598306774,115.31922633496072,58282.87912016615,1.1529756369133988,75.55881369853607,0.5137574656145705,0.0
1795,2225.09853005948,0.11250754282269293,7.628042678259112e-07,259.00705504654957,551699.6010313588,115.23666612956679,58258.2460381158,1.1475940012116872,75.47789508525284,0.5134989963700869,0.0
1796,2236.846505301207,0.10208182838651869,3.497092122645824e-07,229.24125973852205,551992.2214060278,115.06155548204573,58238.79291410139,1.1496567616128548,75.45267892361,0.5132362845190873,0.0
1797,2214.231483775161,0.11822631655173299,4.2356964086357936e-08,233.58425024929625,552289.4517138568,115.2367259563004,58216.47966448191,1.1494865129058078,74.3166317360439,0.5129814603666448,0.8771996078412485
1798,2229.0769599856944,0.11091661452759749,0.0,242.74591799228904,552595.2232801904,115.3013590493276,58196.019060252605,1.146899215071173,73.98309703631531,0.5125179764392427,0.0
1799,2201.579854041143,0.1269385195623074,0.0,239.8023978963546,552898.5209501776,115.09159469967256,58171.24116520928,1.1480846207910396,74.89103464869487,0.5119851344702628,0.0
1800,2170.8026095240384,0.1420225537453783,0.0,267.3280481577404,553228.5039852044,115.15234497024422,58150.26245383526,1.1532256693231988,74.07406490509756,0.5116608917776606,0.0
1801,2153.741328386887,0.14646844932355452,0.0,296.8590686958541,553587.15944879,115.45731864196871,58124.47130199707,1.1519605859729458,73.99569634923719,0.5111783653087151,0.0
1802,2210.907030871553,0.1194184202408658,0.0,280.54154111753894,553929.1574134479,115.34861292720353,58098.674188361816,1.149190354554858,74.20029053614871,0.5107159574971993,0.722341216665427
1803,2208.106356907834,0.12071738089948525,0.0,259.9519881303171,554252.0007560746,115.49668984694283,58074.2333796791,1.1470883378428047,73.99883238066585,0.5103383030139736,1.0246611414181928
1804,2224.1512048341856,0.10923550003526394,0.0,244.86319887212824,554559.659618966,115.76298588959726,58048.46183440147,1.149555125581234,75.13960618024308,0.5099440113246975,0.0
1805,2198.8765761135082,0.12602317693154785,0.0,231.6746046105951,554854.5759070396,115.63995994820915,58024.45835856323,1.15125655309517,75.129718471303,0.5097885781999578,0.0
1806,2187.676243958849,0.13307908339133956,0.0,262.630799363516,555179.7164977231,115.56627311084061,58001.05814372374,1.1478679236779532,74.16694352942675,0.5096389709622351,1.0587832262183667
1807,2152.5346366080385,0.14688788800299613,0.0,276.0597113875109,555517.9641157225,115.64089095576185,57976.170471346144,1.1524291922824463,75.4019051012897,0.5093169435665448,0.0
1808,2153.09720071802,0.14558200370553276,0.0,296.0030272273714,555875.1718640111,115.58019917062002,57951.20511346173,1.1555962257600334,75.41720239528937,0.5092494497957614,0.0
1809,2156.7294013882506,0.1432962452953389,0.0,294.139798444754,556230.5742564329,115.47106205939949,57926.77890747508,1.1522351361533876,75.49339324810805,0.5092012178709432,0.0
1810,2162.8296071017876,0.13980438874941292,0.0,296.4404160573026,556588.4267628884,115.69532409812265,57901.20091974699,1.1501832843959237,75.62511579153016,0.5091718247810308,0.0
1811,2203.70506751019,0.12066262448071619,0.0,272.1379921203111,556922.1858565464,115.4491730649856,57875.527013662155,1.1480380673884054,75.69914853566785,0.5091721956460901,0.0
1812,2164.977475473616,0.13883938716417155,0.0,269.2679638944755,557254.1932583458,115.72758124288373,57852.54610935738,1.1524099328909212,75.80718894754726,0.5091884933991213,0.0
1813,2167.100765020214,0.13755695649506372,0.0,280.2147066507795,557596.0640197705,115.71519206236965,57827.47734071922,1.1493765567435033,76.1608917986375,0.5092271864308419,0.02708833525687737
1814,2165.8433292721875,0.1379056966329334,0.0,274.97115083874735,557932.7932768689,115.5457550217541,57801.747498781595,1.1484950970705323,75.72874030636692,0.509340336163827,0.0
1815,2165.1469958344555,0.1387765053566845,0.0,290.03970472565146,558284.5209250643,115.54559497678922,57777.61446770957,1.150909978093931,74.70990960441856,0.5093548198081328,0.9865754372168283
1816,2194.6321259577117,0.12711172184115993,0.0,269.29488173823995,558615.4815386764,115.35513782109166,57751.927563327816,1.1468958877419846,76.22088573323674,0.5091748667242286,0.0
1817,2169.037185604189,0.13663972176568395,0.0,218.38309807021267,558896.3402010542,115.41222910846389,57728.37167535386,1.1092036843746396,75.11955626232228,0.5093030720785066,0.9776915122224636
1818,2180.8252243780667,0.13183490942429377,0.0,311.9784185553545,559270.0474316654,114.78921491435996,57707.74958258922,1.141239324765775,75.75769657081904,0.5092132503501453,0.9891225668684456
1819,2199.9226747639914,0.12579818560892753,0.0,268.2106255339084,559600.255609753,114.42377494252746,57685.45267896967,1.1295539019615402,75.71142326771633,0.5092647240854424,1.0005245673460479
1820,2178.9135310049355,0.13204645266337744,0.0,281.1539908945618,559943.9545583265,114.62581454289764,57665.87048753109,1.1401217673585102,75.82251485293612,0.5093040150876322,0.9965184381491667
1821,2178.259658918096,0.1315904097767937,0.0,267.33281126484576,560273.1868212986,114.6277821668362,57643.27024910287,1.144574398160023,75.8706009512248,0.5093650103905332,1.0017918861845203
1822,2172.9686124312425,0.13270392474314996,0.0,270.5028027118671,560605.5581313479,114.51023372475943,57619.50122876939,1.142982049424032,75.67363369894059,0.5094333681326972,1.0391276081389833
1823,2202.137939856788,0.12218710408055944,0.0,265.55752039631807,560932.931085355,114.54063614862943,57593.98932326861,1.1472030232933952,76.71412257211634,0.5094570955436885,0.0
1824,2201.375304102978,0.12247892418281625,0.0,255.841125329151,561251.525693587,114.43013286932529,57569.016483377905,1.1426812943158922,76.67178878377027,0.5096768141014205,0.2288999941533234
1825,2180.0551677580925,0.12989611264148948,0.0,258.7836292169891,561573.0375098725,114.46612523336788,57544.08230416789,1.140519741377335,76.71680644883033,0.5098820838734233,0.22787948669409275
1826,2175.044394031074,0.13104841796234656,0.0,269.3803699528838,561904.3208130894,114.34633795103514,57519.2126739237,1.1388021777139843,75.90711309672108,0.5100866848800001,0.0
1827,2171.9809148267996,0.13146986243282666,0.0,269.18961727666874,562235.3377326935,114.32962734298819,57493.68741914711,1.1409780990488188,75.24064262485155,0.5101023494084973,0.22637533053926973
1828,2181.461343154738,0.12811076375655306,0.0,266.5185927694529,562563.6188699807,114.31778712415598,57468.157305807166,1.144579314089737,76.86608857305686,0.5099803186675783,0.0
1829,2182.014136677149,0.12766983421859912,0.0,263.02233492516564,562888.5941468728,114.33154534216618,57215.33343349633,1.1454449740464316,76.83403230168278,0.5102065765224673,0.2243604335725422
1830,2174.173657895267,0.13020832000982419,0.0,-149.29539567648112,562801.2718370289,114.27027530380258,58196.680797073124,1.145190941891313,74.76649849594293,0.5103827095270018,1.2263648118177457
1831,2174.5137601692177,0.1307155625681572,0.0,586.3113099734927,563449.3436785965,114.02866059025283,58170.63078171213,1.1432724725086194,75.93401919507133,0.5101323398142139,0.0
1832,2199.0714927879935,0.11509895502468659,0.0,-2212.4131226757568,561298.8816571571,114.16749502763355,57916.88920744473,1.1418364996680281,77.02193149612282,0.5101143488994992,0.0
1833,2199.643728890182,0.11383073770776764,0.0,2213.695758310968,563575.0137503676,113.79115054506762,57890.99450227331,1.1554993468747412,76.33450939237,0.5103175164953568,1.0414513468318205
1834,2289.927627556581,0.06424313291146488,0.0,676.0771280426766,564313.6117344067,113.93436110143172,57842.40372886444,1.1585151848219541,87.43763044547275,0.5103889162912952,0.0
1835,2268.557394412643,0.06892124386451803,1.5617890425380766e-07,260.69394263252815,564639.6378693577,113.89971872381125,57816.623172535066,1.1437110439919644,83.61195962562195,0.510983737117019,0.0
1836,2273.9348454958126,0.0672398719185674,2.624365497621975e-07,164.13928338312843,564868.7374018703,113.96215957909719,57790.748861301116,1.1505496094771395,84.17568103736332,0.5133729609875832,0.0
1837,2269.638473285842,0.0705052609450294,4.135834796240664e-07,159.46203118673276,565093.2974525945,114.02825719816131,57764.818735966546,1.1485529407411579,80.46870252852759,0.5136617634241536,0.218074919001765
1838,2241.2048952288087,0.09443820694745986,5.33877514687562e-07,172.3381865209651,565330.7543441147,114.27423261225998,57738.942587290556,1.1485511631660281,80.97410285584036,0.514428689163404,0.0
1839,2244.5145667386187,0.10081978886403742,3.7799791334641643e-07,201.04030118086126,565596.2310362345,114.22734267094386,57713.07664729992,1.147304471695147,80.34954257029872,0.5160629531501786,0.0
1840,2260.7993289174024,0.09134334606696526,1.5382689649453954e-07,199.75595283018095,565860.2527370219,114.03225861294432,57687.18429733622,1.1568209366368034,87.24359704134486,0.5179932533168572,0.0
1841,2253.9889203285916,0.09443600040167965,8.844254703074701e-08,203.16770676463364,566128.523530012,113.93042363934114,57661.51707310256,1.1525924039602513,82.36394313845096,0.516103425461092,0.3859380445278191
1842,2243.2492732511128,0.10024530033848278,0.0,222.75808493920533,566416.2298688317,114.22781690642095,57635.945966576895,1.1558729015409526,79.32860688919851,0.5199502750774454,0.027165488701768936
1843,2256.6923172847482,0.09557736768075142,0.0,206.95431098331574,566687.662873805,114.09866173577991,57610.32989772713,1.1521686450679967,85.89898288002681,0.521036500491573,0.0
1844,2271.699285703927,0.09342184503478346,0.0,180.6162871018729,566933.1824088793,113.83556935764317,57566.44467402717,1.096895951258382,81.95518245755791,0.518717601460322,0.0
1845,2268.090738450773,0.08841031498489116,0.0,216.25048220738222,567214.6484541347,114.22871902078927,57541.00959994699,1.1486703357957282,80.07570311176366,0.5237624646304768,0.0
1846,2272.485992979665,0.09431681940562764,0.0,209.29524010511858,567488.5980393272,114.35106595601621,57515.65322479426,1.1414898379801122,78.68921275013676,0.5239301078515827,0.0
1847,2253.509894190405,0.10157764194952379,0.0,202.7321584879657,567755.8926751941,114.1797273902355,57490.04341341552,1.1476647805849913,78.43135781824796,0.5237926292483128,0.0
1848,2272.112714594167,0.0978843046963993,0.0,210.16880141321462,568030.2042575516,113.97189003731906,57464.47218182926,1.146496871158115,81.24266777313102,0.523606757351693,0.0
1849,2256.30068908725,0.10362000394971238,0.0,220.97664503974272,568316.0805110519,114.23759569841732,57438.693849951596,1.1481032244339375,78.19496953696236,0.5240312333229,0.0
1850,2290.426472736938,0.08730343524732675,0.0,204.61225009053283,568584.7703821462,113.94249081003645,57413.712256771105,1.1438247548239255,84.1614598460176,0.5237948873974637,0.0
1851,2260.1139301285384,0.10458110546196597,0.0,199.63322157937768,568849.4454084489,113.89456229193704,57388.176004343404,1.1474090821452048,77.10563959292497,0.5248461215912219,0.0
1852,2231.858636757951,0.11468492762164795,0.0,234.68203791669157,569148.2650223743,114.12729886068949,57363.31781804685,1.1487378788921072,76.55341109611479,0.5243353675569634,0.0
1853,2270.6571878505265,0.09726661132663139,0.0,228.04912124238842,569439.767862441,114.06535451105344,57337.7356827455,1.1413193141407367,77.68800816542358,0.5237320832593302,0.14046604713129796
1854,2238.4485752650025,0.11430689136457739,0.0,222.04205229416112,569726.2872477935,113.9804598429518,57312.20515125845,1.1424378739431795,77.45004221785283,0.5234050736701147,0.20766071468224823
1855,2221.9712452610993,0.11877186666954986,0.0,-158.87481272364414,569631.0223341087,114.33308624358187,57286.66000790783,1.1494639555837949,76.09853987140104,0.5230451174324073,0.0
1856,2274.8655590574854,0.09554107525262145,0.0,549.1928772671695,570243.3822208396,113.82120420900145,57262.018046515965,1.1385699223211392,77.1467129705571,0.5223965911820968,0.029128683299575187
1857,2268.840367227152,0.09320818725435631,0.0,262.75509208385006,570570.8976080437,113.87781381600871,57244.819231283545,1.1439537658349204,81.70031586800886,0.5220054552863669,0.443737598936508
1858,2249.494199060265,0.09926262697335908,0.0,240.22899118586804,570875.7801645997,114.00152190406041,57228.752038354534,1.1420901296138022,78.9928915742264,0.52210609816596,0.0
1859,2270.6050692947215,0.09058922044215478,0.0,206.80450167325785,571146.7997240275,114.00196437655934,56975.242204337825,1.1441688224123028,80.01830093940958,0.5200549871314223,0.0
1860,2258.5673127606847,0.0967502091348037,0.0,-1914.5414551774443,569296.9713603288,114.02765606431862,58555.49545345822,1.139625882150654,78.01574527719646,0.522960979767418,0.0
1861,2301.6173634258344,0.07917197163207712,0.0,1814.0808748236038,571175.3633236525,113.3975500679213,58529.05997533345,1.1555560627272652,82.46721655926,0.522713451642837,0.2622483794438608
1862,2301.946326026206,0.07391009291888151,0.0,574.2572204679919,571815.1042765346,113.78478959268325,58502.626987741074,1.144277260490478,83.54070177933832,0.5234365224220529,0.0
1863,2306.588337684379,0.06933025943542226,8.473715635495639e-08,239.4132605358272,572120.0298045701,113.77959446198143,58476.61323924663,1.1422656954429635,87.24290512791507,0.5222817891194776,0.0
1864,2302.0990333924824,0.07044644019344215,1.4421847883037212e-07,6.330252021654644,572192.1667916353,113.40167350850214,58450.17937669232,1.1464683819061958,87.20953343574764,0.5238338917350073,0.0
1865,2311.8583016688626,0.06296720731511762,2.6726226392404415e-07,296.5196910547081,572554.3831587911,113.26254309309412,58423.88717730079,1.1428013728463193,88.42626858745194,0.5240775999330228,2.242248127285592
1866,2316.8187883262667,0.06242750502407224,4.4792768210369083e-07,187.45488148157187,572807.9348142962,113.43873237656985,58397.488905876104,1.1381330510112344,84.24115093177016,0.5198579653306369,0.0
1867,2333.0480802929046,0.05387153636087594,6.549257045465805e-07,138.8261553271072,573012.9401593091,113.614465077521,58371.00740330068,1.1413841402145393,84.8864589616131,0.5230500822173368,0.0
1868,2325.2016549142118,0.06142645812198011,9.328918119921845e-07,136.48256701719293,573216.0926005861,113.4308138426001,58344.54067241426,1.137706950743281,84.63617585465249,0.5306837206485648,1.5466952719315543
1869,2321.1411223771433,0.0589366882528487,1.1465593085656153e-06,132.37685668270888,573414.8995329177,113.44909129108137,58318.06560441316,1.1390149410061248,82.83247038937557,0.529314517719688,0.9625071170907233
1870,2320.367224940873,0.05795059294275884,1.3693098587463594e-06,126.95512745013696,573608.3075318115,113.393808655458,58291.60544328722,1.1449622485672886,83.62849355226908,0.5307956032798021,0.7019343493344365
1871,2323.3700360595994,0.06056622104354603,1.6024550308478802e-06,148.4822167083995,573823.3245535247,113.5676673053026,58254.35883929409,1.1467497725921172,81.9840932562641,0.5299823156331251,0.0
1872,2317.699938466998,0.061350950426740325,1.8226450494359882e-06,106.04683658660377,573995.9220945288,113.40893496987162,58228.044431123046,1.096988416096584,84.6939373500298,0.5289533907081899,0.0
1873,2321.195243726345,0.06010829135271767,1.9096286095551177e-06,147.56581868821513,574209.6865752456,113.31061173738874,58201.85396576223,1.135762445706862,84.80279441011932,0.5259544171408365,2.941379857909226
1874,2332.2101163258067,0.05835183952440448,2.0103768068848426e-06,145.03596021287706,574421.0404282073,113.49415642597728,58175.46916605602,1.1347938671826832,82.45447664891998,0.525096053175867,0.0
1875,2332.0000449975723,0.05887763702214033,2.1296365860702176e-06,141.46100616206445,574628.8000349246,113.40356482609127,58149.100147415265,1.1361699589071808,83.10569392834833,0.5367622134257818,0.8879287599722261
1876,2325.780172416863,0.06190176228848321,2.2748582336368748e-06,134.57827755925365,574829.6338054321,113.44187955020001,58122.7454435831,1.1324040730615608,82.67039150277236,0.533824607687932,0.8968415490533914
1877,2343.294831128998,0.058920926663100115,2.3876767444175935e-06,133.58585999283702,575029.293011505,113.4265958691475,58096.40673957938,1.135928924900506,82.27141283804941,0.5359843471119283,0.9181954883308094
1878,2337.4762746026213,0.06253886687747634,2.5321426600722884e-06,131.73500085006253,575227.3387018074,113.24548253425422,58070.080352179844,1.1329997721902039,80.42812992895134,0.5307495917874884,0.9558373799194158
1879,2318.576333348322,0.06797166984305059,2.638856971914888e-06,143.5522697369356,575437.0517091885,113.74841610207145,58043.76946099331,1.13437833032153,80.29584002936187,0.5370049857533524,1.1561595611094617
1880,2315.8061581437278,0.06997801590264896,2.687676072161203e-06,154.0794124265019,575656.9721946744,113.87252730320286,58017.47508984385,1.1305389669505985,80.08922712615784,0.532341161990674,0.969553505016961
1881,2312.9766414028004,0.07199015197230485,2.715697911545526e-06,155.2102527376103,575877.9201913394,113.70315039434033,57991.194655384345,1.1301899676446034,80.86707628606615,0.5354594576521302,0.0
1882,2323.0972194048104,0.0683357412341149,2.7226514459270205e-06,-221.63943183773944,575721.9332630441,113.33268408774023,57963.640588515766,1.1237930245998167,79.60425238260986,0.5359855118893411,0.960702909697261
1883,2335.156221578211,0.06613121745132655,2.7535052732529244e-06,449.53193612233,576237.2534491133,113.40640674660189,57896.01061889001,1.126317830863766,79.32208962900465,0.5354124040676771,0.9602064866203079
1884,2328.6536088524176,0.06848342093892568,2.803551138302483e-06,212.8665181319996,576516.1353336261,113.2293467130651,57869.885068628784,1.1279943727828778,81.15504587980507,0.5348073718328132,0.0
1885,2325.8653745929946,0.06908753091997488,2.8290434428039467e-06,156.1633643989622,576738.2794420441,113.1099419115321,57843.76884749667,1.124370361690157,81.26643521560037,0.5332059747821727,1.3478892879214186
1886,2300.379467023622,0.07878499648197368,2.848671093416442e-06,164.79917451284513,576968.9626960473,113.20002970739284,57817.83535718739,1.1275705202045325,80.08691456115407,0.5327044144725883,0.0
1887,2304.6602054308205,0.07666547904352583,2.765856095807379e-06,172.51930653049078,577206.6167974429,113.30287509857675,57792.29817813756,1.1279290320153685,80.10844731262475,0.5342005578322016,0.0
1888,2323.4940316087136,0.07379779651066642,2.70672810122534e-06,155.9366259240951,577427.8335112548,113.13266521790165,57766.16554842123,1.134388439606043,81.08513479271608,0.5337997750851673,0.0
1889,2314.827779834528,0.07605210172584376,2.6793990861355032e-06,170.36788886061032,577663.8997209318,113.1698202340824,57740.049576584,1.1272731275645818,80.96881502061143,0.5336401717722846,0.6868224899208144
1890,2311.737513532632,0.07462657298288511,2.6290301535917683e-06,-225.77461484570165,577503.5637843448,113.21221532015306,58607.225383290395,1.1266486477011828,80.2048889145814,0.5334551884567377,0.6329627357188485
1891,2285.0094928572894,0.08295041791233493,2.6070664751278927e-06,465.0028085414616,578033.8877469925,113.12186718302658,58580.658595920024,1.129044397216965,79.86223002879403,0.5331144663523857,0.898322884638219
1892,2277.1669660546595,0.08515493660259954,2.496794114338996e-06,252.0035903722424,578350.7551860898,113.52208781570407,58554.100080554046,1.12509455044231,81.36708147915701,0.5312747374369472,0.4136451457028727
1893,2289.403588886585,0.08003473742118217,2.364100623840905e-06,-43.46296928537447,578372.0107222034,113.17718439210098,58527.554740793064,1.1320228751829113,82.1321134422948,0.5314497325019449,0.0
1894,2303.9053642774993,0.07584796439417574,2.2874314495237183e-06,364.93511430472495,578801.846769513,113.1021094038193,58501.0778200667,1.130107633197168,81.83811944233062,0.5328776781221991,0.0
1895,2298.921081395866,0.07782462052435979,2.2336632986802203e-06,203.9136580981671,579070.7820726691,113.20110401142139,58475.00493907151,1.1301283388456382,82.37348872315567,0.532886010291335,0.0
1896,2305.6807830540483,0.07180567371816415,2.217053990242092e-06,173.96582547055908,579310.1404755426,113.12075748917205,58448.97290881394,1.133568297168749,83.55680765403213,0.5318373016468507,0.142919551700885
1897,2300.8385886016067,0.07930461242886833,2.266532350348931e-06,169.92704007827598,579545.8019830876,113.2440911489665,58422.95966211879,1.1369736782703561,81.55140962030565,0.5306054648809563,0.6873156974392884
1898,2308.327416176597,0.07705768608056163,2.234577200564013e-06,164.53353736356132,579775.8253618302,112.61114000749834,58225.784958787146,1.1389427803924952,81.17463793717917,0.5287404237404372,2.288309120095903
1899,2310.9182240214714,0.07309782783666918,2.2257334752220684e-06,173.81431908850465,580015.4145588028,112.49555941899715,58199.936698257916,1.1416130512918743,79.90159296008909,0.5326893101070731,0.8351864002051457
1900,2310.1550914653703,0.0727809354606268,2.2595612840183405e-06,159.84859832916447,580241.0497984241,112.51098112887347,58174.0723728589,1.1403866792173232,81.52333497966723,0.5315594125482878,0.27269784974080835
1901,2300.8523330306366,0.07626482090361386,2.296787446175991e-06,164.17655168273512,580471.0956033409,112.48752258096222,58148.28166963837,1.1358552310122783,79.87200801717647,0.5332383611736914,1.7650768429270727
1902,2294.9347034203843,0.0808053683638098,2.2972394178777243e-06,177.84515945310608,580714.6061089885,112.51150432081538,58122.405887444824,1.1430993321238747,80.46291970429311,0.5328362385292028,0.0
1903,2330.8053142392005,0.06768853912639472,2.2498442954433187e-06,164.45043213051355,580944.5138258338,112.48456976323855,58096.09096745847,1.1393762775066443,80.19778014300489,0.5325372666116825,0.0
1904,2321.7709367409616,0.07188681514454576,2.342684868752288e-06,157.5232963142089,581168.0826439798,112.49673705472706,58069.844279828256,1.1405910372763381,80.17871918392501,0.5321963643661888,0.0
1905,2320.220865336541,0.07329129933374079,2.3899998070953876e-06,164.19681547787496,581398.1120414776,112.51762276822707,58043.553947917346,1.1403989523853908,79.9698400260977,0.5318682740449552,0.0
1906,2305.347569365447,0.07900292060793024,2.422494820697941e-06,160.76972563113253,581624.6561304255,112.47963445371221,58017.33784601673,1.141222467515155,78.79277744158856,0.5315117675134017,0.8579958048877643
1907,2306.44557530191,0.06958101485265666,2.4264486196735547e-06,158.25580481608188,581848.7481031031,112.47849274369432,57991.13658429088,1.1400223511051875,78.60562655256913,0.5309421657911506,0.8969665609059234
1908,2289.973896853757,0.08482990696065074,2.5311797623480235e-06,170.43554309871865,582084.8457302522,112.47987297657447,57964.956431481885,1.1396264762992896,77.35918178622643,0.5303618700520423,0.8970798733521121
1909,2271.075524998918,0.09227194997391563,2.4733322711235583e-06,192.9263076215613,582343.1139739956,112.62876335930538,57938.7901504079,1.1399361217650035,77.15510048460465,0.5295439672391803,0.0
1910,2287.1893969512744,0.08784986865675415,2.3480396022811807e-06,183.81473546714085,582591.9288625196,112.43150609293163,57912.633256495916,1.1397610120818162,76.9256099680419,0.5287014806857395,0.0
1911,2281.221772354451,0.09056358368398743,2.271198786884675e-06,193.47420269639883,582850.6400176792,112.34612863168562,57886.437247401125,1.1411358725400915,78.15379253733975,0.5278521731453191,0.0
1912,2285.767753209342,0.08973877788689211,2.1663928529837344e-06,195.7168073536085,583111.4408190424,112.5415537670095,57860.262456203076,1.1408960937171548,78.00439930184328,0.5273081090679139,0.0
1913,2261.388532216721,0.09806238502234477,2.0723795233623905e-06,202.68549328273815,583379.2101823573,112.49856499674667,57834.1573915786,1.136428222265261,76.82076489396087,0.5267593366354504,0.0
1914,2262.6706651572636,0.10257883376985277,1.8497898483119047e-06,195.81380403076815,583639.6398124327,112.53694815458003,57808.06731732386,1.135924787647165,76.79669579234928,0.5259849473365918,0.0
1915,2275.328628150107,0.09758310419095628,1.5656230663075663e-06,219.55259269109405,583923.7544911462,112.56797359082474,57781.99685287352,1.1327494468834163,77.044436055653,0.5252442883422695,0.0
1916,2263.2359148192877,0.1012074537781732,1.341445156821445e-06,219.0120733900153,584207.5332724157,112.47781976136797,57755.71574019649,1.1324064019005218,77.24678236662804,0.5245937973227681,0.0
1917,2274.6461498507297,0.09660416155242901,1.0808386339415836e-06,216.84673121309197,584488.9508004966,112.77162564679979,57729.666885063096,1.141836727681329,77.27037913664256,0.5240192353931263,0.0
1918,2281.211113165853,0.0946851048155175,9.162417507615854e-07,214.98795927366137,584768.8611236793,112.8757292510614,57703.635813863366,1.1381492688306447,78.5034776534304,0.5234785637366808,0.0
1919,2281.9989803086087,0.09424666598875053,7.736281862703872e-07,208.11785176480976,585042.0291773283,112.83127255979622,57677.809091710646,1.1414959795633954,78.7477119523582,0.5232287198613091,0.0
1920,2276.9378561589274,0.09684619216291745,6.921787033565892e-07,-1016.92343058047,584090.507283555,112.76506561210266,58448.67601040788,1.1414108728261625,78.8538439155547,0.5230311190757796,0.0
1921,2276.7602848388456,0.09752867740525495,5.838107129575248e-07,1139.4163399098197,585295.1282214159,112.68540374307807,58422.46413034121,1.1431448712337107,78.97826591545123,0.5228660744862991,0.0
1922,2313.4887295866984,0.07606585074754546,4.6855617269526385e-07,417.30935191455103,585777.6071659381,112.64797383568725,58396.25558878875,1.1299724576847145,83.226790298536,0.5212319925763245,0.0
1923,2329.9057504963475,0.07177090007514852,5.509057764515875e-07,227.02216996224604,586070.7787372997,112.69375738219603,58370.07914937687,1.1395647969918385,83.75920800002808,0.5214946130523641,0.0
1924,2329.3263218203224,0.07085213762793441,6.785736429078779e-07,169.80581065793808,586306.9785388234,112.83386863433007,58343.96397530379,1.141416228563416,83.65996584303458,0.523183599322074,0.0
1925,2321.759177308686,0.0749767256761753,8.153539402349172e-07,154.3918419839647,586527.795677328,112.69860082286883,58317.90453647333,1.1371857213237875,82.37170988573448,0.5254100807836187,0.0
1926,2308.89725780948,0.07528513755053268,9.075128180843808e-07,170.53491452513674,586764.5075844264,112.7225696915906,58291.803157239316,1.1484572384071132,81.99470658728924,0.5211629202988795,0.07683913625950822
1927,2292.5943354725805,0.08485994842615785,1.026528919216315e-06,172.1458990925894,587003.2577826332,112.72836792344197,58265.72179087056,1.1397741296433885,81.97754311411964,0.521613758686713,0.0
1928,2286.6764520961115,0.08403136999344185,1.0921949221078007e-06,184.27068012685203,587253.595668278,112.60865635472472,58239.70786078495,1.1399076163141635,81.885629105064,0.5188028545328793,0.0
1929,2300.2302336562498,0.0827777681396451,1.1061433674240306e-06,181.96606382132694,587501.6241523535,112.55120264982662,58215.85649326995,1.1411553970022814,81.76866117099823,0.5192880890155511,0.0
1930,2308.7650400412717,0.08158164945197877,1.135818581329864e-06,165.662345574095,587733.4238296659,112.50843487218265,58189.8719237146,1.1391191501860498,82.89498795483041,0.5073568770329095,1.7912356366952054
1931,2322.5339193267837,0.07415876875807659,1.1369411539635097e-06,186.65618254532075,587986.2618969921,112.60062322753922,58163.92198442963,1.13898888387948,82.46483770175149,0.5093479432834784,0.0
1932,2311.5843263511356,0.08038065814671636,1.26211930031655e-06,161.27066711656482,588214.0698068293,112.41265237187908,58138.11554277621,1.1380535088943822,81.13680151171067,0.5058149500839746,0.0
1933,2311.1786060483655,0.07791251116509046,1.2700683070597154e-06,180.86193540000363,588461.2084703564,112.7763584042373,58111.87784062164,1.1401602432318956,80.10687647819597,0.5268556503206822,0.0
1934,2305.2100846496382,0.08341979550153089,1.2942249288167958e-06,176.75923263272892,588704.2173631918,112.83774205262822,58085.73742446896,1.1391351358793738,81.06374777239448,0.5242671558850953,0.0
1935,2313.291061173631,0.07802565044402787,1.2599834569837027e-06,180.50987388452546,588950.7685176539,112.80385074058638,58059.52703072898,1.1391389377760803,81.00969486439202,0.5235937272467684,0.5589346803966464
1936,2310.9923060979368,0.07918087017787734,1.2837387465057094e-06,177.73744528160586,589194.7888720176,113.16852969197261,58029.886389605,1.1410718892921772,79.88151455089437,0.5233326629351188,0.0
1937,2316.0956368036555,0.07803876398461085,1.2954505094759428e-06,173.88886991960328,589434.8410195166,112.80886787115708,58003.704971369094,1.1445162890074971,82.02199072039868,0.5329598257538062,0.0
1938,2324.6385035419544,0.07644222835883674,1.3465098130991629e-06,165.08785797969853,589666.2205956875,112.79920703869729,57977.69381939207,1.1446684290891986,81.72097286409772,0.5329833495243609,0.0
1939,2298.1706838742107,0.09448874071599744,1.4146628172582844e-06,188.68761443483135,589921.2725106928,112.91471014450147,57951.541828545196,1.115820139391462,80.72256270149757,0.5329410190690143,1.6494258251998986
1940,2315.7848520847892,0.08696746643450659,1.2678629714018365e-06,173.4896095859997,590160.3819694071,112.8153243012553,57925.51193453877,1.1371190742611121,80.42065558772003,0.5327272312145444,0.0
1941,2311.2780102683846,0.09208307395008442,1.2779086468782352e-06,205.22879805575013,590431.3490351576,112.80988836806598,57899.3924467211,1.1407406122036594,80.42437455580199,0.5324190325185466,0.0
1942,2304.930601201118,0.09423256106313704,1.2463965380418487e-06,205.29286370792693,590702.1777755185,113.21286429126135,57873.45021635745,1.1352439249720696,79.18663607758127,0.5321268817461658,0.0
1943,2293.849817371229,0.09890597978079474,1.1925503612490788e-06,201.87084313587758,590969.4272781501,113.21748281809569,57847.468303140085,1.1388763398368917,79.01788029844555,0.5315845088260356,0.0
1944,2276.8053596037016,0.1069357327881677,1.0309089720297055e-06,209.0369903127035,591243.588733926,113.25996771168643,57821.485200092335,1.131903098222296,77.74319000665159,0.5310331272060815,0.0
1945,2283.9212925768843,0.10544079615568303,8.047281563017097e-07,224.4756979866226,591532.8312318062,113.34909801411496,57795.47711386344,1.132711219086017,77.39722978669855,0.5302367148829638,0.0
1946,2305.173490025702,0.09261980188822705,5.96810578129834e-07,197.4106650472612,591795.0322545406,113.23016213593854,57769.487638579936,1.139730238401603,79.54915134339284,0.5294062376488311,0.0
1947,2295.8098547645404,0.1025586607175879,5.906845401404499e-07,213.98725011304924,592074.7135629773,113.16192406605329,57743.622565237914,1.138239027449293,78.24186257112,0.5290775668684367,0.0
1948,2294.009611914623,0.10422227791535765,4.868131932572887e-07,225.57087631499826,592365.5325623751,113.31219765925853,57720.70071363644,1.1373072822522392,79.519828155813,0.528485708998434,0.0
1949,2292.848719421071,0.1029292501104544,3.673285878711312e-07,209.2581706300752,592639.9448814825,113.13191959908332,57538.42381559396,1.138984448046006,78.0083902713545,0.5281967649082313,0.0
1950,2299.8271765087065,0.09885600288896579,2.550876167158449e-07,204.11372969424485,592909.3670124586,113.04473671540853,57724.14612317493,1.1383836554352815,80.69766198451555,0.5275740483639554,0.0
1951,2262.8371153666944,0.11485089146963012,1.8632746455285418e-07,240.28181756462817,593215.0160013298,113.05772618129134,57698.166848399356,1.1378179500270817,78.25422295770268,0.5275576088270189,0.0
1952,2286.7790455246677,0.10297173867496667,0.0,225.96388380848776,593505.5823165809,113.00420210822827,57672.246280496816,1.1355527986135778,78.02776810718541,0.5270193253040083,0.0
1953,2268.6832763670614,0.1135182041180467,0.0,243.07856143525748,593813.8649174348,113.12553106833859,57646.30777083987,1.1362168433384419,78.34025820142347,0.5264595881909826,0.0
1954,2286.841599321976,0.10788425336040286,0.0,234.15415511698666,594112.6599823344,113.04964315841113,57620.39396856593,1.1340779123231517,78.27013580987143,0.525994736679047,0.0
1955,2256.5602248119817,0.11820865931970359,0.0,240.11809625922047,594417.6175483693,113.11271214495858,57594.51215875569,1.1365114951485855,78.27213576183857,0.5255381809314582,0.0
1956,2262.5264307994776,0.11666151244587153,0.0,238.47587845370384,594720.3592461551,112.24760644261085,57422.51128727539,1.1362719470466491,78.20492816174132,0.5251049348297004,0.15122667028168735
1957,2308.6034876648587,0.09471061935956127,0.0,227.67346327447768,595012.3648071408,112.49063633126691,57396.64310000142,1.132154266983321,80.58960525862703,0.5246702456321053,0.16514033280819262
1958,2258.4802456668463,0.11755524407546536,0.0,237.82812882075518,595315.6291264666,112.46600142724343,57370.838134782985,1.1354129557912136,78.18875690778655,0.5247676103915667,0.0
1959,2262.662166284803,0.1165913383098568,0.0,248.1305504436345,595628.0561183916,112.44068029582962,57345.02090607327,1.1347295262799837,78.05474102357236,0.524342522836146,0.0
1960,2282.01295744579,0.10335041352868368,0.0,224.16003051216,595916.6272252187,112.3571798861287,57319.19189734432,1.1390962186083264,79.34229749170674,0.5239100995123892,0.0
1961,2272.688720681843,0.11461263997369509,0.0,243.7014640286535,596225.2528466978,112.35510682268786,57294.28798001169,1.1392461322626914,78.16394247912224,0.5237747023377811,0.0
1962,2258.5624455097786,0.1198258483323138,0.0,246.23214596377954,596535.907952616,112.29402226816543,57278.62579940983,1.1334894236352842,77.98149254103016,0.523394060077925,0.14806668247635457
1963,2243.631241779417,0.1248431989150881,0.0,250.19546700836196,596850.1615926177,112.30601954713893,57257.95716014563,1.1416126737124819,77.55632065995634,0.522997113666296,0.0
1964,2262.499637336382,0.1204558304520883,0.0,249.55266172045583,597163.5787696508,112.15785430848841,57245.0480944989,1.142802508270604,77.49647871911532,0.5225255608642606,0.0
1965,2250.016164640643,0.12487658306779037,0.0,261.97846787246357,597490.1100092267,112.19003639063754,57219.23379005623,1.1327315107884182,77.63071056914086,0.5220649144529301,0.0
1966,2235.5332415170005,0.12911717353567675,0.0,264.2386317241572,597818.6109689864,112.19804280480227,57193.36082747199,1.137045576066324,76.15343667995032,0.5216561341067752,0.0
1967,2267.9826963192622,0.11903702274640915,0.0,266.61320687703426,598149.227436118,112.25299750538466,57167.6040725439,1.136526110045258,78.9926743425668,0.5209520160837116,0.0
1968,2268.182991968719,0.11894763891855675,0.0,259.13795252525864,598472.933967521,112.1881992872883,57141.83324987949,1.1340282410360425,79.11214219443744,0.5208904884548181,0.0
1969,2261.6610921758747,0.12167539158793395,0.0,257.741957285431,598795.298192259,111.84300489914894,57112.707120027175,1.1361389137567706,77.47560185078851,0.5208575728709905,0.0
1970,2239.883057888143,0.1291197403583082,0.0,255.80190275863123,599115.4772848327,111.71162093746761,57087.01142531234,1.1366576336300624,77.62775578506202,0.5204763304151684,0.14567419837189277
1971,2234.8867245221622,0.13036625471164542,0.0,267.3952920903848,599446.842840855,111.79530900088935,57061.26310661597,1.1347699782013154,77.65803067687067,0.5201503669620798,0.14506370343644903
1972,2237.006072961744,0.12984051721925383,0.0,269.5273580487767,599780.2511692822,111.71772651433758,57035.47567131535,1.1358729991912282,77.6979046786405,0.5198472628629048,0.0
1973,2230.440027049513,0.1319407191856663,0.0,278.3922442924126,600122.4597681682,111.40373153867174,57009.81400569077,1.1372766442625164,76.52476841239432,0.5195644038014283,0.0
1974,2247.0686169218543,0.12743283983273945,0.0,278.4475392329189,600464.6106836707,111.45325470481939,56984.11024608901,1.1326337343503865,76.27553211855992,0.5190574114369237,0.14417799001165577
1975,2256.2446700773794,0.12437698933546981,0.0,272.93443876429586,600801.4951211634,111.46023334972624,56958.420857961995,1.1374904803726174,77.66458192838655,0.5185261988467555,0.0
1976,2268.959447309078,0.10836013881134143,0.0,238.81084933986932,601104.3899188994,111.43909523922666,56932.746033109375,1.1382254122455078,79.46324046164085,0.5183152818661092,0.0
1977,2267.98928164327,0.1185802583873139,0.0,244.30036960394847,601413.6899571943,111.5137929721151,56907.04775437189,1.133871430898609,79.47253305039469,0.5184996321820139,0.1434693790600079
1978,2246.8615707448453,0.12654723457239336,0.0,259.01862832228215,601737.6410963071,111.47399331840657,56881.49762143671,1.1345023660116784,77.68054889492642,0.5186801853366964,0.0
1979,2251.264641462661,0.12570269774280007,0.0,263.2763975343813,602065.4455629829,111.47627131335,56855.92261667595,1.1309227091885503,77.73559458224183,0.5184649462872087,0.0
1980,2263.8557323634454,0.12182247707890737,0.0,-559.7332417578835,601570.2266868827,111.32488208506611,57174.7890004494,1.1402070778822953,77.77805413947351,0.5182473951148169,0.0
1981,2246.0826603086934,0.12757416819174972,0.0,894.7814480411599,602529.6024337821,110.99073076913271,57024.81054634194,1.1193625647025487,77.95893750283868,0.5180499088993243,0.0
1982,2282.346228849877,0.10130921137934812,0.0,405.56063320262086,602999.3048560945,111.00965972739118,56999.111062256576,1.1328046750356682,78.90234507335458,0.5178886062374316,0.0
1983,2300.059077792352,0.09530019397233569,0.0,259.13222779449995,603323.6929893994,110.99739501853813,56973.420696788045,1.136641206782978,79.57689693319895,0.5179371948137484,0.0
1984,2286.7774442518416,0.09256714574132219,0.0,217.78893462698176,603654.2502953825,110.68674338831875,56842.89451003372,1.1356055353013876,82.86680436126925,0.514615808040893,0.0
1985,2319.4718544630055,0.09173978617308476,1.8097253434546214e-08,206.24897350160143,603925.802587945,110.68963860410754,56817.28823657221,1.1286384300508807,82.50612604017809,0.5155954794296213,0.9885716914940872
1986,2319.328225847319,0.09214626342732457,5.351693254239194e-08,200.8012685928212,604192.3952731986,110.77455716548478,56791.64333657132,1.1318240441111442,82.23028741434455,0.5201201126243417,0.0
1987,2280.3841233677413,0.10657249818743231,9.832547817167808e-08,204.489431303167,604462.6234754195,110.53448859328522,56766.06414849387,1.134297001032188,78.78678320898514,0.5207554550165289,0.0
1988,2279.0900414427892,0.10828530144004533,0.0,94.7518304781056,604622.3575294587,110.24050264187808,56740.5034537661,1.1283651992275485,80.03686898242732,0.5206223891356048,0.0
1989,2291.622661986336,0.10670559820123571,0.0,341.0252447316231,605028.3315330426,110.23222707922692,56715.01307852423,1.1327542676650568,76.95773425644408,0.5207508400437246,0.0
1990,2286.0337587290055,0.10805059172118758,0.0,262.0795104288435,605355.4603725,110.22805717072518,56689.53062203575,1.1306473003450883,79.19742639464366,0.5202143528449147,0.0
1991,2278.766519573962,0.11133291705844561,0.0,247.76924253023088,605668.1003950258,110.32480361990147,56664.065763461535,1.1340536143237296,77.15808918225811,0.520183816136079,0.0
1992,2273.1614452785234,0.11512620473882862,0.0,240.52349376407932,605973.3307101108,110.26345361996859,56638.55987891309,1.1341170524559485,78.55178608880371,0.5197187141489509,0.0
1993,2247.7393003590646,0.12485691090214956,0.0,250.1857637145427,606288.0587832896,110.20432372117355,56613.23759909645,1.128176105787282,76.74038607235134,0.519575070052015,0.0
1994,2210.56937260819,0.13693301872827557,0.0,262.66579145553635,606614.5574779282,110.2163614276986,56587.8234619401,1.1331113967751476,76.8319719724475,0.5190513165316955,0.0
1995,2240.1510466336645,0.1272391079419023,0.0,277.29036424592334,606954.9447118683,110.24474293641931,56562.47767485911,1.132137596807643,76.67825110294955,0.5185735536116685,0.0
1996,2251.022606693801,0.12472651899505882,0.0,276.8390332767907,607295.3860639768,110.31798546610163,56537.09106463662,1.131533608699366,78.29565002745338,0.5180870170705225,0.0
1997,2275.8251697491196,0.11685853128005785,0.0,261.77543545539436,607620.9129378328,110.34634723971546,56511.72804989015,1.130687430649244,78.18698772248754,0.5179708877340419,0.0
1998,2276.8868308941023,0.11535770275470725,0.0,250.42878573475303,607935.463969901,110.46217148714742,56486.419806961814,1.1294252605417792,80.47795331625194,0.5178374005034904,0.0
1999,2276.9632728821402,0.11462996104655232,0.0,239.71685890707977,608239.3574837083,110.32564336754079,56461.06995586915,1.129593036140732,80.43714398500624,0.5182005592254729,0.0
2000,2269.744095989925,0.11784286800642163,0.0,239.94723369511632,608543.4673657807,110.34468695331947,56435.736023924954,1.1294947254497008,77.85521245598189,0.518536701563322,0.0
2001,2273.485473661321,0.11620490831673091,0.0,251.20713752146048,608858.6334804296,110.38098658309343,56410.41771461546,1.1292416648098118,80.23637319139041,0.5183037999777356,0.0
2002,2237.664451817681,0.12878898484822887,0.0,254.80029317175905,609177.4502460404,110.40286422389318,56261.76703402913,1.1276513508619157,78.07843230751595,0.5186043072768997,0.0
2003,2260.8619747605258,0.12304612777182888,0.0,247.52768849803056,609488.3597574439,110.20841767706148,56236.57137805233,1.1289413697586157,77.70424309569029,0.5184407037910387,0.0
2004,2263.96904580306,0.12047982500152066,0.0,261.0979188920392,609813.1123849861,110.2780843348403,56211.29829357939,1.1315001967694356,80.14705990520652,0.51821782049471,0.0
2005,2225.433587817618,0.13394816954393263,0.0,-123.49329810452105,609753.3656139079,110.05485602246205,56186.038885624286,1.1300268636316664,77.5855443378212,0.5185285531518781,0.0
2006,2226.963643317701,0.13374375099789348,0.0,568.4611713810885,610384.9279690558,110.10097633679217,56160.79641051477,1.129692485589109,76.25395145736671,0.518263414744074,0.0
2007,2229.3005795990266,0.12712498132080974,0.0,343.2171872706079,610791.2363900109,110.39212065110212,56135.56499744033,1.1326508700677687,77.40908410164658,0.5177269179773522,0.0
2008,2260.7088188169078,0.115625115771393,0.0,273.4997250111319,611128.1510164272,110.42825515799693,56110.347396970916,1.1310891040361541,77.52908673582446,0.5174645047927466,0.0
2009,2244.7278295466826,0.12162515718751554,0.0,252.5051800301648,611444.6783315557,110.42266836870901,56085.149311766705,1.127072803919869,77.52916555089583,0.5172410149103732,0.0
2010,2228.7353904773563,0.1261909652301466,0.0,-880.7178172581343,610627.6942561193,110.41658958123803,56556.00143544643,1.1307531980685523,77.7597896459018,0.5170038989762461,0.0
2011,2249.6651694772977,0.12073577754441711,0.0,1128.9057796072102,611819.9348646435,110.43308587021215,56530.55549153681,1.1393351311330313,77.45820402833428,0.5168280949490991,0.0
2012,2319.6289137923027,0.0822890610118081,0.0,439.4655557239683,612323.0415855452,110.44851012197793,56505.127260405614,1.1170066771000733,81.59129044425983,0.5165967098195867,0.0
2013,2310.043615417183,0.08350409691291172,7.916443799114273e-08,229.98423030969735,612618.5800503304,110.44764416504081,56479.71117085271,1.129427184665859,80.75778430512005,0.5172608414481374,0.0
2014,2318.813152276248,0.08310660085720367,1.5096539184359912e-07,190.2223019009681,612874.3455038471,110.41891478320173,56454.36106910332,1.1289096527917604,80.56585535763818,0.517713294362147,0.0
2015,2293.015746712878,0.09227716453917978,1.985048509953429e-07,189.65351229142,613129.6114648478,110.32469219897537,56428.97384089377,1.1284713571256295,80.41300021404415,0.5181019230083987,0.0
2016,2302.5901161728384,0.09117264038503059,1.6946301490169692e-07,182.72319401822483,613377.4630026142,110.25132321228918,56403.59932212739,1.1266673016742912,79.95105577736538,0.5184382924281647,0.0
2017,2299.3606857706645,0.09512880585929595,1.3096258054089882e-07,208.4206454146186,613651.1072900766,110.35036536765637,56378.245029587066,1.124260585031111,79.85084563045974,0.518658936006789,0.0
2018,2299.0049205738064,0.09662472279724987,7.728832794389458e-08,217.8150979636177,613933.9891816025,110.4644242836007,56352.90339658207,1.1214531450148606,79.87079634583587,0.518847035174258,0.0
2019,2299.2386194537285,0.09849932449245302,0.0,201.35688397995892,614200.3496304014,110.40259133013392,56327.57495866489,1.1240415793772107,79.76483955176266,0.5190299214686702,0.0
2020,2300.003346730818,0.09864824366431546,0.0,22.41307058703069,614287.6485369599,110.04469363927437,56302.262475504365,1.1243827166413078,79.83330120920824,0.5191809304394276,0.0
2021,2280.8148801850643,0.10697489617351919,0.0,363.7069528214004,614716.2214852573,109.98040209797158,56276.959418359555,1.1234591475019025,79.50175093167236,0.5193264892342928,0.0
2022,2294.0909587086007,0.1007076404607089,0.0,257.7164785199054,615038.3441395435,109.93729482866681,56251.61712143209,1.1202320324702892,79.78993505718708,0.5193938065850747,0.0
2023,2294.6531154387867,0.10179558813461298,0.0,225.29777865234746,615328.5059952383,110.01780281432382,56226.348130645056,1.1216664339000952,79.57302269544002,0.5195193469830933,0.0
2024,2286.7960377714767,0.10389939018008876,0.0,211.4666792549118,615604.6975442325,109.94200653515658,56201.09477463679,1.1247031780519399,79.58565666417498,0.519592164953326,0.0
2025,2292.2012254519577,0.10421966107792591,0.0,226.89954911066116,615896.0762200865,110.1173827470236,56175.85536344644,1.1219918179283865,79.27375472781091,0.5196640022201094,0.0
2026,2301.5914742421733,0.10122239855344928,0.0,216.1192948699573,616176.726397522,109.98701160274854,56150.68167269407,1.1241165349889355,79.1164937012679,0.5196655094375785,0.0
2027,2287.915105151371,0.09875756910217637,0.0,220.46546484865337,616461.8632144424,110.00789476365699,56125.47131361323,1.1253270728446283,80.6854638704769,0.5196333000155631,0.0
2028,2287.845778910554,0.09202990887530982,0.0,204.0317332835881,616730.3442916354,109.9655204674174,56100.27490485389,1.124793334683603,80.64407994198287,0.5199382043203932,0.0
2029,2305.262039086593,0.084808463212653,0.0,190.18047337654656,616984.9801671276,109.92954286704365,56075.04551479786,1.121792989919109,83.9297947383585,0.5186971387053226,1.0120064853851716
2030,2294.182347911,0.08905631522528645,5.902299090990926e-08,183.31005006067642,617233.2168751631,109.90003566201035,56063.41059517738,1.1245832266168185,84.5083106416108,0.5165532703203477,0.0
2031,2308.500939088054,0.08353293414518426,3.9620834307711884e-08,186.15332542357964,617484.0311419626,109.90842156273246,56045.22105556842,1.1196395161601869,81.89991807828,0.5218994805809712,0.11827799825493912
2032,2313.3092061307225,0.07948561324662584,7.968220120972447e-08,163.9867598524271,617712.9104716803,109.92983496303638,56020.005259990954,1.1274598979459765,81.31468601999487,0.5230669753331851,0.0
2033,2306.0183981143673,0.08743467261229587,1.498900778979403e-07,177.72077989025667,617955.6322034068,109.85750401516921,56012.276092891996,1.1239376934265044,81.56380839397251,0.5233456148742963,0.0
2034,2299.148614091923,0.0890842246876219,1.4835532740487217e-07,181.8861948716965,618202.2343115356,110.00031221957032,55987.0673879078,1.1208694870761082,82.83532090102739,0.5210988388514326,0.8786930754489504
2035,2303.0221579419435,0.08829260784176285,1.0200755808518755e-07,196.07173774090546,618462.9401572336,110.04037078315316,55961.92651841285,1.1208239768819186,83.66387128344087,0.5162144277517574,0.9676971120814812
2036,2305.548892542597,0.08331192342064986,7.914366889632754e-08,175.23450386394046,618702.888848322,109.91403463248535,55936.79716888028,1.1215422555172223,83.48985935591269,0.5181673726894874,0.8723034681989361
2037,2304.9950538445664,0.08319085095395296,6.748102524169781e-08,173.83690320681757,618941.5150787488,109.83468192191256,55911.68534270831,1.118369061960142,83.26707635579439,0.5185818995636519,1.97207229642504
2038,2314.937591164393,0.07881107710481361,1.0012204937402783e-07,174.90559287167872,619181.1812353295,109.8872102394658,55886.58769671896,1.1189454878492964,81.70874942011054,0.5232231877486447,0.8656658289105224
2039,2318.129861873776,0.07620086043095853,1.7968874940153618e-07,170.16019875785412,619416.2537542711,109.93586265157803,55839.075096445886,1.1171472538384284,83.32036276653244,0.5278819978911669,0.8623317921794751
2040,2311.7382613414256,0.07952033022872529,2.415094680691306e-07,168.06628150974132,619649.1634140388,109.97604202911397,57072.376783792846,1.1186282335829036,83.73118876952284,0.5283421350669983,1.236125071435822
2041,2316.731527613428,0.07562330616015256,2.6863491049381535e-07,161.72239772442776,619875.5175013307,109.91718879046046,57046.62931784099,1.123668124618286,83.33155719763542,0.5270587642194318,1.2237601335082218
2042,2316.385285722346,0.07671767585975053,3.3803384580866907e-07,162.0056011002457,620102.3115753646,109.88667532873451,57020.89943369401,1.1184224120944923,81.72176103812147,0.5293873136244934,0.9436368415347545
2043,2319.077147259988,0.07526632894102425,3.951922210995652e-07,-1570.3607193132916,618596.7977108931,110.2328656523653,56772.86954667602,1.1176679865412347,82.95270882848784,0.5294308841331498,0.8495582868657152
2044,2320.5176538807364,0.0754047375453113,4.6699483603478377e-07,1503.9512044869539,620165.588041678,110.23259901661488,56749.62735168867,1.1276949125056441,82.7456429474207,0.529720429017801,0.8463930814697846
2045,2323.3341557936533,0.0759280131372494,4.92575206453918e-07,480.1427016435001,620710.5981630555,110.1692004986064,56723.94239812379,1.1125474742308177,85.70621519509228,0.5292624255513647,0.8433466342634972
2046,2349.278519784898,0.06042450260078436,5.671157044201972e-07,218.98542872019533,620994.5550514559,110.23082291333006,56698.26911385061,1.1215610194721544,87.49588429338577,0.528892350672284,0.9338468118468768
2047,2348.6610289934233,0.062040741739138316,7.971610807924164e-07,149.7798473595571,621210.0570553443,110.14175140786338,56672.6860765295,1.120219678293317,86.14018357697898,0.5321251641276398,0.8370735889738228
2048,2349.1983846769394,0.06313906463699204,1.0186214719267306e-06,139.62410662666076,621415.3186445843,110.17649072804637,56647.12237112566,1.1169668807628752,86.90700307424689,0.5322644870602286,1.935657534074437
2049,2363.4248599354114,0.0594558176657195,1.2173908515539288e-06,136.54322700310075,621617.5006043486,110.16241767066145,56621.49274032346,1.1206224929794435,85.3992451731959,0.5330986429231481,0.830734670268555
2050,2359.9229201984913,0.05995677600666738,1.449966382856407e-06,124.83392004157844,621808.1766645677,110.09881287238127,56596.023508552156,1.125230952418477,85.00038906130386,0.5346010478193288,1.9404866165650958
2051,2366.739952501114,0.05811048386709905,1.68242439867455e-06,137.24860737571288,622011.1930182918,110.21189196594496,56577.90190666986,1.1160039585885386,84.68454772852836,0.533650306781735,0.8241658584286142
2052,2362.5490735518415,0.06265982290542083,1.9357657728302186e-06,132.16278814390864,622209.2219975283,110.2276064478491,56566.77144782519,1.1253341210751042,82.57253854857007,0.533490042358783,0.8221455398974626
2053,2320.5023000188703,0.09274443834167623,2.1469384107865285e-06,163.4406821669532,622438.4871805923,110.30838408589852,56545.46279214934,1.119530581597305,80.3986872190069,0.534067157341012,0.8185257315328442
2054,2327.5242420493264,0.09416966156366724,2.0368273045916153e-06,187.4762843471491,622690.6146317119,110.22370021527348,56521.41089965645,1.1160146675434803,80.01338212692848,0.5350391936539828,0.8154775575809481
2055,2306.5506143852194,0.10147582185435122,1.860734478695313e-06,214.20970029909324,622969.4563003042,110.42569584211883,56503.363837605924,1.1142803016668095,78.61283715037547,0.5344128557538195,1.9181592404436287
2056,2301.7209971370385,0.10298914944046622,1.6093902999497042e-06,191.01381822274823,623224.6133080894,110.25084610038162,56484.45728229322,1.115383716475259,83.21442201988914,0.528724639330161,1.1589123008357944
2057,2315.914442482905,0.09609102476904274,1.2944204453750655e-06,223.32153497274464,623512.0726681117,110.20741324211015,56463.7394061105,1.117198707207649,78.57939462872878,0.5338587759601541,0.8063075685871866
2058,2306.190218299238,0.09672834492462268,1.1060648835897362e-06,224.98249672599468,623801.5136119997,110.31663403741182,56445.720545510994,1.1114360885748873,78.79733918581655,0.5330524288607945,1.8691481406208368
2059,2326.490087178944,0.09055743345865297,9.126040096186531e-07,215.95605963592357,624081.7156980969,110.84550969291463,56423.005626832506,1.1169134650160588,83.04613505951505,0.5297885800343571,1.1440362200399363
2060,2314.429819957505,0.09702465408394889,7.883325810479793e-07,189.33595290771262,624335.6985594011,110.73460469717723,56397.997346951466,1.1144196644870705,79.99266567891362,0.5322467894595869,3.66925283485088
2061,2340.524243962055,0.08563983091918936,5.975188143254503e-07,182.21544844744187,624582.2612029454,110.64272137941016,56376.43118617219,1.1125431873203702,79.45351127265096,0.5273150884943792,1.7275399713433615
2062,2342.234501800209,0.08658110902338434,4.78217981638867e-07,205.70954153641054,624852.9217514296,110.7137987904466,56355.1622489941,1.1142336918881113,82.79094443854946,0.5268376978688768,0.7914133690281631
2063,2349.600664089618,0.07891100923352934,4.0158276981900416e-07,169.8217775894911,625087.6740130805,110.65905480156798,56332.81356248135,1.1121618846997676,80.7044252518095,0.5252503817716851,0.789129098667189
2064,2354.9751667317123,0.07697743229349296,3.92827022642249e-07,178.2558006198817,625331.1409251573,110.67099830780256,56316.844342977514,1.110323908902959,83.69273481482666,0.5300014951568167,0.9913842377048638
2065,2348.3200349798753,0.07707549266766067,4.0526955356764966e-07,159.31003343460907,625555.854107833,110.67473051793851,56294.96775199554,1.113252098820794,80.79459738075431,0.5302217748237359,0.7827048369787235
2066,2358.117097592478,0.07305541881749178,3.6236263999304773e-07,-3165.046445155216,622455.8208549239,110.28305899448446,56043.76431142634,1.106849832099892,83.15654847829855,0.5323577899951035,1.311272857195405
2067,2340.410529786842,0.07871532035655804,3.6274754161850713e-07,2727.880903760937,625248.9555811195,109.98127157235567,56026.249901079354,1.133519359575526,80.53188827793258,0.5325744130553491,0.7764058539451639
2068,2349.5324474164577,0.07424874220658773,2.6935864850152947e-07,761.9920171912458,626075.7718181814,110.0892352510246,56000.96712724012,1.1121319452621234,89.38682221443754,0.531466434565838,1.1149939271768403
2069,2344.1368927852263,0.07864415284005832,3.431080661088773e-07,290.7583039955148,626432.7103979443,110.15342172581774,55975.54163859572,1.1256516252833184,90.37060233049469,0.5332604603821287,0.9523712824287713
2070,2357.04061400135,0.07457847511472004,3.594119000513859e-07,-2450.6760038643056,624048.0794356441,110.22577519084659,57894.238278477096,1.1208428986903551,89.93541811091964,0.5244506418387418,1.3721838734269625
2071,2357.6797695491505,0.0731284089895593,4.189595105919532e-07,2200.566151534542,626314.9607731237,109.84027610599733,57867.73238928874,1.1716984313705234,91.22841915275494,0.5272080908395378,1.8800847662336082
2072,2367.3371064368594,0.07163002879140168,4.939740796373164e-07,652.1890626974484,627033.5530951523,110.13932819925644,57841.251743329536,1.1333123879653249,95.10495833004518,0.5239351690490283,3.5126752165691926
2073,2374.8215537258425,0.06863411343620052,5.954588600858457e-07,265.5779147246009,627365.822197454,110.07195604496808,57814.78022873523,1.120060069373358,97.39580677591167,0.5241381776576227,0.7434529893945978
2074,2378.7912216438317,0.0660442012798722,7.286671872444969e-07,175.04286595930512,627607.8460379156,110.29840371549031,57788.32427168992,1.1188254813462775,94.52313002828089,0.5250488245594493,1.516126077228563
2075,2395.1240939862746,0.058226857686579314,8.900715376097207e-07,135.25628979306333,627810.2216872553,110.246228550513,57761.88324788792,1.1260486525440603,94.75350215185742,0.5214891728978296,0.7424327491766576
2076,2417.018775424102,0.048462193347957316,1.1213213233070887e-06,139.04018181281498,628016.821064789,110.40270063446187,57735.45755997079,1.1245906562460415,94.3460936210652,0.5341866507149663,1.782979873116517
2077,2421.645108661194,0.04739410708194303,1.4545608055447606e-06,99.1883197819489,628184.0801267468,110.14583461422765,57709.14840112428,1.125505692450152,96.17310885163121,0.5351644983035646,1.0485203605886397
2078,2411.3361438887255,0.051121572858910835,1.7970845272738815e-06,128.71581777346034,628380.9807406637,110.78121956951739,57672.750319851664,1.123694726497685,91.56808874951494,0.534240735726867,0.3305126750523186
2079,2433.5094309260967,0.04299333967611174,2.1110230519699676e-06,115.35909612285087,628564.3884768903,110.63458925650338,57646.37041298727,1.12069780726232,92.55503371627358,0.5404927587452605,0.816011324581666
2080,2437.804913253554,0.03980610346226776,2.5108461553168653e-06,95.1791768736021,628728.2184429006,110.60300576312578,57620.006122629275,1.120892441609774,90.5533210666667,0.5450317327084698,0.785223254521668
2081,2435.1088498306462,0.04164737945826569,2.943860975152645e-06,95.72332099793437,628892.7086694767,110.59281203504494,57593.65716165937,1.11897021773945,90.07634545779372,0.5419505796154872,0.6868925045537537
2082,2443.3702962191865,0.03997183408686855,3.334627012091089e-06,97.00731196664867,629058.4414181091,110.71325285324225,57567.32325718224,1.1198508303305057,89.16239940881199,0.5436667923944964,1.0085153665775977
2083,2456.8800612292175,0.03596336689194268,3.7222077728185883e-06,91.86036143224396,629219.1129064352,110.65960693799686,57541.0046121277,1.1214427928834758,87.5315336059449,0.5480802421119528,2.286079460553424
2084,2447.8708945239578,0.039166266726851307,4.166085223679963e-06,86.97429790521562,629375.3012824752,110.6049601968252,57514.70147053965,1.1188188866762867,88.34853678839109,0.5457924737793358,1.6509828499435173
2085,2445.1479167930465,0.042124398196310975,4.593587340275597e-06,82.6538191245553,629527.0376363747,110.644782567737,57488.41347047064,1.1184494826730802,88.7583017016205,0.5459254757881706,0.8559439668515836
2086,2444.0233331273866,0.043067364744469816,4.972598321659388e-06,99.47542211928362,629695.4407512803,110.55132684298967,57462.20108151446,1.1212370067299895,86.68643930698799,0.5493224870517075,0.7484367201273585
2087,2447.3639550500166,0.041808357132268936,5.354608336375297e-06,105.38013729998886,629869.7300291413,110.66135627630854,57435.94395071106,1.1221988542120354,84.79063117258445,0.5471695805062082,0.6861171356966054
2088,2453.56959320393,0.03798865365702209,5.7655510833624395e-06,95.527898200516,630034.1643724246,110.7160059148873,57409.701717118565,1.1173086614044907,86.86924653653189,0.5550768813878637,0.8494225342194852
2089,2444.2136263506836,0.044527642320820515,6.1822031866568836e-06,86.84115874830059,630189.9930866475,110.61947369101387,57383.47447140986,1.1245703630211705,85.72021382963221,0.5492228555023515,1.189805544599409
2090,2465.318396656341,0.041889833282059974,6.56165733305244e-06,103.07369378006882,630361.7634030338,110.61883976370945,57357.22502486515,1.1209973828985735,83.4621990495466,0.5464652249220617,0.6770621167079867
2091,2452.7946615863734,0.04273163029440241,6.944523243090251e-06,96.29460083848176,630527.0441585944,111.00309543601189,57331.04425845548,1.119606798683112,84.95222451297832,0.5409102057844679,1.0888712329694954
2092,2445.137292860925,0.043039385407326214,7.302860805706094e-06,89.14752353454958,630684.8476184361,110.99045003952875,57305.292778970455,1.1152604184958308,84.06413296636241,0.5427654642445588,0.6786721214690772
2093,2445.407271887574,0.051005578695744846,7.675009282432536e-06,106.26863552194271,630859.662972891,110.9760824292947,57279.14261036342,1.123160315042771,82.2742015303512,0.5631881425944881,0.6789648215503803
2094,2428.040218420625,0.05672667664314923,7.953825830161418e-06,112.55245241881954,631040.4470764499,111.31712713304616,57253.00805103396,1.1163261584128645,84.2865959410358,0.5636919791376651,0.6786031657149749
2095,2418.3606458921136,0.06241779380158641,8.17892748883669e-06,136.21337203378943,631244.5849746654,111.48742799149241,57226.940565024124,1.1132754406774739,81.84329298604645,0.5563609291728387,0.6786749245761712
2096,2396.401524622541,0.06922817756295119,8.341956875497339e-06,145.3635817662992,631457.5496391195,111.67779672766638,57200.88722177902,1.1244439416613026,81.74406742496186,0.5578095770746084,1.1804542970214982
2097,2394.9173559527785,0.07054914941259849,8.391877479079277e-06,159.34082637122583,631683.5854689932,111.62845276357933,57174.84852079557,1.1181839308615442,79.72745892549493,0.5596255514846732,1.1276970064159286
2098,2391.8992555750474,0.07170373351255976,8.441226385551235e-06,142.33554514582409,631892.5474005092,111.57363062457337,57148.82292904092,1.1167189817140197,80.37185397842512,0.5459165752432001,0.676922193743934
2099,2391.2616626754966,0.07267555251967939,8.468024938957862e-06,147.01006528191039,632105.9389897117,111.5311190809876,57122.90356360727,1.110042106615548,81.17206136660208,0.5475227372834259,0.7173636831893759
2100,2395.0084575286837,0.06737694086555235,8.510211058747788e-06,154.2924986121813,632326.611096222,111.7920678544454,57714.524703388284,1.1140179615434302,81.20441170809505,0.5533964096167436,1.117202256798521
2101,2398.5546643142457,0.06375468767127657,8.608999791090555e-06,150.50892782462893,632543.5866273547,112.00126342888893,57688.20495848302,1.1181817186101404,80.7591237064411,0.549991175607837,0.6805097484911755
2102,2382.481708993146,0.07607091758388962,8.716834008958177e-06,89.65041904353188,632699.8951967831,111.82606303226788,57661.89780556902,0.913967651256711,79.5986230826965,0.5444768428772631,0.6797575848718225
2103,2382.1076343708055,0.08100380506312099,8.512327325798059e-06,195.92744653152164,632962.0994973397,111.94855636181748,57635.60645267346,1.068844420905641,80.57436246561674,0.551843038782306,0.6797804004635282
2104,2384.2835746594947,0.08083276177346443,8.249333137563683e-06,189.60699064761883,633217.7855170973,111.98492861949433,57609.329844861066,1.076580028025995,80.9047553434591,0.543101390307023,0.6788055979927776
2105,2379.003637716556,0.0815845496598917,7.991347055424235e-06,156.02651179431274,633439.8640025358,111.86302974576125,57583.07049690898,1.0892952819688453,80.90620547222015,0.5437547464587545,0.7727184725792995
2106,2365.7250600886623,0.08786040980755971,7.722375580870092e-06,188.09336797316178,633693.8730569102,111.72181400177502,57556.82679198203,1.0955835941598016,80.88424148456359,0.5422992586878996,0.6796637200952489
2107,2370.3104933019245,0.0857279630107799,7.389245143169773e-06,198.7180306095076,633958.1585158398,111.9929520890158,57530.59606359371,1.0957993151542043,80.82804276627873,0.5435995076975708,0.6817040520879232
2108,2384.7529928165245,0.07814784482722681,7.082631604683715e-06,180.16828526506373,634203.835763136,111.83835516491351,57504.380227408685,1.0991480914522351,80.63033499722209,0.5448455051762346,0.6835730452058044
2109,2383.4491318334717,0.076087659868187,6.85948635853762e-06,163.89254379394185,634433.6200862564,111.8119453398932,57478.17972893548,1.099527768890631,80.47605446081519,0.545851346836104,0.682398563507661
2110,2374.1648279203655,0.0787496234454419,6.660276515525184e-06,165.41854871560082,634664.8994672504,111.80398260745487,57451.99658736631,1.102814710077669,80.32420506473505,0.5416727043882392,1.5674832460545645
2111,2356.359319583664,0.08644521768487701,6.4288090653534045e-06,178.86886589863775,634909.4384763988,111.84056999650952,57425.813073547564,1.0990387812572449,79.97376965641493,0.5438233387172445,1.5619834489781397
2112,2362.8687160992745,0.08386487938414122,6.117831751673091e-06,168.28143052469642,635143.0384668299,111.68275938716334,57399.66002265412,1.0943607754786966,78.99633207998698,0.5427256608186807,2.374489431962246
2113,2352.064401390909,0.08201087705417687,5.838120229459042e-06,182.5985966094471,635390.9087631515,111.72885011903493,57373.52020527356,1.0867488461743184,78.89251540568068,0.5413699201923131,2.3911952770144183
2114,2352.5314813766663,0.08432076042548364,5.581332199550125e-06,175.65558248177894,635631.41707348,111.39146812087527,57243.09529039328,1.090115643223539,78.5507973665043,0.5403075218154043,2.447994617464161
2115,2353.3546134094463,0.083195344412347,5.602749585282294e-06,167.11757063798495,635863.5006721612,111.26474618206865,57217.09518203764,1.0892931413667701,78.43776912823533,0.5390903673197701,2.478106729360036
2116,2323.8261854923653,0.10078281419570001,5.636354828246775e-06,184.72538389794994,636113.1327329072,111.23819308346944,57191.05629608152,1.1131992141147502,77.32855565947757,0.5379106422543003,2.5174845743183027
2117,2335.4691602001094,0.09059270302115507,5.719086739050686e-06,190.67342643708741,636368.7614974667,111.09670247906067,57165.05274858932,1.110884648299441,78.18726240756403,0.5365661624574868,2.5498377810281454
2118,2332.7608252473783,0.09206353706807835,5.892073659241104e-06,198.7820560832214,636632.8608655648,111.5520052352653,57139.062545627516,1.1101348924178485,78.08292881261806,0.5332360751361622,2.481240483436409
2119,2311.7422586342395,0.10810152236584325,6.050196307416709e-06,211.52951995245036,636909.6840086603,111.45381993175529,57113.070839739674,1.1116204070532212,77.19453227990265,0.5345232379981729,2.6061743776376147
2120,2321.0694301396256,0.09683792042101302,6.062339245023456e-06,204.9738587885596,637179.3832244916,111.75807987557889,57087.095214194494,1.1054604110569746,78.04398970791254,0.5333218073699953,1.5034853252441565
2121,2307.215453718443,0.10076114688969195,6.172832173427569e-06,213.85847778258233,637458.2231297749,111.88918794246266,57061.1347646858,1.1065078577854601,77.89426662776364,0.5323353286850665,1.4978012604813387
2122,2307.7836745857912,0.10146541140997956,6.242914651982453e-06,215.1869001947204,637737.9802101811,111.83672541262067,57035.264571781714,1.1088960599688407,76.9105225633042,0.5313661544875018,1.4941954819169325
2123,2278.32939540508,0.1215652104615974,6.302106034510873e-06,241.1682165466441,638043.7760546893,112.00891787517264,57009.33381807892,1.109109402254653,77.0722311445294,0.5302351406764992,0.6472873695196029
2124,2304.2215884660377,0.10370643014490089,6.160719888653297e-06,220.73739638037966,638328.2513053636,111.83557408192189,56983.417104214495,1.1119997723171895,78.2469444311605,0.5291748548807728,0.6450778934699315
2125,2278.6719831136807,0.12142237600488648,6.214660044561326e-06,245.28799697458106,638637.9985385853,111.95110855409686,56957.51648279932,1.1069346630690395,72.91698318591519,0.5284190280521648,0.6426929337663978
2126,2310.230105821329,0.10778333803938556,6.091302028786921e-06,226.80247034327874,638928.5759699206,111.86452374233248,56931.630534941585,1.1104993539458516,75.20025522777566,0.5265613911447883,0.6401346817362423
2127,2217.1227787422204,0.16987521889397095,6.069087159013434e-06,276.78279650750255,639270.0087317429,112.04197578923059,56905.86624492184,1.1058496151341315,73.65664916986294,0.5252855065678995,0.6383375769921713
2128,2181.9848891015754,0.1801317293836967,5.414274263825039e-06,326.6669054775584,639658.7994928925,112.18326802155165,56880.01220222051,1.1153541145160104,73.84920398094279,0.5237437674257596,0.6360817407028492
2129,2151.8202033179,0.19120015574333227,4.663926212542228e-06,361.29123022782096,640081.3505493093,112.21900284233415,56854.173030420214,1.1084620653396848,71.58373606540202,0.5223208503293034,0.63372685391613
2130,2201.515013797513,0.16817333259513056,3.772703942963445e-06,-33.7667123697413,640108.3257225201,111.93950474298902,57288.47951473889,1.11194096363487,71.92275937698496,0.5204851787115351,0.6312741852900672
2131,2216.0299953349663,0.15456069237603287,3.165206953981288e-06,636.2530516483275,640806.6581876767,111.87450790050406,57262.40012271972,1.107169130923506,72.22070153233412,0.518814529714314,0.6283709132145532
2132,2242.817473340242,0.13362583196181654,2.678351388534797e-06,369.02056859369395,641238.269510292,111.3600741410582,57029.38522182331,1.1109252976975967,76.72153866225148,0.5173042960090842,0.6260509645252625
2133,2236.5150296393113,0.14488195877032473,2.3995558432023277e-06,314.5760306860338,641616.3620066447,111.94890125554959,57006.996359296594,1.1151839459829271,76.76911419912474,0.5168202167778942,0.6244141083157047
2134,2235.1417689186146,0.14704714476926173,2.050466174726928e-06,304.92740828569066,641984.1299300578,112.08152244365616,56981.365253493335,1.1131750056047363,76.8100113217442,0.5163707927643335,0.7101351050159792
2135,2283.7309272264915,0.12356217981289397,1.6379926265691417e-06,280.4015910262068,642327.3948893558,112.16493242502419,56955.48739209173,1.1145887408161934,82.31506139309332,0.5145334785156144,0.7075184673914521
2136,2295.970099091274,0.1163653031126205,1.480702696165073e-06,262.9489113554532,642654.5570042187,112.19459071113653,56929.641843441386,1.115159452450591,77.12078943013273,0.5117238051792987,0.7050596469929076
2137,2201.246267469254,0.15618551412217652,1.400836042207183e-06,271.98572094533887,642991.0553471517,112.29326251599952,56904.12863665932,1.1184526559522168,75.8354017486939,0.5166914198569683,0.7031178245412661
2138,2200.0090891500463,0.15703220377051563,8.997778936764074e-07,295.04116111772487,643348.3808461284,112.3098399471998,56842.59346131618,1.1071293942835747,75.79818405355884,0.5160513619635299,0.7003294381326555
2139,2280.9536529576612,0.12346705924794654,3.4874700662536706e-07,313.3918961309819,643723.9671597346,112.13265974101171,56816.7550163534,1.1079046253344238,75.81916822117918,0.5154481435815494,0.6981395337103322
2140,2234.4563004521056,0.14528532584327825,1.6019615485595675e-07,281.1692231741976,644069.2896480684,112.18824931300121,56790.9471367386,1.1126700183461107,76.04046973559117,0.5148799060251994,0.6949202259618517
2141,2273.3687878791734,0.12061949391403659,0.0,278.69301550026137,644410.9273637343,112.17124180117416,56765.17046220738,1.1108840698538365,76.0986907746675,0.5143877069485054,0.6926854759259129
2142,2294.911335517585,0.11474627646271884,0.0,255.71095281363017,644730.6820857925,112.20610802551984,56739.3910872987,1.1024394451779937,76.04627888071538,0.5139328742645187,0.6910390382909952
2143,2263.736973846507,0.13440370662271628,0.0,256.73149074167185,645051.7866148009,112.18768278165177,56714.51500037295,1.1070889020282526,76.05806351761903,0.5134898901432987,0.6882273384934763
2144,2228.057119139553,0.14830491159339598,0.0,275.3591803761253,645390.6411964853,112.11765832093909,56701.787393333405,1.1068390637265726,74.57080156769698,0.5130718649434439,0.686312010016735
2145,2238.5576304580345,0.14333338922574446,0.0,283.16673353485686,645736.6304516591,111.90741122832004,56695.73729011011,1.1065235409326208,74.38053005916159,0.5123570206877456,0.6835156058318148
2146,2172.8614870462566,0.1761941816759114,0.0,322.04620294960847,646121.7088544588,112.19543108827179,56689.690001570314,1.1102857545292129,74.63519065014162,0.5116376568172623,0.5949959221275094
2147,2292.6117410711113,0.1248535307332308,0.0,314.6514233765929,646497.7177150662,112.00537467354961,56684.10403726681,1.1091668708941147,82.30843933724769,0.5110070683776828,0.5924354902974187
2148,2219.525499380394,0.15432441889643844,0.0,292.72950481449146,646854.6989151952,112.11905915845064,56678.47494155433,1.1072949694528609,74.82088954831062,0.5120492533229113,0.590040041960151
2149,2223.8136052812365,0.15595855609369558,0.0,311.44483136018374,647228.6377382418,112.15796363551439,56672.17118915364,1.1103636157504757,74.85694065020849,0.5114379419552036,0.5885400272563288
2150,2254.568275534779,0.1376390037551236,0.0,303.81627337205686,647595.0002181297,112.36712420087773,56666.163357947145,1.1067334108052975,74.92732377975548,0.5108653426159148,0.5858738774795427
2151,2200.8740245469876,0.16316239920084852,0.0,302.01831015488744,647960.4591327661,112.5563720716252,56659.75548314513,1.1127837032415107,76.61062283523384,0.5103368276800319,0.5837125772304148
2152,2235.477306328716,0.14396187525113613,0.0,280.3443147504303,648302.5584372162,113.0100941715121,56653.49705370843,0.8936540604911702,75.27962118094337,0.5101950961659036,0.5809857957456757
2153,2300.885512129458,0.10696954191431185,0.0,278.2870813677053,648643.8235654295,112.4570650619425,56706.78123649148,1.108815015940757,82.08031989260522,0.5097760719531839,0.5789772176063366
2154,2206.545045594454,0.161209337075355,2.4337643275067203e-11,292.3847233819102,649002.2308957548,112.2270765370641,56700.26833735307,1.0917954497534328,75.47012480885222,0.5108326079028677,0.5773677890650788
2155,2222.572583690347,0.1541345984567054,0.0,315.87350596308653,649380.3662118667,112.24599406828304,56694.26998509396,1.0961255181480696,75.67187205282497,0.5104225741085768,0.5746654223670191
2156,2231.6907382075005,0.14897152470381014,0.0,313.32256096357656,649756.4342172726,112.15647593221588,56687.94687749006,1.0933758969763407,75.95629876745905,0.5100765244091374,0.572986997595109
2157,2234.270263078818,0.14729892805164946,0.0,307.0057755227827,650126.4156205902,112.14510127785782,56681.49215459693,1.0949819244981667,76.19687161022912,0.5098089443244745,0.5704946386854886
2158,2224.601254933217,0.14867524840495705,0.0,299.44412508106586,650488.6803555975,112.04149611769756,56674.952542208106,1.0975676444904376,76.48286356278716,0.5096064852510563,0.5683647092717479
2159,2239.013986275746,0.14074891815864699,0.0,306.71695288702176,650858.0635130117,112.38388932162728,56669.663163138044,1.0946157891953487,78.3088807916707,0.5094755886966288,0.5661618785074438
2160,2284.7055189057637,0.12479003339235673,0.0,-544.6560497841774,650375.9410921335,112.09818433011824,57523.755222885404,1.0913049774099597,78.44033192717364,0.5097419594778202,0.5632162519537758
2161,2241.1893882067443,0.13952275710179063,0.0,900.8243955352686,651340.4212488874,112.03512589802794,57498.20562300817,1.1049750396544542,76.82520582669547,0.5100231866516474,0.5612467784374076
2162,2299.48377757151,0.11136582845183896,0.0,416.8362867081282,651819.8491890143,112.32746631512025,57472.234338352166,1.0679954299384986,80.66142474644411,0.5099450581458237,0.5590683859324486
2163,2348.613680529933,0.08747627478489084,0.0,258.61907252936925,652142.5093295962,111.97151327470246,57423.40850772164,1.0883792575136284,83.40410238937496,0.5106913787212297,0.5575816803315661
2164,2327.927045351126,0.09707119328670388,1.652598287675062e-07,-1254.771443759231,650953.0156798007,111.30944678956847,57361.68417111168,1.0908590723149867,83.0375951555094,0.5112211975253645,0.5559752537053555
2165,2336.8287878647798,0.08996932793841483,2.2603899411980342e-07,1331.1415496415104,652348.759015299,111.23720892700227,57342.54712880817,1.1112610609981808,82.96764906821535,0.5121535377701236,0.5535705032442877
2166,2354.180935591799,0.0800134037570811,3.6154191685100914e-07,448.3399646324053,652862.1209371531,111.18599611754401,57321.699524296375,1.0609927852455112,89.69247836371633,0.5127111760548808,0.5523671083704187
2167,2346.1508653222472,0.08380340469357328,5.560059989889698e-07,221.96208662083387,653149.9155668882,111.2134494736679,57299.71089883281,1.0608932382387097,90.60399359704682,0.5144160305217945,2.4872249023376014
2168,2341.7966049922675,0.08520908585333042,5.998947808776943e-07,211.01218279885012,653426.6607949124,111.59762008087327,57275.637544081765,1.0835400210962662,85.32054810528686,0.5155530353961676,0.12230005654168963
2169,2343.491101116642,0.08917083760068256,6.4743946511992e-07,185.77347629862663,653677.7039809775,111.54151529243043,57250.074188655766,1.082557247382572,88.45543518804536,0.5121724032044458,2.42656670557281
2170,2342.56090709605,0.0884263499225938,6.944085583429755e-07,187.39925652801656,653930.4095909548,111.39995565742458,57225.183794029166,1.082563598996119,86.86115475116407,0.5151155269644032,0.0
2171,2361.0214427640203,0.0832362388424861,7.517229763892599e-07,193.21589549998805,654188.8226897919,111.40929640243927,57201.41878234529,1.0783013418168081,85.42765981441546,0.5151285671642177,2.289492889574376
2172,2365.392698234985,0.07757219626996281,8.644504705141127e-07,175.09521699251138,654430.0368992683,111.3862926348145,57197.27386416846,1.0801832321398244,83.93834579688125,0.518372832322706,0.9305940125616701
2173,2327.7401687602,0.08562399259752063,1.0372105622059304e-06,186.2827096504035,654682.7205178938,111.75232379570998,57181.45817170777,1.0767669069564012,82.02625143614316,0.527590811006634,0.9503483944239122
2174,2323.5618282240935,0.09042118419952005,1.123510801935059e-06,184.1262896266914,654932.9537980049,111.95540197275605,57177.08468698721,1.0831409909085836,79.7751492262173,0.5277376067339465,0.9728653663026705
2175,2323.5893391128766,0.09596054916682373,1.152625377892982e-06,198.94587956531603,655197.9127820169,111.95148612480443,57169.70512785427,1.0848774674028647,79.32800368790403,0.5273960287951187,0.9964821566173896
2176,2342.0301403990693,0.09104681128972913,1.1230280172829985e-06,191.7891719676527,655455.6665786766,111.45230401174214,57149.091934027376,1.089280633207169,81.09157641096178,0.5269764810536649,0.39298843704520436
2177,2336.310613274506,0.09785891758893095,1.1465435628974757e-06,208.622233771117,655730.4894547296,111.52485159796753,57127.3248452512,1.0907205839101555,81.1516742622962,0.5269403470174965,0.3923895092347607
2178,2280.7478297946586,0.11936651962379097,1.0949462076327435e-06,218.53008269737308,656014.8747806213,111.51356525736676,57105.24867948632,1.085361540350095,79.14790746170479,0.5269187787403609,0.39073225905647746
2179,2329.007807735066,0.1032907083309148,7.870316108331833e-07,235.27327558900862,656314.692827365,111.4750784731678,57082.97611459705,1.0843672456141205,78.79884312080377,0.5264696889506412,0.3883222432428397
2180,2270.4115639655834,0.11619339438112208,6.55580659673973e-07,231.2924657880232,656611.2995232383,111.74173139251982,57080.18322736136,1.0878756034993144,79.10512681443053,0.5259684566049542,0.38610623589761417
2181,2299.2413860951274,0.11038089993088562,3.8381533907074656e-07,238.98973207299133,656914.7060558122,111.78285470480482,57071.03397989858,1.098306290199675,80.97543270492262,0.5255578626491303,0.3837061240968467
2182,2294.851350450515,0.11459537882598803,2.674042143370944e-07,229.40909003291517,657209.5410983424,111.6668791368667,57063.4867890088,1.0933171950522402,80.69182829093674,0.5255677856748501,0.5605025145858917
2183,2292.3074806894524,0.11724969223700876,3.514224605497435e-08,253.59161498308316,657528.2484184604,111.95056822091891,57046.902305405834,1.0971940902704052,79.87766821165943,0.5255332842331606,1.2904306102057035
2184,2268.571978265108,0.13151324867618652,0.0,258.7770623508379,657852.1246356401,111.9012914471722,57021.693577429425,1.0995047765167039,78.18066032396173,0.525344140646978,0.4942281676649998
2185,2272.498668256782,0.13130747199202508,0.0,272.3827090372555,658188.7809013666,111.95420251412536,56996.41291572801,1.0999451170974748,77.19533366762715,0.5247821137784143,1.3090155104647465
2186,2311.7600967690487,0.11298346984508623,0.0,252.52698792756297,658505.580130205,111.82223821418943,56970.946843264785,1.0994899695860882,79.65230293448339,0.5240575278757067,0.3749576913261592
2187,2283.4830270640455,0.12093027229142794,0.0,244.52528026005393,658815.4230150003,111.82640423445284,56946.294026228636,1.0962401478567945,79.14575838615539,0.5238719866010174,0.8908775509078453
2188,2317.454744033974,0.112067707833581,0.0,262.46476897166696,659142.8423211765,111.83680490442222,56920.824625975234,1.0957835344815543,81.78857457451791,0.5236000310761155,0.37068728239523807
2189,2315.2418857028597,0.11308768806721758,0.0,230.4930350917699,659438.6284035564,111.83377044747493,56895.585286160436,1.0949140104048443,81.39654388445773,0.5238941732402523,0.36767629890127296
2190,2291.780595878485,0.12146818370468704,0.0,-554.5164373131383,658949.3610543057,112.1212961169378,57435.77065717635,1.1038277834389576,77.89404976358374,0.5240770836034786,0.36531334355626655
2191,2259.8192253842517,0.1357834610164198,0.0,874.7768965532055,659889.0550307226,111.91363853787162,57410.88232516282,1.083348876502619,77.664672747453,0.5235017278730419,0.36397781816282304
2192,2281.91081775947,0.11742339676014468,0.0,409.7889004901573,660362.7290774963,111.73636230290349,57385.898887294046,1.0910652087454675,79.62696594141174,0.522906279949075,0.3656001540359739
2193,2301.376472684616,0.1096185146490799,0.0,282.3014962015371,660709.7486934831,111.89002302835388,57361.40824691402,1.096399032939677,80.17547989815066,0.5227604944846074,0.0
2194,2313.0940391634745,0.10924269575498802,0.0,242.49004402602594,661017.2663763252,111.88474904575925,57335.73714214778,1.0982579525939773,83.85537115770069,0.5148972588391022,0.0
2195,2321.754626242103,0.1032303136329471,0.0,227.67633000906676,661310.0868385388,111.94228655768273,57311.1465938077,1.0961445815103277,79.94812651362784,0.5238804764625378,0.0
2196,2312.434290702573,0.11054626539284351,0.0,233.11405862189582,661608.8145372121,112.15604081873609,57285.98962604444,1.0964315143260093,79.62489043384537,0.5225661416465381,2.435903863720341
2197,2282.7699211099048,0.12040912396994408,0.0,236.2825558561994,661910.1450175619,111.81588239995493,57260.848604312014,1.0933882941380655,79.56366240109197,0.523666645455251,0.0
2198,2329.2578866371687,0.10376889758734487,0.0,241.30561909923267,662216.072619085,111.81595831758948,57235.15588447545,1.0925752091582999,80.47351874510554,0.5234601242441497,0.13256730969899877
2199,2283.466273025898,0.1238254592649749,0.0,244.96737884939398,662526.5735253562,111.92803061103545,57210.03739995832,1.0904990027776194,78.72232726086584,0.5234618194359638,0.0
2200,2319.0641716718806,0.10901028426621528,0.0,239.87481449449365,662831.0528896379,111.91555716120995,57184.33085624398,1.0970664775728793,79.77287591776187,0.523085733660705,0.0
2201,2310.0239705799204,0.11388303792535548,0.0,228.69212057885431,663124.7937887002,111.90864456827697,57159.42184042362,1.093962203268942,79.6725186253714,0.5229532742582838,0.0
2202,2282.6724304935005,0.12548977919117277,0.0,245.18508136691662,663434.9334142954,111.8679165340872,57136.038960048165,1.09006503254052,78.24217617542087,0.5228060567801783,0.0
2203,2263.5890083794234,0.13438065164723534,0.0,256.57563040825886,663755.6752282039,111.63376789835928,57110.49800307023,1.0963159884386977,78.09752950505029,0.5223604298482737,0.18321353452236622
2204,2272.4370620425534,0.13314081238242637,0.0,267.921160726843,664087.7700722832,111.707062260833,57084.894304582805,1.0940559000339423,77.28539689831892,0.521910839806248,0.0
2205,2260.6974703760097,0.1377493707404046,0.0,280.5077295111167,664432.5229861087,111.74292194083463,57059.30520496511,1.093419853647312,77.27381417705718,0.5213058170047171,0.0
2206,2295.5501729654957,0.12438564488346948,0.0,268.85655708723914,664765.4418614556,111.55292309853256,57033.7306510312,1.1029967172493582,78.49258025059547,0.5207288764438268,0.0
2207,2238.3394979419413,0.1459158972617518,0.0,264.4907633859898,665094.8082364183,111.47474636587083,57008.1701103837,1.0987844665175786,76.68246252974309,0.5204417064190958,0.7858964293984911
2208,2253.942880772211,0.14217309816540147,0.0,290.59933611064446,665448.8488245659,111.6487119383806,56982.62533629453,1.0915413943132106,76.78198586180307,0.5198011754924641,0.8202921877458778
2209,2285.567627792312,0.12871590808959765,0.0,282.5590783409284,665795.0679143822,111.55433073337299,56957.04913819196,1.099927748255818,77.08025065307649,0.5192275529421041,0.8162398206058299
2210,2271.7229848124193,0.13464517326813064,0.0,278.7028646969739,666138.3952534297,111.99946355424679,56932.05552984557,1.0947741342168043,77.26772870395351,0.5187465615463418,0.8822624447497276
2211,2267.8685389448256,0.13498126390949072,0.0,280.1472599182671,666482.4813035149,112.00970837701246,56906.554318297385,1.0908800603345932,77.47880616633168,0.5183315591837332,0.9140423505034789
2212,2279.9516049089166,0.13088177976122706,0.0,266.4008032636362,666813.051097331,112.12248435858362,56881.06734810331,1.095756190637002,77.504227992324,0.5179834337233273,0.9471331777129706
2213,2236.4882293804485,0.14594648075028926,0.0,282.3520967612876,667159.6330073166,112.12683854303154,56856.900572391016,1.095012684249877,77.70563870566818,0.5176591500782797,0.9812841712655143
2214,2260.564013688435,0.13893868843048707,0.0,287.85673543258133,667510.8719631612,111.85931469964815,56831.44307495249,1.094935694315806,77.75631742890488,0.5173951685439981,1.0094739779819122
2215,2265.4117135122356,0.13717027716959518,0.0,286.8629145924711,667861.7319993845,111.95559154377695,56806.0000650938,1.0955341425049192,77.856745551469,0.5171560742401886,1.039090773364677
2216,2257.0320412225433,0.1409729752163592,0.0,286.06208285628946,668211.9570341024,111.95227105888185,56780.57195741367,1.1017093686624304,77.88856949945541,0.5169512878374808,1.0636868502785717
2217,2256.099950085676,0.1400419177493165,0.0,286.3508054020909,668562.03084606,111.85883016005107,56755.78284274472,1.1020690812046519,77.80172651225361,0.5167642888724967,1.091821206790172
2218,2254.8504135996927,0.13520876092269574,0.0,278.6574835815162,668904.3940434955,111.80055134311333,56730.39998418642,1.100379439529099,77.75784426022967,0.5165688932038424,1.117384774876058
2219,2235.975248254592,0.14715355244736317,0.0,287.37172284832786,669255.6414897712,111.81236059012674,56705.03287980471,1.097154132455913,76.9305922870735,0.5163746494913731,0.0
2220,2219.6568486643955,0.15154653337729573,0.0,296.1586473082029,669615.0411192244,111.90144742176005,57931.704597950884,1.100186034602735,76.96294365969908,0.5159736574582141,0.0
2221,2211.471324016861,0.1540317264544776,0.0,307.8570682392667,669985.6469912616,112.03125708354446,57907.6976647201,1.0963338484480663,76.98752841953562,0.5155999620459606,0.0
2222,2223.319524713926,0.15100096408596475,0.0,302.13373357589467,670350.3056515916,111.77176846016225,57881.63852593652,1.1143957582226691,77.16745826915388,0.5152505333859245,0.0
2223,2269.9225681017833,0.13324962269176022,0.0,299.10793780445056,670712.8605540323,111.72116008270878,57855.57736985181,1.1098693422722645,78.80626664990093,0.5149573729468649,0.0
2224,2247.9765568971,0.14017909088185465,0.0,274.54907770579143,671052.0300735836,111.5315913773048,57830.61507914281,1.1074272992160712,78.9717847461402,0.5150296096857393,0.0
2225,2247.6729592816623,0.14146968812974525,0.0,288.4118502296287,671404.4132051765,111.430887251613,57805.193533521975,1.111146503390288,79.11967589248182,0.515133778161065,0.007980793198953506
2226,2248.5235935863566,0.14266702586137414,0.0,287.6020167579825,671755.9828759099,111.43212621716017,57779.223850514034,1.1108502529867716,79.34664091395393,0.5152646910766019,0.0
2227,2248.232618070935,0.14319020927801973,0.0,296.40656008607664,672116.3577479795,111.71248003176203,57753.63802154954,1.1129171243670932,77.88423211628658,0.5154375159899425,0.0
2228,2259.968861550273,0.14089825485312402,0.0,289.2267623694481,672469.5367181756,111.7161470695246,57727.69902474049,1.1110964863724064,79.19916060894894,0.515289082567021,0.2009852072945364
2229,2281.878411060358,0.13047809443493497,0.0,279.85193539129705,672813.6459850626,111.79248635496637,57701.775321835994,1.1032613694966305,79.55864181128544,0.5154343819092249,0.0
2230,2282.2917341025604,0.13132905348005175,0.0,275.26428381610134,673153.6267454925,111.77911993579842,57675.97660165681,1.1098048161158964,79.35352935034558,0.5156444794413519,0.0
2231,2258.8563675390915,0.14080982343820647,0.0,265.643978164276,673484.0343716665,111.60412897568264,57650.11667666911,1.1108467162963795,79.4028438083117,0.5158002885328354,0.0
2232,2254.8911806634846,0.14353630890496016,0.0,280.903152647292,673829.05234458,111.53874719341347,57585.63872019818,1.1092553555570337,79.45061185778768,0.515958947943034,0.0
2233,2260.2784794972513,0.1399773521558626,0.0,287.9251398375065,674180.9543433583,111.58730818615052,57561.44643004042,1.1165223020703976,78.31576258767407,0.5161289807062657,0.0
2234,2264.3928166123123,0.1414676041285079,0.0,294.2772596595114,674539.3495025815,111.53812528469986,57535.64040767328,1.1062359675287299,78.29482417233626,0.5160389212972544,0.0
2235,2286.951390882008,0.13258631085384387,0.0,278.8742251822422,674882.4257607713,111.39410343527173,57509.849057304105,1.1102876662439023,78.48287254818311,0.5159615522737773,0.0
2236,2257.268482175479,0.1486074144774514,0.0,281.7240655976544,675228.9394943083,111.44284116610493,57484.93146494751,1.113266621910513,75.66110347969992,0.5159284500020926,0.0
2237,2198.3612602500752,0.17605916718920533,0.0,304.5868854336537,675597.6456520181,111.37019265451974,57461.760489388864,1.1192574458830553,75.83557469994616,0.5152937765191391,0.0
2238,2185.474630188291,0.18121456184252027,0.0,352.8299727901147,676013.1359934704,111.57009924243563,57438.73196298102,1.1205893417588848,75.85302947966402,0.5147285752435822,0.0
2239,2190.938252000296,0.17949503714595705,0.0,362.43793374662835,676437.9179573099,111.80628216429741,57413.03043594239,1.1159347087103633,76.04835298492755,0.5141957789875368,0.0
2240,2287.3559910452527,0.13171603805553178,0.0,330.8944745579639,676831.3217838209,111.64796343410467,57387.31746774949,1.1197413399464746,77.9760339400301,0.5137317989938501,0.0
2241,2262.51806338016,0.14956648589884725,0.0,276.48518622825196,677172.8282034963,111.68580875700253,57361.64472241501,1.1104976008040097,78.1006776135273,0.5137036146091265,0.0
2242,2284.59778540019,0.14147148715370994,0.0,301.68582631482064,677538.9172664068,111.61092072475252,57335.986615085974,1.1073983309449558,79.68495189858058,0.5137161753537068,0.0
2243,2338.5632230533693,0.11447153811935473,0.0,291.2041485426684,677895.0561656451,111.6480469867492,57310.26593731223,1.106395245806856,79.7360625316131,0.5140670735554577,0.0
2244,2289.6266363174445,0.1377255060187732,1.9450775323898324e-09,271.79988182630314,678233.1696233145,111.94127182368145,57285.65676706863,1.1100249226980088,78.29640873533606,0.5144113991922573,0.0
2245,2345.2176664006015,0.1093610778944325,0.0,263.8218951192265,678561.9705044514,111.61627472269798,57260.00046180662,1.1107243035339054,84.48927026736226,0.5144306973155759,0.0
2246,2296.0405664824307,0.1380196949077377,2.7399318207988306e-08,253.4064402561233,678881.7217433745,111.78848823843526,57236.53241249814,1.114587515750824,78.17742332550671,0.5157734572930875,0.0
2247,2349.9969078242666,0.11236399304392519,0.0,97.86771224409813,679044.6588438337,111.27199442853376,57210.90553111211,1.1107164930138083,80.94397716421096,0.5156989764722069,0.0
2248,2315.074786800912,0.13225416850143457,0.0,390.6768944349392,679501.970659492,111.34194301921829,57185.99033298975,1.1035458705891776,76.30968136851939,0.5162075177323232,3.079594846582637
2249,2349.913870144684,0.11245788603300844,0.0,289.3323190990495,679856.9642770109,111.23870054884377,57146.217328689054,1.1065437099880047,78.22182440132356,0.5137785084444523,0.6520092206058337
2250,2268.304739428012,0.1443114726318273,0.0,248.54082712605577,680171.9950138542,111.31705680798635,57489.675585385005,1.1029735039700892,77.48266358555006,0.5158130174234725,0.0
2251,2221.347538028086,0.17032290195296018,0.0,325.41283916558524,680561.7379360656,111.94173312142327,57463.93821600571,1.1185606392101777,77.55244113445379,0.5155758367065525,0.0
2252,2228.198336005645,0.16644193654394757,0.0,247.22476355222466,680872.0740290218,111.5692259536574,57438.21161721946,1.109767655686396,77.52655310034524,0.5153656885735555,0.0
2253,2232.475531566987,0.16276253428022358,0.0,393.70541018184025,681329.1438777512,111.21144111154112,57412.497242809775,1.1101020918521016,77.5459037286238,0.515148283481244,0.0
2254,2245.5561186838927,0.15647424628321638,0.0,350.4857260484289,681743.1403626855,111.19066206200242,57386.87258470303,1.1146549227019604,77.99062324402199,0.5149461385668467,0.0
2255,2277.2403150394384,0.14126834228373364,0.0,321.0130180637415,682128.0211396327,111.1946002752887,57361.18737835644,1.113221528581181,78.52385548709259,0.5148494471199634,0.0
2256,2337.8652091609006,0.11310903989904164,0.0,268.3130615103905,682461.1620282833,111.02626189433624,57335.49424734221,1.1100564754050763,81.6532014664467,0.5148718213544932,0.0
2257,2293.594627492302,0.13405568752270636,0.0,259.92942502520117,682787.5522926116,111.14462366082776,57311.39987329463,1.1191712835329573,81.63657355170733,0.515562399432105,0.0
2258,2287.9541878931086,0.13593267579510426,0.0,286.09897806912227,683139.0685916832,111.25001399919155,57286.760743504754,1.119957275863259,81.60362591880602,0.5162147580792114,0.0
2259,2310.2121584553383,0.12980707000826053,0.0,269.1014030637977,683473.458455248,111.00569800508991,57261.10916667551,1.1210166086186575,79.45908154602806,0.5168273205874195,0.4688694735639274
2260,2251.3843559804845,0.15346427095627357,0.0,287.5304065471522,683826.810086817,110.98491270420261,57235.974409889444,1.1157588458198402,77.09278661788034,0.5169619735596149,0.0
2261,2241.717973592123,0.15750843499483425,0.0,314.05046093619274,684205.1506200009,111.10835267988341,57197.45597542635,1.1209985443422055,76.97295592864381,0.5165724947285535,0.0
2262,2250.3766164265717,0.15473038230751368,0.0,316.044171130077,684585.1742970314,110.92704647692325,57171.881696004064,1.1113184339033766,77.13291016419868,0.5161771562737408,0.0
2263,2258.1581497218417,0.1507036575470092,0.0,318.120530627171,684967.550230372,110.87652841854906,57146.499671879814,1.1196485528333737,77.08404320035997,0.5158360892197524,0.0
2264,2271.5396086962423,0.14445269753407675,0.0,311.46942135303834,685343.6279944414,110.56397054822166,57120.95465870803,1.1185408773692918,77.15228882901235,0.5155019105548919,0.0
2265,2286.459406681777,0.14049646469820032,0.0,300.25486019419947,685708.8554480964,110.57583398482508,57095.4243632001,1.12055658530884,77.01383449988654,0.5151993221754144,0.0
2266,2257.862640933784,0.1500181753176666,0.0,292.06527503394744,686066.2772684295,110.5383599068937,57070.36691974032,1.1262666810738846,77.06856684508068,0.5148825372966823,0.0
2267,2252.988684961921,0.15199303323250624,0.0,305.0888726968994,686435.9589174732,110.51576390835216,57045.79642570919,1.1228991469673142,77.14788907730413,0.5145935877585056,0.0
2268,2193.4546523979807,0.17993325051224207,0.0,337.25615052207115,686837.7523766012,110.82638482156963,57021.97223397786,1.1269530368157339,73.47114385594983,0.5143363337900518,0.0
2269,2148.7171680007928,0.20181365155394293,0.0,366.44407179139836,687267.1969072047,111.05864043410553,56996.520650798935,1.1332209442609962,73.54257561617582,0.5133060008224147,0.0
2270,2146.749903238538,0.20022637508592334,0.0,389.06552465604,687718.1083420843,110.91732001700102,56971.083454620704,1.1323863879122706,73.78322338136236,0.5123555514001663,0.0
2271,2237.168058941497,0.16429457272451042,0.0,379.73031768623076,688159.7285193859,110.7896386569245,56945.64435976258,1.1210024835170433,75.88457926721765,0.5115046876053223,0.0
2272,2199.571695482624,0.17160464342319537,0.0,353.6877738804554,688577.7208482034,111.01474700901048,56920.38439340735,1.1257752679100053,76.2973491773563,0.5111462913182749,1.8726312623118133
2273,2207.1352406536716,0.17139246212316384,0.0,340.73321829924964,688981.7546313249,110.31215835197861,56672.956238380284,1.127732500436693,77.8909429470886,0.5109401042533985,0.4091341973859244
2274,2202.3796600022474,0.17171599329358722,0.0,344.3278268345576,689389.6982189307,110.52900860670975,56648.88472869969,1.1265303113243486,74.36035919134504,0.5110370180139355,1.8264967445629736
2275,2222.5335375007394,0.1633550714352212,0.0,347.7376665536019,689800.9749328763,110.3959602071442,56623.57546730453,1.1275757241375386,76.60731063423461,0.5104088280831857,1.8438542238361322
2276,2212.3221442068125,0.16063910096805079,0.0,334.25473136993475,690199.3036707335,110.32473038236995,56598.286494898144,1.1365784299687223,76.68120396061323,0.510293306250942,1.8630711882473747
2277,2190.1442055951434,0.16803973204513734,0.0,331.9319027869254,690595.1397345155,110.58855134135668,56573.416736653875,1.1376967342387054,76.66680240566184,0.5101999751525759,1.8860980423733338
2278,2190.735094174967,0.16793655339251679,0.0,339.78548138583267,690998.2828720483,110.49617239881667,56548.851837470014,1.1350336929781708,76.77601647780334,0.510108928311957,1.915160630419166
2279,2192.2684058656123,0.16463228834315202,0.0,340.7495268066667,691402.451838887,110.3652834066187,56524.73071697845,1.1332708152597244,76.70014343770802,0.5100466307523014,1.9330108578256784
2280,2191.8325491898327,0.16526961831862552,0.0,-97.21786629216183,691368.7593730476,110.47530036911174,57177.52510540555,1.1382032386494834,75.0405944852782,0.5099717801342288,1.9530737756990675
2281,2277.5525815540072,0.1344416117709848,0.0,642.0085072471653,692074.2748082884,109.86081821516048,57151.977128083825,1.1302478059871726,78.97939020689809,0.5095464165278156,0.0
2282,2242.7159494556145,0.14836970243873093,0.0,381.4907656388537,692521.6016599042,110.0830399654472,57126.463480833234,1.1373877141602597,80.07939811197554,0.5099372512085885,0.0
2283,2247.8863687209123,0.1452494881529227,0.0,319.91391977046516,692906.596855742,110.15725334606516,57101.54590823342,1.1373602625930184,80.28434289503836,0.5105438570046309,0.28757715452559296
2284,2260.460443087042,0.14273383592894373,0.0,314.3903809527596,693286.3124912092,110.19156736728985,57076.09505764551,1.134469902112338,80.32345459947732,0.5111709555574147,0.0
2285,2249.085124940013,0.1462972752581656,0.0,290.4775504306692,693642.3632952727,109.98495762930524,57050.679878886716,1.1353771542949858,80.54394203241584,0.5117679970074477,0.16529277820183097
2286,2247.3356367245697,0.1475458946519893,0.0,309.126641417416,694016.9342877427,110.14264270062165,57025.22014640499,1.13109339035033,80.4170178569309,0.5123863300677532,0.1935189487762159
2287,2247.0271247203677,0.14757246240263322,0.0,304.6264598940758,694386.9565520096,110.05979327274794,56999.771946089546,1.1336124378210375,80.52296561465042,0.5129472246725296,0.0
2288,2246.328077858023,0.14801758514711205,0.0,303.07699316478755,694755.4134312312,110.10421710285098,56974.337641838654,1.1366638454582505,80.47195363393625,0.5134979538152198,0.0
2289,2252.958226340951,0.14511300986735265,0.0,301.6282027091252,695122.4080126673,110.07177572492257,56948.91654126694,1.1378285876077412,80.43047921161677,0.5140101872114422,0.0
2290,2276.5758677925833,0.13316136988805116,0.0,293.58822139052313,695481.4756923895,109.6719471856,56923.44849072593,1.1314662951188899,80.51819123777115,0.5144878940559603,0.0
2291,2246.847865104804,0.14843108957907458,0.0,289.69571516366466,695837.2139946084,109.78862478931582,56898.120958370506,1.1355849645934342,80.74705760207388,0.5149604293829483,0.0
2292,2275.602611262671,0.1362756319546803,0.0,299.1889087704442,696201.6779830898,109.8533200197177,56872.6792741663,1.1276712146227308,80.59764924072925,0.515458227610854,0.0
2293,2277.340229727191,0.13614409227437196,0.0,286.51935503220005,696554.0942889082,109.67928649442788,56846.92802969698,1.1324526153106946,80.46111451925546,0.5158991158645503,0.0
2294,2246.963516053298,0.15031138120759013,0.0,288.34564927339636,696908.3272052641,109.85526527869769,56821.58660061868,1.1336773317505526,80.2856635531419,0.5162887066481292,0.0
2295,2272.6777870528035,0.13814855617180055,0.0,298.39016541881483,697271.8364420092,109.62825821473083,56796.259120936644,1.1330893848164116,80.1959677664986,0.516633729812754,0.0
2296,2248.3107947041,0.14668075732709585,0.0,289.2417077445248,697626.8259577776,109.76711035834657,56771.238107000594,1.1320461484864215,80.11853466463934,0.5169422885656535,0.0
2297,2253.135957949383,0.14420852962700925,0.0,302.5691523200779,697994.467237698,109.65233028028115,56745.726334843246,1.126866342705068,79.95267843043905,0.5172188367922559,0.0
2298,2250.4406673195845,0.14565780489469926,0.0,295.4484348754079,698355.0943992106,109.67340948586651,56720.70949844898,1.1333097973800679,79.92872930190572,0.5174460742888681,0.0
2299,2251.4259147723037,0.1436004554480187,0.0,307.75840110850544,698727.9582408135,109.64608007284235,56695.02329593067,1.1307187496689117,80.02123562814967,0.5176568268838042,0.0
2300,2254.997201680243,0.1436769448125006,0.0,286.8386477179302,699079.9232955199,109.36352237298976,56669.75269528592,1.1309235290056754,80.02455684092033,0.5178892971393423,0.0
2301,2252.656374015843,0.14768911357520254,0.0,306.3571917841845,699451.4902484235,109.19422126658047,56645.63797627564,1.1271042747397881,80.09086523302851,0.5181108404360912,0.0
2302,2253.535421963331,0.14380034052390245,0.0,305.9282753864583,699822.5816063503,109.27392510596394,56620.276214051126,1.1325973995075282,80.0598966347157,0.5183354717728761,0.0
2303,2267.8330960773264,0.14368827769950365,0.0,285.87817223188705,700173.6347770006,109.16660752490802,56595.079509888026,1.1312491111594831,79.94386484658774,0.5185422293419032,0.0
2304,2293.829568868259,0.1366354335455615,0.0,291.3567868659178,700530.5781475247,109.11275607628016,56569.48816504055,1.1351870668320243,80.74542783227326,0.5187138202397508,0.0
2305,2283.6357859253644,0.1349045866514278,0.0,270.89521257683447,700868.2065672274,109.12029964730411,56543.90703041005,1.12880514578884,80.84138518472095,0.5190482281770099,0.0
2306,2284.4010862398495,0.1361692855682648,0.0,280.302125723576,701214.6586295094,109.05387094364295,56518.544449553054,1.1226141048717728,80.83042454118953,0.519386354124471,0.0
2307,2296.929018885063,0.13794893595695135,0.0,289.3415715959147,701570.1470011373,109.12485631029288,56492.92648532821,1.1291706362673617,80.81252076320268,0.5197051406819321,0.0
2308,2288.391723607752,0.1374378099760104,0.0,302.2488593697402,701938.8700250618,109.37546544957819,56467.38962283771,1.1212679680001354,80.58506744091991,0.5200040714872903,0.0
2309,2299.146318180679,0.13887880315161638,0.0,268.37644510888384,702273.421745362,109.0851214488869,56441.800797764336,0.8514295792761705,80.59543207701365,0.5202393321526251,0.0
2310,2329.279210235528,0.12699853807002393,0.0,284.73913736958906,702624.6015162735,108.93276711137158,57320.88760215882,1.1102329256117645,80.54131689406684,0.520440034130282,0.0
2311,2328.7482625112243,0.12833861131662416,0.0,288.0609717715587,702979.470948222,109.54571953246032,57294.98001303731,1.107945403224593,78.11175598958208,0.5206190748941759,0.0
2312,2336.1395660180983,0.12620750603639042,0.0,271.6662814461556,703317.7396141436,109.79673444329066,57268.948687013464,1.1083253072269843,81.76251498247557,0.5202695876346216,0.0
2313,2336.8917014486115,0.12596396938532528,0.0,272.56054525233407,703657.0919957402,109.69293160304355,56993.62801457659,1.1039214468490446,81.68350511769881,0.5207308880574518,0.0
2314,2323.472076144754,0.1310310891191364,0.0,266.5820630473077,703990.452580558,109.4635012153696,56968.59069580266,1.1030075087750661,77.82116732746925,0.5211395860135797,0.0
2315,2334.2242486342866,0.1271234686876751,0.0,273.10620469781475,704329.9301993783,109.415430877256,56942.78240203323,1.1050784273181913,81.50195612082517,0.5207017881950815,0.0
2316,2293.9057245499343,0.15191325199495798,0.0,286.0071409647137,704682.5678417103,109.67732230264204,56916.987261493916,1.110102794722045,77.72915476491275,0.5210731688555845,0.0
2317,2315.6139379233646,0.14060657784348984,0.0,305.341373384674,705053.4575808917,109.58093075666049,56891.14025275903,1.107251278139306,77.72206714002444,0.5206190823842076,0.0
2318,2320.7718274202907,0.13363863847570523,0.0,291.7071549579839,705411.2684697774,109.54544567916635,56865.309867116506,1.1069022042183616,77.79352078942082,0.5201863974779671,0.0
2319,2272.5052444260955,0.16453312284760624,0.0,304.69155917781836,705782.1515437104,109.81029810730425,56839.54626097925,1.1139658675812452,76.89800901622814,0.5197908388374906,0.0
2320,2214.8945503549794,0.1874428950655742,0.0,210.78632891917272,706058.0481740967,109.7382786232686,56814.200876572126,1.1229197053093218,77.18902369777729,0.5192237709661943,0.0
2321,2274.6686343236233,0.156379716229179,0.0,464.2957775153385,706586.2118862962,109.62691116213612,56788.98038342354,1.1217715779598998,77.24457366953916,0.518735099774262,0.0
2322,2242.930177912302,0.17271679515575877,0.0,359.9041963031499,707011.7122043484,109.77902993022387,56763.66021212647,1.1268175782652734,77.83849078898872,0.5182830056888464,0.0
2323,2227.161125354702,0.17748732361579234,0.0,358.04390986257755,707434.5357719185,110.23896952758966,56738.290378438505,1.13140079465821,76.71156291590108,0.5179807758010998,0.0
2324,2226.602308297449,0.17688761000640496,0.0,362.9122962359453,707861.8233975435,109.97492005389077,56713.00288096846,1.1287490200414363,77.02893371048727,0.5174528825991445,0.0
2325,2250.9832169995057,0.1590614907625656,0.0,347.0448266817241,708273.140941007,109.90870692647248,56687.724989834765,1.1241251388811364,77.21593555600398,0.5170195558746967,0.0
2326,2208.641811001786,0.17974724052716695,0.0,352.67526112249294,708690.6613740912,110.14553936971909,56662.40045005707,1.1275483526444035,77.57353956874414,0.5166481590959396,0.0
2327,2201.9511184764515,0.17978200032170388,0.0,356.10390749662884,709110.5515215296,110.13672587022813,56637.02359311721,1.135496110256008,77.6799648859317,0.5163720581654866,0.0
2328,2239.5869883107885,0.1646561180875894,0.0,355.7262695234914,709529.9249587288,109.89272340419541,56611.733902244756,1.1249156154820987,77.80180708637373,0.5161327430918069,0.0
2329,2256.477998833002,0.15560377220549748,0.0,342.30571526423154,709936.8762732026,109.89294177694691,56586.44804681359,1.1259074759448164,78.04549081227499,0.5159316605190409,0.0
2330,2271.5563219278292,0.14727592664113665,0.0,314.8447683754144,710316.7997100467,109.74338311142795,56561.112136711956,1.1327236202215372,78.0730151647411,0.5157929407548839,0.0
2331,2266.316151744242,0.15074645135640752,0.0,305.1703069266886,710687.4261320332,109.6176957700021,56535.865223376924,1.1256740689309401,78.15859049615207,0.5156672196496627,0.0
2332,2216.6207052521904,0.17251463438948056,0.0,329.24531667821066,711081.9953318285,109.8593083827359,56510.629007260475,1.1291688962080333,78.17531976095813,0.5155662574108357,0.0
2333,2255.0203323481583,0.15735799408482454,0.0,341.53032929340577,711487.5836217202,109.43928373678719,56485.40544069538,1.1234988233888894,78.07873003522371,0.5154740857315459,0.0
2334,2280.728311044156,0.14266050800475005,0.0,309.02171160498045,711861.6311456491,109.4289375653818,56460.19198909005,1.1310832773496358,78.1851409102064,0.5153660312548258,0.0
2335,2280.736574640986,0.14255985317886977,0.0,299.66248684363813,712227.6272503795,109.82895070654473,56434.99117861241,1.128448624973753,78.26796038653771,0.5152863052579078,0.0
2336,2281.0302174404783,0.14363316140712568,0.0,305.6170091946431,712599.5239003927,109.84798767837434,56410.5707691135,1.127112658268302,78.34920656202792,0.5152284360891719,0.0
2337,2323.9286320719943,0.12804098950495335,0.0,291.8183807401393,712957.5812957326,109.75105511141567,56386.165603313246,1.1287563279561863,78.48778487461183,0.5151909861684509,0.0
2338,2321.9984912668324,0.12818758719734602,0.0,274.52867430825364,713299.6278655994,109.76291849101533,56361.69497186695,1.1299469259312023,78.42316343587821,0.5151851860582283,0.0
2339,2236.2897115506544,0.16842273859367518,0.0,306.6941964056112,713673.6805670618,110.13856777712985,56337.36163331225,1.1293048170050886,78.49250438895629,0.5151784622230758,0.0
2340,2284.390948836941,0.14506965369730396,0.0,-628.3538295789075,713110.3031858199,109.88130914621057,57335.04122704112,1.128381275321833,78.48709566932129,0.5151870331294383,0.0
2341,2243.0343388174933,0.16626019900196565,0.0,1047.8257795884751,714224.2426635151,109.75501251777561,57309.375572293466,1.1373194534872577,78.69770288917819,0.5151941429468195,0.0
2342,2306.228968202564,0.13571958211414292,0.0,495.9931257632721,714785.2777668153,110.06622011361902,57284.68102438216,1.1343038578270186,81.21890566764012,0.5152460566816985,0.0
2343,2301.3162182144024,0.1343289754716256,0.0,310.5240644086974,715162.6498471261,110.33631792184454,57259.13111101137,1.0998743192785274,81.90639956168765,0.515834601913947,0.0
2344,2379.8261049327907,0.10769904929299201,0.0,289.0401165251115,715518.4034706351,110.02276207647351,57233.50999309609,1.1242384079225334,83.94528848185568,0.5165405998401913,0.0
2345,2351.383865135603,0.11816389183130871,0.0,267.45660854638044,715854.7956230509,110.37900684080431,57206.52936820332,1.1318353992850871,83.84432381410596,0.5176470909113322,0.0
2346,2365.2557542552327,0.11558267454056792,0.0,248.86168127932984,716171.8138683258,110.03028773331647,57180.93547085855,1.133730140638891,89.52790158160337,0.5186762845486774,0.0
2347,2339.167628001305,0.12467873137947338,0.0,262.4891060219852,716502.8271055357,110.32262650261373,57155.49161178111,1.1254655609054214,81.88068197647931,0.5208689981703093,0.0
2348,2327.873688537792,0.13071782510790597,0.0,268.098358868765,716838.6971945843,109.977718205448,57129.998065840475,1.120385616657356,81.71981330117703,0.5213159283327623,0.0
2349,2399.2848690707287,0.09989226298354559,0.0,261.6981886046602,717167.5368730106,110.05430939706054,57104.509331156325,1.118419483756549,83.57603063922633,0.5217059277300217,0.0
2350,2400.8284356470576,0.09838425331262024,0.0,219.49544302934993,717456.2123476417,109.94951360692207,57029.98658708844,1.1268291678037339,83.3858128390115,0.5224731835666284,0.0
2351,2391.702230141759,0.10397600708245369,0.0,227.93938310864098,717753.2968898661,110.13765553480059,57004.59424169853,1.1197266585187455,83.0544254351044,0.5231610601873037,0.0
2352,2347.8095713867206,0.12851724598461778,0.0,225.32012723401346,718047.4634835208,110.01328323280688,56979.15292815762,1.1182102206376272,82.72806481634026,0.5237433584323741,0.0
2353,2379.0196546286475,0.1156702352289326,0.0,272.86786543507725,718388.0173298866,110.35975238244714,56953.72197851294,1.1108559410002063,82.53408652918755,0.5242264641606676,0.0
2354,2363.6435548835098,0.10661040541437794,0.0,250.54708224039354,718707.0000679282,110.23321632841525,56928.3110145195,1.119752206031758,82.34503912039514,0.5246436765119263,0.0
2355,2316.0379239701865,0.14371502290787397,0.0,259.95307357543817,719034.9165218829,110.03504328423892,56902.91389805467,1.1287445867651564,82.19959296328065,0.5249993635702397,0.0
2356,2311.5938849009017,0.1458697092811908,0.0,302.9817265652577,719404.6065350155,109.96082337280504,56877.52965031002,1.1249646477604653,81.95977643591873,0.5253059435912908,0.0
2357,2309.616144489849,0.14649271204907344,0.0,320.97309851736037,719792.1774709481,110.11831549379562,56852.09082882814,1.1188061255814192,81.86244248786394,0.5255457065350999,0.0
2358,2309.899351992199,0.12980599013590477,0.0,293.49507984669253,720152.2329875253,109.81292589285889,56826.73172963973,1.1209609763089807,81.83446871997705,0.5257524842001868,0.0
2359,2307.945991763079,0.14640146093911255,0.0,297.8608062506944,720516.6506056607,110.01039013885288,56801.45533366358,1.1177102312606682,81.61682388445601,0.5259427672807434,0.0
2360,2306.1727214924263,0.1350275174607396,0.0,300.30999414872053,720883.4532948973,109.92387381198508,56776.12723920565,1.120192593022075,81.62532873540448,0.52607682532138,0.0
2361,2305.3194520520005,0.14353834487255734,0.0,297.28374747578937,721247.169827391,109.90892429724552,56750.74751885055,1.1217842153097108,81.53226259760001,0.5262058493350029,0.0
2362,2303.3514661659406,0.14618726976315022,0.0,304.7244206291601,721618.3044580529,109.85105871796348,56725.51306775631,1.1195460313973213,81.36085190098743,0.5263083712974684,0.0
2363,2301.9166807964657,0.14718920885115738,0.0,314.07292508106497,721998.6668498367,109.99202428260347,56700.22680372768,1.1177214442974206,81.40375936317508,0.5263689726700097,0.0
2364,2301.2817046349496,0.14695648004138417,0.0,311.6101235959249,722376.5394962588,110.07508571970995,56674.88912406893,1.1207668281268643,81.37957908598523,0.5264355948279115,0.0
2365,2300.105723641383,0.14696117033655642,0.0,303.98410481152655,722746.7786923682,109.95468322939891,56649.696989568096,1.1212900885304444,81.286914718533,0.5264935874610186,0.0
2366,2299.811087195471,0.14416477485290013,0.0,312.274051602714,723125.2917598264,109.98985727509279,56624.45406548203,1.1184968408376548,81.26075304888508,0.5265287404357019,0.0
2367,2293.3949780281755,0.1494829709966944,0.0,305.4346574688978,723496.9530892248,109.99191054381227,56599.225567237125,1.1167916642451576,80.38991777068837,0.5265564254766323,0.0
2368,2300.4995526063963,0.14580584446347666,0.0,317.59641407953484,723880.5880719308,109.59245769947049,56574.01150775579,1.1161575084296746,81.16850660589637,0.5263963974778366,0.0
2369,2301.219084201139,0.14464414519862923,0.0,310.3617256061982,724257.1409276366,109.66409091247797,56548.81188291714,1.1201437553766211,81.14569654082123,0.5264108292515141,0.0
2370,2301.3245975301033,0.1449890544642406,0.0,307.04803247524586,724630.3674733301,109.7229346496148,56935.30214818737,1.1201827002379365,81.12653183461454,0.5263946103452449,0.0
2371,2300.9644671594788,0.14471320650449881,0.0,304.64639910037255,725001.027841639,109.67009701783117,56909.90478319496,1.1171896448102323,81.019937809759,0.5263750136623813,0.0
2372,2301.0891114339174,0.14439082744004572,0.0,303.4953898066514,725370.5146891387,109.59377695713756,56884.52187533269,1.1171754749264333,80.95510476517795,0.5263335147080133,0.0
2373,2300.940286410495,0.1449499188274217,0.0,305.62499794136284,725742.1180217955,109.5480134347513,56859.087637083554,1.1186918093687364,80.95830797774626,0.526280148830958,0.0
2374,2301.112105755628,0.14486730207129628,0.0,304.7416319336343,726112.8659952673,109.56089252806822,56833.731797680586,1.117491142045994,80.96454339008712,0.5262300642833505,0.0
2375,2301.9143022502267,0.1443535219283375,0.0,288.25441622651675,726467.1434516879,109.52239956104403,56808.45806141493,1.0812525391503554,80.96468942922495,0.5261837453667965,0.0
2376,2304.9721762913878,0.14416654500129067,0.0,319.8950293232164,726852.9761809654,109.47525610524602,56783.13312458514,1.1096846355648193,81.08447546968434,0.5261397013680257,0.0
2377,2306.062949547303,0.1429505686582413,0.0,270.7974137797194,727189.7361708593,109.32860106871061,56757.756727245825,1.0697797156850448,81.13232052189825,0.5261234021060528,0.0
2378,2309.344229680557,0.14351616328325445,0.0,322.2826561668729,727577.8174598704,109.44996213046656,56732.524390515326,1.100032715945936,81.26773582226055,0.526118065928922,0.0
2379,2311.1063967130267,0.14203379070623612,0.0,311.3475080579404,727955.0035400335,109.59893710899699,56707.17693742605,1.1041173841852039,81.47532219450744,0.5261418661946311,0.0
2380,2311.266989639456,0.14112942576586385,0.0,296.41033539363343,728317.3092958141,109.47251815001204,56681.9745734711,1.1032110390685574,81.54222744104591,0.5262087665736469,0.0
2381,2310.93989875053,0.1401730911236161,0.0,300.18872868195314,728683.3986106619,109.89897610336591,56656.72185083317,1.102076179660906,81.49511848465224,0.5262865104900386,0.0
2382,2310.8901355799335,0.14011566806126718,0.0,294.4733060644296,729043.7824153979,110.14230931171443,56631.41767488543,1.1078737798702873,81.38035724805073,0.5263501696882877,0.0
2383,2310.881512543845,0.14054971371507508,0.0,255.0800753555563,729364.7684137532,110.15838830549902,56606.19269426489,1.0953995410465533,81.36573989369737,0.5263859867821763,0.0
2384,2311.032326789048,0.14261252510516553,0.0,305.28548821087975,729735.8492114351,109.91452486889688,56581.048797160816,1.0919686404207651,81.22243633110895,0.5264167793367063,0.0
2385,2312.799669731038,0.1420569038472781,0.0,307.7092931011829,730109.3259300947,109.95144738590609,56555.728218313365,1.1030470417797082,81.38189264924604,0.5264152826422228,0.0
2386,2313.971760625923,0.1416327865775302,0.0,302.2028995338833,730477.3527360433,109.72201978795621,56530.605265990984,1.1004018734135392,81.3593874512943,0.5264478657603043,0.0
2387,2313.42425356928,0.14087108988648156,0.0,302.20235261968276,730845.2436204272,109.87254153713837,56505.504519650756,1.0965158006949747,81.46761910838012,0.5264739003577544,0.0
2388,2313.3743830246053,0.14058056512999717,0.0,289.70497702272996,731200.6289693741,109.75947497123705,56480.35248797022,1.1032072722836712,81.61602113721325,0.5265216725668183,0.0
2389,2312.8567562949133,0.1403016282962699,0.0,301.6319509245716,731567.9335723764,110.08154898996766,56455.21481416807,1.098301238176213,81.6341701924053,0.5265986757009615,0.0
2390,2313.1228856632515,0.1403397302354924,0.0,305.4230837303426,731939.0472829437,109.97442488818096,56430.02563899088,1.1012969914144706,81.74198813449506,0.5266755821139208,0.0
2391,2313.1086680913418,0.14061563086975992,0.0,285.8628763041891,732290.5769845468,109.85251923128526,56404.91580530822,1.0964338620354386,81.76946023774708,0.5267840435977698,0.0
2392,2312.0289782744644,0.14048736107846438,0.0,294.8960433731199,732651.1018377449,109.82749242283205,56379.81983778624,1.1017804650066179,81.84076134750026,0.5268928128820176,0.0
2393,2311.592627733335,0.14053217545232033,0.0,290.7929486553406,733007.4828384517,110.13285217441138,56354.67323009086,1.1009743725672319,81.75035498477531,0.5270112447747883,0.0
2394,2312.276047657707,0.14004599086463643,0.0,298.69308840470427,733371.7429210922,110.2555441455818,56329.7383126437,1.09804243206459,81.74823977832645,0.5271042712388506,0.0
2395,2312.366304182625,0.13967719875437856,0.0,286.96852281598217,733724.3158804288,110.5004784027988,56304.686635165606,1.0961539550043236,81.85708410126216,0.5271920513290822,0.0
2396,2311.9314371145806,0.13986854644952196,0.0,287.48569531824836,734077.4035033348,110.4416739220082,56279.64924514437,1.0978036608564645,81.83287340466539,0.527298575212338,0.0
2397,2312.2521058686784,0.14045044105858084,0.0,288.00969184807775,734430.98410582,110.39548547480469,56254.62613407703,1.1023076298529326,81.71247772123434,0.5273944442052628,0.0
2398,2312.401999623982,0.14031332542512542,0.0,296.8975170360338,734793.4504024585,110.46358380485542,56229.61730269473,1.0981521444242826,81.72877332159803,0.5274596260949569,0.0
2399,2313.668478238388,0.14042422306309466,0.0,299.39720658545355,735158.4473041953,110.13404894366154,56204.62274699226,1.0960467570388277,81.43249515946297,0.5275248964722722,0.0
2400,2313.0857070773745,0.14020573521380042,0.0,281.2269807603804,735505.277769329,109.86923198526442,56430.68704698324,1.1056445034910383,81.27627901024847,0.5274984629890258,0.0
2401,2317.7076850094327,0.13946408578689096,0.0,289.9119164614693,735860.8717978322,109.93595942996973,56405.64719533165,1.1025895243609878,81.28858204963397,0.5274398475131535,0.0
2402,2313.344007673492,0.1400782399132693,0.0,289.24868142344616,736216.0251686745,109.94237203209383,56380.49120372351,1.1041991061076668,81.34944856368944,0.5273867094639466,0.0
2403,2319.051107930283,0.13928827915086817,0.0,300.7293380212949,736582.4177092978,110.0217437373246,56355.41564355948,1.106402384434628,81.42611574300037,0.5273491587508884,0.0
2404,2314.414299557961,0.13991174573734988,0.0,292.99278986630725,736941.3634092365,110.02199473614814,56330.28834553004,1.106502761824525,81.38192661910536,0.5273297894176262,0.0
2405,2315.0083794006905,0.1399647731418172,0.0,271.44897904657006,737278.572140835,110.24512475691118,56305.175417789105,1.0752254426395969,81.50792629152943,0.5273018422178145,0.0
2406,2323.01007235437,0.14085169066902914,0.0,297.68488014267797,737641.9573938476,109.97399620036795,56280.07688814475,1.0979789462286331,81.75598522026728,0.527302142963294,0.0
2407,2318.3521708467174,0.14077470608600218,0.0,287.25044989510474,737995.12844009,109.82985657294977,56255.0571661394,1.0955367868037145,81.971538292764,0.5273553685213178,0.0
2408,2322.8431578213062,0.1391106455369835,0.0,301.0513335684013,738361.8683155875,109.98299512211018,56229.98722754463,1.0973722930939398,81.80180162441346,0.5274518990711186,0.0
2409,2329.285695407544,0.1368987800174799,0.0,294.14511799422075,738721.854168904,109.95129876486871,56204.865759744025,1.0999709964371711,81.77491018722974,0.5275071611009392,0.0
2410,2326.6868770205497,0.13795433800747114,0.0,281.15456956403443,739069.1075448642,109.35774828334455,56055.41180820069,1.0988469877225175,81.65861194885284,0.5275537797839075,0.0
2411,2336.732843277341,0.13520915464167604,0.0,291.9313283884756,739427.0700038682,109.43969838844117,56030.387451902105,1.100220070250324,81.66215377635531,0.5275605981654653,0.0
2412,2330.851432133278,0.13641554077850393,0.0,280.0415925706728,739773.566154968,109.47277648130172,56005.37628533695,1.103570480500626,81.7189135900887,0.5275677228131358,0.0
2413,2329.929954808906,0.13713052473335297,0.0,288.4614891695955,740128.2317036206,109.48496255573696,55980.576788032726,1.1009338508976012,81.7493108873426,0.527586518408569,0.0
2414,2324.838665831841,0.13824561062901397,0.0,287.7350056164251,740482.1114958017,109.44267302561924,55955.72671687009,1.1023176684851022,81.63327827460793,0.5276107592983523,0.0
2415,2326.9573193083847,0.13846529419118492,0.0,286.05808343126824,740834.0809651065,109.38396148560312,55930.693527967494,1.1016772492716966,81.60649535646553,0.5276088588855842,0.27937604363870605
2416,2332.642082302131,0.13707537430322558,0.0,286.55847879863325,741186.6864147579,109.43359231095359,55905.93693677568,1.102970009534676,81.64120219006112,0.5276080296203464,0.277078243419993
2417,2337.385356237357,0.1353957170406418,0.0,288.06989111267757,741541.0124343747,109.89061263692278,55881.07690952892,1.0983899417425227,81.68183060934047,0.5276144782818526,0.27870530972506913
2418,2333.996305102125,0.13642047319938244,0.0,281.06140849076024,741888.4899535971,109.86470189053381,55856.28150980579,1.1011947342081458,81.70335640052944,0.5276292003596348,0.2768057404547619
2419,2333.4889864061342,0.13651720053673388,0.0,289.49353347005365,742244.2095796759,109.9541760213454,55831.43379184491,1.102695429455172,81.69102163159465,0.5276476079745043,0.27469996920780204
2420,2328.8333524052096,0.13724950359128152,0.0,276.9650070494067,742587.3499260168,109.64543313041263,55806.667341645254,1.1020652165222298,81.72093443463227,0.527662269914813,0.0
2421,2330.8296067477163,0.13675144999008304,0.0,278.5919133102425,742931.8672371199,109.65991989938895,55781.97818111815,1.1017942215221834,81.7331274702209,0.5276757652811601,0.0
2422,2334.549102449657,0.1366398335149248,0.0,294.4447452172074,743292.331018877,109.77661822827923,55757.173440869294,1.0972369475133306,81.78264621688348,0.5276910818633299,0.0
2423,2334.1789166391964,0.1361006040426902,0.0,283.67102866678005,743642.0949233508,109.76375459021433,55732.51387549247,1.1006411816212414,81.86725846222635,0.5277161094596408,0.0
2424,2334.6955990409087,0.13613038405148525,0.0,286.99627187254123,743995.1153851361,109.69383341528122,55707.737343060726,1.1009444094452048,81.82121156494475,0.5277578625842144,0.0
2425,2339.5419250991913,0.1353366543787864,0.0,289.3358566952802,744350.4761370398,109.84770994150227,55683.0398935985,1.0983457734214912,81.93757810641766,0.5277875579458636,0.0
2426,2343.8899969196373,0.1350500059590658,0.0,272.96328321927894,744689.6440077157,109.55804998253234,55658.35717987513,1.0972102454512975,81.82952984996606,0.5278405329756705,0.0
2427,2343.5298689578826,0.13487383033573308,0.0,285.823536927528,745041.7662467129,109.65520764074721,55633.68853895743,1.098681322322201,81.81101429224994,0.5278676254267775,0.0
2428,2346.8524637744913,0.1338142452616209,0.0,283.81509285580086,745392.0245254908,109.80258466995247,55608.968107934306,1.0987545810855672,81.78609878926788,0.5278892852524806,0.0
2429,2341.449564564563,0.13524645718887696,0.0,275.16217077797177,745733.7552008373,109.30694286961482,55584.39214870743,1.0987540756761751,81.80036942160719,0.5279044177198098,0.0
2430,2346.792356810242,0.13441564620709423,0.0,-274.03618267979505,745526.0093720201,108.9712144639866,56272.54730400302,1.0972101202343474,81.7744449531362,0.5278967838520432,0.0
2431,2342.3012236210952,0.13505660377981998,0.0,710.5026893117215,746302.869782647,109.09409133006984,56247.48120339905,1.0955006261186115,81.84081867755421,0.5278838842694693,0.0
2432,2381.4263703034503,0.1131141127771047,0.0,373.34466055789494,746742.3313617674,108.98640199596466,56222.43142155228,1.0952263901111043,83.52663795592747,0.5278857217117096,0.0
2433,2388.912403508452,0.10955919936240655,0.0,262.88130453435616,747072.9959701417,108.70516259146866,55999.15822363302,1.1011641982300182,83.83123193956305,0.5282478488205881,0.04122300488512565
2434,2426.266331465481,0.097805404165073,0.0,238.45475456197352,747378.9283874037,108.73327724676354,55991.57154629812,1.0987583008194706,83.97248010024107,0.5286452705008895,0.0
2435,2421.10940824498,0.1012067490134122,0.0,217.02812994473942,747664.4385611159,108.5910415676766,55967.47154998992,1.095789982012089,84.23490588799255,0.5290517313906161,0.0
2436,2415.7136132079177,0.10516639792102755,0.0,215.92807366308182,747948.6583469284,108.59903758029871,55942.641712232406,1.101198587363719,84.10763214918069,0.5294936881660494,0.0
2437,2410.4839987738073,0.10934794697772543,0.0,229.2872602455194,748246.0152645011,108.70426685128561,55917.684990678215,1.1039811230833503,83.8619621659813,0.5298860110907351,0.0
2438,2411.580780773018,0.11080463662844275,0.0,235.43232622055382,748549.397346376,108.61756534570078,55892.9250022377,1.0962195177134006,83.7109876770367,0.5302058775632277,0.0
2439,2401.4374445439175,0.11586700798747696,0.0,238.32081044231836,748855.8010029586,108.5884895516837,55868.127483388285,1.0962749745737224,83.47923097788127,0.5304771836921283,0.0
2440,2400.141933714536,0.11737496597504127,0.0,248.5057646444895,749171.9412385257,108.50449153695791,55843.33712620128,1.098519077702111,83.44624792918852,0.530685098486812,0.0
2441,2402.1386910343017,0.11813692208463245,0.0,259.97657163406643,749499.5415945151,108.58003071051826,55818.63125205605,1.0963337857655135,83.60580693798825,0.5308753189835667,0.0
2442,2400.090705263492,0.11989158491284091,0.0,263.22184069840347,749830.5247002229,108.62976542247293,55793.80836731309,1.0946763510123576,83.5541521190424,0.531089906263523,0.0
2443,2397.4254121188224,0.12192429915736835,0.0,253.48406916644046,750151.582947506,108.55065891284859,55769.127173259,1.093107079527027,83.46279356898059,0.5312824630134386,0.0
2444,2389.074033232706,0.12500867459181264,0.0,256.095981785824,750475.1821717329,108.54459451160803,55744.39964315144,1.0911422142203262,83.37300734600213,0.5314456064579904,0.0
2445,2390.4230219395004,0.1261065784116615,0.0,273.8996383416851,750816.1792302798,108.29220016528403,55462.650221106385,1.0896072924588072,83.4541270785544,0.5315811529250094,0.0
2446,2393.676184133377,0.1251436855509559,0.0,263.5276554254791,751146.9254628525,108.20216357931925,55438.082254367546,1.0971174620314808,83.44557070215717,0.5317145635701171,0.0
2447,2395.648463014011,0.12533679579094859,0.0,269.12046463417806,751483.3850835975,108.22875643121483,55413.60211146196,1.0950409928244489,83.32701674798972,0.5318392417393747,0.0
2448,2391.4820282025557,0.12718860084504047,0.0,265.02122541629143,751815.8172178625,108.11038759130865,55389.004902020795,1.0938147932974531,83.50381867237311,0.5319321043252877,0.0
2449,2392.127536066012,0.12673571234261394,0.0,267.5499290727908,752150.5525306037,108.28298897512272,55364.48216393283,1.0922664825503545,83.55425661845396,0.5320579116378281,0.0
2450,2393.0125095359126,0.1264934917878866,0.0,274.29119562066893,752492.0960260872,108.47075800910696,55339.94451516429,1.0926249832847374,83.69191551155292,0.5322004534531418,0.0
2451,2391.668851623659,0.12747131889361962,0.0,271.71386131319997,752831.0877604575,108.35220114543492,55315.51670597937,1.089981715703703,83.59808931480613,0.5323650610269348,0.0
2452,2388.605100781387,0.12785218205599602,0.0,273.9450146659393,753172.2763289637,108.76307452819361,55291.04261056301,1.0924531245231057,83.55167368140592,0.5325011194210542,0.0
2453,2389.502164160946,0.12854985233450889,0.0,266.94133233324396,753506.3001735593,108.65204064883861,55266.55162352418,1.090501087126917,83.70590562841122,0.5326202038595064,0.0
2454,2387.765494302819,0.12916881848977224,0.0,275.5593532808611,753848.9247023996,108.71518728526006,55242.03844946169,1.0969678814325787,83.54086094401225,0.5327660739057946,0.0
2455,2390.0987268947733,0.12910154799514673,0.0,279.26057383289987,754195.1859178452,108.73418847934732,55217.55905921034,1.093635273746012,83.54483803093778,0.532869104110697,0.0
2456,2395.694808027121,0.1269832058710325,0.0,272.8836018065169,754535.1562724598,108.68095395643849,55193.13744689818,1.095601081122728,83.62278746497276,0.532967595665187,0.0
2457,2394.9061735112955,0.12799463774084807,0.0,278.07912545928707,754880.5773873936,108.82919834423366,55168.749752710006,1.0913023050503197,83.48762343972278,0.5330775939637611,0.0
2458,2389.6838778501115,0.12974964232506092,0.0,266.03737593287974,755213.935392158,108.80879151995453,55144.328415148964,1.0949964464404898,83.57641130652075,0.5331529460562406,0.0
2459,2394.9889032846027,0.12891327600789304,0.0,270.44117332131947,755551.4235767267,108.68494735761776,55119.85410184637,1.0969678348289995,83.57407899451431,0.5332557604042986,0.0
2460,2390.1404656795867,0.12970705925361947,0.0,-835.0753302873791,754783.5326298502,108.7387591299891,56412.89165930359,1.0924394860651623,83.7556345614952,0.5333152713453592,0.0
2461,2398.8832535748293,0.12806804401563399,0.0,1126.855274574785,755977.3063450861,108.55307459895745,56387.7866336162,1.0842102878150952,83.71950593376216,0.5334104045013915,0.0
2462,2465.481737166207,0.08573733541915618,0.0,457.23201353425975,756501.7839586732,108.58018624072984,56362.6311908435,1.0924878421922952,86.65185178414626,0.5334928140850526,0.0
2463,2489.3938649272563,0.07508335093412455,0.0,240.7485997290674,756811.5065775653,108.61454061381953,56337.499411938545,1.088037106631966,87.29829231441592,0.5341979063807825,0.0
2464,2482.0581961790144,0.07845221972574412,0.0,171.42414801613046,757052.6901881903,108.57520238141399,56312.594936570094,1.0973913760405387,87.1881290523379,0.5350054673522484,0.0
2465,2474.0702294057387,0.08447759828844281,0.0,180.68465968632,757302.8453734849,108.54645585553585,56287.58054765716,1.0949314265254855,86.85527395914684,0.5357485264931061,0.0
2466,2471.864583136225,0.08829269606248547,0.0,193.16443849418488,757565.2365871066,108.64373590359563,56262.581734889565,1.090715897008287,86.47004070436942,0.5363827018269675,0.0
2467,2460.2772985483043,0.09415743201537541,0.0,192.75972915090426,757827.2218137286,108.52439200160282,56237.596807021364,1.093895840527406,86.12254210676046,0.5369022702768409,0.0
2468,2461.8052021225953,0.09650930344922692,0.0,221.4117629499554,758117.4041071316,108.67141860672821,56212.62639730745,1.0939214802381183,85.88704777163382,0.537321069001757,0.0
2469,2460.544625260871,0.09868062309378622,0.0,213.3334301174899,758399.6176977817,108.62123902259567,56187.57214974,1.0909502984330528,85.9491458371355,0.5376681211442078,0.0
2470,2450.3603496850983,0.10326065586639688,0.0,212.82154603374784,758681.3501050327,108.53656764770888,56162.64668523323,1.0972066840662191,85.74865035483907,0.5380106735166406,0.0
2471,2451.942497655446,0.10478273311748498,0.0,86.57591182692039,758836.3548395003,108.34377249903798,56137.62055500791,1.0889551881872086,85.83107945640707,0.5382927950765701,0.0
2472,2443.68752200347,0.10823106835493101,0.0,340.0150449710686,759244.920915718,108.37419381329752,56112.66954463733,1.08655165547988,85.731726756191,0.5385655532677821,0.0
2473,2452.3426678239002,0.10397134635764305,0.0,255.0778935296371,759568.2374849736,108.35872118859636,56087.736327024424,1.089412546009213,86.03637629779243,0.5388030178856454,0.0
2474,2454.0133696088546,0.10425983366429092,0.0,228.57233921265941,759865.2019121468,108.33704776388826,56062.804244074425,1.0936547773204508,86.0536708433775,0.5391058282590449,0.0
2475,2454.8265936713983,0.10537049874854343,0.0,231.70263704477668,760165.3552682699,108.37838553143034,56037.836205200925,1.0908213380984093,86.12526595846009,0.5393967643643411,0.0
2476,2452.401556760131,0.1076121847960102,0.0,227.58391047219988,760461.4525532346,108.34317721352993,56012.94428516774,1.0892119450160531,85.99883305900259,0.5396880313489003,0.0
2477,2449.154565152734,0.10934850511809013,0.0,238.0194131462157,760767.9283603504,108.69109691986722,55988.008148603185,1.0860184992540294,85.84945789856977,0.5399372621937155,0.0
2478,2447.646901198305,0.10030380455315091,0.0,230.08527631082438,761066.3510501729,108.42524822299693,55963.08616578508,1.0897952356049874,85.89685063615633,0.5401416662463615,0.0
2479,2445.9993398478996,0.11167665531449089,0.0,225.73113545976315,761360.4170220776,108.07981262097975,55938.13736853233,1.0978430310860732,85.6713662677897,0.5403455763455834,0.0
2480,2442.8768316405462,0.11372836136322284,0.0,231.90455120777375,761660.9823382599,107.96245379837217,55913.163647165136,1.1049754738283173,85.60654777358148,0.5405031372146046,0.0
2481,2440.470703524678,0.11546970747958818,0.0,250.33337262220084,761979.9123264786,107.96881088768262,55888.26493175709,1.0988132608392198,85.78200511857318,0.5406510395170178,0.0
2482,2439.1809536464157,0.11659256707166965,0.0,257.245402652917,762305.7290942268,108.02549835218598,55863.50302617426,1.0924966732293186,85.82052452338736,0.540828674084228,0.0
2483,2438.68224078036,0.11717588524107303,0.0,248.5524537094605,762622.7866496856,107.96635322076655,55838.60557607411,1.0937631116943487,85.5251871388814,0.5410052572577386,0.0
2484,2437.9762836294876,0.1178848236545662,0.0,254.4911499854539,762945.6904984991,107.96064235910744,55813.759007125926,1.0964664482078383,85.53386330836203,0.5411094490690638,0.0
2485,2437.3467148254185,0.11844957843483683,0.0,256.5826664518582,763270.5896146506,107.95701113112675,55788.99674281256,1.0922660404045492,85.41601995940982,0.541209907049366,0.0
2486,2436.524020421972,0.11917523178414824,0.0,251.62816766842565,763590.5305010751,107.84461085626758,55764.1881628524,1.0956038531316143,85.4900517848319,0.541279764135415,0.0
2487,2435.6034152662837,0.11979700303901708,0.0,254.99986513419356,763913.7690699217,107.51054537264612,55739.39412694896,1.0948025973825173,85.49942096694193,0.5413615925308719,0.0
2488,2435.0688507057234,0.12056333327375746,0.0,263.81832978109827,764245.7811368268,107.5325068873748,55714.547000286126,1.0949962111464635,85.60318395768073,0.5414409609981113,0.0
2489,2435.0687491475132,0.12095025006990923,0.0,259.3002115360825,764573.2456498579,107.58445798681407,55689.83478327458,1.0934740302915917,85.55672924339929,0.5415381778424883,0.0
2490,2434.6196330760804,0.12148145850560244,0.0,-293.0878730274113,764348.6491026817,107.47445562045475,56585.382013654395,1.0997068631772642,85.59474332902661,0.5415952730019559,0.0
2491,2433.84963925376,0.12179238955018856,0.0,685.4313203736133,765102.4724786856,107.52705237098795,56560.07142410066,1.0838105240319886,85.71912170523498,0.5416572791134247,0.0
2492,2468.1059205148395,0.10165810909900574,0.0,352.74328526778953,765523.5185132759,107.48966780047628,56534.89759083006,1.0936967027789053,87.33015654203038,0.5417424162435215,0.0
2493,2474.586564773893,0.09796763066251046,0.0,240.95016936072057,765833.7087435974,107.53668452593102,56509.68094816845,1.0961342850074631,87.6927809755199,0.5421674178961788,0.0
2494,2473.415597254961,0.09883899570845855,0.0,220.53967815657126,766123.5671518703,107.48451079834113,56484.34501228876,1.1065280286836994,87.68120697410639,0.5426481877720197,0.0
2495,2470.5208892633054,0.10191922185066626,0.0,220.85855721304324,766413.7311240339,107.51749223248468,56459.12133874788,1.1015955132696218,87.62366354952923,0.543101888750182,0.0
2496,2467.4274809471754,0.10464822200279389,0.0,230.27461585040203,766713.2999107618,107.5766996775677,56433.88111353483,1.0967024847678795,87.44327852669167,0.5435200475584337,0.0
2497,2465.0318244749683,0.10718449491277249,0.0,234.4504157813612,767016.9286837792,107.55282916417391,56408.90627878374,1.0956103518373947,87.25622308889537,0.5438781808342676,0.0
2498,2462.4078777450422,0.10939882233427911,0.0,230.47609336186832,767316.4830335943,107.5247843841449,56383.627508131096,1.093002442051982,87.17260053078283,0.544177882322677,0.0
2499,2460.7207374242885,0.11043070474922656,0.0,245.16893779040817,767630.5730794987,107.6007211750555,56358.54492168978,1.0963650794820552,87.14560068750318,0.5444442106454974,0.0
2500,2458.7373394902747,0.11190901862220726,0.0,183.45382678390786,767882.9207278736,107.26890673892898,56202.72563826608,1.0948814931838726,87.22692043546377,0.5446909521188017,0.0
2501,2457.5346381563163,0.10287329915802312,0.0,275.3784308876598,768227.0600202887,107.34529806521311,56177.629133998606,1.0913847290094087,87.33074284317624,0.5449297793301945,0.0
2502,2459.554597384184,0.11150683395371741,0.0,246.78351962835603,768542.5113654297,107.47939138908625,56152.60701435626,1.0927710951681546,87.43516339015684,0.5451783733486679,0.0
2503,2458.121128982942,0.11268579775077447,0.0,240.82922999351933,768851.9146148008,107.46937654305717,56127.53543542116,1.0921473877368413,87.41946518099863,0.5454363659572765,0.0
2504,2456.7130761136746,0.1139219736097542,0.0,251.34591098390257,769171.7936120633,107.50620419412171,56102.662604626275,1.093058609775826,87.38182113676793,0.54569006749096,0.0
2505,2455.345602543399,0.11506744660157275,0.0,245.00496031797377,769485.2910557713,107.46899366580442,56077.689642250654,1.0932484125398696,87.22860765281648,0.5459225239188257,0.0
2506,2453.586843455468,0.11668988679646874,0.0,253.37978881799324,769807.0576537631,107.54670615642529,56052.731000447726,1.0915168044621277,87.19142687855897,0.5461100900630047,0.0
2507,2452.548948581208,0.11684156145070768,0.0,256.1892116119117,770131.531007896,107.58776305664507,56027.78661963789,1.0920050212160684,87.26098906156285,0.5462798385373236,0.0
2508,2451.7283084335504,0.1175637169175966,0.0,257.7581884822215,770457.5556108479,107.67239000916527,56002.78950523965,1.0941595547353544,87.14928604701349,0.5464554909948703,0.0
2509,2450.9495777633324,0.11852032992251604,0.0,252.2867100176167,770778.0898995218,107.47597262242672,55977.923980870706,1.0915751080275389,87.07419821591425,0.5465979866351619,0.0
2510,2449.9167454382546,0.11905803243360102,0.0,258.6169133727496,771104.9462715114,107.43967782093794,55952.955418419944,1.0892289144698895,86.98474393709844,0.5467292989221091,0.0
2511,2449.9341648287646,0.11956899270206989,0.0,262.94110123170606,771436.0566342509,107.41660096277394,55928.04494188034,1.0904095499070918,87.07289763598686,0.5468344445805026,0.0
2512,2449.8393466087177,0.11990819531615726,0.0,264.37162790759925,771768.5817493888,107.42124761507236,55903.16172115056,1.08849124684244,86.83898541237895,0.5469527209810052,0.0
2513,2449.7947272864453,0.12073329547347544,0.0,262.51096104185024,772099.2246850416,107.36772097901996,55878.366111866606,1.0906641823669323,86.61058181003396,0.5470145959544123,0.0
2514,2449.9062978056822,0.12126664855797509,0.0,262.1434584498675,772429.473899429,107.45872325618728,55853.454242887216,1.0845888126188956,86.35204732589764,0.5470240910409587,0.0
2515,2450.343167635341,0.12358400588322815,0.0,244.1409156372523,772741.65090364,107.21858845364756,55823.96330173411,1.0849405708135211,86.3019641101034,0.5469774051040827,0.0
2516,2450.357759928606,0.12286829211046091,0.0,277.357365828714,773086.9802221701,107.14837452946725,55799.08510633987,1.0844513032639802,86.23793663346646,0.5469219471603082,0.0
2517,2452.2330919747515,0.12211246407811494,0.0,280.8017099928946,773435.7743806706,107.25976105602552,55774.27015706542,1.087828911865216,86.10582356489155,0.5468551801930701,0.0
2518,2453.21855999351,0.12132761759374178,0.0,263.6271688897942,773767.4402165152,107.34477479597561,55749.59338603413,1.0760346814944093,86.10662030655934,0.5467631179599952,0.0
2519,2454.2270539503593,0.12195076637259106,0.0,269.2550830409441,774104.7513349093,107.19984376794925,55724.81751936927,1.0898590038199254,85.94251987392025,0.546675459825993,0.0
2520,2454.2454751050304,0.12273386483938897,0.0,274.70838230843486,774447.5071755111,107.21467248541856,55919.311615977924,1.0836880664668558,85.76877292745253,0.5465317785135408,0.0
2521,2454.283374909234,0.12241077449854387,0.0,263.578108647217,774779.0742217756,107.24583920873293,55894.44755270506,1.0833563742311074,85.82258634677791,0.5463577874135697,0.0
2522,2459.3847798702063,0.11942910265159545,0.0,267.9321673525311,775114.9736926086,107.26004630812514,55872.894767683436,1.08523931439714,85.95220192753264,0.5462036799942993,0.0
2523,2454.4138513010917,0.12026035755962261,0.0,267.8552514996665,775450.8405842647,107.19867986927412,55851.47956324063,1.0854142171856618,85.82365966040545,0.5460846675048666,0.0
2524,2453.68001651471,0.12114831038622009,0.0,259.22125577447866,775777.9188334327,107.32415890488285,55829.72886530371,1.0762861442197253,85.75988780008103,0.5459437810250691,0.0012844382295895684
2525,2449.541960193227,0.1247008777956291,0.0,260.43222614316556,776106.1330783525,107.0180511480001,55804.923994885496,1.0838795864500714,85.72299185231499,0.5457960090203928,0.0
2526,2449.8419731653776,0.12419002003421453,0.0,274.72179676488946,776448.5522146659,107.1767892980627,55780.06640851441,1.083568865239455,85.864001015473,0.5456473872271861,0.0
2527,2450.655775964581,0.1241167492390538,0.0,272.59820160370947,776788.8763030203,107.2745942436884,55755.33042913441,1.0865693413976611,85.47446281256421,0.5455360366612508,0.0
2528,2450.2943054097614,0.12431134948990241,0.0,272.85259775297357,777129.4625555084,107.36803052058946,55730.56796519739,1.0786356460966422,85.54339271558271,0.5453466318697875,0.0
2529,2450.9519418719633,0.12468847948853756,0.0,262.4093285288274,777459.6046936006,107.14927488194759,55705.75277476838,1.0844824164301314,85.69367503693044,0.545193623613478,0.0
2530,2451.8067137911103,0.12408961570451316,0.0,271.62641173909185,777798.9710671563,106.78555151315777,55680.99559830259,1.0818762068173973,85.6311619969724,0.5450801036268891,0.0
2531,2451.965558102826,0.12380049062356335,0.0,266.8528762318698,778133.5950687992,106.83131731243368,55656.272174090715,1.0827879655514503,85.74912167837871,0.5449585814103918,0.0
2532,2453.473533486275,0.12292478274434149,0.0,266.583510392616,778467.9644282715,106.72603337106881,55631.5497485066,1.090338749737597,85.68633440059622,0.5448680555796088,0.0
2533,2453.413464309664,0.12333163999556251,0.0,269.1101227144978,778804.9203849769,106.81259229009913,55606.787701789435,1.0835653768450348,85.48828251976208,0.5447683163490835,0.0
2534,2453.856491554008,0.1232757298432624,0.0,262.8398746413985,779135.6156367641,106.77317069642795,55581.298291870924,1.0814716527575392,85.51859270841256,0.5446309070161003,0.0
2535,2455.0473215732445,0.12163233210358038,0.0,258.1371325691189,779461.6206963902,107.02788689285713,55556.63120796695,1.081937797809647,85.77928828201046,0.544506562627797,0.0
2536,2456.612657683139,0.12173584266893211,0.0,256.3818882036632,779786.1729426311,106.97789680296054,55531.91473373292,1.0852914142756562,85.9049185825789,0.544443892830204,0.0
2537,2458.9207381073043,0.1208900411050835,0.0,265.93117196787364,780120.3021021872,106.98758953814784,55507.21329560624,1.0868674474791729,85.86648686645741,0.5444109089753424,0.0
2538,2460.728398170664,0.12114467466050327,0.0,255.99528333687772,780444.481849204,106.88752919332319,55482.7124767421,1.0858996758879207,85.70273470702361,0.544371033953853,0.0
2539,2463.5387901520926,0.1212995062353498,0.0,269.2176780198924,780782.2135010014,106.89557425777068,55458.03750063705,1.084853449787149,85.93901546254772,0.5442978191366362,0.47307103311419496
2540,2466.1826723106396,0.12078075482583106,0.0,266.5193519859147,781117.3040162869,107.10335612780021,55433.42097233537,1.0862368589356184,85.66650246287189,0.5442900196746298,1.6009761311525494
2541,2469.0459797047506,0.11975563089300634,0.0,259.013897103351,781444.9227039666,106.87762672991255,55395.19498180541,1.0854748131969782,85.80183568398442,0.5442514625066671,1.1260997867871936
2542,2470.215568716404,0.11983328072365906,0.0,257.8667987246253,781771.3638612384,106.87024620025117,55370.586881057214,1.0874919900381428,85.96493205703204,0.5442317544229291,1.1220709876363628
2543,2472.7090527079636,0.11878321892172727,0.0,262.7350286216028,782102.6608205021,106.85645274527124,55345.941889875714,1.084911364789295,86.22939479560048,0.5442473990238509,1.1169193577204055
2544,2474.3786312154284,0.11848621036034623,0.0,257.7305841474957,782429.0472026987,106.88785991420438,55321.40184189051,1.0862321710352159,86.4431767216207,0.5443182638249537,0.0
2545,2476.5531830503332,0.11765114429495593,0.0,254.24218306613028,782752.2204560185,106.81031024612695,55296.74546511185,1.085610319773767,86.56008102996671,0.5444161039951355,0.0
2546,2477.8715319359485,0.11674063886003283,0.0,257.77303219488095,783078.9475612169,107.27614025220974,55272.103328111596,1.085610145224089,86.74991171441584,0.5445336842327977,0.0
2547,2480.7120631705448,0.11605605077779058,0.0,263.47313822791,783411.4022176298,107.2641800569915,55247.47524493174,1.0879088369693786,86.94877228354679,0.5446856023203394,0.0
2548,2482.0240271329412,0.11621695615698024,0.0,250.28811593152454,783730.7321368724,107.28662071627586,55223.09891241861,1.091013205531668,86.8503794252896,0.5448720560556648,0.0
2549,2483.9617251761147,0.1161923385752387,0.0,255.87287115138935,784055.6506214725,107.06244674562657,55198.63871247733,1.0890429351572959,86.65536589617034,0.5450277382612319,0.0
2550,2487.455824621442,0.11520509244458177,0.0,249.6215763338838,784374.3327118093,107.05272572396238,55657.27531991752,1.0890462612477927,86.94339010036951,0.5451335372661644,0.0
2551,2486.985203438315,0.11676651663409754,0.0,247.1429970458176,784690.5183901631,107.00961617399865,55632.43710323458,1.088951098342829,86.80079496621988,0.5452952575884822,0.0
2552,2491.828402801527,0.11469166393025465,0.0,248.35498383663554,785007.8642855779,106.96251118506981,55607.67210271033,1.0875563403200252,86.92561587078323,0.5454179960332034,0.0
2553,2495.4924394302084,0.11367928277340988,0.0,253.5362383955645,785330.4516499543,107.12441251625965,55583.1865249796,1.0868640787417825,87.05977165057165,0.5455608995834966,0.0
2554,2531.021197192075,0.0942535410916917,0.0,233.44497195176677,785633.0636494088,107.21015161453181,55558.47406123797,1.0859011622472905,88.613621534168,0.5457249459874871,0.0
2555,2499.6490392258693,0.11303104023204147,0.0,232.73570590682385,785935.914012123,106.90554149297519,55533.83882433186,1.0844881624682554,87.31123852330137,0.546212648435012,0.0
2556,2500.307676160511,0.11306943708373063,0.0,248.24424455270156,786253.4110233583,106.94646094815714,55509.07770150196,1.0886178395966442,87.34292439484514,0.5463969166453484,0.0
2557,2501.527727100529,0.11280201942332535,0.0,255.37240203922636,786578.0341814372,107.07434662221364,55484.45912428727,1.0850939155033994,87.47941990959477,0.5465783170769539,0.0
2558,2503.640653275923,0.11227572360656779,0.0,241.95705637340262,786889.3194360525,106.96261696508672,55459.78974076095,1.0863284122733063,87.47247858115847,0.5467918775998515,0.0
2559,2503.40408921346,0.11231909697005937,0.0,245.85764506702435,787204.4093606963,106.9301019947608,55435.128686156844,1.0870767283350757,87.36640515019849,0.5469928280667251,0.0
2560,2537.737734435383,0.09321644950437369,0.0,228.500552554968,787502.1293949388,106.90780944438521,55410.473470935176,1.0797585287603073,88.67715879630097,0.5471606033441572,0.0
2561,2540.2114941716472,0.09238054999379752,0.0,215.53018173765201,787787.7895084274,106.87275024279752,55385.731369832814,1.087879839431338,88.88277923200992,0.5475998419614551,0.0
2562,2541.888032422882,0.09180641349374485,0.0,203.3541827775494,788061.3170188417,106.83065641470628,55361.048348459335,1.092924816785576,89.10242112276173,0.5480605335977994,0.0
2563,2543.392706546788,0.09123094094257811,0.0,205.03702685398855,788336.6142518409,106.95049138183968,55336.44629168006,1.083985840829419,88.97129094304229,0.5485445868782136,0.0
2564,2543.577958397378,0.09123690003206941,0.0,202.1406517923774,788609.1137676402,106.97193037942922,55311.79382919763,1.0892866598905742,88.77426421062223,0.5489758078771628,0.0
2565,2545.222501959592,0.09065914185648227,0.0,219.1521930700925,788898.5660293546,107.10887213655172,55287.15504367647,1.0837806338145626,88.96492189902551,0.5493427616038624,0.0
2566,2513.3125269235165,0.11036530284468038,0.0,216.32995550171768,789185.2556628672,106.87269116274653,55262.528987974416,1.0904602551163953,87.77564231446337,0.5497315826956025,0.0
2567,2542.623522418768,0.0924941656756546,0.0,211.67617353085762,789466.3278708479,106.92637368093395,55237.91685133215,1.0881605028813202,88.98098861863639,0.5498460823065437,0.0
2568,2544.4083853817397,0.09163417466551749,0.0,210.14694449660567,789746.7112690909,106.96418934680287,55213.31829543616,1.084915161869577,88.86447374421566,0.5502121457599406,0.0
2569,2545.3868433928483,0.09145748438808199,0.0,204.24074512848324,790021.2458558555,106.93202799456347,55188.73710522679,1.0841637708472798,88.87182370625086,0.5505344234212185,0.4193315283810648
2570,2545.1577208638605,0.09170617807175607,0.0,207.04969205335777,790298.6497807126,106.9475035604877,55164.17002832841,1.0857087548691566,88.98513453217437,0.5508518248828734,0.4171362200222575
2571,2545.9964305259396,0.09113168740730782,0.0,199.04366436514556,790568.0056239719,106.89657721904285,55143.69049245003,1.0837015350731833,88.95942290485014,0.5511769406603761,0.4151555804129714
2572,2546.341275090113,0.0903288407855446,0.0,200.53530276706294,790838.8224377003,106.88892988981159,55119.18933754598,1.081934569233601,89.10396704111243,0.551479654224138,0.40723722157255793
2573,2546.582333685849,0.09009923841657186,0.0,199.0879071153692,791108.1979713693,106.90683148416369,55098.793574676085,1.082261611002677,88.99828995324944,0.5517973525769942,0.4049474095078551
2574,2548.404105926911,0.08867222954322673,0.0,210.11506438601646,791388.5650499298,106.94193661081555,55074.34134821523,1.0837954478904008,88.8190452839943,0.5520759069920339,0.395079632681302
2575,2547.9486530754216,0.08818209876136762,0.0,192.2677287474167,791651.2041674007,107.38225053851859,55055.828904403934,1.0802862294844195,88.80536961588687,0.5523013709275809,0.39242276231348683
2576,2549.1759049221127,0.08675914573437726,0.0,200.68862700827071,791922.1656957024,107.62477820009646,55031.40466913304,1.0865019115811614,88.62356165406027,0.5525119990602485,0.39074080577580617
2577,2547.760173956462,0.0877540596771843,0.0,185.1427287072314,792177.6640235072,107.40813266989493,55008.409686229745,1.0899164193653508,88.52025732873119,0.5526726079517315,0.3902395916062176
2578,2548.225934803615,0.0877333681917829,0.0,194.46232133081628,792442.3736223488,107.3355328394286,54986.2479814141,1.083312610385667,88.54662498708537,0.5528025334475444,0.38496997708864455
2579,2548.5418344623836,0.08685952834857558,0.0,196.7395002687304,792709.4905416777,107.27527876867364,54962.13322799999,1.0813735405793894,88.71123326419084,0.5529309337377647,0.38566501920553264
2580,2548.0476975241013,0.08744866649356875,0.0,200.61759290881957,792980.5111124902,107.261280040116,55743.58874531938,1.0815000679535196,88.57142042233127,0.5530875913266127,0.38234509300835384
2581,2546.744036040655,0.08834629813833295,0.0,195.89903696932777,793246.6831199565,107.18022691551216,55718.72538271662,1.084013946976502,88.53012346494363,0.5532058860647427,0.3779007259001901
2582,2545.3882977208123,0.08894840062670761,0.0,201.13073363311298,793517.9682447352,107.1714052676796,55694.004159472934,1.0818955040841682,88.59900041328885,0.5533087903057655,0.3783490638149942
2583,2545.441979489915,0.08945665179475071,0.0,196.44960880550332,793784.5953091078,107.06577122737407,55672.74057596248,1.0817012868848548,88.46837701791586,0.5534207582321896,0.3758924478391066
2584,2544.90256746755,0.0890305980385181,0.0,203.05793649339677,794057.7134703973,107.43516066105981,55647.986973359155,1.0824533410445234,88.17063297266326,0.5534986011295688,0.37056724400468966
2585,2545.0252203128316,0.09013526898279756,0.0,202.19744676383414,794329.961749048,107.45170125781884,55627.163483034274,1.080076016439922,88.35513468400866,0.5535207071235502,0.37115467766338384
2586,2546.637305303592,0.08974144247652716,0.0,197.06993182043664,794596.9853697756,107.59893350621208,55605.99286628296,1.0825860558437528,88.3922184503679,0.5535806795120248,0.36662017976769334
2587,2549.2361031839982,0.08754990744296842,0.0,207.60866413636,794874.5662578047,107.81094076866911,55581.51313932148,1.0804565032137379,88.44247118343736,0.5536449615912177,0.3631130008873811
2588,2549.0030908983263,0.08752314485890011,0.0,196.82998199551287,795141.5204284235,107.83030156414964,55557.94671959282,1.080447546643968,88.50300360020879,0.5537161778252591,0.3625870261146815
2589,2548.5831814492967,0.0874398161393033,0.0,193.7953306212856,795405.3714939997,107.84238006484037,55533.68919527081,1.081869167979737,88.68440563909898,0.553796249930904,0.35805954930461326
2590,2545.43389909083,0.08871192461368027,0.0,202.9069017094513,795678.3319950893,107.83022075633741,55509.292035187675,1.07916276187333,88.83105942684541,0.5539104802004967,0.3579327033868367
2591,2545.346402716246,0.0892989618782829,0.0,206.04893383485194,795954.3449360891,107.94037622693827,55484.98081718779,1.07961238798379,89.01161992361313,0.5540622968401175,0.35547137165326603
2592,2545.204120552039,0.09004116775415805,0.0,201.36523211122693,796225.6840318192,107.89884741805518,55465.4305265969,1.0796491118339833,88.97221642700572,0.5542445233245871,0.35150357239004393
2593,2542.8485856068473,0.09056308857220452,0.0,188.88321186140223,796484.487051015,107.82957320983752,55210.72023408909,1.0794502872527398,88.98408381862488,0.5544085518176552,0.3489504352324104
2594,2544.559914002913,0.089180430301395,0.0,199.1977402249824,796753.5021412631,107.92513687410612,55186.53225153572,1.0792034639931516,88.80475891093673,0.5545538226707414,0.34737181771865266
2595,2544.747915971806,0.08972275396209994,0.0,190.4163198778317,797013.8024410409,107.9192196484383,55164.94563666776,1.084196330763629,88.73965583967245,0.5546528942043921,0.3441193856884581
2596,2543.9383622833034,0.08965992731706085,0.0,203.78197361846486,797287.4688329845,107.94779706207459,55140.88941067553,1.0803188155153798,88.62189373080442,0.5547324792078333,0.3424880775990289
2597,2542.3368882475015,0.09122764636433756,0.0,200.30393453198815,797557.655471831,108.03401734219635,55118.95300038573,1.0817724723503563,88.72593801596132,0.5547823395145681,0.3438051383561458
2598,2545.252298152251,0.08987216100640238,0.0,200.9961045484223,797828.4323525699,107.94850628399429,55096.51846924695,1.0793487636015975,88.66885086901843,0.5548514764387334,0.34042276131864924
2599,2543.7942478695277,0.09097806732471947,0.0,205.71565492449128,798104.1131895401,108.00214381030493,55072.03516668942,1.0807701934594056,88.55373470826488,0.5549043481003312,0.33691838666868534
2600,2543.763440874157,0.09175819612323477,0.0,202.90960315726835,798376.8663877639,107.84529992642601,55050.6888653209,1.0841071812721055,88.76649117402725,0.5549293637058578,0.35840548597016664
2601,2543.420163005144,0.09173655167717865,0.0,207.787975763156,798654.5691867634,107.87035063691417,55027.87288947225,1.081713823386436,88.7651732731255,0.5549986490318933,0.3341897342736502
2602,2540.7617944076646,0.09406011614284626,0.0,205.36059927960127,798929.8220524404,107.92927647071132,55008.48945644013,1.0761677061526338,88.88473024471502,0.5550630800320586,0.3287743995223309
2603,2541.7947663680393,0.09411918190184754,0.0,207.99064174551876,799207.4885491235,107.87103554877567,54984.76657206947,1.0835918068967736,88.70352007600427,0.5551616831018562,0.3272442345010802
2604,2539.618477583677,0.09565413365802633,0.0,210.00310434768784,799487.1887700828,107.92482785625356,54962.853384803784,1.0791988014814233,88.6905255695437,0.555216041745153,0.3258851988618403
2605,2540.3857959857305,0.09522378597855763,0.0,196.9189790439408,799753.589333605,107.84396192143254,54941.10514424536,1.0733488180004893,88.85903673964972,0.5552643618637225,0.31949023978893365
2606,2540.7335097965165,0.09452930303678797,0.0,218.13086791278897,800041.2306192182,107.9288043060162,54916.805552969556,1.0741839911314655,89.04123168741249,0.5553456383020724,0.3108230035612394
2607,2543.5561434645556,0.09475169781962611,0.0,215.85587939771858,800326.6315974292,108.12719705210466,54893.51731284885,1.0738851228065665,88.69086086923367,0.5554610807873308,0.307943527292764
2608,2543.630990120075,0.09495038020123514,0.0,208.52503310207527,800604.7835228838,107.86423784622282,54871.2752219075,1.074330512494965,88.78015858626404,0.5554952263443259,0.3078979926426939
2609,2542.6623938465555,0.09449481768025603,0.0,197.0005544917778,800871.309429279,107.87466614674901,54847.038387931396,1.0769633368280156,88.90735336557421,0.5555462605897501,0.3051706363984579
2610,2517.923610798478,0.10999617396335892,0.0,-363.8468433760602,800576.9656222949,107.73739365716249,55883.35867053717,1.0748994446000861,88.0967061854978,0.5556213710629498,0.3009536096803629
2611,2543.8449034285277,0.09411461795282372,0.0,683.6075616070383,801329.3805495792,107.36671749108424,55858.45581432001,1.0695366158244672,88.89183199515728,0.5555187638919603,0.2968285130938
2612,2582.2028615935574,0.07148072784635207,0.0,310.60828620871854,801709.50700175,107.39070920261457,55833.690413807046,1.0732707387615184,90.6542520678887,0.5555907765093046,0.29397561176477893
2613,2584.5066825224576,0.06833485603868894,0.0,192.69804837231862,801972.7133932473,107.76412634750533,55808.886353625145,1.0737927044885291,90.9851426699815,0.5560354790982277,0.37339218382004447
2614,2587.716989411754,0.06812738589820633,0.0,165.5523995122303,802208.930536336,107.70499938215976,55784.09433282152,1.0732737809857056,90.99599531951456,0.5565299685837811,0.2884964260109655
2615,2578.68775672358,0.07249079482291376,0.0,156.92363328440143,802436.4704658673,107.69385090798224,55759.384320844525,1.076709397585997,90.83474785639174,0.5569992796351788,0.2871144897932538
2616,2580.400317763457,0.0730631452588466,0.0,169.20486776343233,802676.0757104143,107.67646014530357,55734.556289462096,1.0762095819640232,90.76727050043627,0.5574099150865242,0.28301547606466215
2617,2578.5928326827748,0.07509575778976518,0.0,163.7823139002271,802910.2725313838,107.66624406602554,55709.83339015209,1.0732000330392149,90.74345091231682,0.5577848116539602,0.28301714456162586
2618,2573.8624686720996,0.0776442754062201,0.0,178.87505950770208,803159.5737470695,107.67401090197535,55685.161032474585,1.072787089096405,90.73086550743201,0.5581352010494134,0.2817256903911698
2619,2571.3105152258654,0.07972544330178133,0.0,182.7556370926746,803412.5612058128,107.81439156985994,55660.37821730045,1.0784491038347543,90.69220340452513,0.5584646841392625,0.275514979159567
2620,2566.6245149300366,0.08286246761356109,0.0,179.209937577848,803661.9542513312,107.83678468679662,55635.73708061574,1.0746832269883484,90.6092059374147,0.5587686140235368,0.27692047937185293
2621,2564.8683649101026,0.08481207883418096,0.0,186.85833178641963,803918.8675177136,107.90831546531356,55610.91597725633,1.074045134755237,90.04063514560872,0.5590389801916753,0.2729356091124657
2622,2566.1674799265857,0.08560904867805164,0.0,182.24934699370363,804171.1136376488,107.82295198704244,55586.35610433311,1.0702042699461947,89.90386572832685,0.5591735066036286,0.26878026746558703
2623,2560.4265197261684,0.08693060290350774,0.0,201.11653131343803,804442.2806909103,107.95242927883862,55561.65991755268,1.068146813019572,89.87016528379411,0.5592713713193948,0.26754520762989387
2624,2560.223879765557,0.08779761400592656,0.0,191.95852157920723,804704.0797515358,107.82771043391742,55537.05094542864,1.0713109992109888,90.02921692744324,0.5593565337624501,0.26206636667757266
2625,2557.021844994754,0.08962458725694289,0.0,187.89683438674774,804961.8652398513,107.87957974796429,55512.41952992654,1.0707520781041975,90.06071399916766,0.5594707483123846,0.26061330512774816
2626,2558.96881748758,0.09016445483438085,0.0,205.80454570089148,805237.428526064,107.9251083228907,55487.802803895676,1.0678612050237353,89.90141981060528,0.5595853726397811,0.2593933111417357
2627,2555.3252147654293,0.09070867511730651,0.0,193.22853095680784,805500.4746561187,107.84565015682753,55463.13120950664,1.0745145912443272,89.91157561739874,0.5596595933604559,0.2581469431704875
2628,2554.968484356566,0.09149509727857008,0.0,197.01512399234326,805767.2951445678,107.8080572718629,55438.52568920231,1.071546438117384,89.70382819786705,0.5597316815974773,0.2513686413267635
2629,2556.989371284892,0.09033922868932309,0.0,211.59030068394208,806048.7220984288,108.23634621880937,55414.00033548364,1.0761428745025696,89.54832895808613,0.5597550149621279,0.2528193410535664
2630,2558.513661847127,0.0806279486436613,0.0,190.02772460205114,806308.6456703821,108.24093771845078,55389.37006196349,1.0703528974912018,89.3262275049181,0.5597434263702172,0.24617257305439466
2631,2561.480882237559,0.0889195535996199,4.698465879199302e-08,188.01215357536665,806566.5237429246,108.56596457922984,55364.68761421389,1.0708989068587782,89.36553227195093,0.5596842389969078,0.24757816331913318
2632,2565.43160956236,0.08817091227684282,5.677244839737171e-09,197.94678700640605,806834.4623496803,108.57867265897013,55340.13904409113,1.0667442788493289,89.3001344855808,0.5596359502811121,0.24425286936056523
2633,2563.395776647903,0.08688605589165654,0.0,192.57942424420008,807097.1302934871,108.55108355295194,55315.55111567724,1.0719020792264429,89.20495124434663,0.5595755089519281,0.2713985683406861
2634,2564.396619399767,0.08533454122189688,0.0,186.14464667753253,807353.2119851275,108.50655463154916,55290.97752214594,1.068481521966117,89.36609511678627,0.5594920209507119,0.24048851611235023
2635,2567.99334955912,0.08364741860369429,1.9563900747770344e-09,198.2003273981748,807621.3545470882,108.26493139545366,55266.4181890459,1.0680424780878022,89.3365341256725,0.5594518131953978,0.23410075710265232
2636,2570.732127521819,0.06566348842340808,2.3667262955955356e-08,176.99558530488258,807868.4093699623,108.2524340120625,55241.87256121963,1.0668413836197528,89.51509178957147,0.5594066435407371,0.2352267431341204
2637,2565.4936235420105,0.07308285523964675,2.38040511546141e-07,153.13330595040424,808091.6439611828,108.20586890301212,55217.34095140552,1.0821654309319486,89.2630016475453,0.5542693556530042,0.23419502335553943
2638,2552.776569860824,0.07625288333949953,5.011222955221813e-07,157.60643502722542,808320.1679804814,108.19288590257726,55192.82695249783,1.0792312859420474,89.62327239989976,0.5486568815761669,1.0707114633526658
2639,2553.339833322444,0.07834772097893794,7.300889651311134e-07,127.75989583932466,808518.6264433255,108.27114879354237,55168.33494647909,0.8834132758513211,89.36252024177206,0.5553906240183348,0.2285182881217338
2640,2536.492179049502,0.08737340374735125,6.48270522890634e-07,204.2417848624084,808793.4488405244,108.34587096167303,56256.0930924966,1.0735937058171285,90.42699008235542,0.5603347433084505,0.22970701207819388
2641,2552.5017243037337,0.08395196036466634,4.716442447498537e-07,206.00946875558816,809069.5307382125,108.34916998875205,56230.976578528505,1.0769835932462453,90.34571422939229,0.5604884245065924,0.22386778408491637
2642,2575.370321709752,0.07857906008514948,3.3390618975860345e-07,190.91850525406738,809330.7953885472,108.36810681439046,56205.87105124074,1.071765855398901,90.62599720811492,0.5606163127482,0.8935853214479721
2643,2565.5834686728354,0.08333616784058417,2.5261406872551874e-07,153.7140355281415,809555.1938659773,108.26213296828574,56180.721369183666,1.0726211824304306,90.51176742013212,0.5608134878978223,1.0324444680134377
2644,2573.947813901771,0.0778512698319429,1.2586132842619436e-07,199.04929570401964,809825.0189117786,108.30365279090442,56155.58146438451,1.067770288289133,90.7832444345268,0.5564251555568471,0.2220102913364599
2645,2590.753893100415,0.06998774819857734,6.417278970517705e-08,149.31453044590535,810045.0809615572,108.20229852901225,56130.52234722187,1.049723809591572,91.17869186289693,0.5574603781339377,0.21869112745065422
2646,2585.0937586785453,0.0780240273338606,5.489587586727447e-08,200.3291169681401,810316.5125940593,108.16325547318708,56105.47435570463,1.067706580865615,91.76277244099892,0.5583265480939511,1.720656898117312
2647,2588.4064091822906,0.07485188453533387,0.0,180.5364848245115,810568.0362174319,108.13696336561048,56080.441058063414,1.0600017441989185,91.66356856736964,0.5615098375813498,0.21852992987822972
2648,2579.9103923422263,0.08411555720419961,0.0,201.20409744242124,810840.2434143979,108.18590741085586,56055.41880543041,1.0639462046247266,90.68065763749779,0.5625742604974077,0.21751030132341498
2649,2588.4036910567775,0.0805433391868271,0.0,154.358153652272,811065.214213446,108.1423828060136,56030.41064424311,1.0586835773042635,91.78335693406046,0.5603975309697236,0.21632494522873458
2650,2570.6699612321554,0.09134157818686095,0.0,186.15876492655127,811322.1300155492,108.26003512256008,56006.49776587907,1.0637506469415103,89.99053640546705,0.5622184639173295,2.9210353560833084
2651,2553.361075575449,0.09828131030280551,0.0,193.58835615161058,811588.4739804727,108.05254874497919,55982.11143076468,1.0481767576157452,90.17774860560559,0.5602967656389014,0.7776777465353746
2652,2548.9865646537787,0.10367527452671499,0.0,228.09359416274754,811888.1316404666,108.31471644591593,55834.93008315429,1.0594894136475774,92.5756205250957,0.5623549720399034,0.8878195500556956
2653,2566.57339874146,0.10034105071576616,0.0,242.3916914943075,812201.9511554322,108.38857093856598,55810.38600691392,1.0571269274475217,89.67497507530246,0.5639495101668508,0.2593771745409015
2654,2565.983739475224,0.09741187357734327,0.0,228.46534776676367,812502.1108047371,108.29074946548229,55785.58353122183,1.0578133760842363,90.10849555352046,0.5545920343472145,0.25797855369543754
2655,2562.6027446491244,0.10349564193019212,0.0,224.32288054793565,812798.0002185132,108.14201802793285,55760.90564346582,1.0598731470020744,90.33400494459727,0.5626984045379163,0.25935201011051845
2656,2572.978384071822,0.10373670252648248,0.0,219.8073868126035,813089.092005412,108.2064625826703,55713.61692993399,1.0528661201911118,90.85985541674168,0.5554731487997668,0.2550318558898823
2657,2571.462770821692,0.10413054978730707,0.0,246.80853689483075,813407.142927461,108.2028584002714,55688.9069060511,1.0565737699703743,91.02538024231032,0.555823774258697,0.2530537881170858
2658,2574.89702248963,0.10066738090355531,0.0,235.39098386854488,813713.604505885,108.14213963294182,55664.21046103547,1.0563205012715846,91.29516775770028,0.5625382512603097,2.287057994881252
2659,2583.659179928065,0.10044664219093258,0.0,223.46092873565823,814008.321329223,108.13593158024578,55639.52882539844,1.0570076162583433,91.21242087939468,0.5653102620594783,0.24960835545968507
2660,2604.008411703409,0.087493751675083,0.0,224.50435705117394,814303.9860505321,108.14744829206819,55614.86118758881,1.055930687944896,91.4510066673759,0.5653724837938365,0.24568285724910766
2661,2605.673499165679,0.08772326460576818,0.0,204.6036090722854,814580.2357766454,108.02060181700936,55590.20750849989,1.0585597782709903,91.7663440723415,0.5654819207972839,0.24377822128903404
2662,2608.9770082834134,0.08762070192366189,0.0,209.29241353739275,814861.2575816589,108.02781332176885,55565.50132593998,1.0561898139444645,91.88864582081735,0.561797666975511,0.24519007852512686
2663,2609.166524799361,0.08645959326012631,0.0,197.81107147521448,815130.6796884821,108.00489176205626,55540.849324297335,1.0562486646240015,92.07514201132659,0.5645007692948348,0.32191313801416754
2664,2600.1435358104513,0.07935523155493407,0.0,198.46994601038585,815400.5434449556,108.01790431448978,55534.7312462832,1.0534754217420086,92.95185039152085,0.5663188635546575,0.24262292962654897
2665,2604.4567405883427,0.08137374555069754,0.0,195.87885538781353,815668.9494730403,108.0511187291926,55524.26727268608,1.0562708703197383,93.04804434552273,0.5596373942051152,0.9912486180492976
2666,2601.2012273709033,0.08794525715365131,0.0,184.72221599316003,815926.1743482299,107.98276995797231,55511.61399026745,1.0566233081515441,93.23241081699379,0.5602566875371735,1.954007205087862
2667,2596.818876967583,0.09001784202049912,0.0,197.05482569627293,816195.1512593403,108.14012789575236,55497.078493921006,1.0555380413731452,92.14844629486092,0.5586414988371124,0.5903989258663955
2668,2614.1313314073363,0.08440616622377717,0.0,220.02661721994338,816487.1834445753,108.27184191158042,55478.737943981236,1.0573675602689336,91.94987103747248,0.5584152284283737,0.8930925957406544
2669,2632.3044643484895,0.08079922603480927,0.0,207.39089390909612,816766.6493612692,107.94775366207023,55239.33842762369,1.058208777592873,91.83467255097621,0.5694051188733488,0.9586841898317857
2670,2638.7347837353786,0.07220423441496326,0.0,-428.19650112717704,816410.0612362985,107.85627850211115,55584.46748723388,1.054624355298636,91.70803829676211,0.5666171273222572,0.9595515201459932
2671,2639.2177898766627,0.07116985621711236,0.0,629.5892670369783,817111.4247076417,107.50056787746304,55517.856194840766,1.0672258221749542,91.66774300846699,0.5672708457979868,0.784872686054797
2672,2627.515788109927,0.07741384377329119,5.943208077745807e-08,287.2742109512279,817470.619956642,107.3670862624315,55493.20500047759,1.0586992579434804,91.78159547483999,0.561257802995441,0.9443931892515138
2673,2627.0494444205174,0.07402114141765703,7.89512237349611e-08,167.4482335524848,817709.6011101066,107.31707083381545,55468.68445033991,1.0594439526366914,92.76427869091147,0.5681852287565619,2.0038471895545626
2674,2622.3294224899723,0.07695179842164424,1.1527607893156068e-07,180.99672174006793,817962.1633852015,107.33586366441534,55444.129554794876,1.0562497212752118,92.53679413769136,0.5701969857294578,0.7795335621966046
2675,2620.89107328394,0.07757379008103216,1.2218244187692354e-07,186.69871352811947,818220.3630389806,107.4031367842113,55419.58805564499,1.0586532748825466,92.40828714435048,0.5701374305274198,0.7779737473855448
2676,2615.7779282440197,0.07792128426283118,1.2476439456991036e-07,177.74031811932582,818469.5208906162,107.74651606139676,55395.0608924213,1.0573002926940631,92.418329121722,0.5698690541595948,1.8613703274374132
2677,2625.745487949921,0.07492561466324976,1.234004600081882e-07,178.26238177087788,818719.1425398565,107.77290433205565,55370.525885165116,1.0557526098720207,91.75615283563077,0.570458637197813,0.7795304062078685
2678,2608.725375684305,0.08027189746677732,1.5394432157565708e-07,175.81254953734873,818966.5409967586,107.80869039608243,55346.026248643975,1.051196351560996,91.87836444057109,0.5663736060236204,0.7948621504562254
2679,2616.3974784922752,0.0786370058357041,7.501724215539458e-08,173.88537282407248,819211.5121394963,107.72954613239307,55321.47408145649,1.0517475549671893,91.53690516218106,0.5668402674420914,0.7737768230101949
2680,2626.3351174180675,0.07088069100436023,0.0,172.15056199012258,819454.7738970539,107.8055719497266,55296.97977216576,1.0536696824050729,91.40537013981029,0.5705441356884174,0.771493898316038
2681,2632.8611294280213,0.06747637771544412,7.979356776872223e-09,154.18522545111716,819680.3428507192,107.71523170252705,55272.518759775994,1.0546722497426284,91.2055148298962,0.5694484877252474,2.0365596839053524
2682,2622.0402710531307,0.07287973536413694,5.3915789438771676e-08,173.90246684993087,819925.6980700598,107.74877239039607,55248.0754403431,1.052571754001664,90.81393621664391,0.5694473213368101,0.7648359835535246
2683,2620.415344029021,0.07483703471369951,4.4029769476739663e-08,164.8862004345242,820161.7328342976,107.7703662714994,55223.531816313574,1.0538444306407333,90.20815655237341,0.5674692835312755,0.767560880411736
2684,2616.3100934394156,0.076823834752066,1.609559105277372e-08,167.89477824788503,820400.5779418978,107.50348197692688,55199.1702362243,1.0544588624985285,90.07000623636024,0.5672169600661855,0.7648932382599298
2685,2617.9236906370184,0.07630305443434915,0.0,170.14484222554682,820641.5510711814,107.49187251262367,54823.98831074927,1.0521397263777454,89.7414492327063,0.567543669872512,0.7638647582062106
2686,2613.7385363979506,0.07609041745936529,0.0,174.72925125398262,820887.0870163791,107.51881546089989,54799.56689652198,1.0486210580302089,89.764077137518,0.5690363489104887,0.7616795689934293
2687,2608.764839746702,0.07813744561152547,0.0,170.05891537971763,821127.7642483996,107.51023040734063,54775.19284547609,1.0496604103091833,89.55812811478262,0.568583608387028,0.7597487378782262
2688,2604.0967458336804,0.08486456034050727,0.0,182.2613378730723,821380.4314605271,107.53702892554178,54750.832627226664,1.0474181546875636,89.41908231827914,0.5681090571836859,0.7582651890740237
2689,2597.051595981746,0.08807844530281828,0.0,181.98923128609397,821632.6757857315,107.55253332406633,54726.48576114929,1.048644811674319,89.09993767362813,0.5676279823043691,0.7531555877276901
2690,2592.8042990711383,0.0894848274445138,0.0,199.5172898335572,821902.2304573329,107.29761388314607,54702.152782417055,1.0467533017396264,88.80999457479804,0.5671021258727513,0.7515178063979704
2691,2589.7994561247137,0.09048723911983025,0.0,199.45386210692118,822171.587142555,107.29355262169511,54677.76718659568,1.0465368701525906,88.76904324075662,0.5665401554751193,0.7528051789911103
2692,2585.6817994668204,0.09109285503390951,0.0,201.117134314039,822442.5127104081,107.20991957715675,54653.508230167856,1.0491433589649306,88.78339294212026,0.5659970698038057,0.7495012936326191
2693,2581.817612769865,0.09151680429602893,0.0,200.9805678407851,822713.175606971,107.19205411742283,54629.2167409474,1.0483915120201794,88.62889731563683,0.5654838734255907,0.7490268100605988
2694,2579.905646867836,0.09206458986685495,0.0,215.57661432073508,822998.3449571352,107.3231369648727,54604.93930560052,1.0479115080092127,88.46217238181676,0.5649629227202156,0.7485036595285237
2695,2608.4636693886264,0.08346127671325954,0.0,196.31208616928444,823264.1881925799,107.1754589194644,54580.67474869203,1.0471083178802068,91.10217029249138,0.5644320314031857,0.7491773172205285
2696,2573.0009357047693,0.09371721227643393,0.0,201.29346396474165,823535.8554639828,107.29671395619069,54556.42421494597,1.0502681606347817,88.44573238820193,0.5645040736267961,0.7436091440146129
2697,2562.122979657341,0.09608028333648722,0.0,204.80847236779442,823809.9618261333,107.20832841582236,54532.12093353135,1.0486236450464212,88.35996178995943,0.5640039649136165,0.7415502804033736
2698,2602.520909772447,0.0843900457034592,0.0,197.88606947749582,824076.8027911619,107.17564308845711,54507.897685057185,1.046754025646821,88.31843186236453,0.5635101950601303,0.7427291465511132
2699,2555.672406462841,0.09843061092262062,0.0,193.61278311711402,824340.6457772533,107.12674591508846,54483.68864080907,1.048059418802214,88.34253409823762,0.5630316711165279,0.7366685305551641
2700,2551.7067432003446,0.09994649489285368,0.0,-1466.4374835824474,822942.986242348,107.14822977350892,55668.23675733551,1.0472846703828214,88.23123304141451,0.5625570944363838,0.7355828148249941
2701,2524.416137231113,0.11474359836414538,0.0,1530.570018766312,824542.207164164,106.76269057759217,55643.32408845826,1.0553595066814354,87.18932102317704,0.5620820894943039,0.7342235093579745
2702,2576.2294942231138,0.08644762507538317,0.0,539.7222620240734,825149.862591679,107.07222592771863,55618.52581658539,1.054631781275925,91.38813218528558,0.5614076696661668,0.732827839735279
2703,2585.8771219955984,0.07975131106646716,0.0,258.14882541672694,825477.4585495631,106.69611067191124,55593.64144113456,1.0479585373707672,91.91006296816917,0.5616645618257667,0.7307944046586101
2704,2578.4028404824503,0.08238570522106425,0.0,186.81741783540815,825733.9753568325,106.65086107495037,55568.89682998394,1.044633045064465,91.70851468227836,0.560829093437899,0.7271708894957101
2705,2588.0196008641706,0.07478960335763507,0.0,174.62127473588112,825978.065355965,106.77767139226822,55544.10693746549,1.0470251207092762,91.2993223961231,0.5586717836888295,0.7232110286096827
2706,2579.8631751554717,0.07868243417149168,0.0,166.8295671995889,826214.6683553825,106.65764748586096,55517.62048304834,1.0483365282772081,90.6730985771809,0.5559781579379528,0.7232406845525361
2707,2584.509357571507,0.08039895229722926,0.0,168.77589785556756,826453.1493894192,106.6694260605846,55492.78256810221,1.0520673687568987,90.07938568695246,0.5607486440407317,0.7202805101253205
2708,2581.358118433231,0.08336929760033884,7.459827068707036e-08,177.08107388270537,826700.9514890827,106.6451518910916,55468.03115245019,1.0515855588930967,89.79501643252856,0.56306283871724,0.7180491429204494
2709,2577.889133835247,0.08711370530156815,1.1893329995503049e-07,178.21201258850806,826949.8091710056,106.60170482628403,55443.294017513865,1.055503412317315,89.47702608688027,0.560564733257268,0.7154941498368714
2710,2573.8981371442437,0.0901809928769286,1.2326401355756887e-07,199.53730048625278,827219.6778213693,106.35235233172126,55418.505177283056,1.0539927195363727,89.16962386822843,0.5627541083635108,0.713231297787047
2711,2557.39006688151,0.1004403278758389,9.551690218289311e-08,198.25741561336918,827488.1220786843,106.32055622809072,55393.79611961827,1.0527487345098299,84.52014097253983,0.5624522717845828,0.711212209165609
2712,2511.060040648514,0.12712366576502176,0.0,224.37151165562335,827782.3017052114,106.29544196464518,55369.03802091175,1.0518995723165598,84.3208799849739,0.5611708874259225,0.7086184367708768
2713,2587.602387397431,0.09397812810732187,0.0,250.6836369450495,828101.4981346068,106.63905850293933,55344.4200894495,1.049721861977277,88.95410050025691,0.5599109971093117,0.7079955941902938
2714,2590.9510778389586,0.08803819851648176,0.0,211.12717604281642,828383.3569986541,106.43798525743979,55319.75607984611,1.055504024665797,88.71518504403352,0.5597048287788232,0.7052889108568365
2715,2549.4387686617556,0.10356540776285428,0.0,211.13108834018152,828665.1898180819,106.46487487101446,55295.105850047,1.0510845842718002,88.56004287044779,0.559457503080394,0.7012961827839206
2716,2544.100116617585,0.10733763840019628,0.0,220.20616479914827,828954.7965797188,106.4859929390969,55270.46955644832,1.053058311354342,88.41406204940861,0.5591890382875699,0.6989478297290077
2717,2539.3268999325405,0.10036180614615042,0.0,229.4492988088229,829253.4468432106,106.64139676517217,55245.78107673238,1.0514848030009902,88.26202139767236,0.5589024281879547,0.696855977913799
2718,2537.285430052403,0.11162092242185617,0.0,227.6750862562056,829550.1299275042,106.57602861435052,55221.15638366824,1.051697693484218,88.27295853013531,0.5585973333184125,0.6945526425971025
2719,2533.1008705354097,0.11311022780267965,0.0,233.7309295660075,829852.6709494255,106.8853598261788,55192.26745248574,1.041690176620864,88.19223799103928,0.558309540550135,0.6921989052663946
2720,2454.855717096401,0.15861342277803336,0.0,259.9078091537317,830181.2256505402,106.95390747790603,55167.69996470702,1.0522193223203262,83.24381056191335,0.5580185223013647,0.6896402127324848
2721,2464.915107341881,0.15403981832288416,0.0,312.64562346417165,830560.5450047576,106.78177813502944,55143.13309243333,1.0460850504702828,83.14097864961721,0.5566836302038058,0.6873583537594925
2722,2432.125305239938,0.16773975298550658,0.0,337.7495703407249,830965.1793334989,106.84005204769946,55118.58026729344,1.047184471402917,83.20456170265132,0.5553936371241446,0.684786417505677
2723,2412.523944905335,0.16962949822639883,0.0,351.4434734835017,831382.5697433954,106.87512740458492,55094.040940229635,1.047476808079097,83.47873647204075,0.5541819095362215,0.6826650455780623
2724,2438.472326851798,0.15089547393624902,0.0,342.6547643433323,831790.6667933371,106.78914305633558,55083.67525111865,1.0529550800943188,83.84497890335619,0.5530895073513975,0.6804103684173697
2725,2420.9051594616208,0.15967127022698802,0.0,317.83430187976904,832174.9568865323,106.7262779403948,55063.19706780883,1.0510040540777215,84.1945429073081,0.5521301742300163,0.6773182222634659
2726,2460.82878241284,0.14986662693178576,0.0,331.22965582469953,832571.8226810304,106.77986953229133,55038.63353982652,1.0490455387753443,84.36381590904712,0.5512936273256076,0.6760798956879057
2727,2548.202680225092,0.11045632847408071,0.0,294.5911893340213,832933.3000411274,106.65610468183432,55014.19340015368,1.04729587574648,90.24472046581154,0.5505352406000535,0.6744197614623886
2728,2529.6068378218074,0.10920741786234578,0.0,258.22780769848043,833260.8420642263,106.63078756056426,54989.65845464582,1.0456033342437279,90.42276586238049,0.5510723683527603,0.6708911340359691
2729,2535.194031890519,0.1058450330022832,0.0,232.300296637746,833561.7240497553,106.65512657263481,54965.26287837549,1.0482456195028373,90.54471327211672,0.5516201863946465,0.6694586143100025
2730,2545.949895533199,0.10067910701932758,0.0,-305.78891281861377,833324.6414261847,107.02619361968937,55853.52757594628,1.044476570748612,86.42896532512974,0.5521412302909752,4.411662980069309
2731,2513.2004382068776,0.12263656467593087,0.0,633.5418544922229,834027.0664440582,106.9376396202272,55828.5980081072,1.0606244331293415,84.483986052483,0.5518468688717353,0.663774792314257
2732,2496.390708366024,0.1336435055459081,0.0,355.5441926383278,834450.5711301307,107.07019224882208,55803.683229123286,1.0614344070187793,85.64798389479806,0.5510595838439547,0.6613367322978547
2733,2568.301624045953,0.10002465146880668,0.0,293.0725282598084,834811.549502882,107.06301439338112,55778.68944766854,1.057442891932681,91.86732650165496,0.550560599113355,0.6609230622221389
2734,2559.9215564362403,0.09933050951425704,0.0,237.57773911004642,835119.2662195454,106.77852723022141,55596.51981331848,1.0556145089020261,91.97919339330358,0.5514164593591958,0.6583306729230287
2735,2559.0629369132557,0.09512728179550611,0.0,210.50882016413107,835399.4578235897,106.71769779387873,55571.71425671872,1.0577704140081552,91.78977409579595,0.5522403984546111,0.6552038971083505
2736,2552.397600617344,0.10311524989713228,0.0,210.09469382753014,835679.1435966807,106.71020249679644,55546.99422875958,1.054589724295393,91.50055455039217,0.5526680309515244,0.653124919153754
2737,2542.270591522617,0.11207833881083418,0.0,231.9719906500937,835980.3775073357,106.75711455380889,55522.243889464866,1.0564910833620578,85.38498889671976,0.5536396618870414,0.6501868346047672
2738,2486.1848644894567,0.14114951102421325,0.0,260.8194962730609,836310.2292433175,106.71886700925654,55497.4332684122,1.0531960743729505,84.98654979507285,0.5529404872168925,0.6484844397096765
2739,2445.220631176182,0.15270818623217985,0.0,297.16181969427765,836674.9311847383,106.77603803280968,55472.7624942235,1.0360328708025837,85.16538143766913,0.5522035534221217,0.6461318910461387
2740,2459.523758576211,0.149710542422673,0.0,289.0939034777208,837030.4069532225,106.41766504536295,55359.177911668456,1.0082420589916314,85.2865027378331,0.5515416844089899,0.6439245026243725
2741,2572.8839474029287,0.10012112203101475,0.0,286.1474660669924,837383.1618147718,106.31952035609189,55335.02706819939,1.048937464664658,92.45286109755554,0.5509263493756461,0.05764727196606145
2742,2549.7260735346954,0.10415645483307734,0.0,248.89068155688932,837701.7071918112,106.33341823772486,55311.519849600765,1.0485351012253628,91.83046532666123,0.5518598886987823,0.05724523842317808
2743,2553.3833995549767,0.09784119355563226,0.0,230.73699191577754,838001.4134583849,106.28682421842677,55286.8993014318,1.0459422742364297,94.14397761230254,0.547911316026295,0.05729029624419013
2744,2545.6511997830953,0.10227425489765041,0.0,212.1129882761528,838282.7978062787,106.26063721606752,55262.22027544928,1.0434945303493388,91.56446364867628,0.5511986823990404,0.05716194374110728
2745,2552.9051595483206,0.09875181161598479,0.0,218.19952455618,838570.0859983753,106.26859683676922,55237.56071669652,1.0433572613272,91.31507535764317,0.5528326725970107,0.05733178173866804
2746,2568.218145092955,0.09534022703343648,0.0,218.66437840060712,838857.9103915003,106.32746913291317,55212.97350401389,1.0461814967958671,91.23254703380334,0.5553791434751002,0.0573005783911924
2747,2571.3114155967914,0.0945811068746999,0.0,205.9278008932336,839133.1818971954,106.28505529247086,55188.33499160875,1.04597262540598,90.97579050151806,0.555826490833164,0.057237841299155434
2748,2563.296788559902,0.09919919753473849,0.0,218.53541189446725,839421.1428179371,106.45469186905159,55140.14590763688,1.047151749322549,90.59899752240138,0.5561961462968634,0.057254714057819456
2749,2559.17443578019,0.10073448985418099,0.0,216.36224494421475,839706.6344403592,106.37627066241082,55115.6010103568,1.043478763167881,90.20251313178406,0.5564663368153288,0.05680345914311147
2750,2513.232243389523,0.12905983146167743,0.0,226.27329529372332,840001.8960970027,106.30092309320207,55091.0700976905,1.0451458247905332,84.3984699545287,0.5566379501802349,0.05651255975524805
2751,2455.8014492782054,0.15651330486338677,0.0,275.12715571142525,840344.7088884956,106.2482238026457,55066.5537302756,1.044706062158523,84.48431071429185,0.5555595939982889,0.056577731329184644
2752,2541.721720721724,0.11259352225272934,0.0,302.21981178017944,840713.1291819005,106.24982302293549,55042.059480230855,1.0450104823686583,90.32041651640972,0.5545537076433218,0.05702489025122759
2753,2524.1577252527686,0.11665789090254919,0.0,253.31413310810967,841035.0087045073,106.77120934744538,55017.572658673584,1.0411737286607632,84.40291828763053,0.5474292783602752,0.05655102676425372
2754,2534.204659980344,0.11441951777168646,0.0,257.0153391801469,841360.0501849222,106.65708726057278,54993.09723401568,1.0640027278431623,90.38259250387699,0.5454431118149309,0.05716808341503565
2755,2541.753861896919,0.11246069784123025,0.0,249.87804570034342,841679.1383115152,106.68941386099532,54972.88623154291,1.0610989128520365,90.37853743863646,0.5549904377381226,0.05706422630510133
2756,2547.4758112119653,0.10785454322980881,0.0,245.9679885410967,841994.3976815424,106.62220762620767,54948.4417872678,1.0574571641127957,90.33950746919494,0.5508344869329924,0.05690514432106397
2757,2547.984365335447,0.10783445449171425,0.0,237.07037174880338,842300.7747512255,106.68113097204584,54924.09423263254,1.0594998437603207,90.20163925753432,0.5557547535340239,0.05713449984571639
2758,2543.57129332679,0.10969814371913289,0.0,241.73135067461646,842611.8327234718,106.64007323197652,54899.675867622565,1.0594380654371922,90.1218681030158,0.5559605985685249,0.056945653577997746
2759,2541.029065239865,0.11163816050603581,0.0,240.29634404322474,842921.25705462,106.62599045075962,54878.32000625738,1.0579537868738798,89.99933962325258,0.5561388011287394,0.05707074330774731
2760,2534.855906232367,0.1137015607369567,0.0,-306.03394248225527,842684.3260786042,106.51752846113246,55603.00694336711,1.0620985920465986,89.87432633620108,0.5562815494798194,0.056977767905863175
2761,2532.9700422359324,0.11562611536444578,0.0,662.0470873170982,843415.1346846075,106.47948072022581,55579.41285495005,1.0624503325137256,89.5382232303989,0.5563901389124353,0.05712746929796708
2762,2560.8028096680896,0.09957526171642073,0.0,330.8028111946914,843814.6269655668,106.44352945337407,55554.63640415353,1.0604246930215644,90.7354347423217,0.5564211056431145,0.05685460614589033
2763,2565.082888985847,0.09729875704226432,0.0,248.05930280861378,844132.1301280468,106.46720374904827,55529.87404022857,1.0587863154587167,90.950743814363,0.5567063206434326,0.05710479658944223
2764,2561.724088716196,0.09833845944020325,0.0,228.13349125023706,844429.8885027409,106.48651742385627,55505.12546736598,1.0607053736331362,90.91977357732175,0.557022896287761,0.05713387778681067
2765,2555.851471416818,0.10192516653182104,0.0,213.66722067140608,844713.0952731008,106.4551064989453,55480.39076050518,1.0584984243888576,90.6291547720467,0.5573166245220147,0.057258308477941
2766,2520.8043376541905,0.12344133708820293,0.0,232.9365182692061,845015.4291470654,106.46917354429345,55455.670165317744,1.0571724142854844,84.65635912520429,0.5575331118807798,0.057115393825455385
2767,2464.481091115039,0.15315010009826258,0.0,262.71271568424396,845346.5366869695,106.44562157029368,55430.96349570926,1.056976021605706,84.39515809323703,0.5564612472617948,0.056809067242141964
2768,2441.056203273312,0.1629366698280147,0.0,323.8375326662929,845737.2224504692,106.55145440498681,55406.2708713628,1.0593330266024399,84.24485842039043,0.5553873787459902,0.05690923527780001
2769,2502.182070135533,0.13235022799944762,0.0,317.99250529358403,846121.4478892105,106.90530493135594,55381.59186968454,1.0619988349127858,84.21608164506483,0.5543352677115333,0.057293162183981394
2770,2471.219264595917,0.14759014182038088,0.0,298.9117364587106,846488.2760126217,107.02452500159768,55356.92698546622,1.0549641486940178,84.49133080526836,0.5533297715855421,0.05723671385811713
2771,2542.5919841023388,0.10864781340725693,0.0,280.2678309231829,846835.523754895,106.90719701793465,55332.27671951013,1.0527701154365383,85.01459513831043,0.5524336564373172,0.05730665900992449
2772,2536.658759659105,0.11123831514962923,0.0,234.26465007525934,847138.6800064548,106.85921726044553,55313.276166194475,1.0569268023106178,91.05320472436865,0.5516944372775521,0.05744644341487515
2773,2460.239232472678,0.14894997181971437,0.0,275.13809169380824,847482.5679112911,106.91474992227359,55288.65420285441,1.0552881020022882,85.36621472297735,0.5522835843592314,0.05677908971387069
2774,2540.8125749165138,0.10747404486582246,0.0,271.5212934539554,847820.7405723121,106.81134304395442,55267.89447178645,1.052578071662844,91.41506530190196,0.5516269184106319,0.0574299801764937
2775,2523.76357318998,0.1164845823895575,0.0,258.4409780035259,848148.0585650682,107.30620387627592,55243.29945256236,1.0533958104410794,85.86421452931589,0.5522965523152038,5.489180906957529
2776,2533.4365164917326,0.1086086660246578,0.0,232.47191985150153,848448.8803241715,107.13858942633449,55222.10292597324,1.058244478095376,91.97245887687014,0.551877764376921,0.0575674633517167
2777,2502.893614713771,0.1290489950260184,0.0,243.42698241339315,848760.9217131329,107.23945666687534,55199.500945938635,1.056589938330163,85.79577388137022,0.5526531687547479,5.506156094492468
2778,2434.502382343301,0.15427308085409808,0.0,280.34203051754685,849108.9793139463,107.096131849989,55174.94739693772,1.0536814235803746,85.62895580388266,0.5522138216397935,0.05694420486716467
2779,2429.567554715681,0.15487904768782412,0.0,305.42907861899016,849480.3179356342,107.11712372701577,55150.40784110356,1.0543894834386174,85.6328422062644,0.5516276499529145,0.05735208629391764
2780,2428.5627982472283,0.15537474523435224,0.0,309.30442450201195,849855.4583420679,107.07813395226192,55125.88210086909,1.0572663406123581,85.33250392562672,0.5510716465808407,0.05725956935009435
2781,2427.9538775309666,0.15538229318036667,0.0,325.54010679044336,850246.7936471807,107.1541091953429,55101.37033750472,1.058225232977098,85.40613303487798,0.5504793430513102,0.05723629005365183
2782,2557.726440768546,0.09593547429590255,0.0,296.4185745237608,850609.0101137963,107.08054367627481,55077.73101400266,1.05766478741431,91.71488347740782,0.5499325363578633,0.05751214935162352
2783,2496.9728879251493,0.12169311600302879,0.0,234.9368615191995,850913.2057169297,107.22681101994594,55053.36681879234,1.0576294913080246,85.16430738786703,0.5507621791932036,0.07430709309738859
2784,2429.7868850512245,0.15460494089093102,0.0,271.86505887056086,851252.666218059,107.28788361099589,55028.896459427604,1.0563585721428517,85.29835375519224,0.5501459491794614,0.057371997152870335
2785,2493.4677878602092,0.13331022502075085,0.0,299.0616827155801,851617.5368742674,107.21223192335201,55004.9597782042,1.0523600132366209,85.00118360201695,0.5495925522597704,0.057496651319553393
2786,2428.036371300913,0.15473315301411317,0.0,285.3092779969023,851970.3909455955,107.14803406973547,54980.517102676924,1.0546763954193692,85.07370161836843,0.5490033920784755,0.05710128941572634
2787,2425.495864854938,0.15606213915409406,0.0,332.6002480228326,852368.7647127514,107.25042864569198,54956.08930641146,1.0506134002832948,85.03371640631481,0.548459434963603,0.05731131678220436
2788,2431.235104057628,0.1529363017346913,0.0,315.0624559583757,852749.5742962875,107.28749504122477,54931.674146525664,1.0612680681756876,85.37912447194255,0.5479342414938821,0.05732500734785617
2789,2448.6647872685644,0.1495367763533474,0.0,313.7524934380074,853129.2286056915,107.20175762070141,54907.27273498525,1.0509586974857077,85.32786261729771,0.5475093246536864,0.05714923499894553
2790,2547.0988337568556,0.09998121449993846,0.0,-278.24347755813983,852917.3783097786,106.82754401801678,56749.32480763902,1.053129547773178,92.00623925412064,0.5470449566007274,0.057776424641929225
2791,2553.61505013811,0.09615405435854218,0.0,667.1058695456529,853653.5492659068,106.75355835959333,56722.82689537461,1.0561312279666482,91.98667775913242,0.5480194419771142,2.025835083855469
2792,2561.011177771541,0.09115754544609067,0.0,311.51271454868476,854034.2429138313,106.75464848762434,56697.44124421136,1.052868659842718,93.27136685652555,0.5489885031155143,0.537354204135795
2793,2581.6011802781995,0.08140852720131808,0.0,210.9388852060584,854314.5135426216,106.79985230566568,56672.070828789314,1.0531799206801984,93.31295112123685,0.5501470698657477,0.5352540680870561
2794,2505.3554537711534,0.1248354416873868,3.980517548287498e-08,206.21379590060548,854590.5882283248,106.72782766911585,56646.714556517945,1.0586088293760767,86.81890457625914,0.5512559092110457,0.05749847251345841
2795,2450.503869228331,0.14322204410121986,0.0,271.29310852189434,854929.7146530696,106.81317589773582,56621.37282881905,1.0545438286232338,86.64959430803125,0.550920784907967,0.05703497162701865
2796,2562.3356127461398,0.09534932230376536,0.0,250.73390858403695,855246.7538755914,106.75699473024844,56596.04505606308,1.0489075378861217,93.11019923569818,0.550566322020267,0.05765753569457388
2797,2451.387934406798,0.14397721745008774,0.0,255.5715199975253,855571.592904114,106.84222052796457,56570.731793462975,1.0480885043486001,86.70672919202258,0.551611009949883,0.05700918118026266
2798,2542.237694962817,0.10856543885129666,0.0,-55.93448933555749,855581.8960512569,106.48102664577772,56414.608673881565,1.0486204691845282,86.36126407897842,0.5512337326165722,0.05748096619527132
2799,2448.5062488619733,0.14401171982536598,0.0,507.99562105034795,856158.5822148027,106.77274366190302,56389.39489615155,1.041461453942079,86.52050698642695,0.5507889175469286,0.05741317354193143
2800,2487.567771104273,0.1300585224466495,0.0,343.087558845095,856567.81938081,106.81036757961114,56364.19540181447,1.0475158496870434,87.11698694115735,0.5504004796136316,0.05744231686162493
2801,2545.7729104710124,0.10301844831519358,0.0,274.26526136914714,856909.2903717093,107.08370204297215,56339.01005810655,1.0457913284748728,93.71374042823561,0.5488735559043082,0.05798293791136189
2802,2538.5499234644153,0.10574548413897711,0.0,161.35000372060637,857139.4570284636,106.74588719747184,56255.01505150716,1.0477853923592626,88.96186890551384,0.5493521966126245,4.746003257532948
2803,2552.0581859789195,0.1015864873966077,0.0,279.2270529229377,857487.228970954,106.8123191578005,56229.82553689671,1.0480219531286914,86.95026463832332,0.5517236973634708,0.057621487508697555
2804,2552.4116531872096,0.09907002985697877,0.0,226.08082395258123,857782.173441768,106.6986351392172,56208.52067588342,1.0492592527741975,87.15532714980142,0.550074904369999,1.270228311617359
2805,2533.3737118537483,0.1110253461940428,0.0,228.66203473266972,858079.7555735685,107.12992019548916,56187.268944855605,1.0507357716264942,87.01880878084137,0.5511904947702952,0.05761328991178516
2806,2518.86011814766,0.1180570761816162,0.0,239.10179514116186,858387.1209266507,107.0937037916517,56165.87587445029,1.0498517548468567,86.79321364618762,0.5508872483078238,0.0576008962793253
2807,2459.874775495965,0.1378105214987697,0.0,269.2641181289334,858724.2611920082,107.18258644640727,56141.29919143148,1.0492385297112372,86.79360553159341,0.5505509412720483,0.05741820624433558
2808,2538.7699446756938,0.10983638056363176,0.0,256.3988359862081,859046.9781160564,107.09889578246585,56122.36027471587,1.0482183858578733,86.55626212171525,0.5502316039668861,0.058042991355421236
2809,2454.626976013456,0.1411766848781908,0.0,259.0963364986653,859374.528529868,107.09329417204094,56098.057189964,1.049292721665954,86.50914010650365,0.5498773984524024,0.057475579573974755
2810,2451.3008985774864,0.14264512912869565,0.0,-52.27090135577782,859388.3843600326,106.70259862790306,56073.57880180766,1.0477232408940647,86.47036529835381,0.5495309920717876,0.05733412514874203
2811,2450.102813040073,0.1431225616559162,0.0,551.6628828454568,860006.1051838571,106.69435087417877,56049.12324003476,1.0408914493671992,86.34368158349798,0.5491812295085475,0.05739826268697357
2812,2470.8894789485826,0.1310492693021672,0.0,346.9497144714327,860419.1004584295,106.64280479124896,56024.72067111984,1.0449780840204295,87.13254807320571,0.5488219240995491,0.05690646298015167
2813,2475.0982557845705,0.12909172328461815,0.0,288.6149317575409,860774.3458519633,106.66069562662413,55999.680488701444,1.0452030691642569,87.33008359613228,0.548649447148265,0.05691953057163346
2814,2474.3775801036572,0.12929053158408754,0.0,273.25824496187425,861114.3647235632,106.74392939616217,55974.6507925847,1.0462698216911523,87.33119121535213,0.5485278402494365,0.05696238035039869
2815,2500.1288101465348,0.12344061102300907,0.0,260.1014447685335,861441.2194783748,106.66383404692296,55949.634659749296,1.0482226020203316,87.38821331113606,0.5484125325609364,0.057680883874638766
2816,2470.9729759746756,0.13217201293593983,0.0,266.8489018746404,861775.6137957713,106.66079518061247,55924.635431044575,1.047907720507159,87.12675177313471,0.5483150375574027,0.056927259042794276
2817,2467.2115587510366,0.13418843019037907,0.0,275.9509069553895,862118.3172177989,106.63929395321125,55899.64791713473,1.0466189966802317,87.11611798258505,0.5481666350816777,0.056950038921200985
2818,2466.6260257735157,0.1346744029574637,0.0,270.1349028998388,862455.1066581904,106.62744256899963,55874.67481190195,1.0492282975196203,87.14570015783494,0.5480233837022589,0.057004805226426924
2819,2466.9923531141817,0.13428775769177748,0.0,285.4006524062691,862807.1466141595,106.66784282359954,55849.71601845505,1.0485513129413844,87.10194160069987,0.5478936203672754,0.05708454421562692
2820,2474.0730917606784,0.1304710836839338,0.0,-325.62564104086266,862548.180555284,106.68690286771138,56915.09345846839,1.0494308856561663,87.3039300330054,0.547748506537791,0.057594472187872725
2821,2468.0821461156747,0.1336019391270774,0.0,749.8156309722872,863364.7753694595,106.6411919908377,56889.55758053503,1.0383536024768791,87.04297602247708,0.5476537609277852,0.4855449216988177
2822,2589.1562701573553,0.08667461208434146,0.0,360.1677109063402,863791.5446701554,106.60104634403821,56863.94227910656,1.0429770288359033,88.92698833868782,0.5475309364959392,0.48630091811401144
2823,2597.9922158353256,0.08014560089274891,0.0,214.60838872197002,864076.0070734503,106.61878961575398,56843.626428049116,1.0546339845548596,88.77166100057246,0.5478169422899847,0.48470788246265784
2824,2507.5597468610754,0.11611223001009341,9.410373791925514e-08,203.45198323095235,864350.2199113563,106.57076833607196,56818.13460768832,1.0538891469958829,88.24759201423497,0.5480552191511304,0.47968828264430385
2825,2508.2774329673507,0.11656510044336399,0.0,236.49246482910172,864654.9330300138,106.53424225677945,56792.69279043581,1.0531266660552634,88.28962097419819,0.548169462297516,0.4781262033261271
2826,2500.6319442973654,0.12203325817198385,0.0,259.22425724589885,864982.3692029003,106.62896352560526,56767.23029360774,1.0551794001538386,87.94269719833437,0.5482867683132842,0.47676347532254226
2827,2498.0955066724655,0.12377213360943018,0.0,260.2407668019728,865310.690164363,106.61840298391324,56741.884648003506,1.0508243846543208,87.87189303059546,0.5483238399615682,0.47520972596268507
2828,2502.0378893529078,0.12134685228971243,0.0,254.80361776946296,865633.5156611045,106.55652376601317,56717.25567570816,1.0567925855287297,88.02989678695225,0.5483437659625015,0.47262639355798797
2829,2495.050829772817,0.12554454984654517,0.0,264.53462644419534,865966.1780440395,106.59216500991121,56692.647665272285,1.05432737841075,87.92038250888226,0.5483963449475797,0.47162372213608705
2830,2494.2442777991046,0.12633450168066762,0.0,270.4241078853423,866304.5532196659,106.6200516427607,56667.35260951517,1.054907905097518,87.74026296822625,0.54842271551934,0.4693590960951042
2831,2550.469171776016,0.10819060401530245,0.0,264.7593382575794,866637.2357173146,106.60165659649796,56645.649911453176,1.0555187306245328,88.06964583128548,0.5484090959117377,0.47026378625895404
2832,2544.396888925069,0.11362633893441698,0.0,239.70750037350587,866946.375283805,106.62615767192874,56623.99181668646,1.0559683695563977,87.90310126998205,0.5484663622300493,0.46889295707435963
2833,2496.7603953137645,0.1287881395807582,0.0,253.12227367134324,867268.7184073678,106.1666544001708,56368.457519106065,1.058734457452705,87.85466059609936,0.5484849678608129,0.4653044113461533
2834,2494.1264881052575,0.1295648783935961,0.0,269.3859754479524,867605.896710367,105.85660290653043,56342.49972777773,1.0578529376039243,87.96918445535877,0.5485047019794673,0.4579420414299591
2835,2492.13763741814,0.1305413229647091,0.0,274.9911399595095,867948.6245059377,105.84485848282272,56318.07334894461,1.056542147447205,87.76468677617171,0.548548223261357,0.4610178145146051
2836,2488.993757250257,0.13075428141796197,2.6679945744142097e-07,195.52111865972262,868211.9095168659,105.75720379221833,56293.491267299374,0.8118941506185666,87.76497872274297,0.5485453250059146,0.45848994033772783
2837,2554.8927840444585,0.10778990252775689,1.8931965173449367e-07,291.95450265159224,868571.4413113898,105.84949570309378,56269.67771812044,1.012116729423328,89.87114027133714,0.5485426117181734,0.4583335647065212
2838,2569.689726270045,0.10988553222124575,2.9068582918838476e-07,228.21996442281056,868868.1583636781,105.43313597375784,56247.431322554665,1.0010460221698834,88.93227334626835,0.5489902161843893,0.45836089009947045
2839,2576.8890939838393,0.09686043298016322,4.336667139616391e-07,266.3169449740181,869203.422221837,105.47849150705898,56224.575352064785,1.0226195148381338,90.39711694418257,0.5492142065849326,0.45458634630549
2840,2565.348619183537,0.11187018062315279,6.482765582926565e-07,223.5945125112056,869495.9159501519,105.41143032170287,56201.75783572218,1.0251956998101404,89.39786103185959,0.5497400926046838,0.4539505934567103
2841,2571.5596027951315,0.1101420979746387,7.661725873485965e-07,245.49112742780818,869810.0164626723,105.41322914061828,56179.26512516681,1.0265774418745517,89.47869069524184,0.5500380591762076,0.45265086751106764
2842,2561.538675336553,0.1083977142835999,9.445490955850632e-07,249.33963221269642,870128.0729968939,105.42918811786281,56155.881100503466,1.026433391356591,89.79821167416316,0.5503381430437647,0.44890297453375183
2843,2558.225472237333,0.11177811815718042,1.0957183101994687e-06,238.20652668235454,870434.6520639084,105.48131487999484,56132.40374978418,1.0267944827522664,89.78841455373913,0.550691486304893,1.3373819090441827
2844,2584.667524921794,0.10342226068130833,1.2598092337273687e-06,238.27150828637042,870741.1653183463,105.4157258518863,56108.86103047587,1.02875461098278,89.97049722829685,0.5510462577391746,1.332965360505483
2845,2562.884658318416,0.11031009914360734,1.4600115477204268e-06,225.60428316939368,871035.7471084462,105.4222379180849,56085.37142970078,1.029511383711734,89.85914012380285,0.5514216414085686,1.3282273032143337
2846,2568.28685820191,0.1070801576128464,1.653270646660912e-06,229.68162968914464,871333.7180407982,105.41675088710988,56061.65134187816,1.027732053341635,90.05354887993262,0.5517540297938963,1.3225502718435393
2847,2563.7722605911044,0.11030656082729995,1.8100923346988e-06,238.23826762397795,871640.3597359231,105.41417972076384,56037.68572621582,1.0216323187493046,89.87180888758861,0.5521111218665596,1.3177296055791032
2848,2570.7896373851445,0.10676762401171425,1.959722245901158e-06,234.07555408526264,871942.5465873231,105.1238634283903,56013.435571691516,1.0279879330175095,89.98052974393923,0.5524109618517872,1.3129750474263915
2849,2565.107205461862,0.11080552765045382,2.0629157852618197e-06,242.3836357881823,872253.2647984567,105.20376248731219,55988.92793275974,1.0263926297971702,89.97400597114843,0.5527185822716313,1.309190047570013
2850,2570.926332207167,0.10773057247040707,2.2172742064424245e-06,-1008.7577613220373,871312.7209982978,105.17791310381672,56771.970717626034,1.0248190113373667,90.30806649475934,0.552996347240658,1.3043070763414164
2851,2573.129930184722,0.11057306986811499,2.3075574987333682e-06,1179.4421030185486,872560.4655073676,105.09439676897827,56746.55007550326,1.017506632914787,90.1981521935951,0.5533311151788187,1.3000229257638978
2852,2621.287433648714,0.08025383261890584,2.469419343083083e-06,439.57632204900193,873068.3667826081,105.06289837923829,56721.14497058196,1.0191942156590674,93.64658783114658,0.5518125603037428,1.293165198184795
2853,2612.0542412393293,0.08420537769203029,2.8375440448190407e-06,240.06472578375082,873377.9258375124,105.11650936787984,56710.88134580997,1.0243992484476034,94.45227450202466,0.5523851796492921,0.9115284152192942
2854,2620.682397315059,0.07829619036190194,3.2821843307680495e-06,183.24215865628327,873630.6422691222,105.1020294522735,56690.231856885126,1.026820217171521,94.58876436197363,0.5543187378078316,0.057024297539697955
2855,2611.859399459098,0.07839189190406348,3.6423202127789695e-06,181.20967382552806,873881.6590462828,105.16574759159728,56674.350215032755,1.0269565713540232,94.23709511150886,0.550528804469115,0.05653687967966903
2856,2618.419357452276,0.07495576183392605,4.193107080068358e-06,166.94353327537954,874118.3325339588,105.06530776991158,56661.725109048115,1.0263909171047971,94.44678879964137,0.5573917301535583,0.05757149935129746
2857,2633.41185845476,0.0742519377177745,4.580879572704232e-06,175.50900919033512,874363.7912654134,104.79687877045946,56452.60816392976,1.0250009751134475,94.04509090053294,0.5587561584962201,0.05617602084114992
2858,2640.119315215779,0.07137042786364034,5.16963662546564e-06,151.33379546914438,874585.1259582578,105.06043364762124,56436.58218777829,1.0299141088146846,93.79036947582797,0.5601548533072818,0.05713628520956604
2859,2643.933117307908,0.07504166217450892,5.584691488245977e-06,122.7558372306537,874778.101186869,104.87371504684555,56411.44938184186,0.997039877602339,93.14924484293574,0.5608288300962714,0.3323768245885219
2860,2658.8201195621536,0.07065676196474424,5.8603529909395524e-06,191.0072881875185,875039.0589658757,104.80852180698778,56386.622746684676,1.0141728106262147,94.27324364523966,0.5581389273942495,0.3316829316151768
2861,2636.166763775603,0.08645741828490017,6.119581867839371e-06,163.29151725585234,875272.3598624415,104.75603759704076,56361.45229936866,1.0098078021868768,92.70472713644617,0.5622220280224007,0.33208178495445395
2862,2640.3159820770156,0.0817866869363254,6.260575484024633e-06,193.63781582551115,875535.4497684201,104.81117572212416,56336.22941264239,1.0174966959759628,94.00334690633372,0.5608425334256625,0.33155316075513497
2863,2628.8370079441365,0.08896626217452797,6.4102497316987125e-06,189.17869377919408,875794.2522137575,105.11133685355857,56311.15301752896,1.0144222860348588,92.60999160540429,0.5632800658146058,0.33558330062552955
2864,2620.1473940172878,0.09293296195429457,6.522459030919603e-06,200.006126033287,876063.5537641766,105.14396554560471,56286.29584149919,1.0159968477290175,92.46057000759912,0.5635616772288582,0.33644690911074804
2865,2621.464777962402,0.09178630072461413,6.675564055574145e-06,200.45137810441236,876332.9110941797,105.10838541566399,56261.191459425776,1.0124002169415467,92.44246608342235,0.5637972222875178,0.3364771450908961
2866,2610.1017909065117,0.09814937757898856,6.787066877708018e-06,209.61132642633697,876611.7022097219,105.12400858150082,56236.0920818226,1.0109498149643434,92.13211204735778,0.5640163982752583,0.055460255520188184
2867,2613.489270083166,0.09546228186912409,6.951398627700826e-06,204.64281316557003,876885.152430365,105.07103162024882,56211.00595475831,1.0140318163141877,92.18425986255227,0.5641512382595478,0.0568552531944988
2868,2609.914983581658,0.09756017716556353,7.021132337045273e-06,210.32715481946303,877164.5536926128,105.0707597973694,56185.93519911014,1.0113299296217098,91.84315145748145,0.5642898175073772,0.05673770460691685
2869,2607.436255768905,0.09857580024707036,7.06864954000908e-06,211.8043627643766,877445.3124726327,105.07760962747668,56160.87774559829,1.0131114064551219,91.51738807905961,0.5643481400982441,0.3770665708341312
2870,2632.229901869932,0.0829052844732665,7.10993061382919e-06,177.72728458812117,877692.0029480786,104.96603159476163,56135.834635023435,1.007794383374948,92.53959000724653,0.5643410340744354,0.37477423417914224
2871,2571.8660946202435,0.12176173343379149,7.276877328577595e-06,224.00748479207294,877985.5060577954,105.0479783186486,56110.81786922996,1.0165128593540855,87.71250075044979,0.5645526803107018,0.37228492793258283
2872,2510.4465268433346,0.14731778016813357,7.073755341292581e-06,269.62119152729537,878323.1044809791,105.10740725028862,56086.130939482675,1.0147450453422795,87.61557857637055,0.5637212717426503,0.6368978414390085
2873,2578.340283552894,0.1149784385092194,6.612141930248246e-06,279.091519424296,878668.7582715875,105.01298711776177,56061.0622783928,1.0155288968198612,87.55454724194604,0.5629171640408801,0.36946145920657614
2874,2550.226362554552,0.1266227235980235,6.5041494665448825e-06,244.59468075828005,878981.6040231144,105.00899876294694,56036.16988957434,1.0115424437243354,88.39181624816987,0.5621333394375087,0.36609974538384904
2875,2519.9518370594565,0.13939518258291705,6.223104703595633e-06,286.3108692431436,879335.4787641489,104.97422458089528,56011.552671686404,1.0143143146894935,87.42100729560981,0.5615677748528798,0.360831859848588
2876,2551.627305474102,0.12262027611523385,5.85644820331524e-06,266.84249350923363,879669.1629513603,105.04290795199465,55986.90756511981,1.0180935454251805,88.71225129753917,0.5608228029524791,0.3598444382982109
2877,2525.2106734277036,0.13531337733873905,5.619873648397379e-06,283.0777135557943,880019.909338119,105.09383200949682,55962.70616626635,1.0133219553632251,87.8892934173902,0.5603911457225826,0.35304926951022253
2878,2528.0184260905803,0.13381440222375396,5.302449207155299e-06,283.9649219544764,880370.8366284677,105.03988084320547,55937.72009892004,1.0188373056589157,88.13176378535238,0.5598052266491731,0.36034790043154885
2879,2529.2715478764103,0.13240467165474434,5.003787874407341e-06,282.14358038780165,880720.1717495922,105.03116384073452,55912.89883015515,1.0118283683103622,88.29113046881511,0.5593001799100249,0.35857130513721813
2880,2614.1893438478446,0.09256073342110749,4.811099631235016e-06,-315.6096347120732,880471.7640265066,104.63712917029802,56665.08158553607,1.0117131969280058,89.67147265841717,0.5588543568863904,0.3597698246231573
2881,2605.121980466516,0.09745529025477628,4.988240859270062e-06,654.9152472702818,881195.9775332924,104.60604392618937,56639.764577487,1.0098205941948768,88.57838399194087,0.5587256908119902,0.3591363911109795
2882,2616.364091217108,0.09088892954699912,5.1679491823754245e-06,285.7792719986882,881550.8554105473,104.57929880986661,56614.49383947573,1.0080078499806304,93.17673982961713,0.5567600314368608,2.749598282073947
2883,2607.5342554832832,0.09613594376796386,5.353082873697983e-06,248.9079585449113,881869.0197555039,104.6146306082469,56589.7189586881,1.0157641784338987,90.81473137385387,0.5591530421009692,0.35436749903863074
2884,2618.4742000514207,0.09171173679182754,5.541685269767019e-06,191.377766649583,882129.4629506286,104.5809457207848,56564.44236757323,1.012096989556846,96.08402251056359,0.5563474613322977,0.35427464014935595
2885,2619.2165302172516,0.0927776232312294,5.713949332810623e-06,216.78219114419682,882415.6315951815,104.62826358972367,56539.18045877615,1.0130272235448385,94.72391093319821,0.5554632185116952,0.35262618719542616
2886,2630.0390121469104,0.08555936072477588,5.93678133683535e-06,176.63552316428104,882661.6070173177,104.68003573460626,56513.86712114979,1.0100022066338832,93.3283385690771,0.5532726144592709,0.3512568692347884
2887,2598.359281227651,0.10065424649045518,6.1652507112411474e-06,221.24649514371515,882952.4872808978,104.8024194322004,56488.86750830494,1.014071333405322,90.72237022913026,0.5626807102755726,0.3492315742772689
2888,2622.087139233453,0.09091467065399106,6.295051685596218e-06,188.75927095814097,883209.9931506605,104.69205452679115,56463.656328103796,1.0123308478002362,95.9519331527539,0.5625946333216939,0.3495587302230092
2889,2645.4059338392676,0.08286712769781412,6.465682260705232e-06,213.84804970363479,883493.1704811896,104.72813158076721,56438.4513354978,1.0106370536564169,90.7969055478407,0.5622291918964966,0.34833237793023386
2890,2647.899147570815,0.080304039837379,6.764171157646994e-06,180.13271907714085,883742.9895922669,104.70310453863372,56413.26911450374,1.0096923515409866,95.18847991731688,0.5635816695526974,0.9877533287873632
2891,2598.729180483127,0.10252480761584626,7.025465551073949e-06,194.4453828395488,884007.1456891968,104.7044913416502,56388.43730798555,1.0145527626882516,90.62840263265619,0.5644194710793154,0.3442802928988158
2892,2624.7085479105253,0.08704906179493366,7.111138147989418e-06,195.7393560102832,884271.3230844478,104.69652163713619,56363.861777851416,1.0124110149863101,91.52767006110726,0.5642241037757715,0.34287431966760096
2893,2642.3513415571497,0.08613306058567716,7.300373537197168e-06,207.60105771135648,884548.0524972593,104.69118902888248,56338.73300881908,1.0088463640585874,90.45062082099902,0.5642306564749717,0.34302988742206253
2894,2649.1575357955926,0.08017323841492563,7.553332686662294e-06,180.73221303567965,884798.240382251,104.69300209923402,56313.60883173627,1.0103502127079975,94.2243361831204,0.5640059659087708,1.5312075783103865
2895,2632.049208268431,0.09224702261451911,7.81089684021144e-06,192.71960087841728,885060.6173796329,104.33637606565901,56175.31197803054,1.0085192626411095,90.02399689222689,0.562955959318123,0.3410690781990695
2896,2621.6771247218935,0.08933949010289433,8.00362554227768e-06,194.0104252272867,885323.8115327761,104.42367010338062,56150.756883675065,1.0138436672525637,91.00472953297948,0.5643623027597642,0.3387436875473213
2897,2622.625567112814,0.09763376122949341,8.191494129616095e-06,201.76864714502955,885594.674053391,104.2991125092325,56125.73719913583,1.0124688668304112,89.867237109692,0.5642360273055578,0.5979053430274632
2898,2617.7922481794594,0.09278458807299961,8.3443252170309e-06,198.04373543551156,885861.7647856263,104.35282267199817,56100.732030528874,1.0111847676584171,91.03355368668343,0.5638783934974138,0.3370732370790961
2899,2625.6158771410337,0.09641776388624879,8.497768836456485e-06,207.14033521364013,886137.8838217068,104.28277761238583,56075.732183814056,1.0089688663162746,89.95236778987379,0.563781818866733,0.3366404126878706
2900,2655.6513974164764,0.07993989701858961,8.66381577233433e-06,198.67517714843342,886405.659559342,104.27921195888764,56050.755447752155,1.0123998659538993,91.32880924437359,0.5634584109533058,0.33534803575633987
2901,2625.1807680503857,0.09733142895525848,8.91872450185023e-06,152.06870430598963,886627.6082441595,104.41460457897138,56025.79255133778,0.9890427044661123,90.17525022851441,0.5634453038641222,0.3340070596326541
2902,2641.5567224528513,0.08939017042167163,9.017028140502844e-06,219.9880944235946,886916.6931364683,104.26873401803849,56000.833265478286,1.000657539719279,91.1852809710301,0.5631858198311885,0.3341805932248292
2903,2645.5482918222483,0.08712476128953062,9.153648882428853e-06,191.72585516756823,887177.844632782,104.23254893574824,55975.82432964955,0.9997619044086906,91.39725296175143,0.5631549560466669,0.3328660512013357
2904,2623.742900370861,0.09224638330395352,9.316314978701955e-06,204.57722153030767,887451.9298887304,104.2915874692067,55951.75167444427,1.0075835318016526,91.61908230670308,0.5631706161447549,0.3293569940514942
2905,2641.4569908378267,0.09101909107594652,9.42264063350694e-06,198.43686534169558,887719.2052339842,104.2350145129816,55926.792153401235,1.0022067358182298,85.71066954296951,0.5632330573408635,0.331963068343498
2906,2572.475224277947,0.1256856599832784,9.543075866273853e-06,217.1579047799131,888005.7792230366,104.29141830817265,55901.86752933104,1.002185558573394,85.78619375992176,0.562028068650082,0.3276963526361385
2907,2527.870264009099,0.14957787656159294,9.296028660834943e-06,269.90697372318533,888343.2536813314,104.33580923291295,55877.11436360958,1.0083222902436855,85.84170640485269,0.5609000505838054,0.3253637495864439
2908,2506.084651082267,0.15485410483999085,8.882874198903404e-06,302.25161284669656,888712.5008774499,104.34845242465619,55852.240673039814,1.0120860652369958,85.9998224714308,0.5598406591664093,0.32527889361540474
2909,2533.291196968052,0.1444914721433549,8.41721362500343e-06,315.67688443975936,889094.6394272391,104.3257287692522,55700.612448467604,1.0049922064977457,86.53675897823368,0.5588680102104546,0.32450577810016057
2910,2514.676072065928,0.14652277083890597,8.068157037360601e-06,-272.7323961105715,888889.1102457528,104.3245616821401,56108.019462050375,1.0024477809833419,86.92670504372951,0.5580339816097439,0.32344081356492893
2911,2579.3020734396196,0.1297378139633164,7.678050078811944e-06,745.0633814672682,889700.779510959,104.24482468601364,56082.948410339835,1.002071142599961,87.35681353611021,0.5573250940703752,0.32282348569654573
2912,2616.202594022034,0.110485453165307,7.468857931024464e-06,356.1230341858109,890125.0374113057,104.1583062066217,56057.89419232749,1.001168258021072,96.54567330858569,0.5567436385299275,0.32256275367745957
2913,2637.8784620838555,0.10079344991331052,7.4685430295096875e-06,275.19122338851383,890469.6071659864,104.16033285426388,56032.85437517135,1.0043394526248774,96.62452044403295,0.558168531791192,0.321278864117744
2914,2595.7703004136347,0.11027129848915451,7.569791538070677e-06,246.0526332525822,890785.4650334538,104.3071086678147,56007.82901017887,1.0087891620675409,90.89452126593761,0.5595382797517899,0.5959777469387859
2915,2607.7681849749947,0.11219927111652561,7.568813529777429e-06,239.50737172471548,891093.6249393297,104.22388517856938,55982.816619527155,1.0017028475002259,95.34957683107592,0.5596203045255824,0.3188056046056431
2916,2593.1778831628776,0.11136879810104938,7.546838989718243e-06,239.63038512590555,891402.2558192178,104.2601998024944,55958.88530633966,1.0080490820222638,90.95418482628612,0.5606437321347589,0.3143953669642485
2917,2629.463311103658,0.10029092946235241,7.531524321866709e-06,232.7168127851757,891703.4557394568,104.19023633423531,55933.90150938765,1.0058084797268816,91.43315967974567,0.560688480062411,0.31613688472799595
2918,2638.236611629953,0.09842921677381589,7.63748529807271e-06,217.79165263080995,891990.8439506905,104.16944681892569,55908.932303695234,1.0064099849577912,101.3504967502504,0.5608326598683132,0.3158547118300987
2919,2631.3396407791543,0.09751805224440191,7.762657292604986e-06,219.45529119249431,892280.1279473804,104.21131864898642,55883.91197527904,1.005090500017449,91.44608087175233,0.5630898228828363,0.31464306665262143
